ARM GAS  C:\Users\40918\AppData\Local\Temp\ccL5OIdk.s 			page 1


   1              		.cpu cortex-m4
   2              		.arch armv7e-m
   3              		.fpu fpv4-sp-d16
   4              		.eabi_attribute 27, 1
   5              		.eabi_attribute 28, 1
   6              		.eabi_attribute 20, 1
   7              		.eabi_attribute 21, 1
   8              		.eabi_attribute 23, 3
   9              		.eabi_attribute 24, 1
  10              		.eabi_attribute 25, 1
  11              		.eabi_attribute 26, 1
  12              		.eabi_attribute 30, 1
  13              		.eabi_attribute 34, 1
  14              		.eabi_attribute 18, 4
  15              		.file	"app_log_sd.c"
  16              		.text
  17              	.Ltext0:
  18              		.cfi_sections	.debug_frame
  19              		.file 1 "Core/Src/app_log_sd.c"
  20              		.section	.text.AppLogSd_SameDate,"ax",%progbits
  21              		.align	1
  22              		.syntax unified
  23              		.thumb
  24              		.thumb_func
  26              	AppLogSd_SameDate:
  27              	.LVL0:
  28              	.LFB246:
   1:Core/Src/app_log_sd.c **** #include "app_log_sd.h"
   2:Core/Src/app_log_sd.c **** #include "bsp_driver_sd.h"
   3:Core/Src/app_log_sd.c **** #include "stm32f4xx_hal_sd.h"
   4:Core/Src/app_log_sd.c **** #include <stdio.h>
   5:Core/Src/app_log_sd.c **** #include <string.h>
   6:Core/Src/app_log_sd.c **** 
   7:Core/Src/app_log_sd.c **** #define APP_LOG_SD_HEADER "time,torque,thrust,rpm,power,status\r\n"
   8:Core/Src/app_log_sd.c **** #define APP_LOG_SD_RETRY_BASE_MS 30000U
   9:Core/Src/app_log_sd.c **** #define APP_LOG_SD_RETRY_MAX_MS  300000U
  10:Core/Src/app_log_sd.c **** 
  11:Core/Src/app_log_sd.c **** typedef enum
  12:Core/Src/app_log_sd.c **** {
  13:Core/Src/app_log_sd.c ****   APP_LOG_SD_STAGE_NONE = 0,
  14:Core/Src/app_log_sd.c ****   APP_LOG_SD_STAGE_MOUNT,
  15:Core/Src/app_log_sd.c ****   APP_LOG_SD_STAGE_OPEN,
  16:Core/Src/app_log_sd.c ****   APP_LOG_SD_STAGE_LSEEK,
  17:Core/Src/app_log_sd.c ****   APP_LOG_SD_STAGE_HEADER,
  18:Core/Src/app_log_sd.c ****   APP_LOG_SD_STAGE_WRITE,
  19:Core/Src/app_log_sd.c ****   APP_LOG_SD_STAGE_SYNC
  20:Core/Src/app_log_sd.c **** } app_log_sd_stage_t;
  21:Core/Src/app_log_sd.c **** 
  22:Core/Src/app_log_sd.c **** static uint8_t AppLogSd_SameDate(const RTC_DateTypeDef *a, const RTC_DateTypeDef *b)
  23:Core/Src/app_log_sd.c **** {
  29              		.loc 1 23 1 view -0
  30              		.cfi_startproc
  31              		@ args = 0, pretend = 0, frame = 0
  32              		@ frame_needed = 0, uses_anonymous_args = 0
  33              		@ link register save eliminated.
  24:Core/Src/app_log_sd.c ****   if ((a == NULL) || (b == NULL))
  34              		.loc 1 24 3 view .LVU1
ARM GAS  C:\Users\40918\AppData\Local\Temp\ccL5OIdk.s 			page 2


  35              		.loc 1 24 6 is_stmt 0 view .LVU2
  36 0000 0346     		mov	r3, r0
  37 0002 A8B1     		cbz	r0, .L4
  38              		.loc 1 24 19 discriminator 1 view .LVU3
  39 0004 B1B1     		cbz	r1, .L5
  25:Core/Src/app_log_sd.c ****   {
  26:Core/Src/app_log_sd.c ****     return 0U;
  27:Core/Src/app_log_sd.c ****   }
  28:Core/Src/app_log_sd.c **** 
  29:Core/Src/app_log_sd.c ****   return (uint8_t)((a->Year == b->Year) &&
  40              		.loc 1 29 3 is_stmt 1 view .LVU4
  41              		.loc 1 29 22 is_stmt 0 view .LVU5
  42 0006 C078     		ldrb	r0, [r0, #3]	@ zero_extendqisi2
  43              	.LVL1:
  44              		.loc 1 29 33 view .LVU6
  45 0008 CA78     		ldrb	r2, [r1, #3]	@ zero_extendqisi2
  30:Core/Src/app_log_sd.c ****                    (a->Month == b->Month) &&
  46              		.loc 1 30 43 view .LVU7
  47 000a 9042     		cmp	r0, r2
  48 000c 02D0     		beq	.L9
  49              		.loc 1 30 43 discriminator 2 view .LVU8
  50 000e 0020     		movs	r0, #0
  51              	.LVL2:
  52              	.L3:
  29:Core/Src/app_log_sd.c ****                    (a->Month == b->Month) &&
  53              		.loc 1 29 10 view .LVU9
  54 0010 C0B2     		uxtb	r0, r0
  55 0012 7047     		bx	lr
  56              	.LVL3:
  57              	.L9:
  58              		.loc 1 30 22 discriminator 1 view .LVU10
  59 0014 5878     		ldrb	r0, [r3, #1]	@ zero_extendqisi2
  60              		.loc 1 30 34 discriminator 1 view .LVU11
  61 0016 4A78     		ldrb	r2, [r1, #1]	@ zero_extendqisi2
  29:Core/Src/app_log_sd.c ****                    (a->Month == b->Month) &&
  62              		.loc 1 29 41 view .LVU12
  63 0018 9042     		cmp	r0, r2
  64 001a 01D0     		beq	.L10
  65              		.loc 1 30 43 discriminator 2 view .LVU13
  66 001c 0020     		movs	r0, #0
  67 001e F7E7     		b	.L3
  68              	.L10:
  31:Core/Src/app_log_sd.c ****                    (a->Date == b->Date));
  69              		.loc 1 31 22 view .LVU14
  70 0020 9A78     		ldrb	r2, [r3, #2]	@ zero_extendqisi2
  71              		.loc 1 31 33 view .LVU15
  72 0022 8B78     		ldrb	r3, [r1, #2]	@ zero_extendqisi2
  73              	.LVL4:
  30:Core/Src/app_log_sd.c ****                    (a->Month == b->Month) &&
  74              		.loc 1 30 43 discriminator 4 view .LVU16
  75 0024 9A42     		cmp	r2, r3
  76 0026 01D0     		beq	.L8
  30:Core/Src/app_log_sd.c ****                    (a->Month == b->Month) &&
  77              		.loc 1 30 43 discriminator 2 view .LVU17
  78 0028 0020     		movs	r0, #0
  79 002a F1E7     		b	.L3
  80              	.L8:
ARM GAS  C:\Users\40918\AppData\Local\Temp\ccL5OIdk.s 			page 3


  30:Core/Src/app_log_sd.c ****                    (a->Month == b->Month) &&
  81              		.loc 1 30 43 discriminator 3 view .LVU18
  82 002c 0120     		movs	r0, #1
  83 002e EFE7     		b	.L3
  84              	.LVL5:
  85              	.L4:
  26:Core/Src/app_log_sd.c ****   }
  86              		.loc 1 26 12 view .LVU19
  87 0030 0020     		movs	r0, #0
  88              	.LVL6:
  26:Core/Src/app_log_sd.c ****   }
  89              		.loc 1 26 12 view .LVU20
  90 0032 7047     		bx	lr
  91              	.LVL7:
  92              	.L5:
  26:Core/Src/app_log_sd.c ****   }
  93              		.loc 1 26 12 view .LVU21
  94 0034 0020     		movs	r0, #0
  95              	.LVL8:
  32:Core/Src/app_log_sd.c **** }
  96              		.loc 1 32 1 view .LVU22
  97 0036 7047     		bx	lr
  98              		.cfi_endproc
  99              	.LFE246:
 101              		.section	.text.AppLogSd_IsRemovalLikeError,"ax",%progbits
 102              		.align	1
 103              		.syntax unified
 104              		.thumb
 105              		.thumb_func
 107              	AppLogSd_IsRemovalLikeError:
 108              	.LVL9:
 109              	.LFB248:
  33:Core/Src/app_log_sd.c **** 
  34:Core/Src/app_log_sd.c **** static void AppLogSd_ResetStorageState(app_log_sd_ctx_t *ctx)
  35:Core/Src/app_log_sd.c **** {
  36:Core/Src/app_log_sd.c ****   if (ctx == NULL)
  37:Core/Src/app_log_sd.c ****   {
  38:Core/Src/app_log_sd.c ****     return;
  39:Core/Src/app_log_sd.c ****   }
  40:Core/Src/app_log_sd.c **** 
  41:Core/Src/app_log_sd.c ****   if (ctx->file_opened != 0U)
  42:Core/Src/app_log_sd.c ****   {
  43:Core/Src/app_log_sd.c ****     (void)f_close(&ctx->file);
  44:Core/Src/app_log_sd.c ****   }
  45:Core/Src/app_log_sd.c **** 
  46:Core/Src/app_log_sd.c ****   ctx->mounted = 0U;
  47:Core/Src/app_log_sd.c ****   ctx->file_opened = 0U;
  48:Core/Src/app_log_sd.c ****   ctx->file_header_written = 0U;
  49:Core/Src/app_log_sd.c ****   ctx->current_file_date_valid = 0U;
  50:Core/Src/app_log_sd.c ****   ctx->current_file_path[0] = '\0';
  51:Core/Src/app_log_sd.c **** }
  52:Core/Src/app_log_sd.c **** 
  53:Core/Src/app_log_sd.c **** static uint8_t AppLogSd_IsRemovalLikeError(FRESULT fr, uint32_t hal_err)
  54:Core/Src/app_log_sd.c **** {
 110              		.loc 1 54 1 is_stmt 1 view -0
 111              		.cfi_startproc
 112              		@ args = 0, pretend = 0, frame = 0
ARM GAS  C:\Users\40918\AppData\Local\Temp\ccL5OIdk.s 			page 4


 113              		@ frame_needed = 0, uses_anonymous_args = 0
 114              		@ link register save eliminated.
  55:Core/Src/app_log_sd.c ****   if ((fr == FR_NOT_READY) || (fr == FR_INVALID_OBJECT) || (fr == FR_DISK_ERR))
 115              		.loc 1 55 3 view .LVU24
 116 0000 0138     		subs	r0, r0, #1
 117              	.LVL10:
 118              		.loc 1 55 3 is_stmt 0 view .LVU25
 119 0002 C0B2     		uxtb	r0, r0
 120              	.LVL11:
 121              		.loc 1 55 3 view .LVU26
 122 0004 0828     		cmp	r0, #8
 123 0006 07D8     		bhi	.L12
 124 0008 40F20513 		movw	r3, #261
 125 000c C340     		lsrs	r3, r3, r0
 126 000e 13F0010F 		tst	r3, #1
 127 0012 01D0     		beq	.L12
  54:Core/Src/app_log_sd.c ****   if ((fr == FR_NOT_READY) || (fr == FR_INVALID_OBJECT) || (fr == FR_DISK_ERR))
 128              		.loc 1 54 1 view .LVU27
 129 0014 0120     		movs	r0, #1
 130 0016 7047     		bx	lr
 131              	.L12:
  56:Core/Src/app_log_sd.c ****   {
  57:Core/Src/app_log_sd.c ****     return 1U;
  58:Core/Src/app_log_sd.c ****   }
  59:Core/Src/app_log_sd.c **** 
  60:Core/Src/app_log_sd.c ****   if (hal_err != 0U)
 132              		.loc 1 60 3 is_stmt 1 view .LVU28
 133              		.loc 1 60 6 is_stmt 0 view .LVU29
 134 0018 09B9     		cbnz	r1, .L15
  61:Core/Src/app_log_sd.c ****   {
  62:Core/Src/app_log_sd.c ****     return 1U;
  63:Core/Src/app_log_sd.c ****   }
  64:Core/Src/app_log_sd.c **** 
  65:Core/Src/app_log_sd.c ****   return 0U;
 135              		.loc 1 65 10 view .LVU30
 136 001a 0020     		movs	r0, #0
 137 001c 7047     		bx	lr
 138              	.L15:
  62:Core/Src/app_log_sd.c ****   }
 139              		.loc 1 62 12 view .LVU31
 140 001e 0120     		movs	r0, #1
  66:Core/Src/app_log_sd.c **** }
 141              		.loc 1 66 1 view .LVU32
 142 0020 7047     		bx	lr
 143              		.cfi_endproc
 144              	.LFE248:
 146              		.section	.text.AppLogSd_GetBackoffMs,"ax",%progbits
 147              		.align	1
 148              		.syntax unified
 149              		.thumb
 150              		.thumb_func
 152              	AppLogSd_GetBackoffMs:
 153              	.LVL12:
 154              	.LFB249:
  67:Core/Src/app_log_sd.c **** 
  68:Core/Src/app_log_sd.c **** static uint32_t AppLogSd_GetBackoffMs(app_log_sd_ctx_t *ctx)
  69:Core/Src/app_log_sd.c **** {
ARM GAS  C:\Users\40918\AppData\Local\Temp\ccL5OIdk.s 			page 5


 155              		.loc 1 69 1 is_stmt 1 view -0
 156              		.cfi_startproc
 157              		@ args = 0, pretend = 0, frame = 0
 158              		@ frame_needed = 0, uses_anonymous_args = 0
 159              		@ link register save eliminated.
  70:Core/Src/app_log_sd.c ****   uint32_t delay_ms = APP_LOG_SD_RETRY_BASE_MS;
 160              		.loc 1 70 3 view .LVU34
  71:Core/Src/app_log_sd.c ****   uint8_t i;
 161              		.loc 1 71 3 view .LVU35
  72:Core/Src/app_log_sd.c **** 
  73:Core/Src/app_log_sd.c ****   if (ctx == NULL)
 162              		.loc 1 73 3 view .LVU36
 163              		.loc 1 73 6 is_stmt 0 view .LVU37
 164 0000 0146     		mov	r1, r0
 165 0002 80B1     		cbz	r0, .L20
  74:Core/Src/app_log_sd.c ****   {
  75:Core/Src/app_log_sd.c ****     return APP_LOG_SD_RETRY_BASE_MS;
  76:Core/Src/app_log_sd.c ****   }
  77:Core/Src/app_log_sd.c **** 
  78:Core/Src/app_log_sd.c ****   for (i = 0U; i < ctx->retry_backoff_level; i++)
 166              		.loc 1 78 10 view .LVU38
 167 0004 0023     		movs	r3, #0
  70:Core/Src/app_log_sd.c ****   uint8_t i;
 168              		.loc 1 70 12 view .LVU39
 169 0006 47F23050 		movw	r0, #30000
 170              	.LVL13:
 171              	.L18:
 172              		.loc 1 78 18 is_stmt 1 discriminator 1 view .LVU40
 173              		.loc 1 78 23 is_stmt 0 discriminator 1 view .LVU41
 174 000a 4A7E     		ldrb	r2, [r1, #25]	@ zero_extendqisi2
 175              		.loc 1 78 18 discriminator 1 view .LVU42
 176 000c 9A42     		cmp	r2, r3
 177 000e 06D9     		bls	.L23
  79:Core/Src/app_log_sd.c ****   {
  80:Core/Src/app_log_sd.c ****     if (delay_ms >= (APP_LOG_SD_RETRY_MAX_MS / 2U))
 178              		.loc 1 80 5 is_stmt 1 view .LVU43
 179              		.loc 1 80 8 is_stmt 0 view .LVU44
 180 0010 084A     		ldr	r2, .L25
 181 0012 9042     		cmp	r0, r2
 182 0014 0AD8     		bhi	.L21
  81:Core/Src/app_log_sd.c ****     {
  82:Core/Src/app_log_sd.c ****       return APP_LOG_SD_RETRY_MAX_MS;
  83:Core/Src/app_log_sd.c ****     }
  84:Core/Src/app_log_sd.c ****     delay_ms *= 2U;
 183              		.loc 1 84 5 is_stmt 1 view .LVU45
 184              		.loc 1 84 14 is_stmt 0 view .LVU46
 185 0016 4000     		lsls	r0, r0, #1
 186              	.LVL14:
  78:Core/Src/app_log_sd.c ****   {
 187              		.loc 1 78 47 is_stmt 1 discriminator 2 view .LVU47
 188 0018 0133     		adds	r3, r3, #1
 189              	.LVL15:
  78:Core/Src/app_log_sd.c ****   {
 190              		.loc 1 78 47 is_stmt 0 discriminator 2 view .LVU48
 191 001a DBB2     		uxtb	r3, r3
 192              	.LVL16:
  78:Core/Src/app_log_sd.c ****   {
ARM GAS  C:\Users\40918\AppData\Local\Temp\ccL5OIdk.s 			page 6


 193              		.loc 1 78 47 discriminator 2 view .LVU49
 194 001c F5E7     		b	.L18
 195              	.L23:
  85:Core/Src/app_log_sd.c ****   }
  86:Core/Src/app_log_sd.c **** 
  87:Core/Src/app_log_sd.c ****   if (delay_ms > APP_LOG_SD_RETRY_MAX_MS)
 196              		.loc 1 87 3 is_stmt 1 view .LVU50
 197              		.loc 1 87 6 is_stmt 0 view .LVU51
 198 001e 064B     		ldr	r3, .L25+4
 199              	.LVL17:
 200              		.loc 1 87 6 view .LVU52
 201 0020 9842     		cmp	r0, r3
 202 0022 05D8     		bhi	.L24
 203              	.LVL18:
 204              	.L16:
  88:Core/Src/app_log_sd.c ****   {
  89:Core/Src/app_log_sd.c ****     delay_ms = APP_LOG_SD_RETRY_MAX_MS;
  90:Core/Src/app_log_sd.c ****   }
  91:Core/Src/app_log_sd.c **** 
  92:Core/Src/app_log_sd.c ****   return delay_ms;
  93:Core/Src/app_log_sd.c **** }
 205              		.loc 1 93 1 view .LVU53
 206 0024 7047     		bx	lr
 207              	.LVL19:
 208              	.L20:
  75:Core/Src/app_log_sd.c ****   }
 209              		.loc 1 75 12 view .LVU54
 210 0026 47F23050 		movw	r0, #30000
 211              	.LVL20:
  75:Core/Src/app_log_sd.c ****   }
 212              		.loc 1 75 12 view .LVU55
 213 002a 7047     		bx	lr
 214              	.LVL21:
 215              	.L21:
  82:Core/Src/app_log_sd.c ****     }
 216              		.loc 1 82 14 view .LVU56
 217 002c 0248     		ldr	r0, .L25+4
 218              	.LVL22:
  82:Core/Src/app_log_sd.c ****     }
 219              		.loc 1 82 14 view .LVU57
 220 002e 7047     		bx	lr
 221              	.LVL23:
 222              	.L24:
  89:Core/Src/app_log_sd.c ****   }
 223              		.loc 1 89 14 view .LVU58
 224 0030 0148     		ldr	r0, .L25+4
 225              	.LVL24:
  89:Core/Src/app_log_sd.c ****   }
 226              		.loc 1 89 14 view .LVU59
 227 0032 F7E7     		b	.L16
 228              	.L26:
 229              		.align	2
 230              	.L25:
 231 0034 EF490200 		.word	149999
 232 0038 E0930400 		.word	300000
 233              		.cfi_endproc
 234              	.LFE249:
ARM GAS  C:\Users\40918\AppData\Local\Temp\ccL5OIdk.s 			page 7


 236              		.section	.rodata.AppLogSd_WriteHeaderIfNeeded.str1.4,"aMS",%progbits,1
 237              		.align	2
 238              	.LC0:
 239 0000 74696D65 		.ascii	"time,torque,thrust,rpm,power,status\015\012\000"
 239      2C746F72 
 239      7175652C 
 239      74687275 
 239      73742C72 
 240              		.section	.text.AppLogSd_WriteHeaderIfNeeded,"ax",%progbits
 241              		.align	1
 242              		.syntax unified
 243              		.thumb
 244              		.thumb_func
 246              	AppLogSd_WriteHeaderIfNeeded:
 247              	.LVL25:
 248              	.LFB254:
  94:Core/Src/app_log_sd.c **** 
  95:Core/Src/app_log_sd.c **** static uint8_t AppLogSd_ProbeCard(app_log_sd_ctx_t *ctx)
  96:Core/Src/app_log_sd.c **** {
  97:Core/Src/app_log_sd.c ****   extern SD_HandleTypeDef hsd;
  98:Core/Src/app_log_sd.c **** 
  99:Core/Src/app_log_sd.c ****   if (ctx == NULL)
 100:Core/Src/app_log_sd.c ****   {
 101:Core/Src/app_log_sd.c ****     return 0U;
 102:Core/Src/app_log_sd.c ****   }
 103:Core/Src/app_log_sd.c **** 
 104:Core/Src/app_log_sd.c ****   AppLogSd_ResetStorageState(ctx);
 105:Core/Src/app_log_sd.c ****   (void)HAL_SD_GetError(&hsd);
 106:Core/Src/app_log_sd.c **** 
 107:Core/Src/app_log_sd.c ****   if (BSP_SD_Init() != MSD_OK)
 108:Core/Src/app_log_sd.c ****   {
 109:Core/Src/app_log_sd.c ****     return 0U;
 110:Core/Src/app_log_sd.c ****   }
 111:Core/Src/app_log_sd.c **** 
 112:Core/Src/app_log_sd.c ****   if (BSP_SD_GetCardState() != SD_TRANSFER_OK)
 113:Core/Src/app_log_sd.c ****   {
 114:Core/Src/app_log_sd.c ****     return 0U;
 115:Core/Src/app_log_sd.c ****   }
 116:Core/Src/app_log_sd.c **** 
 117:Core/Src/app_log_sd.c ****   ctx->probe_ready = 1U;
 118:Core/Src/app_log_sd.c ****   return 1U;
 119:Core/Src/app_log_sd.c **** }
 120:Core/Src/app_log_sd.c **** 
 121:Core/Src/app_log_sd.c **** static void AppLogSd_LogFailure(app_log_sd_ctx_t *ctx,
 122:Core/Src/app_log_sd.c ****                                 app_log_sd_stage_t stage,
 123:Core/Src/app_log_sd.c ****                                 FRESULT fr,
 124:Core/Src/app_log_sd.c ****                                 uint32_t line_index)
 125:Core/Src/app_log_sd.c **** {
 126:Core/Src/app_log_sd.c ****   uint32_t card_state = 0xFFFFFFFFUL;
 127:Core/Src/app_log_sd.c ****   uint32_t hal_err = 0xFFFFFFFFUL;
 128:Core/Src/app_log_sd.c ****   uint32_t hal_state = 0xFFFFFFFFUL;
 129:Core/Src/app_log_sd.c ****   const char *stage_name = "unknown";
 130:Core/Src/app_log_sd.c ****   extern SD_HandleTypeDef hsd;
 131:Core/Src/app_log_sd.c **** 
 132:Core/Src/app_log_sd.c ****   if (ctx == NULL)
 133:Core/Src/app_log_sd.c ****   {
 134:Core/Src/app_log_sd.c ****     return;
ARM GAS  C:\Users\40918\AppData\Local\Temp\ccL5OIdk.s 			page 8


 135:Core/Src/app_log_sd.c ****   }
 136:Core/Src/app_log_sd.c **** 
 137:Core/Src/app_log_sd.c ****   switch (stage)
 138:Core/Src/app_log_sd.c ****   {
 139:Core/Src/app_log_sd.c ****     case APP_LOG_SD_STAGE_MOUNT: stage_name = "mount"; break;
 140:Core/Src/app_log_sd.c ****     case APP_LOG_SD_STAGE_OPEN:  stage_name = "open";  break;
 141:Core/Src/app_log_sd.c ****     case APP_LOG_SD_STAGE_LSEEK: stage_name = "lseek"; break;
 142:Core/Src/app_log_sd.c ****     case APP_LOG_SD_STAGE_HEADER: stage_name = "header"; break;
 143:Core/Src/app_log_sd.c ****     case APP_LOG_SD_STAGE_WRITE: stage_name = "write"; break;
 144:Core/Src/app_log_sd.c ****     case APP_LOG_SD_STAGE_SYNC:  stage_name = "sync";  break;
 145:Core/Src/app_log_sd.c ****     default: break;
 146:Core/Src/app_log_sd.c ****   }
 147:Core/Src/app_log_sd.c **** 
 148:Core/Src/app_log_sd.c ****   if (ctx->mounted != 0U)
 149:Core/Src/app_log_sd.c ****   {
 150:Core/Src/app_log_sd.c ****     card_state = (uint32_t)BSP_SD_GetCardState();
 151:Core/Src/app_log_sd.c ****   }
 152:Core/Src/app_log_sd.c **** 
 153:Core/Src/app_log_sd.c ****   hal_err = (uint32_t)HAL_SD_GetError(&hsd);
 154:Core/Src/app_log_sd.c ****   hal_state = (uint32_t)HAL_SD_GetState(&hsd);
 155:Core/Src/app_log_sd.c **** 
 156:Core/Src/app_log_sd.c ****   LOGE("[SD] fail stage=%s fr=%u line=%lu mounted=%u opened=%u card=%lu herr=0x%08lX hstate=%lu pat
 157:Core/Src/app_log_sd.c ****        stage_name,
 158:Core/Src/app_log_sd.c ****        (unsigned int)fr,
 159:Core/Src/app_log_sd.c ****        (unsigned long)line_index,
 160:Core/Src/app_log_sd.c ****        (unsigned int)ctx->mounted,
 161:Core/Src/app_log_sd.c ****        (unsigned int)ctx->file_opened,
 162:Core/Src/app_log_sd.c ****        (unsigned long)card_state,
 163:Core/Src/app_log_sd.c ****        (unsigned long)hal_err,
 164:Core/Src/app_log_sd.c ****        (unsigned long)hal_state,
 165:Core/Src/app_log_sd.c ****        (ctx->current_file_path[0] != '\0') ? ctx->current_file_path : "(none)");
 166:Core/Src/app_log_sd.c **** }
 167:Core/Src/app_log_sd.c **** 
 168:Core/Src/app_log_sd.c **** static FRESULT AppLogSd_EnsureMounted(app_log_sd_ctx_t *ctx)
 169:Core/Src/app_log_sd.c **** {
 170:Core/Src/app_log_sd.c ****   FRESULT fr;
 171:Core/Src/app_log_sd.c **** 
 172:Core/Src/app_log_sd.c ****   if ((ctx == NULL) || (ctx->fatfs == NULL) || (ctx->sd_path == NULL))
 173:Core/Src/app_log_sd.c ****   {
 174:Core/Src/app_log_sd.c ****     return FR_INVALID_OBJECT;
 175:Core/Src/app_log_sd.c ****   }
 176:Core/Src/app_log_sd.c **** 
 177:Core/Src/app_log_sd.c ****   if (ctx->mounted != 0U)
 178:Core/Src/app_log_sd.c ****   {
 179:Core/Src/app_log_sd.c ****     return FR_OK;
 180:Core/Src/app_log_sd.c ****   }
 181:Core/Src/app_log_sd.c **** 
 182:Core/Src/app_log_sd.c ****   fr = f_mount(ctx->fatfs, (TCHAR const *)ctx->sd_path, 1);
 183:Core/Src/app_log_sd.c ****   if (fr == FR_OK)
 184:Core/Src/app_log_sd.c ****   {
 185:Core/Src/app_log_sd.c ****     ctx->mounted = 1U;
 186:Core/Src/app_log_sd.c ****   }
 187:Core/Src/app_log_sd.c ****   return fr;
 188:Core/Src/app_log_sd.c **** }
 189:Core/Src/app_log_sd.c **** 
 190:Core/Src/app_log_sd.c **** static FRESULT AppLogSd_OpenDailyFile(app_log_sd_ctx_t *ctx, const app_log_sd_entry_t *first_entry)
 191:Core/Src/app_log_sd.c **** {
ARM GAS  C:\Users\40918\AppData\Local\Temp\ccL5OIdk.s 			page 9


 192:Core/Src/app_log_sd.c ****   FRESULT fr;
 193:Core/Src/app_log_sd.c ****   FSIZE_t size_before = 0U;
 194:Core/Src/app_log_sd.c **** 
 195:Core/Src/app_log_sd.c ****   if ((ctx == NULL) || (first_entry == NULL))
 196:Core/Src/app_log_sd.c ****   {
 197:Core/Src/app_log_sd.c ****     return FR_INVALID_OBJECT;
 198:Core/Src/app_log_sd.c ****   }
 199:Core/Src/app_log_sd.c **** 
 200:Core/Src/app_log_sd.c ****   if ((ctx->file_opened != 0U) &&
 201:Core/Src/app_log_sd.c ****       (ctx->current_file_date_valid != 0U) &&
 202:Core/Src/app_log_sd.c ****       AppLogSd_SameDate(&ctx->current_file_date, &first_entry->date))
 203:Core/Src/app_log_sd.c ****   {
 204:Core/Src/app_log_sd.c ****     return FR_OK;
 205:Core/Src/app_log_sd.c ****   }
 206:Core/Src/app_log_sd.c **** 
 207:Core/Src/app_log_sd.c ****   if (ctx->file_opened != 0U)
 208:Core/Src/app_log_sd.c ****   {
 209:Core/Src/app_log_sd.c ****     (void)f_close(&ctx->file);
 210:Core/Src/app_log_sd.c ****     ctx->file_opened = 0U;
 211:Core/Src/app_log_sd.c ****     ctx->file_header_written = 0U;
 212:Core/Src/app_log_sd.c ****   }
 213:Core/Src/app_log_sd.c **** 
 214:Core/Src/app_log_sd.c ****   (void)snprintf(ctx->current_file_path,
 215:Core/Src/app_log_sd.c ****                  sizeof(ctx->current_file_path),
 216:Core/Src/app_log_sd.c ****                  "0:/20%02u-%02u-%02u_%02u-%02u-%02u.csv",
 217:Core/Src/app_log_sd.c ****                  first_entry->date.Year,
 218:Core/Src/app_log_sd.c ****                  first_entry->date.Month,
 219:Core/Src/app_log_sd.c ****                  first_entry->date.Date,
 220:Core/Src/app_log_sd.c ****                  first_entry->time.Hours,
 221:Core/Src/app_log_sd.c ****                  first_entry->time.Minutes,
 222:Core/Src/app_log_sd.c ****                  first_entry->time.Seconds);
 223:Core/Src/app_log_sd.c **** 
 224:Core/Src/app_log_sd.c ****   fr = f_open(&ctx->file, ctx->current_file_path, FA_OPEN_ALWAYS | FA_WRITE);
 225:Core/Src/app_log_sd.c ****   if (fr != FR_OK)
 226:Core/Src/app_log_sd.c ****   {
 227:Core/Src/app_log_sd.c ****     return fr;
 228:Core/Src/app_log_sd.c ****   }
 229:Core/Src/app_log_sd.c **** 
 230:Core/Src/app_log_sd.c ****   size_before = f_size(&ctx->file);
 231:Core/Src/app_log_sd.c ****   fr = f_lseek(&ctx->file, size_before);
 232:Core/Src/app_log_sd.c ****   if (fr != FR_OK)
 233:Core/Src/app_log_sd.c ****   {
 234:Core/Src/app_log_sd.c ****     (void)f_close(&ctx->file);
 235:Core/Src/app_log_sd.c ****     return fr;
 236:Core/Src/app_log_sd.c ****   }
 237:Core/Src/app_log_sd.c **** 
 238:Core/Src/app_log_sd.c ****   ctx->file_opened = 1U;
 239:Core/Src/app_log_sd.c ****   ctx->file_header_written = (uint8_t)((size_before > 0U) ? 1U : 0U);
 240:Core/Src/app_log_sd.c ****   ctx->current_file_date = first_entry->date;
 241:Core/Src/app_log_sd.c ****   ctx->current_file_date_valid = 1U;
 242:Core/Src/app_log_sd.c ****   return FR_OK;
 243:Core/Src/app_log_sd.c **** }
 244:Core/Src/app_log_sd.c **** 
 245:Core/Src/app_log_sd.c **** static FRESULT AppLogSd_WriteHeaderIfNeeded(app_log_sd_ctx_t *ctx)
 246:Core/Src/app_log_sd.c **** {
 249              		.loc 1 246 1 is_stmt 1 view -0
 250              		.cfi_startproc
ARM GAS  C:\Users\40918\AppData\Local\Temp\ccL5OIdk.s 			page 10


 251              		@ args = 0, pretend = 0, frame = 8
 252              		@ frame_needed = 0, uses_anonymous_args = 0
 253              		.loc 1 246 1 is_stmt 0 view .LVU61
 254 0000 10B5     		push	{r4, lr}
 255              	.LCFI0:
 256              		.cfi_def_cfa_offset 8
 257              		.cfi_offset 4, -8
 258              		.cfi_offset 14, -4
 259 0002 82B0     		sub	sp, sp, #8
 260              	.LCFI1:
 261              		.cfi_def_cfa_offset 16
 247:Core/Src/app_log_sd.c ****   FRESULT fr;
 262              		.loc 1 247 3 is_stmt 1 view .LVU62
 248:Core/Src/app_log_sd.c ****   UINT bw = 0U;
 263              		.loc 1 248 3 view .LVU63
 264              		.loc 1 248 8 is_stmt 0 view .LVU64
 265 0004 0023     		movs	r3, #0
 266 0006 0193     		str	r3, [sp, #4]
 249:Core/Src/app_log_sd.c ****   size_t hdr_len = strlen(APP_LOG_SD_HEADER);
 267              		.loc 1 249 3 is_stmt 1 view .LVU65
 268              	.LVL26:
 250:Core/Src/app_log_sd.c **** 
 251:Core/Src/app_log_sd.c ****   if ((ctx == NULL) || (ctx->file_opened == 0U))
 269              		.loc 1 251 3 view .LVU66
 270              		.loc 1 251 6 is_stmt 0 view .LVU67
 271 0008 B8B1     		cbz	r0, .L29
 272 000a 0446     		mov	r4, r0
 273              		.loc 1 251 28 discriminator 1 view .LVU68
 274 000c 437C     		ldrb	r3, [r0, #17]	@ zero_extendqisi2
 275              		.loc 1 251 21 discriminator 1 view .LVU69
 276 000e B3B1     		cbz	r3, .L30
 252:Core/Src/app_log_sd.c ****   {
 253:Core/Src/app_log_sd.c ****     return FR_INVALID_OBJECT;
 254:Core/Src/app_log_sd.c ****   }
 255:Core/Src/app_log_sd.c **** 
 256:Core/Src/app_log_sd.c ****   if (ctx->file_header_written != 0U)
 277              		.loc 1 256 3 is_stmt 1 view .LVU70
 278              		.loc 1 256 10 is_stmt 0 view .LVU71
 279 0010 837C     		ldrb	r3, [r0, #18]	@ zero_extendqisi2
 280              		.loc 1 256 6 view .LVU72
 281 0012 13B1     		cbz	r3, .L34
 257:Core/Src/app_log_sd.c ****   {
 258:Core/Src/app_log_sd.c ****     return FR_OK;
 282              		.loc 1 258 12 view .LVU73
 283 0014 0020     		movs	r0, #0
 284              	.LVL27:
 285              	.L28:
 259:Core/Src/app_log_sd.c ****   }
 260:Core/Src/app_log_sd.c **** 
 261:Core/Src/app_log_sd.c ****   fr = f_write(&ctx->file, APP_LOG_SD_HEADER, (UINT)hdr_len, &bw);
 262:Core/Src/app_log_sd.c ****   if ((fr == FR_OK) && (bw == (UINT)hdr_len))
 263:Core/Src/app_log_sd.c ****   {
 264:Core/Src/app_log_sd.c ****     ctx->file_header_written = 1U;
 265:Core/Src/app_log_sd.c ****     return FR_OK;
 266:Core/Src/app_log_sd.c ****   }
 267:Core/Src/app_log_sd.c **** 
 268:Core/Src/app_log_sd.c ****   return (fr == FR_OK) ? FR_DISK_ERR : fr;
ARM GAS  C:\Users\40918\AppData\Local\Temp\ccL5OIdk.s 			page 11


 269:Core/Src/app_log_sd.c **** }
 286              		.loc 1 269 1 view .LVU74
 287 0016 02B0     		add	sp, sp, #8
 288              	.LCFI2:
 289              		.cfi_remember_state
 290              		.cfi_def_cfa_offset 8
 291              		@ sp needed
 292 0018 10BD     		pop	{r4, pc}
 293              	.LVL28:
 294              	.L34:
 295              	.LCFI3:
 296              		.cfi_restore_state
 261:Core/Src/app_log_sd.c ****   if ((fr == FR_OK) && (bw == (UINT)hdr_len))
 297              		.loc 1 261 3 is_stmt 1 view .LVU75
 261:Core/Src/app_log_sd.c ****   if ((fr == FR_OK) && (bw == (UINT)hdr_len))
 298              		.loc 1 261 8 is_stmt 0 view .LVU76
 299 001a 01AB     		add	r3, sp, #4
 300 001c 2522     		movs	r2, #37
 301 001e 0949     		ldr	r1, .L36
 302 0020 5430     		adds	r0, r0, #84
 303              	.LVL29:
 261:Core/Src/app_log_sd.c ****   if ((fr == FR_OK) && (bw == (UINT)hdr_len))
 304              		.loc 1 261 8 view .LVU77
 305 0022 FFF7FEFF 		bl	f_write
 306              	.LVL30:
 262:Core/Src/app_log_sd.c ****   {
 307              		.loc 1 262 3 is_stmt 1 view .LVU78
 262:Core/Src/app_log_sd.c ****   {
 308              		.loc 1 262 6 is_stmt 0 view .LVU79
 309 0026 0028     		cmp	r0, #0
 310 0028 F5D1     		bne	.L28
 262:Core/Src/app_log_sd.c ****   {
 311              		.loc 1 262 28 discriminator 1 view .LVU80
 312 002a 019B     		ldr	r3, [sp, #4]
 262:Core/Src/app_log_sd.c ****   {
 313              		.loc 1 262 21 discriminator 1 view .LVU81
 314 002c 252B     		cmp	r3, #37
 315 002e 01D0     		beq	.L35
 268:Core/Src/app_log_sd.c **** }
 316              		.loc 1 268 38 discriminator 2 view .LVU82
 317 0030 0120     		movs	r0, #1
 318              	.LVL31:
 268:Core/Src/app_log_sd.c **** }
 319              		.loc 1 268 38 discriminator 2 view .LVU83
 320 0032 F0E7     		b	.L28
 321              	.LVL32:
 322              	.L35:
 264:Core/Src/app_log_sd.c ****     return FR_OK;
 323              		.loc 1 264 5 is_stmt 1 view .LVU84
 264:Core/Src/app_log_sd.c ****     return FR_OK;
 324              		.loc 1 264 30 is_stmt 0 view .LVU85
 325 0034 0123     		movs	r3, #1
 326 0036 A374     		strb	r3, [r4, #18]
 265:Core/Src/app_log_sd.c ****   }
 327              		.loc 1 265 5 is_stmt 1 view .LVU86
 265:Core/Src/app_log_sd.c ****   }
 328              		.loc 1 265 12 is_stmt 0 view .LVU87
ARM GAS  C:\Users\40918\AppData\Local\Temp\ccL5OIdk.s 			page 12


 329 0038 EDE7     		b	.L28
 330              	.LVL33:
 331              	.L29:
 253:Core/Src/app_log_sd.c ****   }
 332              		.loc 1 253 12 view .LVU88
 333 003a 0920     		movs	r0, #9
 334              	.LVL34:
 253:Core/Src/app_log_sd.c ****   }
 335              		.loc 1 253 12 view .LVU89
 336 003c EBE7     		b	.L28
 337              	.LVL35:
 338              	.L30:
 253:Core/Src/app_log_sd.c ****   }
 339              		.loc 1 253 12 view .LVU90
 340 003e 0920     		movs	r0, #9
 341              	.LVL36:
 253:Core/Src/app_log_sd.c ****   }
 342              		.loc 1 253 12 view .LVU91
 343 0040 E9E7     		b	.L28
 344              	.L37:
 345 0042 00BF     		.align	2
 346              	.L36:
 347 0044 00000000 		.word	.LC0
 348              		.cfi_endproc
 349              	.LFE254:
 351              		.section	.text.AppLogSd_EnsureMounted,"ax",%progbits
 352              		.align	1
 353              		.syntax unified
 354              		.thumb
 355              		.thumb_func
 357              	AppLogSd_EnsureMounted:
 358              	.LVL37:
 359              	.LFB252:
 169:Core/Src/app_log_sd.c ****   FRESULT fr;
 360              		.loc 1 169 1 is_stmt 1 view -0
 361              		.cfi_startproc
 362              		@ args = 0, pretend = 0, frame = 0
 363              		@ frame_needed = 0, uses_anonymous_args = 0
 170:Core/Src/app_log_sd.c **** 
 364              		.loc 1 170 3 view .LVU93
 172:Core/Src/app_log_sd.c ****   {
 365              		.loc 1 172 3 view .LVU94
 172:Core/Src/app_log_sd.c ****   {
 366              		.loc 1 172 6 is_stmt 0 view .LVU95
 367 0000 88B1     		cbz	r0, .L40
 169:Core/Src/app_log_sd.c ****   FRESULT fr;
 368              		.loc 1 169 1 view .LVU96
 369 0002 10B5     		push	{r4, lr}
 370              	.LCFI4:
 371              		.cfi_def_cfa_offset 8
 372              		.cfi_offset 4, -8
 373              		.cfi_offset 14, -4
 374 0004 0446     		mov	r4, r0
 172:Core/Src/app_log_sd.c ****   {
 375              		.loc 1 172 28 discriminator 1 view .LVU97
 376 0006 4068     		ldr	r0, [r0, #4]
 377              	.LVL38:
ARM GAS  C:\Users\40918\AppData\Local\Temp\ccL5OIdk.s 			page 13


 172:Core/Src/app_log_sd.c ****   {
 378              		.loc 1 172 21 discriminator 1 view .LVU98
 379 0008 78B1     		cbz	r0, .L41
 172:Core/Src/app_log_sd.c ****   {
 380              		.loc 1 172 52 discriminator 2 view .LVU99
 381 000a A168     		ldr	r1, [r4, #8]
 172:Core/Src/app_log_sd.c ****   {
 382              		.loc 1 172 45 discriminator 2 view .LVU100
 383 000c 79B1     		cbz	r1, .L42
 177:Core/Src/app_log_sd.c ****   {
 384              		.loc 1 177 3 is_stmt 1 view .LVU101
 177:Core/Src/app_log_sd.c ****   {
 385              		.loc 1 177 10 is_stmt 0 view .LVU102
 386 000e 237C     		ldrb	r3, [r4, #16]	@ zero_extendqisi2
 177:Core/Src/app_log_sd.c ****   {
 387              		.loc 1 177 6 view .LVU103
 388 0010 0BB1     		cbz	r3, .L48
 179:Core/Src/app_log_sd.c ****   }
 389              		.loc 1 179 12 view .LVU104
 390 0012 0020     		movs	r0, #0
 391              	.L39:
 188:Core/Src/app_log_sd.c **** 
 392              		.loc 1 188 1 view .LVU105
 393 0014 10BD     		pop	{r4, pc}
 394              	.LVL39:
 395              	.L48:
 182:Core/Src/app_log_sd.c ****   if (fr == FR_OK)
 396              		.loc 1 182 3 is_stmt 1 view .LVU106
 182:Core/Src/app_log_sd.c ****   if (fr == FR_OK)
 397              		.loc 1 182 8 is_stmt 0 view .LVU107
 398 0016 0122     		movs	r2, #1
 399 0018 FFF7FEFF 		bl	f_mount
 400              	.LVL40:
 183:Core/Src/app_log_sd.c ****   {
 401              		.loc 1 183 3 is_stmt 1 view .LVU108
 183:Core/Src/app_log_sd.c ****   {
 402              		.loc 1 183 6 is_stmt 0 view .LVU109
 403 001c 0028     		cmp	r0, #0
 404 001e F9D1     		bne	.L39
 185:Core/Src/app_log_sd.c ****   }
 405              		.loc 1 185 5 is_stmt 1 view .LVU110
 185:Core/Src/app_log_sd.c ****   }
 406              		.loc 1 185 18 is_stmt 0 view .LVU111
 407 0020 0123     		movs	r3, #1
 408 0022 2374     		strb	r3, [r4, #16]
 409 0024 F6E7     		b	.L39
 410              	.LVL41:
 411              	.L40:
 412              	.LCFI5:
 413              		.cfi_def_cfa_offset 0
 414              		.cfi_restore 4
 415              		.cfi_restore 14
 174:Core/Src/app_log_sd.c ****   }
 416              		.loc 1 174 12 view .LVU112
 417 0026 0920     		movs	r0, #9
 418              	.LVL42:
 188:Core/Src/app_log_sd.c **** 
ARM GAS  C:\Users\40918\AppData\Local\Temp\ccL5OIdk.s 			page 14


 419              		.loc 1 188 1 view .LVU113
 420 0028 7047     		bx	lr
 421              	.LVL43:
 422              	.L41:
 423              	.LCFI6:
 424              		.cfi_def_cfa_offset 8
 425              		.cfi_offset 4, -8
 426              		.cfi_offset 14, -4
 174:Core/Src/app_log_sd.c ****   }
 427              		.loc 1 174 12 view .LVU114
 428 002a 0920     		movs	r0, #9
 429 002c F2E7     		b	.L39
 430              	.L42:
 431 002e 0920     		movs	r0, #9
 432 0030 F0E7     		b	.L39
 433              		.cfi_endproc
 434              	.LFE252:
 436              		.section	.text.AppLogSd_ResetStorageState,"ax",%progbits
 437              		.align	1
 438              		.syntax unified
 439              		.thumb
 440              		.thumb_func
 442              	AppLogSd_ResetStorageState:
 443              	.LVL44:
 444              	.LFB247:
  35:Core/Src/app_log_sd.c ****   if (ctx == NULL)
 445              		.loc 1 35 1 is_stmt 1 view -0
 446              		.cfi_startproc
 447              		@ args = 0, pretend = 0, frame = 0
 448              		@ frame_needed = 0, uses_anonymous_args = 0
  36:Core/Src/app_log_sd.c ****   {
 449              		.loc 1 36 3 view .LVU116
  36:Core/Src/app_log_sd.c ****   {
 450              		.loc 1 36 6 is_stmt 0 view .LVU117
 451 0000 78B1     		cbz	r0, .L53
  35:Core/Src/app_log_sd.c ****   if (ctx == NULL)
 452              		.loc 1 35 1 view .LVU118
 453 0002 10B5     		push	{r4, lr}
 454              	.LCFI7:
 455              		.cfi_def_cfa_offset 8
 456              		.cfi_offset 4, -8
 457              		.cfi_offset 14, -4
 458 0004 0446     		mov	r4, r0
  41:Core/Src/app_log_sd.c ****   {
 459              		.loc 1 41 3 is_stmt 1 view .LVU119
  41:Core/Src/app_log_sd.c ****   {
 460              		.loc 1 41 10 is_stmt 0 view .LVU120
 461 0006 437C     		ldrb	r3, [r0, #17]	@ zero_extendqisi2
  41:Core/Src/app_log_sd.c ****   {
 462              		.loc 1 41 6 view .LVU121
 463 0008 3BB9     		cbnz	r3, .L56
 464              	.LVL45:
 465              	.L51:
  46:Core/Src/app_log_sd.c ****   ctx->file_opened = 0U;
 466              		.loc 1 46 3 is_stmt 1 view .LVU122
  46:Core/Src/app_log_sd.c ****   ctx->file_opened = 0U;
 467              		.loc 1 46 16 is_stmt 0 view .LVU123
ARM GAS  C:\Users\40918\AppData\Local\Temp\ccL5OIdk.s 			page 15


 468 000a 0023     		movs	r3, #0
 469 000c 2374     		strb	r3, [r4, #16]
  47:Core/Src/app_log_sd.c ****   ctx->file_header_written = 0U;
 470              		.loc 1 47 3 is_stmt 1 view .LVU124
  47:Core/Src/app_log_sd.c ****   ctx->file_header_written = 0U;
 471              		.loc 1 47 20 is_stmt 0 view .LVU125
 472 000e 6374     		strb	r3, [r4, #17]
  48:Core/Src/app_log_sd.c ****   ctx->current_file_date_valid = 0U;
 473              		.loc 1 48 3 is_stmt 1 view .LVU126
  48:Core/Src/app_log_sd.c ****   ctx->current_file_date_valid = 0U;
 474              		.loc 1 48 28 is_stmt 0 view .LVU127
 475 0010 A374     		strb	r3, [r4, #18]
  49:Core/Src/app_log_sd.c ****   ctx->current_file_path[0] = '\0';
 476              		.loc 1 49 3 is_stmt 1 view .LVU128
  49:Core/Src/app_log_sd.c ****   ctx->current_file_path[0] = '\0';
 477              		.loc 1 49 32 is_stmt 0 view .LVU129
 478 0012 A375     		strb	r3, [r4, #22]
  50:Core/Src/app_log_sd.c **** }
 479              		.loc 1 50 3 is_stmt 1 view .LVU130
  50:Core/Src/app_log_sd.c **** }
 480              		.loc 1 50 29 is_stmt 0 view .LVU131
 481 0014 84F82430 		strb	r3, [r4, #36]
  51:Core/Src/app_log_sd.c **** 
 482              		.loc 1 51 1 view .LVU132
 483 0018 10BD     		pop	{r4, pc}
 484              	.LVL46:
 485              	.L56:
  43:Core/Src/app_log_sd.c ****   }
 486              		.loc 1 43 5 is_stmt 1 view .LVU133
  43:Core/Src/app_log_sd.c ****   }
 487              		.loc 1 43 11 is_stmt 0 view .LVU134
 488 001a 5430     		adds	r0, r0, #84
 489              	.LVL47:
  43:Core/Src/app_log_sd.c ****   }
 490              		.loc 1 43 11 view .LVU135
 491 001c FFF7FEFF 		bl	f_close
 492              	.LVL48:
 493 0020 F3E7     		b	.L51
 494              	.LVL49:
 495              	.L53:
 496              	.LCFI8:
 497              		.cfi_def_cfa_offset 0
 498              		.cfi_restore 4
 499              		.cfi_restore 14
  43:Core/Src/app_log_sd.c ****   }
 500              		.loc 1 43 11 view .LVU136
 501 0022 7047     		bx	lr
 502              		.cfi_endproc
 503              	.LFE247:
 505              		.section	.text.AppLogSd_ProbeCard,"ax",%progbits
 506              		.align	1
 507              		.syntax unified
 508              		.thumb
 509              		.thumb_func
 511              	AppLogSd_ProbeCard:
 512              	.LVL50:
 513              	.LFB250:
ARM GAS  C:\Users\40918\AppData\Local\Temp\ccL5OIdk.s 			page 16


  96:Core/Src/app_log_sd.c ****   extern SD_HandleTypeDef hsd;
 514              		.loc 1 96 1 is_stmt 1 view -0
 515              		.cfi_startproc
 516              		@ args = 0, pretend = 0, frame = 0
 517              		@ frame_needed = 0, uses_anonymous_args = 0
  96:Core/Src/app_log_sd.c ****   extern SD_HandleTypeDef hsd;
 518              		.loc 1 96 1 is_stmt 0 view .LVU138
 519 0000 38B5     		push	{r3, r4, r5, lr}
 520              	.LCFI9:
 521              		.cfi_def_cfa_offset 16
 522              		.cfi_offset 3, -16
 523              		.cfi_offset 4, -12
 524              		.cfi_offset 5, -8
 525              		.cfi_offset 14, -4
  97:Core/Src/app_log_sd.c **** 
 526              		.loc 1 97 3 is_stmt 1 view .LVU139
  99:Core/Src/app_log_sd.c ****   {
 527              		.loc 1 99 3 view .LVU140
  99:Core/Src/app_log_sd.c ****   {
 528              		.loc 1 99 6 is_stmt 0 view .LVU141
 529 0002 98B1     		cbz	r0, .L59
 530 0004 0546     		mov	r5, r0
 104:Core/Src/app_log_sd.c ****   (void)HAL_SD_GetError(&hsd);
 531              		.loc 1 104 3 is_stmt 1 view .LVU142
 532 0006 FFF7FEFF 		bl	AppLogSd_ResetStorageState
 533              	.LVL51:
 105:Core/Src/app_log_sd.c **** 
 534              		.loc 1 105 3 view .LVU143
 105:Core/Src/app_log_sd.c **** 
 535              		.loc 1 105 9 is_stmt 0 view .LVU144
 536 000a 0948     		ldr	r0, .L63
 537 000c FFF7FEFF 		bl	HAL_SD_GetError
 538              	.LVL52:
 107:Core/Src/app_log_sd.c ****   {
 539              		.loc 1 107 3 is_stmt 1 view .LVU145
 107:Core/Src/app_log_sd.c ****   {
 540              		.loc 1 107 7 is_stmt 0 view .LVU146
 541 0010 FFF7FEFF 		bl	BSP_SD_Init
 542              	.LVL53:
 107:Core/Src/app_log_sd.c ****   {
 543              		.loc 1 107 6 discriminator 1 view .LVU147
 544 0014 0446     		mov	r4, r0
 545 0016 10B1     		cbz	r0, .L62
 109:Core/Src/app_log_sd.c ****   }
 546              		.loc 1 109 12 view .LVU148
 547 0018 0024     		movs	r4, #0
 548              	.LVL54:
 549              	.L58:
 119:Core/Src/app_log_sd.c **** 
 550              		.loc 1 119 1 view .LVU149
 551 001a 2046     		mov	r0, r4
 552 001c 38BD     		pop	{r3, r4, r5, pc}
 553              	.LVL55:
 554              	.L62:
 112:Core/Src/app_log_sd.c ****   {
 555              		.loc 1 112 3 is_stmt 1 view .LVU150
 112:Core/Src/app_log_sd.c ****   {
ARM GAS  C:\Users\40918\AppData\Local\Temp\ccL5OIdk.s 			page 17


 556              		.loc 1 112 7 is_stmt 0 view .LVU151
 557 001e FFF7FEFF 		bl	BSP_SD_GetCardState
 558              	.LVL56:
 112:Core/Src/app_log_sd.c ****   {
 559              		.loc 1 112 6 discriminator 1 view .LVU152
 560 0022 0028     		cmp	r0, #0
 561 0024 F9D1     		bne	.L58
 117:Core/Src/app_log_sd.c ****   return 1U;
 562              		.loc 1 117 3 is_stmt 1 view .LVU153
 117:Core/Src/app_log_sd.c ****   return 1U;
 563              		.loc 1 117 20 is_stmt 0 view .LVU154
 564 0026 0124     		movs	r4, #1
 565 0028 2C76     		strb	r4, [r5, #24]
 118:Core/Src/app_log_sd.c **** }
 566              		.loc 1 118 3 is_stmt 1 view .LVU155
 118:Core/Src/app_log_sd.c **** }
 567              		.loc 1 118 10 is_stmt 0 view .LVU156
 568 002a F6E7     		b	.L58
 569              	.LVL57:
 570              	.L59:
 101:Core/Src/app_log_sd.c ****   }
 571              		.loc 1 101 12 view .LVU157
 572 002c 0024     		movs	r4, #0
 573 002e F4E7     		b	.L58
 574              	.L64:
 575              		.align	2
 576              	.L63:
 577 0030 00000000 		.word	hsd
 578              		.cfi_endproc
 579              	.LFE250:
 581              		.section	.rodata.AppLogSd_OpenDailyFile.str1.4,"aMS",%progbits,1
 582              		.align	2
 583              	.LC1:
 584 0000 303A2F32 		.ascii	"0:/20%02u-%02u-%02u_%02u-%02u-%02u.csv\000"
 584      30253032 
 584      752D2530 
 584      32752D25 
 584      3032755F 
 585              		.section	.text.AppLogSd_OpenDailyFile,"ax",%progbits
 586              		.align	1
 587              		.syntax unified
 588              		.thumb
 589              		.thumb_func
 591              	AppLogSd_OpenDailyFile:
 592              	.LVL58:
 593              	.LFB253:
 191:Core/Src/app_log_sd.c ****   FRESULT fr;
 594              		.loc 1 191 1 is_stmt 1 view -0
 595              		.cfi_startproc
 596              		@ args = 0, pretend = 0, frame = 0
 597              		@ frame_needed = 0, uses_anonymous_args = 0
 191:Core/Src/app_log_sd.c ****   FRESULT fr;
 598              		.loc 1 191 1 is_stmt 0 view .LVU159
 599 0000 2DE9F041 		push	{r4, r5, r6, r7, r8, lr}
 600              	.LCFI10:
 601              		.cfi_def_cfa_offset 24
 602              		.cfi_offset 4, -24
ARM GAS  C:\Users\40918\AppData\Local\Temp\ccL5OIdk.s 			page 18


 603              		.cfi_offset 5, -20
 604              		.cfi_offset 6, -16
 605              		.cfi_offset 7, -12
 606              		.cfi_offset 8, -8
 607              		.cfi_offset 14, -4
 608 0004 86B0     		sub	sp, sp, #24
 609              	.LCFI11:
 610              		.cfi_def_cfa_offset 48
 192:Core/Src/app_log_sd.c ****   FSIZE_t size_before = 0U;
 611              		.loc 1 192 3 is_stmt 1 view .LVU160
 193:Core/Src/app_log_sd.c **** 
 612              		.loc 1 193 3 view .LVU161
 613              	.LVL59:
 195:Core/Src/app_log_sd.c ****   {
 614              		.loc 1 195 3 view .LVU162
 195:Core/Src/app_log_sd.c ****   {
 615              		.loc 1 195 6 is_stmt 0 view .LVU163
 616 0006 0028     		cmp	r0, #0
 617 0008 4CD0     		beq	.L71
 618 000a 0C46     		mov	r4, r1
 619 000c 0546     		mov	r5, r0
 195:Core/Src/app_log_sd.c ****   {
 620              		.loc 1 195 21 discriminator 1 view .LVU164
 621 000e 0029     		cmp	r1, #0
 622 0010 4AD0     		beq	.L72
 200:Core/Src/app_log_sd.c ****       (ctx->current_file_date_valid != 0U) &&
 623              		.loc 1 200 3 is_stmt 1 view .LVU165
 200:Core/Src/app_log_sd.c ****       (ctx->current_file_date_valid != 0U) &&
 624              		.loc 1 200 11 is_stmt 0 view .LVU166
 625 0012 467C     		ldrb	r6, [r0, #17]	@ zero_extendqisi2
 200:Core/Src/app_log_sd.c ****       (ctx->current_file_date_valid != 0U) &&
 626              		.loc 1 200 6 view .LVU167
 627 0014 36B1     		cbz	r6, .L67
 201:Core/Src/app_log_sd.c ****       AppLogSd_SameDate(&ctx->current_file_date, &first_entry->date))
 628              		.loc 1 201 11 view .LVU168
 629 0016 837D     		ldrb	r3, [r0, #22]	@ zero_extendqisi2
 200:Core/Src/app_log_sd.c ****       (ctx->current_file_date_valid != 0U) &&
 630              		.loc 1 200 32 discriminator 1 view .LVU169
 631 0018 23B1     		cbz	r3, .L67
 202:Core/Src/app_log_sd.c ****   {
 632              		.loc 1 202 7 view .LVU170
 633 001a 2030     		adds	r0, r0, #32
 634              	.LVL60:
 202:Core/Src/app_log_sd.c ****   {
 635              		.loc 1 202 7 view .LVU171
 636 001c FFF7FEFF 		bl	AppLogSd_SameDate
 637              	.LVL61:
 201:Core/Src/app_log_sd.c ****       AppLogSd_SameDate(&ctx->current_file_date, &first_entry->date))
 638              		.loc 1 201 44 view .LVU172
 639 0020 0028     		cmp	r0, #0
 640 0022 43D1     		bne	.L73
 641              	.L67:
 207:Core/Src/app_log_sd.c ****   {
 642              		.loc 1 207 3 is_stmt 1 view .LVU173
 207:Core/Src/app_log_sd.c ****   {
 643              		.loc 1 207 6 is_stmt 0 view .LVU174
 644 0024 F6B9     		cbnz	r6, .L76
ARM GAS  C:\Users\40918\AppData\Local\Temp\ccL5OIdk.s 			page 19


 645              	.L68:
 214:Core/Src/app_log_sd.c ****                  sizeof(ctx->current_file_path),
 646              		.loc 1 214 3 is_stmt 1 view .LVU175
 214:Core/Src/app_log_sd.c ****                  sizeof(ctx->current_file_path),
 647              		.loc 1 214 21 is_stmt 0 view .LVU176
 648 0026 05F12406 		add	r6, r5, #36
 218:Core/Src/app_log_sd.c ****                  first_entry->date.Date,
 649              		.loc 1 218 35 view .LVU177
 650 002a 6378     		ldrb	r3, [r4, #1]	@ zero_extendqisi2
 219:Core/Src/app_log_sd.c ****                  first_entry->time.Hours,
 651              		.loc 1 219 35 view .LVU178
 652 002c A278     		ldrb	r2, [r4, #2]	@ zero_extendqisi2
 220:Core/Src/app_log_sd.c ****                  first_entry->time.Minutes,
 653              		.loc 1 220 35 view .LVU179
 654 002e 2179     		ldrb	r1, [r4, #4]	@ zero_extendqisi2
 221:Core/Src/app_log_sd.c ****                  first_entry->time.Seconds);
 655              		.loc 1 221 35 view .LVU180
 656 0030 6079     		ldrb	r0, [r4, #5]	@ zero_extendqisi2
 222:Core/Src/app_log_sd.c **** 
 657              		.loc 1 222 35 view .LVU181
 658 0032 A779     		ldrb	r7, [r4, #6]	@ zero_extendqisi2
 214:Core/Src/app_log_sd.c ****                  sizeof(ctx->current_file_path),
 659              		.loc 1 214 9 view .LVU182
 660 0034 0497     		str	r7, [sp, #16]
 661 0036 0390     		str	r0, [sp, #12]
 662 0038 0291     		str	r1, [sp, #8]
 663 003a 0192     		str	r2, [sp, #4]
 664 003c 0093     		str	r3, [sp]
 665 003e E378     		ldrb	r3, [r4, #3]	@ zero_extendqisi2
 666 0040 1B4A     		ldr	r2, .L79
 667 0042 3021     		movs	r1, #48
 668 0044 3046     		mov	r0, r6
 669 0046 FFF7FEFF 		bl	snprintf
 670              	.LVL62:
 224:Core/Src/app_log_sd.c ****   if (fr != FR_OK)
 671              		.loc 1 224 3 is_stmt 1 view .LVU183
 224:Core/Src/app_log_sd.c ****   if (fr != FR_OK)
 672              		.loc 1 224 8 is_stmt 0 view .LVU184
 673 004a 05F15407 		add	r7, r5, #84
 674 004e 1222     		movs	r2, #18
 675 0050 3146     		mov	r1, r6
 676 0052 3846     		mov	r0, r7
 677 0054 FFF7FEFF 		bl	f_open
 678              	.LVL63:
 225:Core/Src/app_log_sd.c ****   {
 679              		.loc 1 225 3 is_stmt 1 view .LVU185
 225:Core/Src/app_log_sd.c ****   {
 680              		.loc 1 225 6 is_stmt 0 view .LVU186
 681 0058 0646     		mov	r6, r0
 682 005a 58B1     		cbz	r0, .L77
 683              	.LVL64:
 684              	.L66:
 243:Core/Src/app_log_sd.c **** 
 685              		.loc 1 243 1 view .LVU187
 686 005c 3046     		mov	r0, r6
 687 005e 06B0     		add	sp, sp, #24
 688              	.LCFI12:
ARM GAS  C:\Users\40918\AppData\Local\Temp\ccL5OIdk.s 			page 20


 689              		.cfi_remember_state
 690              		.cfi_def_cfa_offset 24
 691              		@ sp needed
 692 0060 BDE8F081 		pop	{r4, r5, r6, r7, r8, pc}
 693              	.LVL65:
 694              	.L76:
 695              	.LCFI13:
 696              		.cfi_restore_state
 209:Core/Src/app_log_sd.c ****     ctx->file_opened = 0U;
 697              		.loc 1 209 5 is_stmt 1 view .LVU188
 209:Core/Src/app_log_sd.c ****     ctx->file_opened = 0U;
 698              		.loc 1 209 11 is_stmt 0 view .LVU189
 699 0064 05F15400 		add	r0, r5, #84
 700 0068 FFF7FEFF 		bl	f_close
 701              	.LVL66:
 210:Core/Src/app_log_sd.c ****     ctx->file_header_written = 0U;
 702              		.loc 1 210 5 is_stmt 1 view .LVU190
 210:Core/Src/app_log_sd.c ****     ctx->file_header_written = 0U;
 703              		.loc 1 210 22 is_stmt 0 view .LVU191
 704 006c 0023     		movs	r3, #0
 705 006e 6B74     		strb	r3, [r5, #17]
 211:Core/Src/app_log_sd.c ****   }
 706              		.loc 1 211 5 is_stmt 1 view .LVU192
 211:Core/Src/app_log_sd.c ****   }
 707              		.loc 1 211 30 is_stmt 0 view .LVU193
 708 0070 AB74     		strb	r3, [r5, #18]
 709 0072 D8E7     		b	.L68
 710              	.LVL67:
 711              	.L77:
 230:Core/Src/app_log_sd.c ****   fr = f_lseek(&ctx->file, size_before);
 712              		.loc 1 230 3 is_stmt 1 view .LVU194
 230:Core/Src/app_log_sd.c ****   fr = f_lseek(&ctx->file, size_before);
 713              		.loc 1 230 15 is_stmt 0 view .LVU195
 714 0074 D5F86080 		ldr	r8, [r5, #96]
 715              	.LVL68:
 231:Core/Src/app_log_sd.c ****   if (fr != FR_OK)
 716              		.loc 1 231 3 is_stmt 1 view .LVU196
 231:Core/Src/app_log_sd.c ****   if (fr != FR_OK)
 717              		.loc 1 231 8 is_stmt 0 view .LVU197
 718 0078 4146     		mov	r1, r8
 719 007a 3846     		mov	r0, r7
 720              	.LVL69:
 231:Core/Src/app_log_sd.c ****   if (fr != FR_OK)
 721              		.loc 1 231 8 view .LVU198
 722 007c FFF7FEFF 		bl	f_lseek
 723              	.LVL70:
 232:Core/Src/app_log_sd.c ****   {
 724              		.loc 1 232 3 is_stmt 1 view .LVU199
 232:Core/Src/app_log_sd.c ****   {
 725              		.loc 1 232 6 is_stmt 0 view .LVU200
 726 0080 0646     		mov	r6, r0
 727 0082 58B9     		cbnz	r0, .L78
 238:Core/Src/app_log_sd.c ****   ctx->file_header_written = (uint8_t)((size_before > 0U) ? 1U : 0U);
 728              		.loc 1 238 3 is_stmt 1 view .LVU201
 238:Core/Src/app_log_sd.c ****   ctx->file_header_written = (uint8_t)((size_before > 0U) ? 1U : 0U);
 729              		.loc 1 238 20 is_stmt 0 view .LVU202
 730 0084 0123     		movs	r3, #1
ARM GAS  C:\Users\40918\AppData\Local\Temp\ccL5OIdk.s 			page 21


 731 0086 6B74     		strb	r3, [r5, #17]
 239:Core/Src/app_log_sd.c ****   ctx->current_file_date = first_entry->date;
 732              		.loc 1 239 3 is_stmt 1 view .LVU203
 239:Core/Src/app_log_sd.c ****   ctx->current_file_date = first_entry->date;
 733              		.loc 1 239 30 is_stmt 0 view .LVU204
 734 0088 B8F1000F 		cmp	r8, #0
 735 008c 00D1     		bne	.L70
 239:Core/Src/app_log_sd.c ****   ctx->current_file_date = first_entry->date;
 736              		.loc 1 239 30 discriminator 2 view .LVU205
 737 008e 0346     		mov	r3, r0
 738              	.L70:
 239:Core/Src/app_log_sd.c ****   ctx->current_file_date = first_entry->date;
 739              		.loc 1 239 28 discriminator 4 view .LVU206
 740 0090 AB74     		strb	r3, [r5, #18]
 240:Core/Src/app_log_sd.c ****   ctx->current_file_date_valid = 1U;
 741              		.loc 1 240 3 is_stmt 1 view .LVU207
 240:Core/Src/app_log_sd.c ****   ctx->current_file_date_valid = 1U;
 742              		.loc 1 240 26 is_stmt 0 view .LVU208
 743 0092 2368     		ldr	r3, [r4]
 744 0094 2B62     		str	r3, [r5, #32]
 241:Core/Src/app_log_sd.c ****   return FR_OK;
 745              		.loc 1 241 3 is_stmt 1 view .LVU209
 241:Core/Src/app_log_sd.c ****   return FR_OK;
 746              		.loc 1 241 32 is_stmt 0 view .LVU210
 747 0096 0123     		movs	r3, #1
 748 0098 AB75     		strb	r3, [r5, #22]
 242:Core/Src/app_log_sd.c **** }
 749              		.loc 1 242 3 is_stmt 1 view .LVU211
 242:Core/Src/app_log_sd.c **** }
 750              		.loc 1 242 10 is_stmt 0 view .LVU212
 751 009a DFE7     		b	.L66
 752              	.L78:
 234:Core/Src/app_log_sd.c ****     return fr;
 753              		.loc 1 234 5 is_stmt 1 view .LVU213
 234:Core/Src/app_log_sd.c ****     return fr;
 754              		.loc 1 234 11 is_stmt 0 view .LVU214
 755 009c 3846     		mov	r0, r7
 756              	.LVL71:
 234:Core/Src/app_log_sd.c ****     return fr;
 757              		.loc 1 234 11 view .LVU215
 758 009e FFF7FEFF 		bl	f_close
 759              	.LVL72:
 235:Core/Src/app_log_sd.c ****   }
 760              		.loc 1 235 5 is_stmt 1 view .LVU216
 235:Core/Src/app_log_sd.c ****   }
 761              		.loc 1 235 12 is_stmt 0 view .LVU217
 762 00a2 DBE7     		b	.L66
 763              	.LVL73:
 764              	.L71:
 197:Core/Src/app_log_sd.c ****   }
 765              		.loc 1 197 12 view .LVU218
 766 00a4 0926     		movs	r6, #9
 767 00a6 D9E7     		b	.L66
 768              	.L72:
 197:Core/Src/app_log_sd.c ****   }
 769              		.loc 1 197 12 view .LVU219
 770 00a8 0926     		movs	r6, #9
ARM GAS  C:\Users\40918\AppData\Local\Temp\ccL5OIdk.s 			page 22


 771 00aa D7E7     		b	.L66
 772              	.LVL74:
 773              	.L73:
 204:Core/Src/app_log_sd.c ****   }
 774              		.loc 1 204 12 view .LVU220
 775 00ac 0026     		movs	r6, #0
 776 00ae D5E7     		b	.L66
 777              	.L80:
 778              		.align	2
 779              	.L79:
 780 00b0 00000000 		.word	.LC1
 781              		.cfi_endproc
 782              	.LFE253:
 784              		.section	.rodata.AppLogSd_WriteBuffer.str1.4,"aMS",%progbits,1
 785              		.align	2
 786              	.LC2:
 787 0000 32302530 		.ascii	"20%02u-%02u-%02u %02u:%02u:%02u,%.6f,%.6f,%.3f,%.6f"
 787      32752D25 
 787      3032752D 
 787      25303275 
 787      20253032 
 788 0033 2C256C75 		.ascii	",%lu\015\012\000"
 788      0D0A00
 789              		.global	__aeabi_f2d
 790              		.section	.text.AppLogSd_WriteBuffer,"ax",%progbits
 791              		.align	1
 792              		.syntax unified
 793              		.thumb
 794              		.thumb_func
 796              	AppLogSd_WriteBuffer:
 797              	.LVL75:
 798              	.LFB255:
 270:Core/Src/app_log_sd.c **** 
 271:Core/Src/app_log_sd.c **** static FRESULT AppLogSd_WriteBuffer(app_log_sd_ctx_t *ctx, app_log_sd_buffer_t *buffer,
 272:Core/Src/app_log_sd.c ****                                     app_log_sd_stage_t *fail_stage,
 273:Core/Src/app_log_sd.c ****                                     uint32_t *fail_line_index)
 274:Core/Src/app_log_sd.c **** {
 799              		.loc 1 274 1 is_stmt 1 view -0
 800              		.cfi_startproc
 801              		@ args = 0, pretend = 0, frame = 184
 802              		@ frame_needed = 0, uses_anonymous_args = 0
 803              		.loc 1 274 1 is_stmt 0 view .LVU222
 804 0000 2DE9F04F 		push	{r4, r5, r6, r7, r8, r9, r10, fp, lr}
 805              	.LCFI14:
 806              		.cfi_def_cfa_offset 36
 807              		.cfi_offset 4, -36
 808              		.cfi_offset 5, -32
 809              		.cfi_offset 6, -28
 810              		.cfi_offset 7, -24
 811              		.cfi_offset 8, -20
 812              		.cfi_offset 9, -16
 813              		.cfi_offset 10, -12
 814              		.cfi_offset 11, -8
 815              		.cfi_offset 14, -4
 816 0004 2DED048B 		vpush.64	{d8, d9}
 817              	.LCFI15:
 818              		.cfi_def_cfa_offset 52
ARM GAS  C:\Users\40918\AppData\Local\Temp\ccL5OIdk.s 			page 23


 819              		.cfi_offset 80, -52
 820              		.cfi_offset 81, -48
 821              		.cfi_offset 82, -44
 822              		.cfi_offset 83, -40
 823 0008 BFB0     		sub	sp, sp, #252
 824              	.LCFI16:
 825              		.cfi_def_cfa_offset 304
 826 000a 9846     		mov	r8, r3
 275:Core/Src/app_log_sd.c ****   FRESULT fr;
 827              		.loc 1 275 3 is_stmt 1 view .LVU223
 276:Core/Src/app_log_sd.c ****   UINT bw = 0U;
 828              		.loc 1 276 3 view .LVU224
 829              		.loc 1 276 8 is_stmt 0 view .LVU225
 830 000c 0023     		movs	r3, #0
 831              	.LVL76:
 832              		.loc 1 276 8 view .LVU226
 833 000e 3D93     		str	r3, [sp, #244]
 277:Core/Src/app_log_sd.c ****   char line[APP_LOG_SD_LINE_MAX_LEN];
 834              		.loc 1 277 3 is_stmt 1 view .LVU227
 278:Core/Src/app_log_sd.c ****   int len;
 835              		.loc 1 278 3 view .LVU228
 279:Core/Src/app_log_sd.c ****   uint16_t i;
 836              		.loc 1 279 3 view .LVU229
 280:Core/Src/app_log_sd.c **** 
 281:Core/Src/app_log_sd.c ****   if ((ctx == NULL) || (buffer == NULL) || (buffer->count == 0U))
 837              		.loc 1 281 3 view .LVU230
 838              		.loc 1 281 6 is_stmt 0 view .LVU231
 839 0010 0028     		cmp	r0, #0
 840 0012 00F0E480 		beq	.L105
 841 0016 0E46     		mov	r6, r1
 842 0018 1746     		mov	r7, r2
 843 001a 0546     		mov	r5, r0
 844              		.loc 1 281 21 discriminator 1 view .LVU232
 845 001c 0029     		cmp	r1, #0
 846 001e 00F0E080 		beq	.L106
 847              		.loc 1 281 51 discriminator 2 view .LVU233
 848 0022 B1F8403B 		ldrh	r3, [r1, #2880]
 849              		.loc 1 281 41 discriminator 2 view .LVU234
 850 0026 002B     		cmp	r3, #0
 851 0028 00F0DD80 		beq	.L107
 282:Core/Src/app_log_sd.c ****   {
 283:Core/Src/app_log_sd.c ****     return FR_OK;
 284:Core/Src/app_log_sd.c ****   }
 285:Core/Src/app_log_sd.c **** 
 286:Core/Src/app_log_sd.c ****   if (fail_stage != NULL) { *fail_stage = APP_LOG_SD_STAGE_NONE; }
 852              		.loc 1 286 3 is_stmt 1 view .LVU235
 853              		.loc 1 286 6 is_stmt 0 view .LVU236
 854 002c 0AB1     		cbz	r2, .L83
 855              		.loc 1 286 29 is_stmt 1 discriminator 1 view .LVU237
 856              		.loc 1 286 41 is_stmt 0 discriminator 1 view .LVU238
 857 002e 0023     		movs	r3, #0
 858 0030 1370     		strb	r3, [r2]
 859              	.L83:
 287:Core/Src/app_log_sd.c ****   if (fail_line_index != NULL) { *fail_line_index = 0U; }
 860              		.loc 1 287 3 is_stmt 1 view .LVU239
 861              		.loc 1 287 6 is_stmt 0 view .LVU240
 862 0032 B8F1000F 		cmp	r8, #0
ARM GAS  C:\Users\40918\AppData\Local\Temp\ccL5OIdk.s 			page 24


 863 0036 02D0     		beq	.L84
 864              		.loc 1 287 34 is_stmt 1 discriminator 1 view .LVU241
 865              		.loc 1 287 51 is_stmt 0 discriminator 1 view .LVU242
 866 0038 0023     		movs	r3, #0
 867 003a C8F80030 		str	r3, [r8]
 868              	.L84:
 288:Core/Src/app_log_sd.c **** 
 289:Core/Src/app_log_sd.c ****   fr = AppLogSd_EnsureMounted(ctx);
 869              		.loc 1 289 3 is_stmt 1 view .LVU243
 870              		.loc 1 289 8 is_stmt 0 view .LVU244
 871 003e 2846     		mov	r0, r5
 872              	.LVL77:
 873              		.loc 1 289 8 view .LVU245
 874 0040 FFF7FEFF 		bl	AppLogSd_EnsureMounted
 875              	.LVL78:
 290:Core/Src/app_log_sd.c ****   if (fr != FR_OK)
 876              		.loc 1 290 3 is_stmt 1 view .LVU246
 877              		.loc 1 290 6 is_stmt 0 view .LVU247
 878 0044 0346     		mov	r3, r0
 879 0046 20B9     		cbnz	r0, .L111
 291:Core/Src/app_log_sd.c ****   {
 292:Core/Src/app_log_sd.c ****     if (fail_stage != NULL) { *fail_stage = APP_LOG_SD_STAGE_MOUNT; }
 293:Core/Src/app_log_sd.c ****     return fr;
 294:Core/Src/app_log_sd.c ****   }
 295:Core/Src/app_log_sd.c **** 
 296:Core/Src/app_log_sd.c ****   for (i = 0U; i < buffer->count; i++)
 880              		.loc 1 296 10 view .LVU248
 881 0048 0024     		movs	r4, #0
 882 004a 1297     		str	r7, [sp, #72]
 883 004c CDF84C80 		str	r8, [sp, #76]
 884 0050 69E0     		b	.L85
 885              	.L111:
 292:Core/Src/app_log_sd.c ****     return fr;
 886              		.loc 1 292 5 is_stmt 1 view .LVU249
 292:Core/Src/app_log_sd.c ****     return fr;
 887              		.loc 1 292 8 is_stmt 0 view .LVU250
 888 0052 002F     		cmp	r7, #0
 889 0054 00F0C880 		beq	.L82
 292:Core/Src/app_log_sd.c ****     return fr;
 890              		.loc 1 292 31 is_stmt 1 discriminator 1 view .LVU251
 292:Core/Src/app_log_sd.c ****     return fr;
 891              		.loc 1 292 43 is_stmt 0 discriminator 1 view .LVU252
 892 0058 0122     		movs	r2, #1
 893 005a 3A70     		strb	r2, [r7]
 293:Core/Src/app_log_sd.c ****   }
 894              		.loc 1 293 5 is_stmt 1 view .LVU253
 293:Core/Src/app_log_sd.c ****   }
 895              		.loc 1 293 12 is_stmt 0 view .LVU254
 896 005c C4E0     		b	.L82
 897              	.LVL79:
 898              	.L87:
 297:Core/Src/app_log_sd.c ****   {
 298:Core/Src/app_log_sd.c ****     if ((ctx->file_opened == 0U) ||
 299:Core/Src/app_log_sd.c ****         (ctx->current_file_date_valid == 0U) ||
 300:Core/Src/app_log_sd.c ****         (AppLogSd_SameDate(&ctx->current_file_date, &buffer->entries[i].date) == 0U))
 301:Core/Src/app_log_sd.c ****     {
 302:Core/Src/app_log_sd.c ****       fr = AppLogSd_OpenDailyFile(ctx, &buffer->entries[i]);
ARM GAS  C:\Users\40918\AppData\Local\Temp\ccL5OIdk.s 			page 25


 899              		.loc 1 302 7 is_stmt 1 view .LVU255
 900              		.loc 1 302 40 is_stmt 0 view .LVU256
 901 005e 04EB4401 		add	r1, r4, r4, lsl #1
 902              		.loc 1 302 12 view .LVU257
 903 0062 06EB0111 		add	r1, r6, r1, lsl #4
 904 0066 2846     		mov	r0, r5
 905 0068 FFF7FEFF 		bl	AppLogSd_OpenDailyFile
 906              	.LVL80:
 303:Core/Src/app_log_sd.c ****       if (fr != FR_OK)
 907              		.loc 1 303 7 is_stmt 1 view .LVU258
 908              		.loc 1 303 10 is_stmt 0 view .LVU259
 909 006c 0346     		mov	r3, r0
 910 006e 0028     		cmp	r0, #0
 911 0070 6ED1     		bne	.L112
 304:Core/Src/app_log_sd.c ****       {
 305:Core/Src/app_log_sd.c ****         if (fail_stage != NULL) { *fail_stage = APP_LOG_SD_STAGE_OPEN; }
 306:Core/Src/app_log_sd.c ****         if (fail_line_index != NULL) { *fail_line_index = i; }
 307:Core/Src/app_log_sd.c ****         return fr;
 308:Core/Src/app_log_sd.c ****       }
 309:Core/Src/app_log_sd.c **** 
 310:Core/Src/app_log_sd.c ****       fr = AppLogSd_WriteHeaderIfNeeded(ctx);
 912              		.loc 1 310 7 is_stmt 1 view .LVU260
 913              		.loc 1 310 12 is_stmt 0 view .LVU261
 914 0072 2846     		mov	r0, r5
 915              	.LVL81:
 916              		.loc 1 310 12 view .LVU262
 917 0074 FFF7FEFF 		bl	AppLogSd_WriteHeaderIfNeeded
 918              	.LVL82:
 311:Core/Src/app_log_sd.c ****       if (fr != FR_OK)
 919              		.loc 1 311 7 is_stmt 1 view .LVU263
 920              		.loc 1 311 10 is_stmt 0 view .LVU264
 921 0078 0346     		mov	r3, r0
 922 007a 0028     		cmp	r0, #0
 923 007c 74D1     		bne	.L113
 924              	.LVL83:
 925              	.L88:
 312:Core/Src/app_log_sd.c ****       {
 313:Core/Src/app_log_sd.c ****         if (fail_stage != NULL) { *fail_stage = APP_LOG_SD_STAGE_HEADER; }
 314:Core/Src/app_log_sd.c ****         if (fail_line_index != NULL) { *fail_line_index = i; }
 315:Core/Src/app_log_sd.c ****         return fr;
 316:Core/Src/app_log_sd.c ****       }
 317:Core/Src/app_log_sd.c ****     }
 318:Core/Src/app_log_sd.c **** 
 319:Core/Src/app_log_sd.c ****     len = snprintf(line,
 926              		.loc 1 319 5 is_stmt 1 view .LVU265
 320:Core/Src/app_log_sd.c ****                    sizeof(line),
 321:Core/Src/app_log_sd.c ****                    "20%02u-%02u-%02u %02u:%02u:%02u,%.6f,%.6f,%.3f,%.6f,%lu\r\n",
 322:Core/Src/app_log_sd.c ****                    buffer->entries[i].date.Year,
 927              		.loc 1 322 43 is_stmt 0 view .LVU266
 928 007e 04EB4403 		add	r3, r4, r4, lsl #1
 929 0082 06EB0313 		add	r3, r6, r3, lsl #4
 930 0086 DA78     		ldrb	r2, [r3, #3]	@ zero_extendqisi2
 931 0088 1192     		str	r2, [sp, #68]
 323:Core/Src/app_log_sd.c ****                    buffer->entries[i].date.Month,
 932              		.loc 1 323 43 view .LVU267
 933 008a 5F78     		ldrb	r7, [r3, #1]	@ zero_extendqisi2
 324:Core/Src/app_log_sd.c ****                    buffer->entries[i].date.Date,
ARM GAS  C:\Users\40918\AppData\Local\Temp\ccL5OIdk.s 			page 26


 934              		.loc 1 324 43 view .LVU268
 935 008c 93F80280 		ldrb	r8, [r3, #2]	@ zero_extendqisi2
 325:Core/Src/app_log_sd.c ****                    buffer->entries[i].time.Hours,
 936              		.loc 1 325 43 view .LVU269
 937 0090 93F80490 		ldrb	r9, [r3, #4]	@ zero_extendqisi2
 326:Core/Src/app_log_sd.c ****                    buffer->entries[i].time.Minutes,
 938              		.loc 1 326 43 view .LVU270
 939 0094 93F805A0 		ldrb	r10, [r3, #5]	@ zero_extendqisi2
 327:Core/Src/app_log_sd.c ****                    buffer->entries[i].time.Seconds,
 940              		.loc 1 327 43 view .LVU271
 941 0098 93F806B0 		ldrb	fp, [r3, #6]	@ zero_extendqisi2
 328:Core/Src/app_log_sd.c ****                    (double)buffer->entries[i].result.torque,
 942              		.loc 1 328 53 view .LVU272
 943 009c 93ED078A 		vldr.32	s16, [r3, #28]
 329:Core/Src/app_log_sd.c ****                    (double)buffer->entries[i].result.thrust,
 944              		.loc 1 329 53 view .LVU273
 945 00a0 D3ED088A 		vldr.32	s17, [r3, #32]
 330:Core/Src/app_log_sd.c ****                    (double)buffer->entries[i].result.rpm,
 946              		.loc 1 330 53 view .LVU274
 947 00a4 93ED099A 		vldr.32	s18, [r3, #36]
 331:Core/Src/app_log_sd.c ****                    (double)buffer->entries[i].result.power,
 948              		.loc 1 331 53 view .LVU275
 949 00a8 986A     		ldr	r0, [r3, #40]	@ float
 332:Core/Src/app_log_sd.c ****                    (unsigned long)buffer->entries[i].result.status_flags);
 950              		.loc 1 332 60 view .LVU276
 951 00aa 04EB4403 		add	r3, r4, r4, lsl #1
 952 00ae 06EB0313 		add	r3, r6, r3, lsl #4
 953 00b2 DB6A     		ldr	r3, [r3, #44]
 319:Core/Src/app_log_sd.c ****                    sizeof(line),
 954              		.loc 1 319 11 view .LVU277
 955 00b4 0E93     		str	r3, [sp, #56]
 956 00b6 FFF7FEFF 		bl	__aeabi_f2d
 957              	.LVL84:
 958 00ba CDE90C01 		strd	r0, [sp, #48]
 959 00be 19EE100A 		vmov	r0, s18
 960 00c2 FFF7FEFF 		bl	__aeabi_f2d
 961              	.LVL85:
 962 00c6 CDE90A01 		strd	r0, [sp, #40]
 963 00ca 18EE900A 		vmov	r0, s17
 964 00ce FFF7FEFF 		bl	__aeabi_f2d
 965              	.LVL86:
 966 00d2 CDE90801 		strd	r0, [sp, #32]
 967 00d6 18EE100A 		vmov	r0, s16
 968 00da FFF7FEFF 		bl	__aeabi_f2d
 969              	.LVL87:
 970 00de CDE90601 		strd	r0, [sp, #24]
 971 00e2 CDF810B0 		str	fp, [sp, #16]
 972 00e6 CDF80CA0 		str	r10, [sp, #12]
 973 00ea CDF80890 		str	r9, [sp, #8]
 974 00ee CDF80480 		str	r8, [sp, #4]
 975 00f2 0097     		str	r7, [sp]
 976 00f4 119B     		ldr	r3, [sp, #68]
 977 00f6 3F4A     		ldr	r2, .L116
 978 00f8 A021     		movs	r1, #160
 979 00fa 15A8     		add	r0, sp, #84
 980 00fc FFF7FEFF 		bl	snprintf
 981              	.LVL88:
ARM GAS  C:\Users\40918\AppData\Local\Temp\ccL5OIdk.s 			page 27


 982 0100 0746     		mov	r7, r0
 983              	.LVL89:
 333:Core/Src/app_log_sd.c ****     if ((len <= 0) || (len >= (int)sizeof(line)))
 984              		.loc 1 333 5 is_stmt 1 view .LVU278
 985              		.loc 1 333 20 is_stmt 0 view .LVU279
 986 0102 431E     		subs	r3, r0, #1
 987              		.loc 1 333 8 view .LVU280
 988 0104 9E2B     		cmp	r3, #158
 989 0106 3BD8     		bhi	.L114
 334:Core/Src/app_log_sd.c ****     {
 335:Core/Src/app_log_sd.c ****       if (fail_stage != NULL) { *fail_stage = APP_LOG_SD_STAGE_WRITE; }
 336:Core/Src/app_log_sd.c ****       if (fail_line_index != NULL) { *fail_line_index = i; }
 337:Core/Src/app_log_sd.c ****       return FR_INVALID_PARAMETER;
 338:Core/Src/app_log_sd.c ****     }
 339:Core/Src/app_log_sd.c **** 
 340:Core/Src/app_log_sd.c ****     fr = f_write(&ctx->file, line, (UINT)len, &bw);
 990              		.loc 1 340 5 is_stmt 1 view .LVU281
 991              		.loc 1 340 10 is_stmt 0 view .LVU282
 992 0108 3DAB     		add	r3, sp, #244
 993 010a 0246     		mov	r2, r0
 994 010c 15A9     		add	r1, sp, #84
 995 010e 05F15400 		add	r0, r5, #84
 996              	.LVL90:
 997              		.loc 1 340 10 view .LVU283
 998 0112 FFF7FEFF 		bl	f_write
 999              	.LVL91:
 341:Core/Src/app_log_sd.c ****     if ((fr != FR_OK) || (bw != (UINT)len))
 1000              		.loc 1 341 5 is_stmt 1 view .LVU284
 1001              		.loc 1 341 8 is_stmt 0 view .LVU285
 1002 0116 0346     		mov	r3, r0
 1003 0118 0028     		cmp	r0, #0
 1004 011a 3ED1     		bne	.L97
 1005              		.loc 1 341 30 discriminator 1 view .LVU286
 1006 011c 3D9A     		ldr	r2, [sp, #244]
 1007              		.loc 1 341 23 discriminator 1 view .LVU287
 1008 011e 9742     		cmp	r7, r2
 1009 0120 3BD1     		bne	.L97
 296:Core/Src/app_log_sd.c ****   {
 1010              		.loc 1 296 36 is_stmt 1 discriminator 2 view .LVU288
 1011 0122 0134     		adds	r4, r4, #1
 1012              	.LVL92:
 296:Core/Src/app_log_sd.c ****   {
 1013              		.loc 1 296 36 is_stmt 0 discriminator 2 view .LVU289
 1014 0124 A4B2     		uxth	r4, r4
 1015              	.LVL93:
 1016              	.L85:
 296:Core/Src/app_log_sd.c ****   {
 1017              		.loc 1 296 18 is_stmt 1 discriminator 1 view .LVU290
 296:Core/Src/app_log_sd.c ****   {
 1018              		.loc 1 296 26 is_stmt 0 discriminator 1 view .LVU291
 1019 0126 B6F8403B 		ldrh	r3, [r6, #2880]
 296:Core/Src/app_log_sd.c ****   {
 1020              		.loc 1 296 18 discriminator 1 view .LVU292
 1021 012a A342     		cmp	r3, r4
 1022 012c 43D9     		bls	.L115
 298:Core/Src/app_log_sd.c ****         (ctx->current_file_date_valid == 0U) ||
 1023              		.loc 1 298 5 is_stmt 1 view .LVU293
ARM GAS  C:\Users\40918\AppData\Local\Temp\ccL5OIdk.s 			page 28


 298:Core/Src/app_log_sd.c ****         (ctx->current_file_date_valid == 0U) ||
 1024              		.loc 1 298 13 is_stmt 0 view .LVU294
 1025 012e 6B7C     		ldrb	r3, [r5, #17]	@ zero_extendqisi2
 298:Core/Src/app_log_sd.c ****         (ctx->current_file_date_valid == 0U) ||
 1026              		.loc 1 298 8 view .LVU295
 1027 0130 002B     		cmp	r3, #0
 1028 0132 94D0     		beq	.L87
 299:Core/Src/app_log_sd.c ****         (AppLogSd_SameDate(&ctx->current_file_date, &buffer->entries[i].date) == 0U))
 1029              		.loc 1 299 13 view .LVU296
 1030 0134 AB7D     		ldrb	r3, [r5, #22]	@ zero_extendqisi2
 298:Core/Src/app_log_sd.c ****         (ctx->current_file_date_valid == 0U) ||
 1031              		.loc 1 298 34 discriminator 1 view .LVU297
 1032 0136 002B     		cmp	r3, #0
 1033 0138 91D0     		beq	.L87
 300:Core/Src/app_log_sd.c ****     {
 1034              		.loc 1 300 53 view .LVU298
 1035 013a 04EB4401 		add	r1, r4, r4, lsl #1
 300:Core/Src/app_log_sd.c ****     {
 1036              		.loc 1 300 10 view .LVU299
 1037 013e 06EB0111 		add	r1, r6, r1, lsl #4
 1038 0142 05F12000 		add	r0, r5, #32
 1039              	.LVL94:
 300:Core/Src/app_log_sd.c ****     {
 1040              		.loc 1 300 10 view .LVU300
 1041 0146 FFF7FEFF 		bl	AppLogSd_SameDate
 1042              	.LVL95:
 299:Core/Src/app_log_sd.c ****         (AppLogSd_SameDate(&ctx->current_file_date, &buffer->entries[i].date) == 0U))
 1043              		.loc 1 299 46 view .LVU301
 1044 014a 0028     		cmp	r0, #0
 1045 014c 97D1     		bne	.L88
 1046 014e 86E7     		b	.L87
 1047              	.LVL96:
 1048              	.L112:
 305:Core/Src/app_log_sd.c ****         if (fail_line_index != NULL) { *fail_line_index = i; }
 1049              		.loc 1 305 12 view .LVU302
 1050 0150 129F     		ldr	r7, [sp, #72]
 1051 0152 DDF84C80 		ldr	r8, [sp, #76]
 305:Core/Src/app_log_sd.c ****         if (fail_line_index != NULL) { *fail_line_index = i; }
 1052              		.loc 1 305 9 is_stmt 1 view .LVU303
 305:Core/Src/app_log_sd.c ****         if (fail_line_index != NULL) { *fail_line_index = i; }
 1053              		.loc 1 305 12 is_stmt 0 view .LVU304
 1054 0156 0FB1     		cbz	r7, .L90
 305:Core/Src/app_log_sd.c ****         if (fail_line_index != NULL) { *fail_line_index = i; }
 1055              		.loc 1 305 35 is_stmt 1 discriminator 1 view .LVU305
 305:Core/Src/app_log_sd.c ****         if (fail_line_index != NULL) { *fail_line_index = i; }
 1056              		.loc 1 305 47 is_stmt 0 discriminator 1 view .LVU306
 1057 0158 0222     		movs	r2, #2
 1058 015a 3A70     		strb	r2, [r7]
 1059              	.L90:
 306:Core/Src/app_log_sd.c ****         return fr;
 1060              		.loc 1 306 9 is_stmt 1 view .LVU307
 306:Core/Src/app_log_sd.c ****         return fr;
 1061              		.loc 1 306 12 is_stmt 0 view .LVU308
 1062 015c B8F1000F 		cmp	r8, #0
 1063 0160 42D0     		beq	.L82
 306:Core/Src/app_log_sd.c ****         return fr;
 1064              		.loc 1 306 40 is_stmt 1 discriminator 1 view .LVU309
ARM GAS  C:\Users\40918\AppData\Local\Temp\ccL5OIdk.s 			page 29


 306:Core/Src/app_log_sd.c ****         return fr;
 1065              		.loc 1 306 57 is_stmt 0 discriminator 1 view .LVU310
 1066 0162 C8F80040 		str	r4, [r8]
 307:Core/Src/app_log_sd.c ****       }
 1067              		.loc 1 307 9 is_stmt 1 view .LVU311
 307:Core/Src/app_log_sd.c ****       }
 1068              		.loc 1 307 16 is_stmt 0 view .LVU312
 1069 0166 3FE0     		b	.L82
 1070              	.L113:
 313:Core/Src/app_log_sd.c ****         if (fail_line_index != NULL) { *fail_line_index = i; }
 1071              		.loc 1 313 12 view .LVU313
 1072 0168 129F     		ldr	r7, [sp, #72]
 1073 016a DDF84C80 		ldr	r8, [sp, #76]
 313:Core/Src/app_log_sd.c ****         if (fail_line_index != NULL) { *fail_line_index = i; }
 1074              		.loc 1 313 9 is_stmt 1 view .LVU314
 313:Core/Src/app_log_sd.c ****         if (fail_line_index != NULL) { *fail_line_index = i; }
 1075              		.loc 1 313 12 is_stmt 0 view .LVU315
 1076 016e 0FB1     		cbz	r7, .L92
 313:Core/Src/app_log_sd.c ****         if (fail_line_index != NULL) { *fail_line_index = i; }
 1077              		.loc 1 313 35 is_stmt 1 discriminator 1 view .LVU316
 313:Core/Src/app_log_sd.c ****         if (fail_line_index != NULL) { *fail_line_index = i; }
 1078              		.loc 1 313 47 is_stmt 0 discriminator 1 view .LVU317
 1079 0170 0422     		movs	r2, #4
 1080 0172 3A70     		strb	r2, [r7]
 1081              	.L92:
 314:Core/Src/app_log_sd.c ****         return fr;
 1082              		.loc 1 314 9 is_stmt 1 view .LVU318
 314:Core/Src/app_log_sd.c ****         return fr;
 1083              		.loc 1 314 12 is_stmt 0 view .LVU319
 1084 0174 B8F1000F 		cmp	r8, #0
 1085 0178 36D0     		beq	.L82
 314:Core/Src/app_log_sd.c ****         return fr;
 1086              		.loc 1 314 40 is_stmt 1 discriminator 1 view .LVU320
 314:Core/Src/app_log_sd.c ****         return fr;
 1087              		.loc 1 314 57 is_stmt 0 discriminator 1 view .LVU321
 1088 017a C8F80040 		str	r4, [r8]
 315:Core/Src/app_log_sd.c ****       }
 1089              		.loc 1 315 9 is_stmt 1 view .LVU322
 315:Core/Src/app_log_sd.c ****       }
 1090              		.loc 1 315 16 is_stmt 0 view .LVU323
 1091 017e 33E0     		b	.L82
 1092              	.LVL97:
 1093              	.L114:
 335:Core/Src/app_log_sd.c ****       if (fail_line_index != NULL) { *fail_line_index = i; }
 1094              		.loc 1 335 10 view .LVU324
 1095 0180 129F     		ldr	r7, [sp, #72]
 1096 0182 DDF84C80 		ldr	r8, [sp, #76]
 335:Core/Src/app_log_sd.c ****       if (fail_line_index != NULL) { *fail_line_index = i; }
 1097              		.loc 1 335 7 is_stmt 1 view .LVU325
 335:Core/Src/app_log_sd.c ****       if (fail_line_index != NULL) { *fail_line_index = i; }
 1098              		.loc 1 335 10 is_stmt 0 view .LVU326
 1099 0186 0FB1     		cbz	r7, .L95
 335:Core/Src/app_log_sd.c ****       if (fail_line_index != NULL) { *fail_line_index = i; }
 1100              		.loc 1 335 33 is_stmt 1 discriminator 1 view .LVU327
 335:Core/Src/app_log_sd.c ****       if (fail_line_index != NULL) { *fail_line_index = i; }
 1101              		.loc 1 335 45 is_stmt 0 discriminator 1 view .LVU328
 1102 0188 0523     		movs	r3, #5
ARM GAS  C:\Users\40918\AppData\Local\Temp\ccL5OIdk.s 			page 30


 1103 018a 3B70     		strb	r3, [r7]
 1104              	.L95:
 336:Core/Src/app_log_sd.c ****       return FR_INVALID_PARAMETER;
 1105              		.loc 1 336 7 is_stmt 1 view .LVU329
 336:Core/Src/app_log_sd.c ****       return FR_INVALID_PARAMETER;
 1106              		.loc 1 336 10 is_stmt 0 view .LVU330
 1107 018c B8F1000F 		cmp	r8, #0
 1108 0190 01D0     		beq	.L96
 336:Core/Src/app_log_sd.c ****       return FR_INVALID_PARAMETER;
 1109              		.loc 1 336 38 is_stmt 1 discriminator 1 view .LVU331
 336:Core/Src/app_log_sd.c ****       return FR_INVALID_PARAMETER;
 1110              		.loc 1 336 55 is_stmt 0 discriminator 1 view .LVU332
 1111 0192 C8F80040 		str	r4, [r8]
 1112              	.L96:
 337:Core/Src/app_log_sd.c ****     }
 1113              		.loc 1 337 7 is_stmt 1 view .LVU333
 337:Core/Src/app_log_sd.c ****     }
 1114              		.loc 1 337 14 is_stmt 0 view .LVU334
 1115 0196 1323     		movs	r3, #19
 1116 0198 26E0     		b	.L82
 1117              	.LVL98:
 1118              	.L97:
 342:Core/Src/app_log_sd.c ****     {
 343:Core/Src/app_log_sd.c ****       if (fail_stage != NULL) { *fail_stage = APP_LOG_SD_STAGE_WRITE; }
 1119              		.loc 1 343 10 view .LVU335
 1120 019a 129F     		ldr	r7, [sp, #72]
 1121              	.LVL99:
 1122              		.loc 1 343 10 view .LVU336
 1123 019c DDF84C80 		ldr	r8, [sp, #76]
 1124              		.loc 1 343 7 is_stmt 1 view .LVU337
 1125              		.loc 1 343 10 is_stmt 0 view .LVU338
 1126 01a0 0FB1     		cbz	r7, .L99
 1127              		.loc 1 343 33 is_stmt 1 discriminator 1 view .LVU339
 1128              		.loc 1 343 45 is_stmt 0 discriminator 1 view .LVU340
 1129 01a2 0522     		movs	r2, #5
 1130 01a4 3A70     		strb	r2, [r7]
 1131              	.L99:
 344:Core/Src/app_log_sd.c ****       if (fail_line_index != NULL) { *fail_line_index = i; }
 1132              		.loc 1 344 7 is_stmt 1 view .LVU341
 1133              		.loc 1 344 10 is_stmt 0 view .LVU342
 1134 01a6 B8F1000F 		cmp	r8, #0
 1135 01aa 01D0     		beq	.L100
 1136              		.loc 1 344 38 is_stmt 1 discriminator 1 view .LVU343
 1137              		.loc 1 344 55 is_stmt 0 discriminator 1 view .LVU344
 1138 01ac C8F80040 		str	r4, [r8]
 1139              	.L100:
 345:Core/Src/app_log_sd.c ****       return (fr == FR_OK) ? FR_DISK_ERR : fr;
 1140              		.loc 1 345 7 is_stmt 1 view .LVU345
 1141              		.loc 1 345 42 is_stmt 0 view .LVU346
 1142 01b0 D3B9     		cbnz	r3, .L82
 1143              		.loc 1 345 42 discriminator 2 view .LVU347
 1144 01b2 0123     		movs	r3, #1
 1145              		.loc 1 345 42 view .LVU348
 1146 01b4 18E0     		b	.L82
 1147              	.LVL100:
 1148              	.L115:
 346:Core/Src/app_log_sd.c ****     }
ARM GAS  C:\Users\40918\AppData\Local\Temp\ccL5OIdk.s 			page 31


 347:Core/Src/app_log_sd.c ****   }
 348:Core/Src/app_log_sd.c **** 
 349:Core/Src/app_log_sd.c ****   fr = f_sync(&ctx->file);
 1149              		.loc 1 349 8 view .LVU349
 1150 01b6 129F     		ldr	r7, [sp, #72]
 1151 01b8 DDF84C80 		ldr	r8, [sp, #76]
 1152              		.loc 1 349 3 is_stmt 1 view .LVU350
 1153              		.loc 1 349 8 is_stmt 0 view .LVU351
 1154 01bc 05F15400 		add	r0, r5, #84
 1155              	.LVL101:
 1156              		.loc 1 349 8 view .LVU352
 1157 01c0 FFF7FEFF 		bl	f_sync
 1158              	.LVL102:
 350:Core/Src/app_log_sd.c ****   if (fr != FR_OK)
 1159              		.loc 1 350 3 is_stmt 1 view .LVU353
 1160              		.loc 1 350 6 is_stmt 0 view .LVU354
 1161 01c4 0346     		mov	r3, r0
 1162 01c6 78B1     		cbz	r0, .L82
 351:Core/Src/app_log_sd.c ****   {
 352:Core/Src/app_log_sd.c ****     if (fail_stage != NULL) { *fail_stage = APP_LOG_SD_STAGE_SYNC; }
 1163              		.loc 1 352 5 is_stmt 1 view .LVU355
 1164              		.loc 1 352 8 is_stmt 0 view .LVU356
 1165 01c8 0FB1     		cbz	r7, .L103
 1166              		.loc 1 352 31 is_stmt 1 discriminator 1 view .LVU357
 1167              		.loc 1 352 43 is_stmt 0 discriminator 1 view .LVU358
 1168 01ca 0622     		movs	r2, #6
 1169 01cc 3A70     		strb	r2, [r7]
 1170              	.L103:
 353:Core/Src/app_log_sd.c ****     if (fail_line_index != NULL) { *fail_line_index = buffer->count; }
 1171              		.loc 1 353 5 is_stmt 1 view .LVU359
 1172              		.loc 1 353 8 is_stmt 0 view .LVU360
 1173 01ce B8F1000F 		cmp	r8, #0
 1174 01d2 09D0     		beq	.L82
 1175              		.loc 1 353 36 is_stmt 1 discriminator 1 view .LVU361
 1176              		.loc 1 353 61 is_stmt 0 discriminator 1 view .LVU362
 1177 01d4 B6F8402B 		ldrh	r2, [r6, #2880]
 1178              		.loc 1 353 53 discriminator 1 view .LVU363
 1179 01d8 C8F80020 		str	r2, [r8]
 354:Core/Src/app_log_sd.c ****     return fr;
 1180              		.loc 1 354 5 is_stmt 1 view .LVU364
 1181              		.loc 1 354 12 is_stmt 0 view .LVU365
 1182 01dc 04E0     		b	.L82
 1183              	.LVL103:
 1184              	.L105:
 283:Core/Src/app_log_sd.c ****   }
 1185              		.loc 1 283 12 view .LVU366
 1186 01de 0023     		movs	r3, #0
 1187 01e0 02E0     		b	.L82
 1188              	.L106:
 283:Core/Src/app_log_sd.c ****   }
 1189              		.loc 1 283 12 view .LVU367
 1190 01e2 0023     		movs	r3, #0
 1191 01e4 00E0     		b	.L82
 1192              	.L107:
 1193 01e6 0023     		movs	r3, #0
 1194              	.LVL104:
 1195              	.L82:
ARM GAS  C:\Users\40918\AppData\Local\Temp\ccL5OIdk.s 			page 32


 355:Core/Src/app_log_sd.c ****   }
 356:Core/Src/app_log_sd.c **** 
 357:Core/Src/app_log_sd.c ****   return FR_OK;
 358:Core/Src/app_log_sd.c **** }
 1196              		.loc 1 358 1 view .LVU368
 1197 01e8 1846     		mov	r0, r3
 1198 01ea 3FB0     		add	sp, sp, #252
 1199              	.LCFI17:
 1200              		.cfi_def_cfa_offset 52
 1201              		@ sp needed
 1202 01ec BDEC048B 		vldm	sp!, {d8-d9}
 1203              	.LCFI18:
 1204              		.cfi_restore 82
 1205              		.cfi_restore 83
 1206              		.cfi_restore 80
 1207              		.cfi_restore 81
 1208              		.cfi_def_cfa_offset 36
 1209 01f0 BDE8F08F 		pop	{r4, r5, r6, r7, r8, r9, r10, fp, pc}
 1210              	.L117:
 1211              		.align	2
 1212              	.L116:
 1213 01f4 00000000 		.word	.LC2
 1214              		.cfi_endproc
 1215              	.LFE255:
 1217              		.section	.rodata.AppLogSd_LogFailure.str1.4,"aMS",%progbits,1
 1218              		.align	2
 1219              	.LC3:
 1220 0000 6D6F756E 		.ascii	"mount\000"
 1220      7400
 1221 0006 0000     		.align	2
 1222              	.LC4:
 1223 0008 6F70656E 		.ascii	"open\000"
 1223      00
 1224 000d 000000   		.align	2
 1225              	.LC5:
 1226 0010 6C736565 		.ascii	"lseek\000"
 1226      6B00
 1227 0016 0000     		.align	2
 1228              	.LC6:
 1229 0018 68656164 		.ascii	"header\000"
 1229      657200
 1230 001f 00       		.align	2
 1231              	.LC7:
 1232 0020 77726974 		.ascii	"write\000"
 1232      6500
 1233 0026 0000     		.align	2
 1234              	.LC8:
 1235 0028 73796E63 		.ascii	"sync\000"
 1235      00
 1236 002d 000000   		.align	2
 1237              	.LC9:
 1238 0030 756E6B6E 		.ascii	"unknown\000"
 1238      6F776E00 
 1239              		.align	2
 1240              	.LC10:
 1241 0038 286E6F6E 		.ascii	"(none)\000"
 1241      652900
ARM GAS  C:\Users\40918\AppData\Local\Temp\ccL5OIdk.s 			page 33


 1242 003f 00       		.align	2
 1243              	.LC11:
 1244 0040 5B53445D 		.ascii	"[SD] fail stage=%s fr=%u line=%lu mounted=%u opened"
 1244      20666169 
 1244      6C207374 
 1244      6167653D 
 1244      25732066 
 1245 0073 3D257520 		.ascii	"=%u card=%lu herr=0x%08lX hstate=%lu path=%s\015\012"
 1245      63617264 
 1245      3D256C75 
 1245      20686572 
 1245      723D3078 
 1246 00a1 00       		.ascii	"\000"
 1247              		.section	.text.AppLogSd_LogFailure,"ax",%progbits
 1248              		.align	1
 1249              		.syntax unified
 1250              		.thumb
 1251              		.thumb_func
 1253              	AppLogSd_LogFailure:
 1254              	.LVL105:
 1255              	.LFB251:
 125:Core/Src/app_log_sd.c ****   uint32_t card_state = 0xFFFFFFFFUL;
 1256              		.loc 1 125 1 is_stmt 1 view -0
 1257              		.cfi_startproc
 1258              		@ args = 0, pretend = 0, frame = 0
 1259              		@ frame_needed = 0, uses_anonymous_args = 0
 126:Core/Src/app_log_sd.c ****   uint32_t hal_err = 0xFFFFFFFFUL;
 1260              		.loc 1 126 3 view .LVU370
 127:Core/Src/app_log_sd.c ****   uint32_t hal_state = 0xFFFFFFFFUL;
 1261              		.loc 1 127 3 view .LVU371
 128:Core/Src/app_log_sd.c ****   const char *stage_name = "unknown";
 1262              		.loc 1 128 3 view .LVU372
 129:Core/Src/app_log_sd.c ****   extern SD_HandleTypeDef hsd;
 1263              		.loc 1 129 3 view .LVU373
 130:Core/Src/app_log_sd.c **** 
 1264              		.loc 1 130 3 view .LVU374
 132:Core/Src/app_log_sd.c ****   {
 1265              		.loc 1 132 3 view .LVU375
 132:Core/Src/app_log_sd.c ****   {
 1266              		.loc 1 132 6 is_stmt 0 view .LVU376
 1267 0000 0028     		cmp	r0, #0
 1268 0002 4AD0     		beq	.L134
 125:Core/Src/app_log_sd.c ****   uint32_t card_state = 0xFFFFFFFFUL;
 1269              		.loc 1 125 1 view .LVU377
 1270 0004 2DE9F047 		push	{r4, r5, r6, r7, r8, r9, r10, lr}
 1271              	.LCFI19:
 1272              		.cfi_def_cfa_offset 32
 1273              		.cfi_offset 4, -32
 1274              		.cfi_offset 5, -28
 1275              		.cfi_offset 6, -24
 1276              		.cfi_offset 7, -20
 1277              		.cfi_offset 8, -16
 1278              		.cfi_offset 9, -12
 1279              		.cfi_offset 10, -8
 1280              		.cfi_offset 14, -4
 1281 0008 86B0     		sub	sp, sp, #24
 1282              	.LCFI20:
ARM GAS  C:\Users\40918\AppData\Local\Temp\ccL5OIdk.s 			page 34


 1283              		.cfi_def_cfa_offset 56
 1284 000a 1546     		mov	r5, r2
 1285 000c 1E46     		mov	r6, r3
 1286 000e 0446     		mov	r4, r0
 137:Core/Src/app_log_sd.c ****   {
 1287              		.loc 1 137 3 is_stmt 1 view .LVU378
 1288 0010 0139     		subs	r1, r1, #1
 1289              	.LVL106:
 137:Core/Src/app_log_sd.c ****   {
 1290              		.loc 1 137 3 is_stmt 0 view .LVU379
 1291 0012 0529     		cmp	r1, #5
 1292 0014 04D8     		bhi	.L120
 1293 0016 DFE801F0 		tbb	[pc, r1]
 1294              	.LVL107:
 1295              	.L122:
 1296 001a 15       		.byte	(.L130-.L122)/2
 1297 001b 06       		.byte	(.L126-.L122)/2
 1298 001c 09       		.byte	(.L125-.L122)/2
 1299 001d 0C       		.byte	(.L124-.L122)/2
 1300 001e 0F       		.byte	(.L123-.L122)/2
 1301 001f 12       		.byte	(.L121-.L122)/2
 1302              		.p2align 1
 1303              	.L120:
 137:Core/Src/app_log_sd.c ****   {
 1304              		.loc 1 137 3 view .LVU380
 1305 0020 DFF88090 		ldr	r9, .L138+8
 1306 0024 10E0     		b	.L127
 1307              	.L126:
 140:Core/Src/app_log_sd.c ****     case APP_LOG_SD_STAGE_LSEEK: stage_name = "lseek"; break;
 1308              		.loc 1 140 34 is_stmt 1 view .LVU381
 1309              	.LVL108:
 140:Core/Src/app_log_sd.c ****     case APP_LOG_SD_STAGE_LSEEK: stage_name = "lseek"; break;
 1310              		.loc 1 140 56 view .LVU382
 140:Core/Src/app_log_sd.c ****     case APP_LOG_SD_STAGE_LSEEK: stage_name = "lseek"; break;
 1311              		.loc 1 140 45 is_stmt 0 view .LVU383
 1312 0026 DFF88090 		ldr	r9, .L138+12
 140:Core/Src/app_log_sd.c ****     case APP_LOG_SD_STAGE_LSEEK: stage_name = "lseek"; break;
 1313              		.loc 1 140 56 view .LVU384
 1314 002a 0DE0     		b	.L127
 1315              	.LVL109:
 1316              	.L125:
 141:Core/Src/app_log_sd.c ****     case APP_LOG_SD_STAGE_HEADER: stage_name = "header"; break;
 1317              		.loc 1 141 34 is_stmt 1 view .LVU385
 141:Core/Src/app_log_sd.c ****     case APP_LOG_SD_STAGE_HEADER: stage_name = "header"; break;
 1318              		.loc 1 141 56 view .LVU386
 141:Core/Src/app_log_sd.c ****     case APP_LOG_SD_STAGE_HEADER: stage_name = "header"; break;
 1319              		.loc 1 141 45 is_stmt 0 view .LVU387
 1320 002c DFF87C90 		ldr	r9, .L138+16
 141:Core/Src/app_log_sd.c ****     case APP_LOG_SD_STAGE_HEADER: stage_name = "header"; break;
 1321              		.loc 1 141 56 view .LVU388
 1322 0030 0AE0     		b	.L127
 1323              	.LVL110:
 1324              	.L124:
 142:Core/Src/app_log_sd.c ****     case APP_LOG_SD_STAGE_WRITE: stage_name = "write"; break;
 1325              		.loc 1 142 35 is_stmt 1 view .LVU389
 142:Core/Src/app_log_sd.c ****     case APP_LOG_SD_STAGE_WRITE: stage_name = "write"; break;
 1326              		.loc 1 142 58 view .LVU390
ARM GAS  C:\Users\40918\AppData\Local\Temp\ccL5OIdk.s 			page 35


 142:Core/Src/app_log_sd.c ****     case APP_LOG_SD_STAGE_WRITE: stage_name = "write"; break;
 1327              		.loc 1 142 46 is_stmt 0 view .LVU391
 1328 0032 DFF87C90 		ldr	r9, .L138+20
 142:Core/Src/app_log_sd.c ****     case APP_LOG_SD_STAGE_WRITE: stage_name = "write"; break;
 1329              		.loc 1 142 58 view .LVU392
 1330 0036 07E0     		b	.L127
 1331              	.LVL111:
 1332              	.L123:
 143:Core/Src/app_log_sd.c ****     case APP_LOG_SD_STAGE_SYNC:  stage_name = "sync";  break;
 1333              		.loc 1 143 34 is_stmt 1 view .LVU393
 143:Core/Src/app_log_sd.c ****     case APP_LOG_SD_STAGE_SYNC:  stage_name = "sync";  break;
 1334              		.loc 1 143 56 view .LVU394
 143:Core/Src/app_log_sd.c ****     case APP_LOG_SD_STAGE_SYNC:  stage_name = "sync";  break;
 1335              		.loc 1 143 45 is_stmt 0 view .LVU395
 1336 0038 DFF87890 		ldr	r9, .L138+24
 143:Core/Src/app_log_sd.c ****     case APP_LOG_SD_STAGE_SYNC:  stage_name = "sync";  break;
 1337              		.loc 1 143 56 view .LVU396
 1338 003c 04E0     		b	.L127
 1339              	.LVL112:
 1340              	.L121:
 144:Core/Src/app_log_sd.c ****     default: break;
 1341              		.loc 1 144 34 is_stmt 1 view .LVU397
 144:Core/Src/app_log_sd.c ****     default: break;
 1342              		.loc 1 144 56 view .LVU398
 144:Core/Src/app_log_sd.c ****     default: break;
 1343              		.loc 1 144 45 is_stmt 0 view .LVU399
 1344 003e DFF87890 		ldr	r9, .L138+28
 144:Core/Src/app_log_sd.c ****     default: break;
 1345              		.loc 1 144 56 view .LVU400
 1346 0042 01E0     		b	.L127
 1347              	.LVL113:
 1348              	.L130:
 139:Core/Src/app_log_sd.c ****     case APP_LOG_SD_STAGE_OPEN:  stage_name = "open";  break;
 1349              		.loc 1 139 45 view .LVU401
 1350 0044 DFF87490 		ldr	r9, .L138+32
 1351              	.LVL114:
 1352              	.L127:
 148:Core/Src/app_log_sd.c ****   {
 1353              		.loc 1 148 3 is_stmt 1 view .LVU402
 148:Core/Src/app_log_sd.c ****   {
 1354              		.loc 1 148 10 is_stmt 0 view .LVU403
 1355 0048 237C     		ldrb	r3, [r4, #16]	@ zero_extendqisi2
 148:Core/Src/app_log_sd.c ****   {
 1356              		.loc 1 148 6 view .LVU404
 1357 004a 8BB9     		cbnz	r3, .L137
 126:Core/Src/app_log_sd.c ****   uint32_t hal_err = 0xFFFFFFFFUL;
 1358              		.loc 1 126 12 view .LVU405
 1359 004c 4FF0FF38 		mov	r8, #-1
 1360              	.LVL115:
 1361              	.L128:
 153:Core/Src/app_log_sd.c ****   hal_state = (uint32_t)HAL_SD_GetState(&hsd);
 1362              		.loc 1 153 3 is_stmt 1 view .LVU406
 153:Core/Src/app_log_sd.c ****   hal_state = (uint32_t)HAL_SD_GetState(&hsd);
 1363              		.loc 1 153 23 is_stmt 0 view .LVU407
 1364 0050 DFF86CA0 		ldr	r10, .L138+36
 1365 0054 5046     		mov	r0, r10
 1366 0056 FFF7FEFF 		bl	HAL_SD_GetError
ARM GAS  C:\Users\40918\AppData\Local\Temp\ccL5OIdk.s 			page 36


 1367              	.LVL116:
 1368 005a 0746     		mov	r7, r0
 1369              	.LVL117:
 154:Core/Src/app_log_sd.c **** 
 1370              		.loc 1 154 3 is_stmt 1 view .LVU408
 154:Core/Src/app_log_sd.c **** 
 1371              		.loc 1 154 25 is_stmt 0 view .LVU409
 1372 005c 5046     		mov	r0, r10
 1373              	.LVL118:
 154:Core/Src/app_log_sd.c **** 
 1374              		.loc 1 154 25 view .LVU410
 1375 005e FFF7FEFF 		bl	HAL_SD_GetState
 1376              	.LVL119:
 156:Core/Src/app_log_sd.c ****        stage_name,
 1377              		.loc 1 156 3 is_stmt 1 view .LVU411
 1378 0062 237C     		ldrb	r3, [r4, #16]	@ zero_extendqisi2
 1379 0064 627C     		ldrb	r2, [r4, #17]	@ zero_extendqisi2
 1380 0066 94F82410 		ldrb	r1, [r4, #36]	@ zero_extendqisi2
 1381 006a 29B1     		cbz	r1, .L132
 156:Core/Src/app_log_sd.c ****        stage_name,
 1382              		.loc 1 156 3 is_stmt 0 discriminator 1 view .LVU412
 1383 006c 2434     		adds	r4, r4, #36
 1384              	.LVL120:
 156:Core/Src/app_log_sd.c ****        stage_name,
 1385              		.loc 1 156 3 discriminator 1 view .LVU413
 1386 006e 04E0     		b	.L129
 1387              	.LVL121:
 1388              	.L137:
 150:Core/Src/app_log_sd.c ****   }
 1389              		.loc 1 150 5 is_stmt 1 view .LVU414
 150:Core/Src/app_log_sd.c ****   }
 1390              		.loc 1 150 28 is_stmt 0 view .LVU415
 1391 0070 FFF7FEFF 		bl	BSP_SD_GetCardState
 1392              	.LVL122:
 150:Core/Src/app_log_sd.c ****   }
 1393              		.loc 1 150 16 discriminator 1 view .LVU416
 1394 0074 8046     		mov	r8, r0
 1395              	.LVL123:
 150:Core/Src/app_log_sd.c ****   }
 1396              		.loc 1 150 16 discriminator 1 view .LVU417
 1397 0076 EBE7     		b	.L128
 1398              	.LVL124:
 1399              	.L132:
 156:Core/Src/app_log_sd.c ****        stage_name,
 1400              		.loc 1 156 3 discriminator 2 view .LVU418
 1401 0078 084C     		ldr	r4, .L138
 1402              	.LVL125:
 1403              	.L129:
 156:Core/Src/app_log_sd.c ****        stage_name,
 1404              		.loc 1 156 3 discriminator 4 view .LVU419
 1405 007a 0594     		str	r4, [sp, #20]
 1406 007c 0490     		str	r0, [sp, #16]
 1407 007e 0397     		str	r7, [sp, #12]
 1408 0080 CDF80880 		str	r8, [sp, #8]
 1409 0084 0192     		str	r2, [sp, #4]
 1410 0086 0093     		str	r3, [sp]
 1411 0088 3346     		mov	r3, r6
ARM GAS  C:\Users\40918\AppData\Local\Temp\ccL5OIdk.s 			page 37


 1412 008a 2A46     		mov	r2, r5
 1413 008c 4946     		mov	r1, r9
 1414 008e 0448     		ldr	r0, .L138+4
 1415              	.LVL126:
 156:Core/Src/app_log_sd.c ****        stage_name,
 1416              		.loc 1 156 3 discriminator 4 view .LVU420
 1417 0090 FFF7FEFF 		bl	printf
 1418              	.LVL127:
 166:Core/Src/app_log_sd.c **** 
 1419              		.loc 1 166 1 view .LVU421
 1420 0094 06B0     		add	sp, sp, #24
 1421              	.LCFI21:
 1422              		.cfi_def_cfa_offset 32
 1423              		@ sp needed
 1424 0096 BDE8F087 		pop	{r4, r5, r6, r7, r8, r9, r10, pc}
 1425              	.LVL128:
 1426              	.L134:
 1427              	.LCFI22:
 1428              		.cfi_def_cfa_offset 0
 1429              		.cfi_restore 4
 1430              		.cfi_restore 5
 1431              		.cfi_restore 6
 1432              		.cfi_restore 7
 1433              		.cfi_restore 8
 1434              		.cfi_restore 9
 1435              		.cfi_restore 10
 1436              		.cfi_restore 14
 166:Core/Src/app_log_sd.c **** 
 1437              		.loc 1 166 1 view .LVU422
 1438 009a 7047     		bx	lr
 1439              	.L139:
 1440              		.align	2
 1441              	.L138:
 1442 009c 38000000 		.word	.LC10
 1443 00a0 40000000 		.word	.LC11
 1444 00a4 30000000 		.word	.LC9
 1445 00a8 08000000 		.word	.LC4
 1446 00ac 10000000 		.word	.LC5
 1447 00b0 18000000 		.word	.LC6
 1448 00b4 20000000 		.word	.LC7
 1449 00b8 28000000 		.word	.LC8
 1450 00bc 00000000 		.word	.LC3
 1451 00c0 00000000 		.word	hsd
 1452              		.cfi_endproc
 1453              	.LFE251:
 1455              		.section	.text.AppLogSd_Init,"ax",%progbits
 1456              		.align	1
 1457              		.global	AppLogSd_Init
 1458              		.syntax unified
 1459              		.thumb
 1460              		.thumb_func
 1462              	AppLogSd_Init:
 1463              	.LVL129:
 1464              	.LFB256:
 359:Core/Src/app_log_sd.c **** 
 360:Core/Src/app_log_sd.c **** void AppLogSd_Init(app_log_sd_ctx_t *ctx,
 361:Core/Src/app_log_sd.c ****                    RTC_HandleTypeDef *hrtc,
ARM GAS  C:\Users\40918\AppData\Local\Temp\ccL5OIdk.s 			page 38


 362:Core/Src/app_log_sd.c ****                    FATFS *fatfs,
 363:Core/Src/app_log_sd.c ****                    const char *sd_path,
 364:Core/Src/app_log_sd.c ****                    diag_counters_t *diag)
 365:Core/Src/app_log_sd.c **** {
 1465              		.loc 1 365 1 is_stmt 1 view -0
 1466              		.cfi_startproc
 1467              		@ args = 4, pretend = 0, frame = 0
 1468              		@ frame_needed = 0, uses_anonymous_args = 0
 366:Core/Src/app_log_sd.c ****   if (ctx == NULL)
 1469              		.loc 1 366 3 view .LVU424
 1470              		.loc 1 366 6 is_stmt 0 view .LVU425
 1471 0000 78B1     		cbz	r0, .L143
 365:Core/Src/app_log_sd.c ****   if (ctx == NULL)
 1472              		.loc 1 365 1 view .LVU426
 1473 0002 F8B5     		push	{r3, r4, r5, r6, r7, lr}
 1474              	.LCFI23:
 1475              		.cfi_def_cfa_offset 24
 1476              		.cfi_offset 3, -24
 1477              		.cfi_offset 4, -20
 1478              		.cfi_offset 5, -16
 1479              		.cfi_offset 6, -12
 1480              		.cfi_offset 7, -8
 1481              		.cfi_offset 14, -4
 1482 0004 0F46     		mov	r7, r1
 1483 0006 1646     		mov	r6, r2
 1484 0008 1D46     		mov	r5, r3
 1485 000a 0446     		mov	r4, r0
 367:Core/Src/app_log_sd.c ****   {
 368:Core/Src/app_log_sd.c ****     return;
 369:Core/Src/app_log_sd.c ****   }
 370:Core/Src/app_log_sd.c **** 
 371:Core/Src/app_log_sd.c ****   memset(ctx, 0, sizeof(*ctx));
 1486              		.loc 1 371 3 is_stmt 1 view .LVU427
 1487 000c 41F60C12 		movw	r2, #6412
 1488              	.LVL130:
 1489              		.loc 1 371 3 is_stmt 0 view .LVU428
 1490 0010 0021     		movs	r1, #0
 1491              	.LVL131:
 1492              		.loc 1 371 3 view .LVU429
 1493 0012 FFF7FEFF 		bl	memset
 1494              	.LVL132:
 372:Core/Src/app_log_sd.c ****   ctx->hrtc = hrtc;
 1495              		.loc 1 372 3 is_stmt 1 view .LVU430
 1496              		.loc 1 372 13 is_stmt 0 view .LVU431
 1497 0016 2760     		str	r7, [r4]
 373:Core/Src/app_log_sd.c ****   ctx->fatfs = fatfs;
 1498              		.loc 1 373 3 is_stmt 1 view .LVU432
 1499              		.loc 1 373 14 is_stmt 0 view .LVU433
 1500 0018 6660     		str	r6, [r4, #4]
 374:Core/Src/app_log_sd.c ****   ctx->sd_path = sd_path;
 1501              		.loc 1 374 3 is_stmt 1 view .LVU434
 1502              		.loc 1 374 16 is_stmt 0 view .LVU435
 1503 001a A560     		str	r5, [r4, #8]
 375:Core/Src/app_log_sd.c ****   ctx->diag = diag;
 1504              		.loc 1 375 3 is_stmt 1 view .LVU436
 1505              		.loc 1 375 13 is_stmt 0 view .LVU437
 1506 001c 069B     		ldr	r3, [sp, #24]
ARM GAS  C:\Users\40918\AppData\Local\Temp\ccL5OIdk.s 			page 39


 1507 001e E360     		str	r3, [r4, #12]
 376:Core/Src/app_log_sd.c **** }
 1508              		.loc 1 376 1 view .LVU438
 1509 0020 F8BD     		pop	{r3, r4, r5, r6, r7, pc}
 1510              	.LVL133:
 1511              	.L143:
 1512              	.LCFI24:
 1513              		.cfi_def_cfa_offset 0
 1514              		.cfi_restore 3
 1515              		.cfi_restore 4
 1516              		.cfi_restore 5
 1517              		.cfi_restore 6
 1518              		.cfi_restore 7
 1519              		.cfi_restore 14
 1520              		.loc 1 376 1 view .LVU439
 1521 0022 7047     		bx	lr
 1522              		.cfi_endproc
 1523              	.LFE256:
 1525              		.section	.text.AppLogSd_Push1s,"ax",%progbits
 1526              		.align	1
 1527              		.global	AppLogSd_Push1s
 1528              		.syntax unified
 1529              		.thumb
 1530              		.thumb_func
 1532              	AppLogSd_Push1s:
 1533              	.LVL134:
 1534              	.LFB257:
 377:Core/Src/app_log_sd.c **** 
 378:Core/Src/app_log_sd.c **** void AppLogSd_Push1s(app_log_sd_ctx_t *ctx, const result_1s_t *result)
 379:Core/Src/app_log_sd.c **** {
 1535              		.loc 1 379 1 is_stmt 1 view -0
 1536              		.cfi_startproc
 1537              		@ args = 0, pretend = 0, frame = 24
 1538              		@ frame_needed = 0, uses_anonymous_args = 0
 380:Core/Src/app_log_sd.c ****   app_log_sd_buffer_t *active;
 1539              		.loc 1 380 3 view .LVU441
 381:Core/Src/app_log_sd.c ****   RTC_TimeTypeDef sTime;
 1540              		.loc 1 381 3 view .LVU442
 382:Core/Src/app_log_sd.c ****   RTC_DateTypeDef sDate;
 1541              		.loc 1 382 3 view .LVU443
 383:Core/Src/app_log_sd.c **** 
 384:Core/Src/app_log_sd.c ****   if ((ctx == NULL) || (result == NULL) || (ctx->hrtc == NULL))
 1542              		.loc 1 384 3 view .LVU444
 1543              		.loc 1 384 6 is_stmt 0 view .LVU445
 1544 0000 0028     		cmp	r0, #0
 1545 0002 7ED0     		beq	.L157
 379:Core/Src/app_log_sd.c ****   app_log_sd_buffer_t *active;
 1546              		.loc 1 379 1 view .LVU446
 1547 0004 F0B5     		push	{r4, r5, r6, r7, lr}
 1548              	.LCFI25:
 1549              		.cfi_def_cfa_offset 20
 1550              		.cfi_offset 4, -20
 1551              		.cfi_offset 5, -16
 1552              		.cfi_offset 6, -12
 1553              		.cfi_offset 7, -8
 1554              		.cfi_offset 14, -4
 1555 0006 87B0     		sub	sp, sp, #28
ARM GAS  C:\Users\40918\AppData\Local\Temp\ccL5OIdk.s 			page 40


 1556              	.LCFI26:
 1557              		.cfi_def_cfa_offset 48
 1558 0008 0C46     		mov	r4, r1
 1559 000a 0546     		mov	r5, r0
 1560              		.loc 1 384 21 discriminator 1 view .LVU447
 1561 000c 59B1     		cbz	r1, .L146
 1562              		.loc 1 384 48 discriminator 2 view .LVU448
 1563 000e 0068     		ldr	r0, [r0]
 1564              	.LVL135:
 1565              		.loc 1 384 41 discriminator 2 view .LVU449
 1566 0010 48B1     		cbz	r0, .L146
 385:Core/Src/app_log_sd.c ****   {
 386:Core/Src/app_log_sd.c ****     return;
 387:Core/Src/app_log_sd.c ****   }
 388:Core/Src/app_log_sd.c **** 
 389:Core/Src/app_log_sd.c ****   if ((HAL_RTC_GetTime(ctx->hrtc, &sTime, RTC_FORMAT_BIN) != HAL_OK) ||
 1567              		.loc 1 389 3 is_stmt 1 view .LVU450
 1568              		.loc 1 389 8 is_stmt 0 view .LVU451
 1569 0012 0022     		movs	r2, #0
 1570 0014 01A9     		add	r1, sp, #4
 1571              	.LVL136:
 1572              		.loc 1 389 8 view .LVU452
 1573 0016 FFF7FEFF 		bl	HAL_RTC_GetTime
 1574              	.LVL137:
 1575              		.loc 1 389 6 discriminator 1 view .LVU453
 1576 001a 30B1     		cbz	r0, .L160
 1577              	.L148:
 390:Core/Src/app_log_sd.c ****       (HAL_RTC_GetDate(ctx->hrtc, &sDate, RTC_FORMAT_BIN) != HAL_OK))
 391:Core/Src/app_log_sd.c ****   {
 392:Core/Src/app_log_sd.c ****     if (ctx->diag != NULL) { ctx->diag->sd_write_fail++; }
 1578              		.loc 1 392 5 is_stmt 1 view .LVU454
 1579              		.loc 1 392 12 is_stmt 0 view .LVU455
 1580 001c EB68     		ldr	r3, [r5, #12]
 1581              		.loc 1 392 8 view .LVU456
 1582 001e 13B1     		cbz	r3, .L146
 1583              		.loc 1 392 30 is_stmt 1 discriminator 1 view .LVU457
 1584              		.loc 1 392 39 is_stmt 0 discriminator 1 view .LVU458
 1585 0020 DA69     		ldr	r2, [r3, #28]
 1586              		.loc 1 392 54 discriminator 1 view .LVU459
 1587 0022 0132     		adds	r2, r2, #1
 1588 0024 DA61     		str	r2, [r3, #28]
 393:Core/Src/app_log_sd.c ****     return;
 1589              		.loc 1 393 5 is_stmt 1 view .LVU460
 1590              	.L146:
 394:Core/Src/app_log_sd.c ****   }
 395:Core/Src/app_log_sd.c **** 
 396:Core/Src/app_log_sd.c ****   active = &ctx->buffers[ctx->active_buffer_index];
 397:Core/Src/app_log_sd.c ****   if (active->count >= APP_LOG_SD_LINES_PER_MINUTE)
 398:Core/Src/app_log_sd.c ****   {
 399:Core/Src/app_log_sd.c ****     if (ctx->flush_buffer_ready != 0U)
 400:Core/Src/app_log_sd.c ****     {
 401:Core/Src/app_log_sd.c ****       if (ctx->diag != NULL) { ctx->diag->sd_write_fail++; }
 402:Core/Src/app_log_sd.c ****       return;
 403:Core/Src/app_log_sd.c ****     }
 404:Core/Src/app_log_sd.c **** 
 405:Core/Src/app_log_sd.c ****     ctx->flush_buffer_index = ctx->active_buffer_index;
 406:Core/Src/app_log_sd.c ****     ctx->flush_buffer_ready = 1U;
ARM GAS  C:\Users\40918\AppData\Local\Temp\ccL5OIdk.s 			page 41


 407:Core/Src/app_log_sd.c ****     ctx->active_buffer_index ^= 1U;
 408:Core/Src/app_log_sd.c ****     active = &ctx->buffers[ctx->active_buffer_index];
 409:Core/Src/app_log_sd.c ****     active->count = 0U;
 410:Core/Src/app_log_sd.c ****   }
 411:Core/Src/app_log_sd.c **** 
 412:Core/Src/app_log_sd.c ****   active->entries[active->count].date = sDate;
 413:Core/Src/app_log_sd.c ****   active->entries[active->count].time = sTime;
 414:Core/Src/app_log_sd.c ****   active->entries[active->count].result = *result;
 415:Core/Src/app_log_sd.c ****   active->count++;
 416:Core/Src/app_log_sd.c **** 
 417:Core/Src/app_log_sd.c ****   if (active->count >= APP_LOG_SD_LINES_PER_MINUTE)
 418:Core/Src/app_log_sd.c ****   {
 419:Core/Src/app_log_sd.c ****     if (ctx->flush_buffer_ready == 0U)
 420:Core/Src/app_log_sd.c ****     {
 421:Core/Src/app_log_sd.c ****       ctx->flush_buffer_index = ctx->active_buffer_index;
 422:Core/Src/app_log_sd.c ****       ctx->flush_buffer_ready = 1U;
 423:Core/Src/app_log_sd.c ****       ctx->active_buffer_index ^= 1U;
 424:Core/Src/app_log_sd.c ****       ctx->buffers[ctx->active_buffer_index].count = 0U;
 425:Core/Src/app_log_sd.c ****     }
 426:Core/Src/app_log_sd.c ****   }
 427:Core/Src/app_log_sd.c **** }
 1591              		.loc 1 427 1 is_stmt 0 view .LVU461
 1592 0026 07B0     		add	sp, sp, #28
 1593              	.LCFI27:
 1594              		.cfi_remember_state
 1595              		.cfi_def_cfa_offset 20
 1596              		@ sp needed
 1597 0028 F0BD     		pop	{r4, r5, r6, r7, pc}
 1598              	.LVL138:
 1599              	.L160:
 1600              	.LCFI28:
 1601              		.cfi_restore_state
 390:Core/Src/app_log_sd.c ****   {
 1602              		.loc 1 390 8 view .LVU462
 1603 002a 0022     		movs	r2, #0
 1604 002c 6946     		mov	r1, sp
 1605 002e 2868     		ldr	r0, [r5]
 1606 0030 FFF7FEFF 		bl	HAL_RTC_GetDate
 1607              	.LVL139:
 389:Core/Src/app_log_sd.c ****       (HAL_RTC_GetDate(ctx->hrtc, &sDate, RTC_FORMAT_BIN) != HAL_OK))
 1608              		.loc 1 389 70 discriminator 1 view .LVU463
 1609 0034 0028     		cmp	r0, #0
 1610 0036 F1D1     		bne	.L148
 396:Core/Src/app_log_sd.c ****   if (active->count >= APP_LOG_SD_LINES_PER_MINUTE)
 1611              		.loc 1 396 3 is_stmt 1 view .LVU464
 396:Core/Src/app_log_sd.c ****   if (active->count >= APP_LOG_SD_LINES_PER_MINUTE)
 1612              		.loc 1 396 29 is_stmt 0 view .LVU465
 1613 0038 EA7C     		ldrb	r2, [r5, #19]	@ zero_extendqisi2
 396:Core/Src/app_log_sd.c ****   if (active->count >= APP_LOG_SD_LINES_PER_MINUTE)
 1614              		.loc 1 396 10 view .LVU466
 1615 003a 40F64433 		movw	r3, #2884
 1616 003e 02FB03F3 		mul	r3, r2, r3
 1617 0042 03F52076 		add	r6, r3, #640
 1618 0046 2E44     		add	r6, r6, r5
 1619 0048 0436     		adds	r6, r6, #4
 1620              	.LVL140:
 397:Core/Src/app_log_sd.c ****   {
ARM GAS  C:\Users\40918\AppData\Local\Temp\ccL5OIdk.s 			page 42


 1621              		.loc 1 397 3 is_stmt 1 view .LVU467
 397:Core/Src/app_log_sd.c ****   {
 1622              		.loc 1 397 13 is_stmt 0 view .LVU468
 1623 004a 2B44     		add	r3, r3, r5
 1624 004c B3F8C43D 		ldrh	r3, [r3, #3524]
 397:Core/Src/app_log_sd.c ****   {
 1625              		.loc 1 397 6 view .LVU469
 1626 0050 3B2B     		cmp	r3, #59
 1627 0052 13D9     		bls	.L151
 399:Core/Src/app_log_sd.c ****     {
 1628              		.loc 1 399 5 is_stmt 1 view .LVU470
 399:Core/Src/app_log_sd.c ****     {
 1629              		.loc 1 399 12 is_stmt 0 view .LVU471
 1630 0054 2B7D     		ldrb	r3, [r5, #20]	@ zero_extendqisi2
 399:Core/Src/app_log_sd.c ****     {
 1631              		.loc 1 399 8 view .LVU472
 1632 0056 002B     		cmp	r3, #0
 1633 0058 4CD1     		bne	.L161
 405:Core/Src/app_log_sd.c ****     ctx->flush_buffer_ready = 1U;
 1634              		.loc 1 405 5 is_stmt 1 view .LVU473
 405:Core/Src/app_log_sd.c ****     ctx->flush_buffer_ready = 1U;
 1635              		.loc 1 405 29 is_stmt 0 view .LVU474
 1636 005a 6A75     		strb	r2, [r5, #21]
 406:Core/Src/app_log_sd.c ****     ctx->active_buffer_index ^= 1U;
 1637              		.loc 1 406 5 is_stmt 1 view .LVU475
 406:Core/Src/app_log_sd.c ****     ctx->active_buffer_index ^= 1U;
 1638              		.loc 1 406 29 is_stmt 0 view .LVU476
 1639 005c 0123     		movs	r3, #1
 1640 005e 2B75     		strb	r3, [r5, #20]
 407:Core/Src/app_log_sd.c ****     active = &ctx->buffers[ctx->active_buffer_index];
 1641              		.loc 1 407 5 is_stmt 1 view .LVU477
 407:Core/Src/app_log_sd.c ****     active = &ctx->buffers[ctx->active_buffer_index];
 1642              		.loc 1 407 30 is_stmt 0 view .LVU478
 1643 0060 5A40     		eors	r2, r2, r3
 1644 0062 EA74     		strb	r2, [r5, #19]
 408:Core/Src/app_log_sd.c ****     active->count = 0U;
 1645              		.loc 1 408 5 is_stmt 1 view .LVU479
 408:Core/Src/app_log_sd.c ****     active->count = 0U;
 1646              		.loc 1 408 12 is_stmt 0 view .LVU480
 1647 0064 40F64433 		movw	r3, #2884
 1648 0068 03FB02F2 		mul	r2, r3, r2
 1649 006c 02F52076 		add	r6, r2, #640
 1650              	.LVL141:
 408:Core/Src/app_log_sd.c ****     active->count = 0U;
 1651              		.loc 1 408 12 view .LVU481
 1652 0070 2E44     		add	r6, r6, r5
 1653 0072 0436     		adds	r6, r6, #4
 1654              	.LVL142:
 409:Core/Src/app_log_sd.c ****   }
 1655              		.loc 1 409 5 is_stmt 1 view .LVU482
 409:Core/Src/app_log_sd.c ****   }
 1656              		.loc 1 409 19 is_stmt 0 view .LVU483
 1657 0074 2A44     		add	r2, r2, r5
 1658 0076 0023     		movs	r3, #0
 1659 0078 A2F8C43D 		strh	r3, [r2, #3524]	@ movhi
 1660              	.L151:
 412:Core/Src/app_log_sd.c ****   active->entries[active->count].time = sTime;
ARM GAS  C:\Users\40918\AppData\Local\Temp\ccL5OIdk.s 			page 43


 1661              		.loc 1 412 3 is_stmt 1 view .LVU484
 412:Core/Src/app_log_sd.c ****   active->entries[active->count].time = sTime;
 1662              		.loc 1 412 25 is_stmt 0 view .LVU485
 1663 007c B6F8407B 		ldrh	r7, [r6, #2880]
 412:Core/Src/app_log_sd.c ****   active->entries[active->count].time = sTime;
 1664              		.loc 1 412 39 view .LVU486
 1665 0080 07EB470C 		add	ip, r7, r7, lsl #1
 1666 0084 4FEA0C13 		lsl	r3, ip, #4
 1667 0088 06EB0C1C 		add	ip, r6, ip, lsl #4
 1668 008c 009A     		ldr	r2, [sp]
 1669 008e F250     		str	r2, [r6, r3]
 413:Core/Src/app_log_sd.c ****   active->entries[active->count].result = *result;
 1670              		.loc 1 413 3 is_stmt 1 view .LVU487
 413:Core/Src/app_log_sd.c ****   active->entries[active->count].result = *result;
 1671              		.loc 1 413 39 is_stmt 0 view .LVU488
 1672 0090 0CF1040C 		add	ip, ip, #4
 1673 0094 0DF1040E 		add	lr, sp, #4
 1674 0098 BEE80F00 		ldmia	lr!, {r0, r1, r2, r3}
 1675 009c ACE80F00 		stmia	ip!, {r0, r1, r2, r3}
 1676 00a0 DEF80030 		ldr	r3, [lr]
 1677 00a4 CCF80030 		str	r3, [ip]
 414:Core/Src/app_log_sd.c ****   active->count++;
 1678              		.loc 1 414 3 is_stmt 1 view .LVU489
 414:Core/Src/app_log_sd.c ****   active->count++;
 1679              		.loc 1 414 41 is_stmt 0 view .LVU490
 1680 00a8 07EB470E 		add	lr, r7, r7, lsl #1
 1681 00ac 06EB0E1E 		add	lr, r6, lr, lsl #4
 1682 00b0 0EF1180E 		add	lr, lr, #24
 1683 00b4 A446     		mov	ip, r4
 1684 00b6 BCE80F00 		ldmia	ip!, {r0, r1, r2, r3}
 1685 00ba AEE80F00 		stmia	lr!, {r0, r1, r2, r3}
 1686 00be 9CE80300 		ldm	ip, {r0, r1}
 1687 00c2 8EE80300 		stm	lr, {r0, r1}
 415:Core/Src/app_log_sd.c **** 
 1688              		.loc 1 415 3 is_stmt 1 view .LVU491
 415:Core/Src/app_log_sd.c **** 
 1689              		.loc 1 415 16 is_stmt 0 view .LVU492
 1690 00c6 0137     		adds	r7, r7, #1
 1691 00c8 BFB2     		uxth	r7, r7
 1692 00ca A6F8407B 		strh	r7, [r6, #2880]	@ movhi
 417:Core/Src/app_log_sd.c ****   {
 1693              		.loc 1 417 3 is_stmt 1 view .LVU493
 417:Core/Src/app_log_sd.c ****   {
 1694              		.loc 1 417 6 is_stmt 0 view .LVU494
 1695 00ce 3B2F     		cmp	r7, #59
 1696 00d0 A9D9     		bls	.L146
 419:Core/Src/app_log_sd.c ****     {
 1697              		.loc 1 419 5 is_stmt 1 view .LVU495
 419:Core/Src/app_log_sd.c ****     {
 1698              		.loc 1 419 12 is_stmt 0 view .LVU496
 1699 00d2 2B7D     		ldrb	r3, [r5, #20]	@ zero_extendqisi2
 419:Core/Src/app_log_sd.c ****     {
 1700              		.loc 1 419 8 view .LVU497
 1701 00d4 002B     		cmp	r3, #0
 1702 00d6 A6D1     		bne	.L146
 421:Core/Src/app_log_sd.c ****       ctx->flush_buffer_ready = 1U;
 1703              		.loc 1 421 7 is_stmt 1 view .LVU498
ARM GAS  C:\Users\40918\AppData\Local\Temp\ccL5OIdk.s 			page 44


 421:Core/Src/app_log_sd.c ****       ctx->flush_buffer_ready = 1U;
 1704              		.loc 1 421 36 is_stmt 0 view .LVU499
 1705 00d8 EB7C     		ldrb	r3, [r5, #19]	@ zero_extendqisi2
 421:Core/Src/app_log_sd.c ****       ctx->flush_buffer_ready = 1U;
 1706              		.loc 1 421 31 view .LVU500
 1707 00da 6B75     		strb	r3, [r5, #21]
 422:Core/Src/app_log_sd.c ****       ctx->active_buffer_index ^= 1U;
 1708              		.loc 1 422 7 is_stmt 1 view .LVU501
 422:Core/Src/app_log_sd.c ****       ctx->active_buffer_index ^= 1U;
 1709              		.loc 1 422 31 is_stmt 0 view .LVU502
 1710 00dc 0122     		movs	r2, #1
 1711 00de 2A75     		strb	r2, [r5, #20]
 423:Core/Src/app_log_sd.c ****       ctx->buffers[ctx->active_buffer_index].count = 0U;
 1712              		.loc 1 423 7 is_stmt 1 view .LVU503
 423:Core/Src/app_log_sd.c ****       ctx->buffers[ctx->active_buffer_index].count = 0U;
 1713              		.loc 1 423 32 is_stmt 0 view .LVU504
 1714 00e0 5340     		eors	r3, r3, r2
 1715 00e2 EB74     		strb	r3, [r5, #19]
 424:Core/Src/app_log_sd.c ****     }
 1716              		.loc 1 424 7 is_stmt 1 view .LVU505
 424:Core/Src/app_log_sd.c ****     }
 1717              		.loc 1 424 52 is_stmt 0 view .LVU506
 1718 00e4 40F64432 		movw	r2, #2884
 1719 00e8 02FB0353 		mla	r3, r2, r3, r5
 1720 00ec 0022     		movs	r2, #0
 1721 00ee A3F8C42D 		strh	r2, [r3, #3524]	@ movhi
 1722 00f2 98E7     		b	.L146
 1723              	.L161:
 401:Core/Src/app_log_sd.c ****       return;
 1724              		.loc 1 401 7 is_stmt 1 view .LVU507
 401:Core/Src/app_log_sd.c ****       return;
 1725              		.loc 1 401 14 is_stmt 0 view .LVU508
 1726 00f4 EB68     		ldr	r3, [r5, #12]
 401:Core/Src/app_log_sd.c ****       return;
 1727              		.loc 1 401 10 view .LVU509
 1728 00f6 002B     		cmp	r3, #0
 1729 00f8 95D0     		beq	.L146
 401:Core/Src/app_log_sd.c ****       return;
 1730              		.loc 1 401 32 is_stmt 1 discriminator 1 view .LVU510
 401:Core/Src/app_log_sd.c ****       return;
 1731              		.loc 1 401 41 is_stmt 0 discriminator 1 view .LVU511
 1732 00fa DA69     		ldr	r2, [r3, #28]
 401:Core/Src/app_log_sd.c ****       return;
 1733              		.loc 1 401 56 discriminator 1 view .LVU512
 1734 00fc 0132     		adds	r2, r2, #1
 1735 00fe DA61     		str	r2, [r3, #28]
 402:Core/Src/app_log_sd.c ****     }
 1736              		.loc 1 402 7 is_stmt 1 view .LVU513
 1737 0100 91E7     		b	.L146
 1738              	.LVL143:
 1739              	.L157:
 1740              	.LCFI29:
 1741              		.cfi_def_cfa_offset 0
 1742              		.cfi_restore 4
 1743              		.cfi_restore 5
 1744              		.cfi_restore 6
 1745              		.cfi_restore 7
ARM GAS  C:\Users\40918\AppData\Local\Temp\ccL5OIdk.s 			page 45


 1746              		.cfi_restore 14
 402:Core/Src/app_log_sd.c ****     }
 1747              		.loc 1 402 7 is_stmt 0 view .LVU514
 1748 0102 7047     		bx	lr
 1749              		.cfi_endproc
 1750              	.LFE257:
 1752              		.section	.text.AppLogSd_Process,"ax",%progbits
 1753              		.align	1
 1754              		.global	AppLogSd_Process
 1755              		.syntax unified
 1756              		.thumb
 1757              		.thumb_func
 1759              	AppLogSd_Process:
 1760              	.LVL144:
 1761              	.LFB258:
 428:Core/Src/app_log_sd.c **** 
 429:Core/Src/app_log_sd.c **** void AppLogSd_Process(app_log_sd_ctx_t *ctx)
 430:Core/Src/app_log_sd.c **** {
 1762              		.loc 1 430 1 is_stmt 1 view -0
 1763              		.cfi_startproc
 1764              		@ args = 0, pretend = 0, frame = 8
 1765              		@ frame_needed = 0, uses_anonymous_args = 0
 1766              		.loc 1 430 1 is_stmt 0 view .LVU516
 1767 0000 F0B5     		push	{r4, r5, r6, r7, lr}
 1768              	.LCFI30:
 1769              		.cfi_def_cfa_offset 20
 1770              		.cfi_offset 4, -20
 1771              		.cfi_offset 5, -16
 1772              		.cfi_offset 6, -12
 1773              		.cfi_offset 7, -8
 1774              		.cfi_offset 14, -4
 1775 0002 83B0     		sub	sp, sp, #12
 1776              	.LCFI31:
 1777              		.cfi_def_cfa_offset 32
 431:Core/Src/app_log_sd.c ****   app_log_sd_buffer_t *flush_buffer;
 1778              		.loc 1 431 3 is_stmt 1 view .LVU517
 432:Core/Src/app_log_sd.c ****   FRESULT fr;
 1779              		.loc 1 432 3 view .LVU518
 433:Core/Src/app_log_sd.c ****   app_log_sd_stage_t fail_stage = APP_LOG_SD_STAGE_NONE;
 1780              		.loc 1 433 3 view .LVU519
 1781              		.loc 1 433 22 is_stmt 0 view .LVU520
 1782 0004 0023     		movs	r3, #0
 1783 0006 8DF80730 		strb	r3, [sp, #7]
 434:Core/Src/app_log_sd.c ****   uint32_t fail_line_index = 0U;
 1784              		.loc 1 434 3 is_stmt 1 view .LVU521
 1785              		.loc 1 434 12 is_stmt 0 view .LVU522
 1786 000a 0093     		str	r3, [sp]
 435:Core/Src/app_log_sd.c ****   uint32_t now_tick;
 1787              		.loc 1 435 3 is_stmt 1 view .LVU523
 436:Core/Src/app_log_sd.c ****   extern SD_HandleTypeDef hsd;
 1788              		.loc 1 436 3 view .LVU524
 437:Core/Src/app_log_sd.c ****   uint32_t hal_err;
 1789              		.loc 1 437 3 view .LVU525
 438:Core/Src/app_log_sd.c **** 
 439:Core/Src/app_log_sd.c ****   if ((ctx == NULL) || (ctx->flush_buffer_ready == 0U))
 1790              		.loc 1 439 3 view .LVU526
 1791              		.loc 1 439 6 is_stmt 0 view .LVU527
ARM GAS  C:\Users\40918\AppData\Local\Temp\ccL5OIdk.s 			page 46


 1792 000c 10B1     		cbz	r0, .L162
 1793 000e 0446     		mov	r4, r0
 1794              		.loc 1 439 28 discriminator 1 view .LVU528
 1795 0010 037D     		ldrb	r3, [r0, #20]	@ zero_extendqisi2
 1796              		.loc 1 439 21 discriminator 1 view .LVU529
 1797 0012 0BB9     		cbnz	r3, .L176
 1798              	.LVL145:
 1799              	.L162:
 440:Core/Src/app_log_sd.c ****   {
 441:Core/Src/app_log_sd.c ****     return;
 442:Core/Src/app_log_sd.c ****   }
 443:Core/Src/app_log_sd.c **** 
 444:Core/Src/app_log_sd.c ****   now_tick = HAL_GetTick();
 445:Core/Src/app_log_sd.c ****   if ((ctx->next_retry_tick_ms != 0U) && ((int32_t)(now_tick - ctx->next_retry_tick_ms) < 0))
 446:Core/Src/app_log_sd.c ****   {
 447:Core/Src/app_log_sd.c ****     return;
 448:Core/Src/app_log_sd.c ****   }
 449:Core/Src/app_log_sd.c **** 
 450:Core/Src/app_log_sd.c ****   if (ctx->card_offline != 0U)
 451:Core/Src/app_log_sd.c ****   {
 452:Core/Src/app_log_sd.c ****     if (AppLogSd_ProbeCard(ctx) == 0U)
 453:Core/Src/app_log_sd.c ****     {
 454:Core/Src/app_log_sd.c ****       if (ctx->retry_backoff_level < 4U)
 455:Core/Src/app_log_sd.c ****       {
 456:Core/Src/app_log_sd.c ****         ctx->retry_backoff_level++;
 457:Core/Src/app_log_sd.c ****       }
 458:Core/Src/app_log_sd.c ****       ctx->next_retry_tick_ms = now_tick + AppLogSd_GetBackoffMs(ctx);
 459:Core/Src/app_log_sd.c ****       return;
 460:Core/Src/app_log_sd.c ****     }
 461:Core/Src/app_log_sd.c **** 
 462:Core/Src/app_log_sd.c ****     ctx->card_offline = 0U;
 463:Core/Src/app_log_sd.c ****     ctx->next_retry_tick_ms = now_tick + 100U;
 464:Core/Src/app_log_sd.c ****     return;
 465:Core/Src/app_log_sd.c ****   }
 466:Core/Src/app_log_sd.c **** 
 467:Core/Src/app_log_sd.c ****   if (ctx->probe_ready != 0U)
 468:Core/Src/app_log_sd.c ****   {
 469:Core/Src/app_log_sd.c ****     ctx->probe_ready = 0U;
 470:Core/Src/app_log_sd.c ****   }
 471:Core/Src/app_log_sd.c **** 
 472:Core/Src/app_log_sd.c ****   flush_buffer = &ctx->buffers[ctx->flush_buffer_index];
 473:Core/Src/app_log_sd.c ****   fr = AppLogSd_WriteBuffer(ctx, flush_buffer, &fail_stage, &fail_line_index);
 474:Core/Src/app_log_sd.c ****   if (fr != FR_OK)
 475:Core/Src/app_log_sd.c ****   {
 476:Core/Src/app_log_sd.c ****     hal_err = (uint32_t)HAL_SD_GetError(&hsd);
 477:Core/Src/app_log_sd.c ****     AppLogSd_LogFailure(ctx, fail_stage, fr, fail_line_index);
 478:Core/Src/app_log_sd.c ****     AppLogSd_ResetStorageState(ctx);
 479:Core/Src/app_log_sd.c **** 
 480:Core/Src/app_log_sd.c ****     if (AppLogSd_IsRemovalLikeError(fr, hal_err) != 0U)
 481:Core/Src/app_log_sd.c ****     {
 482:Core/Src/app_log_sd.c ****       ctx->card_offline = 1U;
 483:Core/Src/app_log_sd.c ****       ctx->probe_ready = 0U;
 484:Core/Src/app_log_sd.c ****       ctx->next_retry_tick_ms = now_tick + AppLogSd_GetBackoffMs(ctx);
 485:Core/Src/app_log_sd.c ****       if (ctx->retry_backoff_level < 4U)
 486:Core/Src/app_log_sd.c ****       {
 487:Core/Src/app_log_sd.c ****         ctx->retry_backoff_level++;
 488:Core/Src/app_log_sd.c ****       }
ARM GAS  C:\Users\40918\AppData\Local\Temp\ccL5OIdk.s 			page 47


 489:Core/Src/app_log_sd.c ****     }
 490:Core/Src/app_log_sd.c ****     else
 491:Core/Src/app_log_sd.c ****     {
 492:Core/Src/app_log_sd.c ****       ctx->retry_backoff_level = 0U;
 493:Core/Src/app_log_sd.c ****       ctx->next_retry_tick_ms = now_tick + 5000U;
 494:Core/Src/app_log_sd.c ****     }
 495:Core/Src/app_log_sd.c **** 
 496:Core/Src/app_log_sd.c ****     if (ctx->diag != NULL) { ctx->diag->sd_write_fail++; }
 497:Core/Src/app_log_sd.c ****     return;
 498:Core/Src/app_log_sd.c ****   }
 499:Core/Src/app_log_sd.c **** 
 500:Core/Src/app_log_sd.c ****   flush_buffer->count = 0U;
 501:Core/Src/app_log_sd.c ****   ctx->flush_buffer_ready = 0U;
 502:Core/Src/app_log_sd.c ****   ctx->card_offline = 0U;
 503:Core/Src/app_log_sd.c ****   ctx->probe_ready = 0U;
 504:Core/Src/app_log_sd.c ****   ctx->retry_backoff_level = 0U;
 505:Core/Src/app_log_sd.c ****   ctx->next_retry_tick_ms = 0U;
 506:Core/Src/app_log_sd.c ****   if (ctx->diag != NULL) { ctx->diag->sd_write_ok++; }
 507:Core/Src/app_log_sd.c **** }
 1800              		.loc 1 507 1 view .LVU530
 1801 0014 03B0     		add	sp, sp, #12
 1802              	.LCFI32:
 1803              		.cfi_remember_state
 1804              		.cfi_def_cfa_offset 20
 1805              		@ sp needed
 1806 0016 F0BD     		pop	{r4, r5, r6, r7, pc}
 1807              	.LVL146:
 1808              	.L176:
 1809              	.LCFI33:
 1810              		.cfi_restore_state
 444:Core/Src/app_log_sd.c ****   if ((ctx->next_retry_tick_ms != 0U) && ((int32_t)(now_tick - ctx->next_retry_tick_ms) < 0))
 1811              		.loc 1 444 3 is_stmt 1 view .LVU531
 444:Core/Src/app_log_sd.c ****   if ((ctx->next_retry_tick_ms != 0U) && ((int32_t)(now_tick - ctx->next_retry_tick_ms) < 0))
 1812              		.loc 1 444 14 is_stmt 0 view .LVU532
 1813 0018 FFF7FEFF 		bl	HAL_GetTick
 1814              	.LVL147:
 444:Core/Src/app_log_sd.c ****   if ((ctx->next_retry_tick_ms != 0U) && ((int32_t)(now_tick - ctx->next_retry_tick_ms) < 0))
 1815              		.loc 1 444 14 view .LVU533
 1816 001c 0546     		mov	r5, r0
 1817              	.LVL148:
 445:Core/Src/app_log_sd.c ****   {
 1818              		.loc 1 445 3 is_stmt 1 view .LVU534
 445:Core/Src/app_log_sd.c ****   {
 1819              		.loc 1 445 11 is_stmt 0 view .LVU535
 1820 001e E369     		ldr	r3, [r4, #28]
 445:Core/Src/app_log_sd.c ****   {
 1821              		.loc 1 445 6 view .LVU536
 1822 0020 13B1     		cbz	r3, .L164
 445:Core/Src/app_log_sd.c ****   {
 1823              		.loc 1 445 62 discriminator 1 view .LVU537
 1824 0022 C31A     		subs	r3, r0, r3
 445:Core/Src/app_log_sd.c ****   {
 1825              		.loc 1 445 39 discriminator 1 view .LVU538
 1826 0024 002B     		cmp	r3, #0
 1827 0026 F5DB     		blt	.L162
 1828              	.L164:
 450:Core/Src/app_log_sd.c ****   {
ARM GAS  C:\Users\40918\AppData\Local\Temp\ccL5OIdk.s 			page 48


 1829              		.loc 1 450 3 is_stmt 1 view .LVU539
 450:Core/Src/app_log_sd.c ****   {
 1830              		.loc 1 450 10 is_stmt 0 view .LVU540
 1831 0028 E37D     		ldrb	r3, [r4, #23]	@ zero_extendqisi2
 450:Core/Src/app_log_sd.c ****   {
 1832              		.loc 1 450 6 view .LVU541
 1833 002a 3BBB     		cbnz	r3, .L177
 467:Core/Src/app_log_sd.c ****   {
 1834              		.loc 1 467 3 is_stmt 1 view .LVU542
 467:Core/Src/app_log_sd.c ****   {
 1835              		.loc 1 467 10 is_stmt 0 view .LVU543
 1836 002c 237E     		ldrb	r3, [r4, #24]	@ zero_extendqisi2
 467:Core/Src/app_log_sd.c ****   {
 1837              		.loc 1 467 6 view .LVU544
 1838 002e 0BB1     		cbz	r3, .L168
 469:Core/Src/app_log_sd.c ****   }
 1839              		.loc 1 469 5 is_stmt 1 view .LVU545
 469:Core/Src/app_log_sd.c ****   }
 1840              		.loc 1 469 22 is_stmt 0 view .LVU546
 1841 0030 0023     		movs	r3, #0
 1842 0032 2376     		strb	r3, [r4, #24]
 1843              	.L168:
 472:Core/Src/app_log_sd.c ****   fr = AppLogSd_WriteBuffer(ctx, flush_buffer, &fail_stage, &fail_line_index);
 1844              		.loc 1 472 3 is_stmt 1 view .LVU547
 472:Core/Src/app_log_sd.c ****   fr = AppLogSd_WriteBuffer(ctx, flush_buffer, &fail_stage, &fail_line_index);
 1845              		.loc 1 472 35 is_stmt 0 view .LVU548
 1846 0034 667D     		ldrb	r6, [r4, #21]	@ zero_extendqisi2
 472:Core/Src/app_log_sd.c ****   fr = AppLogSd_WriteBuffer(ctx, flush_buffer, &fail_stage, &fail_line_index);
 1847              		.loc 1 472 16 view .LVU549
 1848 0036 40F64431 		movw	r1, #2884
 1849 003a 06FB01F1 		mul	r1, r6, r1
 1850 003e 01F52071 		add	r1, r1, #640
 1851 0042 2144     		add	r1, r1, r4
 1852              	.LVL149:
 473:Core/Src/app_log_sd.c ****   if (fr != FR_OK)
 1853              		.loc 1 473 3 is_stmt 1 view .LVU550
 473:Core/Src/app_log_sd.c ****   if (fr != FR_OK)
 1854              		.loc 1 473 8 is_stmt 0 view .LVU551
 1855 0044 6B46     		mov	r3, sp
 1856 0046 0DF10702 		add	r2, sp, #7
 1857 004a 0431     		adds	r1, r1, #4
 1858              	.LVL150:
 473:Core/Src/app_log_sd.c ****   if (fr != FR_OK)
 1859              		.loc 1 473 8 view .LVU552
 1860 004c 2046     		mov	r0, r4
 1861              	.LVL151:
 473:Core/Src/app_log_sd.c ****   if (fr != FR_OK)
 1862              		.loc 1 473 8 view .LVU553
 1863 004e FFF7FEFF 		bl	AppLogSd_WriteBuffer
 1864              	.LVL152:
 474:Core/Src/app_log_sd.c ****   {
 1865              		.loc 1 474 3 is_stmt 1 view .LVU554
 474:Core/Src/app_log_sd.c ****   {
 1866              		.loc 1 474 6 is_stmt 0 view .LVU555
 1867 0052 0746     		mov	r7, r0
 1868 0054 30BB     		cbnz	r0, .L178
 500:Core/Src/app_log_sd.c ****   ctx->flush_buffer_ready = 0U;
ARM GAS  C:\Users\40918\AppData\Local\Temp\ccL5OIdk.s 			page 49


 1869              		.loc 1 500 3 is_stmt 1 view .LVU556
 500:Core/Src/app_log_sd.c ****   ctx->flush_buffer_ready = 0U;
 1870              		.loc 1 500 23 is_stmt 0 view .LVU557
 1871 0056 40F64433 		movw	r3, #2884
 1872              	.LVL153:
 500:Core/Src/app_log_sd.c ****   ctx->flush_buffer_ready = 0U;
 1873              		.loc 1 500 23 view .LVU558
 1874 005a 03FB0646 		mla	r6, r3, r6, r4
 1875              	.LVL154:
 500:Core/Src/app_log_sd.c ****   ctx->flush_buffer_ready = 0U;
 1876              		.loc 1 500 23 view .LVU559
 1877 005e 0023     		movs	r3, #0
 1878 0060 A6F8C43D 		strh	r3, [r6, #3524]	@ movhi
 501:Core/Src/app_log_sd.c ****   ctx->card_offline = 0U;
 1879              		.loc 1 501 3 is_stmt 1 view .LVU560
 501:Core/Src/app_log_sd.c ****   ctx->card_offline = 0U;
 1880              		.loc 1 501 27 is_stmt 0 view .LVU561
 1881 0064 2375     		strb	r3, [r4, #20]
 502:Core/Src/app_log_sd.c ****   ctx->probe_ready = 0U;
 1882              		.loc 1 502 3 is_stmt 1 view .LVU562
 502:Core/Src/app_log_sd.c ****   ctx->probe_ready = 0U;
 1883              		.loc 1 502 21 is_stmt 0 view .LVU563
 1884 0066 E375     		strb	r3, [r4, #23]
 503:Core/Src/app_log_sd.c ****   ctx->retry_backoff_level = 0U;
 1885              		.loc 1 503 3 is_stmt 1 view .LVU564
 503:Core/Src/app_log_sd.c ****   ctx->retry_backoff_level = 0U;
 1886              		.loc 1 503 20 is_stmt 0 view .LVU565
 1887 0068 2376     		strb	r3, [r4, #24]
 504:Core/Src/app_log_sd.c ****   ctx->next_retry_tick_ms = 0U;
 1888              		.loc 1 504 3 is_stmt 1 view .LVU566
 504:Core/Src/app_log_sd.c ****   ctx->next_retry_tick_ms = 0U;
 1889              		.loc 1 504 28 is_stmt 0 view .LVU567
 1890 006a 6376     		strb	r3, [r4, #25]
 505:Core/Src/app_log_sd.c ****   if (ctx->diag != NULL) { ctx->diag->sd_write_ok++; }
 1891              		.loc 1 505 3 is_stmt 1 view .LVU568
 505:Core/Src/app_log_sd.c ****   if (ctx->diag != NULL) { ctx->diag->sd_write_ok++; }
 1892              		.loc 1 505 27 is_stmt 0 view .LVU569
 1893 006c E361     		str	r3, [r4, #28]
 506:Core/Src/app_log_sd.c **** }
 1894              		.loc 1 506 3 is_stmt 1 view .LVU570
 506:Core/Src/app_log_sd.c **** }
 1895              		.loc 1 506 10 is_stmt 0 view .LVU571
 1896 006e E368     		ldr	r3, [r4, #12]
 506:Core/Src/app_log_sd.c **** }
 1897              		.loc 1 506 6 view .LVU572
 1898 0070 002B     		cmp	r3, #0
 1899 0072 CFD0     		beq	.L162
 506:Core/Src/app_log_sd.c **** }
 1900              		.loc 1 506 28 is_stmt 1 discriminator 1 view .LVU573
 506:Core/Src/app_log_sd.c **** }
 1901              		.loc 1 506 37 is_stmt 0 discriminator 1 view .LVU574
 1902 0074 9A69     		ldr	r2, [r3, #24]
 506:Core/Src/app_log_sd.c **** }
 1903              		.loc 1 506 50 discriminator 1 view .LVU575
 1904 0076 0132     		adds	r2, r2, #1
 1905 0078 9A61     		str	r2, [r3, #24]
 1906 007a CBE7     		b	.L162
ARM GAS  C:\Users\40918\AppData\Local\Temp\ccL5OIdk.s 			page 50


 1907              	.LVL155:
 1908              	.L177:
 452:Core/Src/app_log_sd.c ****     {
 1909              		.loc 1 452 5 is_stmt 1 view .LVU576
 452:Core/Src/app_log_sd.c ****     {
 1910              		.loc 1 452 9 is_stmt 0 view .LVU577
 1911 007c 2046     		mov	r0, r4
 1912              	.LVL156:
 452:Core/Src/app_log_sd.c ****     {
 1913              		.loc 1 452 9 view .LVU578
 1914 007e FFF7FEFF 		bl	AppLogSd_ProbeCard
 1915              	.LVL157:
 452:Core/Src/app_log_sd.c ****     {
 1916              		.loc 1 452 8 discriminator 1 view .LVU579
 1917 0082 50B9     		cbnz	r0, .L166
 454:Core/Src/app_log_sd.c ****       {
 1918              		.loc 1 454 7 is_stmt 1 view .LVU580
 454:Core/Src/app_log_sd.c ****       {
 1919              		.loc 1 454 14 is_stmt 0 view .LVU581
 1920 0084 637E     		ldrb	r3, [r4, #25]	@ zero_extendqisi2
 454:Core/Src/app_log_sd.c ****       {
 1921              		.loc 1 454 10 view .LVU582
 1922 0086 032B     		cmp	r3, #3
 1923 0088 01D8     		bhi	.L167
 456:Core/Src/app_log_sd.c ****       }
 1924              		.loc 1 456 9 is_stmt 1 view .LVU583
 456:Core/Src/app_log_sd.c ****       }
 1925              		.loc 1 456 33 is_stmt 0 view .LVU584
 1926 008a 0133     		adds	r3, r3, #1
 1927 008c 6376     		strb	r3, [r4, #25]
 1928              	.L167:
 458:Core/Src/app_log_sd.c ****       return;
 1929              		.loc 1 458 7 is_stmt 1 view .LVU585
 458:Core/Src/app_log_sd.c ****       return;
 1930              		.loc 1 458 44 is_stmt 0 view .LVU586
 1931 008e 2046     		mov	r0, r4
 1932 0090 FFF7FEFF 		bl	AppLogSd_GetBackoffMs
 1933              	.LVL158:
 458:Core/Src/app_log_sd.c ****       return;
 1934              		.loc 1 458 42 discriminator 1 view .LVU587
 1935 0094 2844     		add	r0, r0, r5
 458:Core/Src/app_log_sd.c ****       return;
 1936              		.loc 1 458 31 discriminator 1 view .LVU588
 1937 0096 E061     		str	r0, [r4, #28]
 459:Core/Src/app_log_sd.c ****     }
 1938              		.loc 1 459 7 is_stmt 1 view .LVU589
 1939 0098 BCE7     		b	.L162
 1940              	.L166:
 462:Core/Src/app_log_sd.c ****     ctx->next_retry_tick_ms = now_tick + 100U;
 1941              		.loc 1 462 5 view .LVU590
 462:Core/Src/app_log_sd.c ****     ctx->next_retry_tick_ms = now_tick + 100U;
 1942              		.loc 1 462 23 is_stmt 0 view .LVU591
 1943 009a 0023     		movs	r3, #0
 1944 009c E375     		strb	r3, [r4, #23]
 463:Core/Src/app_log_sd.c ****     return;
 1945              		.loc 1 463 5 is_stmt 1 view .LVU592
 463:Core/Src/app_log_sd.c ****     return;
ARM GAS  C:\Users\40918\AppData\Local\Temp\ccL5OIdk.s 			page 51


 1946              		.loc 1 463 40 is_stmt 0 view .LVU593
 1947 009e 6435     		adds	r5, r5, #100
 1948              	.LVL159:
 463:Core/Src/app_log_sd.c ****     return;
 1949              		.loc 1 463 29 view .LVU594
 1950 00a0 E561     		str	r5, [r4, #28]
 464:Core/Src/app_log_sd.c ****   }
 1951              		.loc 1 464 5 is_stmt 1 view .LVU595
 1952 00a2 B7E7     		b	.L162
 1953              	.LVL160:
 1954              	.L178:
 476:Core/Src/app_log_sd.c ****     AppLogSd_LogFailure(ctx, fail_stage, fr, fail_line_index);
 1955              		.loc 1 476 5 view .LVU596
 476:Core/Src/app_log_sd.c ****     AppLogSd_LogFailure(ctx, fail_stage, fr, fail_line_index);
 1956              		.loc 1 476 25 is_stmt 0 view .LVU597
 1957 00a4 1748     		ldr	r0, .L180
 1958              	.LVL161:
 476:Core/Src/app_log_sd.c ****     AppLogSd_LogFailure(ctx, fail_stage, fr, fail_line_index);
 1959              		.loc 1 476 25 view .LVU598
 1960 00a6 FFF7FEFF 		bl	HAL_SD_GetError
 1961              	.LVL162:
 1962 00aa 0646     		mov	r6, r0
 1963              	.LVL163:
 477:Core/Src/app_log_sd.c ****     AppLogSd_ResetStorageState(ctx);
 1964              		.loc 1 477 5 is_stmt 1 view .LVU599
 1965 00ac 009B     		ldr	r3, [sp]
 1966 00ae 3A46     		mov	r2, r7
 1967 00b0 9DF80710 		ldrb	r1, [sp, #7]	@ zero_extendqisi2
 1968 00b4 2046     		mov	r0, r4
 1969              	.LVL164:
 477:Core/Src/app_log_sd.c ****     AppLogSd_ResetStorageState(ctx);
 1970              		.loc 1 477 5 is_stmt 0 view .LVU600
 1971 00b6 FFF7FEFF 		bl	AppLogSd_LogFailure
 1972              	.LVL165:
 478:Core/Src/app_log_sd.c **** 
 1973              		.loc 1 478 5 is_stmt 1 view .LVU601
 1974 00ba 2046     		mov	r0, r4
 1975 00bc FFF7FEFF 		bl	AppLogSd_ResetStorageState
 1976              	.LVL166:
 480:Core/Src/app_log_sd.c ****     {
 1977              		.loc 1 480 5 view .LVU602
 480:Core/Src/app_log_sd.c ****     {
 1978              		.loc 1 480 9 is_stmt 0 view .LVU603
 1979 00c0 3146     		mov	r1, r6
 1980 00c2 3846     		mov	r0, r7
 1981 00c4 FFF7FEFF 		bl	AppLogSd_IsRemovalLikeError
 1982              	.LVL167:
 480:Core/Src/app_log_sd.c ****     {
 1983              		.loc 1 480 8 discriminator 1 view .LVU604
 1984 00c8 60B9     		cbnz	r0, .L179
 492:Core/Src/app_log_sd.c ****       ctx->next_retry_tick_ms = now_tick + 5000U;
 1985              		.loc 1 492 7 is_stmt 1 view .LVU605
 492:Core/Src/app_log_sd.c ****       ctx->next_retry_tick_ms = now_tick + 5000U;
 1986              		.loc 1 492 32 is_stmt 0 view .LVU606
 1987 00ca 0023     		movs	r3, #0
 1988 00cc 6376     		strb	r3, [r4, #25]
 493:Core/Src/app_log_sd.c ****     }
ARM GAS  C:\Users\40918\AppData\Local\Temp\ccL5OIdk.s 			page 52


 1989              		.loc 1 493 7 is_stmt 1 view .LVU607
 493:Core/Src/app_log_sd.c ****     }
 1990              		.loc 1 493 42 is_stmt 0 view .LVU608
 1991 00ce 05F59C55 		add	r5, r5, #4992
 1992              	.LVL168:
 493:Core/Src/app_log_sd.c ****     }
 1993              		.loc 1 493 42 view .LVU609
 1994 00d2 0835     		adds	r5, r5, #8
 1995              	.LVL169:
 493:Core/Src/app_log_sd.c ****     }
 1996              		.loc 1 493 31 view .LVU610
 1997 00d4 E561     		str	r5, [r4, #28]
 1998              	.LVL170:
 1999              	.L171:
 496:Core/Src/app_log_sd.c ****     return;
 2000              		.loc 1 496 5 is_stmt 1 view .LVU611
 496:Core/Src/app_log_sd.c ****     return;
 2001              		.loc 1 496 12 is_stmt 0 view .LVU612
 2002 00d6 E368     		ldr	r3, [r4, #12]
 496:Core/Src/app_log_sd.c ****     return;
 2003              		.loc 1 496 8 view .LVU613
 2004 00d8 002B     		cmp	r3, #0
 2005 00da 9BD0     		beq	.L162
 496:Core/Src/app_log_sd.c ****     return;
 2006              		.loc 1 496 30 is_stmt 1 discriminator 1 view .LVU614
 496:Core/Src/app_log_sd.c ****     return;
 2007              		.loc 1 496 39 is_stmt 0 discriminator 1 view .LVU615
 2008 00dc DA69     		ldr	r2, [r3, #28]
 496:Core/Src/app_log_sd.c ****     return;
 2009              		.loc 1 496 54 discriminator 1 view .LVU616
 2010 00de 0132     		adds	r2, r2, #1
 2011 00e0 DA61     		str	r2, [r3, #28]
 497:Core/Src/app_log_sd.c ****   }
 2012              		.loc 1 497 5 is_stmt 1 view .LVU617
 2013 00e2 97E7     		b	.L162
 2014              	.LVL171:
 2015              	.L179:
 482:Core/Src/app_log_sd.c ****       ctx->probe_ready = 0U;
 2016              		.loc 1 482 7 view .LVU618
 482:Core/Src/app_log_sd.c ****       ctx->probe_ready = 0U;
 2017              		.loc 1 482 25 is_stmt 0 view .LVU619
 2018 00e4 0123     		movs	r3, #1
 2019 00e6 E375     		strb	r3, [r4, #23]
 483:Core/Src/app_log_sd.c ****       ctx->next_retry_tick_ms = now_tick + AppLogSd_GetBackoffMs(ctx);
 2020              		.loc 1 483 7 is_stmt 1 view .LVU620
 483:Core/Src/app_log_sd.c ****       ctx->next_retry_tick_ms = now_tick + AppLogSd_GetBackoffMs(ctx);
 2021              		.loc 1 483 24 is_stmt 0 view .LVU621
 2022 00e8 0023     		movs	r3, #0
 2023 00ea 2376     		strb	r3, [r4, #24]
 484:Core/Src/app_log_sd.c ****       if (ctx->retry_backoff_level < 4U)
 2024              		.loc 1 484 7 is_stmt 1 view .LVU622
 484:Core/Src/app_log_sd.c ****       if (ctx->retry_backoff_level < 4U)
 2025              		.loc 1 484 44 is_stmt 0 view .LVU623
 2026 00ec 2046     		mov	r0, r4
 2027 00ee FFF7FEFF 		bl	AppLogSd_GetBackoffMs
 2028              	.LVL172:
 484:Core/Src/app_log_sd.c ****       if (ctx->retry_backoff_level < 4U)
ARM GAS  C:\Users\40918\AppData\Local\Temp\ccL5OIdk.s 			page 53


 2029              		.loc 1 484 42 discriminator 1 view .LVU624
 2030 00f2 2844     		add	r0, r0, r5
 484:Core/Src/app_log_sd.c ****       if (ctx->retry_backoff_level < 4U)
 2031              		.loc 1 484 31 discriminator 1 view .LVU625
 2032 00f4 E061     		str	r0, [r4, #28]
 485:Core/Src/app_log_sd.c ****       {
 2033              		.loc 1 485 7 is_stmt 1 view .LVU626
 485:Core/Src/app_log_sd.c ****       {
 2034              		.loc 1 485 14 is_stmt 0 view .LVU627
 2035 00f6 637E     		ldrb	r3, [r4, #25]	@ zero_extendqisi2
 485:Core/Src/app_log_sd.c ****       {
 2036              		.loc 1 485 10 view .LVU628
 2037 00f8 032B     		cmp	r3, #3
 2038 00fa ECD8     		bhi	.L171
 487:Core/Src/app_log_sd.c ****       }
 2039              		.loc 1 487 9 is_stmt 1 view .LVU629
 487:Core/Src/app_log_sd.c ****       }
 2040              		.loc 1 487 33 is_stmt 0 view .LVU630
 2041 00fc 0133     		adds	r3, r3, #1
 2042 00fe 6376     		strb	r3, [r4, #25]
 2043 0100 E9E7     		b	.L171
 2044              	.L181:
 2045 0102 00BF     		.align	2
 2046              	.L180:
 2047 0104 00000000 		.word	hsd
 2048              		.cfi_endproc
 2049              	.LFE258:
 2051              		.text
 2052              	.Letext0:
 2053              		.file 2 "D:/Tools/Arm GNU Toolchain arm-none-eabi/13.3 rel1/arm-none-eabi/include/machine/_default
 2054              		.file 3 "D:/Tools/Arm GNU Toolchain arm-none-eabi/13.3 rel1/arm-none-eabi/include/sys/_stdint.h"
 2055              		.file 4 "Drivers/CMSIS/Device/ST/STM32F4xx/Include/stm32f407xx.h"
 2056              		.file 5 "D:/Tools/Arm GNU Toolchain arm-none-eabi/13.3 rel1/lib/gcc/arm-none-eabi/13.3.1/include/s
 2057              		.file 6 "Drivers/STM32F4xx_HAL_Driver/Inc/stm32f4xx_hal_def.h"
 2058              		.file 7 "Drivers/STM32F4xx_HAL_Driver/Inc/stm32f4xx_hal_dma.h"
 2059              		.file 8 "Drivers/STM32F4xx_HAL_Driver/Inc/stm32f4xx_hal_rtc.h"
 2060              		.file 9 "Drivers/STM32F4xx_HAL_Driver/Inc/stm32f4xx_ll_sdmmc.h"
 2061              		.file 10 "Drivers/STM32F4xx_HAL_Driver/Inc/stm32f4xx_hal_sd.h"
 2062              		.file 11 "Core/Inc/main.h"
 2063              		.file 12 "Middlewares/Third_Party/FatFs/src/integer.h"
 2064              		.file 13 "Middlewares/Third_Party/FreeRTOS/Source/CMSIS_RTOS_V2/cmsis_os2.h"
 2065              		.file 14 "Middlewares/Third_Party/FatFs/src/ff.h"
 2066              		.file 15 "Core/Inc/app_log_sd.h"
 2067              		.file 16 "D:/Tools/Arm GNU Toolchain arm-none-eabi/13.3 rel1/arm-none-eabi/include/stdio.h"
 2068              		.file 17 "FATFS/Target/bsp_driver_sd.h"
 2069              		.file 18 "Drivers/STM32F4xx_HAL_Driver/Inc/stm32f4xx_hal.h"
 2070              		.file 19 "D:/Tools/Arm GNU Toolchain arm-none-eabi/13.3 rel1/arm-none-eabi/include/string.h"
 2071              		.file 20 "<built-in>"
ARM GAS  C:\Users\40918\AppData\Local\Temp\ccL5OIdk.s 			page 54


DEFINED SYMBOLS
                            *ABS*:00000000 app_log_sd.c
C:\Users\40918\AppData\Local\Temp\ccL5OIdk.s:21     .text.AppLogSd_SameDate:00000000 $t
C:\Users\40918\AppData\Local\Temp\ccL5OIdk.s:26     .text.AppLogSd_SameDate:00000000 AppLogSd_SameDate
C:\Users\40918\AppData\Local\Temp\ccL5OIdk.s:102    .text.AppLogSd_IsRemovalLikeError:00000000 $t
C:\Users\40918\AppData\Local\Temp\ccL5OIdk.s:107    .text.AppLogSd_IsRemovalLikeError:00000000 AppLogSd_IsRemovalLikeError
C:\Users\40918\AppData\Local\Temp\ccL5OIdk.s:147    .text.AppLogSd_GetBackoffMs:00000000 $t
C:\Users\40918\AppData\Local\Temp\ccL5OIdk.s:152    .text.AppLogSd_GetBackoffMs:00000000 AppLogSd_GetBackoffMs
C:\Users\40918\AppData\Local\Temp\ccL5OIdk.s:231    .text.AppLogSd_GetBackoffMs:00000034 $d
C:\Users\40918\AppData\Local\Temp\ccL5OIdk.s:237    .rodata.AppLogSd_WriteHeaderIfNeeded.str1.4:00000000 $d
C:\Users\40918\AppData\Local\Temp\ccL5OIdk.s:241    .text.AppLogSd_WriteHeaderIfNeeded:00000000 $t
C:\Users\40918\AppData\Local\Temp\ccL5OIdk.s:246    .text.AppLogSd_WriteHeaderIfNeeded:00000000 AppLogSd_WriteHeaderIfNeeded
C:\Users\40918\AppData\Local\Temp\ccL5OIdk.s:347    .text.AppLogSd_WriteHeaderIfNeeded:00000044 $d
C:\Users\40918\AppData\Local\Temp\ccL5OIdk.s:352    .text.AppLogSd_EnsureMounted:00000000 $t
C:\Users\40918\AppData\Local\Temp\ccL5OIdk.s:357    .text.AppLogSd_EnsureMounted:00000000 AppLogSd_EnsureMounted
C:\Users\40918\AppData\Local\Temp\ccL5OIdk.s:437    .text.AppLogSd_ResetStorageState:00000000 $t
C:\Users\40918\AppData\Local\Temp\ccL5OIdk.s:442    .text.AppLogSd_ResetStorageState:00000000 AppLogSd_ResetStorageState
C:\Users\40918\AppData\Local\Temp\ccL5OIdk.s:506    .text.AppLogSd_ProbeCard:00000000 $t
C:\Users\40918\AppData\Local\Temp\ccL5OIdk.s:511    .text.AppLogSd_ProbeCard:00000000 AppLogSd_ProbeCard
C:\Users\40918\AppData\Local\Temp\ccL5OIdk.s:577    .text.AppLogSd_ProbeCard:00000030 $d
C:\Users\40918\AppData\Local\Temp\ccL5OIdk.s:582    .rodata.AppLogSd_OpenDailyFile.str1.4:00000000 $d
C:\Users\40918\AppData\Local\Temp\ccL5OIdk.s:586    .text.AppLogSd_OpenDailyFile:00000000 $t
C:\Users\40918\AppData\Local\Temp\ccL5OIdk.s:591    .text.AppLogSd_OpenDailyFile:00000000 AppLogSd_OpenDailyFile
C:\Users\40918\AppData\Local\Temp\ccL5OIdk.s:780    .text.AppLogSd_OpenDailyFile:000000b0 $d
C:\Users\40918\AppData\Local\Temp\ccL5OIdk.s:785    .rodata.AppLogSd_WriteBuffer.str1.4:00000000 $d
C:\Users\40918\AppData\Local\Temp\ccL5OIdk.s:791    .text.AppLogSd_WriteBuffer:00000000 $t
C:\Users\40918\AppData\Local\Temp\ccL5OIdk.s:796    .text.AppLogSd_WriteBuffer:00000000 AppLogSd_WriteBuffer
C:\Users\40918\AppData\Local\Temp\ccL5OIdk.s:1213   .text.AppLogSd_WriteBuffer:000001f4 $d
C:\Users\40918\AppData\Local\Temp\ccL5OIdk.s:1218   .rodata.AppLogSd_LogFailure.str1.4:00000000 $d
C:\Users\40918\AppData\Local\Temp\ccL5OIdk.s:1248   .text.AppLogSd_LogFailure:00000000 $t
C:\Users\40918\AppData\Local\Temp\ccL5OIdk.s:1253   .text.AppLogSd_LogFailure:00000000 AppLogSd_LogFailure
C:\Users\40918\AppData\Local\Temp\ccL5OIdk.s:1296   .text.AppLogSd_LogFailure:0000001a $d
C:\Users\40918\AppData\Local\Temp\ccL5OIdk.s:1302   .text.AppLogSd_LogFailure:00000020 $t
C:\Users\40918\AppData\Local\Temp\ccL5OIdk.s:1442   .text.AppLogSd_LogFailure:0000009c $d
C:\Users\40918\AppData\Local\Temp\ccL5OIdk.s:1456   .text.AppLogSd_Init:00000000 $t
C:\Users\40918\AppData\Local\Temp\ccL5OIdk.s:1462   .text.AppLogSd_Init:00000000 AppLogSd_Init
C:\Users\40918\AppData\Local\Temp\ccL5OIdk.s:1526   .text.AppLogSd_Push1s:00000000 $t
C:\Users\40918\AppData\Local\Temp\ccL5OIdk.s:1532   .text.AppLogSd_Push1s:00000000 AppLogSd_Push1s
C:\Users\40918\AppData\Local\Temp\ccL5OIdk.s:1753   .text.AppLogSd_Process:00000000 $t
C:\Users\40918\AppData\Local\Temp\ccL5OIdk.s:1759   .text.AppLogSd_Process:00000000 AppLogSd_Process
C:\Users\40918\AppData\Local\Temp\ccL5OIdk.s:2047   .text.AppLogSd_Process:00000104 $d

UNDEFINED SYMBOLS
f_write
f_mount
f_close
HAL_SD_GetError
BSP_SD_Init
BSP_SD_GetCardState
hsd
snprintf
f_open
f_lseek
__aeabi_f2d
f_sync
HAL_SD_GetState
printf
ARM GAS  C:\Users\40918\AppData\Local\Temp\ccL5OIdk.s 			page 55


memset
HAL_RTC_GetTime
HAL_RTC_GetDate
HAL_GetTick
