ARM GAS  C:\Users\40918\AppData\Local\Temp\ccDNylh8.s 			page 1


   1              		.cpu cortex-m4
   2              		.arch armv7e-m
   3              		.fpu fpv4-sp-d16
   4              		.eabi_attribute 27, 1
   5              		.eabi_attribute 28, 1
   6              		.eabi_attribute 20, 1
   7              		.eabi_attribute 21, 1
   8              		.eabi_attribute 23, 3
   9              		.eabi_attribute 24, 1
  10              		.eabi_attribute 25, 1
  11              		.eabi_attribute 26, 1
  12              		.eabi_attribute 30, 1
  13              		.eabi_attribute 34, 1
  14              		.eabi_attribute 18, 4
  15              		.file	"app_modbus_u2.c"
  16              		.text
  17              	.Ltext0:
  18              		.cfi_sections	.debug_frame
  19              		.file 1 "Core/Src/app_modbus_u2.c"
  20              		.section	.text.AppModbusU2_WriteFloatToRegs,"ax",%progbits
  21              		.align	1
  22              		.syntax unified
  23              		.thumb
  24              		.thumb_func
  26              	AppModbusU2_WriteFloatToRegs:
  27              	.LVL0:
  28              	.LFB240:
   1:Core/Src/app_modbus_u2.c **** #include "app_modbus_u2.h"
   2:Core/Src/app_modbus_u2.c **** #include "app_calc.h"
   3:Core/Src/app_modbus_u2.c **** #include "app_avg_power_cache.h"
   4:Core/Src/app_modbus_u2.c **** #include "app_param_store.h"
   5:Core/Src/app_modbus_u2.c **** #include <string.h>
   6:Core/Src/app_modbus_u2.c **** #include <stddef.h>
   7:Core/Src/app_modbus_u2.c **** 
   8:Core/Src/app_modbus_u2.c **** #define MODBUS_U2_REQ_TIMEOUT_MS 500U
   9:Core/Src/app_modbus_u2.c **** #define MODBUS_U2_LOG_REG_PREVIEW 4U
  10:Core/Src/app_modbus_u2.c **** #define MODBUS_U2_LOG_VERBOSE_FRAMES 0U
  11:Core/Src/app_modbus_u2.c **** #define MODBUS_U2_LOG_REQ_DETAIL 0U
  12:Core/Src/app_modbus_u2.c **** #define MODBUS_U2_LOG_INFO 0U
  13:Core/Src/app_modbus_u2.c **** #define MODBUS_U2_LOG_ERROR 1U
  14:Core/Src/app_modbus_u2.c **** 
  15:Core/Src/app_modbus_u2.c **** #if MODBUS_U2_LOG_INFO
  16:Core/Src/app_modbus_u2.c **** #define U2LOGI(...) LOGI(__VA_ARGS__)
  17:Core/Src/app_modbus_u2.c **** #else
  18:Core/Src/app_modbus_u2.c **** #define U2LOGI(...) do { } while (0)
  19:Core/Src/app_modbus_u2.c **** #endif
  20:Core/Src/app_modbus_u2.c **** 
  21:Core/Src/app_modbus_u2.c **** #if MODBUS_U2_LOG_ERROR
  22:Core/Src/app_modbus_u2.c **** #define U2LOGE(...) LOGE(__VA_ARGS__)
  23:Core/Src/app_modbus_u2.c **** #else
  24:Core/Src/app_modbus_u2.c **** #define U2LOGE(...) do { } while (0)
  25:Core/Src/app_modbus_u2.c **** #endif
  26:Core/Src/app_modbus_u2.c **** 
  27:Core/Src/app_modbus_u2.c **** static volatile uint8_t s_usart2_tx_done = 1U;
  28:Core/Src/app_modbus_u2.c **** static uint32_t s_modbus_req_seq = 0U;
  29:Core/Src/app_modbus_u2.c **** static uint32_t s_modbus_rx_event_count = 0U;
  30:Core/Src/app_modbus_u2.c **** static volatile uint32_t s_modbus_uart_err_count = 0U;
ARM GAS  C:\Users\40918\AppData\Local\Temp\ccDNylh8.s 			page 2


  31:Core/Src/app_modbus_u2.c **** static volatile uint32_t s_modbus_rx_rearm_fail_count = 0U;
  32:Core/Src/app_modbus_u2.c **** static volatile uint32_t s_modbus_rx_rearm_busy_count = 0U;
  33:Core/Src/app_modbus_u2.c **** static volatile uint32_t s_modbus_rx_recover_count = 0U;
  34:Core/Src/app_modbus_u2.c **** static volatile uint32_t s_modbus_rx_queue_put_ok_count = 0U;
  35:Core/Src/app_modbus_u2.c **** static volatile uint32_t s_modbus_rx_queue_put_fail_count = 0U;
  36:Core/Src/app_modbus_u2.c **** static volatile uint32_t s_modbus_rx_last_tick = 0U;
  37:Core/Src/app_modbus_u2.c **** static volatile uint16_t s_modbus_rx_last_size = 0U;
  38:Core/Src/app_modbus_u2.c **** static volatile uint16_t s_modbus_rx_last_prev_pos = 0U;
  39:Core/Src/app_modbus_u2.c **** static volatile uint16_t s_modbus_rx_last_curr_pos = 0U;
  40:Core/Src/app_modbus_u2.c **** static volatile uint16_t s_modbus_rx_last_chunk_len = 0U;
  41:Core/Src/app_modbus_u2.c **** static volatile int32_t s_modbus_rx_last_put_ret = 0;
  42:Core/Src/app_modbus_u2.c **** static uint32_t s_modbus_write_ok_count = 0U;
  43:Core/Src/app_modbus_u2.c **** static uint32_t s_modbus_write_timeout_count = 0U;
  44:Core/Src/app_modbus_u2.c **** static uint8_t s_modbus_rx_stream[512];
  45:Core/Src/app_modbus_u2.c **** static uint16_t s_modbus_rx_dma_last_pos = 0U;
  46:Core/Src/app_modbus_u2.c **** static uint16_t s_prev_change_flags = 0U;
  47:Core/Src/app_modbus_u2.c **** static void AppModbusU2_WriteMappedValue(protocol_values_t *values,
  48:Core/Src/app_modbus_u2.c ****                                          const reg_meta_t *meta,
  49:Core/Src/app_modbus_u2.c ****                                          const uint16_t *regs);
  50:Core/Src/app_modbus_u2.c **** static void AppModbusU2_RecoverRxDma(const app_modbus_u2_ctx_t *ctx);
  51:Core/Src/app_modbus_u2.c **** static void AppModbusU2_StopRxDma(const app_modbus_u2_ctx_t *ctx);
  52:Core/Src/app_modbus_u2.c **** static HAL_StatusTypeDef AppModbusU2_StartRxDma(const app_modbus_u2_ctx_t *ctx);
  53:Core/Src/app_modbus_u2.c **** static HAL_StatusTypeDef AppModbusU2_StartResponseWindow(const app_modbus_u2_ctx_t *ctx);
  54:Core/Src/app_modbus_u2.c **** static void AppModbusU2_LogBytesError(const char *tag, const uint8_t *buf, uint16_t len);
  55:Core/Src/app_modbus_u2.c **** static void AppModbusU2_LogTimeoutDiag(const app_modbus_u2_ctx_t *ctx,
  56:Core/Src/app_modbus_u2.c ****                                        uint32_t req_id,
  57:Core/Src/app_modbus_u2.c ****                                        const char *phase,
  58:Core/Src/app_modbus_u2.c ****                                        uint16_t start_addr,
  59:Core/Src/app_modbus_u2.c ****                                        uint16_t quantity,
  60:Core/Src/app_modbus_u2.c ****                                        uint16_t rx_stream_len);
  61:Core/Src/app_modbus_u2.c **** 
  62:Core/Src/app_modbus_u2.c **** static void AppModbusU2_Delay1ms(void)
  63:Core/Src/app_modbus_u2.c **** {
  64:Core/Src/app_modbus_u2.c ****   if (osKernelGetState() == osKernelRunning)
  65:Core/Src/app_modbus_u2.c ****   {
  66:Core/Src/app_modbus_u2.c ****     osDelay(1U);
  67:Core/Src/app_modbus_u2.c ****   }
  68:Core/Src/app_modbus_u2.c ****   else
  69:Core/Src/app_modbus_u2.c ****   {
  70:Core/Src/app_modbus_u2.c ****     HAL_Delay(1U);
  71:Core/Src/app_modbus_u2.c ****   }
  72:Core/Src/app_modbus_u2.c **** }
  73:Core/Src/app_modbus_u2.c **** 
  74:Core/Src/app_modbus_u2.c **** typedef struct
  75:Core/Src/app_modbus_u2.c **** {
  76:Core/Src/app_modbus_u2.c ****   uint16_t flag_mask;
  77:Core/Src/app_modbus_u2.c ****   uint16_t addr;
  78:Core/Src/app_modbus_u2.c ****   uint16_t qty;
  79:Core/Src/app_modbus_u2.c **** } modbus_change_query_t;
  80:Core/Src/app_modbus_u2.c **** 
  81:Core/Src/app_modbus_u2.c **** static const modbus_change_query_t s_change_queries[] = {
  82:Core/Src/app_modbus_u2.c ****   {0x0001U, 0x09C4U, 2U},
  83:Core/Src/app_modbus_u2.c ****   {0x0002U, 0x09C6U, 12U},
  84:Core/Src/app_modbus_u2.c ****   {0x0004U, 0x09D2U, 19U},
  85:Core/Src/app_modbus_u2.c **** };
  86:Core/Src/app_modbus_u2.c **** 
  87:Core/Src/app_modbus_u2.c **** typedef struct
ARM GAS  C:\Users\40918\AppData\Local\Temp\ccDNylh8.s 			page 3


  88:Core/Src/app_modbus_u2.c **** {
  89:Core/Src/app_modbus_u2.c ****   uint8_t reg_index;
  90:Core/Src/app_modbus_u2.c ****   uint16_t flag_mask;
  91:Core/Src/app_modbus_u2.c **** } modbus_flag_map_t;
  92:Core/Src/app_modbus_u2.c **** 
  93:Core/Src/app_modbus_u2.c **** static const modbus_flag_map_t s_flag_maps[] = {
  94:Core/Src/app_modbus_u2.c ****   {0U, 0x0001U}, /* 0x0AF0 */
  95:Core/Src/app_modbus_u2.c ****   {1U, 0x0002U}, /* 0x0AF1 */
  96:Core/Src/app_modbus_u2.c ****   {2U, 0x0004U}, /* 0x0AF2 */
  97:Core/Src/app_modbus_u2.c **** };
  98:Core/Src/app_modbus_u2.c **** 
  99:Core/Src/app_modbus_u2.c **** static const modbus_poll_item_t s_status_poll_list[] = {
 100:Core/Src/app_modbus_u2.c ****   {0x0AF0U, 4U},
 101:Core/Src/app_modbus_u2.c **** };
 102:Core/Src/app_modbus_u2.c **** 
 103:Core/Src/app_modbus_u2.c **** typedef struct
 104:Core/Src/app_modbus_u2.c **** {
 105:Core/Src/app_modbus_u2.c ****   uint16_t addr;
 106:Core/Src/app_modbus_u2.c ****   uint16_t qty;
 107:Core/Src/app_modbus_u2.c ****   uint16_t value_offset;
 108:Core/Src/app_modbus_u2.c **** } modbus_write_item_t;
 109:Core/Src/app_modbus_u2.c **** 
 110:Core/Src/app_modbus_u2.c **** #define OFF_PROTO(x) ((uint16_t)offsetof(protocol_values_t, x))
 111:Core/Src/app_modbus_u2.c **** static const modbus_write_item_t s_write_07xx_list[] = {
 112:Core/Src/app_modbus_u2.c ****   {0x07D0U, 2U, OFF_PROTO(torque_kNm)},
 113:Core/Src/app_modbus_u2.c ****   {0x07D2U, 2U, OFF_PROTO(power_kW)},
 114:Core/Src/app_modbus_u2.c ****   {0x07D4U, 2U, OFF_PROTO(speed_rpm)},
 115:Core/Src/app_modbus_u2.c ****   {0x07D6U, 2U, OFF_PROTO(thrust_kN)},
 116:Core/Src/app_modbus_u2.c ****   {0x07D8U, 1U, OFF_PROTO(pc2_low_voltage_state)},
 117:Core/Src/app_modbus_u2.c ****   {0x07D9U, 1U, OFF_PROTO(board_low_voltage_state)},
 118:Core/Src/app_modbus_u2.c ****   {0x07DCU, 1U, OFF_PROTO(wireless_frame_no)},
 119:Core/Src/app_modbus_u2.c **** };
 120:Core/Src/app_modbus_u2.c **** #undef OFF_PROTO
 121:Core/Src/app_modbus_u2.c **** 
 122:Core/Src/app_modbus_u2.c **** static void AppModbusU2_WriteFloatToRegs(float value, uint16_t *out_regs)
 123:Core/Src/app_modbus_u2.c **** {
  29              		.loc 1 123 1 view -0
  30              		.cfi_startproc
  31              		@ args = 0, pretend = 0, frame = 0
  32              		@ frame_needed = 0, uses_anonymous_args = 0
  33              		@ link register save eliminated.
  34              		.loc 1 123 1 is_stmt 0 view .LVU1
  35 0000 10EE103A 		vmov	r3, s0
 124:Core/Src/app_modbus_u2.c ****   uint32_t raw;
  36              		.loc 1 124 3 is_stmt 1 view .LVU2
 125:Core/Src/app_modbus_u2.c **** 
 126:Core/Src/app_modbus_u2.c ****   if (out_regs == NULL)
  37              		.loc 1 126 3 view .LVU3
  38              		.loc 1 126 6 is_stmt 0 view .LVU4
  39 0004 10B1     		cbz	r0, .L1
 127:Core/Src/app_modbus_u2.c ****   {
 128:Core/Src/app_modbus_u2.c ****     return;
 129:Core/Src/app_modbus_u2.c ****   }
 130:Core/Src/app_modbus_u2.c **** 
 131:Core/Src/app_modbus_u2.c ****   memcpy(&raw, &value, sizeof(raw));
  40              		.loc 1 131 3 is_stmt 1 view .LVU5
  41              	.LVL1:
ARM GAS  C:\Users\40918\AppData\Local\Temp\ccDNylh8.s 			page 4


 132:Core/Src/app_modbus_u2.c ****   out_regs[0] = (uint16_t)(raw & 0xFFFFU);
  42              		.loc 1 132 3 view .LVU6
  43              		.loc 1 132 15 is_stmt 0 view .LVU7
  44 0006 0380     		strh	r3, [r0]	@ movhi
 133:Core/Src/app_modbus_u2.c ****   out_regs[1] = (uint16_t)(raw >> 16);
  45              		.loc 1 133 3 is_stmt 1 view .LVU8
  46              		.loc 1 133 17 is_stmt 0 view .LVU9
  47 0008 1B0C     		lsrs	r3, r3, #16
  48              		.loc 1 133 15 view .LVU10
  49 000a 4380     		strh	r3, [r0, #2]	@ movhi
  50              	.LVL2:
  51              	.L1:
 134:Core/Src/app_modbus_u2.c **** }
  52              		.loc 1 134 1 view .LVU11
  53 000c 7047     		bx	lr
  54              		.cfi_endproc
  55              	.LFE240:
  57              		.section	.text.AppModbusU2_WriteMappedValue,"ax",%progbits
  58              		.align	1
  59              		.syntax unified
  60              		.thumb
  61              		.thumb_func
  63              	AppModbusU2_WriteMappedValue:
  64              	.LVL3:
  65              	.LFB266:
 135:Core/Src/app_modbus_u2.c **** 
 136:Core/Src/app_modbus_u2.c **** static void AppModbusU2_LogBytes(const char *tag, const uint8_t *buf, uint16_t len)
 137:Core/Src/app_modbus_u2.c **** {
 138:Core/Src/app_modbus_u2.c ****   uint16_t i;
 139:Core/Src/app_modbus_u2.c **** 
 140:Core/Src/app_modbus_u2.c ****   if ((tag == NULL) || (buf == NULL))
 141:Core/Src/app_modbus_u2.c ****   {
 142:Core/Src/app_modbus_u2.c ****     return;
 143:Core/Src/app_modbus_u2.c ****   }
 144:Core/Src/app_modbus_u2.c **** 
 145:Core/Src/app_modbus_u2.c ****   U2LOGI("[MODBUS-U2] %s len=%u data=", tag, (unsigned int)len);
 146:Core/Src/app_modbus_u2.c ****   for (i = 0U; i < len; i++)
 147:Core/Src/app_modbus_u2.c ****   {
 148:Core/Src/app_modbus_u2.c ****     U2LOGI("%02X", buf[i]);
 149:Core/Src/app_modbus_u2.c ****     if ((uint16_t)(i + 1U) < len)
 150:Core/Src/app_modbus_u2.c ****     {
 151:Core/Src/app_modbus_u2.c ****       U2LOGI(" ");
 152:Core/Src/app_modbus_u2.c ****     }
 153:Core/Src/app_modbus_u2.c ****   }
 154:Core/Src/app_modbus_u2.c ****   U2LOGI("\r\n");
 155:Core/Src/app_modbus_u2.c **** }
 156:Core/Src/app_modbus_u2.c **** 
 157:Core/Src/app_modbus_u2.c **** static void AppModbusU2_LogBytesError(const char *tag, const uint8_t *buf, uint16_t len)
 158:Core/Src/app_modbus_u2.c **** {
 159:Core/Src/app_modbus_u2.c ****   uint16_t i;
 160:Core/Src/app_modbus_u2.c **** 
 161:Core/Src/app_modbus_u2.c ****   if ((tag == NULL) || (buf == NULL))
 162:Core/Src/app_modbus_u2.c ****   {
 163:Core/Src/app_modbus_u2.c ****     return;
 164:Core/Src/app_modbus_u2.c ****   }
 165:Core/Src/app_modbus_u2.c **** 
 166:Core/Src/app_modbus_u2.c ****   U2LOGE("[MODBUS-U2] %s len=%u data=", tag, (unsigned int)len);
ARM GAS  C:\Users\40918\AppData\Local\Temp\ccDNylh8.s 			page 5


 167:Core/Src/app_modbus_u2.c ****   for (i = 0U; i < len; i++)
 168:Core/Src/app_modbus_u2.c ****   {
 169:Core/Src/app_modbus_u2.c ****     U2LOGE("%02X", buf[i]);
 170:Core/Src/app_modbus_u2.c ****     if ((uint16_t)(i + 1U) < len)
 171:Core/Src/app_modbus_u2.c ****     {
 172:Core/Src/app_modbus_u2.c ****       U2LOGE(" ");
 173:Core/Src/app_modbus_u2.c ****     }
 174:Core/Src/app_modbus_u2.c ****   }
 175:Core/Src/app_modbus_u2.c ****   U2LOGE("\r\n");
 176:Core/Src/app_modbus_u2.c **** }
 177:Core/Src/app_modbus_u2.c **** 
 178:Core/Src/app_modbus_u2.c **** static void AppModbusU2_LogTimeoutDiag(const app_modbus_u2_ctx_t *ctx,
 179:Core/Src/app_modbus_u2.c ****                                        uint32_t req_id,
 180:Core/Src/app_modbus_u2.c ****                                        const char *phase,
 181:Core/Src/app_modbus_u2.c ****                                        uint16_t start_addr,
 182:Core/Src/app_modbus_u2.c ****                                        uint16_t quantity,
 183:Core/Src/app_modbus_u2.c ****                                        uint16_t rx_stream_len)
 184:Core/Src/app_modbus_u2.c **** {
 185:Core/Src/app_modbus_u2.c ****   uint32_t state = 0U;
 186:Core/Src/app_modbus_u2.c ****   uint32_t err = 0U;
 187:Core/Src/app_modbus_u2.c **** 
 188:Core/Src/app_modbus_u2.c ****   if ((ctx != NULL) && (ctx->huart2 != NULL))
 189:Core/Src/app_modbus_u2.c ****   {
 190:Core/Src/app_modbus_u2.c ****     state = (uint32_t)HAL_UART_GetState(ctx->huart2);
 191:Core/Src/app_modbus_u2.c ****     err = ctx->huart2->ErrorCode;
 192:Core/Src/app_modbus_u2.c ****   }
 193:Core/Src/app_modbus_u2.c **** 
 194:Core/Src/app_modbus_u2.c ****   U2LOGE("[MODBUS-U2] req#%lu %s timeout addr=0x%04X qty=%u rx_len=%u rx_evt=%lu uart_err=%lu rearm
 195:Core/Src/app_modbus_u2.c ****          (unsigned long)req_id,
 196:Core/Src/app_modbus_u2.c ****          (phase != NULL) ? phase : "rx",
 197:Core/Src/app_modbus_u2.c ****          (unsigned int)start_addr,
 198:Core/Src/app_modbus_u2.c ****          (unsigned int)quantity,
 199:Core/Src/app_modbus_u2.c ****          (unsigned int)rx_stream_len,
 200:Core/Src/app_modbus_u2.c ****          (unsigned long)s_modbus_rx_event_count,
 201:Core/Src/app_modbus_u2.c ****          (unsigned long)s_modbus_uart_err_count,
 202:Core/Src/app_modbus_u2.c ****          (unsigned long)s_modbus_rx_rearm_fail_count,
 203:Core/Src/app_modbus_u2.c ****          (unsigned long)s_modbus_rx_rearm_busy_count,
 204:Core/Src/app_modbus_u2.c ****          (unsigned long)s_modbus_rx_recover_count,
 205:Core/Src/app_modbus_u2.c ****          (unsigned long)state,
 206:Core/Src/app_modbus_u2.c ****          (unsigned long)err);
 207:Core/Src/app_modbus_u2.c ****   U2LOGE("[MODBUS-U2] rx-last tick=%lu size=%u prev=%u curr=%u chunk=%u put_ret=%ld put_ok=%lu put_
 208:Core/Src/app_modbus_u2.c ****          (unsigned long)s_modbus_rx_last_tick,
 209:Core/Src/app_modbus_u2.c ****          (unsigned int)s_modbus_rx_last_size,
 210:Core/Src/app_modbus_u2.c ****          (unsigned int)s_modbus_rx_last_prev_pos,
 211:Core/Src/app_modbus_u2.c ****          (unsigned int)s_modbus_rx_last_curr_pos,
 212:Core/Src/app_modbus_u2.c ****          (unsigned int)s_modbus_rx_last_chunk_len,
 213:Core/Src/app_modbus_u2.c ****          (long)s_modbus_rx_last_put_ret,
 214:Core/Src/app_modbus_u2.c ****          (unsigned long)s_modbus_rx_queue_put_ok_count,
 215:Core/Src/app_modbus_u2.c ****          (unsigned long)s_modbus_rx_queue_put_fail_count);
 216:Core/Src/app_modbus_u2.c **** }
 217:Core/Src/app_modbus_u2.c **** 
 218:Core/Src/app_modbus_u2.c **** static void AppModbusU2_LogDecodedValues(const char *tag, uint16_t start_addr, const uint16_t *regs
 219:Core/Src/app_modbus_u2.c **** {
 220:Core/Src/app_modbus_u2.c ****   uint16_t i;
 221:Core/Src/app_modbus_u2.c ****   uint16_t addr;
 222:Core/Src/app_modbus_u2.c ****   const reg_meta_t *meta;
 223:Core/Src/app_modbus_u2.c ****   uint16_t needed_regs;
ARM GAS  C:\Users\40918\AppData\Local\Temp\ccDNylh8.s 			page 6


 224:Core/Src/app_modbus_u2.c ****   uint32_t u32;
 225:Core/Src/app_modbus_u2.c ****   int32_t s32;
 226:Core/Src/app_modbus_u2.c ****   float f32;
 227:Core/Src/app_modbus_u2.c **** 
 228:Core/Src/app_modbus_u2.c ****   if ((tag == NULL) || (regs == NULL) || (qty == 0U))
 229:Core/Src/app_modbus_u2.c ****   {
 230:Core/Src/app_modbus_u2.c ****     return;
 231:Core/Src/app_modbus_u2.c ****   }
 232:Core/Src/app_modbus_u2.c **** 
 233:Core/Src/app_modbus_u2.c ****   U2LOGI("[MODBUS-U2] %s addr=0x%04X qty=%u\r\n",
 234:Core/Src/app_modbus_u2.c ****         tag,
 235:Core/Src/app_modbus_u2.c ****         (unsigned int)start_addr,
 236:Core/Src/app_modbus_u2.c ****         (unsigned int)qty);
 237:Core/Src/app_modbus_u2.c ****   for (i = 0U; i < qty; i++)
 238:Core/Src/app_modbus_u2.c ****   {
 239:Core/Src/app_modbus_u2.c ****     addr = (uint16_t)(start_addr + i);
 240:Core/Src/app_modbus_u2.c ****     meta = ProtocolMap_Find(addr);
 241:Core/Src/app_modbus_u2.c ****     if (meta == NULL)
 242:Core/Src/app_modbus_u2.c ****     {
 243:Core/Src/app_modbus_u2.c ****       continue;
 244:Core/Src/app_modbus_u2.c ****     }
 245:Core/Src/app_modbus_u2.c **** 
 246:Core/Src/app_modbus_u2.c ****     needed_regs = (uint16_t)(meta->bytes / 2U);
 247:Core/Src/app_modbus_u2.c ****     if ((needed_regs == 0U) || ((i + needed_regs) > qty))
 248:Core/Src/app_modbus_u2.c ****     {
 249:Core/Src/app_modbus_u2.c ****       continue;
 250:Core/Src/app_modbus_u2.c ****     }
 251:Core/Src/app_modbus_u2.c **** 
 252:Core/Src/app_modbus_u2.c ****     if (meta->type == REG_TYPE_SHORT)
 253:Core/Src/app_modbus_u2.c ****     {
 254:Core/Src/app_modbus_u2.c ****       U2LOGI("[MODBUS-U2]   %s(0x%04X) = %u\r\n",
 255:Core/Src/app_modbus_u2.c ****             meta->name,
 256:Core/Src/app_modbus_u2.c ****             (unsigned int)addr,
 257:Core/Src/app_modbus_u2.c ****             (unsigned int)regs[i]);
 258:Core/Src/app_modbus_u2.c ****     }
 259:Core/Src/app_modbus_u2.c ****     else if (meta->type == REG_TYPE_INT32)
 260:Core/Src/app_modbus_u2.c ****     {
 261:Core/Src/app_modbus_u2.c ****       u32 = ((uint32_t)regs[i + 1U] << 16) | regs[i];
 262:Core/Src/app_modbus_u2.c ****       s32 = (int32_t)u32;
 263:Core/Src/app_modbus_u2.c ****       U2LOGI("[MODBUS-U2]   %s(0x%04X) = %ld\r\n",
 264:Core/Src/app_modbus_u2.c ****             meta->name,
 265:Core/Src/app_modbus_u2.c ****             (unsigned int)addr,
 266:Core/Src/app_modbus_u2.c ****             (long)s32);
 267:Core/Src/app_modbus_u2.c ****     }
 268:Core/Src/app_modbus_u2.c ****     else
 269:Core/Src/app_modbus_u2.c ****     {
 270:Core/Src/app_modbus_u2.c ****       u32 = ((uint32_t)regs[i + 1U] << 16) | regs[i];
 271:Core/Src/app_modbus_u2.c ****       memcpy(&f32, &u32, sizeof(f32));
 272:Core/Src/app_modbus_u2.c ****       U2LOGI("[MODBUS-U2]   %s(0x%04X) = %.*f\r\n",
 273:Core/Src/app_modbus_u2.c ****             meta->name,
 274:Core/Src/app_modbus_u2.c ****             (unsigned int)addr,
 275:Core/Src/app_modbus_u2.c ****             (int)meta->decimals,
 276:Core/Src/app_modbus_u2.c ****             (double)f32);
 277:Core/Src/app_modbus_u2.c ****     }
 278:Core/Src/app_modbus_u2.c ****   }
 279:Core/Src/app_modbus_u2.c **** }
 280:Core/Src/app_modbus_u2.c **** 
ARM GAS  C:\Users\40918\AppData\Local\Temp\ccDNylh8.s 			page 7


 281:Core/Src/app_modbus_u2.c **** static uint16_t AppModbusU2_BuildWriteMultiple(const app_modbus_u2_ctx_t *ctx,
 282:Core/Src/app_modbus_u2.c ****                                                uint16_t start_addr,
 283:Core/Src/app_modbus_u2.c ****                                                uint16_t quantity,
 284:Core/Src/app_modbus_u2.c ****                                                const uint16_t *regs,
 285:Core/Src/app_modbus_u2.c ****                                                uint8_t *out,
 286:Core/Src/app_modbus_u2.c ****                                                uint16_t out_size)
 287:Core/Src/app_modbus_u2.c **** {
 288:Core/Src/app_modbus_u2.c ****   uint16_t i;
 289:Core/Src/app_modbus_u2.c ****   uint16_t crc;
 290:Core/Src/app_modbus_u2.c ****   uint16_t data_bytes;
 291:Core/Src/app_modbus_u2.c **** 
 292:Core/Src/app_modbus_u2.c ****   if ((ctx == NULL) || (regs == NULL) || (out == NULL))
 293:Core/Src/app_modbus_u2.c ****   {
 294:Core/Src/app_modbus_u2.c ****     return 0U;
 295:Core/Src/app_modbus_u2.c ****   }
 296:Core/Src/app_modbus_u2.c **** 
 297:Core/Src/app_modbus_u2.c ****   data_bytes = (uint16_t)(quantity * 2U);
 298:Core/Src/app_modbus_u2.c ****   if (quantity == 0U)
 299:Core/Src/app_modbus_u2.c ****   {
 300:Core/Src/app_modbus_u2.c ****     return 0U;
 301:Core/Src/app_modbus_u2.c ****   }
 302:Core/Src/app_modbus_u2.c ****   if (out_size < (uint16_t)(9U + data_bytes))
 303:Core/Src/app_modbus_u2.c ****   {
 304:Core/Src/app_modbus_u2.c ****     return 0U;
 305:Core/Src/app_modbus_u2.c ****   }
 306:Core/Src/app_modbus_u2.c **** 
 307:Core/Src/app_modbus_u2.c ****   out[0] = ctx->slave_id;
 308:Core/Src/app_modbus_u2.c ****   out[1] = 0x10U;
 309:Core/Src/app_modbus_u2.c ****   out[2] = (uint8_t)(start_addr >> 8);
 310:Core/Src/app_modbus_u2.c ****   out[3] = (uint8_t)(start_addr & 0xFFU);
 311:Core/Src/app_modbus_u2.c ****   out[4] = (uint8_t)(quantity >> 8);
 312:Core/Src/app_modbus_u2.c ****   out[5] = (uint8_t)(quantity & 0xFFU);
 313:Core/Src/app_modbus_u2.c ****   out[6] = (uint8_t)data_bytes;
 314:Core/Src/app_modbus_u2.c ****   for (i = 0U; i < quantity; i++)
 315:Core/Src/app_modbus_u2.c ****   {
 316:Core/Src/app_modbus_u2.c ****     out[7U + (2U * i)] = (uint8_t)(regs[i] >> 8);
 317:Core/Src/app_modbus_u2.c ****     out[8U + (2U * i)] = (uint8_t)(regs[i] & 0xFFU);
 318:Core/Src/app_modbus_u2.c ****   }
 319:Core/Src/app_modbus_u2.c **** 
 320:Core/Src/app_modbus_u2.c ****   crc = ModbusMaster_Crc16(out, (uint16_t)(7U + data_bytes));
 321:Core/Src/app_modbus_u2.c ****   out[7U + data_bytes] = (uint8_t)(crc & 0xFFU);
 322:Core/Src/app_modbus_u2.c ****   out[8U + data_bytes] = (uint8_t)(crc >> 8);
 323:Core/Src/app_modbus_u2.c ****   return (uint16_t)(9U + data_bytes);
 324:Core/Src/app_modbus_u2.c **** }
 325:Core/Src/app_modbus_u2.c **** 
 326:Core/Src/app_modbus_u2.c **** static uint8_t AppModbusU2_ParseWriteAckFromStream(const uint8_t *buf,
 327:Core/Src/app_modbus_u2.c ****                                                    uint16_t len,
 328:Core/Src/app_modbus_u2.c ****                                                    uint8_t slave_id,
 329:Core/Src/app_modbus_u2.c ****                                                    uint16_t start_addr,
 330:Core/Src/app_modbus_u2.c ****                                                    uint16_t quantity)
 331:Core/Src/app_modbus_u2.c **** {
 332:Core/Src/app_modbus_u2.c ****   uint16_t i;
 333:Core/Src/app_modbus_u2.c ****   uint16_t crc_calc;
 334:Core/Src/app_modbus_u2.c ****   uint16_t crc_rx;
 335:Core/Src/app_modbus_u2.c **** 
 336:Core/Src/app_modbus_u2.c ****   if ((buf == NULL) || (len < 8U))
 337:Core/Src/app_modbus_u2.c ****   {
ARM GAS  C:\Users\40918\AppData\Local\Temp\ccDNylh8.s 			page 8


 338:Core/Src/app_modbus_u2.c ****     return 0U;
 339:Core/Src/app_modbus_u2.c ****   }
 340:Core/Src/app_modbus_u2.c **** 
 341:Core/Src/app_modbus_u2.c ****   for (i = 0U; (uint16_t)(i + 8U) <= len; i++)
 342:Core/Src/app_modbus_u2.c ****   {
 343:Core/Src/app_modbus_u2.c ****     if ((buf[i] != slave_id) ||
 344:Core/Src/app_modbus_u2.c ****         (buf[i + 1U] != 0x10U) ||
 345:Core/Src/app_modbus_u2.c ****         (buf[i + 2U] != (uint8_t)(start_addr >> 8)) ||
 346:Core/Src/app_modbus_u2.c ****         (buf[i + 3U] != (uint8_t)(start_addr & 0xFFU)) ||
 347:Core/Src/app_modbus_u2.c ****         (buf[i + 4U] != (uint8_t)(quantity >> 8)) ||
 348:Core/Src/app_modbus_u2.c ****         (buf[i + 5U] != (uint8_t)(quantity & 0xFFU)))
 349:Core/Src/app_modbus_u2.c ****     {
 350:Core/Src/app_modbus_u2.c ****       continue;
 351:Core/Src/app_modbus_u2.c ****     }
 352:Core/Src/app_modbus_u2.c **** 
 353:Core/Src/app_modbus_u2.c ****     crc_calc = ModbusMaster_Crc16(&buf[i], 6U);
 354:Core/Src/app_modbus_u2.c ****     crc_rx = (uint16_t)buf[i + 6U] | ((uint16_t)buf[i + 7U] << 8);
 355:Core/Src/app_modbus_u2.c ****     if (crc_calc == crc_rx)
 356:Core/Src/app_modbus_u2.c ****     {
 357:Core/Src/app_modbus_u2.c ****       return 1U;
 358:Core/Src/app_modbus_u2.c ****     }
 359:Core/Src/app_modbus_u2.c ****   }
 360:Core/Src/app_modbus_u2.c **** 
 361:Core/Src/app_modbus_u2.c ****   return 0U;
 362:Core/Src/app_modbus_u2.c **** }
 363:Core/Src/app_modbus_u2.c **** 
 364:Core/Src/app_modbus_u2.c **** static uint8_t AppModbusU2_ParseExpectedFromStream(const uint8_t *buf,
 365:Core/Src/app_modbus_u2.c ****                                                    uint16_t len,
 366:Core/Src/app_modbus_u2.c ****                                                    uint8_t slave_id,
 367:Core/Src/app_modbus_u2.c ****                                                    uint16_t quantity,
 368:Core/Src/app_modbus_u2.c ****                                                    modbus_read_resp_t *out,
 369:Core/Src/app_modbus_u2.c ****                                                    uint16_t *matched_len)
 370:Core/Src/app_modbus_u2.c **** {
 371:Core/Src/app_modbus_u2.c ****   uint16_t i;
 372:Core/Src/app_modbus_u2.c ****   uint16_t frame_len;
 373:Core/Src/app_modbus_u2.c ****   uint16_t crc_calc;
 374:Core/Src/app_modbus_u2.c ****   uint16_t crc_rx;
 375:Core/Src/app_modbus_u2.c ****   uint8_t expected_byte_count;
 376:Core/Src/app_modbus_u2.c **** 
 377:Core/Src/app_modbus_u2.c ****   if ((buf == NULL) || (out == NULL) || (len < 5U))
 378:Core/Src/app_modbus_u2.c ****   {
 379:Core/Src/app_modbus_u2.c ****     return 0U;
 380:Core/Src/app_modbus_u2.c ****   }
 381:Core/Src/app_modbus_u2.c **** 
 382:Core/Src/app_modbus_u2.c ****   expected_byte_count = (uint8_t)(quantity * 2U);
 383:Core/Src/app_modbus_u2.c ****   frame_len = (uint16_t)(5U + expected_byte_count);
 384:Core/Src/app_modbus_u2.c ****   if (frame_len > len)
 385:Core/Src/app_modbus_u2.c ****   {
 386:Core/Src/app_modbus_u2.c ****     return 0U;
 387:Core/Src/app_modbus_u2.c ****   }
 388:Core/Src/app_modbus_u2.c **** 
 389:Core/Src/app_modbus_u2.c ****   for (i = 0U; (uint16_t)(i + frame_len) <= len; i++)
 390:Core/Src/app_modbus_u2.c ****   {
 391:Core/Src/app_modbus_u2.c ****     if ((buf[i] != slave_id) || (buf[i + 1U] != 0x03U) || (buf[i + 2U] != expected_byte_count))
 392:Core/Src/app_modbus_u2.c ****     {
 393:Core/Src/app_modbus_u2.c ****       continue;
 394:Core/Src/app_modbus_u2.c ****     }
ARM GAS  C:\Users\40918\AppData\Local\Temp\ccDNylh8.s 			page 9


 395:Core/Src/app_modbus_u2.c **** 
 396:Core/Src/app_modbus_u2.c ****     crc_calc = ModbusMaster_Crc16(&buf[i], (uint16_t)(frame_len - 2U));
 397:Core/Src/app_modbus_u2.c ****     crc_rx = (uint16_t)buf[i + frame_len - 2U] | ((uint16_t)buf[i + frame_len - 1U] << 8);
 398:Core/Src/app_modbus_u2.c ****     if (crc_calc != crc_rx)
 399:Core/Src/app_modbus_u2.c ****     {
 400:Core/Src/app_modbus_u2.c ****       continue;
 401:Core/Src/app_modbus_u2.c ****     }
 402:Core/Src/app_modbus_u2.c **** 
 403:Core/Src/app_modbus_u2.c ****     if (ModbusMaster_ParseReadHoldingResp(&buf[i], frame_len, out) == 1U)
 404:Core/Src/app_modbus_u2.c ****     {
 405:Core/Src/app_modbus_u2.c ****       if (matched_len != NULL)
 406:Core/Src/app_modbus_u2.c ****       {
 407:Core/Src/app_modbus_u2.c ****         *matched_len = frame_len;
 408:Core/Src/app_modbus_u2.c ****       }
 409:Core/Src/app_modbus_u2.c ****       return 1U;
 410:Core/Src/app_modbus_u2.c ****     }
 411:Core/Src/app_modbus_u2.c ****   }
 412:Core/Src/app_modbus_u2.c **** 
 413:Core/Src/app_modbus_u2.c ****   return 0U;
 414:Core/Src/app_modbus_u2.c **** }
 415:Core/Src/app_modbus_u2.c **** 
 416:Core/Src/app_modbus_u2.c **** static HAL_StatusTypeDef AppModbusU2_SendAndWaitRead(const app_modbus_u2_ctx_t *ctx, uint16_t start
 417:Core/Src/app_modbus_u2.c **** {
 418:Core/Src/app_modbus_u2.c ****   modbus_read_req_t req;
 419:Core/Src/app_modbus_u2.c ****   uint8_t tx_frame[8];
 420:Core/Src/app_modbus_u2.c ****   uint16_t tx_len;
 421:Core/Src/app_modbus_u2.c ****   modbus_event_msg_t rx_msg;
 422:Core/Src/app_modbus_u2.c ****   uint32_t start_tick = HAL_GetTick();
 423:Core/Src/app_modbus_u2.c ****   uint32_t req_id;
 424:Core/Src/app_modbus_u2.c ****   uint16_t preview_n;
 425:Core/Src/app_modbus_u2.c ****   uint16_t i;
 426:Core/Src/app_modbus_u2.c ****   uint16_t matched_len = 0U;
 427:Core/Src/app_modbus_u2.c ****   uint16_t rx_stream_len = 0U;
 428:Core/Src/app_modbus_u2.c ****   uint32_t wait_start_tick;
 429:Core/Src/app_modbus_u2.c ****   uint32_t elapsed;
 430:Core/Src/app_modbus_u2.c ****   uint32_t remain_ms;
 431:Core/Src/app_modbus_u2.c ****   HAL_StatusTypeDef rearm_ret;
 432:Core/Src/app_modbus_u2.c **** 
 433:Core/Src/app_modbus_u2.c ****   if ((ctx == NULL) || (resp == NULL))
 434:Core/Src/app_modbus_u2.c ****   {
 435:Core/Src/app_modbus_u2.c ****     return HAL_ERROR;
 436:Core/Src/app_modbus_u2.c ****   }
 437:Core/Src/app_modbus_u2.c ****   memset(resp, 0, sizeof(*resp));
 438:Core/Src/app_modbus_u2.c **** 
 439:Core/Src/app_modbus_u2.c ****   req.slave_id = ctx->slave_id;
 440:Core/Src/app_modbus_u2.c ****   req.function_code = 0x03U;
 441:Core/Src/app_modbus_u2.c ****   req.start_addr = start_addr;
 442:Core/Src/app_modbus_u2.c ****   req.quantity = quantity;
 443:Core/Src/app_modbus_u2.c ****   tx_len = ModbusMaster_BuildReadHolding(&req, tx_frame, sizeof(tx_frame));
 444:Core/Src/app_modbus_u2.c ****   if (tx_len == 0U)
 445:Core/Src/app_modbus_u2.c ****   {
 446:Core/Src/app_modbus_u2.c ****     if (ctx->diag != NULL) { ctx->diag->uart2_req_fail++; }
 447:Core/Src/app_modbus_u2.c ****     U2LOGE("[MODBUS-U2] build req failed addr=0x%04X qty=%u\r\n",
 448:Core/Src/app_modbus_u2.c ****          (unsigned int)start_addr, (unsigned int)quantity);
 449:Core/Src/app_modbus_u2.c ****     return HAL_ERROR;
 450:Core/Src/app_modbus_u2.c ****   }
 451:Core/Src/app_modbus_u2.c **** 
ARM GAS  C:\Users\40918\AppData\Local\Temp\ccDNylh8.s 			page 10


 452:Core/Src/app_modbus_u2.c ****   s_modbus_req_seq++;
 453:Core/Src/app_modbus_u2.c ****   req_id = s_modbus_req_seq;
 454:Core/Src/app_modbus_u2.c **** #if MODBUS_U2_LOG_REQ_DETAIL
 455:Core/Src/app_modbus_u2.c ****   U2LOGI("[MODBUS-U2] req#%lu tx slave=%u addr=0x%04X qty=%u\r\n",
 456:Core/Src/app_modbus_u2.c ****        (unsigned long)req_id,
 457:Core/Src/app_modbus_u2.c ****        (unsigned int)req.slave_id,
 458:Core/Src/app_modbus_u2.c ****        (unsigned int)start_addr,
 459:Core/Src/app_modbus_u2.c ****        (unsigned int)quantity);
 460:Core/Src/app_modbus_u2.c **** #endif
 461:Core/Src/app_modbus_u2.c **** #if MODBUS_U2_LOG_VERBOSE_FRAMES
 462:Core/Src/app_modbus_u2.c ****   AppModbusU2_LogBytes("tx-frame", tx_frame, tx_len);
 463:Core/Src/app_modbus_u2.c **** #endif
 464:Core/Src/app_modbus_u2.c **** 
 465:Core/Src/app_modbus_u2.c ****   if (ctx->q_modbus_events != NULL)
 466:Core/Src/app_modbus_u2.c ****   {
 467:Core/Src/app_modbus_u2.c ****     while (osMessageQueueGet(ctx->q_modbus_events, &rx_msg, NULL, 0U) == osOK)
 468:Core/Src/app_modbus_u2.c ****     {
 469:Core/Src/app_modbus_u2.c ****       /* Drop stale frames from previous requests. */
 470:Core/Src/app_modbus_u2.c ****     }
 471:Core/Src/app_modbus_u2.c ****   }
 472:Core/Src/app_modbus_u2.c ****   AppModbusU2_StopRxDma(ctx);
 473:Core/Src/app_modbus_u2.c **** 
 474:Core/Src/app_modbus_u2.c ****   while (s_usart2_tx_done == 0U)
 475:Core/Src/app_modbus_u2.c ****   {
 476:Core/Src/app_modbus_u2.c ****     if ((HAL_GetTick() - start_tick) > MODBUS_U2_REQ_TIMEOUT_MS)
 477:Core/Src/app_modbus_u2.c ****     {
 478:Core/Src/app_modbus_u2.c ****       if (ctx->diag != NULL) { ctx->diag->uart2_req_timeout++; }
 479:Core/Src/app_modbus_u2.c ****       U2LOGE("[MODBUS-U2] req#%lu wait-prev-tx timeout\r\n", (unsigned long)req_id);
 480:Core/Src/app_modbus_u2.c ****       return HAL_TIMEOUT;
 481:Core/Src/app_modbus_u2.c ****     }
 482:Core/Src/app_modbus_u2.c ****     AppModbusU2_Delay1ms();
 483:Core/Src/app_modbus_u2.c ****   }
 484:Core/Src/app_modbus_u2.c **** 
 485:Core/Src/app_modbus_u2.c ****   s_usart2_tx_done = 0U;
 486:Core/Src/app_modbus_u2.c ****   if (ctx->rs485_set_tx_usart2 != NULL) { ctx->rs485_set_tx_usart2(1U); }
 487:Core/Src/app_modbus_u2.c ****   if (HAL_UART_Transmit_DMA(ctx->huart2, tx_frame, tx_len) != HAL_OK)
 488:Core/Src/app_modbus_u2.c ****   {
 489:Core/Src/app_modbus_u2.c ****     if (ctx->rs485_set_tx_usart2 != NULL) { ctx->rs485_set_tx_usart2(0U); }
 490:Core/Src/app_modbus_u2.c ****     s_usart2_tx_done = 1U;
 491:Core/Src/app_modbus_u2.c ****     if (ctx->diag != NULL) { ctx->diag->uart2_req_fail++; }
 492:Core/Src/app_modbus_u2.c ****     U2LOGE("[MODBUS-U2] req#%lu tx dma start failed err=0x%08lX\r\n",
 493:Core/Src/app_modbus_u2.c ****          (unsigned long)req_id,
 494:Core/Src/app_modbus_u2.c ****          (unsigned long)ctx->huart2->ErrorCode);
 495:Core/Src/app_modbus_u2.c ****     return HAL_ERROR;
 496:Core/Src/app_modbus_u2.c ****   }
 497:Core/Src/app_modbus_u2.c **** 
 498:Core/Src/app_modbus_u2.c ****   start_tick = HAL_GetTick();
 499:Core/Src/app_modbus_u2.c ****   while (s_usart2_tx_done == 0U)
 500:Core/Src/app_modbus_u2.c ****   {
 501:Core/Src/app_modbus_u2.c ****     if ((HAL_GetTick() - start_tick) > MODBUS_U2_REQ_TIMEOUT_MS)
 502:Core/Src/app_modbus_u2.c ****     {
 503:Core/Src/app_modbus_u2.c ****       if (ctx->rs485_set_tx_usart2 != NULL) { ctx->rs485_set_tx_usart2(0U); }
 504:Core/Src/app_modbus_u2.c ****       if (ctx->diag != NULL) { ctx->diag->uart2_req_timeout++; }
 505:Core/Src/app_modbus_u2.c ****       U2LOGE("[MODBUS-U2] req#%lu tx complete timeout\r\n", (unsigned long)req_id);
 506:Core/Src/app_modbus_u2.c ****       return HAL_TIMEOUT;
 507:Core/Src/app_modbus_u2.c ****     }
 508:Core/Src/app_modbus_u2.c ****     AppModbusU2_Delay1ms();
ARM GAS  C:\Users\40918\AppData\Local\Temp\ccDNylh8.s 			page 11


 509:Core/Src/app_modbus_u2.c ****   }
 510:Core/Src/app_modbus_u2.c **** 
 511:Core/Src/app_modbus_u2.c ****   /* DMA complete only means data moved to DR; wait for line shift complete (TC) before DE low. */
 512:Core/Src/app_modbus_u2.c ****   start_tick = HAL_GetTick();
 513:Core/Src/app_modbus_u2.c ****   while (__HAL_UART_GET_FLAG(ctx->huart2, UART_FLAG_TC) == RESET)
 514:Core/Src/app_modbus_u2.c ****   {
 515:Core/Src/app_modbus_u2.c ****     if ((HAL_GetTick() - start_tick) > MODBUS_U2_REQ_TIMEOUT_MS)
 516:Core/Src/app_modbus_u2.c ****     {
 517:Core/Src/app_modbus_u2.c ****       if (ctx->rs485_set_tx_usart2 != NULL) { ctx->rs485_set_tx_usart2(0U); }
 518:Core/Src/app_modbus_u2.c ****       if (ctx->diag != NULL) { ctx->diag->uart2_req_timeout++; }
 519:Core/Src/app_modbus_u2.c ****       U2LOGE("[MODBUS-U2] req#%lu tx tc timeout\r\n", (unsigned long)req_id);
 520:Core/Src/app_modbus_u2.c ****       return HAL_TIMEOUT;
 521:Core/Src/app_modbus_u2.c ****     }
 522:Core/Src/app_modbus_u2.c ****     AppModbusU2_Delay1ms();
 523:Core/Src/app_modbus_u2.c ****   }
 524:Core/Src/app_modbus_u2.c **** 
 525:Core/Src/app_modbus_u2.c ****   /* Guard time for RS485 transceiver direction switching. */
 526:Core/Src/app_modbus_u2.c ****   AppModbusU2_Delay1ms();
 527:Core/Src/app_modbus_u2.c ****   if (ctx->rs485_set_tx_usart2 != NULL) { ctx->rs485_set_tx_usart2(0U); }
 528:Core/Src/app_modbus_u2.c **** 
 529:Core/Src/app_modbus_u2.c ****   rearm_ret = AppModbusU2_StartResponseWindow(ctx);
 530:Core/Src/app_modbus_u2.c ****   if (rearm_ret != HAL_OK)
 531:Core/Src/app_modbus_u2.c ****   {
 532:Core/Src/app_modbus_u2.c ****     if (ctx->diag != NULL) { ctx->diag->uart2_req_fail++; }
 533:Core/Src/app_modbus_u2.c ****     U2LOGE("[MODBUS-U2] req#%lu rx response window start failed ret=%ld err=0x%08lX\r\n",
 534:Core/Src/app_modbus_u2.c ****            (unsigned long)req_id,
 535:Core/Src/app_modbus_u2.c ****            (long)rearm_ret,
 536:Core/Src/app_modbus_u2.c ****            (unsigned long)ctx->huart2->ErrorCode);
 537:Core/Src/app_modbus_u2.c ****     return rearm_ret;
 538:Core/Src/app_modbus_u2.c ****   }
 539:Core/Src/app_modbus_u2.c **** 
 540:Core/Src/app_modbus_u2.c ****   if (ctx->q_modbus_events == NULL)
 541:Core/Src/app_modbus_u2.c ****   {
 542:Core/Src/app_modbus_u2.c ****     if (ctx->diag != NULL) { ctx->diag->uart2_req_fail++; }
 543:Core/Src/app_modbus_u2.c ****     U2LOGE("[MODBUS-U2] req#%lu queue null\r\n", (unsigned long)req_id);
 544:Core/Src/app_modbus_u2.c ****     return HAL_ERROR;
 545:Core/Src/app_modbus_u2.c ****   }
 546:Core/Src/app_modbus_u2.c ****   wait_start_tick = HAL_GetTick();
 547:Core/Src/app_modbus_u2.c ****   for (;;)
 548:Core/Src/app_modbus_u2.c ****   {
 549:Core/Src/app_modbus_u2.c ****     elapsed = HAL_GetTick() - wait_start_tick;
 550:Core/Src/app_modbus_u2.c ****     if (elapsed >= MODBUS_U2_REQ_TIMEOUT_MS)
 551:Core/Src/app_modbus_u2.c ****     {
 552:Core/Src/app_modbus_u2.c ****       if (ctx->diag != NULL) { ctx->diag->uart2_req_timeout++; }
 553:Core/Src/app_modbus_u2.c ****       AppModbusU2_LogTimeoutDiag(ctx, req_id, "rx wait", start_addr, quantity, rx_stream_len);
 554:Core/Src/app_modbus_u2.c ****       if (rx_stream_len > 0U)
 555:Core/Src/app_modbus_u2.c ****       {
 556:Core/Src/app_modbus_u2.c ****         AppModbusU2_LogBytesError("rx-timeout-stream", s_modbus_rx_stream, rx_stream_len);
 557:Core/Src/app_modbus_u2.c ****       }
 558:Core/Src/app_modbus_u2.c ****       AppModbusU2_RecoverRxDma(ctx);
 559:Core/Src/app_modbus_u2.c ****       return HAL_TIMEOUT;
 560:Core/Src/app_modbus_u2.c ****     }
 561:Core/Src/app_modbus_u2.c **** 
 562:Core/Src/app_modbus_u2.c ****     remain_ms = MODBUS_U2_REQ_TIMEOUT_MS - elapsed;
 563:Core/Src/app_modbus_u2.c ****     if (osMessageQueueGet(ctx->q_modbus_events, &rx_msg, NULL, remain_ms) != osOK)
 564:Core/Src/app_modbus_u2.c ****     {
 565:Core/Src/app_modbus_u2.c ****       if (ctx->diag != NULL) { ctx->diag->uart2_req_timeout++; }
ARM GAS  C:\Users\40918\AppData\Local\Temp\ccDNylh8.s 			page 12


 566:Core/Src/app_modbus_u2.c ****       AppModbusU2_LogTimeoutDiag(ctx, req_id, "rx wait", start_addr, quantity, rx_stream_len);
 567:Core/Src/app_modbus_u2.c ****       if (rx_stream_len > 0U)
 568:Core/Src/app_modbus_u2.c ****       {
 569:Core/Src/app_modbus_u2.c ****         AppModbusU2_LogBytesError("rx-timeout-stream", s_modbus_rx_stream, rx_stream_len);
 570:Core/Src/app_modbus_u2.c ****       }
 571:Core/Src/app_modbus_u2.c ****       AppModbusU2_RecoverRxDma(ctx);
 572:Core/Src/app_modbus_u2.c ****       return HAL_TIMEOUT;
 573:Core/Src/app_modbus_u2.c ****     }
 574:Core/Src/app_modbus_u2.c **** 
 575:Core/Src/app_modbus_u2.c **** #if MODBUS_U2_LOG_REQ_DETAIL
 576:Core/Src/app_modbus_u2.c ****     U2LOGI("[MODBUS-U2] req#%lu rx tick=%lu len=%u\r\n",
 577:Core/Src/app_modbus_u2.c ****          (unsigned long)req_id,
 578:Core/Src/app_modbus_u2.c ****          (unsigned long)rx_msg.timestamp_ms,
 579:Core/Src/app_modbus_u2.c ****          (unsigned int)rx_msg.length);
 580:Core/Src/app_modbus_u2.c **** #endif
 581:Core/Src/app_modbus_u2.c **** 
 582:Core/Src/app_modbus_u2.c ****     if (rx_msg.length > sizeof(s_modbus_rx_stream))
 583:Core/Src/app_modbus_u2.c ****     {
 584:Core/Src/app_modbus_u2.c ****       rx_stream_len = 0U;
 585:Core/Src/app_modbus_u2.c ****     }
 586:Core/Src/app_modbus_u2.c ****     else
 587:Core/Src/app_modbus_u2.c ****     {
 588:Core/Src/app_modbus_u2.c ****       if ((uint16_t)(rx_stream_len + rx_msg.length) > (uint16_t)sizeof(s_modbus_rx_stream))
 589:Core/Src/app_modbus_u2.c ****       {
 590:Core/Src/app_modbus_u2.c ****         uint16_t keep = (uint16_t)(sizeof(s_modbus_rx_stream) - rx_msg.length);
 591:Core/Src/app_modbus_u2.c ****         memmove(s_modbus_rx_stream, &s_modbus_rx_stream[rx_stream_len - keep], keep);
 592:Core/Src/app_modbus_u2.c ****         rx_stream_len = keep;
 593:Core/Src/app_modbus_u2.c ****       }
 594:Core/Src/app_modbus_u2.c ****       memcpy(&s_modbus_rx_stream[rx_stream_len], rx_msg.payload, rx_msg.length);
 595:Core/Src/app_modbus_u2.c ****       rx_stream_len = (uint16_t)(rx_stream_len + rx_msg.length);
 596:Core/Src/app_modbus_u2.c ****     }
 597:Core/Src/app_modbus_u2.c **** 
 598:Core/Src/app_modbus_u2.c ****     if (AppModbusU2_ParseExpectedFromStream(s_modbus_rx_stream,
 599:Core/Src/app_modbus_u2.c ****                                             rx_stream_len,
 600:Core/Src/app_modbus_u2.c ****                                             req.slave_id,
 601:Core/Src/app_modbus_u2.c ****                                             quantity,
 602:Core/Src/app_modbus_u2.c ****                                             resp,
 603:Core/Src/app_modbus_u2.c ****                                             &matched_len) != 0U)
 604:Core/Src/app_modbus_u2.c ****     {
 605:Core/Src/app_modbus_u2.c ****       break;
 606:Core/Src/app_modbus_u2.c ****     }
 607:Core/Src/app_modbus_u2.c ****   }
 608:Core/Src/app_modbus_u2.c **** 
 609:Core/Src/app_modbus_u2.c **** #if MODBUS_U2_LOG_REQ_DETAIL
 610:Core/Src/app_modbus_u2.c ****   U2LOGI("[MODBUS-U2] req#%lu frame matched len=%u\r\n",
 611:Core/Src/app_modbus_u2.c ****        (unsigned long)req_id,
 612:Core/Src/app_modbus_u2.c ****        (unsigned int)matched_len);
 613:Core/Src/app_modbus_u2.c **** #endif
 614:Core/Src/app_modbus_u2.c **** 
 615:Core/Src/app_modbus_u2.c ****   preview_n = (resp->reg_count > MODBUS_U2_LOG_REG_PREVIEW) ? MODBUS_U2_LOG_REG_PREVIEW : resp->reg
 616:Core/Src/app_modbus_u2.c **** #if MODBUS_U2_LOG_REQ_DETAIL
 617:Core/Src/app_modbus_u2.c ****   U2LOGI("[MODBUS-U2] req#%lu ok reg_count=%u preview=", (unsigned long)req_id, (unsigned int)resp-
 618:Core/Src/app_modbus_u2.c ****   for (i = 0U; i < preview_n; i++)
 619:Core/Src/app_modbus_u2.c ****   {
 620:Core/Src/app_modbus_u2.c ****     U2LOGI("0x%04X", (unsigned int)resp->regs[i]);
 621:Core/Src/app_modbus_u2.c ****     if ((uint16_t)(i + 1U) < preview_n)
 622:Core/Src/app_modbus_u2.c ****     {
ARM GAS  C:\Users\40918\AppData\Local\Temp\ccDNylh8.s 			page 13


 623:Core/Src/app_modbus_u2.c ****       U2LOGI(" ");
 624:Core/Src/app_modbus_u2.c ****     }
 625:Core/Src/app_modbus_u2.c ****   }
 626:Core/Src/app_modbus_u2.c ****   U2LOGI("\r\n");
 627:Core/Src/app_modbus_u2.c ****   AppModbusU2_LogDecodedValues("rx-read-values", start_addr, resp->regs, resp->reg_count);
 628:Core/Src/app_modbus_u2.c **** #else
 629:Core/Src/app_modbus_u2.c ****   (void)preview_n;
 630:Core/Src/app_modbus_u2.c **** #endif
 631:Core/Src/app_modbus_u2.c **** 
 632:Core/Src/app_modbus_u2.c ****   if (ctx->diag != NULL) { ctx->diag->uart2_req_ok++; }
 633:Core/Src/app_modbus_u2.c ****   return HAL_OK;
 634:Core/Src/app_modbus_u2.c **** }
 635:Core/Src/app_modbus_u2.c **** 
 636:Core/Src/app_modbus_u2.c **** static HAL_StatusTypeDef AppModbusU2_SendAndWaitWrite(const app_modbus_u2_ctx_t *ctx,
 637:Core/Src/app_modbus_u2.c ****                                                       uint16_t start_addr,
 638:Core/Src/app_modbus_u2.c ****                                                       uint16_t quantity,
 639:Core/Src/app_modbus_u2.c ****                                                       const uint16_t *regs)
 640:Core/Src/app_modbus_u2.c **** {
 641:Core/Src/app_modbus_u2.c ****   uint8_t tx_frame[64];
 642:Core/Src/app_modbus_u2.c ****   uint16_t tx_len;
 643:Core/Src/app_modbus_u2.c ****   modbus_event_msg_t rx_msg;
 644:Core/Src/app_modbus_u2.c ****   uint32_t start_tick = HAL_GetTick();
 645:Core/Src/app_modbus_u2.c ****   uint32_t req_id;
 646:Core/Src/app_modbus_u2.c ****   uint16_t rx_stream_len = 0U;
 647:Core/Src/app_modbus_u2.c ****   uint32_t wait_start_tick;
 648:Core/Src/app_modbus_u2.c ****   uint32_t elapsed;
 649:Core/Src/app_modbus_u2.c ****   uint32_t remain_ms;
 650:Core/Src/app_modbus_u2.c **** 
 651:Core/Src/app_modbus_u2.c ****   if ((ctx == NULL) || (regs == NULL))
 652:Core/Src/app_modbus_u2.c ****   {
 653:Core/Src/app_modbus_u2.c ****     return HAL_ERROR;
 654:Core/Src/app_modbus_u2.c ****   }
 655:Core/Src/app_modbus_u2.c **** 
 656:Core/Src/app_modbus_u2.c ****   tx_len = AppModbusU2_BuildWriteMultiple(ctx, start_addr, quantity, regs, tx_frame, sizeof(tx_fram
 657:Core/Src/app_modbus_u2.c ****   if (tx_len == 0U)
 658:Core/Src/app_modbus_u2.c ****   {
 659:Core/Src/app_modbus_u2.c ****     if (ctx->diag != NULL) { ctx->diag->uart2_req_fail++; }
 660:Core/Src/app_modbus_u2.c ****     U2LOGE("[MODBUS-U2] build write failed addr=0x%04X qty=%u\r\n",
 661:Core/Src/app_modbus_u2.c ****          (unsigned int)start_addr,
 662:Core/Src/app_modbus_u2.c ****          (unsigned int)quantity);
 663:Core/Src/app_modbus_u2.c ****     return HAL_ERROR;
 664:Core/Src/app_modbus_u2.c ****   }
 665:Core/Src/app_modbus_u2.c **** 
 666:Core/Src/app_modbus_u2.c ****   s_modbus_req_seq++;
 667:Core/Src/app_modbus_u2.c ****   req_id = s_modbus_req_seq;
 668:Core/Src/app_modbus_u2.c **** #if MODBUS_U2_LOG_REQ_DETAIL
 669:Core/Src/app_modbus_u2.c ****   U2LOGI("[MODBUS-U2] req#%lu tx-write slave=%u addr=0x%04X qty=%u\r\n",
 670:Core/Src/app_modbus_u2.c ****        (unsigned long)req_id,
 671:Core/Src/app_modbus_u2.c ****        (unsigned int)ctx->slave_id,
 672:Core/Src/app_modbus_u2.c ****        (unsigned int)start_addr,
 673:Core/Src/app_modbus_u2.c ****        (unsigned int)quantity);
 674:Core/Src/app_modbus_u2.c ****   AppModbusU2_LogDecodedValues("tx-write-values", start_addr, regs, quantity);
 675:Core/Src/app_modbus_u2.c **** #endif
 676:Core/Src/app_modbus_u2.c **** #if MODBUS_U2_LOG_VERBOSE_FRAMES
 677:Core/Src/app_modbus_u2.c ****   AppModbusU2_LogBytes("tx-frame", tx_frame, tx_len);
 678:Core/Src/app_modbus_u2.c **** #endif
 679:Core/Src/app_modbus_u2.c **** 
ARM GAS  C:\Users\40918\AppData\Local\Temp\ccDNylh8.s 			page 14


 680:Core/Src/app_modbus_u2.c ****   if (ctx->q_modbus_events != NULL)
 681:Core/Src/app_modbus_u2.c ****   {
 682:Core/Src/app_modbus_u2.c ****     while (osMessageQueueGet(ctx->q_modbus_events, &rx_msg, NULL, 0U) == osOK) {}
 683:Core/Src/app_modbus_u2.c ****   }
 684:Core/Src/app_modbus_u2.c ****   AppModbusU2_StopRxDma(ctx);
 685:Core/Src/app_modbus_u2.c **** 
 686:Core/Src/app_modbus_u2.c ****   while (s_usart2_tx_done == 0U)
 687:Core/Src/app_modbus_u2.c ****   {
 688:Core/Src/app_modbus_u2.c ****     if ((HAL_GetTick() - start_tick) > MODBUS_U2_REQ_TIMEOUT_MS)
 689:Core/Src/app_modbus_u2.c ****     {
 690:Core/Src/app_modbus_u2.c ****       if (ctx->diag != NULL) { ctx->diag->uart2_req_timeout++; }
 691:Core/Src/app_modbus_u2.c ****       U2LOGE("[MODBUS-U2] req#%lu wait-prev-tx timeout\r\n", (unsigned long)req_id);
 692:Core/Src/app_modbus_u2.c ****       return HAL_TIMEOUT;
 693:Core/Src/app_modbus_u2.c ****     }
 694:Core/Src/app_modbus_u2.c ****     AppModbusU2_Delay1ms();
 695:Core/Src/app_modbus_u2.c ****   }
 696:Core/Src/app_modbus_u2.c **** 
 697:Core/Src/app_modbus_u2.c ****   s_usart2_tx_done = 0U;
 698:Core/Src/app_modbus_u2.c ****   if (ctx->rs485_set_tx_usart2 != NULL) { ctx->rs485_set_tx_usart2(1U); }
 699:Core/Src/app_modbus_u2.c ****   if (HAL_UART_Transmit_DMA(ctx->huart2, tx_frame, tx_len) != HAL_OK)
 700:Core/Src/app_modbus_u2.c ****   {
 701:Core/Src/app_modbus_u2.c ****     if (ctx->rs485_set_tx_usart2 != NULL) { ctx->rs485_set_tx_usart2(0U); }
 702:Core/Src/app_modbus_u2.c ****     s_usart2_tx_done = 1U;
 703:Core/Src/app_modbus_u2.c ****     if (ctx->diag != NULL) { ctx->diag->uart2_req_fail++; }
 704:Core/Src/app_modbus_u2.c ****     U2LOGE("[MODBUS-U2] req#%lu tx-write dma start failed err=0x%08lX\r\n",
 705:Core/Src/app_modbus_u2.c ****          (unsigned long)req_id,
 706:Core/Src/app_modbus_u2.c ****          (unsigned long)ctx->huart2->ErrorCode);
 707:Core/Src/app_modbus_u2.c ****     return HAL_ERROR;
 708:Core/Src/app_modbus_u2.c ****   }
 709:Core/Src/app_modbus_u2.c **** 
 710:Core/Src/app_modbus_u2.c ****   start_tick = HAL_GetTick();
 711:Core/Src/app_modbus_u2.c ****   while (s_usart2_tx_done == 0U)
 712:Core/Src/app_modbus_u2.c ****   {
 713:Core/Src/app_modbus_u2.c ****     if ((HAL_GetTick() - start_tick) > MODBUS_U2_REQ_TIMEOUT_MS)
 714:Core/Src/app_modbus_u2.c ****     {
 715:Core/Src/app_modbus_u2.c ****       if (ctx->rs485_set_tx_usart2 != NULL) { ctx->rs485_set_tx_usart2(0U); }
 716:Core/Src/app_modbus_u2.c ****       if (ctx->diag != NULL) { ctx->diag->uart2_req_timeout++; }
 717:Core/Src/app_modbus_u2.c ****       U2LOGE("[MODBUS-U2] req#%lu tx-write complete timeout\r\n", (unsigned long)req_id);
 718:Core/Src/app_modbus_u2.c ****       return HAL_TIMEOUT;
 719:Core/Src/app_modbus_u2.c ****     }
 720:Core/Src/app_modbus_u2.c ****     AppModbusU2_Delay1ms();
 721:Core/Src/app_modbus_u2.c ****   }
 722:Core/Src/app_modbus_u2.c **** 
 723:Core/Src/app_modbus_u2.c ****   start_tick = HAL_GetTick();
 724:Core/Src/app_modbus_u2.c ****   while (__HAL_UART_GET_FLAG(ctx->huart2, UART_FLAG_TC) == RESET)
 725:Core/Src/app_modbus_u2.c ****   {
 726:Core/Src/app_modbus_u2.c ****     if ((HAL_GetTick() - start_tick) > MODBUS_U2_REQ_TIMEOUT_MS)
 727:Core/Src/app_modbus_u2.c ****     {
 728:Core/Src/app_modbus_u2.c ****       if (ctx->rs485_set_tx_usart2 != NULL) { ctx->rs485_set_tx_usart2(0U); }
 729:Core/Src/app_modbus_u2.c ****       if (ctx->diag != NULL) { ctx->diag->uart2_req_timeout++; }
 730:Core/Src/app_modbus_u2.c ****       U2LOGE("[MODBUS-U2] req#%lu tx-write tc timeout\r\n", (unsigned long)req_id);
 731:Core/Src/app_modbus_u2.c ****       return HAL_TIMEOUT;
 732:Core/Src/app_modbus_u2.c ****     }
 733:Core/Src/app_modbus_u2.c ****     AppModbusU2_Delay1ms();
 734:Core/Src/app_modbus_u2.c ****   }
 735:Core/Src/app_modbus_u2.c ****   AppModbusU2_Delay1ms();
 736:Core/Src/app_modbus_u2.c ****   if (ctx->rs485_set_tx_usart2 != NULL) { ctx->rs485_set_tx_usart2(0U); }
ARM GAS  C:\Users\40918\AppData\Local\Temp\ccDNylh8.s 			page 15


 737:Core/Src/app_modbus_u2.c **** 
 738:Core/Src/app_modbus_u2.c ****   {
 739:Core/Src/app_modbus_u2.c ****     HAL_StatusTypeDef rx_ret = AppModbusU2_StartResponseWindow(ctx);
 740:Core/Src/app_modbus_u2.c ****     if (rx_ret != HAL_OK)
 741:Core/Src/app_modbus_u2.c ****     {
 742:Core/Src/app_modbus_u2.c ****       if (ctx->diag != NULL) { ctx->diag->uart2_req_fail++; }
 743:Core/Src/app_modbus_u2.c ****       U2LOGE("[MODBUS-U2] req#%lu rx-write response window start failed ret=%ld err=0x%08lX\r\n",
 744:Core/Src/app_modbus_u2.c ****              (unsigned long)req_id,
 745:Core/Src/app_modbus_u2.c ****              (long)rx_ret,
 746:Core/Src/app_modbus_u2.c ****              (unsigned long)ctx->huart2->ErrorCode);
 747:Core/Src/app_modbus_u2.c ****       return rx_ret;
 748:Core/Src/app_modbus_u2.c ****     }
 749:Core/Src/app_modbus_u2.c ****   }
 750:Core/Src/app_modbus_u2.c **** 
 751:Core/Src/app_modbus_u2.c ****   if (ctx->q_modbus_events == NULL)
 752:Core/Src/app_modbus_u2.c ****   {
 753:Core/Src/app_modbus_u2.c ****     if (ctx->diag != NULL) { ctx->diag->uart2_req_fail++; }
 754:Core/Src/app_modbus_u2.c ****     U2LOGE("[MODBUS-U2] req#%lu queue null\r\n", (unsigned long)req_id);
 755:Core/Src/app_modbus_u2.c ****     return HAL_ERROR;
 756:Core/Src/app_modbus_u2.c ****   }
 757:Core/Src/app_modbus_u2.c **** 
 758:Core/Src/app_modbus_u2.c ****   wait_start_tick = HAL_GetTick();
 759:Core/Src/app_modbus_u2.c ****   for (;;)
 760:Core/Src/app_modbus_u2.c ****   {
 761:Core/Src/app_modbus_u2.c ****     elapsed = HAL_GetTick() - wait_start_tick;
 762:Core/Src/app_modbus_u2.c ****     if (elapsed >= MODBUS_U2_REQ_TIMEOUT_MS)
 763:Core/Src/app_modbus_u2.c ****     {
 764:Core/Src/app_modbus_u2.c ****       if (ctx->diag != NULL) { ctx->diag->uart2_req_timeout++; }
 765:Core/Src/app_modbus_u2.c ****       AppModbusU2_LogTimeoutDiag(ctx, req_id, "rx-write", start_addr, quantity, rx_stream_len);
 766:Core/Src/app_modbus_u2.c ****       if (rx_stream_len > 0U)
 767:Core/Src/app_modbus_u2.c ****       {
 768:Core/Src/app_modbus_u2.c ****         AppModbusU2_LogBytesError("rx-write-timeout-stream", s_modbus_rx_stream, rx_stream_len);
 769:Core/Src/app_modbus_u2.c ****       }
 770:Core/Src/app_modbus_u2.c ****       AppModbusU2_RecoverRxDma(ctx);
 771:Core/Src/app_modbus_u2.c ****       return HAL_TIMEOUT;
 772:Core/Src/app_modbus_u2.c ****     }
 773:Core/Src/app_modbus_u2.c **** 
 774:Core/Src/app_modbus_u2.c ****     remain_ms = MODBUS_U2_REQ_TIMEOUT_MS - elapsed;
 775:Core/Src/app_modbus_u2.c ****     if (osMessageQueueGet(ctx->q_modbus_events, &rx_msg, NULL, remain_ms) != osOK)
 776:Core/Src/app_modbus_u2.c ****     {
 777:Core/Src/app_modbus_u2.c ****       if (ctx->diag != NULL) { ctx->diag->uart2_req_timeout++; }
 778:Core/Src/app_modbus_u2.c ****       AppModbusU2_LogTimeoutDiag(ctx, req_id, "rx-write", start_addr, quantity, rx_stream_len);
 779:Core/Src/app_modbus_u2.c ****       if (rx_stream_len > 0U)
 780:Core/Src/app_modbus_u2.c ****       {
 781:Core/Src/app_modbus_u2.c ****         AppModbusU2_LogBytesError("rx-write-timeout-stream", s_modbus_rx_stream, rx_stream_len);
 782:Core/Src/app_modbus_u2.c ****       }
 783:Core/Src/app_modbus_u2.c ****       AppModbusU2_RecoverRxDma(ctx);
 784:Core/Src/app_modbus_u2.c ****       return HAL_TIMEOUT;
 785:Core/Src/app_modbus_u2.c ****     }
 786:Core/Src/app_modbus_u2.c **** 
 787:Core/Src/app_modbus_u2.c **** #if MODBUS_U2_LOG_REQ_DETAIL
 788:Core/Src/app_modbus_u2.c ****     U2LOGI("[MODBUS-U2] req#%lu rx tick=%lu len=%u\r\n",
 789:Core/Src/app_modbus_u2.c ****          (unsigned long)req_id,
 790:Core/Src/app_modbus_u2.c ****          (unsigned long)rx_msg.timestamp_ms,
 791:Core/Src/app_modbus_u2.c ****          (unsigned int)rx_msg.length);
 792:Core/Src/app_modbus_u2.c **** #endif
 793:Core/Src/app_modbus_u2.c **** 
ARM GAS  C:\Users\40918\AppData\Local\Temp\ccDNylh8.s 			page 16


 794:Core/Src/app_modbus_u2.c ****     if (rx_msg.length > sizeof(s_modbus_rx_stream))
 795:Core/Src/app_modbus_u2.c ****     {
 796:Core/Src/app_modbus_u2.c ****       rx_stream_len = 0U;
 797:Core/Src/app_modbus_u2.c ****     }
 798:Core/Src/app_modbus_u2.c ****     else
 799:Core/Src/app_modbus_u2.c ****     {
 800:Core/Src/app_modbus_u2.c ****       if ((uint16_t)(rx_stream_len + rx_msg.length) > (uint16_t)sizeof(s_modbus_rx_stream))
 801:Core/Src/app_modbus_u2.c ****       {
 802:Core/Src/app_modbus_u2.c ****         uint16_t keep = (uint16_t)(sizeof(s_modbus_rx_stream) - rx_msg.length);
 803:Core/Src/app_modbus_u2.c ****         memmove(s_modbus_rx_stream, &s_modbus_rx_stream[rx_stream_len - keep], keep);
 804:Core/Src/app_modbus_u2.c ****         rx_stream_len = keep;
 805:Core/Src/app_modbus_u2.c ****       }
 806:Core/Src/app_modbus_u2.c ****       memcpy(&s_modbus_rx_stream[rx_stream_len], rx_msg.payload, rx_msg.length);
 807:Core/Src/app_modbus_u2.c ****       rx_stream_len = (uint16_t)(rx_stream_len + rx_msg.length);
 808:Core/Src/app_modbus_u2.c ****     }
 809:Core/Src/app_modbus_u2.c **** 
 810:Core/Src/app_modbus_u2.c ****     if (AppModbusU2_ParseWriteAckFromStream(s_modbus_rx_stream, rx_stream_len, ctx->slave_id, start
 811:Core/Src/app_modbus_u2.c ****     {
 812:Core/Src/app_modbus_u2.c **** #if MODBUS_U2_LOG_REQ_DETAIL
 813:Core/Src/app_modbus_u2.c ****       U2LOGI("[MODBUS-U2] req#%lu write-ack matched\r\n", (unsigned long)req_id);
 814:Core/Src/app_modbus_u2.c **** #endif
 815:Core/Src/app_modbus_u2.c ****       if (ctx->diag != NULL) { ctx->diag->uart2_req_ok++; }
 816:Core/Src/app_modbus_u2.c ****       return HAL_OK;
 817:Core/Src/app_modbus_u2.c ****     }
 818:Core/Src/app_modbus_u2.c ****   }
 819:Core/Src/app_modbus_u2.c **** }
 820:Core/Src/app_modbus_u2.c **** 
 821:Core/Src/app_modbus_u2.c **** static uint16_t AppModbusU2_FloatToRegs(const app_modbus_u2_ctx_t *ctx,
 822:Core/Src/app_modbus_u2.c ****                                         uint16_t value_offset,
 823:Core/Src/app_modbus_u2.c ****                                         uint16_t *out_regs,
 824:Core/Src/app_modbus_u2.c ****                                         uint16_t out_count)
 825:Core/Src/app_modbus_u2.c **** {
 826:Core/Src/app_modbus_u2.c ****   float value;
 827:Core/Src/app_modbus_u2.c ****   uint32_t raw;
 828:Core/Src/app_modbus_u2.c **** 
 829:Core/Src/app_modbus_u2.c ****   if ((ctx == NULL) || (ctx->protocol_values == NULL) || (out_regs == NULL) || (out_count < 2U))
 830:Core/Src/app_modbus_u2.c ****   {
 831:Core/Src/app_modbus_u2.c ****     return 0U;
 832:Core/Src/app_modbus_u2.c ****   }
 833:Core/Src/app_modbus_u2.c ****   if (ctx->mtx_shared_data == NULL)
 834:Core/Src/app_modbus_u2.c ****   {
 835:Core/Src/app_modbus_u2.c ****     return 0U;
 836:Core/Src/app_modbus_u2.c ****   }
 837:Core/Src/app_modbus_u2.c **** 
 838:Core/Src/app_modbus_u2.c ****   if (osMutexAcquire(ctx->mtx_shared_data, 5U) != osOK)
 839:Core/Src/app_modbus_u2.c ****   {
 840:Core/Src/app_modbus_u2.c ****     return 0U;
 841:Core/Src/app_modbus_u2.c ****   }
 842:Core/Src/app_modbus_u2.c ****   value = *(float *)((uint8_t *)ctx->protocol_values + value_offset);
 843:Core/Src/app_modbus_u2.c ****   osMutexRelease(ctx->mtx_shared_data);
 844:Core/Src/app_modbus_u2.c **** 
 845:Core/Src/app_modbus_u2.c ****   memcpy(&raw, &value, sizeof(raw));
 846:Core/Src/app_modbus_u2.c ****   out_regs[0] = (uint16_t)(raw & 0xFFFFU);
 847:Core/Src/app_modbus_u2.c ****   out_regs[1] = (uint16_t)(raw >> 16);
 848:Core/Src/app_modbus_u2.c ****   return 2U;
 849:Core/Src/app_modbus_u2.c **** }
 850:Core/Src/app_modbus_u2.c **** 
ARM GAS  C:\Users\40918\AppData\Local\Temp\ccDNylh8.s 			page 17


 851:Core/Src/app_modbus_u2.c **** static uint16_t AppModbusU2_U16ToRegs(const app_modbus_u2_ctx_t *ctx,
 852:Core/Src/app_modbus_u2.c ****                                       uint16_t value_offset,
 853:Core/Src/app_modbus_u2.c ****                                       uint16_t *out_regs,
 854:Core/Src/app_modbus_u2.c ****                                       uint16_t out_count)
 855:Core/Src/app_modbus_u2.c **** {
 856:Core/Src/app_modbus_u2.c ****   uint16_t value;
 857:Core/Src/app_modbus_u2.c **** 
 858:Core/Src/app_modbus_u2.c ****   if ((ctx == NULL) || (ctx->protocol_values == NULL) || (out_regs == NULL) || (out_count < 1U))
 859:Core/Src/app_modbus_u2.c ****   {
 860:Core/Src/app_modbus_u2.c ****     return 0U;
 861:Core/Src/app_modbus_u2.c ****   }
 862:Core/Src/app_modbus_u2.c ****   if (ctx->mtx_shared_data == NULL)
 863:Core/Src/app_modbus_u2.c ****   {
 864:Core/Src/app_modbus_u2.c ****     return 0U;
 865:Core/Src/app_modbus_u2.c ****   }
 866:Core/Src/app_modbus_u2.c **** 
 867:Core/Src/app_modbus_u2.c ****   if (osMutexAcquire(ctx->mtx_shared_data, 5U) != osOK)
 868:Core/Src/app_modbus_u2.c ****   {
 869:Core/Src/app_modbus_u2.c ****     return 0U;
 870:Core/Src/app_modbus_u2.c ****   }
 871:Core/Src/app_modbus_u2.c ****   value = *(uint16_t *)((uint8_t *)ctx->protocol_values + value_offset);
 872:Core/Src/app_modbus_u2.c ****   osMutexRelease(ctx->mtx_shared_data);
 873:Core/Src/app_modbus_u2.c **** 
 874:Core/Src/app_modbus_u2.c ****   out_regs[0] = value;
 875:Core/Src/app_modbus_u2.c ****   return 1U;
 876:Core/Src/app_modbus_u2.c **** }
 877:Core/Src/app_modbus_u2.c **** 
 878:Core/Src/app_modbus_u2.c **** static void AppModbusU2_ClearSentLowVoltageStates(const app_modbus_u2_ctx_t *ctx,
 879:Core/Src/app_modbus_u2.c ****                                                   uint16_t start_addr,
 880:Core/Src/app_modbus_u2.c ****                                                   uint16_t quantity)
 881:Core/Src/app_modbus_u2.c **** {
 882:Core/Src/app_modbus_u2.c ****   uint16_t end_addr = (uint16_t)(start_addr + quantity);
 883:Core/Src/app_modbus_u2.c **** 
 884:Core/Src/app_modbus_u2.c ****   if ((ctx == NULL) || (ctx->protocol_values == NULL) || (ctx->mtx_shared_data == NULL))
 885:Core/Src/app_modbus_u2.c ****   {
 886:Core/Src/app_modbus_u2.c ****     return;
 887:Core/Src/app_modbus_u2.c ****   }
 888:Core/Src/app_modbus_u2.c ****   if ((start_addr > 0x07D9U) || (end_addr <= 0x07D8U))
 889:Core/Src/app_modbus_u2.c ****   {
 890:Core/Src/app_modbus_u2.c ****     return;
 891:Core/Src/app_modbus_u2.c ****   }
 892:Core/Src/app_modbus_u2.c **** 
 893:Core/Src/app_modbus_u2.c ****   if (osMutexAcquire(ctx->mtx_shared_data, 5U) == osOK)
 894:Core/Src/app_modbus_u2.c ****   {
 895:Core/Src/app_modbus_u2.c ****     if ((start_addr <= 0x07D8U) && (end_addr > 0x07D8U))
 896:Core/Src/app_modbus_u2.c ****     {
 897:Core/Src/app_modbus_u2.c ****       ((protocol_values_t *)ctx->protocol_values)->pc2_low_voltage_state = 0U;
 898:Core/Src/app_modbus_u2.c ****     }
 899:Core/Src/app_modbus_u2.c ****     if ((start_addr <= 0x07D9U) && (end_addr > 0x07D9U))
 900:Core/Src/app_modbus_u2.c ****     {
 901:Core/Src/app_modbus_u2.c ****       ((protocol_values_t *)ctx->protocol_values)->board_low_voltage_state = 0U;
 902:Core/Src/app_modbus_u2.c ****     }
 903:Core/Src/app_modbus_u2.c ****     osMutexRelease(ctx->mtx_shared_data);
 904:Core/Src/app_modbus_u2.c ****   }
 905:Core/Src/app_modbus_u2.c **** }
 906:Core/Src/app_modbus_u2.c **** 
 907:Core/Src/app_modbus_u2.c **** static uint8_t AppModbusU2_Write07xx1Hz(const app_modbus_u2_ctx_t *ctx)
ARM GAS  C:\Users\40918\AppData\Local\Temp\ccDNylh8.s 			page 18


 908:Core/Src/app_modbus_u2.c **** {
 909:Core/Src/app_modbus_u2.c ****   uint16_t regs[32];
 910:Core/Src/app_modbus_u2.c ****   HAL_StatusTypeDef ret;
 911:Core/Src/app_modbus_u2.c ****   uint8_t all_ok = 1U;
 912:Core/Src/app_modbus_u2.c ****   uint32_t n;
 913:Core/Src/app_modbus_u2.c ****   uint32_t i;
 914:Core/Src/app_modbus_u2.c ****   uint32_t j;
 915:Core/Src/app_modbus_u2.c ****   uint16_t start_addr;
 916:Core/Src/app_modbus_u2.c ****   uint16_t group_qty;
 917:Core/Src/app_modbus_u2.c ****   uint16_t cur_addr_end;
 918:Core/Src/app_modbus_u2.c ****   uint16_t reg_pos;
 919:Core/Src/app_modbus_u2.c **** 
 920:Core/Src/app_modbus_u2.c ****   n = (sizeof(s_write_07xx_list) / sizeof(s_write_07xx_list[0]));
 921:Core/Src/app_modbus_u2.c ****   i = 0U;
 922:Core/Src/app_modbus_u2.c ****   while (i < n)
 923:Core/Src/app_modbus_u2.c ****   {
 924:Core/Src/app_modbus_u2.c ****     start_addr = s_write_07xx_list[i].addr;
 925:Core/Src/app_modbus_u2.c ****     group_qty = s_write_07xx_list[i].qty;
 926:Core/Src/app_modbus_u2.c ****     cur_addr_end = (uint16_t)(start_addr + group_qty);
 927:Core/Src/app_modbus_u2.c **** 
 928:Core/Src/app_modbus_u2.c ****     j = i + 1U;
 929:Core/Src/app_modbus_u2.c ****     while (j < n)
 930:Core/Src/app_modbus_u2.c ****     {
 931:Core/Src/app_modbus_u2.c ****       if (s_write_07xx_list[j].addr != cur_addr_end)
 932:Core/Src/app_modbus_u2.c ****       {
 933:Core/Src/app_modbus_u2.c ****         break;
 934:Core/Src/app_modbus_u2.c ****       }
 935:Core/Src/app_modbus_u2.c ****       group_qty = (uint16_t)(group_qty + s_write_07xx_list[j].qty);
 936:Core/Src/app_modbus_u2.c ****       cur_addr_end = (uint16_t)(cur_addr_end + s_write_07xx_list[j].qty);
 937:Core/Src/app_modbus_u2.c ****       j++;
 938:Core/Src/app_modbus_u2.c ****     }
 939:Core/Src/app_modbus_u2.c **** 
 940:Core/Src/app_modbus_u2.c ****     if (group_qty > (uint16_t)(sizeof(regs) / sizeof(regs[0])))
 941:Core/Src/app_modbus_u2.c ****     {
 942:Core/Src/app_modbus_u2.c ****       if (ctx->diag != NULL) { ctx->diag->uart2_req_fail++; }
 943:Core/Src/app_modbus_u2.c ****       U2LOGE("[MODBUS-U2] write group too large start=0x%04X qty=%u\r\n",
 944:Core/Src/app_modbus_u2.c ****            (unsigned int)start_addr,
 945:Core/Src/app_modbus_u2.c ****            (unsigned int)group_qty);
 946:Core/Src/app_modbus_u2.c ****       return 0U;
 947:Core/Src/app_modbus_u2.c ****     }
 948:Core/Src/app_modbus_u2.c **** 
 949:Core/Src/app_modbus_u2.c ****     reg_pos = 0U;
 950:Core/Src/app_modbus_u2.c ****     while (i < j)
 951:Core/Src/app_modbus_u2.c ****     {
 952:Core/Src/app_modbus_u2.c ****       if (s_write_07xx_list[i].qty == 2U)
 953:Core/Src/app_modbus_u2.c ****       {
 954:Core/Src/app_modbus_u2.c ****         if (AppModbusU2_FloatToRegs(ctx, s_write_07xx_list[i].value_offset, &regs[reg_pos], 2U) != 
 955:Core/Src/app_modbus_u2.c ****         {
 956:Core/Src/app_modbus_u2.c ****           return 0U;
 957:Core/Src/app_modbus_u2.c ****         }
 958:Core/Src/app_modbus_u2.c ****       }
 959:Core/Src/app_modbus_u2.c ****       else if (s_write_07xx_list[i].qty == 1U)
 960:Core/Src/app_modbus_u2.c ****       {
 961:Core/Src/app_modbus_u2.c ****         if (AppModbusU2_U16ToRegs(ctx, s_write_07xx_list[i].value_offset, &regs[reg_pos], 1U) != 1U
 962:Core/Src/app_modbus_u2.c ****         {
 963:Core/Src/app_modbus_u2.c ****           return 0U;
 964:Core/Src/app_modbus_u2.c ****         }
ARM GAS  C:\Users\40918\AppData\Local\Temp\ccDNylh8.s 			page 19


 965:Core/Src/app_modbus_u2.c ****       }
 966:Core/Src/app_modbus_u2.c ****       else
 967:Core/Src/app_modbus_u2.c ****       {
 968:Core/Src/app_modbus_u2.c ****         if (ctx->diag != NULL) { ctx->diag->uart2_req_fail++; }
 969:Core/Src/app_modbus_u2.c ****         U2LOGE("[MODBUS-U2] unsupported write qty=%u addr=0x%04X\r\n",
 970:Core/Src/app_modbus_u2.c ****              (unsigned int)s_write_07xx_list[i].qty,
 971:Core/Src/app_modbus_u2.c ****              (unsigned int)s_write_07xx_list[i].addr);
 972:Core/Src/app_modbus_u2.c ****         return 0U;
 973:Core/Src/app_modbus_u2.c ****       }
 974:Core/Src/app_modbus_u2.c ****       reg_pos = (uint16_t)(reg_pos + s_write_07xx_list[i].qty);
 975:Core/Src/app_modbus_u2.c ****       i++;
 976:Core/Src/app_modbus_u2.c ****     }
 977:Core/Src/app_modbus_u2.c **** 
 978:Core/Src/app_modbus_u2.c ****     ret = AppModbusU2_SendAndWaitWrite(ctx, start_addr, group_qty, regs);
 979:Core/Src/app_modbus_u2.c ****     if (ret == HAL_TIMEOUT)
 980:Core/Src/app_modbus_u2.c ****     {
 981:Core/Src/app_modbus_u2.c ****       /* retry once for transient bus collisions */
 982:Core/Src/app_modbus_u2.c ****       ret = AppModbusU2_SendAndWaitWrite(ctx, start_addr, group_qty, regs);
 983:Core/Src/app_modbus_u2.c ****     }
 984:Core/Src/app_modbus_u2.c **** 
 985:Core/Src/app_modbus_u2.c ****     if (ret == HAL_OK)
 986:Core/Src/app_modbus_u2.c ****     {
 987:Core/Src/app_modbus_u2.c ****       s_modbus_write_ok_count++;
 988:Core/Src/app_modbus_u2.c ****       AppModbusU2_ClearSentLowVoltageStates(ctx, start_addr, group_qty);
 989:Core/Src/app_modbus_u2.c ****     }
 990:Core/Src/app_modbus_u2.c ****     else
 991:Core/Src/app_modbus_u2.c ****     {
 992:Core/Src/app_modbus_u2.c ****       all_ok = 0U;
 993:Core/Src/app_modbus_u2.c ****       if (ret == HAL_TIMEOUT)
 994:Core/Src/app_modbus_u2.c ****       {
 995:Core/Src/app_modbus_u2.c ****         s_modbus_write_timeout_count++;
 996:Core/Src/app_modbus_u2.c ****       }
 997:Core/Src/app_modbus_u2.c ****     }
 998:Core/Src/app_modbus_u2.c ****   }
 999:Core/Src/app_modbus_u2.c ****   return all_ok;
1000:Core/Src/app_modbus_u2.c **** }
1001:Core/Src/app_modbus_u2.c **** 
1002:Core/Src/app_modbus_u2.c **** static void AppModbusU2_UpdateCache(const app_modbus_u2_ctx_t *ctx, uint16_t start_addr, const modb
1003:Core/Src/app_modbus_u2.c **** {
1004:Core/Src/app_modbus_u2.c ****   uint16_t i;
1005:Core/Src/app_modbus_u2.c ****   uint16_t addr;
1006:Core/Src/app_modbus_u2.c ****   uint16_t needed_regs;
1007:Core/Src/app_modbus_u2.c ****   uint8_t save_params = 0U;
1008:Core/Src/app_modbus_u2.c ****   protocol_values_t values_snap;
1009:Core/Src/app_modbus_u2.c ****   const reg_meta_t *meta;
1010:Core/Src/app_modbus_u2.c **** 
1011:Core/Src/app_modbus_u2.c ****   if ((ctx == NULL) || (resp == NULL) || (resp->valid == 0U) || (resp->reg_count == 0U) ||
1012:Core/Src/app_modbus_u2.c ****       (ctx->mtx_shared_data == NULL) || (ctx->protocol_values == NULL))
1013:Core/Src/app_modbus_u2.c ****   {
1014:Core/Src/app_modbus_u2.c ****     if ((ctx != NULL) && (ctx->diag != NULL) && (resp != NULL) && (resp->valid != 0U) && (resp->reg
1015:Core/Src/app_modbus_u2.c ****     {
1016:Core/Src/app_modbus_u2.c ****       ctx->diag->uart2_req_fail++;
1017:Core/Src/app_modbus_u2.c ****     }
1018:Core/Src/app_modbus_u2.c ****     return;
1019:Core/Src/app_modbus_u2.c ****   }
1020:Core/Src/app_modbus_u2.c **** 
1021:Core/Src/app_modbus_u2.c ****   if (osMutexAcquire(ctx->mtx_shared_data, 5U) != osOK)
ARM GAS  C:\Users\40918\AppData\Local\Temp\ccDNylh8.s 			page 20


1022:Core/Src/app_modbus_u2.c ****   {
1023:Core/Src/app_modbus_u2.c ****     return;
1024:Core/Src/app_modbus_u2.c ****   }
1025:Core/Src/app_modbus_u2.c **** 
1026:Core/Src/app_modbus_u2.c ****   for (i = 0U; i < resp->reg_count; i++)
1027:Core/Src/app_modbus_u2.c ****   {
1028:Core/Src/app_modbus_u2.c ****     addr = (uint16_t)(start_addr + i);
1029:Core/Src/app_modbus_u2.c ****     meta = ProtocolMap_Find(addr);
1030:Core/Src/app_modbus_u2.c ****     if (meta == NULL)
1031:Core/Src/app_modbus_u2.c ****     {
1032:Core/Src/app_modbus_u2.c ****       continue;
1033:Core/Src/app_modbus_u2.c ****     }
1034:Core/Src/app_modbus_u2.c ****     needed_regs = (uint16_t)(meta->bytes / 2U);
1035:Core/Src/app_modbus_u2.c ****     if ((needed_regs == 0U) || ((i + needed_regs) > resp->reg_count))
1036:Core/Src/app_modbus_u2.c ****     {
1037:Core/Src/app_modbus_u2.c ****       if (ctx->diag != NULL) { ctx->diag->uart2_req_fail++; }
1038:Core/Src/app_modbus_u2.c ****       break;
1039:Core/Src/app_modbus_u2.c ****     }
1040:Core/Src/app_modbus_u2.c ****     AppModbusU2_WriteMappedValue((protocol_values_t *)ctx->protocol_values, meta, &resp->regs[i]);
1041:Core/Src/app_modbus_u2.c ****   }
1042:Core/Src/app_modbus_u2.c ****   if ((start_addr <= 0x09E4U) && ((uint16_t)(start_addr + resp->reg_count) > 0x09C4U))
1043:Core/Src/app_modbus_u2.c ****   {
1044:Core/Src/app_modbus_u2.c ****     values_snap = *(const protocol_values_t *)ctx->protocol_values;
1045:Core/Src/app_modbus_u2.c ****     save_params = 1U;
1046:Core/Src/app_modbus_u2.c ****   }
1047:Core/Src/app_modbus_u2.c ****   osMutexRelease(ctx->mtx_shared_data);
1048:Core/Src/app_modbus_u2.c **** 
1049:Core/Src/app_modbus_u2.c ****   if (ctx->evt_system_flags != NULL)
1050:Core/Src/app_modbus_u2.c ****   {
1051:Core/Src/app_modbus_u2.c ****     osEventFlagsSet(ctx->evt_system_flags, EVT_MODBUS_UPDATED);
1052:Core/Src/app_modbus_u2.c ****   }
1053:Core/Src/app_modbus_u2.c **** 
1054:Core/Src/app_modbus_u2.c ****   if (save_params != 0U)
1055:Core/Src/app_modbus_u2.c ****   {
1056:Core/Src/app_modbus_u2.c ****     AppCalc_RecomputeCoeffs(&values_snap);
1057:Core/Src/app_modbus_u2.c ****     (void)AppParamStore_SaveIfChanged(&values_snap);
1058:Core/Src/app_modbus_u2.c ****   }
1059:Core/Src/app_modbus_u2.c **** }
1060:Core/Src/app_modbus_u2.c **** 
1061:Core/Src/app_modbus_u2.c **** static void AppModbusU2_ProcessChangeFlags(const app_modbus_u2_ctx_t *ctx, uint16_t flags)
1062:Core/Src/app_modbus_u2.c **** {
1063:Core/Src/app_modbus_u2.c ****   modbus_read_resp_t resp;
1064:Core/Src/app_modbus_u2.c ****   HAL_StatusTypeDef ret;
1065:Core/Src/app_modbus_u2.c ****   uint32_t i;
1066:Core/Src/app_modbus_u2.c ****   protocol_values_t values_snap;
1067:Core/Src/app_modbus_u2.c ****   uint8_t zero_start_trigger = 0U;
1068:Core/Src/app_modbus_u2.c ****   uint8_t zero_end_trigger = 0U;
1069:Core/Src/app_modbus_u2.c ****   uint8_t zero_collecting = 0U;
1070:Core/Src/app_modbus_u2.c ****   uint32_t zero_sample_count = 0U;
1071:Core/Src/app_modbus_u2.c ****   uint8_t avg_ok = 0U;
1072:Core/Src/app_modbus_u2.c ****   float avg_power = 0.0f;
1073:Core/Src/app_modbus_u2.c ****   float zero_ch1 = 0.0f;
1074:Core/Src/app_modbus_u2.c ****   float zero_ch2 = 0.0f;
1075:Core/Src/app_modbus_u2.c ****   float zero_verify_ch1 = 0.0f;
1076:Core/Src/app_modbus_u2.c ****   float zero_verify_ch2 = 0.0f;
1077:Core/Src/app_modbus_u2.c ****   uint32_t zero_verify_raw;
1078:Core/Src/app_modbus_u2.c ****   uint8_t save_zero_params = 0U;
ARM GAS  C:\Users\40918\AppData\Local\Temp\ccDNylh8.s 			page 21


1079:Core/Src/app_modbus_u2.c ****   uint16_t zero_regs[4];
1080:Core/Src/app_modbus_u2.c **** 
1081:Core/Src/app_modbus_u2.c ****   for (i = 0U; i < (sizeof(s_change_queries) / sizeof(s_change_queries[0])); i++)
1082:Core/Src/app_modbus_u2.c ****   {
1083:Core/Src/app_modbus_u2.c ****     if ((flags & s_change_queries[i].flag_mask) != 0U)
1084:Core/Src/app_modbus_u2.c ****     {
1085:Core/Src/app_modbus_u2.c ****       if (AppModbusU2_SendAndWaitRead(ctx, s_change_queries[i].addr, s_change_queries[i].qty, &resp
1086:Core/Src/app_modbus_u2.c ****       {
1087:Core/Src/app_modbus_u2.c ****         AppModbusU2_UpdateCache(ctx, s_change_queries[i].addr, &resp);
1088:Core/Src/app_modbus_u2.c ****       }
1089:Core/Src/app_modbus_u2.c ****     }
1090:Core/Src/app_modbus_u2.c ****   }
1091:Core/Src/app_modbus_u2.c **** 
1092:Core/Src/app_modbus_u2.c ****   if ((flags & 0x0004U) == 0U)
1093:Core/Src/app_modbus_u2.c ****   {
1094:Core/Src/app_modbus_u2.c ****     U2LOGI("[MODBUS-U2] zero-flow skip: rising flag_meas not set (flags=0x%04X)\r\n", (unsigned int
1095:Core/Src/app_modbus_u2.c ****   }
1096:Core/Src/app_modbus_u2.c **** 
1097:Core/Src/app_modbus_u2.c ****   if ((flags & 0x0001U) != 0U)
1098:Core/Src/app_modbus_u2.c ****   {
1099:Core/Src/app_modbus_u2.c ****     if ((ctx != NULL) && (ctx->mtx_shared_data != NULL) && (ctx->protocol_values != NULL) &&
1100:Core/Src/app_modbus_u2.c ****         (osMutexAcquire(ctx->mtx_shared_data, 5U) == osOK))
1101:Core/Src/app_modbus_u2.c ****     {
1102:Core/Src/app_modbus_u2.c ****       values_snap = *(const protocol_values_t *)ctx->protocol_values;
1103:Core/Src/app_modbus_u2.c ****       osMutexRelease(ctx->mtx_shared_data);
1104:Core/Src/app_modbus_u2.c ****       avg_power = AppAvgPowerCache_QueryHours(values_snap.query_time_h, &avg_ok);
1105:Core/Src/app_modbus_u2.c ****       if (avg_ok == 0U)
1106:Core/Src/app_modbus_u2.c ****       {
1107:Core/Src/app_modbus_u2.c ****         avg_power = 0.0f;
1108:Core/Src/app_modbus_u2.c ****       }
1109:Core/Src/app_modbus_u2.c **** 
1110:Core/Src/app_modbus_u2.c ****       AppModbusU2_WriteFloatToRegs(avg_power, &zero_regs[0]);
1111:Core/Src/app_modbus_u2.c ****       ret = AppModbusU2_SendAndWaitWrite(ctx, 0x07DAU, 2U, zero_regs);
1112:Core/Src/app_modbus_u2.c ****       U2LOGI("[MODBUS-U2] avg-flow query_time_h=%.1f avg=%.3f write 0x07DA ret=%ld\r\n",
1113:Core/Src/app_modbus_u2.c ****             (double)values_snap.query_time_h,
1114:Core/Src/app_modbus_u2.c ****             (double)avg_power,
1115:Core/Src/app_modbus_u2.c ****             (long)ret);
1116:Core/Src/app_modbus_u2.c **** 
1117:Core/Src/app_modbus_u2.c ****       if (ret == HAL_OK)
1118:Core/Src/app_modbus_u2.c ****       {
1119:Core/Src/app_modbus_u2.c ****         if (osMutexAcquire(ctx->mtx_shared_data, 5U) == osOK)
1120:Core/Src/app_modbus_u2.c ****         {
1121:Core/Src/app_modbus_u2.c ****           ((protocol_values_t *)ctx->protocol_values)->avg_power_kW = avg_power;
1122:Core/Src/app_modbus_u2.c ****           osMutexRelease(ctx->mtx_shared_data);
1123:Core/Src/app_modbus_u2.c ****         }
1124:Core/Src/app_modbus_u2.c ****       }
1125:Core/Src/app_modbus_u2.c ****     }
1126:Core/Src/app_modbus_u2.c ****     else
1127:Core/Src/app_modbus_u2.c ****     {
1128:Core/Src/app_modbus_u2.c ****       U2LOGE("[MODBUS-U2] avg-flow skip: shared data unavailable\r\n");
1129:Core/Src/app_modbus_u2.c ****     }
1130:Core/Src/app_modbus_u2.c ****   }
1131:Core/Src/app_modbus_u2.c **** 
1132:Core/Src/app_modbus_u2.c ****   if ((flags & 0x0004U) == 0U)
1133:Core/Src/app_modbus_u2.c ****   {
1134:Core/Src/app_modbus_u2.c ****     return;
1135:Core/Src/app_modbus_u2.c ****   }
ARM GAS  C:\Users\40918\AppData\Local\Temp\ccDNylh8.s 			page 22


1136:Core/Src/app_modbus_u2.c ****   if ((ctx == NULL) || (ctx->mtx_shared_data == NULL) || (ctx->protocol_values == NULL))
1137:Core/Src/app_modbus_u2.c ****   {
1138:Core/Src/app_modbus_u2.c ****     return;
1139:Core/Src/app_modbus_u2.c ****   }
1140:Core/Src/app_modbus_u2.c ****   if (osMutexAcquire(ctx->mtx_shared_data, 5U) != osOK)
1141:Core/Src/app_modbus_u2.c ****   {
1142:Core/Src/app_modbus_u2.c ****     return;
1143:Core/Src/app_modbus_u2.c ****   }
1144:Core/Src/app_modbus_u2.c ****   values_snap = *(const protocol_values_t *)ctx->protocol_values;
1145:Core/Src/app_modbus_u2.c ****   osMutexRelease(ctx->mtx_shared_data);
1146:Core/Src/app_modbus_u2.c ****   AppCalc_ZeroCaptureGetState(&zero_collecting, &zero_sample_count);
1147:Core/Src/app_modbus_u2.c ****   U2LOGI("[MODBUS-U2] zero-flow snapshot start=%u end=%u z1=%.3f z2=%.3f\r\n",
1148:Core/Src/app_modbus_u2.c ****         (unsigned int)values_snap.zero_start,
1149:Core/Src/app_modbus_u2.c ****         (unsigned int)values_snap.zero_end,
1150:Core/Src/app_modbus_u2.c ****         (double)values_snap.zero_voltage[0],
1151:Core/Src/app_modbus_u2.c ****         (double)values_snap.zero_voltage[1]);
1152:Core/Src/app_modbus_u2.c ****   U2LOGI("[MODBUS-U2] zero-flow state collecting=%u samples=%lu\r\n",
1153:Core/Src/app_modbus_u2.c ****         (unsigned int)zero_collecting,
1154:Core/Src/app_modbus_u2.c ****         (unsigned long)zero_sample_count);
1155:Core/Src/app_modbus_u2.c **** 
1156:Core/Src/app_modbus_u2.c ****   if (values_snap.zero_start != 0U)
1157:Core/Src/app_modbus_u2.c ****   {
1158:Core/Src/app_modbus_u2.c ****     AppCalc_ZeroCaptureStart(values_snap.avg_mode);
1159:Core/Src/app_modbus_u2.c ****     zero_start_trigger = 1U;
1160:Core/Src/app_modbus_u2.c ****     AppCalc_ZeroCaptureGetState(&zero_collecting, &zero_sample_count);
1161:Core/Src/app_modbus_u2.c ****     U2LOGI("[MODBUS-U2] zero-flow start triggered avg_mode=%u\r\n",
1162:Core/Src/app_modbus_u2.c ****           (unsigned int)values_snap.avg_mode);
1163:Core/Src/app_modbus_u2.c ****     U2LOGI("[MODBUS-U2] zero-flow state after start collecting=%u samples=%lu\r\n",
1164:Core/Src/app_modbus_u2.c ****           (unsigned int)zero_collecting,
1165:Core/Src/app_modbus_u2.c ****           (unsigned long)zero_sample_count);
1166:Core/Src/app_modbus_u2.c ****   }
1167:Core/Src/app_modbus_u2.c ****   if (values_snap.zero_end != 0U)
1168:Core/Src/app_modbus_u2.c ****   {
1169:Core/Src/app_modbus_u2.c ****     zero_end_trigger = 1U;
1170:Core/Src/app_modbus_u2.c ****     U2LOGI("[MODBUS-U2] zero-flow end triggered\r\n");
1171:Core/Src/app_modbus_u2.c ****   }
1172:Core/Src/app_modbus_u2.c **** 
1173:Core/Src/app_modbus_u2.c ****   if (zero_start_trigger != 0U)
1174:Core/Src/app_modbus_u2.c ****   {
1175:Core/Src/app_modbus_u2.c ****     zero_regs[0] = 0U;
1176:Core/Src/app_modbus_u2.c ****     ret = AppModbusU2_SendAndWaitWrite(ctx, 0x09E3U, 1U, zero_regs);
1177:Core/Src/app_modbus_u2.c ****     U2LOGI("[MODBUS-U2] zero-flow clear start(0x09E3)=0 ret=%ld\r\n", (long)ret);
1178:Core/Src/app_modbus_u2.c **** 
1179:Core/Src/app_modbus_u2.c ****     if (osMutexAcquire(ctx->mtx_shared_data, 5U) == osOK)
1180:Core/Src/app_modbus_u2.c ****     {
1181:Core/Src/app_modbus_u2.c ****       ((protocol_values_t *)ctx->protocol_values)->zero_start = 0U;
1182:Core/Src/app_modbus_u2.c ****       osMutexRelease(ctx->mtx_shared_data);
1183:Core/Src/app_modbus_u2.c ****     }
1184:Core/Src/app_modbus_u2.c ****   }
1185:Core/Src/app_modbus_u2.c **** 
1186:Core/Src/app_modbus_u2.c ****   if (zero_end_trigger != 0U)
1187:Core/Src/app_modbus_u2.c ****   {
1188:Core/Src/app_modbus_u2.c ****     AppCalc_ZeroCaptureGetState(&zero_collecting, &zero_sample_count);
1189:Core/Src/app_modbus_u2.c ****     U2LOGI("[MODBUS-U2] zero-flow state before stop collecting=%u samples=%lu\r\n",
1190:Core/Src/app_modbus_u2.c ****           (unsigned int)zero_collecting,
1191:Core/Src/app_modbus_u2.c ****           (unsigned long)zero_sample_count);
1192:Core/Src/app_modbus_u2.c ****     if (AppCalc_ZeroCaptureStop(&zero_ch1, &zero_ch2) != 0U)
ARM GAS  C:\Users\40918\AppData\Local\Temp\ccDNylh8.s 			page 23


1193:Core/Src/app_modbus_u2.c ****     {
1194:Core/Src/app_modbus_u2.c ****       U2LOGI("[MODBUS-U2] zero-capture done zero_ch1=%0.3f zero_ch2=%0.3f\r\n",
1195:Core/Src/app_modbus_u2.c ****             (double)zero_ch1,
1196:Core/Src/app_modbus_u2.c ****             (double)zero_ch2);
1197:Core/Src/app_modbus_u2.c ****       AppModbusU2_WriteFloatToRegs(zero_ch1, &zero_regs[0]);
1198:Core/Src/app_modbus_u2.c ****       AppModbusU2_WriteFloatToRegs(zero_ch2, &zero_regs[2]);
1199:Core/Src/app_modbus_u2.c ****       ret = AppModbusU2_SendAndWaitWrite(ctx, 0x09DFU, 4U, zero_regs);
1200:Core/Src/app_modbus_u2.c ****       U2LOGI("[MODBUS-U2] zero-flow write zero(0x09DF..0x09E2) ret=%ld\r\n", (long)ret);
1201:Core/Src/app_modbus_u2.c **** 
1202:Core/Src/app_modbus_u2.c ****       if (ret == HAL_OK)
1203:Core/Src/app_modbus_u2.c ****       {
1204:Core/Src/app_modbus_u2.c ****         if (AppModbusU2_SendAndWaitRead(ctx, 0x09DFU, 4U, &resp) == HAL_OK)
1205:Core/Src/app_modbus_u2.c ****         {
1206:Core/Src/app_modbus_u2.c ****           zero_verify_raw = ((uint32_t)resp.regs[1] << 16) | resp.regs[0];
1207:Core/Src/app_modbus_u2.c ****           memcpy(&zero_verify_ch1, &zero_verify_raw, sizeof(zero_verify_ch1));
1208:Core/Src/app_modbus_u2.c ****           zero_verify_raw = ((uint32_t)resp.regs[3] << 16) | resp.regs[2];
1209:Core/Src/app_modbus_u2.c ****           memcpy(&zero_verify_ch2, &zero_verify_raw, sizeof(zero_verify_ch2));
1210:Core/Src/app_modbus_u2.c ****           U2LOGI("[MODBUS-U2] zero-flow verify read z1=%.3f z2=%.3f\r\n",
1211:Core/Src/app_modbus_u2.c ****                 (double)zero_verify_ch1,
1212:Core/Src/app_modbus_u2.c ****                 (double)zero_verify_ch2);
1213:Core/Src/app_modbus_u2.c ****         }
1214:Core/Src/app_modbus_u2.c ****         else
1215:Core/Src/app_modbus_u2.c ****         {
1216:Core/Src/app_modbus_u2.c ****           U2LOGE("[MODBUS-U2] zero-flow verify read 0x09DF failed\r\n");
1217:Core/Src/app_modbus_u2.c ****         }
1218:Core/Src/app_modbus_u2.c ****       }
1219:Core/Src/app_modbus_u2.c **** 
1220:Core/Src/app_modbus_u2.c ****       if (osMutexAcquire(ctx->mtx_shared_data, 5U) == osOK)
1221:Core/Src/app_modbus_u2.c ****       {
1222:Core/Src/app_modbus_u2.c ****         ((protocol_values_t *)ctx->protocol_values)->zero_voltage[0] = zero_ch1;
1223:Core/Src/app_modbus_u2.c ****         ((protocol_values_t *)ctx->protocol_values)->zero_voltage[1] = zero_ch2;
1224:Core/Src/app_modbus_u2.c ****         values_snap = *(const protocol_values_t *)ctx->protocol_values;
1225:Core/Src/app_modbus_u2.c ****         save_zero_params = 1U;
1226:Core/Src/app_modbus_u2.c ****         osMutexRelease(ctx->mtx_shared_data);
1227:Core/Src/app_modbus_u2.c ****       }
1228:Core/Src/app_modbus_u2.c ****       if (save_zero_params != 0U)
1229:Core/Src/app_modbus_u2.c ****       {
1230:Core/Src/app_modbus_u2.c ****         (void)AppParamStore_SaveIfChanged(&values_snap);
1231:Core/Src/app_modbus_u2.c ****       }
1232:Core/Src/app_modbus_u2.c ****     }
1233:Core/Src/app_modbus_u2.c ****     else
1234:Core/Src/app_modbus_u2.c ****     {
1235:Core/Src/app_modbus_u2.c ****       AppCalc_ZeroCaptureGetState(&zero_collecting, &zero_sample_count);
1236:Core/Src/app_modbus_u2.c ****       U2LOGI("[MODBUS-U2] zero-capture stop with empty samples\r\n");
1237:Core/Src/app_modbus_u2.c ****       U2LOGI("[MODBUS-U2] zero-flow state after empty stop collecting=%u samples=%lu\r\n",
1238:Core/Src/app_modbus_u2.c ****             (unsigned int)zero_collecting,
1239:Core/Src/app_modbus_u2.c ****             (unsigned long)zero_sample_count);
1240:Core/Src/app_modbus_u2.c ****     }
1241:Core/Src/app_modbus_u2.c **** 
1242:Core/Src/app_modbus_u2.c ****     zero_regs[0] = 0U;
1243:Core/Src/app_modbus_u2.c ****     ret = AppModbusU2_SendAndWaitWrite(ctx, 0x09E4U, 1U, zero_regs);
1244:Core/Src/app_modbus_u2.c ****     U2LOGI("[MODBUS-U2] zero-flow clear end(0x09E4)=0 ret=%ld\r\n", (long)ret);
1245:Core/Src/app_modbus_u2.c ****     if (osMutexAcquire(ctx->mtx_shared_data, 5U) == osOK)
1246:Core/Src/app_modbus_u2.c ****     {
1247:Core/Src/app_modbus_u2.c ****       ((protocol_values_t *)ctx->protocol_values)->zero_end = 0U;
1248:Core/Src/app_modbus_u2.c ****       osMutexRelease(ctx->mtx_shared_data);
1249:Core/Src/app_modbus_u2.c ****     }
ARM GAS  C:\Users\40918\AppData\Local\Temp\ccDNylh8.s 			page 24


1250:Core/Src/app_modbus_u2.c ****   }
1251:Core/Src/app_modbus_u2.c **** }
1252:Core/Src/app_modbus_u2.c **** 
1253:Core/Src/app_modbus_u2.c **** static void AppModbusU2_ClearTriggerFlags(const app_modbus_u2_ctx_t *ctx)
1254:Core/Src/app_modbus_u2.c **** {
1255:Core/Src/app_modbus_u2.c ****   uint16_t regs[3] = {0U, 0U, 0U};
1256:Core/Src/app_modbus_u2.c ****   HAL_StatusTypeDef ret;
1257:Core/Src/app_modbus_u2.c **** 
1258:Core/Src/app_modbus_u2.c ****   if (ctx == NULL)
1259:Core/Src/app_modbus_u2.c ****   {
1260:Core/Src/app_modbus_u2.c ****     return;
1261:Core/Src/app_modbus_u2.c ****   }
1262:Core/Src/app_modbus_u2.c **** 
1263:Core/Src/app_modbus_u2.c ****   /* Clear only 0x0AF0..0x0AF2 once after trigger handling; do not touch 0x0AF3. */
1264:Core/Src/app_modbus_u2.c ****   ret = AppModbusU2_SendAndWaitWrite(ctx, 0x0AF0U, 3U, regs);
1265:Core/Src/app_modbus_u2.c ****   if (ret == HAL_TIMEOUT)
1266:Core/Src/app_modbus_u2.c ****   {
1267:Core/Src/app_modbus_u2.c ****     ret = AppModbusU2_SendAndWaitWrite(ctx, 0x0AF0U, 3U, regs);
1268:Core/Src/app_modbus_u2.c ****   }
1269:Core/Src/app_modbus_u2.c **** 
1270:Core/Src/app_modbus_u2.c ****   if (ret == HAL_OK)
1271:Core/Src/app_modbus_u2.c ****   {
1272:Core/Src/app_modbus_u2.c ****     U2LOGI("[MODBUS-U2] trigger flags 0x0AF0..0x0AF2 cleared\r\n");
1273:Core/Src/app_modbus_u2.c ****   }
1274:Core/Src/app_modbus_u2.c ****   else
1275:Core/Src/app_modbus_u2.c ****   {
1276:Core/Src/app_modbus_u2.c ****     U2LOGE("[MODBUS-U2] trigger flags clear failed ret=%ld\r\n", (long)ret);
1277:Core/Src/app_modbus_u2.c ****   }
1278:Core/Src/app_modbus_u2.c **** }
1279:Core/Src/app_modbus_u2.c **** 
1280:Core/Src/app_modbus_u2.c **** void AppModbusU2_Init(const app_modbus_u2_ctx_t *ctx)
1281:Core/Src/app_modbus_u2.c **** {
1282:Core/Src/app_modbus_u2.c ****   if ((ctx == NULL) || (ctx->huart2 == NULL) || (ctx->hdma_usart2_rx == NULL) || (ctx->rx_dma_buf =
1283:Core/Src/app_modbus_u2.c ****   {
1284:Core/Src/app_modbus_u2.c ****     return;
1285:Core/Src/app_modbus_u2.c ****   }
1286:Core/Src/app_modbus_u2.c ****   U2LOGI("[MODBUS-U2] init baud=%lu rx_dma=%u slave=%u\r\n",
1287:Core/Src/app_modbus_u2.c ****        (unsigned long)ctx->huart2->Init.BaudRate,
1288:Core/Src/app_modbus_u2.c ****        (unsigned int)ctx->rx_dma_size,
1289:Core/Src/app_modbus_u2.c ****        (unsigned int)ctx->slave_id);
1290:Core/Src/app_modbus_u2.c ****   U2LOGI("[MODBUS-U2] uart cfg wl=%lu parity=%lu stop=%lu\r\n",
1291:Core/Src/app_modbus_u2.c ****        (unsigned long)ctx->huart2->Init.WordLength,
1292:Core/Src/app_modbus_u2.c ****        (unsigned long)ctx->huart2->Init.Parity,
1293:Core/Src/app_modbus_u2.c ****        (unsigned long)ctx->huart2->Init.StopBits);
1294:Core/Src/app_modbus_u2.c ****   if (HAL_UARTEx_ReceiveToIdle_DMA(ctx->huart2, ctx->rx_dma_buf, ctx->rx_dma_size) != HAL_OK)
1295:Core/Src/app_modbus_u2.c ****   {
1296:Core/Src/app_modbus_u2.c ****     U2LOGE("[MODBUS-U2] rx dma init failed err=0x%08lX\r\n", (unsigned long)ctx->huart2->ErrorCode)
1297:Core/Src/app_modbus_u2.c ****     return;
1298:Core/Src/app_modbus_u2.c ****   }
1299:Core/Src/app_modbus_u2.c ****   s_modbus_rx_dma_last_pos = 0U;
1300:Core/Src/app_modbus_u2.c ****   __HAL_DMA_DISABLE_IT(ctx->hdma_usart2_rx, DMA_IT_HT);
1301:Core/Src/app_modbus_u2.c ****   U2LOGI("[MODBUS-U2] rx dma armed\r\n");
1302:Core/Src/app_modbus_u2.c **** }
1303:Core/Src/app_modbus_u2.c **** 
1304:Core/Src/app_modbus_u2.c **** static void AppModbusU2_StopRxDma(const app_modbus_u2_ctx_t *ctx)
1305:Core/Src/app_modbus_u2.c **** {
1306:Core/Src/app_modbus_u2.c ****   if ((ctx == NULL) || (ctx->huart2 == NULL))
ARM GAS  C:\Users\40918\AppData\Local\Temp\ccDNylh8.s 			page 25


1307:Core/Src/app_modbus_u2.c ****   {
1308:Core/Src/app_modbus_u2.c ****     return;
1309:Core/Src/app_modbus_u2.c ****   }
1310:Core/Src/app_modbus_u2.c **** 
1311:Core/Src/app_modbus_u2.c ****   (void)HAL_UART_AbortReceive(ctx->huart2);
1312:Core/Src/app_modbus_u2.c ****   s_modbus_rx_dma_last_pos = 0U;
1313:Core/Src/app_modbus_u2.c **** }
1314:Core/Src/app_modbus_u2.c **** 
1315:Core/Src/app_modbus_u2.c **** static HAL_StatusTypeDef AppModbusU2_StartRxDma(const app_modbus_u2_ctx_t *ctx)
1316:Core/Src/app_modbus_u2.c **** {
1317:Core/Src/app_modbus_u2.c ****   HAL_StatusTypeDef ret;
1318:Core/Src/app_modbus_u2.c **** 
1319:Core/Src/app_modbus_u2.c ****   if ((ctx == NULL) || (ctx->huart2 == NULL) || (ctx->hdma_usart2_rx == NULL) || (ctx->rx_dma_buf =
1320:Core/Src/app_modbus_u2.c ****   {
1321:Core/Src/app_modbus_u2.c ****     return HAL_ERROR;
1322:Core/Src/app_modbus_u2.c ****   }
1323:Core/Src/app_modbus_u2.c **** 
1324:Core/Src/app_modbus_u2.c ****   s_modbus_rx_dma_last_pos = 0U;
1325:Core/Src/app_modbus_u2.c ****   ret = HAL_UARTEx_ReceiveToIdle_DMA(ctx->huart2, ctx->rx_dma_buf, ctx->rx_dma_size);
1326:Core/Src/app_modbus_u2.c ****   if (ret == HAL_OK)
1327:Core/Src/app_modbus_u2.c ****   {
1328:Core/Src/app_modbus_u2.c ****     __HAL_DMA_DISABLE_IT(ctx->hdma_usart2_rx, DMA_IT_HT);
1329:Core/Src/app_modbus_u2.c ****   }
1330:Core/Src/app_modbus_u2.c ****   return ret;
1331:Core/Src/app_modbus_u2.c **** }
1332:Core/Src/app_modbus_u2.c **** 
1333:Core/Src/app_modbus_u2.c **** static HAL_StatusTypeDef AppModbusU2_StartResponseWindow(const app_modbus_u2_ctx_t *ctx)
1334:Core/Src/app_modbus_u2.c **** {
1335:Core/Src/app_modbus_u2.c ****   modbus_event_msg_t rx_msg;
1336:Core/Src/app_modbus_u2.c **** 
1337:Core/Src/app_modbus_u2.c ****   if (ctx == NULL)
1338:Core/Src/app_modbus_u2.c ****   {
1339:Core/Src/app_modbus_u2.c ****     return HAL_ERROR;
1340:Core/Src/app_modbus_u2.c ****   }
1341:Core/Src/app_modbus_u2.c **** 
1342:Core/Src/app_modbus_u2.c ****   if (ctx->q_modbus_events != NULL)
1343:Core/Src/app_modbus_u2.c ****   {
1344:Core/Src/app_modbus_u2.c ****     while (osMessageQueueGet(ctx->q_modbus_events, &rx_msg, NULL, 0U) == osOK) {}
1345:Core/Src/app_modbus_u2.c ****   }
1346:Core/Src/app_modbus_u2.c ****   s_modbus_rx_last_size = 0U;
1347:Core/Src/app_modbus_u2.c ****   s_modbus_rx_last_prev_pos = 0U;
1348:Core/Src/app_modbus_u2.c ****   s_modbus_rx_last_curr_pos = 0U;
1349:Core/Src/app_modbus_u2.c ****   s_modbus_rx_last_chunk_len = 0U;
1350:Core/Src/app_modbus_u2.c ****   s_modbus_rx_last_put_ret = 0;
1351:Core/Src/app_modbus_u2.c ****   return AppModbusU2_StartRxDma(ctx);
1352:Core/Src/app_modbus_u2.c **** }
1353:Core/Src/app_modbus_u2.c **** 
1354:Core/Src/app_modbus_u2.c **** void AppModbusU2_OnRxEvent(const app_modbus_u2_ctx_t *ctx, uint16_t size)
1355:Core/Src/app_modbus_u2.c **** {
1356:Core/Src/app_modbus_u2.c ****   modbus_event_msg_t mb_msg;
1357:Core/Src/app_modbus_u2.c ****   osStatus_t put_ret;
1358:Core/Src/app_modbus_u2.c ****   HAL_StatusTypeDef rearm_ret;
1359:Core/Src/app_modbus_u2.c ****   HAL_UART_StateTypeDef uart_state;
1360:Core/Src/app_modbus_u2.c ****   uint16_t curr_pos;
1361:Core/Src/app_modbus_u2.c ****   uint16_t prev_pos;
1362:Core/Src/app_modbus_u2.c ****   uint16_t chunk_len;
1363:Core/Src/app_modbus_u2.c ****   uint16_t first_len;
ARM GAS  C:\Users\40918\AppData\Local\Temp\ccDNylh8.s 			page 26


1364:Core/Src/app_modbus_u2.c ****   uint16_t second_len;
1365:Core/Src/app_modbus_u2.c ****   if ((ctx == NULL) || (ctx->huart2 == NULL) || (ctx->hdma_usart2_rx == NULL) || (ctx->rx_dma_buf =
1366:Core/Src/app_modbus_u2.c ****   {
1367:Core/Src/app_modbus_u2.c ****     return;
1368:Core/Src/app_modbus_u2.c ****   }
1369:Core/Src/app_modbus_u2.c ****   if ((size > 0U) && (size <= ctx->rx_dma_size))
1370:Core/Src/app_modbus_u2.c ****   {
1371:Core/Src/app_modbus_u2.c ****     curr_pos = size;
1372:Core/Src/app_modbus_u2.c ****     prev_pos = s_modbus_rx_dma_last_pos;
1373:Core/Src/app_modbus_u2.c ****     s_modbus_rx_last_tick = HAL_GetTick();
1374:Core/Src/app_modbus_u2.c ****     s_modbus_rx_last_size = size;
1375:Core/Src/app_modbus_u2.c ****     s_modbus_rx_last_prev_pos = prev_pos;
1376:Core/Src/app_modbus_u2.c ****     s_modbus_rx_last_curr_pos = curr_pos;
1377:Core/Src/app_modbus_u2.c ****     s_modbus_rx_last_chunk_len = 0U;
1378:Core/Src/app_modbus_u2.c ****     s_modbus_rx_last_put_ret = 0;
1379:Core/Src/app_modbus_u2.c **** 
1380:Core/Src/app_modbus_u2.c ****     if (curr_pos == prev_pos)
1381:Core/Src/app_modbus_u2.c ****     {
1382:Core/Src/app_modbus_u2.c ****       goto rearm_dma;
1383:Core/Src/app_modbus_u2.c ****     }
1384:Core/Src/app_modbus_u2.c **** 
1385:Core/Src/app_modbus_u2.c ****     s_modbus_rx_event_count++;
1386:Core/Src/app_modbus_u2.c ****     mb_msg.timestamp_ms = HAL_GetTick();
1387:Core/Src/app_modbus_u2.c ****     mb_msg.reg_addr = 0U;
1388:Core/Src/app_modbus_u2.c ****     if (curr_pos > prev_pos)
1389:Core/Src/app_modbus_u2.c ****     {
1390:Core/Src/app_modbus_u2.c ****       chunk_len = (uint16_t)(curr_pos - prev_pos);
1391:Core/Src/app_modbus_u2.c ****       if (chunk_len > sizeof(mb_msg.payload))
1392:Core/Src/app_modbus_u2.c ****       {
1393:Core/Src/app_modbus_u2.c ****         chunk_len = (uint16_t)sizeof(mb_msg.payload);
1394:Core/Src/app_modbus_u2.c ****       }
1395:Core/Src/app_modbus_u2.c ****       memcpy(mb_msg.payload, &ctx->rx_dma_buf[prev_pos], chunk_len);
1396:Core/Src/app_modbus_u2.c ****       mb_msg.length = chunk_len;
1397:Core/Src/app_modbus_u2.c ****     }
1398:Core/Src/app_modbus_u2.c ****     else
1399:Core/Src/app_modbus_u2.c ****     {
1400:Core/Src/app_modbus_u2.c ****       first_len = (uint16_t)(ctx->rx_dma_size - prev_pos);
1401:Core/Src/app_modbus_u2.c ****       second_len = curr_pos;
1402:Core/Src/app_modbus_u2.c ****       chunk_len = (uint16_t)(first_len + second_len);
1403:Core/Src/app_modbus_u2.c ****       if (chunk_len > sizeof(mb_msg.payload))
1404:Core/Src/app_modbus_u2.c ****       {
1405:Core/Src/app_modbus_u2.c ****         chunk_len = (uint16_t)sizeof(mb_msg.payload);
1406:Core/Src/app_modbus_u2.c ****       }
1407:Core/Src/app_modbus_u2.c **** 
1408:Core/Src/app_modbus_u2.c ****       if (chunk_len <= first_len)
1409:Core/Src/app_modbus_u2.c ****       {
1410:Core/Src/app_modbus_u2.c ****         memcpy(mb_msg.payload, &ctx->rx_dma_buf[prev_pos], chunk_len);
1411:Core/Src/app_modbus_u2.c ****       }
1412:Core/Src/app_modbus_u2.c ****       else
1413:Core/Src/app_modbus_u2.c ****       {
1414:Core/Src/app_modbus_u2.c ****         memcpy(mb_msg.payload, &ctx->rx_dma_buf[prev_pos], first_len);
1415:Core/Src/app_modbus_u2.c ****         memcpy(&mb_msg.payload[first_len], &ctx->rx_dma_buf[0], (uint16_t)(chunk_len - first_len));
1416:Core/Src/app_modbus_u2.c ****       }
1417:Core/Src/app_modbus_u2.c ****       mb_msg.length = chunk_len;
1418:Core/Src/app_modbus_u2.c ****     }
1419:Core/Src/app_modbus_u2.c **** 
1420:Core/Src/app_modbus_u2.c ****     s_modbus_rx_dma_last_pos = curr_pos;
ARM GAS  C:\Users\40918\AppData\Local\Temp\ccDNylh8.s 			page 27


1421:Core/Src/app_modbus_u2.c ****     s_modbus_rx_last_chunk_len = mb_msg.length;
1422:Core/Src/app_modbus_u2.c ****     if (ctx->q_modbus_events != NULL)
1423:Core/Src/app_modbus_u2.c ****     {
1424:Core/Src/app_modbus_u2.c ****       put_ret = osMessageQueuePut(ctx->q_modbus_events, &mb_msg, 0U, 0U);
1425:Core/Src/app_modbus_u2.c ****       s_modbus_rx_last_put_ret = (int32_t)put_ret;
1426:Core/Src/app_modbus_u2.c ****       if (put_ret == osOK)
1427:Core/Src/app_modbus_u2.c ****       {
1428:Core/Src/app_modbus_u2.c ****         s_modbus_rx_queue_put_ok_count++;
1429:Core/Src/app_modbus_u2.c ****       }
1430:Core/Src/app_modbus_u2.c ****       else
1431:Core/Src/app_modbus_u2.c ****       {
1432:Core/Src/app_modbus_u2.c ****         s_modbus_rx_queue_put_fail_count++;
1433:Core/Src/app_modbus_u2.c ****       }
1434:Core/Src/app_modbus_u2.c ****     }
1435:Core/Src/app_modbus_u2.c ****     else
1436:Core/Src/app_modbus_u2.c ****     {
1437:Core/Src/app_modbus_u2.c ****       s_modbus_rx_last_put_ret = -1000;
1438:Core/Src/app_modbus_u2.c ****       s_modbus_rx_queue_put_fail_count++;
1439:Core/Src/app_modbus_u2.c ****     }
1440:Core/Src/app_modbus_u2.c ****   }
1441:Core/Src/app_modbus_u2.c **** 
1442:Core/Src/app_modbus_u2.c **** rearm_dma:
1443:Core/Src/app_modbus_u2.c ****   uart_state = HAL_UART_GetState(ctx->huart2);
1444:Core/Src/app_modbus_u2.c ****   if ((uart_state == HAL_UART_STATE_BUSY_RX) || (uart_state == HAL_UART_STATE_BUSY_TX_RX))
1445:Core/Src/app_modbus_u2.c ****   {
1446:Core/Src/app_modbus_u2.c ****     __HAL_DMA_DISABLE_IT(ctx->hdma_usart2_rx, DMA_IT_HT);
1447:Core/Src/app_modbus_u2.c ****     return;
1448:Core/Src/app_modbus_u2.c ****   }
1449:Core/Src/app_modbus_u2.c **** 
1450:Core/Src/app_modbus_u2.c ****   rearm_ret = HAL_UARTEx_ReceiveToIdle_DMA(ctx->huart2, ctx->rx_dma_buf, ctx->rx_dma_size);
1451:Core/Src/app_modbus_u2.c ****   if (rearm_ret != HAL_OK)
1452:Core/Src/app_modbus_u2.c ****   {
1453:Core/Src/app_modbus_u2.c ****     if (rearm_ret == HAL_BUSY)
1454:Core/Src/app_modbus_u2.c ****     {
1455:Core/Src/app_modbus_u2.c ****       s_modbus_rx_rearm_busy_count++;
1456:Core/Src/app_modbus_u2.c ****     }
1457:Core/Src/app_modbus_u2.c ****     else
1458:Core/Src/app_modbus_u2.c ****     {
1459:Core/Src/app_modbus_u2.c ****       s_modbus_rx_rearm_fail_count++;
1460:Core/Src/app_modbus_u2.c ****     }
1461:Core/Src/app_modbus_u2.c ****   }
1462:Core/Src/app_modbus_u2.c ****   __HAL_DMA_DISABLE_IT(ctx->hdma_usart2_rx, DMA_IT_HT);
1463:Core/Src/app_modbus_u2.c **** }
1464:Core/Src/app_modbus_u2.c **** 
1465:Core/Src/app_modbus_u2.c **** void AppModbusU2_OnError(const app_modbus_u2_ctx_t *ctx)
1466:Core/Src/app_modbus_u2.c **** {
1467:Core/Src/app_modbus_u2.c ****   HAL_StatusTypeDef rearm_ret;
1468:Core/Src/app_modbus_u2.c ****   if ((ctx == NULL) || (ctx->huart2 == NULL) || (ctx->hdma_usart2_rx == NULL) || (ctx->rx_dma_buf =
1469:Core/Src/app_modbus_u2.c ****   {
1470:Core/Src/app_modbus_u2.c ****     return;
1471:Core/Src/app_modbus_u2.c ****   }
1472:Core/Src/app_modbus_u2.c ****   s_modbus_uart_err_count++;
1473:Core/Src/app_modbus_u2.c ****   rearm_ret = AppModbusU2_StartRxDma(ctx);
1474:Core/Src/app_modbus_u2.c ****   if (rearm_ret != HAL_OK)
1475:Core/Src/app_modbus_u2.c ****   {
1476:Core/Src/app_modbus_u2.c ****     if (rearm_ret == HAL_BUSY)
1477:Core/Src/app_modbus_u2.c ****     {
ARM GAS  C:\Users\40918\AppData\Local\Temp\ccDNylh8.s 			page 28


1478:Core/Src/app_modbus_u2.c ****       s_modbus_rx_rearm_busy_count++;
1479:Core/Src/app_modbus_u2.c ****     }
1480:Core/Src/app_modbus_u2.c ****     else
1481:Core/Src/app_modbus_u2.c ****     {
1482:Core/Src/app_modbus_u2.c ****       s_modbus_rx_rearm_fail_count++;
1483:Core/Src/app_modbus_u2.c ****     }
1484:Core/Src/app_modbus_u2.c ****   }
1485:Core/Src/app_modbus_u2.c ****   __HAL_DMA_DISABLE_IT(ctx->hdma_usart2_rx, DMA_IT_HT);
1486:Core/Src/app_modbus_u2.c **** }
1487:Core/Src/app_modbus_u2.c **** 
1488:Core/Src/app_modbus_u2.c **** static void AppModbusU2_RecoverRxDma(const app_modbus_u2_ctx_t *ctx)
1489:Core/Src/app_modbus_u2.c **** {
1490:Core/Src/app_modbus_u2.c ****   HAL_StatusTypeDef rearm_ret;
1491:Core/Src/app_modbus_u2.c **** 
1492:Core/Src/app_modbus_u2.c ****   if ((ctx == NULL) || (ctx->huart2 == NULL) || (ctx->hdma_usart2_rx == NULL) || (ctx->rx_dma_buf =
1493:Core/Src/app_modbus_u2.c ****   {
1494:Core/Src/app_modbus_u2.c ****     return;
1495:Core/Src/app_modbus_u2.c ****   }
1496:Core/Src/app_modbus_u2.c **** 
1497:Core/Src/app_modbus_u2.c ****   s_modbus_rx_recover_count++;
1498:Core/Src/app_modbus_u2.c ****   (void)HAL_UART_AbortReceive(ctx->huart2);
1499:Core/Src/app_modbus_u2.c ****   rearm_ret = AppModbusU2_StartRxDma(ctx);
1500:Core/Src/app_modbus_u2.c ****   if (rearm_ret != HAL_OK)
1501:Core/Src/app_modbus_u2.c ****   {
1502:Core/Src/app_modbus_u2.c ****     if (rearm_ret == HAL_BUSY)
1503:Core/Src/app_modbus_u2.c ****     {
1504:Core/Src/app_modbus_u2.c ****       s_modbus_rx_rearm_busy_count++;
1505:Core/Src/app_modbus_u2.c ****     }
1506:Core/Src/app_modbus_u2.c ****     else
1507:Core/Src/app_modbus_u2.c ****     {
1508:Core/Src/app_modbus_u2.c ****       s_modbus_rx_rearm_fail_count++;
1509:Core/Src/app_modbus_u2.c ****       U2LOGE("[MODBUS-U2] rx recover rearm failed ret=%ld err=0x%08lX\r\n",
1510:Core/Src/app_modbus_u2.c ****              (long)rearm_ret,
1511:Core/Src/app_modbus_u2.c ****              (unsigned long)ctx->huart2->ErrorCode);
1512:Core/Src/app_modbus_u2.c ****     }
1513:Core/Src/app_modbus_u2.c ****   }
1514:Core/Src/app_modbus_u2.c ****   U2LOGE("[MODBUS-U2] rx recover ret=%ld recover=%lu state=0x%08lX err=0x%08lX\r\n",
1515:Core/Src/app_modbus_u2.c ****          (long)rearm_ret,
1516:Core/Src/app_modbus_u2.c ****          (unsigned long)s_modbus_rx_recover_count,
1517:Core/Src/app_modbus_u2.c ****          (unsigned long)HAL_UART_GetState(ctx->huart2),
1518:Core/Src/app_modbus_u2.c ****          (unsigned long)ctx->huart2->ErrorCode);
1519:Core/Src/app_modbus_u2.c ****   __HAL_DMA_DISABLE_IT(ctx->hdma_usart2_rx, DMA_IT_HT);
1520:Core/Src/app_modbus_u2.c **** }
1521:Core/Src/app_modbus_u2.c **** 
1522:Core/Src/app_modbus_u2.c **** void AppModbusU2_OnTxCplt(const app_modbus_u2_ctx_t *ctx)
1523:Core/Src/app_modbus_u2.c **** {
1524:Core/Src/app_modbus_u2.c ****   (void)ctx;
1525:Core/Src/app_modbus_u2.c ****   s_usart2_tx_done = 1U;
1526:Core/Src/app_modbus_u2.c **** #if MODBUS_U2_LOG_REQ_DETAIL
1527:Core/Src/app_modbus_u2.c ****   U2LOGI("[MODBUS-U2] tx complete\r\n");
1528:Core/Src/app_modbus_u2.c **** #endif
1529:Core/Src/app_modbus_u2.c **** }
1530:Core/Src/app_modbus_u2.c **** 
1531:Core/Src/app_modbus_u2.c **** void AppModbusU2_Process1Hz(const app_modbus_u2_ctx_t *ctx)
1532:Core/Src/app_modbus_u2.c **** {
1533:Core/Src/app_modbus_u2.c ****   modbus_read_resp_t resp;
1534:Core/Src/app_modbus_u2.c ****   uint16_t change_flags = 0U;
ARM GAS  C:\Users\40918\AppData\Local\Temp\ccDNylh8.s 			page 29


1535:Core/Src/app_modbus_u2.c ****   uint16_t rising_flags = 0U;
1536:Core/Src/app_modbus_u2.c ****   uint32_t i;
1537:Core/Src/app_modbus_u2.c ****   uint8_t write_all_ok;
1538:Core/Src/app_modbus_u2.c **** 
1539:Core/Src/app_modbus_u2.c ****   if (ctx == NULL)
1540:Core/Src/app_modbus_u2.c ****   {
1541:Core/Src/app_modbus_u2.c ****     return;
1542:Core/Src/app_modbus_u2.c ****   }
1543:Core/Src/app_modbus_u2.c **** 
1544:Core/Src/app_modbus_u2.c ****   U2LOGI("[MODBUS-U2] poll cycle start tick=%lu\r\n", (unsigned long)osKernelGetTickCount());
1545:Core/Src/app_modbus_u2.c ****   U2LOGI("[MODBUS-U2] isr stats rx_evt=%lu uart_err=%lu rearm_fail=%lu rearm_busy=%lu recover=%lu\r
1546:Core/Src/app_modbus_u2.c ****        (unsigned long)s_modbus_rx_event_count,
1547:Core/Src/app_modbus_u2.c ****        (unsigned long)s_modbus_uart_err_count,
1548:Core/Src/app_modbus_u2.c ****        (unsigned long)s_modbus_rx_rearm_fail_count,
1549:Core/Src/app_modbus_u2.c ****        (unsigned long)s_modbus_rx_rearm_busy_count,
1550:Core/Src/app_modbus_u2.c ****        (unsigned long)s_modbus_rx_recover_count);
1551:Core/Src/app_modbus_u2.c **** 
1552:Core/Src/app_modbus_u2.c ****   write_all_ok = AppModbusU2_Write07xx1Hz(ctx);
1553:Core/Src/app_modbus_u2.c **** 
1554:Core/Src/app_modbus_u2.c ****   if (AppModbusU2_SendAndWaitRead(ctx, s_status_poll_list[0].addr, s_status_poll_list[0].qty, &resp
1555:Core/Src/app_modbus_u2.c ****   {
1556:Core/Src/app_modbus_u2.c ****     AppModbusU2_UpdateCache(ctx, s_status_poll_list[0].addr, &resp);
1557:Core/Src/app_modbus_u2.c ****     change_flags = 0U;
1558:Core/Src/app_modbus_u2.c ****     for (i = 0U; i < (sizeof(s_flag_maps) / sizeof(s_flag_maps[0])); i++)
1559:Core/Src/app_modbus_u2.c ****     {
1560:Core/Src/app_modbus_u2.c ****       if ((resp.reg_count > s_flag_maps[i].reg_index) &&
1561:Core/Src/app_modbus_u2.c ****           (resp.regs[s_flag_maps[i].reg_index] != 0U))
1562:Core/Src/app_modbus_u2.c ****       {
1563:Core/Src/app_modbus_u2.c ****         change_flags |= s_flag_maps[i].flag_mask;
1564:Core/Src/app_modbus_u2.c ****       }
1565:Core/Src/app_modbus_u2.c ****     }
1566:Core/Src/app_modbus_u2.c **** 
1567:Core/Src/app_modbus_u2.c ****     U2LOGI("[MODBUS-U2] flags 0x0AF0..0x0AF2 = 0x%04X\r\n", (unsigned int)change_flags);
1568:Core/Src/app_modbus_u2.c ****     rising_flags = (uint16_t)(change_flags & (uint16_t)(~s_prev_change_flags));
1569:Core/Src/app_modbus_u2.c ****     s_prev_change_flags = change_flags;
1570:Core/Src/app_modbus_u2.c ****     U2LOGI("[MODBUS-U2] rising flags = 0x%04X\r\n", (unsigned int)rising_flags);
1571:Core/Src/app_modbus_u2.c **** 
1572:Core/Src/app_modbus_u2.c ****     if ((write_all_ok != 0U) && (rising_flags != 0U))
1573:Core/Src/app_modbus_u2.c ****     {
1574:Core/Src/app_modbus_u2.c ****       AppModbusU2_ProcessChangeFlags(ctx, rising_flags);
1575:Core/Src/app_modbus_u2.c ****     }
1576:Core/Src/app_modbus_u2.c **** 
1577:Core/Src/app_modbus_u2.c ****     if ((write_all_ok != 0U) && (change_flags != 0U))
1578:Core/Src/app_modbus_u2.c ****     {
1579:Core/Src/app_modbus_u2.c ****       AppModbusU2_ClearTriggerFlags(ctx);
1580:Core/Src/app_modbus_u2.c ****     }
1581:Core/Src/app_modbus_u2.c ****     else if (write_all_ok == 0U)
1582:Core/Src/app_modbus_u2.c ****     {
1583:Core/Src/app_modbus_u2.c ****       U2LOGE("[MODBUS-U2] skip trigger reads due to 0x07xx write timeout\r\n");
1584:Core/Src/app_modbus_u2.c ****     }
1585:Core/Src/app_modbus_u2.c ****   }
1586:Core/Src/app_modbus_u2.c **** 
1587:Core/Src/app_modbus_u2.c ****   if (ctx->evt_system_flags != NULL)
1588:Core/Src/app_modbus_u2.c ****   {
1589:Core/Src/app_modbus_u2.c ****     osEventFlagsSet(ctx->evt_system_flags, EVT_HEALTH_MODBUS);
1590:Core/Src/app_modbus_u2.c ****   }
1591:Core/Src/app_modbus_u2.c **** 
ARM GAS  C:\Users\40918\AppData\Local\Temp\ccDNylh8.s 			page 30


1592:Core/Src/app_modbus_u2.c ****   U2LOGI("[MODBUS-U2] poll cycle end ok=%lu fail=%lu timeout=%lu\r\n",
1593:Core/Src/app_modbus_u2.c ****        (unsigned long)((ctx->diag != NULL) ? ctx->diag->uart2_req_ok : 0U),
1594:Core/Src/app_modbus_u2.c ****        (unsigned long)((ctx->diag != NULL) ? ctx->diag->uart2_req_fail : 0U),
1595:Core/Src/app_modbus_u2.c ****        (unsigned long)((ctx->diag != NULL) ? ctx->diag->uart2_req_timeout : 0U));
1596:Core/Src/app_modbus_u2.c ****   U2LOGI("[MODBUS-U2] write07 ok=%lu timeout=%lu\r\n",
1597:Core/Src/app_modbus_u2.c ****        (unsigned long)s_modbus_write_ok_count,
1598:Core/Src/app_modbus_u2.c ****        (unsigned long)s_modbus_write_timeout_count);
1599:Core/Src/app_modbus_u2.c **** }
1600:Core/Src/app_modbus_u2.c **** static void AppModbusU2_WriteMappedValue(protocol_values_t *values,
1601:Core/Src/app_modbus_u2.c ****                                          const reg_meta_t *meta,
1602:Core/Src/app_modbus_u2.c ****                                          const uint16_t *regs)
1603:Core/Src/app_modbus_u2.c **** {
  66              		.loc 1 1603 1 is_stmt 1 view -0
  67              		.cfi_startproc
  68              		@ args = 0, pretend = 0, frame = 0
  69              		@ frame_needed = 0, uses_anonymous_args = 0
1604:Core/Src/app_modbus_u2.c ****   uint8_t *base;
  70              		.loc 1 1604 3 view .LVU13
1605:Core/Src/app_modbus_u2.c ****   uint32_t u32;
  71              		.loc 1 1605 3 view .LVU14
1606:Core/Src/app_modbus_u2.c ****   int32_t s32;
  72              		.loc 1 1606 3 view .LVU15
1607:Core/Src/app_modbus_u2.c ****   float f32;
  73              		.loc 1 1607 3 view .LVU16
1608:Core/Src/app_modbus_u2.c **** 
1609:Core/Src/app_modbus_u2.c ****   if ((values == NULL) || (meta == NULL) || (regs == NULL))
  74              		.loc 1 1609 3 view .LVU17
  75              		.loc 1 1609 6 is_stmt 0 view .LVU18
  76 0000 C0B1     		cbz	r0, .L11
  77 0002 0346     		mov	r3, r0
  78              		.loc 1 1609 24 discriminator 1 view .LVU19
  79 0004 B1B1     		cbz	r1, .L11
  80              		.loc 1 1609 42 discriminator 2 view .LVU20
  81 0006 AAB1     		cbz	r2, .L11
1610:Core/Src/app_modbus_u2.c ****   {
1611:Core/Src/app_modbus_u2.c ****     return;
1612:Core/Src/app_modbus_u2.c ****   }
1613:Core/Src/app_modbus_u2.c **** 
1614:Core/Src/app_modbus_u2.c ****   base = (uint8_t *)values + meta->value_offset;
  82              		.loc 1 1614 3 is_stmt 1 view .LVU21
  83              		.loc 1 1614 34 is_stmt 0 view .LVU22
  84 0008 8889     		ldrh	r0, [r1, #12]
  85              	.LVL4:
  86              		.loc 1 1614 8 view .LVU23
  87 000a 03EB000C 		add	ip, r3, r0
  88              	.LVL5:
1615:Core/Src/app_modbus_u2.c ****   if (meta->type == REG_TYPE_SHORT)
  89              		.loc 1 1615 3 is_stmt 1 view .LVU24
  90              		.loc 1 1615 11 is_stmt 0 view .LVU25
  91 000e 097A     		ldrb	r1, [r1, #8]	@ zero_extendqisi2
  92              	.LVL6:
  93              		.loc 1 1615 6 view .LVU26
  94 0010 11B9     		cbnz	r1, .L7
1616:Core/Src/app_modbus_u2.c ****   {
1617:Core/Src/app_modbus_u2.c ****     *(uint16_t *)base = regs[0];
  95              		.loc 1 1617 5 is_stmt 1 view .LVU27
  96              		.loc 1 1617 29 is_stmt 0 view .LVU28
ARM GAS  C:\Users\40918\AppData\Local\Temp\ccDNylh8.s 			page 31


  97 0012 1288     		ldrh	r2, [r2]
  98              	.LVL7:
  99              		.loc 1 1617 23 view .LVU29
 100 0014 1A52     		strh	r2, [r3, r0]	@ movhi
 101 0016 7047     		bx	lr
 102              	.LVL8:
 103              	.L7:
1603:Core/Src/app_modbus_u2.c ****   uint8_t *base;
 104              		.loc 1 1603 1 view .LVU30
 105 0018 00B5     		push	{lr}
 106              	.LCFI0:
 107              		.cfi_def_cfa_offset 4
 108              		.cfi_offset 14, -4
1618:Core/Src/app_modbus_u2.c ****   }
1619:Core/Src/app_modbus_u2.c ****   else
1620:Core/Src/app_modbus_u2.c ****   {
1621:Core/Src/app_modbus_u2.c ****     u32 = ((uint32_t)regs[1] << 16) | regs[0];
 109              		.loc 1 1621 5 is_stmt 1 view .LVU31
 110              		.loc 1 1621 26 is_stmt 0 view .LVU32
 111 001a B2F802E0 		ldrh	lr, [r2, #2]
 112              		.loc 1 1621 43 view .LVU33
 113 001e 1288     		ldrh	r2, [r2]
 114              	.LVL9:
 115              		.loc 1 1621 37 view .LVU34
 116 0020 42EA0E42 		orr	r2, r2, lr, lsl #16
 117              	.LVL10:
1622:Core/Src/app_modbus_u2.c ****     if (meta->type == REG_TYPE_INT32)
 118              		.loc 1 1622 5 is_stmt 1 view .LVU35
 119              		.loc 1 1622 8 is_stmt 0 view .LVU36
 120 0024 0129     		cmp	r1, #1
 121 0026 03D0     		beq	.L13
1623:Core/Src/app_modbus_u2.c ****     {
1624:Core/Src/app_modbus_u2.c ****       s32 = (int32_t)u32;
1625:Core/Src/app_modbus_u2.c ****       *(int32_t *)base = s32;
1626:Core/Src/app_modbus_u2.c ****     }
1627:Core/Src/app_modbus_u2.c ****     else
1628:Core/Src/app_modbus_u2.c ****     {
1629:Core/Src/app_modbus_u2.c ****       memcpy(&f32, &u32, sizeof(f32));
 122              		.loc 1 1629 7 is_stmt 1 view .LVU37
1630:Core/Src/app_modbus_u2.c ****       *(float *)base = f32;
 123              		.loc 1 1630 7 view .LVU38
 124              		.loc 1 1630 22 is_stmt 0 view .LVU39
 125 0028 CCF80020 		str	r2, [ip]	@ float
 126              	.L3:
1631:Core/Src/app_modbus_u2.c ****     }
1632:Core/Src/app_modbus_u2.c ****   }
1633:Core/Src/app_modbus_u2.c **** }
 127              		.loc 1 1633 1 view .LVU40
 128 002c 5DF804FB 		ldr	pc, [sp], #4
 129              	.L13:
1624:Core/Src/app_modbus_u2.c ****       *(int32_t *)base = s32;
 130              		.loc 1 1624 7 is_stmt 1 view .LVU41
 131              	.LVL11:
1625:Core/Src/app_modbus_u2.c ****     }
 132              		.loc 1 1625 7 view .LVU42
1625:Core/Src/app_modbus_u2.c ****     }
 133              		.loc 1 1625 24 is_stmt 0 view .LVU43
ARM GAS  C:\Users\40918\AppData\Local\Temp\ccDNylh8.s 			page 32


 134 0030 1A50     		str	r2, [r3, r0]
 135 0032 FBE7     		b	.L3
 136              	.LVL12:
 137              	.L11:
 138              	.LCFI1:
 139              		.cfi_def_cfa_offset 0
 140              		.cfi_restore 14
1625:Core/Src/app_modbus_u2.c ****     }
 141              		.loc 1 1625 24 view .LVU44
 142 0034 7047     		bx	lr
 143              		.cfi_endproc
 144              	.LFE266:
 146              		.section	.text.AppModbusU2_StartRxDma,"ax",%progbits
 147              		.align	1
 148              		.syntax unified
 149              		.thumb
 150              		.thumb_func
 152              	AppModbusU2_StartRxDma:
 153              	.LVL13:
 154              	.LFB259:
1316:Core/Src/app_modbus_u2.c ****   HAL_StatusTypeDef ret;
 155              		.loc 1 1316 1 is_stmt 1 view -0
 156              		.cfi_startproc
 157              		@ args = 0, pretend = 0, frame = 0
 158              		@ frame_needed = 0, uses_anonymous_args = 0
1317:Core/Src/app_modbus_u2.c **** 
 159              		.loc 1 1317 3 view .LVU46
1319:Core/Src/app_modbus_u2.c ****   {
 160              		.loc 1 1319 3 view .LVU47
1319:Core/Src/app_modbus_u2.c ****   {
 161              		.loc 1 1319 6 is_stmt 0 view .LVU48
 162 0000 A8B1     		cbz	r0, .L16
1316:Core/Src/app_modbus_u2.c ****   HAL_StatusTypeDef ret;
 163              		.loc 1 1316 1 view .LVU49
 164 0002 10B5     		push	{r4, lr}
 165              	.LCFI2:
 166              		.cfi_def_cfa_offset 8
 167              		.cfi_offset 4, -8
 168              		.cfi_offset 14, -4
 169 0004 0446     		mov	r4, r0
1319:Core/Src/app_modbus_u2.c ****   {
 170              		.loc 1 1319 28 discriminator 1 view .LVU50
 171 0006 0068     		ldr	r0, [r0]
 172              	.LVL14:
1319:Core/Src/app_modbus_u2.c ****   {
 173              		.loc 1 1319 21 discriminator 1 view .LVU51
 174 0008 98B1     		cbz	r0, .L17
1319:Core/Src/app_modbus_u2.c ****   {
 175              		.loc 1 1319 53 discriminator 2 view .LVU52
 176 000a 6368     		ldr	r3, [r4, #4]
1319:Core/Src/app_modbus_u2.c ****   {
 177              		.loc 1 1319 46 discriminator 2 view .LVU53
 178 000c 9BB1     		cbz	r3, .L18
1319:Core/Src/app_modbus_u2.c ****   {
 179              		.loc 1 1319 86 discriminator 3 view .LVU54
 180 000e A168     		ldr	r1, [r4, #8]
1319:Core/Src/app_modbus_u2.c ****   {
ARM GAS  C:\Users\40918\AppData\Local\Temp\ccDNylh8.s 			page 33


 181              		.loc 1 1319 79 discriminator 3 view .LVU55
 182 0010 99B1     		cbz	r1, .L19
1324:Core/Src/app_modbus_u2.c ****   ret = HAL_UARTEx_ReceiveToIdle_DMA(ctx->huart2, ctx->rx_dma_buf, ctx->rx_dma_size);
 183              		.loc 1 1324 3 is_stmt 1 view .LVU56
1324:Core/Src/app_modbus_u2.c ****   ret = HAL_UARTEx_ReceiveToIdle_DMA(ctx->huart2, ctx->rx_dma_buf, ctx->rx_dma_size);
 184              		.loc 1 1324 28 is_stmt 0 view .LVU57
 185 0012 0B4B     		ldr	r3, .L24
 186 0014 0022     		movs	r2, #0
 187 0016 1A80     		strh	r2, [r3]	@ movhi
1325:Core/Src/app_modbus_u2.c ****   if (ret == HAL_OK)
 188              		.loc 1 1325 3 is_stmt 1 view .LVU58
1325:Core/Src/app_modbus_u2.c ****   if (ret == HAL_OK)
 189              		.loc 1 1325 9 is_stmt 0 view .LVU59
 190 0018 A289     		ldrh	r2, [r4, #12]
 191 001a FFF7FEFF 		bl	HAL_UARTEx_ReceiveToIdle_DMA
 192              	.LVL15:
1326:Core/Src/app_modbus_u2.c ****   {
 193              		.loc 1 1326 3 is_stmt 1 view .LVU60
1326:Core/Src/app_modbus_u2.c ****   {
 194              		.loc 1 1326 6 is_stmt 0 view .LVU61
 195 001e 28B9     		cbnz	r0, .L15
1328:Core/Src/app_modbus_u2.c ****   }
 196              		.loc 1 1328 5 is_stmt 1 view .LVU62
 197 0020 6368     		ldr	r3, [r4, #4]
 198 0022 1A68     		ldr	r2, [r3]
 199 0024 1368     		ldr	r3, [r2]
 200 0026 23F00803 		bic	r3, r3, #8
 201 002a 1360     		str	r3, [r2]
 202              	.LVL16:
 203              	.L15:
1331:Core/Src/app_modbus_u2.c **** 
 204              		.loc 1 1331 1 is_stmt 0 view .LVU63
 205 002c 10BD     		pop	{r4, pc}
 206              	.LVL17:
 207              	.L16:
 208              	.LCFI3:
 209              		.cfi_def_cfa_offset 0
 210              		.cfi_restore 4
 211              		.cfi_restore 14
1321:Core/Src/app_modbus_u2.c ****   }
 212              		.loc 1 1321 12 view .LVU64
 213 002e 0120     		movs	r0, #1
 214              	.LVL18:
1331:Core/Src/app_modbus_u2.c **** 
 215              		.loc 1 1331 1 view .LVU65
 216 0030 7047     		bx	lr
 217              	.LVL19:
 218              	.L17:
 219              	.LCFI4:
 220              		.cfi_def_cfa_offset 8
 221              		.cfi_offset 4, -8
 222              		.cfi_offset 14, -4
1321:Core/Src/app_modbus_u2.c ****   }
 223              		.loc 1 1321 12 view .LVU66
 224 0032 0120     		movs	r0, #1
 225 0034 FAE7     		b	.L15
 226              	.L18:
ARM GAS  C:\Users\40918\AppData\Local\Temp\ccDNylh8.s 			page 34


 227 0036 0120     		movs	r0, #1
 228 0038 F8E7     		b	.L15
 229              	.L19:
 230 003a 0120     		movs	r0, #1
 231 003c F6E7     		b	.L15
 232              	.L25:
 233 003e 00BF     		.align	2
 234              	.L24:
 235 0040 00000000 		.word	s_modbus_rx_dma_last_pos
 236              		.cfi_endproc
 237              	.LFE259:
 239              		.section	.rodata.AppModbusU2_LogTimeoutDiag.str1.4,"aMS",%progbits,1
 240              		.align	2
 241              	.LC0:
 242 0000 727800   		.ascii	"rx\000"
 243 0003 00       		.align	2
 244              	.LC1:
 245 0004 5B4D4F44 		.ascii	"[MODBUS-U2] req#%lu %s timeout addr=0x%04X qty=%u r"
 245      4255532D 
 245      55325D20 
 245      72657123 
 245      256C7520 
 246 0037 785F6C65 		.ascii	"x_len=%u rx_evt=%lu uart_err=%lu rearm_fail=%lu rea"
 246      6E3D2575 
 246      2072785F 
 246      6576743D 
 246      256C7520 
 247 006a 726D5F62 		.ascii	"rm_busy=%lu recover=%lu state=0x%08lX err=0x%08lX\015"
 247      7573793D 
 247      256C7520 
 247      7265636F 
 247      7665723D 
 248 009c 0A00     		.ascii	"\012\000"
 249 009e 0000     		.align	2
 250              	.LC2:
 251 00a0 5B4D4F44 		.ascii	"[MODBUS-U2] rx-last tick=%lu size=%u prev=%u curr=%"
 251      4255532D 
 251      55325D20 
 251      72782D6C 
 251      61737420 
 252 00d3 75206368 		.ascii	"u chunk=%u put_ret=%ld put_ok=%lu put_fail=%lu\015\012"
 252      756E6B3D 
 252      25752070 
 252      75745F72 
 252      65743D25 
 253 0103 00       		.ascii	"\000"
 254              		.section	.text.AppModbusU2_LogTimeoutDiag,"ax",%progbits
 255              		.align	1
 256              		.syntax unified
 257              		.thumb
 258              		.thumb_func
 260              	AppModbusU2_LogTimeoutDiag:
 261              	.LVL20:
 262              	.LFB243:
 184:Core/Src/app_modbus_u2.c ****   uint32_t state = 0U;
 263              		.loc 1 184 1 is_stmt 1 view -0
 264              		.cfi_startproc
ARM GAS  C:\Users\40918\AppData\Local\Temp\ccDNylh8.s 			page 35


 265              		@ args = 8, pretend = 0, frame = 0
 266              		@ frame_needed = 0, uses_anonymous_args = 0
 184:Core/Src/app_modbus_u2.c ****   uint32_t state = 0U;
 267              		.loc 1 184 1 is_stmt 0 view .LVU68
 268 0000 F0B5     		push	{r4, r5, r6, r7, lr}
 269              	.LCFI5:
 270              		.cfi_def_cfa_offset 20
 271              		.cfi_offset 4, -20
 272              		.cfi_offset 5, -16
 273              		.cfi_offset 6, -12
 274              		.cfi_offset 7, -8
 275              		.cfi_offset 14, -4
 276 0002 8BB0     		sub	sp, sp, #44
 277              	.LCFI6:
 278              		.cfi_def_cfa_offset 64
 279 0004 0D46     		mov	r5, r1
 280 0006 1446     		mov	r4, r2
 281 0008 1E46     		mov	r6, r3
 185:Core/Src/app_modbus_u2.c ****   uint32_t err = 0U;
 282              		.loc 1 185 3 is_stmt 1 view .LVU69
 283              	.LVL21:
 186:Core/Src/app_modbus_u2.c **** 
 284              		.loc 1 186 3 view .LVU70
 188:Core/Src/app_modbus_u2.c ****   {
 285              		.loc 1 188 3 view .LVU71
 188:Core/Src/app_modbus_u2.c ****   {
 286              		.loc 1 188 6 is_stmt 0 view .LVU72
 287 000a 0028     		cmp	r0, #0
 288 000c 47D0     		beq	.L29
 289 000e 0746     		mov	r7, r0
 188:Core/Src/app_modbus_u2.c ****   {
 290              		.loc 1 188 28 discriminator 1 view .LVU73
 291 0010 0068     		ldr	r0, [r0]
 292              	.LVL22:
 188:Core/Src/app_modbus_u2.c ****   {
 293              		.loc 1 188 21 discriminator 1 view .LVU74
 294 0012 0028     		cmp	r0, #0
 295 0014 46D0     		beq	.L30
 190:Core/Src/app_modbus_u2.c ****     err = ctx->huart2->ErrorCode;
 296              		.loc 1 190 5 is_stmt 1 view .LVU75
 190:Core/Src/app_modbus_u2.c ****     err = ctx->huart2->ErrorCode;
 297              		.loc 1 190 23 is_stmt 0 view .LVU76
 298 0016 FFF7FEFF 		bl	HAL_UART_GetState
 299              	.LVL23:
 191:Core/Src/app_modbus_u2.c ****   }
 300              		.loc 1 191 5 is_stmt 1 view .LVU77
 191:Core/Src/app_modbus_u2.c ****   }
 301              		.loc 1 191 14 is_stmt 0 view .LVU78
 302 001a 3B68     		ldr	r3, [r7]
 191:Core/Src/app_modbus_u2.c ****   }
 303              		.loc 1 191 9 view .LVU79
 304 001c 5B6C     		ldr	r3, [r3, #68]
 305              	.LVL24:
 306              	.L27:
 194:Core/Src/app_modbus_u2.c ****          (unsigned long)req_id,
 307              		.loc 1 194 3 is_stmt 1 view .LVU80
 308 001e 002C     		cmp	r4, #0
ARM GAS  C:\Users\40918\AppData\Local\Temp\ccDNylh8.s 			page 36


 309 0020 43D0     		beq	.L33
 310              	.LVL25:
 311              	.L28:
 194:Core/Src/app_modbus_u2.c ****          (unsigned long)req_id,
 312              		.loc 1 194 3 is_stmt 0 discriminator 4 view .LVU81
 313 0022 234A     		ldr	r2, .L34
 314 0024 1268     		ldr	r2, [r2]
 315 0026 2349     		ldr	r1, .L34+4
 316 0028 0968     		ldr	r1, [r1]
 317 002a 234F     		ldr	r7, .L34+8
 318 002c 3F68     		ldr	r7, [r7]
 319 002e DFF8BCC0 		ldr	ip, .L34+60
 320 0032 DCF800C0 		ldr	ip, [ip]
 321 0036 0893     		str	r3, [sp, #32]
 322 0038 0790     		str	r0, [sp, #28]
 323 003a CDF818C0 		str	ip, [sp, #24]
 324 003e 0597     		str	r7, [sp, #20]
 325 0040 0491     		str	r1, [sp, #16]
 326 0042 0392     		str	r2, [sp, #12]
 327 0044 1D4B     		ldr	r3, .L34+12
 328              	.LVL26:
 194:Core/Src/app_modbus_u2.c ****          (unsigned long)req_id,
 329              		.loc 1 194 3 discriminator 4 view .LVU82
 330 0046 1B68     		ldr	r3, [r3]
 331 0048 0293     		str	r3, [sp, #8]
 332 004a BDF84430 		ldrh	r3, [sp, #68]
 333 004e 0193     		str	r3, [sp, #4]
 334 0050 BDF84030 		ldrh	r3, [sp, #64]
 335 0054 0093     		str	r3, [sp]
 336 0056 3346     		mov	r3, r6
 337 0058 2246     		mov	r2, r4
 338 005a 2946     		mov	r1, r5
 339 005c 1848     		ldr	r0, .L34+16
 340              	.LVL27:
 194:Core/Src/app_modbus_u2.c ****          (unsigned long)req_id,
 341              		.loc 1 194 3 discriminator 4 view .LVU83
 342 005e FFF7FEFF 		bl	printf
 343              	.LVL28:
 207:Core/Src/app_modbus_u2.c ****          (unsigned long)s_modbus_rx_last_tick,
 344              		.loc 1 207 3 is_stmt 1 view .LVU84
 345 0062 184B     		ldr	r3, .L34+20
 346 0064 1968     		ldr	r1, [r3]
 347 0066 184B     		ldr	r3, .L34+24
 348 0068 1A88     		ldrh	r2, [r3]
 349 006a 184B     		ldr	r3, .L34+28
 350 006c 1B88     		ldrh	r3, [r3]
 351 006e 1848     		ldr	r0, .L34+32
 352 0070 0088     		ldrh	r0, [r0]
 353 0072 80B2     		uxth	r0, r0
 354 0074 174C     		ldr	r4, .L34+36
 355 0076 2488     		ldrh	r4, [r4]
 356 0078 A4B2     		uxth	r4, r4
 357 007a 174D     		ldr	r5, .L34+40
 358              	.LVL29:
 207:Core/Src/app_modbus_u2.c ****          (unsigned long)s_modbus_rx_last_tick,
 359              		.loc 1 207 3 is_stmt 0 view .LVU85
 360 007c 2D68     		ldr	r5, [r5]
ARM GAS  C:\Users\40918\AppData\Local\Temp\ccDNylh8.s 			page 37


 361 007e 174E     		ldr	r6, .L34+44
 362              	.LVL30:
 207:Core/Src/app_modbus_u2.c ****          (unsigned long)s_modbus_rx_last_tick,
 363              		.loc 1 207 3 view .LVU86
 364 0080 3668     		ldr	r6, [r6]
 365 0082 174F     		ldr	r7, .L34+48
 366 0084 3F68     		ldr	r7, [r7]
 367 0086 0497     		str	r7, [sp, #16]
 368 0088 0396     		str	r6, [sp, #12]
 369 008a 0295     		str	r5, [sp, #8]
 370 008c 0194     		str	r4, [sp, #4]
 371 008e 0090     		str	r0, [sp]
 372 0090 9BB2     		uxth	r3, r3
 373 0092 92B2     		uxth	r2, r2
 374 0094 1348     		ldr	r0, .L34+52
 375 0096 FFF7FEFF 		bl	printf
 376              	.LVL31:
 216:Core/Src/app_modbus_u2.c **** 
 377              		.loc 1 216 1 view .LVU87
 378 009a 0BB0     		add	sp, sp, #44
 379              	.LCFI7:
 380              		.cfi_remember_state
 381              		.cfi_def_cfa_offset 20
 382              		@ sp needed
 383 009c F0BD     		pop	{r4, r5, r6, r7, pc}
 384              	.LVL32:
 385              	.L29:
 386              	.LCFI8:
 387              		.cfi_restore_state
 186:Core/Src/app_modbus_u2.c **** 
 388              		.loc 1 186 12 view .LVU88
 389 009e 0023     		movs	r3, #0
 390              	.LVL33:
 185:Core/Src/app_modbus_u2.c ****   uint32_t err = 0U;
 391              		.loc 1 185 12 view .LVU89
 392 00a0 1846     		mov	r0, r3
 393              	.LVL34:
 185:Core/Src/app_modbus_u2.c ****   uint32_t err = 0U;
 394              		.loc 1 185 12 view .LVU90
 395 00a2 BCE7     		b	.L27
 396              	.LVL35:
 397              	.L30:
 186:Core/Src/app_modbus_u2.c **** 
 398              		.loc 1 186 12 view .LVU91
 399 00a4 0023     		movs	r3, #0
 400              	.LVL36:
 185:Core/Src/app_modbus_u2.c ****   uint32_t err = 0U;
 401              		.loc 1 185 12 view .LVU92
 402 00a6 1846     		mov	r0, r3
 403 00a8 B9E7     		b	.L27
 404              	.LVL37:
 405              	.L33:
 194:Core/Src/app_modbus_u2.c ****          (unsigned long)req_id,
 406              		.loc 1 194 3 discriminator 2 view .LVU93
 407 00aa 0F4C     		ldr	r4, .L34+56
 408              	.LVL38:
 194:Core/Src/app_modbus_u2.c ****          (unsigned long)req_id,
ARM GAS  C:\Users\40918\AppData\Local\Temp\ccDNylh8.s 			page 38


 409              		.loc 1 194 3 discriminator 2 view .LVU94
 410 00ac B9E7     		b	.L28
 411              	.L35:
 412 00ae 00BF     		.align	2
 413              	.L34:
 414 00b0 00000000 		.word	s_modbus_uart_err_count
 415 00b4 00000000 		.word	s_modbus_rx_rearm_fail_count
 416 00b8 00000000 		.word	s_modbus_rx_rearm_busy_count
 417 00bc 00000000 		.word	s_modbus_rx_event_count
 418 00c0 04000000 		.word	.LC1
 419 00c4 00000000 		.word	s_modbus_rx_last_tick
 420 00c8 00000000 		.word	s_modbus_rx_last_size
 421 00cc 00000000 		.word	s_modbus_rx_last_prev_pos
 422 00d0 00000000 		.word	s_modbus_rx_last_curr_pos
 423 00d4 00000000 		.word	s_modbus_rx_last_chunk_len
 424 00d8 00000000 		.word	s_modbus_rx_last_put_ret
 425 00dc 00000000 		.word	s_modbus_rx_queue_put_ok_count
 426 00e0 00000000 		.word	s_modbus_rx_queue_put_fail_count
 427 00e4 A0000000 		.word	.LC2
 428 00e8 00000000 		.word	.LC0
 429 00ec 00000000 		.word	s_modbus_rx_recover_count
 430              		.cfi_endproc
 431              	.LFE243:
 433              		.section	.text.AppModbusU2_FloatToRegs,"ax",%progbits
 434              		.align	1
 435              		.syntax unified
 436              		.thumb
 437              		.thumb_func
 439              	AppModbusU2_FloatToRegs:
 440              	.LVL39:
 441              	.LFB250:
 825:Core/Src/app_modbus_u2.c ****   float value;
 442              		.loc 1 825 1 is_stmt 1 view -0
 443              		.cfi_startproc
 444              		@ args = 0, pretend = 0, frame = 0
 445              		@ frame_needed = 0, uses_anonymous_args = 0
 826:Core/Src/app_modbus_u2.c ****   uint32_t raw;
 446              		.loc 1 826 3 view .LVU96
 827:Core/Src/app_modbus_u2.c **** 
 447              		.loc 1 827 3 view .LVU97
 829:Core/Src/app_modbus_u2.c ****   {
 448              		.loc 1 829 3 view .LVU98
 829:Core/Src/app_modbus_u2.c ****   {
 449              		.loc 1 829 6 is_stmt 0 view .LVU99
 450 0000 D8B1     		cbz	r0, .L38
 825:Core/Src/app_modbus_u2.c ****   float value;
 451              		.loc 1 825 1 view .LVU100
 452 0002 70B5     		push	{r4, r5, r6, lr}
 453              	.LCFI9:
 454              		.cfi_def_cfa_offset 16
 455              		.cfi_offset 4, -16
 456              		.cfi_offset 5, -12
 457              		.cfi_offset 6, -8
 458              		.cfi_offset 14, -4
 459 0004 0E46     		mov	r6, r1
 460 0006 1546     		mov	r5, r2
 461 0008 0446     		mov	r4, r0
ARM GAS  C:\Users\40918\AppData\Local\Temp\ccDNylh8.s 			page 39


 829:Core/Src/app_modbus_u2.c ****   {
 462              		.loc 1 829 28 discriminator 1 view .LVU101
 463 000a C269     		ldr	r2, [r0, #28]
 464              	.LVL40:
 829:Core/Src/app_modbus_u2.c ****   {
 465              		.loc 1 829 21 discriminator 1 view .LVU102
 466 000c BAB1     		cbz	r2, .L39
 829:Core/Src/app_modbus_u2.c ****   {
 467              		.loc 1 829 55 discriminator 2 view .LVU103
 468 000e C5B1     		cbz	r5, .L40
 829:Core/Src/app_modbus_u2.c ****   {
 469              		.loc 1 829 77 discriminator 3 view .LVU104
 470 0010 012B     		cmp	r3, #1
 471 0012 18D9     		bls	.L41
 833:Core/Src/app_modbus_u2.c ****   {
 472              		.loc 1 833 3 is_stmt 1 view .LVU105
 833:Core/Src/app_modbus_u2.c ****   {
 473              		.loc 1 833 10 is_stmt 0 view .LVU106
 474 0014 4069     		ldr	r0, [r0, #20]
 475              	.LVL41:
 833:Core/Src/app_modbus_u2.c ****   {
 476              		.loc 1 833 6 view .LVU107
 477 0016 C0B1     		cbz	r0, .L42
 838:Core/Src/app_modbus_u2.c ****   {
 478              		.loc 1 838 3 is_stmt 1 view .LVU108
 838:Core/Src/app_modbus_u2.c ****   {
 479              		.loc 1 838 7 is_stmt 0 view .LVU109
 480 0018 0521     		movs	r1, #5
 481              	.LVL42:
 838:Core/Src/app_modbus_u2.c ****   {
 482              		.loc 1 838 7 view .LVU110
 483 001a FFF7FEFF 		bl	osMutexAcquire
 484              	.LVL43:
 838:Core/Src/app_modbus_u2.c ****   {
 485              		.loc 1 838 6 discriminator 1 view .LVU111
 486 001e 08B1     		cbz	r0, .L48
 840:Core/Src/app_modbus_u2.c ****   }
 487              		.loc 1 840 12 view .LVU112
 488 0020 0020     		movs	r0, #0
 489              	.LVL44:
 490              	.L37:
 849:Core/Src/app_modbus_u2.c **** 
 491              		.loc 1 849 1 view .LVU113
 492 0022 70BD     		pop	{r4, r5, r6, pc}
 493              	.LVL45:
 494              	.L48:
 842:Core/Src/app_modbus_u2.c ****   osMutexRelease(ctx->mtx_shared_data);
 495              		.loc 1 842 3 is_stmt 1 view .LVU114
 842:Core/Src/app_modbus_u2.c ****   osMutexRelease(ctx->mtx_shared_data);
 496              		.loc 1 842 36 is_stmt 0 view .LVU115
 497 0024 E369     		ldr	r3, [r4, #28]
 842:Core/Src/app_modbus_u2.c ****   osMutexRelease(ctx->mtx_shared_data);
 498              		.loc 1 842 12 view .LVU116
 499 0026 3344     		add	r3, r3, r6
 842:Core/Src/app_modbus_u2.c ****   osMutexRelease(ctx->mtx_shared_data);
 500              		.loc 1 842 11 view .LVU117
 501 0028 1E68     		ldr	r6, [r3]	@ float
ARM GAS  C:\Users\40918\AppData\Local\Temp\ccDNylh8.s 			page 40


 502              	.LVL46:
 843:Core/Src/app_modbus_u2.c **** 
 503              		.loc 1 843 3 is_stmt 1 view .LVU118
 504 002a 6069     		ldr	r0, [r4, #20]
 505 002c FFF7FEFF 		bl	osMutexRelease
 506              	.LVL47:
 845:Core/Src/app_modbus_u2.c ****   out_regs[0] = (uint16_t)(raw & 0xFFFFU);
 507              		.loc 1 845 3 view .LVU119
 846:Core/Src/app_modbus_u2.c ****   out_regs[1] = (uint16_t)(raw >> 16);
 508              		.loc 1 846 3 view .LVU120
 846:Core/Src/app_modbus_u2.c ****   out_regs[1] = (uint16_t)(raw >> 16);
 509              		.loc 1 846 15 is_stmt 0 view .LVU121
 510 0030 2E80     		strh	r6, [r5]	@ movhi
 847:Core/Src/app_modbus_u2.c ****   return 2U;
 511              		.loc 1 847 3 is_stmt 1 view .LVU122
 847:Core/Src/app_modbus_u2.c ****   return 2U;
 512              		.loc 1 847 17 is_stmt 0 view .LVU123
 513 0032 330C     		lsrs	r3, r6, #16
 847:Core/Src/app_modbus_u2.c ****   return 2U;
 514              		.loc 1 847 15 view .LVU124
 515 0034 6B80     		strh	r3, [r5, #2]	@ movhi
 848:Core/Src/app_modbus_u2.c **** }
 516              		.loc 1 848 3 is_stmt 1 view .LVU125
 848:Core/Src/app_modbus_u2.c **** }
 517              		.loc 1 848 10 is_stmt 0 view .LVU126
 518 0036 0220     		movs	r0, #2
 519 0038 F3E7     		b	.L37
 520              	.LVL48:
 521              	.L38:
 522              	.LCFI10:
 523              		.cfi_def_cfa_offset 0
 524              		.cfi_restore 4
 525              		.cfi_restore 5
 526              		.cfi_restore 6
 527              		.cfi_restore 14
 831:Core/Src/app_modbus_u2.c ****   }
 528              		.loc 1 831 12 view .LVU127
 529 003a 0020     		movs	r0, #0
 530              	.LVL49:
 849:Core/Src/app_modbus_u2.c **** 
 531              		.loc 1 849 1 view .LVU128
 532 003c 7047     		bx	lr
 533              	.LVL50:
 534              	.L39:
 535              	.LCFI11:
 536              		.cfi_def_cfa_offset 16
 537              		.cfi_offset 4, -16
 538              		.cfi_offset 5, -12
 539              		.cfi_offset 6, -8
 540              		.cfi_offset 14, -4
 831:Core/Src/app_modbus_u2.c ****   }
 541              		.loc 1 831 12 view .LVU129
 542 003e 0020     		movs	r0, #0
 543              	.LVL51:
 831:Core/Src/app_modbus_u2.c ****   }
 544              		.loc 1 831 12 view .LVU130
 545 0040 EFE7     		b	.L37
ARM GAS  C:\Users\40918\AppData\Local\Temp\ccDNylh8.s 			page 41


 546              	.LVL52:
 547              	.L40:
 831:Core/Src/app_modbus_u2.c ****   }
 548              		.loc 1 831 12 view .LVU131
 549 0042 0020     		movs	r0, #0
 550              	.LVL53:
 831:Core/Src/app_modbus_u2.c ****   }
 551              		.loc 1 831 12 view .LVU132
 552 0044 EDE7     		b	.L37
 553              	.LVL54:
 554              	.L41:
 831:Core/Src/app_modbus_u2.c ****   }
 555              		.loc 1 831 12 view .LVU133
 556 0046 0020     		movs	r0, #0
 557              	.LVL55:
 831:Core/Src/app_modbus_u2.c ****   }
 558              		.loc 1 831 12 view .LVU134
 559 0048 EBE7     		b	.L37
 560              	.L42:
 835:Core/Src/app_modbus_u2.c ****   }
 561              		.loc 1 835 12 view .LVU135
 562 004a 0020     		movs	r0, #0
 563 004c E9E7     		b	.L37
 564              		.cfi_endproc
 565              	.LFE250:
 567              		.section	.text.AppModbusU2_U16ToRegs,"ax",%progbits
 568              		.align	1
 569              		.syntax unified
 570              		.thumb
 571              		.thumb_func
 573              	AppModbusU2_U16ToRegs:
 574              	.LVL56:
 575              	.LFB251:
 855:Core/Src/app_modbus_u2.c ****   uint16_t value;
 576              		.loc 1 855 1 is_stmt 1 view -0
 577              		.cfi_startproc
 578              		@ args = 0, pretend = 0, frame = 0
 579              		@ frame_needed = 0, uses_anonymous_args = 0
 856:Core/Src/app_modbus_u2.c **** 
 580              		.loc 1 856 3 view .LVU137
 858:Core/Src/app_modbus_u2.c ****   {
 581              		.loc 1 858 3 view .LVU138
 858:Core/Src/app_modbus_u2.c ****   {
 582              		.loc 1 858 6 is_stmt 0 view .LVU139
 583 0000 B8B1     		cbz	r0, .L51
 855:Core/Src/app_modbus_u2.c ****   uint16_t value;
 584              		.loc 1 855 1 view .LVU140
 585 0002 70B5     		push	{r4, r5, r6, lr}
 586              	.LCFI12:
 587              		.cfi_def_cfa_offset 16
 588              		.cfi_offset 4, -16
 589              		.cfi_offset 5, -12
 590              		.cfi_offset 6, -8
 591              		.cfi_offset 14, -4
 592 0004 0E46     		mov	r6, r1
 593 0006 1546     		mov	r5, r2
 594 0008 0446     		mov	r4, r0
ARM GAS  C:\Users\40918\AppData\Local\Temp\ccDNylh8.s 			page 42


 858:Core/Src/app_modbus_u2.c ****   {
 595              		.loc 1 858 28 discriminator 1 view .LVU141
 596 000a C269     		ldr	r2, [r0, #28]
 597              	.LVL57:
 858:Core/Src/app_modbus_u2.c ****   {
 598              		.loc 1 858 21 discriminator 1 view .LVU142
 599 000c 9AB1     		cbz	r2, .L52
 858:Core/Src/app_modbus_u2.c ****   {
 600              		.loc 1 858 55 discriminator 2 view .LVU143
 601 000e A5B1     		cbz	r5, .L53
 858:Core/Src/app_modbus_u2.c ****   {
 602              		.loc 1 858 77 discriminator 3 view .LVU144
 603 0010 ABB1     		cbz	r3, .L54
 862:Core/Src/app_modbus_u2.c ****   {
 604              		.loc 1 862 3 is_stmt 1 view .LVU145
 862:Core/Src/app_modbus_u2.c ****   {
 605              		.loc 1 862 10 is_stmt 0 view .LVU146
 606 0012 4069     		ldr	r0, [r0, #20]
 607              	.LVL58:
 862:Core/Src/app_modbus_u2.c ****   {
 608              		.loc 1 862 6 view .LVU147
 609 0014 A8B1     		cbz	r0, .L55
 867:Core/Src/app_modbus_u2.c ****   {
 610              		.loc 1 867 3 is_stmt 1 view .LVU148
 867:Core/Src/app_modbus_u2.c ****   {
 611              		.loc 1 867 7 is_stmt 0 view .LVU149
 612 0016 0521     		movs	r1, #5
 613              	.LVL59:
 867:Core/Src/app_modbus_u2.c ****   {
 614              		.loc 1 867 7 view .LVU150
 615 0018 FFF7FEFF 		bl	osMutexAcquire
 616              	.LVL60:
 867:Core/Src/app_modbus_u2.c ****   {
 617              		.loc 1 867 6 discriminator 1 view .LVU151
 618 001c 08B1     		cbz	r0, .L61
 869:Core/Src/app_modbus_u2.c ****   }
 619              		.loc 1 869 12 view .LVU152
 620 001e 0020     		movs	r0, #0
 621 0020 0EE0     		b	.L50
 622              	.L61:
 871:Core/Src/app_modbus_u2.c ****   osMutexRelease(ctx->mtx_shared_data);
 623              		.loc 1 871 3 is_stmt 1 view .LVU153
 871:Core/Src/app_modbus_u2.c ****   osMutexRelease(ctx->mtx_shared_data);
 624              		.loc 1 871 39 is_stmt 0 view .LVU154
 625 0022 E369     		ldr	r3, [r4, #28]
 871:Core/Src/app_modbus_u2.c ****   osMutexRelease(ctx->mtx_shared_data);
 626              		.loc 1 871 9 view .LVU155
 627 0024 9E5B     		ldrh	r6, [r3, r6]
 628              	.LVL61:
 872:Core/Src/app_modbus_u2.c **** 
 629              		.loc 1 872 3 is_stmt 1 view .LVU156
 630 0026 6069     		ldr	r0, [r4, #20]
 631 0028 FFF7FEFF 		bl	osMutexRelease
 632              	.LVL62:
 874:Core/Src/app_modbus_u2.c ****   return 1U;
 633              		.loc 1 874 3 view .LVU157
 874:Core/Src/app_modbus_u2.c ****   return 1U;
ARM GAS  C:\Users\40918\AppData\Local\Temp\ccDNylh8.s 			page 43


 634              		.loc 1 874 15 is_stmt 0 view .LVU158
 635 002c 2E80     		strh	r6, [r5]	@ movhi
 875:Core/Src/app_modbus_u2.c **** }
 636              		.loc 1 875 3 is_stmt 1 view .LVU159
 875:Core/Src/app_modbus_u2.c **** }
 637              		.loc 1 875 10 is_stmt 0 view .LVU160
 638 002e 0120     		movs	r0, #1
 639 0030 06E0     		b	.L50
 640              	.LVL63:
 641              	.L51:
 642              	.LCFI13:
 643              		.cfi_def_cfa_offset 0
 644              		.cfi_restore 4
 645              		.cfi_restore 5
 646              		.cfi_restore 6
 647              		.cfi_restore 14
 860:Core/Src/app_modbus_u2.c ****   }
 648              		.loc 1 860 12 view .LVU161
 649 0032 0020     		movs	r0, #0
 650              	.LVL64:
 876:Core/Src/app_modbus_u2.c **** 
 651              		.loc 1 876 1 view .LVU162
 652 0034 7047     		bx	lr
 653              	.LVL65:
 654              	.L52:
 655              	.LCFI14:
 656              		.cfi_def_cfa_offset 16
 657              		.cfi_offset 4, -16
 658              		.cfi_offset 5, -12
 659              		.cfi_offset 6, -8
 660              		.cfi_offset 14, -4
 860:Core/Src/app_modbus_u2.c ****   }
 661              		.loc 1 860 12 view .LVU163
 662 0036 0020     		movs	r0, #0
 663              	.LVL66:
 860:Core/Src/app_modbus_u2.c ****   }
 664              		.loc 1 860 12 view .LVU164
 665 0038 02E0     		b	.L50
 666              	.LVL67:
 667              	.L53:
 860:Core/Src/app_modbus_u2.c ****   }
 668              		.loc 1 860 12 view .LVU165
 669 003a 0020     		movs	r0, #0
 670              	.LVL68:
 860:Core/Src/app_modbus_u2.c ****   }
 671              		.loc 1 860 12 view .LVU166
 672 003c 00E0     		b	.L50
 673              	.LVL69:
 674              	.L54:
 860:Core/Src/app_modbus_u2.c ****   }
 675              		.loc 1 860 12 view .LVU167
 676 003e 1846     		mov	r0, r3
 677              	.LVL70:
 678              	.L50:
 876:Core/Src/app_modbus_u2.c **** 
 679              		.loc 1 876 1 view .LVU168
 680 0040 70BD     		pop	{r4, r5, r6, pc}
ARM GAS  C:\Users\40918\AppData\Local\Temp\ccDNylh8.s 			page 44


 681              	.LVL71:
 682              	.L55:
 864:Core/Src/app_modbus_u2.c ****   }
 683              		.loc 1 864 12 view .LVU169
 684 0042 0020     		movs	r0, #0
 685 0044 FCE7     		b	.L50
 686              		.cfi_endproc
 687              	.LFE251:
 689              		.section	.text.AppModbusU2_ClearSentLowVoltageStates,"ax",%progbits
 690              		.align	1
 691              		.syntax unified
 692              		.thumb
 693              		.thumb_func
 695              	AppModbusU2_ClearSentLowVoltageStates:
 696              	.LVL72:
 697              	.LFB252:
 881:Core/Src/app_modbus_u2.c ****   uint16_t end_addr = (uint16_t)(start_addr + quantity);
 698              		.loc 1 881 1 is_stmt 1 view -0
 699              		.cfi_startproc
 700              		@ args = 0, pretend = 0, frame = 0
 701              		@ frame_needed = 0, uses_anonymous_args = 0
 882:Core/Src/app_modbus_u2.c **** 
 702              		.loc 1 882 3 view .LVU171
 882:Core/Src/app_modbus_u2.c **** 
 703              		.loc 1 882 12 is_stmt 0 view .LVU172
 704 0000 0A44     		add	r2, r2, r1
 705              	.LVL73:
 884:Core/Src/app_modbus_u2.c ****   {
 706              		.loc 1 884 3 is_stmt 1 view .LVU173
 884:Core/Src/app_modbus_u2.c ****   {
 707              		.loc 1 884 6 is_stmt 0 view .LVU174
 708 0002 28B3     		cbz	r0, .L67
 881:Core/Src/app_modbus_u2.c ****   uint16_t end_addr = (uint16_t)(start_addr + quantity);
 709              		.loc 1 881 1 view .LVU175
 710 0004 70B5     		push	{r4, r5, r6, lr}
 711              	.LCFI15:
 712              		.cfi_def_cfa_offset 16
 713              		.cfi_offset 4, -16
 714              		.cfi_offset 5, -12
 715              		.cfi_offset 6, -8
 716              		.cfi_offset 14, -4
 717 0006 0D46     		mov	r5, r1
 718 0008 94B2     		uxth	r4, r2
 719 000a 0646     		mov	r6, r0
 884:Core/Src/app_modbus_u2.c ****   {
 720              		.loc 1 884 28 discriminator 1 view .LVU176
 721 000c C369     		ldr	r3, [r0, #28]
 884:Core/Src/app_modbus_u2.c ****   {
 722              		.loc 1 884 21 discriminator 1 view .LVU177
 723 000e 43B1     		cbz	r3, .L62
 884:Core/Src/app_modbus_u2.c ****   {
 724              		.loc 1 884 62 discriminator 2 view .LVU178
 725 0010 4069     		ldr	r0, [r0, #20]
 726              	.LVL74:
 884:Core/Src/app_modbus_u2.c ****   {
 727              		.loc 1 884 55 discriminator 2 view .LVU179
 728 0012 30B1     		cbz	r0, .L62
ARM GAS  C:\Users\40918\AppData\Local\Temp\ccDNylh8.s 			page 45


 888:Core/Src/app_modbus_u2.c ****   {
 729              		.loc 1 888 3 is_stmt 1 view .LVU180
 888:Core/Src/app_modbus_u2.c ****   {
 730              		.loc 1 888 6 is_stmt 0 view .LVU181
 731 0014 40F2D973 		movw	r3, #2009
 732 0018 9942     		cmp	r1, r3
 733 001a 02D8     		bhi	.L62
 888:Core/Src/app_modbus_u2.c ****   {
 734              		.loc 1 888 30 discriminator 1 view .LVU182
 735 001c B4F5FB6F 		cmp	r4, #2008
 736 0020 00D8     		bhi	.L70
 737              	.LVL75:
 738              	.L62:
 905:Core/Src/app_modbus_u2.c **** 
 739              		.loc 1 905 1 view .LVU183
 740 0022 70BD     		pop	{r4, r5, r6, pc}
 741              	.LVL76:
 742              	.L70:
 893:Core/Src/app_modbus_u2.c ****   {
 743              		.loc 1 893 3 is_stmt 1 view .LVU184
 893:Core/Src/app_modbus_u2.c ****   {
 744              		.loc 1 893 7 is_stmt 0 view .LVU185
 745 0024 0521     		movs	r1, #5
 746              	.LVL77:
 893:Core/Src/app_modbus_u2.c ****   {
 747              		.loc 1 893 7 view .LVU186
 748 0026 FFF7FEFF 		bl	osMutexAcquire
 749              	.LVL78:
 893:Core/Src/app_modbus_u2.c ****   {
 750              		.loc 1 893 6 discriminator 1 view .LVU187
 751 002a 0028     		cmp	r0, #0
 752 002c F9D1     		bne	.L62
 895:Core/Src/app_modbus_u2.c ****     {
 753              		.loc 1 895 5 is_stmt 1 view .LVU188
 895:Core/Src/app_modbus_u2.c ****     {
 754              		.loc 1 895 8 is_stmt 0 view .LVU189
 755 002e B5F5FB6F 		cmp	r5, #2008
 756 0032 02D8     		bhi	.L64
 897:Core/Src/app_modbus_u2.c ****     }
 757              		.loc 1 897 7 is_stmt 1 view .LVU190
 897:Core/Src/app_modbus_u2.c ****     }
 758              		.loc 1 897 32 is_stmt 0 view .LVU191
 759 0034 F369     		ldr	r3, [r6, #28]
 897:Core/Src/app_modbus_u2.c ****     }
 760              		.loc 1 897 74 view .LVU192
 761 0036 0022     		movs	r2, #0
 762 0038 1A82     		strh	r2, [r3, #16]	@ movhi
 763              	.L64:
 899:Core/Src/app_modbus_u2.c ****     {
 764              		.loc 1 899 5 is_stmt 1 view .LVU193
 899:Core/Src/app_modbus_u2.c ****     {
 765              		.loc 1 899 33 is_stmt 0 discriminator 1 view .LVU194
 766 003a 40F2D973 		movw	r3, #2009
 767 003e 9C42     		cmp	r4, r3
 768 0040 02D9     		bls	.L65
 901:Core/Src/app_modbus_u2.c ****     }
 769              		.loc 1 901 7 is_stmt 1 view .LVU195
ARM GAS  C:\Users\40918\AppData\Local\Temp\ccDNylh8.s 			page 46


 901:Core/Src/app_modbus_u2.c ****     }
 770              		.loc 1 901 32 is_stmt 0 view .LVU196
 771 0042 F369     		ldr	r3, [r6, #28]
 901:Core/Src/app_modbus_u2.c ****     }
 772              		.loc 1 901 76 view .LVU197
 773 0044 0022     		movs	r2, #0
 774 0046 5A82     		strh	r2, [r3, #18]	@ movhi
 775              	.L65:
 903:Core/Src/app_modbus_u2.c ****   }
 776              		.loc 1 903 5 is_stmt 1 view .LVU198
 777 0048 7069     		ldr	r0, [r6, #20]
 778 004a FFF7FEFF 		bl	osMutexRelease
 779              	.LVL79:
 780 004e E8E7     		b	.L62
 781              	.LVL80:
 782              	.L67:
 783              	.LCFI16:
 784              		.cfi_def_cfa_offset 0
 785              		.cfi_restore 4
 786              		.cfi_restore 5
 787              		.cfi_restore 6
 788              		.cfi_restore 14
 903:Core/Src/app_modbus_u2.c ****   }
 789              		.loc 1 903 5 is_stmt 0 view .LVU199
 790 0050 7047     		bx	lr
 791              		.cfi_endproc
 792              	.LFE252:
 794              		.section	.text.AppModbusU2_StartResponseWindow,"ax",%progbits
 795              		.align	1
 796              		.syntax unified
 797              		.thumb
 798              		.thumb_func
 800              	AppModbusU2_StartResponseWindow:
 801              	.LVL81:
 802              	.LFB260:
1334:Core/Src/app_modbus_u2.c ****   modbus_event_msg_t rx_msg;
 803              		.loc 1 1334 1 is_stmt 1 view -0
 804              		.cfi_startproc
 805              		@ args = 0, pretend = 0, frame = 136
 806              		@ frame_needed = 0, uses_anonymous_args = 0
1335:Core/Src/app_modbus_u2.c **** 
 807              		.loc 1 1335 3 view .LVU201
1337:Core/Src/app_modbus_u2.c ****   {
 808              		.loc 1 1337 3 view .LVU202
1337:Core/Src/app_modbus_u2.c ****   {
 809              		.loc 1 1337 6 is_stmt 0 view .LVU203
 810 0000 E0B1     		cbz	r0, .L75
1334:Core/Src/app_modbus_u2.c ****   modbus_event_msg_t rx_msg;
 811              		.loc 1 1334 1 view .LVU204
 812 0002 10B5     		push	{r4, lr}
 813              	.LCFI17:
 814              		.cfi_def_cfa_offset 8
 815              		.cfi_offset 4, -8
 816              		.cfi_offset 14, -4
 817 0004 A2B0     		sub	sp, sp, #136
 818              	.LCFI18:
 819              		.cfi_def_cfa_offset 144
ARM GAS  C:\Users\40918\AppData\Local\Temp\ccDNylh8.s 			page 47


 820 0006 0446     		mov	r4, r0
1342:Core/Src/app_modbus_u2.c ****   {
 821              		.loc 1 1342 3 is_stmt 1 view .LVU205
1342:Core/Src/app_modbus_u2.c ****   {
 822              		.loc 1 1342 10 is_stmt 0 view .LVU206
 823 0008 0369     		ldr	r3, [r0, #16]
1342:Core/Src/app_modbus_u2.c ****   {
 824              		.loc 1 1342 6 view .LVU207
 825 000a 3BB1     		cbz	r3, .L73
 826              	.LVL82:
 827              	.L74:
1344:Core/Src/app_modbus_u2.c ****   }
 828              		.loc 1 1344 81 is_stmt 1 discriminator 1 view .LVU208
1344:Core/Src/app_modbus_u2.c ****   }
 829              		.loc 1 1344 71 discriminator 1 view .LVU209
1344:Core/Src/app_modbus_u2.c ****   }
 830              		.loc 1 1344 12 is_stmt 0 discriminator 1 view .LVU210
 831 000c 0023     		movs	r3, #0
 832 000e 1A46     		mov	r2, r3
 833 0010 6946     		mov	r1, sp
 834 0012 2069     		ldr	r0, [r4, #16]
 835 0014 FFF7FEFF 		bl	osMessageQueueGet
 836              	.LVL83:
1344:Core/Src/app_modbus_u2.c ****   }
 837              		.loc 1 1344 71 discriminator 1 view .LVU211
 838 0018 0028     		cmp	r0, #0
 839 001a F7D0     		beq	.L74
 840              	.L73:
1346:Core/Src/app_modbus_u2.c ****   s_modbus_rx_last_prev_pos = 0U;
 841              		.loc 1 1346 3 is_stmt 1 view .LVU212
1346:Core/Src/app_modbus_u2.c ****   s_modbus_rx_last_prev_pos = 0U;
 842              		.loc 1 1346 25 is_stmt 0 view .LVU213
 843 001c 0023     		movs	r3, #0
 844 001e 084A     		ldr	r2, .L80
 845 0020 1380     		strh	r3, [r2]	@ movhi
1347:Core/Src/app_modbus_u2.c ****   s_modbus_rx_last_curr_pos = 0U;
 846              		.loc 1 1347 3 is_stmt 1 view .LVU214
1347:Core/Src/app_modbus_u2.c ****   s_modbus_rx_last_curr_pos = 0U;
 847              		.loc 1 1347 29 is_stmt 0 view .LVU215
 848 0022 084A     		ldr	r2, .L80+4
 849 0024 1380     		strh	r3, [r2]	@ movhi
1348:Core/Src/app_modbus_u2.c ****   s_modbus_rx_last_chunk_len = 0U;
 850              		.loc 1 1348 3 is_stmt 1 view .LVU216
1348:Core/Src/app_modbus_u2.c ****   s_modbus_rx_last_chunk_len = 0U;
 851              		.loc 1 1348 29 is_stmt 0 view .LVU217
 852 0026 084A     		ldr	r2, .L80+8
 853 0028 1380     		strh	r3, [r2]	@ movhi
1349:Core/Src/app_modbus_u2.c ****   s_modbus_rx_last_put_ret = 0;
 854              		.loc 1 1349 3 is_stmt 1 view .LVU218
1349:Core/Src/app_modbus_u2.c ****   s_modbus_rx_last_put_ret = 0;
 855              		.loc 1 1349 30 is_stmt 0 view .LVU219
 856 002a 084A     		ldr	r2, .L80+12
 857 002c 1380     		strh	r3, [r2]	@ movhi
1350:Core/Src/app_modbus_u2.c ****   return AppModbusU2_StartRxDma(ctx);
 858              		.loc 1 1350 3 is_stmt 1 view .LVU220
1350:Core/Src/app_modbus_u2.c ****   return AppModbusU2_StartRxDma(ctx);
 859              		.loc 1 1350 28 is_stmt 0 view .LVU221
ARM GAS  C:\Users\40918\AppData\Local\Temp\ccDNylh8.s 			page 48


 860 002e 084A     		ldr	r2, .L80+16
 861 0030 1360     		str	r3, [r2]
1351:Core/Src/app_modbus_u2.c **** }
 862              		.loc 1 1351 3 is_stmt 1 view .LVU222
1351:Core/Src/app_modbus_u2.c **** }
 863              		.loc 1 1351 10 is_stmt 0 view .LVU223
 864 0032 2046     		mov	r0, r4
 865 0034 FFF7FEFF 		bl	AppModbusU2_StartRxDma
 866              	.LVL84:
1352:Core/Src/app_modbus_u2.c **** 
 867              		.loc 1 1352 1 view .LVU224
 868 0038 22B0     		add	sp, sp, #136
 869              	.LCFI19:
 870              		.cfi_def_cfa_offset 8
 871              		@ sp needed
 872 003a 10BD     		pop	{r4, pc}
 873              	.LVL85:
 874              	.L75:
 875              	.LCFI20:
 876              		.cfi_def_cfa_offset 0
 877              		.cfi_restore 4
 878              		.cfi_restore 14
1339:Core/Src/app_modbus_u2.c ****   }
 879              		.loc 1 1339 12 view .LVU225
 880 003c 0120     		movs	r0, #1
 881              	.LVL86:
1352:Core/Src/app_modbus_u2.c **** 
 882              		.loc 1 1352 1 view .LVU226
 883 003e 7047     		bx	lr
 884              	.L81:
 885              		.align	2
 886              	.L80:
 887 0040 00000000 		.word	s_modbus_rx_last_size
 888 0044 00000000 		.word	s_modbus_rx_last_prev_pos
 889 0048 00000000 		.word	s_modbus_rx_last_curr_pos
 890 004c 00000000 		.word	s_modbus_rx_last_chunk_len
 891 0050 00000000 		.word	s_modbus_rx_last_put_ret
 892              		.cfi_endproc
 893              	.LFE260:
 895              		.section	.text.AppModbusU2_BuildWriteMultiple,"ax",%progbits
 896              		.align	1
 897              		.syntax unified
 898              		.thumb
 899              		.thumb_func
 901              	AppModbusU2_BuildWriteMultiple:
 902              	.LVL87:
 903              	.LFB245:
 287:Core/Src/app_modbus_u2.c ****   uint16_t i;
 904              		.loc 1 287 1 is_stmt 1 view -0
 905              		.cfi_startproc
 906              		@ args = 8, pretend = 0, frame = 0
 907              		@ frame_needed = 0, uses_anonymous_args = 0
 287:Core/Src/app_modbus_u2.c ****   uint16_t i;
 908              		.loc 1 287 1 is_stmt 0 view .LVU228
 909 0000 F8B5     		push	{r3, r4, r5, r6, r7, lr}
 910              	.LCFI21:
 911              		.cfi_def_cfa_offset 24
ARM GAS  C:\Users\40918\AppData\Local\Temp\ccDNylh8.s 			page 49


 912              		.cfi_offset 3, -24
 913              		.cfi_offset 4, -20
 914              		.cfi_offset 5, -16
 915              		.cfi_offset 6, -12
 916              		.cfi_offset 7, -8
 917              		.cfi_offset 14, -4
 918 0002 069C     		ldr	r4, [sp, #24]
 288:Core/Src/app_modbus_u2.c ****   uint16_t crc;
 919              		.loc 1 288 3 is_stmt 1 view .LVU229
 289:Core/Src/app_modbus_u2.c ****   uint16_t data_bytes;
 920              		.loc 1 289 3 view .LVU230
 290:Core/Src/app_modbus_u2.c **** 
 921              		.loc 1 290 3 view .LVU231
 292:Core/Src/app_modbus_u2.c ****   {
 922              		.loc 1 292 3 view .LVU232
 292:Core/Src/app_modbus_u2.c ****   {
 923              		.loc 1 292 6 is_stmt 0 view .LVU233
 924 0004 C8B3     		cbz	r0, .L86
 925 0006 8446     		mov	ip, r0
 292:Core/Src/app_modbus_u2.c ****   {
 926              		.loc 1 292 21 discriminator 1 view .LVU234
 927 0008 CBB3     		cbz	r3, .L87
 292:Core/Src/app_modbus_u2.c ****   {
 928              		.loc 1 292 39 discriminator 2 view .LVU235
 929 000a D4B3     		cbz	r4, .L88
 297:Core/Src/app_modbus_u2.c ****   if (quantity == 0U)
 930              		.loc 1 297 3 is_stmt 1 view .LVU236
 297:Core/Src/app_modbus_u2.c ****   if (quantity == 0U)
 931              		.loc 1 297 14 is_stmt 0 view .LVU237
 932 000c 5500     		lsls	r5, r2, #1
 933 000e ADB2     		uxth	r5, r5
 934              	.LVL88:
 298:Core/Src/app_modbus_u2.c ****   {
 935              		.loc 1 298 3 is_stmt 1 view .LVU238
 298:Core/Src/app_modbus_u2.c ****   {
 936              		.loc 1 298 6 is_stmt 0 view .LVU239
 937 0010 CAB3     		cbz	r2, .L89
 302:Core/Src/app_modbus_u2.c ****   {
 938              		.loc 1 302 3 is_stmt 1 view .LVU240
 302:Core/Src/app_modbus_u2.c ****   {
 939              		.loc 1 302 18 is_stmt 0 view .LVU241
 940 0012 05F10906 		add	r6, r5, #9
 941 0016 B6B2     		uxth	r6, r6
 302:Core/Src/app_modbus_u2.c ****   {
 942              		.loc 1 302 6 view .LVU242
 943 0018 BDF81C00 		ldrh	r0, [sp, #28]
 944              	.LVL89:
 302:Core/Src/app_modbus_u2.c ****   {
 945              		.loc 1 302 6 view .LVU243
 946 001c 8642     		cmp	r6, r0
 947 001e 34D8     		bhi	.L90
 307:Core/Src/app_modbus_u2.c ****   out[1] = 0x10U;
 948              		.loc 1 307 3 is_stmt 1 view .LVU244
 307:Core/Src/app_modbus_u2.c ****   out[1] = 0x10U;
 949              		.loc 1 307 15 is_stmt 0 view .LVU245
 950 0020 9CF82400 		ldrb	r0, [ip, #36]	@ zero_extendqisi2
 307:Core/Src/app_modbus_u2.c ****   out[1] = 0x10U;
ARM GAS  C:\Users\40918\AppData\Local\Temp\ccDNylh8.s 			page 50


 951              		.loc 1 307 10 view .LVU246
 952 0024 2070     		strb	r0, [r4]
 308:Core/Src/app_modbus_u2.c ****   out[2] = (uint8_t)(start_addr >> 8);
 953              		.loc 1 308 3 is_stmt 1 view .LVU247
 308:Core/Src/app_modbus_u2.c ****   out[2] = (uint8_t)(start_addr >> 8);
 954              		.loc 1 308 10 is_stmt 0 view .LVU248
 955 0026 1020     		movs	r0, #16
 956 0028 6070     		strb	r0, [r4, #1]
 309:Core/Src/app_modbus_u2.c ****   out[3] = (uint8_t)(start_addr & 0xFFU);
 957              		.loc 1 309 3 is_stmt 1 view .LVU249
 309:Core/Src/app_modbus_u2.c ****   out[3] = (uint8_t)(start_addr & 0xFFU);
 958              		.loc 1 309 12 is_stmt 0 view .LVU250
 959 002a 080A     		lsrs	r0, r1, #8
 309:Core/Src/app_modbus_u2.c ****   out[3] = (uint8_t)(start_addr & 0xFFU);
 960              		.loc 1 309 10 view .LVU251
 961 002c A070     		strb	r0, [r4, #2]
 310:Core/Src/app_modbus_u2.c ****   out[4] = (uint8_t)(quantity >> 8);
 962              		.loc 1 310 3 is_stmt 1 view .LVU252
 310:Core/Src/app_modbus_u2.c ****   out[4] = (uint8_t)(quantity >> 8);
 963              		.loc 1 310 10 is_stmt 0 view .LVU253
 964 002e E170     		strb	r1, [r4, #3]
 311:Core/Src/app_modbus_u2.c ****   out[5] = (uint8_t)(quantity & 0xFFU);
 965              		.loc 1 311 3 is_stmt 1 view .LVU254
 311:Core/Src/app_modbus_u2.c ****   out[5] = (uint8_t)(quantity & 0xFFU);
 966              		.loc 1 311 12 is_stmt 0 view .LVU255
 967 0030 110A     		lsrs	r1, r2, #8
 968              	.LVL90:
 311:Core/Src/app_modbus_u2.c ****   out[5] = (uint8_t)(quantity & 0xFFU);
 969              		.loc 1 311 10 view .LVU256
 970 0032 2171     		strb	r1, [r4, #4]
 312:Core/Src/app_modbus_u2.c ****   out[6] = (uint8_t)data_bytes;
 971              		.loc 1 312 3 is_stmt 1 view .LVU257
 312:Core/Src/app_modbus_u2.c ****   out[6] = (uint8_t)data_bytes;
 972              		.loc 1 312 10 is_stmt 0 view .LVU258
 973 0034 6271     		strb	r2, [r4, #5]
 313:Core/Src/app_modbus_u2.c ****   for (i = 0U; i < quantity; i++)
 974              		.loc 1 313 3 is_stmt 1 view .LVU259
 313:Core/Src/app_modbus_u2.c ****   for (i = 0U; i < quantity; i++)
 975              		.loc 1 313 10 is_stmt 0 view .LVU260
 976 0036 A571     		strb	r5, [r4, #6]
 314:Core/Src/app_modbus_u2.c ****   {
 977              		.loc 1 314 3 is_stmt 1 view .LVU261
 978              	.LVL91:
 314:Core/Src/app_modbus_u2.c ****   {
 979              		.loc 1 314 10 is_stmt 0 view .LVU262
 980 0038 0021     		movs	r1, #0
 314:Core/Src/app_modbus_u2.c ****   {
 981              		.loc 1 314 3 view .LVU263
 982 003a 10E0     		b	.L84
 983              	.LVL92:
 984              	.L85:
 316:Core/Src/app_modbus_u2.c ****     out[8U + (2U * i)] = (uint8_t)(regs[i] & 0xFFU);
 985              		.loc 1 316 5 is_stmt 1 view .LVU264
 316:Core/Src/app_modbus_u2.c ****     out[8U + (2U * i)] = (uint8_t)(regs[i] & 0xFFU);
 986              		.loc 1 316 40 is_stmt 0 view .LVU265
 987 003c 4FEA410C 		lsl	ip, r1, #1
 988 0040 33F811E0 		ldrh	lr, [r3, r1, lsl #1]
ARM GAS  C:\Users\40918\AppData\Local\Temp\ccDNylh8.s 			page 51


 316:Core/Src/app_modbus_u2.c ****     out[8U + (2U * i)] = (uint8_t)(regs[i] & 0xFFU);
 989              		.loc 1 316 12 view .LVU266
 990 0044 0CF1070C 		add	ip, ip, #7
 316:Core/Src/app_modbus_u2.c ****     out[8U + (2U * i)] = (uint8_t)(regs[i] & 0xFFU);
 991              		.loc 1 316 26 view .LVU267
 992 0048 4FEA1E2E 		lsr	lr, lr, #8
 316:Core/Src/app_modbus_u2.c ****     out[8U + (2U * i)] = (uint8_t)(regs[i] & 0xFFU);
 993              		.loc 1 316 24 view .LVU268
 994 004c 04F80CE0 		strb	lr, [r4, ip]
 317:Core/Src/app_modbus_u2.c ****   }
 995              		.loc 1 317 5 is_stmt 1 view .LVU269
 317:Core/Src/app_modbus_u2.c ****   }
 996              		.loc 1 317 12 is_stmt 0 view .LVU270
 997 0050 081D     		adds	r0, r1, #4
 317:Core/Src/app_modbus_u2.c ****   }
 998              		.loc 1 317 26 view .LVU271
 999 0052 13F811C0 		ldrb	ip, [r3, r1, lsl #1]	@ zero_extendqisi2
 317:Core/Src/app_modbus_u2.c ****   }
 1000              		.loc 1 317 24 view .LVU272
 1001 0056 04F810C0 		strb	ip, [r4, r0, lsl #1]
 314:Core/Src/app_modbus_u2.c ****   {
 1002              		.loc 1 314 31 is_stmt 1 discriminator 3 view .LVU273
 1003 005a 0131     		adds	r1, r1, #1
 1004              	.LVL93:
 314:Core/Src/app_modbus_u2.c ****   {
 1005              		.loc 1 314 31 is_stmt 0 discriminator 3 view .LVU274
 1006 005c 89B2     		uxth	r1, r1
 1007              	.LVL94:
 1008              	.L84:
 314:Core/Src/app_modbus_u2.c ****   {
 1009              		.loc 1 314 18 is_stmt 1 discriminator 1 view .LVU275
 1010 005e 9142     		cmp	r1, r2
 1011 0060 ECD3     		bcc	.L85
 320:Core/Src/app_modbus_u2.c ****   out[7U + data_bytes] = (uint8_t)(crc & 0xFFU);
 1012              		.loc 1 320 3 view .LVU276
 320:Core/Src/app_modbus_u2.c ****   out[7U + data_bytes] = (uint8_t)(crc & 0xFFU);
 1013              		.loc 1 320 9 is_stmt 0 view .LVU277
 1014 0062 EF1D     		adds	r7, r5, #7
 1015 0064 B9B2     		uxth	r1, r7
 1016              	.LVL95:
 320:Core/Src/app_modbus_u2.c ****   out[7U + data_bytes] = (uint8_t)(crc & 0xFFU);
 1017              		.loc 1 320 9 view .LVU278
 1018 0066 2046     		mov	r0, r4
 1019 0068 FFF7FEFF 		bl	ModbusMaster_Crc16
 1020              	.LVL96:
 321:Core/Src/app_modbus_u2.c ****   out[8U + data_bytes] = (uint8_t)(crc >> 8);
 1021              		.loc 1 321 3 is_stmt 1 view .LVU279
 321:Core/Src/app_modbus_u2.c ****   out[8U + data_bytes] = (uint8_t)(crc >> 8);
 1022              		.loc 1 321 24 is_stmt 0 view .LVU280
 1023 006c E055     		strb	r0, [r4, r7]
 322:Core/Src/app_modbus_u2.c ****   return (uint16_t)(9U + data_bytes);
 1024              		.loc 1 322 3 is_stmt 1 view .LVU281
 322:Core/Src/app_modbus_u2.c ****   return (uint16_t)(9U + data_bytes);
 1025              		.loc 1 322 10 is_stmt 0 view .LVU282
 1026 006e 0835     		adds	r5, r5, #8
 1027              	.LVL97:
 322:Core/Src/app_modbus_u2.c ****   return (uint16_t)(9U + data_bytes);
ARM GAS  C:\Users\40918\AppData\Local\Temp\ccDNylh8.s 			page 52


 1028              		.loc 1 322 26 view .LVU283
 1029 0070 C0F30720 		ubfx	r0, r0, #8, #8
 1030              	.LVL98:
 322:Core/Src/app_modbus_u2.c ****   return (uint16_t)(9U + data_bytes);
 1031              		.loc 1 322 24 view .LVU284
 1032 0074 6055     		strb	r0, [r4, r5]
 323:Core/Src/app_modbus_u2.c **** }
 1033              		.loc 1 323 3 is_stmt 1 view .LVU285
 1034              	.LVL99:
 1035              	.L83:
 324:Core/Src/app_modbus_u2.c **** 
 1036              		.loc 1 324 1 is_stmt 0 view .LVU286
 1037 0076 3046     		mov	r0, r6
 1038 0078 F8BD     		pop	{r3, r4, r5, r6, r7, pc}
 1039              	.LVL100:
 1040              	.L86:
 294:Core/Src/app_modbus_u2.c ****   }
 1041              		.loc 1 294 12 view .LVU287
 1042 007a 0026     		movs	r6, #0
 1043 007c FBE7     		b	.L83
 1044              	.L87:
 294:Core/Src/app_modbus_u2.c ****   }
 1045              		.loc 1 294 12 view .LVU288
 1046 007e 0026     		movs	r6, #0
 1047 0080 F9E7     		b	.L83
 1048              	.L88:
 1049 0082 0026     		movs	r6, #0
 1050 0084 F7E7     		b	.L83
 1051              	.LVL101:
 1052              	.L89:
 300:Core/Src/app_modbus_u2.c ****   }
 1053              		.loc 1 300 12 view .LVU289
 1054 0086 1646     		mov	r6, r2
 1055 0088 F5E7     		b	.L83
 1056              	.LVL102:
 1057              	.L90:
 304:Core/Src/app_modbus_u2.c ****   }
 1058              		.loc 1 304 12 view .LVU290
 1059 008a 0026     		movs	r6, #0
 1060 008c F3E7     		b	.L83
 1061              		.cfi_endproc
 1062              	.LFE245:
 1064              		.section	.text.AppModbusU2_ParseWriteAckFromStream,"ax",%progbits
 1065              		.align	1
 1066              		.syntax unified
 1067              		.thumb
 1068              		.thumb_func
 1070              	AppModbusU2_ParseWriteAckFromStream:
 1071              	.LVL103:
 1072              	.LFB246:
 331:Core/Src/app_modbus_u2.c ****   uint16_t i;
 1073              		.loc 1 331 1 is_stmt 1 view -0
 1074              		.cfi_startproc
 1075              		@ args = 4, pretend = 0, frame = 0
 1076              		@ frame_needed = 0, uses_anonymous_args = 0
 331:Core/Src/app_modbus_u2.c ****   uint16_t i;
 1077              		.loc 1 331 1 is_stmt 0 view .LVU292
ARM GAS  C:\Users\40918\AppData\Local\Temp\ccDNylh8.s 			page 53


 1078 0000 2DE9F047 		push	{r4, r5, r6, r7, r8, r9, r10, lr}
 1079              	.LCFI22:
 1080              		.cfi_def_cfa_offset 32
 1081              		.cfi_offset 4, -32
 1082              		.cfi_offset 5, -28
 1083              		.cfi_offset 6, -24
 1084              		.cfi_offset 7, -20
 1085              		.cfi_offset 8, -16
 1086              		.cfi_offset 9, -12
 1087              		.cfi_offset 10, -8
 1088              		.cfi_offset 14, -4
 1089 0004 BDF82090 		ldrh	r9, [sp, #32]
 332:Core/Src/app_modbus_u2.c ****   uint16_t crc_calc;
 1090              		.loc 1 332 3 is_stmt 1 view .LVU293
 333:Core/Src/app_modbus_u2.c ****   uint16_t crc_rx;
 1091              		.loc 1 333 3 view .LVU294
 334:Core/Src/app_modbus_u2.c **** 
 1092              		.loc 1 334 3 view .LVU295
 336:Core/Src/app_modbus_u2.c ****   {
 1093              		.loc 1 336 3 view .LVU296
 336:Core/Src/app_modbus_u2.c ****   {
 1094              		.loc 1 336 6 is_stmt 0 view .LVU297
 1095 0008 0028     		cmp	r0, #0
 1096 000a 39D0     		beq	.L97
 1097 000c 0E46     		mov	r6, r1
 1098 000e 1746     		mov	r7, r2
 1099 0010 9846     		mov	r8, r3
 1100 0012 0546     		mov	r5, r0
 336:Core/Src/app_modbus_u2.c ****   {
 1101              		.loc 1 336 21 discriminator 1 view .LVU298
 1102 0014 0729     		cmp	r1, #7
 1103 0016 35D9     		bls	.L98
 341:Core/Src/app_modbus_u2.c ****   {
 1104              		.loc 1 341 10 view .LVU299
 1105 0018 0024     		movs	r4, #0
 1106 001a 01E0     		b	.L94
 1107              	.LVL104:
 1108              	.L95:
 341:Core/Src/app_modbus_u2.c ****   {
 1109              		.loc 1 341 44 is_stmt 1 discriminator 2 view .LVU300
 1110 001c 0134     		adds	r4, r4, #1
 1111              	.LVL105:
 341:Core/Src/app_modbus_u2.c ****   {
 1112              		.loc 1 341 44 is_stmt 0 discriminator 2 view .LVU301
 1113 001e A4B2     		uxth	r4, r4
 1114              	.LVL106:
 1115              	.L94:
 341:Core/Src/app_modbus_u2.c ****   {
 1116              		.loc 1 341 35 is_stmt 1 discriminator 1 view .LVU302
 341:Core/Src/app_modbus_u2.c ****   {
 1117              		.loc 1 341 16 is_stmt 0 discriminator 1 view .LVU303
 1118 0020 04F10800 		add	r0, r4, #8
 1119 0024 80B2     		uxth	r0, r0
 341:Core/Src/app_modbus_u2.c ****   {
 1120              		.loc 1 341 35 discriminator 1 view .LVU304
 1121 0026 B042     		cmp	r0, r6
 1122 0028 27D8     		bhi	.L101
ARM GAS  C:\Users\40918\AppData\Local\Temp\ccDNylh8.s 			page 54


 343:Core/Src/app_modbus_u2.c ****         (buf[i + 1U] != 0x10U) ||
 1123              		.loc 1 343 5 is_stmt 1 view .LVU305
 343:Core/Src/app_modbus_u2.c ****         (buf[i + 1U] != 0x10U) ||
 1124              		.loc 1 343 13 is_stmt 0 view .LVU306
 1125 002a A246     		mov	r10, r4
 1126 002c 2819     		adds	r0, r5, r4
 1127 002e 2B5D     		ldrb	r3, [r5, r4]	@ zero_extendqisi2
 343:Core/Src/app_modbus_u2.c ****         (buf[i + 1U] != 0x10U) ||
 1128              		.loc 1 343 8 view .LVU307
 1129 0030 BB42     		cmp	r3, r7
 1130 0032 F3D1     		bne	.L95
 344:Core/Src/app_modbus_u2.c ****         (buf[i + 2U] != (uint8_t)(start_addr >> 8)) ||
 1131              		.loc 1 344 13 view .LVU308
 1132 0034 4378     		ldrb	r3, [r0, #1]	@ zero_extendqisi2
 343:Core/Src/app_modbus_u2.c ****         (buf[i + 1U] != 0x10U) ||
 1133              		.loc 1 343 30 discriminator 2 view .LVU309
 1134 0036 102B     		cmp	r3, #16
 1135 0038 F0D1     		bne	.L95
 345:Core/Src/app_modbus_u2.c ****         (buf[i + 3U] != (uint8_t)(start_addr & 0xFFU)) ||
 1136              		.loc 1 345 13 view .LVU310
 1137 003a 8378     		ldrb	r3, [r0, #2]	@ zero_extendqisi2
 344:Core/Src/app_modbus_u2.c ****         (buf[i + 2U] != (uint8_t)(start_addr >> 8)) ||
 1138              		.loc 1 344 32 view .LVU311
 1139 003c B3EB182F 		cmp	r3, r8, lsr #8
 1140 0040 ECD1     		bne	.L95
 346:Core/Src/app_modbus_u2.c ****         (buf[i + 4U] != (uint8_t)(quantity >> 8)) ||
 1141              		.loc 1 346 13 view .LVU312
 1142 0042 C278     		ldrb	r2, [r0, #3]	@ zero_extendqisi2
 346:Core/Src/app_modbus_u2.c ****         (buf[i + 4U] != (uint8_t)(quantity >> 8)) ||
 1143              		.loc 1 346 22 view .LVU313
 1144 0044 5FFA88F3 		uxtb	r3, r8
 345:Core/Src/app_modbus_u2.c ****         (buf[i + 3U] != (uint8_t)(start_addr & 0xFFU)) ||
 1145              		.loc 1 345 53 view .LVU314
 1146 0048 9A42     		cmp	r2, r3
 1147 004a E7D1     		bne	.L95
 347:Core/Src/app_modbus_u2.c ****         (buf[i + 5U] != (uint8_t)(quantity & 0xFFU)))
 1148              		.loc 1 347 13 view .LVU315
 1149 004c 0379     		ldrb	r3, [r0, #4]	@ zero_extendqisi2
 346:Core/Src/app_modbus_u2.c ****         (buf[i + 4U] != (uint8_t)(quantity >> 8)) ||
 1150              		.loc 1 346 56 view .LVU316
 1151 004e B3EB192F 		cmp	r3, r9, lsr #8
 1152 0052 E3D1     		bne	.L95
 348:Core/Src/app_modbus_u2.c ****     {
 1153              		.loc 1 348 13 view .LVU317
 1154 0054 4279     		ldrb	r2, [r0, #5]	@ zero_extendqisi2
 348:Core/Src/app_modbus_u2.c ****     {
 1155              		.loc 1 348 22 view .LVU318
 1156 0056 5FFA89F3 		uxtb	r3, r9
 347:Core/Src/app_modbus_u2.c ****         (buf[i + 5U] != (uint8_t)(quantity & 0xFFU)))
 1157              		.loc 1 347 51 view .LVU319
 1158 005a 9A42     		cmp	r2, r3
 1159 005c DED1     		bne	.L95
 353:Core/Src/app_modbus_u2.c ****     crc_rx = (uint16_t)buf[i + 6U] | ((uint16_t)buf[i + 7U] << 8);
 1160              		.loc 1 353 5 is_stmt 1 view .LVU320
 353:Core/Src/app_modbus_u2.c ****     crc_rx = (uint16_t)buf[i + 6U] | ((uint16_t)buf[i + 7U] << 8);
 1161              		.loc 1 353 16 is_stmt 0 view .LVU321
 1162 005e 0621     		movs	r1, #6
ARM GAS  C:\Users\40918\AppData\Local\Temp\ccDNylh8.s 			page 55


 1163 0060 FFF7FEFF 		bl	ModbusMaster_Crc16
 1164              	.LVL107:
 354:Core/Src/app_modbus_u2.c ****     if (crc_calc == crc_rx)
 1165              		.loc 1 354 5 is_stmt 1 view .LVU322
 354:Core/Src/app_modbus_u2.c ****     if (crc_calc == crc_rx)
 1166              		.loc 1 354 27 is_stmt 0 view .LVU323
 1167 0064 AA44     		add	r10, r10, r5
 1168 0066 9AF80630 		ldrb	r3, [r10, #6]	@ zero_extendqisi2
 354:Core/Src/app_modbus_u2.c ****     if (crc_calc == crc_rx)
 1169              		.loc 1 354 52 view .LVU324
 1170 006a 9AF80720 		ldrb	r2, [r10, #7]	@ zero_extendqisi2
 354:Core/Src/app_modbus_u2.c ****     if (crc_calc == crc_rx)
 1171              		.loc 1 354 12 view .LVU325
 1172 006e 43EA0223 		orr	r3, r3, r2, lsl #8
 1173              	.LVL108:
 355:Core/Src/app_modbus_u2.c ****     {
 1174              		.loc 1 355 5 is_stmt 1 view .LVU326
 355:Core/Src/app_modbus_u2.c ****     {
 1175              		.loc 1 355 8 is_stmt 0 view .LVU327
 1176 0072 9842     		cmp	r0, r3
 1177 0074 D2D1     		bne	.L95
 357:Core/Src/app_modbus_u2.c ****     }
 1178              		.loc 1 357 14 view .LVU328
 1179 0076 0120     		movs	r0, #1
 1180              	.LVL109:
 357:Core/Src/app_modbus_u2.c ****     }
 1181              		.loc 1 357 14 view .LVU329
 1182 0078 00E0     		b	.L93
 1183              	.LVL110:
 1184              	.L101:
 361:Core/Src/app_modbus_u2.c **** }
 1185              		.loc 1 361 10 view .LVU330
 1186 007a 0020     		movs	r0, #0
 1187              	.LVL111:
 1188              	.L93:
 362:Core/Src/app_modbus_u2.c **** 
 1189              		.loc 1 362 1 view .LVU331
 1190 007c BDE8F087 		pop	{r4, r5, r6, r7, r8, r9, r10, pc}
 1191              	.LVL112:
 1192              	.L97:
 338:Core/Src/app_modbus_u2.c ****   }
 1193              		.loc 1 338 12 view .LVU332
 1194 0080 0020     		movs	r0, #0
 1195              	.LVL113:
 338:Core/Src/app_modbus_u2.c ****   }
 1196              		.loc 1 338 12 view .LVU333
 1197 0082 FBE7     		b	.L93
 1198              	.LVL114:
 1199              	.L98:
 338:Core/Src/app_modbus_u2.c ****   }
 1200              		.loc 1 338 12 view .LVU334
 1201 0084 0020     		movs	r0, #0
 1202              	.LVL115:
 338:Core/Src/app_modbus_u2.c ****   }
 1203              		.loc 1 338 12 view .LVU335
 1204 0086 F9E7     		b	.L93
 1205              		.cfi_endproc
ARM GAS  C:\Users\40918\AppData\Local\Temp\ccDNylh8.s 			page 56


 1206              	.LFE246:
 1208              		.section	.text.AppModbusU2_StopRxDma,"ax",%progbits
 1209              		.align	1
 1210              		.syntax unified
 1211              		.thumb
 1212              		.thumb_func
 1214              	AppModbusU2_StopRxDma:
 1215              	.LVL116:
 1216              	.LFB258:
1305:Core/Src/app_modbus_u2.c ****   if ((ctx == NULL) || (ctx->huart2 == NULL))
 1217              		.loc 1 1305 1 is_stmt 1 view -0
 1218              		.cfi_startproc
 1219              		@ args = 0, pretend = 0, frame = 0
 1220              		@ frame_needed = 0, uses_anonymous_args = 0
1306:Core/Src/app_modbus_u2.c ****   {
 1221              		.loc 1 1306 3 view .LVU337
1306:Core/Src/app_modbus_u2.c ****   {
 1222              		.loc 1 1306 6 is_stmt 0 view .LVU338
 1223 0000 40B1     		cbz	r0, .L105
1305:Core/Src/app_modbus_u2.c ****   if ((ctx == NULL) || (ctx->huart2 == NULL))
 1224              		.loc 1 1305 1 view .LVU339
 1225 0002 08B5     		push	{r3, lr}
 1226              	.LCFI23:
 1227              		.cfi_def_cfa_offset 8
 1228              		.cfi_offset 3, -8
 1229              		.cfi_offset 14, -4
1306:Core/Src/app_modbus_u2.c ****   {
 1230              		.loc 1 1306 28 discriminator 1 view .LVU340
 1231 0004 0068     		ldr	r0, [r0]
 1232              	.LVL117:
1306:Core/Src/app_modbus_u2.c ****   {
 1233              		.loc 1 1306 21 discriminator 1 view .LVU341
 1234 0006 20B1     		cbz	r0, .L102
1311:Core/Src/app_modbus_u2.c ****   s_modbus_rx_dma_last_pos = 0U;
 1235              		.loc 1 1311 3 is_stmt 1 view .LVU342
1311:Core/Src/app_modbus_u2.c ****   s_modbus_rx_dma_last_pos = 0U;
 1236              		.loc 1 1311 9 is_stmt 0 view .LVU343
 1237 0008 FFF7FEFF 		bl	HAL_UART_AbortReceive
 1238              	.LVL118:
1312:Core/Src/app_modbus_u2.c **** }
 1239              		.loc 1 1312 3 is_stmt 1 view .LVU344
1312:Core/Src/app_modbus_u2.c **** }
 1240              		.loc 1 1312 28 is_stmt 0 view .LVU345
 1241 000c 024B     		ldr	r3, .L108
 1242 000e 0022     		movs	r2, #0
 1243 0010 1A80     		strh	r2, [r3]	@ movhi
 1244              	.L102:
1313:Core/Src/app_modbus_u2.c **** 
 1245              		.loc 1 1313 1 view .LVU346
 1246 0012 08BD     		pop	{r3, pc}
 1247              	.LVL119:
 1248              	.L105:
 1249              	.LCFI24:
 1250              		.cfi_def_cfa_offset 0
 1251              		.cfi_restore 3
 1252              		.cfi_restore 14
1313:Core/Src/app_modbus_u2.c **** 
ARM GAS  C:\Users\40918\AppData\Local\Temp\ccDNylh8.s 			page 57


 1253              		.loc 1 1313 1 view .LVU347
 1254 0014 7047     		bx	lr
 1255              	.L109:
 1256 0016 00BF     		.align	2
 1257              	.L108:
 1258 0018 00000000 		.word	s_modbus_rx_dma_last_pos
 1259              		.cfi_endproc
 1260              	.LFE258:
 1262              		.section	.rodata.AppModbusU2_RecoverRxDma.str1.4,"aMS",%progbits,1
 1263              		.align	2
 1264              	.LC3:
 1265 0000 5B4D4F44 		.ascii	"[MODBUS-U2] rx recover rearm failed ret=%ld err=0x%"
 1265      4255532D 
 1265      55325D20 
 1265      72782072 
 1265      65636F76 
 1266 0033 30386C58 		.ascii	"08lX\015\012\000"
 1266      0D0A00
 1267 003a 0000     		.align	2
 1268              	.LC4:
 1269 003c 5B4D4F44 		.ascii	"[MODBUS-U2] rx recover ret=%ld recover=%lu state=0x"
 1269      4255532D 
 1269      55325D20 
 1269      72782072 
 1269      65636F76 
 1270 006f 2530386C 		.ascii	"%08lX err=0x%08lX\015\012\000"
 1270      58206572 
 1270      723D3078 
 1270      2530386C 
 1270      580D0A00 
 1271              		.section	.text.AppModbusU2_RecoverRxDma,"ax",%progbits
 1272              		.align	1
 1273              		.syntax unified
 1274              		.thumb
 1275              		.thumb_func
 1277              	AppModbusU2_RecoverRxDma:
 1278              	.LVL120:
 1279              	.LFB263:
1489:Core/Src/app_modbus_u2.c ****   HAL_StatusTypeDef rearm_ret;
 1280              		.loc 1 1489 1 is_stmt 1 view -0
 1281              		.cfi_startproc
 1282              		@ args = 0, pretend = 0, frame = 0
 1283              		@ frame_needed = 0, uses_anonymous_args = 0
1490:Core/Src/app_modbus_u2.c **** 
 1284              		.loc 1 1490 3 view .LVU349
1492:Core/Src/app_modbus_u2.c ****   {
 1285              		.loc 1 1492 3 view .LVU350
1492:Core/Src/app_modbus_u2.c ****   {
 1286              		.loc 1 1492 6 is_stmt 0 view .LVU351
 1287 0000 0028     		cmp	r0, #0
 1288 0002 3AD0     		beq	.L115
1489:Core/Src/app_modbus_u2.c ****   HAL_StatusTypeDef rearm_ret;
 1289              		.loc 1 1489 1 view .LVU352
 1290 0004 70B5     		push	{r4, r5, r6, lr}
 1291              	.LCFI25:
 1292              		.cfi_def_cfa_offset 16
 1293              		.cfi_offset 4, -16
ARM GAS  C:\Users\40918\AppData\Local\Temp\ccDNylh8.s 			page 58


 1294              		.cfi_offset 5, -12
 1295              		.cfi_offset 6, -8
 1296              		.cfi_offset 14, -4
 1297 0006 82B0     		sub	sp, sp, #8
 1298              	.LCFI26:
 1299              		.cfi_def_cfa_offset 24
 1300 0008 0446     		mov	r4, r0
1492:Core/Src/app_modbus_u2.c ****   {
 1301              		.loc 1 1492 28 discriminator 1 view .LVU353
 1302 000a 0068     		ldr	r0, [r0]
 1303              	.LVL121:
1492:Core/Src/app_modbus_u2.c ****   {
 1304              		.loc 1 1492 21 discriminator 1 view .LVU354
 1305 000c 40B3     		cbz	r0, .L110
1492:Core/Src/app_modbus_u2.c ****   {
 1306              		.loc 1 1492 53 discriminator 2 view .LVU355
 1307 000e 6368     		ldr	r3, [r4, #4]
1492:Core/Src/app_modbus_u2.c ****   {
 1308              		.loc 1 1492 46 discriminator 2 view .LVU356
 1309 0010 33B3     		cbz	r3, .L110
1492:Core/Src/app_modbus_u2.c ****   {
 1310              		.loc 1 1492 86 discriminator 3 view .LVU357
 1311 0012 A368     		ldr	r3, [r4, #8]
1492:Core/Src/app_modbus_u2.c ****   {
 1312              		.loc 1 1492 79 discriminator 3 view .LVU358
 1313 0014 23B3     		cbz	r3, .L110
1497:Core/Src/app_modbus_u2.c ****   (void)HAL_UART_AbortReceive(ctx->huart2);
 1314              		.loc 1 1497 3 is_stmt 1 view .LVU359
1497:Core/Src/app_modbus_u2.c ****   (void)HAL_UART_AbortReceive(ctx->huart2);
 1315              		.loc 1 1497 28 is_stmt 0 view .LVU360
 1316 0016 194A     		ldr	r2, .L118
 1317 0018 1368     		ldr	r3, [r2]
 1318 001a 0133     		adds	r3, r3, #1
 1319 001c 1360     		str	r3, [r2]
1498:Core/Src/app_modbus_u2.c ****   rearm_ret = AppModbusU2_StartRxDma(ctx);
 1320              		.loc 1 1498 3 is_stmt 1 view .LVU361
1498:Core/Src/app_modbus_u2.c ****   rearm_ret = AppModbusU2_StartRxDma(ctx);
 1321              		.loc 1 1498 9 is_stmt 0 view .LVU362
 1322 001e FFF7FEFF 		bl	HAL_UART_AbortReceive
 1323              	.LVL122:
1499:Core/Src/app_modbus_u2.c ****   if (rearm_ret != HAL_OK)
 1324              		.loc 1 1499 3 is_stmt 1 view .LVU363
1499:Core/Src/app_modbus_u2.c ****   if (rearm_ret != HAL_OK)
 1325              		.loc 1 1499 15 is_stmt 0 view .LVU364
 1326 0022 2046     		mov	r0, r4
 1327 0024 FFF7FEFF 		bl	AppModbusU2_StartRxDma
 1328              	.LVL123:
1500:Core/Src/app_modbus_u2.c ****   {
 1329              		.loc 1 1500 3 is_stmt 1 view .LVU365
1500:Core/Src/app_modbus_u2.c ****   {
 1330              		.loc 1 1500 6 is_stmt 0 view .LVU366
 1331 0028 0546     		mov	r5, r0
 1332 002a 28B1     		cbz	r0, .L112
1502:Core/Src/app_modbus_u2.c ****     {
 1333              		.loc 1 1502 5 is_stmt 1 view .LVU367
1502:Core/Src/app_modbus_u2.c ****     {
 1334              		.loc 1 1502 8 is_stmt 0 view .LVU368
ARM GAS  C:\Users\40918\AppData\Local\Temp\ccDNylh8.s 			page 59


 1335 002c 0228     		cmp	r0, #2
 1336 002e 19D1     		bne	.L113
1504:Core/Src/app_modbus_u2.c ****     }
 1337              		.loc 1 1504 7 is_stmt 1 view .LVU369
1504:Core/Src/app_modbus_u2.c ****     }
 1338              		.loc 1 1504 35 is_stmt 0 view .LVU370
 1339 0030 134A     		ldr	r2, .L118+4
 1340 0032 1368     		ldr	r3, [r2]
 1341 0034 0133     		adds	r3, r3, #1
 1342 0036 1360     		str	r3, [r2]
 1343              	.LVL124:
 1344              	.L112:
1514:Core/Src/app_modbus_u2.c ****          (long)rearm_ret,
 1345              		.loc 1 1514 3 is_stmt 1 view .LVU371
 1346 0038 104B     		ldr	r3, .L118
 1347 003a 1E68     		ldr	r6, [r3]
 1348 003c 2068     		ldr	r0, [r4]
 1349 003e FFF7FEFF 		bl	HAL_UART_GetState
 1350              	.LVL125:
 1351 0042 0346     		mov	r3, r0
1514:Core/Src/app_modbus_u2.c ****          (long)rearm_ret,
 1352              		.loc 1 1514 3 is_stmt 0 discriminator 1 view .LVU372
 1353 0044 2268     		ldr	r2, [r4]
 1354 0046 526C     		ldr	r2, [r2, #68]
 1355 0048 0092     		str	r2, [sp]
 1356 004a 3246     		mov	r2, r6
 1357 004c 2946     		mov	r1, r5
 1358 004e 0D48     		ldr	r0, .L118+8
 1359 0050 FFF7FEFF 		bl	printf
 1360              	.LVL126:
1519:Core/Src/app_modbus_u2.c **** }
 1361              		.loc 1 1519 3 is_stmt 1 view .LVU373
 1362 0054 6368     		ldr	r3, [r4, #4]
 1363 0056 1A68     		ldr	r2, [r3]
 1364 0058 1368     		ldr	r3, [r2]
 1365 005a 23F00803 		bic	r3, r3, #8
 1366 005e 1360     		str	r3, [r2]
 1367              	.LVL127:
 1368              	.L110:
1520:Core/Src/app_modbus_u2.c **** 
 1369              		.loc 1 1520 1 is_stmt 0 view .LVU374
 1370 0060 02B0     		add	sp, sp, #8
 1371              	.LCFI27:
 1372              		.cfi_remember_state
 1373              		.cfi_def_cfa_offset 16
 1374              		@ sp needed
 1375 0062 70BD     		pop	{r4, r5, r6, pc}
 1376              	.LVL128:
 1377              	.L113:
 1378              	.LCFI28:
 1379              		.cfi_restore_state
 1380              	.LBB2:
1508:Core/Src/app_modbus_u2.c ****       U2LOGE("[MODBUS-U2] rx recover rearm failed ret=%ld err=0x%08lX\r\n",
 1381              		.loc 1 1508 7 is_stmt 1 view .LVU375
1508:Core/Src/app_modbus_u2.c ****       U2LOGE("[MODBUS-U2] rx recover rearm failed ret=%ld err=0x%08lX\r\n",
 1382              		.loc 1 1508 35 is_stmt 0 view .LVU376
 1383 0064 084A     		ldr	r2, .L118+12
ARM GAS  C:\Users\40918\AppData\Local\Temp\ccDNylh8.s 			page 60


 1384 0066 1368     		ldr	r3, [r2]
 1385 0068 0133     		adds	r3, r3, #1
 1386 006a 1360     		str	r3, [r2]
1509:Core/Src/app_modbus_u2.c ****              (long)rearm_ret,
 1387              		.loc 1 1509 7 is_stmt 1 view .LVU377
 1388 006c 2368     		ldr	r3, [r4]
 1389 006e 5A6C     		ldr	r2, [r3, #68]
 1390 0070 0146     		mov	r1, r0
 1391 0072 0648     		ldr	r0, .L118+16
 1392              	.LVL129:
1509:Core/Src/app_modbus_u2.c ****              (long)rearm_ret,
 1393              		.loc 1 1509 7 is_stmt 0 view .LVU378
 1394 0074 FFF7FEFF 		bl	printf
 1395              	.LVL130:
 1396 0078 DEE7     		b	.L112
 1397              	.LVL131:
 1398              	.L115:
 1399              	.LCFI29:
 1400              		.cfi_def_cfa_offset 0
 1401              		.cfi_restore 4
 1402              		.cfi_restore 5
 1403              		.cfi_restore 6
 1404              		.cfi_restore 14
1509:Core/Src/app_modbus_u2.c ****              (long)rearm_ret,
 1405              		.loc 1 1509 7 view .LVU379
 1406 007a 7047     		bx	lr
 1407              	.L119:
 1408              		.align	2
 1409              	.L118:
 1410 007c 00000000 		.word	s_modbus_rx_recover_count
 1411 0080 00000000 		.word	s_modbus_rx_rearm_busy_count
 1412 0084 3C000000 		.word	.LC4
 1413 0088 00000000 		.word	s_modbus_rx_rearm_fail_count
 1414 008c 00000000 		.word	.LC3
 1415              	.LBE2:
 1416              		.cfi_endproc
 1417              	.LFE263:
 1419              		.section	.text.AppModbusU2_Delay1ms,"ax",%progbits
 1420              		.align	1
 1421              		.syntax unified
 1422              		.thumb
 1423              		.thumb_func
 1425              	AppModbusU2_Delay1ms:
 1426              	.LFB239:
  63:Core/Src/app_modbus_u2.c ****   if (osKernelGetState() == osKernelRunning)
 1427              		.loc 1 63 1 is_stmt 1 view -0
 1428              		.cfi_startproc
 1429              		@ args = 0, pretend = 0, frame = 0
 1430              		@ frame_needed = 0, uses_anonymous_args = 0
 1431 0000 08B5     		push	{r3, lr}
 1432              	.LCFI30:
 1433              		.cfi_def_cfa_offset 8
 1434              		.cfi_offset 3, -8
 1435              		.cfi_offset 14, -4
  64:Core/Src/app_modbus_u2.c ****   {
 1436              		.loc 1 64 3 view .LVU381
  64:Core/Src/app_modbus_u2.c ****   {
ARM GAS  C:\Users\40918\AppData\Local\Temp\ccDNylh8.s 			page 61


 1437              		.loc 1 64 7 is_stmt 0 view .LVU382
 1438 0002 FFF7FEFF 		bl	osKernelGetState
 1439              	.LVL132:
  64:Core/Src/app_modbus_u2.c ****   {
 1440              		.loc 1 64 6 discriminator 1 view .LVU383
 1441 0006 0228     		cmp	r0, #2
 1442 0008 03D0     		beq	.L124
  70:Core/Src/app_modbus_u2.c ****   }
 1443              		.loc 1 70 5 is_stmt 1 view .LVU384
 1444 000a 0120     		movs	r0, #1
 1445 000c FFF7FEFF 		bl	HAL_Delay
 1446              	.LVL133:
 1447              	.L120:
  72:Core/Src/app_modbus_u2.c **** 
 1448              		.loc 1 72 1 is_stmt 0 view .LVU385
 1449 0010 08BD     		pop	{r3, pc}
 1450              	.L124:
  66:Core/Src/app_modbus_u2.c ****   }
 1451              		.loc 1 66 5 is_stmt 1 view .LVU386
 1452 0012 0120     		movs	r0, #1
 1453 0014 FFF7FEFF 		bl	osDelay
 1454              	.LVL134:
 1455 0018 FAE7     		b	.L120
 1456              		.cfi_endproc
 1457              	.LFE239:
 1459              		.section	.rodata.AppModbusU2_LogBytesError.str1.4,"aMS",%progbits,1
 1460              		.align	2
 1461              	.LC5:
 1462 0000 5B4D4F44 		.ascii	"[MODBUS-U2] %s len=%u data=\000"
 1462      4255532D 
 1462      55325D20 
 1462      2573206C 
 1462      656E3D25 
 1463              		.align	2
 1464              	.LC6:
 1465 001c 25303258 		.ascii	"%02X\000"
 1465      00
 1466 0021 000000   		.align	2
 1467              	.LC7:
 1468 0024 0D00     		.ascii	"\015\000"
 1469              		.section	.text.AppModbusU2_LogBytesError,"ax",%progbits
 1470              		.align	1
 1471              		.syntax unified
 1472              		.thumb
 1473              		.thumb_func
 1475              	AppModbusU2_LogBytesError:
 1476              	.LVL135:
 1477              	.LFB242:
 158:Core/Src/app_modbus_u2.c ****   uint16_t i;
 1478              		.loc 1 158 1 view -0
 1479              		.cfi_startproc
 1480              		@ args = 0, pretend = 0, frame = 0
 1481              		@ frame_needed = 0, uses_anonymous_args = 0
 159:Core/Src/app_modbus_u2.c **** 
 1482              		.loc 1 159 3 view .LVU388
 161:Core/Src/app_modbus_u2.c ****   {
 1483              		.loc 1 161 3 view .LVU389
ARM GAS  C:\Users\40918\AppData\Local\Temp\ccDNylh8.s 			page 62


 161:Core/Src/app_modbus_u2.c ****   {
 1484              		.loc 1 161 6 is_stmt 0 view .LVU390
 1485 0000 D0B1     		cbz	r0, .L131
 158:Core/Src/app_modbus_u2.c ****   uint16_t i;
 1486              		.loc 1 158 1 view .LVU391
 1487 0002 70B5     		push	{r4, r5, r6, lr}
 1488              	.LCFI31:
 1489              		.cfi_def_cfa_offset 16
 1490              		.cfi_offset 4, -16
 1491              		.cfi_offset 5, -12
 1492              		.cfi_offset 6, -8
 1493              		.cfi_offset 14, -4
 1494 0004 0E46     		mov	r6, r1
 1495 0006 1546     		mov	r5, r2
 1496 0008 0146     		mov	r1, r0
 1497              	.LVL136:
 161:Core/Src/app_modbus_u2.c ****   {
 1498              		.loc 1 161 21 discriminator 1 view .LVU392
 1499 000a A6B1     		cbz	r6, .L125
 166:Core/Src/app_modbus_u2.c ****   for (i = 0U; i < len; i++)
 1500              		.loc 1 166 3 is_stmt 1 view .LVU393
 1501 000c 0B48     		ldr	r0, .L135
 1502              	.LVL137:
 166:Core/Src/app_modbus_u2.c ****   for (i = 0U; i < len; i++)
 1503              		.loc 1 166 3 is_stmt 0 view .LVU394
 1504 000e FFF7FEFF 		bl	printf
 1505              	.LVL138:
 167:Core/Src/app_modbus_u2.c ****   {
 1506              		.loc 1 167 3 is_stmt 1 view .LVU395
 167:Core/Src/app_modbus_u2.c ****   {
 1507              		.loc 1 167 10 is_stmt 0 view .LVU396
 1508 0012 0024     		movs	r4, #0
 1509              	.LVL139:
 1510              	.L127:
 167:Core/Src/app_modbus_u2.c ****   {
 1511              		.loc 1 167 18 is_stmt 1 discriminator 1 view .LVU397
 1512 0014 AC42     		cmp	r4, r5
 1513 0016 0BD2     		bcs	.L134
 169:Core/Src/app_modbus_u2.c ****     if ((uint16_t)(i + 1U) < len)
 1514              		.loc 1 169 5 view .LVU398
 1515 0018 315D     		ldrb	r1, [r6, r4]	@ zero_extendqisi2
 1516 001a 0948     		ldr	r0, .L135+4
 1517 001c FFF7FEFF 		bl	printf
 1518              	.LVL140:
 170:Core/Src/app_modbus_u2.c ****     {
 1519              		.loc 1 170 5 view .LVU399
 170:Core/Src/app_modbus_u2.c ****     {
 1520              		.loc 1 170 9 is_stmt 0 view .LVU400
 1521 0020 0134     		adds	r4, r4, #1
 1522              	.LVL141:
 170:Core/Src/app_modbus_u2.c ****     {
 1523              		.loc 1 170 9 view .LVU401
 1524 0022 A4B2     		uxth	r4, r4
 1525              	.LVL142:
 170:Core/Src/app_modbus_u2.c ****     {
 1526              		.loc 1 170 8 view .LVU402
 1527 0024 AC42     		cmp	r4, r5
ARM GAS  C:\Users\40918\AppData\Local\Temp\ccDNylh8.s 			page 63


 1528 0026 F5D2     		bcs	.L127
 172:Core/Src/app_modbus_u2.c ****     }
 1529              		.loc 1 172 7 is_stmt 1 view .LVU403
 1530 0028 2020     		movs	r0, #32
 1531 002a FFF7FEFF 		bl	putchar
 1532              	.LVL143:
 1533 002e F1E7     		b	.L127
 1534              	.LVL144:
 1535              	.L134:
 175:Core/Src/app_modbus_u2.c **** }
 1536              		.loc 1 175 3 view .LVU404
 1537 0030 0448     		ldr	r0, .L135+8
 1538 0032 FFF7FEFF 		bl	puts
 1539              	.LVL145:
 1540              	.L125:
 176:Core/Src/app_modbus_u2.c **** 
 1541              		.loc 1 176 1 is_stmt 0 view .LVU405
 1542 0036 70BD     		pop	{r4, r5, r6, pc}
 1543              	.LVL146:
 1544              	.L131:
 1545              	.LCFI32:
 1546              		.cfi_def_cfa_offset 0
 1547              		.cfi_restore 4
 1548              		.cfi_restore 5
 1549              		.cfi_restore 6
 1550              		.cfi_restore 14
 176:Core/Src/app_modbus_u2.c **** 
 1551              		.loc 1 176 1 view .LVU406
 1552 0038 7047     		bx	lr
 1553              	.L136:
 1554 003a 00BF     		.align	2
 1555              	.L135:
 1556 003c 00000000 		.word	.LC5
 1557 0040 1C000000 		.word	.LC6
 1558 0044 24000000 		.word	.LC7
 1559              		.cfi_endproc
 1560              	.LFE242:
 1562              		.section	.rodata.AppModbusU2_SendAndWaitWrite.str1.4,"aMS",%progbits,1
 1563              		.align	2
 1564              	.LC8:
 1565 0000 5B4D4F44 		.ascii	"[MODBUS-U2] build write failed addr=0x%04X qty=%u\015"
 1565      4255532D 
 1565      55325D20 
 1565      6275696C 
 1565      64207772 
 1566 0032 0A00     		.ascii	"\012\000"
 1567              		.align	2
 1568              	.LC9:
 1569 0034 5B4D4F44 		.ascii	"[MODBUS-U2] req#%lu wait-prev-tx timeout\015\012\000"
 1569      4255532D 
 1569      55325D20 
 1569      72657123 
 1569      256C7520 
 1570 005f 00       		.align	2
 1571              	.LC10:
 1572 0060 5B4D4F44 		.ascii	"[MODBUS-U2] req#%lu tx-write dma start failed err=0"
 1572      4255532D 
ARM GAS  C:\Users\40918\AppData\Local\Temp\ccDNylh8.s 			page 64


 1572      55325D20 
 1572      72657123 
 1572      256C7520 
 1573 0093 78253038 		.ascii	"x%08lX\015\012\000"
 1573      6C580D0A 
 1573      00
 1574              		.align	2
 1575              	.LC11:
 1576 009c 5B4D4F44 		.ascii	"[MODBUS-U2] req#%lu tx-write complete timeout\015\012"
 1576      4255532D 
 1576      55325D20 
 1576      72657123 
 1576      256C7520 
 1577 00cb 00       		.ascii	"\000"
 1578              		.align	2
 1579              	.LC12:
 1580 00cc 5B4D4F44 		.ascii	"[MODBUS-U2] req#%lu tx-write tc timeout\015\012\000"
 1580      4255532D 
 1580      55325D20 
 1580      72657123 
 1580      256C7520 
 1581 00f6 0000     		.align	2
 1582              	.LC13:
 1583 00f8 5B4D4F44 		.ascii	"[MODBUS-U2] req#%lu rx-write response window start "
 1583      4255532D 
 1583      55325D20 
 1583      72657123 
 1583      256C7520 
 1584 012b 6661696C 		.ascii	"failed ret=%ld err=0x%08lX\015\012\000"
 1584      65642072 
 1584      65743D25 
 1584      6C642065 
 1584      72723D30 
 1585              		.align	2
 1586              	.LC14:
 1587 0148 5B4D4F44 		.ascii	"[MODBUS-U2] req#%lu queue null\015\012\000"
 1587      4255532D 
 1587      55325D20 
 1587      72657123 
 1587      256C7520 
 1588 0169 000000   		.align	2
 1589              	.LC15:
 1590 016c 72782D77 		.ascii	"rx-write\000"
 1590      72697465 
 1590      00
 1591 0175 000000   		.align	2
 1592              	.LC16:
 1593 0178 72782D77 		.ascii	"rx-write-timeout-stream\000"
 1593      72697465 
 1593      2D74696D 
 1593      656F7574 
 1593      2D737472 
 1594              		.section	.text.AppModbusU2_SendAndWaitWrite,"ax",%progbits
 1595              		.align	1
 1596              		.syntax unified
 1597              		.thumb
 1598              		.thumb_func
ARM GAS  C:\Users\40918\AppData\Local\Temp\ccDNylh8.s 			page 65


 1600              	AppModbusU2_SendAndWaitWrite:
 1601              	.LVL147:
 1602              	.LFB249:
 640:Core/Src/app_modbus_u2.c ****   uint8_t tx_frame[64];
 1603              		.loc 1 640 1 is_stmt 1 view -0
 1604              		.cfi_startproc
 1605              		@ args = 0, pretend = 0, frame = 200
 1606              		@ frame_needed = 0, uses_anonymous_args = 0
 640:Core/Src/app_modbus_u2.c ****   uint8_t tx_frame[64];
 1607              		.loc 1 640 1 is_stmt 0 view .LVU408
 1608 0000 2DE9F04F 		push	{r4, r5, r6, r7, r8, r9, r10, fp, lr}
 1609              	.LCFI33:
 1610              		.cfi_def_cfa_offset 36
 1611              		.cfi_offset 4, -36
 1612              		.cfi_offset 5, -32
 1613              		.cfi_offset 6, -28
 1614              		.cfi_offset 7, -24
 1615              		.cfi_offset 8, -20
 1616              		.cfi_offset 9, -16
 1617              		.cfi_offset 10, -12
 1618              		.cfi_offset 11, -8
 1619              		.cfi_offset 14, -4
 1620 0004 B5B0     		sub	sp, sp, #212
 1621              	.LCFI34:
 1622              		.cfi_def_cfa_offset 248
 1623 0006 0446     		mov	r4, r0
 1624 0008 0D46     		mov	r5, r1
 1625 000a 1646     		mov	r6, r2
 1626 000c 9846     		mov	r8, r3
 641:Core/Src/app_modbus_u2.c ****   uint16_t tx_len;
 1627              		.loc 1 641 3 is_stmt 1 view .LVU409
 642:Core/Src/app_modbus_u2.c ****   modbus_event_msg_t rx_msg;
 1628              		.loc 1 642 3 view .LVU410
 643:Core/Src/app_modbus_u2.c ****   uint32_t start_tick = HAL_GetTick();
 1629              		.loc 1 643 3 view .LVU411
 644:Core/Src/app_modbus_u2.c ****   uint32_t req_id;
 1630              		.loc 1 644 3 view .LVU412
 644:Core/Src/app_modbus_u2.c ****   uint32_t req_id;
 1631              		.loc 1 644 25 is_stmt 0 view .LVU413
 1632 000e FFF7FEFF 		bl	HAL_GetTick
 1633              	.LVL148:
 645:Core/Src/app_modbus_u2.c ****   uint16_t rx_stream_len = 0U;
 1634              		.loc 1 645 3 is_stmt 1 view .LVU414
 646:Core/Src/app_modbus_u2.c ****   uint32_t wait_start_tick;
 1635              		.loc 1 646 3 view .LVU415
 647:Core/Src/app_modbus_u2.c ****   uint32_t elapsed;
 1636              		.loc 1 647 3 view .LVU416
 648:Core/Src/app_modbus_u2.c ****   uint32_t remain_ms;
 1637              		.loc 1 648 3 view .LVU417
 649:Core/Src/app_modbus_u2.c **** 
 1638              		.loc 1 649 3 view .LVU418
 651:Core/Src/app_modbus_u2.c ****   {
 1639              		.loc 1 651 3 view .LVU419
 651:Core/Src/app_modbus_u2.c ****   {
 1640              		.loc 1 651 6 is_stmt 0 view .LVU420
 1641 0012 002C     		cmp	r4, #0
 1642 0014 00F06681 		beq	.L176
ARM GAS  C:\Users\40918\AppData\Local\Temp\ccDNylh8.s 			page 66


 1643 0018 0746     		mov	r7, r0
 651:Core/Src/app_modbus_u2.c ****   {
 1644              		.loc 1 651 21 discriminator 1 view .LVU421
 1645 001a B8F1000F 		cmp	r8, #0
 1646 001e 00F06381 		beq	.L177
 656:Core/Src/app_modbus_u2.c ****   if (tx_len == 0U)
 1647              		.loc 1 656 3 is_stmt 1 view .LVU422
 656:Core/Src/app_modbus_u2.c ****   if (tx_len == 0U)
 1648              		.loc 1 656 12 is_stmt 0 view .LVU423
 1649 0022 4023     		movs	r3, #64
 1650 0024 0193     		str	r3, [sp, #4]
 1651 0026 24AB     		add	r3, sp, #144
 1652 0028 0093     		str	r3, [sp]
 1653 002a 4346     		mov	r3, r8
 1654 002c 3246     		mov	r2, r6
 1655 002e 2946     		mov	r1, r5
 1656 0030 2046     		mov	r0, r4
 1657              	.LVL149:
 656:Core/Src/app_modbus_u2.c ****   if (tx_len == 0U)
 1658              		.loc 1 656 12 view .LVU424
 1659 0032 FFF7FEFF 		bl	AppModbusU2_BuildWriteMultiple
 1660              	.LVL150:
 657:Core/Src/app_modbus_u2.c ****   {
 1661              		.loc 1 657 3 is_stmt 1 view .LVU425
 657:Core/Src/app_modbus_u2.c ****   {
 1662              		.loc 1 657 6 is_stmt 0 view .LVU426
 1663 0036 8146     		mov	r9, r0
 1664 0038 F0B1     		cbz	r0, .L180
 666:Core/Src/app_modbus_u2.c ****   req_id = s_modbus_req_seq;
 1665              		.loc 1 666 3 is_stmt 1 view .LVU427
 666:Core/Src/app_modbus_u2.c ****   req_id = s_modbus_req_seq;
 1666              		.loc 1 666 19 is_stmt 0 view .LVU428
 1667 003a 9E4B     		ldr	r3, .L194
 1668 003c 1A68     		ldr	r2, [r3]
 1669 003e 02F10108 		add	r8, r2, #1
 1670              	.LVL151:
 666:Core/Src/app_modbus_u2.c ****   req_id = s_modbus_req_seq;
 1671              		.loc 1 666 19 view .LVU429
 1672 0042 C3F80080 		str	r8, [r3]
 667:Core/Src/app_modbus_u2.c **** #if MODBUS_U2_LOG_REQ_DETAIL
 1673              		.loc 1 667 3 is_stmt 1 view .LVU430
 1674              	.LVL152:
 680:Core/Src/app_modbus_u2.c ****   {
 1675              		.loc 1 680 3 view .LVU431
 680:Core/Src/app_modbus_u2.c ****   {
 1676              		.loc 1 680 10 is_stmt 0 view .LVU432
 1677 0046 2369     		ldr	r3, [r4, #16]
 680:Core/Src/app_modbus_u2.c ****   {
 1678              		.loc 1 680 6 view .LVU433
 1679 0048 3BB1     		cbz	r3, .L141
 1680              	.LVL153:
 1681              	.L142:
 682:Core/Src/app_modbus_u2.c ****   }
 1682              		.loc 1 682 81 is_stmt 1 discriminator 1 view .LVU434
 682:Core/Src/app_modbus_u2.c ****   }
 1683              		.loc 1 682 71 discriminator 1 view .LVU435
 682:Core/Src/app_modbus_u2.c ****   }
ARM GAS  C:\Users\40918\AppData\Local\Temp\ccDNylh8.s 			page 67


 1684              		.loc 1 682 12 is_stmt 0 discriminator 1 view .LVU436
 1685 004a 0023     		movs	r3, #0
 1686 004c 1A46     		mov	r2, r3
 1687 004e 02A9     		add	r1, sp, #8
 1688 0050 2069     		ldr	r0, [r4, #16]
 1689 0052 FFF7FEFF 		bl	osMessageQueueGet
 1690              	.LVL154:
 682:Core/Src/app_modbus_u2.c ****   }
 1691              		.loc 1 682 71 discriminator 1 view .LVU437
 1692 0056 0028     		cmp	r0, #0
 1693 0058 F7D0     		beq	.L142
 1694              	.L141:
 684:Core/Src/app_modbus_u2.c **** 
 1695              		.loc 1 684 3 is_stmt 1 view .LVU438
 1696 005a 2046     		mov	r0, r4
 1697 005c FFF7FEFF 		bl	AppModbusU2_StopRxDma
 1698              	.LVL155:
 686:Core/Src/app_modbus_u2.c ****   {
 1699              		.loc 1 686 3 view .LVU439
 1700              	.L143:
 686:Core/Src/app_modbus_u2.c ****   {
 1701              		.loc 1 686 27 view .LVU440
 1702 0060 954B     		ldr	r3, .L194+4
 1703 0062 1B78     		ldrb	r3, [r3]	@ zero_extendqisi2
 1704 0064 FBB9     		cbnz	r3, .L181
 688:Core/Src/app_modbus_u2.c ****     {
 1705              		.loc 1 688 5 view .LVU441
 688:Core/Src/app_modbus_u2.c ****     {
 1706              		.loc 1 688 10 is_stmt 0 view .LVU442
 1707 0066 FFF7FEFF 		bl	HAL_GetTick
 1708              	.LVL156:
 688:Core/Src/app_modbus_u2.c ****     {
 1709              		.loc 1 688 24 discriminator 1 view .LVU443
 1710 006a C31B     		subs	r3, r0, r7
 688:Core/Src/app_modbus_u2.c ****     {
 1711              		.loc 1 688 8 discriminator 1 view .LVU444
 1712 006c B3F5FA7F 		cmp	r3, #500
 1713 0070 0ED8     		bhi	.L182
 694:Core/Src/app_modbus_u2.c ****   }
 1714              		.loc 1 694 5 is_stmt 1 view .LVU445
 1715 0072 FFF7FEFF 		bl	AppModbusU2_Delay1ms
 1716              	.LVL157:
 1717 0076 F3E7     		b	.L143
 1718              	.LVL158:
 1719              	.L180:
 1720              	.LBB3:
 659:Core/Src/app_modbus_u2.c ****     U2LOGE("[MODBUS-U2] build write failed addr=0x%04X qty=%u\r\n",
 1721              		.loc 1 659 5 view .LVU446
 659:Core/Src/app_modbus_u2.c ****     U2LOGE("[MODBUS-U2] build write failed addr=0x%04X qty=%u\r\n",
 1722              		.loc 1 659 12 is_stmt 0 view .LVU447
 1723 0078 236A     		ldr	r3, [r4, #32]
 659:Core/Src/app_modbus_u2.c ****     U2LOGE("[MODBUS-U2] build write failed addr=0x%04X qty=%u\r\n",
 1724              		.loc 1 659 8 view .LVU448
 1725 007a 13B1     		cbz	r3, .L140
 659:Core/Src/app_modbus_u2.c ****     U2LOGE("[MODBUS-U2] build write failed addr=0x%04X qty=%u\r\n",
 1726              		.loc 1 659 30 is_stmt 1 discriminator 1 view .LVU449
 659:Core/Src/app_modbus_u2.c ****     U2LOGE("[MODBUS-U2] build write failed addr=0x%04X qty=%u\r\n",
ARM GAS  C:\Users\40918\AppData\Local\Temp\ccDNylh8.s 			page 68


 1727              		.loc 1 659 39 is_stmt 0 discriminator 1 view .LVU450
 1728 007c 1A69     		ldr	r2, [r3, #16]
 659:Core/Src/app_modbus_u2.c ****     U2LOGE("[MODBUS-U2] build write failed addr=0x%04X qty=%u\r\n",
 1729              		.loc 1 659 55 discriminator 1 view .LVU451
 1730 007e 0132     		adds	r2, r2, #1
 1731 0080 1A61     		str	r2, [r3, #16]
 1732              	.L140:
 660:Core/Src/app_modbus_u2.c ****          (unsigned int)start_addr,
 1733              		.loc 1 660 5 is_stmt 1 view .LVU452
 1734 0082 3246     		mov	r2, r6
 1735 0084 2946     		mov	r1, r5
 1736 0086 8D48     		ldr	r0, .L194+8
 1737              	.LVL159:
 660:Core/Src/app_modbus_u2.c ****          (unsigned int)start_addr,
 1738              		.loc 1 660 5 is_stmt 0 view .LVU453
 1739 0088 FFF7FEFF 		bl	printf
 1740              	.LVL160:
 663:Core/Src/app_modbus_u2.c ****   }
 1741              		.loc 1 663 5 is_stmt 1 view .LVU454
 663:Core/Src/app_modbus_u2.c ****   }
 1742              		.loc 1 663 12 is_stmt 0 view .LVU455
 1743 008c 0127     		movs	r7, #1
 1744              	.LVL161:
 663:Core/Src/app_modbus_u2.c ****   }
 1745              		.loc 1 663 12 view .LVU456
 1746 008e 2CE1     		b	.L138
 1747              	.LVL162:
 1748              	.L182:
 663:Core/Src/app_modbus_u2.c ****   }
 1749              		.loc 1 663 12 view .LVU457
 1750              	.LBE3:
 1751              	.LBB4:
 690:Core/Src/app_modbus_u2.c ****       U2LOGE("[MODBUS-U2] req#%lu wait-prev-tx timeout\r\n", (unsigned long)req_id);
 1752              		.loc 1 690 7 is_stmt 1 view .LVU458
 690:Core/Src/app_modbus_u2.c ****       U2LOGE("[MODBUS-U2] req#%lu wait-prev-tx timeout\r\n", (unsigned long)req_id);
 1753              		.loc 1 690 14 is_stmt 0 view .LVU459
 1754 0090 236A     		ldr	r3, [r4, #32]
 690:Core/Src/app_modbus_u2.c ****       U2LOGE("[MODBUS-U2] req#%lu wait-prev-tx timeout\r\n", (unsigned long)req_id);
 1755              		.loc 1 690 10 view .LVU460
 1756 0092 13B1     		cbz	r3, .L145
 690:Core/Src/app_modbus_u2.c ****       U2LOGE("[MODBUS-U2] req#%lu wait-prev-tx timeout\r\n", (unsigned long)req_id);
 1757              		.loc 1 690 32 is_stmt 1 discriminator 1 view .LVU461
 690:Core/Src/app_modbus_u2.c ****       U2LOGE("[MODBUS-U2] req#%lu wait-prev-tx timeout\r\n", (unsigned long)req_id);
 1758              		.loc 1 690 41 is_stmt 0 discriminator 1 view .LVU462
 1759 0094 5A69     		ldr	r2, [r3, #20]
 690:Core/Src/app_modbus_u2.c ****       U2LOGE("[MODBUS-U2] req#%lu wait-prev-tx timeout\r\n", (unsigned long)req_id);
 1760              		.loc 1 690 60 discriminator 1 view .LVU463
 1761 0096 0132     		adds	r2, r2, #1
 1762 0098 5A61     		str	r2, [r3, #20]
 1763              	.L145:
 691:Core/Src/app_modbus_u2.c ****       return HAL_TIMEOUT;
 1764              		.loc 1 691 7 is_stmt 1 view .LVU464
 1765 009a 4146     		mov	r1, r8
 1766 009c 8848     		ldr	r0, .L194+12
 1767 009e FFF7FEFF 		bl	printf
 1768              	.LVL163:
 692:Core/Src/app_modbus_u2.c ****     }
ARM GAS  C:\Users\40918\AppData\Local\Temp\ccDNylh8.s 			page 69


 1769              		.loc 1 692 7 view .LVU465
 692:Core/Src/app_modbus_u2.c ****     }
 1770              		.loc 1 692 14 is_stmt 0 view .LVU466
 1771 00a2 0327     		movs	r7, #3
 1772              	.LVL164:
 692:Core/Src/app_modbus_u2.c ****     }
 1773              		.loc 1 692 14 view .LVU467
 1774 00a4 21E1     		b	.L138
 1775              	.LVL165:
 1776              	.L181:
 692:Core/Src/app_modbus_u2.c ****     }
 1777              		.loc 1 692 14 view .LVU468
 1778              	.LBE4:
 697:Core/Src/app_modbus_u2.c ****   if (ctx->rs485_set_tx_usart2 != NULL) { ctx->rs485_set_tx_usart2(1U); }
 1779              		.loc 1 697 3 is_stmt 1 view .LVU469
 697:Core/Src/app_modbus_u2.c ****   if (ctx->rs485_set_tx_usart2 != NULL) { ctx->rs485_set_tx_usart2(1U); }
 1780              		.loc 1 697 20 is_stmt 0 view .LVU470
 1781 00a6 844B     		ldr	r3, .L194+4
 1782 00a8 0022     		movs	r2, #0
 1783 00aa 1A70     		strb	r2, [r3]
 698:Core/Src/app_modbus_u2.c ****   if (HAL_UART_Transmit_DMA(ctx->huart2, tx_frame, tx_len) != HAL_OK)
 1784              		.loc 1 698 3 is_stmt 1 view .LVU471
 698:Core/Src/app_modbus_u2.c ****   if (HAL_UART_Transmit_DMA(ctx->huart2, tx_frame, tx_len) != HAL_OK)
 1785              		.loc 1 698 10 is_stmt 0 view .LVU472
 1786 00ac 236B     		ldr	r3, [r4, #48]
 698:Core/Src/app_modbus_u2.c ****   if (HAL_UART_Transmit_DMA(ctx->huart2, tx_frame, tx_len) != HAL_OK)
 1787              		.loc 1 698 6 view .LVU473
 1788 00ae 0BB1     		cbz	r3, .L147
 698:Core/Src/app_modbus_u2.c ****   if (HAL_UART_Transmit_DMA(ctx->huart2, tx_frame, tx_len) != HAL_OK)
 1789              		.loc 1 698 43 is_stmt 1 discriminator 1 view .LVU474
 1790 00b0 0120     		movs	r0, #1
 1791 00b2 9847     		blx	r3
 1792              	.LVL166:
 1793              	.L147:
 699:Core/Src/app_modbus_u2.c ****   {
 1794              		.loc 1 699 3 view .LVU475
 699:Core/Src/app_modbus_u2.c ****   {
 1795              		.loc 1 699 7 is_stmt 0 view .LVU476
 1796 00b4 4A46     		mov	r2, r9
 1797 00b6 24A9     		add	r1, sp, #144
 1798 00b8 2068     		ldr	r0, [r4]
 1799 00ba FFF7FEFF 		bl	HAL_UART_Transmit_DMA
 1800              	.LVL167:
 699:Core/Src/app_modbus_u2.c ****   {
 1801              		.loc 1 699 6 discriminator 1 view .LVU477
 1802 00be 98B1     		cbz	r0, .L148
 1803              	.LBB5:
 701:Core/Src/app_modbus_u2.c ****     s_usart2_tx_done = 1U;
 1804              		.loc 1 701 5 is_stmt 1 view .LVU478
 701:Core/Src/app_modbus_u2.c ****     s_usart2_tx_done = 1U;
 1805              		.loc 1 701 12 is_stmt 0 view .LVU479
 1806 00c0 236B     		ldr	r3, [r4, #48]
 701:Core/Src/app_modbus_u2.c ****     s_usart2_tx_done = 1U;
 1807              		.loc 1 701 8 view .LVU480
 1808 00c2 0BB1     		cbz	r3, .L149
 701:Core/Src/app_modbus_u2.c ****     s_usart2_tx_done = 1U;
 1809              		.loc 1 701 45 is_stmt 1 discriminator 1 view .LVU481
ARM GAS  C:\Users\40918\AppData\Local\Temp\ccDNylh8.s 			page 70


 1810 00c4 0020     		movs	r0, #0
 1811 00c6 9847     		blx	r3
 1812              	.LVL168:
 1813              	.L149:
 702:Core/Src/app_modbus_u2.c ****     if (ctx->diag != NULL) { ctx->diag->uart2_req_fail++; }
 1814              		.loc 1 702 5 view .LVU482
 702:Core/Src/app_modbus_u2.c ****     if (ctx->diag != NULL) { ctx->diag->uart2_req_fail++; }
 1815              		.loc 1 702 22 is_stmt 0 view .LVU483
 1816 00c8 7B4B     		ldr	r3, .L194+4
 1817 00ca 0122     		movs	r2, #1
 1818 00cc 1A70     		strb	r2, [r3]
 703:Core/Src/app_modbus_u2.c ****     U2LOGE("[MODBUS-U2] req#%lu tx-write dma start failed err=0x%08lX\r\n",
 1819              		.loc 1 703 5 is_stmt 1 view .LVU484
 703:Core/Src/app_modbus_u2.c ****     U2LOGE("[MODBUS-U2] req#%lu tx-write dma start failed err=0x%08lX\r\n",
 1820              		.loc 1 703 12 is_stmt 0 view .LVU485
 1821 00ce 236A     		ldr	r3, [r4, #32]
 703:Core/Src/app_modbus_u2.c ****     U2LOGE("[MODBUS-U2] req#%lu tx-write dma start failed err=0x%08lX\r\n",
 1822              		.loc 1 703 8 view .LVU486
 1823 00d0 13B1     		cbz	r3, .L150
 703:Core/Src/app_modbus_u2.c ****     U2LOGE("[MODBUS-U2] req#%lu tx-write dma start failed err=0x%08lX\r\n",
 1824              		.loc 1 703 30 is_stmt 1 discriminator 1 view .LVU487
 703:Core/Src/app_modbus_u2.c ****     U2LOGE("[MODBUS-U2] req#%lu tx-write dma start failed err=0x%08lX\r\n",
 1825              		.loc 1 703 39 is_stmt 0 discriminator 1 view .LVU488
 1826 00d2 1A69     		ldr	r2, [r3, #16]
 703:Core/Src/app_modbus_u2.c ****     U2LOGE("[MODBUS-U2] req#%lu tx-write dma start failed err=0x%08lX\r\n",
 1827              		.loc 1 703 55 discriminator 1 view .LVU489
 1828 00d4 0132     		adds	r2, r2, #1
 1829 00d6 1A61     		str	r2, [r3, #16]
 1830              	.L150:
 704:Core/Src/app_modbus_u2.c ****          (unsigned long)req_id,
 1831              		.loc 1 704 5 is_stmt 1 view .LVU490
 1832 00d8 2368     		ldr	r3, [r4]
 1833 00da 5A6C     		ldr	r2, [r3, #68]
 1834 00dc 4146     		mov	r1, r8
 1835 00de 7948     		ldr	r0, .L194+16
 1836 00e0 FFF7FEFF 		bl	printf
 1837              	.LVL169:
 707:Core/Src/app_modbus_u2.c ****   }
 1838              		.loc 1 707 5 view .LVU491
 707:Core/Src/app_modbus_u2.c ****   }
 1839              		.loc 1 707 12 is_stmt 0 view .LVU492
 1840 00e4 0127     		movs	r7, #1
 1841              	.LVL170:
 707:Core/Src/app_modbus_u2.c ****   }
 1842              		.loc 1 707 12 view .LVU493
 1843 00e6 00E1     		b	.L138
 1844              	.LVL171:
 1845              	.L148:
 707:Core/Src/app_modbus_u2.c ****   }
 1846              		.loc 1 707 12 view .LVU494
 1847              	.LBE5:
 710:Core/Src/app_modbus_u2.c ****   while (s_usart2_tx_done == 0U)
 1848              		.loc 1 710 3 is_stmt 1 view .LVU495
 710:Core/Src/app_modbus_u2.c ****   while (s_usart2_tx_done == 0U)
 1849              		.loc 1 710 16 is_stmt 0 view .LVU496
 1850 00e8 FFF7FEFF 		bl	HAL_GetTick
 1851              	.LVL172:
ARM GAS  C:\Users\40918\AppData\Local\Temp\ccDNylh8.s 			page 71


 1852 00ec 0746     		mov	r7, r0
 1853              	.LVL173:
 711:Core/Src/app_modbus_u2.c ****   {
 1854              		.loc 1 711 3 is_stmt 1 view .LVU497
 1855              	.L151:
 711:Core/Src/app_modbus_u2.c ****   {
 1856              		.loc 1 711 27 view .LVU498
 1857 00ee 724B     		ldr	r3, .L194+4
 1858 00f0 1B78     		ldrb	r3, [r3]	@ zero_extendqisi2
 1859 00f2 BBB9     		cbnz	r3, .L183
 713:Core/Src/app_modbus_u2.c ****     {
 1860              		.loc 1 713 5 view .LVU499
 713:Core/Src/app_modbus_u2.c ****     {
 1861              		.loc 1 713 10 is_stmt 0 view .LVU500
 1862 00f4 FFF7FEFF 		bl	HAL_GetTick
 1863              	.LVL174:
 713:Core/Src/app_modbus_u2.c ****     {
 1864              		.loc 1 713 24 discriminator 1 view .LVU501
 1865 00f8 C01B     		subs	r0, r0, r7
 713:Core/Src/app_modbus_u2.c ****     {
 1866              		.loc 1 713 8 discriminator 1 view .LVU502
 1867 00fa B0F5FA7F 		cmp	r0, #500
 1868 00fe 02D8     		bhi	.L184
 720:Core/Src/app_modbus_u2.c ****   }
 1869              		.loc 1 720 5 is_stmt 1 view .LVU503
 1870 0100 FFF7FEFF 		bl	AppModbusU2_Delay1ms
 1871              	.LVL175:
 1872 0104 F3E7     		b	.L151
 1873              	.L184:
 1874              	.LBB6:
 715:Core/Src/app_modbus_u2.c ****       if (ctx->diag != NULL) { ctx->diag->uart2_req_timeout++; }
 1875              		.loc 1 715 7 view .LVU504
 715:Core/Src/app_modbus_u2.c ****       if (ctx->diag != NULL) { ctx->diag->uart2_req_timeout++; }
 1876              		.loc 1 715 14 is_stmt 0 view .LVU505
 1877 0106 236B     		ldr	r3, [r4, #48]
 715:Core/Src/app_modbus_u2.c ****       if (ctx->diag != NULL) { ctx->diag->uart2_req_timeout++; }
 1878              		.loc 1 715 10 view .LVU506
 1879 0108 0BB1     		cbz	r3, .L153
 715:Core/Src/app_modbus_u2.c ****       if (ctx->diag != NULL) { ctx->diag->uart2_req_timeout++; }
 1880              		.loc 1 715 47 is_stmt 1 discriminator 1 view .LVU507
 1881 010a 0020     		movs	r0, #0
 1882 010c 9847     		blx	r3
 1883              	.LVL176:
 1884              	.L153:
 716:Core/Src/app_modbus_u2.c ****       U2LOGE("[MODBUS-U2] req#%lu tx-write complete timeout\r\n", (unsigned long)req_id);
 1885              		.loc 1 716 7 view .LVU508
 716:Core/Src/app_modbus_u2.c ****       U2LOGE("[MODBUS-U2] req#%lu tx-write complete timeout\r\n", (unsigned long)req_id);
 1886              		.loc 1 716 14 is_stmt 0 view .LVU509
 1887 010e 236A     		ldr	r3, [r4, #32]
 716:Core/Src/app_modbus_u2.c ****       U2LOGE("[MODBUS-U2] req#%lu tx-write complete timeout\r\n", (unsigned long)req_id);
 1888              		.loc 1 716 10 view .LVU510
 1889 0110 13B1     		cbz	r3, .L154
 716:Core/Src/app_modbus_u2.c ****       U2LOGE("[MODBUS-U2] req#%lu tx-write complete timeout\r\n", (unsigned long)req_id);
 1890              		.loc 1 716 32 is_stmt 1 discriminator 1 view .LVU511
 716:Core/Src/app_modbus_u2.c ****       U2LOGE("[MODBUS-U2] req#%lu tx-write complete timeout\r\n", (unsigned long)req_id);
 1891              		.loc 1 716 41 is_stmt 0 discriminator 1 view .LVU512
 1892 0112 5A69     		ldr	r2, [r3, #20]
ARM GAS  C:\Users\40918\AppData\Local\Temp\ccDNylh8.s 			page 72


 716:Core/Src/app_modbus_u2.c ****       U2LOGE("[MODBUS-U2] req#%lu tx-write complete timeout\r\n", (unsigned long)req_id);
 1893              		.loc 1 716 60 discriminator 1 view .LVU513
 1894 0114 0132     		adds	r2, r2, #1
 1895 0116 5A61     		str	r2, [r3, #20]
 1896              	.L154:
 717:Core/Src/app_modbus_u2.c ****       return HAL_TIMEOUT;
 1897              		.loc 1 717 7 is_stmt 1 view .LVU514
 1898 0118 4146     		mov	r1, r8
 1899 011a 6B48     		ldr	r0, .L194+20
 1900 011c FFF7FEFF 		bl	printf
 1901              	.LVL177:
 718:Core/Src/app_modbus_u2.c ****     }
 1902              		.loc 1 718 7 view .LVU515
 718:Core/Src/app_modbus_u2.c ****     }
 1903              		.loc 1 718 14 is_stmt 0 view .LVU516
 1904 0120 0327     		movs	r7, #3
 1905              	.LVL178:
 718:Core/Src/app_modbus_u2.c ****     }
 1906              		.loc 1 718 14 view .LVU517
 1907 0122 E2E0     		b	.L138
 1908              	.LVL179:
 1909              	.L183:
 718:Core/Src/app_modbus_u2.c ****     }
 1910              		.loc 1 718 14 view .LVU518
 1911              	.LBE6:
 723:Core/Src/app_modbus_u2.c ****   while (__HAL_UART_GET_FLAG(ctx->huart2, UART_FLAG_TC) == RESET)
 1912              		.loc 1 723 3 is_stmt 1 view .LVU519
 723:Core/Src/app_modbus_u2.c ****   while (__HAL_UART_GET_FLAG(ctx->huart2, UART_FLAG_TC) == RESET)
 1913              		.loc 1 723 16 is_stmt 0 view .LVU520
 1914 0124 FFF7FEFF 		bl	HAL_GetTick
 1915              	.LVL180:
 1916 0128 0746     		mov	r7, r0
 1917              	.LVL181:
 724:Core/Src/app_modbus_u2.c ****   {
 1918              		.loc 1 724 3 is_stmt 1 view .LVU521
 1919              	.L156:
 724:Core/Src/app_modbus_u2.c ****   {
 1920              		.loc 1 724 57 view .LVU522
 724:Core/Src/app_modbus_u2.c ****   {
 1921              		.loc 1 724 10 is_stmt 0 view .LVU523
 1922 012a 2368     		ldr	r3, [r4]
 1923 012c 1B68     		ldr	r3, [r3]
 1924 012e 1B68     		ldr	r3, [r3]
 724:Core/Src/app_modbus_u2.c ****   {
 1925              		.loc 1 724 57 view .LVU524
 1926 0130 13F0400F 		tst	r3, #64
 1927 0134 17D1     		bne	.L185
 726:Core/Src/app_modbus_u2.c ****     {
 1928              		.loc 1 726 5 is_stmt 1 view .LVU525
 726:Core/Src/app_modbus_u2.c ****     {
 1929              		.loc 1 726 10 is_stmt 0 view .LVU526
 1930 0136 FFF7FEFF 		bl	HAL_GetTick
 1931              	.LVL182:
 726:Core/Src/app_modbus_u2.c ****     {
 1932              		.loc 1 726 24 discriminator 1 view .LVU527
 1933 013a C01B     		subs	r0, r0, r7
 726:Core/Src/app_modbus_u2.c ****     {
ARM GAS  C:\Users\40918\AppData\Local\Temp\ccDNylh8.s 			page 73


 1934              		.loc 1 726 8 discriminator 1 view .LVU528
 1935 013c B0F5FA7F 		cmp	r0, #500
 1936 0140 02D8     		bhi	.L186
 733:Core/Src/app_modbus_u2.c ****   }
 1937              		.loc 1 733 5 is_stmt 1 view .LVU529
 1938 0142 FFF7FEFF 		bl	AppModbusU2_Delay1ms
 1939              	.LVL183:
 1940 0146 F0E7     		b	.L156
 1941              	.L186:
 1942              	.LBB7:
 728:Core/Src/app_modbus_u2.c ****       if (ctx->diag != NULL) { ctx->diag->uart2_req_timeout++; }
 1943              		.loc 1 728 7 view .LVU530
 728:Core/Src/app_modbus_u2.c ****       if (ctx->diag != NULL) { ctx->diag->uart2_req_timeout++; }
 1944              		.loc 1 728 14 is_stmt 0 view .LVU531
 1945 0148 236B     		ldr	r3, [r4, #48]
 728:Core/Src/app_modbus_u2.c ****       if (ctx->diag != NULL) { ctx->diag->uart2_req_timeout++; }
 1946              		.loc 1 728 10 view .LVU532
 1947 014a 0BB1     		cbz	r3, .L158
 728:Core/Src/app_modbus_u2.c ****       if (ctx->diag != NULL) { ctx->diag->uart2_req_timeout++; }
 1948              		.loc 1 728 47 is_stmt 1 discriminator 1 view .LVU533
 1949 014c 0020     		movs	r0, #0
 1950 014e 9847     		blx	r3
 1951              	.LVL184:
 1952              	.L158:
 729:Core/Src/app_modbus_u2.c ****       U2LOGE("[MODBUS-U2] req#%lu tx-write tc timeout\r\n", (unsigned long)req_id);
 1953              		.loc 1 729 7 view .LVU534
 729:Core/Src/app_modbus_u2.c ****       U2LOGE("[MODBUS-U2] req#%lu tx-write tc timeout\r\n", (unsigned long)req_id);
 1954              		.loc 1 729 14 is_stmt 0 view .LVU535
 1955 0150 236A     		ldr	r3, [r4, #32]
 729:Core/Src/app_modbus_u2.c ****       U2LOGE("[MODBUS-U2] req#%lu tx-write tc timeout\r\n", (unsigned long)req_id);
 1956              		.loc 1 729 10 view .LVU536
 1957 0152 13B1     		cbz	r3, .L159
 729:Core/Src/app_modbus_u2.c ****       U2LOGE("[MODBUS-U2] req#%lu tx-write tc timeout\r\n", (unsigned long)req_id);
 1958              		.loc 1 729 32 is_stmt 1 discriminator 1 view .LVU537
 729:Core/Src/app_modbus_u2.c ****       U2LOGE("[MODBUS-U2] req#%lu tx-write tc timeout\r\n", (unsigned long)req_id);
 1959              		.loc 1 729 41 is_stmt 0 discriminator 1 view .LVU538
 1960 0154 5A69     		ldr	r2, [r3, #20]
 729:Core/Src/app_modbus_u2.c ****       U2LOGE("[MODBUS-U2] req#%lu tx-write tc timeout\r\n", (unsigned long)req_id);
 1961              		.loc 1 729 60 discriminator 1 view .LVU539
 1962 0156 0132     		adds	r2, r2, #1
 1963 0158 5A61     		str	r2, [r3, #20]
 1964              	.L159:
 730:Core/Src/app_modbus_u2.c ****       return HAL_TIMEOUT;
 1965              		.loc 1 730 7 is_stmt 1 view .LVU540
 1966 015a 4146     		mov	r1, r8
 1967 015c 5B48     		ldr	r0, .L194+24
 1968 015e FFF7FEFF 		bl	printf
 1969              	.LVL185:
 731:Core/Src/app_modbus_u2.c ****     }
 1970              		.loc 1 731 7 view .LVU541
 731:Core/Src/app_modbus_u2.c ****     }
 1971              		.loc 1 731 14 is_stmt 0 view .LVU542
 1972 0162 0327     		movs	r7, #3
 1973              	.LVL186:
 731:Core/Src/app_modbus_u2.c ****     }
 1974              		.loc 1 731 14 view .LVU543
 1975 0164 C1E0     		b	.L138
ARM GAS  C:\Users\40918\AppData\Local\Temp\ccDNylh8.s 			page 74


 1976              	.LVL187:
 1977              	.L185:
 731:Core/Src/app_modbus_u2.c ****     }
 1978              		.loc 1 731 14 view .LVU544
 1979              	.LBE7:
 735:Core/Src/app_modbus_u2.c ****   if (ctx->rs485_set_tx_usart2 != NULL) { ctx->rs485_set_tx_usart2(0U); }
 1980              		.loc 1 735 3 is_stmt 1 view .LVU545
 1981 0166 FFF7FEFF 		bl	AppModbusU2_Delay1ms
 1982              	.LVL188:
 736:Core/Src/app_modbus_u2.c **** 
 1983              		.loc 1 736 3 view .LVU546
 736:Core/Src/app_modbus_u2.c **** 
 1984              		.loc 1 736 10 is_stmt 0 view .LVU547
 1985 016a 236B     		ldr	r3, [r4, #48]
 736:Core/Src/app_modbus_u2.c **** 
 1986              		.loc 1 736 6 view .LVU548
 1987 016c 0BB1     		cbz	r3, .L161
 736:Core/Src/app_modbus_u2.c **** 
 1988              		.loc 1 736 43 is_stmt 1 discriminator 1 view .LVU549
 1989 016e 0020     		movs	r0, #0
 1990 0170 9847     		blx	r3
 1991              	.LVL189:
 1992              	.L161:
 1993              	.LBB8:
 739:Core/Src/app_modbus_u2.c ****     if (rx_ret != HAL_OK)
 1994              		.loc 1 739 5 view .LVU550
 739:Core/Src/app_modbus_u2.c ****     if (rx_ret != HAL_OK)
 1995              		.loc 1 739 32 is_stmt 0 view .LVU551
 1996 0172 2046     		mov	r0, r4
 1997 0174 FFF7FEFF 		bl	AppModbusU2_StartResponseWindow
 1998              	.LVL190:
 740:Core/Src/app_modbus_u2.c ****     {
 1999              		.loc 1 740 5 is_stmt 1 view .LVU552
 740:Core/Src/app_modbus_u2.c ****     {
 2000              		.loc 1 740 8 is_stmt 0 view .LVU553
 2001 0178 0746     		mov	r7, r0
 2002              	.LVL191:
 740:Core/Src/app_modbus_u2.c ****     {
 2003              		.loc 1 740 8 view .LVU554
 2004 017a 38B9     		cbnz	r0, .L187
 2005              	.LBE8:
 751:Core/Src/app_modbus_u2.c ****   {
 2006              		.loc 1 751 3 is_stmt 1 view .LVU555
 751:Core/Src/app_modbus_u2.c ****   {
 2007              		.loc 1 751 10 is_stmt 0 view .LVU556
 2008 017c 2369     		ldr	r3, [r4, #16]
 751:Core/Src/app_modbus_u2.c ****   {
 2009              		.loc 1 751 6 view .LVU557
 2010 017e 93B1     		cbz	r3, .L188
 758:Core/Src/app_modbus_u2.c ****   for (;;)
 2011              		.loc 1 758 3 is_stmt 1 view .LVU558
 758:Core/Src/app_modbus_u2.c ****   for (;;)
 2012              		.loc 1 758 21 is_stmt 0 view .LVU559
 2013 0180 FFF7FEFF 		bl	HAL_GetTick
 2014              	.LVL192:
 758:Core/Src/app_modbus_u2.c ****   for (;;)
 2015              		.loc 1 758 21 view .LVU560
ARM GAS  C:\Users\40918\AppData\Local\Temp\ccDNylh8.s 			page 75


 2016 0184 8346     		mov	fp, r0
 2017              	.LVL193:
 646:Core/Src/app_modbus_u2.c ****   uint32_t wait_start_tick;
 2018              		.loc 1 646 12 view .LVU561
 2019 0186 4FF0000A 		mov	r10, #0
 2020 018a 61E0     		b	.L174
 2021              	.LVL194:
 2022              	.L187:
 2023              	.LBB10:
 2024              	.LBB9:
 742:Core/Src/app_modbus_u2.c ****       U2LOGE("[MODBUS-U2] req#%lu rx-write response window start failed ret=%ld err=0x%08lX\r\n",
 2025              		.loc 1 742 7 is_stmt 1 view .LVU562
 742:Core/Src/app_modbus_u2.c ****       U2LOGE("[MODBUS-U2] req#%lu rx-write response window start failed ret=%ld err=0x%08lX\r\n",
 2026              		.loc 1 742 14 is_stmt 0 view .LVU563
 2027 018c 236A     		ldr	r3, [r4, #32]
 742:Core/Src/app_modbus_u2.c ****       U2LOGE("[MODBUS-U2] req#%lu rx-write response window start failed ret=%ld err=0x%08lX\r\n",
 2028              		.loc 1 742 10 view .LVU564
 2029 018e 13B1     		cbz	r3, .L163
 742:Core/Src/app_modbus_u2.c ****       U2LOGE("[MODBUS-U2] req#%lu rx-write response window start failed ret=%ld err=0x%08lX\r\n",
 2030              		.loc 1 742 32 is_stmt 1 discriminator 1 view .LVU565
 742:Core/Src/app_modbus_u2.c ****       U2LOGE("[MODBUS-U2] req#%lu rx-write response window start failed ret=%ld err=0x%08lX\r\n",
 2031              		.loc 1 742 41 is_stmt 0 discriminator 1 view .LVU566
 2032 0190 1A69     		ldr	r2, [r3, #16]
 742:Core/Src/app_modbus_u2.c ****       U2LOGE("[MODBUS-U2] req#%lu rx-write response window start failed ret=%ld err=0x%08lX\r\n",
 2033              		.loc 1 742 57 discriminator 1 view .LVU567
 2034 0192 0132     		adds	r2, r2, #1
 2035 0194 1A61     		str	r2, [r3, #16]
 2036              	.L163:
 743:Core/Src/app_modbus_u2.c ****              (unsigned long)req_id,
 2037              		.loc 1 743 7 is_stmt 1 view .LVU568
 2038 0196 2368     		ldr	r3, [r4]
 2039 0198 5B6C     		ldr	r3, [r3, #68]
 2040 019a 3A46     		mov	r2, r7
 2041 019c 4146     		mov	r1, r8
 2042 019e 4C48     		ldr	r0, .L194+28
 2043              	.LVL195:
 743:Core/Src/app_modbus_u2.c ****              (unsigned long)req_id,
 2044              		.loc 1 743 7 is_stmt 0 view .LVU569
 2045 01a0 FFF7FEFF 		bl	printf
 2046              	.LVL196:
 747:Core/Src/app_modbus_u2.c ****     }
 2047              		.loc 1 747 7 is_stmt 1 view .LVU570
 747:Core/Src/app_modbus_u2.c ****     }
 2048              		.loc 1 747 14 is_stmt 0 view .LVU571
 2049 01a4 A1E0     		b	.L138
 2050              	.LVL197:
 2051              	.L188:
 747:Core/Src/app_modbus_u2.c ****     }
 2052              		.loc 1 747 14 view .LVU572
 2053              	.LBE9:
 2054              	.LBE10:
 2055              	.LBB11:
 753:Core/Src/app_modbus_u2.c ****     U2LOGE("[MODBUS-U2] req#%lu queue null\r\n", (unsigned long)req_id);
 2056              		.loc 1 753 5 is_stmt 1 view .LVU573
 753:Core/Src/app_modbus_u2.c ****     U2LOGE("[MODBUS-U2] req#%lu queue null\r\n", (unsigned long)req_id);
 2057              		.loc 1 753 12 is_stmt 0 view .LVU574
 2058 01a6 236A     		ldr	r3, [r4, #32]
ARM GAS  C:\Users\40918\AppData\Local\Temp\ccDNylh8.s 			page 76


 753:Core/Src/app_modbus_u2.c ****     U2LOGE("[MODBUS-U2] req#%lu queue null\r\n", (unsigned long)req_id);
 2059              		.loc 1 753 8 view .LVU575
 2060 01a8 13B1     		cbz	r3, .L165
 753:Core/Src/app_modbus_u2.c ****     U2LOGE("[MODBUS-U2] req#%lu queue null\r\n", (unsigned long)req_id);
 2061              		.loc 1 753 30 is_stmt 1 discriminator 1 view .LVU576
 753:Core/Src/app_modbus_u2.c ****     U2LOGE("[MODBUS-U2] req#%lu queue null\r\n", (unsigned long)req_id);
 2062              		.loc 1 753 39 is_stmt 0 discriminator 1 view .LVU577
 2063 01aa 1A69     		ldr	r2, [r3, #16]
 753:Core/Src/app_modbus_u2.c ****     U2LOGE("[MODBUS-U2] req#%lu queue null\r\n", (unsigned long)req_id);
 2064              		.loc 1 753 55 discriminator 1 view .LVU578
 2065 01ac 0132     		adds	r2, r2, #1
 2066 01ae 1A61     		str	r2, [r3, #16]
 2067              	.L165:
 754:Core/Src/app_modbus_u2.c ****     return HAL_ERROR;
 2068              		.loc 1 754 5 is_stmt 1 view .LVU579
 2069 01b0 4146     		mov	r1, r8
 2070 01b2 4848     		ldr	r0, .L194+32
 2071              	.LVL198:
 754:Core/Src/app_modbus_u2.c ****     return HAL_ERROR;
 2072              		.loc 1 754 5 is_stmt 0 view .LVU580
 2073 01b4 FFF7FEFF 		bl	printf
 2074              	.LVL199:
 755:Core/Src/app_modbus_u2.c ****   }
 2075              		.loc 1 755 5 is_stmt 1 view .LVU581
 755:Core/Src/app_modbus_u2.c ****   }
 2076              		.loc 1 755 12 is_stmt 0 view .LVU582
 2077 01b8 0127     		movs	r7, #1
 2078              	.LVL200:
 755:Core/Src/app_modbus_u2.c ****   }
 2079              		.loc 1 755 12 view .LVU583
 2080 01ba 96E0     		b	.L138
 2081              	.LVL201:
 2082              	.L192:
 755:Core/Src/app_modbus_u2.c ****   }
 2083              		.loc 1 755 12 view .LVU584
 2084              	.LBE11:
 764:Core/Src/app_modbus_u2.c ****       AppModbusU2_LogTimeoutDiag(ctx, req_id, "rx-write", start_addr, quantity, rx_stream_len);
 2085              		.loc 1 764 7 is_stmt 1 view .LVU585
 764:Core/Src/app_modbus_u2.c ****       AppModbusU2_LogTimeoutDiag(ctx, req_id, "rx-write", start_addr, quantity, rx_stream_len);
 2086              		.loc 1 764 14 is_stmt 0 view .LVU586
 2087 01bc 236A     		ldr	r3, [r4, #32]
 2088              	.LVL202:
 764:Core/Src/app_modbus_u2.c ****       AppModbusU2_LogTimeoutDiag(ctx, req_id, "rx-write", start_addr, quantity, rx_stream_len);
 2089              		.loc 1 764 10 view .LVU587
 2090 01be 13B1     		cbz	r3, .L167
 764:Core/Src/app_modbus_u2.c ****       AppModbusU2_LogTimeoutDiag(ctx, req_id, "rx-write", start_addr, quantity, rx_stream_len);
 2091              		.loc 1 764 32 is_stmt 1 discriminator 1 view .LVU588
 764:Core/Src/app_modbus_u2.c ****       AppModbusU2_LogTimeoutDiag(ctx, req_id, "rx-write", start_addr, quantity, rx_stream_len);
 2092              		.loc 1 764 41 is_stmt 0 discriminator 1 view .LVU589
 2093 01c0 5A69     		ldr	r2, [r3, #20]
 764:Core/Src/app_modbus_u2.c ****       AppModbusU2_LogTimeoutDiag(ctx, req_id, "rx-write", start_addr, quantity, rx_stream_len);
 2094              		.loc 1 764 60 discriminator 1 view .LVU590
 2095 01c2 0132     		adds	r2, r2, #1
 2096 01c4 5A61     		str	r2, [r3, #20]
 2097              	.L167:
 765:Core/Src/app_modbus_u2.c ****       if (rx_stream_len > 0U)
 2098              		.loc 1 765 7 is_stmt 1 view .LVU591
ARM GAS  C:\Users\40918\AppData\Local\Temp\ccDNylh8.s 			page 77


 2099 01c6 CDF804A0 		str	r10, [sp, #4]
 2100 01ca 0096     		str	r6, [sp]
 2101 01cc 2B46     		mov	r3, r5
 2102 01ce 424A     		ldr	r2, .L194+36
 2103 01d0 4146     		mov	r1, r8
 2104 01d2 2046     		mov	r0, r4
 2105              	.LVL203:
 765:Core/Src/app_modbus_u2.c ****       if (rx_stream_len > 0U)
 2106              		.loc 1 765 7 is_stmt 0 view .LVU592
 2107 01d4 FFF7FEFF 		bl	AppModbusU2_LogTimeoutDiag
 2108              	.LVL204:
 766:Core/Src/app_modbus_u2.c ****       {
 2109              		.loc 1 766 7 is_stmt 1 view .LVU593
 766:Core/Src/app_modbus_u2.c ****       {
 2110              		.loc 1 766 10 is_stmt 0 view .LVU594
 2111 01d8 BAF1000F 		cmp	r10, #0
 2112 01dc 04D1     		bne	.L189
 2113              	.L168:
 770:Core/Src/app_modbus_u2.c ****       return HAL_TIMEOUT;
 2114              		.loc 1 770 7 is_stmt 1 view .LVU595
 2115 01de 2046     		mov	r0, r4
 2116 01e0 FFF7FEFF 		bl	AppModbusU2_RecoverRxDma
 2117              	.LVL205:
 771:Core/Src/app_modbus_u2.c ****     }
 2118              		.loc 1 771 7 view .LVU596
 771:Core/Src/app_modbus_u2.c ****     }
 2119              		.loc 1 771 14 is_stmt 0 view .LVU597
 2120 01e4 0327     		movs	r7, #3
 2121              	.LVL206:
 771:Core/Src/app_modbus_u2.c ****     }
 2122              		.loc 1 771 14 view .LVU598
 2123 01e6 80E0     		b	.L138
 2124              	.LVL207:
 2125              	.L189:
 768:Core/Src/app_modbus_u2.c ****       }
 2126              		.loc 1 768 9 is_stmt 1 view .LVU599
 2127 01e8 5246     		mov	r2, r10
 2128 01ea 3C49     		ldr	r1, .L194+40
 2129 01ec 3C48     		ldr	r0, .L194+44
 2130 01ee FFF7FEFF 		bl	AppModbusU2_LogBytesError
 2131              	.LVL208:
 2132 01f2 F4E7     		b	.L168
 2133              	.LVL209:
 2134              	.L193:
 777:Core/Src/app_modbus_u2.c ****       AppModbusU2_LogTimeoutDiag(ctx, req_id, "rx-write", start_addr, quantity, rx_stream_len);
 2135              		.loc 1 777 7 view .LVU600
 777:Core/Src/app_modbus_u2.c ****       AppModbusU2_LogTimeoutDiag(ctx, req_id, "rx-write", start_addr, quantity, rx_stream_len);
 2136              		.loc 1 777 14 is_stmt 0 view .LVU601
 2137 01f4 236A     		ldr	r3, [r4, #32]
 777:Core/Src/app_modbus_u2.c ****       AppModbusU2_LogTimeoutDiag(ctx, req_id, "rx-write", start_addr, quantity, rx_stream_len);
 2138              		.loc 1 777 10 view .LVU602
 2139 01f6 13B1     		cbz	r3, .L170
 777:Core/Src/app_modbus_u2.c ****       AppModbusU2_LogTimeoutDiag(ctx, req_id, "rx-write", start_addr, quantity, rx_stream_len);
 2140              		.loc 1 777 32 is_stmt 1 discriminator 1 view .LVU603
 777:Core/Src/app_modbus_u2.c ****       AppModbusU2_LogTimeoutDiag(ctx, req_id, "rx-write", start_addr, quantity, rx_stream_len);
 2141              		.loc 1 777 41 is_stmt 0 discriminator 1 view .LVU604
 2142 01f8 5A69     		ldr	r2, [r3, #20]
ARM GAS  C:\Users\40918\AppData\Local\Temp\ccDNylh8.s 			page 78


 777:Core/Src/app_modbus_u2.c ****       AppModbusU2_LogTimeoutDiag(ctx, req_id, "rx-write", start_addr, quantity, rx_stream_len);
 2143              		.loc 1 777 60 discriminator 1 view .LVU605
 2144 01fa 0132     		adds	r2, r2, #1
 2145 01fc 5A61     		str	r2, [r3, #20]
 2146              	.L170:
 778:Core/Src/app_modbus_u2.c ****       if (rx_stream_len > 0U)
 2147              		.loc 1 778 7 is_stmt 1 view .LVU606
 2148 01fe CDF804A0 		str	r10, [sp, #4]
 2149 0202 0096     		str	r6, [sp]
 2150 0204 2B46     		mov	r3, r5
 2151 0206 344A     		ldr	r2, .L194+36
 2152 0208 4146     		mov	r1, r8
 2153 020a 2046     		mov	r0, r4
 2154 020c FFF7FEFF 		bl	AppModbusU2_LogTimeoutDiag
 2155              	.LVL210:
 779:Core/Src/app_modbus_u2.c ****       {
 2156              		.loc 1 779 7 view .LVU607
 779:Core/Src/app_modbus_u2.c ****       {
 2157              		.loc 1 779 10 is_stmt 0 view .LVU608
 2158 0210 BAF1000F 		cmp	r10, #0
 2159 0214 04D1     		bne	.L190
 2160              	.L171:
 783:Core/Src/app_modbus_u2.c ****       return HAL_TIMEOUT;
 2161              		.loc 1 783 7 is_stmt 1 view .LVU609
 2162 0216 2046     		mov	r0, r4
 2163 0218 FFF7FEFF 		bl	AppModbusU2_RecoverRxDma
 2164              	.LVL211:
 784:Core/Src/app_modbus_u2.c ****     }
 2165              		.loc 1 784 7 view .LVU610
 784:Core/Src/app_modbus_u2.c ****     }
 2166              		.loc 1 784 14 is_stmt 0 view .LVU611
 2167 021c 0327     		movs	r7, #3
 2168              	.LVL212:
 784:Core/Src/app_modbus_u2.c ****     }
 2169              		.loc 1 784 14 view .LVU612
 2170 021e 64E0     		b	.L138
 2171              	.LVL213:
 2172              	.L190:
 781:Core/Src/app_modbus_u2.c ****       }
 2173              		.loc 1 781 9 is_stmt 1 view .LVU613
 2174 0220 5246     		mov	r2, r10
 2175 0222 2E49     		ldr	r1, .L194+40
 2176 0224 2E48     		ldr	r0, .L194+44
 2177 0226 FFF7FEFF 		bl	AppModbusU2_LogBytesError
 2178              	.LVL214:
 2179 022a F4E7     		b	.L171
 2180              	.L173:
 806:Core/Src/app_modbus_u2.c ****       rx_stream_len = (uint16_t)(rx_stream_len + rx_msg.length);
 2181              		.loc 1 806 7 view .LVU614
 2182 022c 4A46     		mov	r2, r9
 2183 022e 03A9     		add	r1, sp, #12
 2184 0230 2A48     		ldr	r0, .L194+40
 2185 0232 5044     		add	r0, r0, r10
 2186 0234 FFF7FEFF 		bl	memcpy
 2187              	.LVL215:
 807:Core/Src/app_modbus_u2.c ****     }
 2188              		.loc 1 807 7 view .LVU615
ARM GAS  C:\Users\40918\AppData\Local\Temp\ccDNylh8.s 			page 79


 807:Core/Src/app_modbus_u2.c ****     }
 2189              		.loc 1 807 21 is_stmt 0 view .LVU616
 2190 0238 D144     		add	r9, r9, r10
 2191 023a 1FFA89FA 		uxth	r10, r9
 2192              	.LVL216:
 2193              	.L172:
 810:Core/Src/app_modbus_u2.c ****     {
 2194              		.loc 1 810 5 is_stmt 1 view .LVU617
 810:Core/Src/app_modbus_u2.c ****     {
 2195              		.loc 1 810 9 is_stmt 0 view .LVU618
 2196 023e 0096     		str	r6, [sp]
 2197 0240 2B46     		mov	r3, r5
 2198 0242 94F82420 		ldrb	r2, [r4, #36]	@ zero_extendqisi2
 2199 0246 5146     		mov	r1, r10
 2200 0248 2448     		ldr	r0, .L194+40
 2201 024a FFF7FEFF 		bl	AppModbusU2_ParseWriteAckFromStream
 2202              	.LVL217:
 810:Core/Src/app_modbus_u2.c ****     {
 2203              		.loc 1 810 8 discriminator 1 view .LVU619
 2204 024e 58BB     		cbnz	r0, .L191
 2205              	.LVL218:
 2206              	.L174:
 759:Core/Src/app_modbus_u2.c ****   {
 2207              		.loc 1 759 3 is_stmt 1 view .LVU620
 761:Core/Src/app_modbus_u2.c ****     if (elapsed >= MODBUS_U2_REQ_TIMEOUT_MS)
 2208              		.loc 1 761 5 view .LVU621
 761:Core/Src/app_modbus_u2.c ****     if (elapsed >= MODBUS_U2_REQ_TIMEOUT_MS)
 2209              		.loc 1 761 15 is_stmt 0 view .LVU622
 2210 0250 FFF7FEFF 		bl	HAL_GetTick
 2211              	.LVL219:
 761:Core/Src/app_modbus_u2.c ****     if (elapsed >= MODBUS_U2_REQ_TIMEOUT_MS)
 2212              		.loc 1 761 13 discriminator 1 view .LVU623
 2213 0254 A0EB0B03 		sub	r3, r0, fp
 2214              	.LVL220:
 762:Core/Src/app_modbus_u2.c ****     {
 2215              		.loc 1 762 5 is_stmt 1 view .LVU624
 762:Core/Src/app_modbus_u2.c ****     {
 2216              		.loc 1 762 8 is_stmt 0 view .LVU625
 2217 0258 B3F5FA7F 		cmp	r3, #500
 2218 025c AED2     		bcs	.L192
 774:Core/Src/app_modbus_u2.c ****     if (osMessageQueueGet(ctx->q_modbus_events, &rx_msg, NULL, remain_ms) != osOK)
 2219              		.loc 1 774 5 is_stmt 1 view .LVU626
 774:Core/Src/app_modbus_u2.c ****     if (osMessageQueueGet(ctx->q_modbus_events, &rx_msg, NULL, remain_ms) != osOK)
 2220              		.loc 1 774 15 is_stmt 0 view .LVU627
 2221 025e ABEB0003 		sub	r3, fp, r0
 2222              	.LVL221:
 775:Core/Src/app_modbus_u2.c ****     {
 2223              		.loc 1 775 5 is_stmt 1 view .LVU628
 775:Core/Src/app_modbus_u2.c ****     {
 2224              		.loc 1 775 9 is_stmt 0 view .LVU629
 2225 0262 03F5FA73 		add	r3, r3, #500
 2226              	.LVL222:
 775:Core/Src/app_modbus_u2.c ****     {
 2227              		.loc 1 775 9 view .LVU630
 2228 0266 0022     		movs	r2, #0
 2229 0268 02A9     		add	r1, sp, #8
 2230 026a 2069     		ldr	r0, [r4, #16]
ARM GAS  C:\Users\40918\AppData\Local\Temp\ccDNylh8.s 			page 80


 2231              	.LVL223:
 775:Core/Src/app_modbus_u2.c ****     {
 2232              		.loc 1 775 9 view .LVU631
 2233 026c FFF7FEFF 		bl	osMessageQueueGet
 2234              	.LVL224:
 775:Core/Src/app_modbus_u2.c ****     {
 2235              		.loc 1 775 8 discriminator 1 view .LVU632
 2236 0270 0028     		cmp	r0, #0
 2237 0272 BFD1     		bne	.L193
 794:Core/Src/app_modbus_u2.c ****     {
 2238              		.loc 1 794 5 is_stmt 1 view .LVU633
 794:Core/Src/app_modbus_u2.c ****     {
 2239              		.loc 1 794 15 is_stmt 0 view .LVU634
 2240 0274 BDF88C90 		ldrh	r9, [sp, #140]
 794:Core/Src/app_modbus_u2.c ****     {
 2241              		.loc 1 794 8 view .LVU635
 2242 0278 B9F5007F 		cmp	r9, #512
 2243 027c 11D8     		bhi	.L178
 800:Core/Src/app_modbus_u2.c ****       {
 2244              		.loc 1 800 7 is_stmt 1 view .LVU636
 800:Core/Src/app_modbus_u2.c ****       {
 2245              		.loc 1 800 11 is_stmt 0 view .LVU637
 2246 027e 09EB0A03 		add	r3, r9, r10
 2247 0282 9BB2     		uxth	r3, r3
 800:Core/Src/app_modbus_u2.c ****       {
 2248              		.loc 1 800 10 view .LVU638
 2249 0284 B3F5007F 		cmp	r3, #512
 2250 0288 D0D9     		bls	.L173
 2251              	.LBB12:
 802:Core/Src/app_modbus_u2.c ****         memmove(s_modbus_rx_stream, &s_modbus_rx_stream[rx_stream_len - keep], keep);
 2252              		.loc 1 802 9 is_stmt 1 view .LVU639
 802:Core/Src/app_modbus_u2.c ****         memmove(s_modbus_rx_stream, &s_modbus_rx_stream[rx_stream_len - keep], keep);
 2253              		.loc 1 802 18 is_stmt 0 view .LVU640
 2254 028a C9F50073 		rsb	r3, r9, #512
 2255 028e 9BB2     		uxth	r3, r3
 2256              	.LVL225:
 803:Core/Src/app_modbus_u2.c ****         rx_stream_len = keep;
 2257              		.loc 1 803 9 is_stmt 1 view .LVU641
 803:Core/Src/app_modbus_u2.c ****         rx_stream_len = keep;
 2258              		.loc 1 803 71 is_stmt 0 view .LVU642
 2259 0290 AAEB0301 		sub	r1, r10, r3
 803:Core/Src/app_modbus_u2.c ****         rx_stream_len = keep;
 2260              		.loc 1 803 37 view .LVU643
 2261 0294 1148     		ldr	r0, .L194+40
 803:Core/Src/app_modbus_u2.c ****         rx_stream_len = keep;
 2262              		.loc 1 803 9 view .LVU644
 2263 0296 9A46     		mov	r10, r3
 2264              	.LVL226:
 803:Core/Src/app_modbus_u2.c ****         rx_stream_len = keep;
 2265              		.loc 1 803 9 view .LVU645
 2266 0298 1A46     		mov	r2, r3
 2267 029a 0144     		add	r1, r1, r0
 2268 029c FFF7FEFF 		bl	memmove
 2269              	.LVL227:
 804:Core/Src/app_modbus_u2.c ****       }
 2270              		.loc 1 804 9 is_stmt 1 view .LVU646
 804:Core/Src/app_modbus_u2.c ****       }
ARM GAS  C:\Users\40918\AppData\Local\Temp\ccDNylh8.s 			page 81


 2271              		.loc 1 804 9 is_stmt 0 view .LVU647
 2272 02a0 C4E7     		b	.L173
 2273              	.LVL228:
 2274              	.L178:
 804:Core/Src/app_modbus_u2.c ****       }
 2275              		.loc 1 804 9 view .LVU648
 2276              	.LBE12:
 796:Core/Src/app_modbus_u2.c ****     }
 2277              		.loc 1 796 21 view .LVU649
 2278 02a2 4FF0000A 		mov	r10, #0
 2279              	.LVL229:
 796:Core/Src/app_modbus_u2.c ****     }
 2280              		.loc 1 796 21 view .LVU650
 2281 02a6 CAE7     		b	.L172
 2282              	.LVL230:
 2283              	.L191:
 815:Core/Src/app_modbus_u2.c ****       return HAL_OK;
 2284              		.loc 1 815 7 is_stmt 1 view .LVU651
 815:Core/Src/app_modbus_u2.c ****       return HAL_OK;
 2285              		.loc 1 815 14 is_stmt 0 view .LVU652
 2286 02a8 236A     		ldr	r3, [r4, #32]
 815:Core/Src/app_modbus_u2.c ****       return HAL_OK;
 2287              		.loc 1 815 10 view .LVU653
 2288 02aa F3B1     		cbz	r3, .L138
 815:Core/Src/app_modbus_u2.c ****       return HAL_OK;
 2289              		.loc 1 815 32 is_stmt 1 discriminator 1 view .LVU654
 815:Core/Src/app_modbus_u2.c ****       return HAL_OK;
 2290              		.loc 1 815 41 is_stmt 0 discriminator 1 view .LVU655
 2291 02ac DA68     		ldr	r2, [r3, #12]
 815:Core/Src/app_modbus_u2.c ****       return HAL_OK;
 2292              		.loc 1 815 55 discriminator 1 view .LVU656
 2293 02ae 0132     		adds	r2, r2, #1
 2294 02b0 DA60     		str	r2, [r3, #12]
 816:Core/Src/app_modbus_u2.c ****     }
 2295              		.loc 1 816 7 is_stmt 1 view .LVU657
 816:Core/Src/app_modbus_u2.c ****     }
 2296              		.loc 1 816 14 is_stmt 0 view .LVU658
 2297 02b2 1AE0     		b	.L138
 2298              	.L195:
 2299              		.align	2
 2300              	.L194:
 2301 02b4 00000000 		.word	s_modbus_req_seq
 2302 02b8 00000000 		.word	s_usart2_tx_done
 2303 02bc 00000000 		.word	.LC8
 2304 02c0 34000000 		.word	.LC9
 2305 02c4 60000000 		.word	.LC10
 2306 02c8 9C000000 		.word	.LC11
 2307 02cc CC000000 		.word	.LC12
 2308 02d0 F8000000 		.word	.LC13
 2309 02d4 48010000 		.word	.LC14
 2310 02d8 6C010000 		.word	.LC15
 2311 02dc 00000000 		.word	s_modbus_rx_stream
 2312 02e0 78010000 		.word	.LC16
 2313              	.LVL231:
 2314              	.L176:
 653:Core/Src/app_modbus_u2.c ****   }
 2315              		.loc 1 653 12 view .LVU659
ARM GAS  C:\Users\40918\AppData\Local\Temp\ccDNylh8.s 			page 82


 2316 02e4 0127     		movs	r7, #1
 2317 02e6 00E0     		b	.L138
 2318              	.L177:
 653:Core/Src/app_modbus_u2.c ****   }
 2319              		.loc 1 653 12 view .LVU660
 2320 02e8 0127     		movs	r7, #1
 2321              	.LVL232:
 2322              	.L138:
 819:Core/Src/app_modbus_u2.c **** 
 2323              		.loc 1 819 1 view .LVU661
 2324 02ea 3846     		mov	r0, r7
 2325 02ec 35B0     		add	sp, sp, #212
 2326              	.LCFI35:
 2327              		.cfi_def_cfa_offset 36
 2328              		@ sp needed
 2329 02ee BDE8F08F 		pop	{r4, r5, r6, r7, r8, r9, r10, fp, pc}
 819:Core/Src/app_modbus_u2.c **** 
 2330              		.loc 1 819 1 view .LVU662
 2331              		.cfi_endproc
 2332              	.LFE249:
 2334 02f2 00BF     		.section	.rodata.AppModbusU2_Write07xx1Hz.str1.4,"aMS",%progbits,1
 2335              		.align	2
 2336              	.LC17:
 2337 0000 5B4D4F44 		.ascii	"[MODBUS-U2] write group too large start=0x%04X qty="
 2337      4255532D 
 2337      55325D20 
 2337      77726974 
 2337      65206772 
 2338 0033 25750D0A 		.ascii	"%u\015\012\000"
 2338      00
 2339              		.align	2
 2340              	.LC18:
 2341 0038 5B4D4F44 		.ascii	"[MODBUS-U2] unsupported write qty=%u addr=0x%04X\015"
 2341      4255532D 
 2341      55325D20 
 2341      756E7375 
 2341      70706F72 
 2342 0069 0A00     		.ascii	"\012\000"
 2343              		.section	.text.AppModbusU2_Write07xx1Hz,"ax",%progbits
 2344              		.align	1
 2345              		.syntax unified
 2346              		.thumb
 2347              		.thumb_func
 2349              	AppModbusU2_Write07xx1Hz:
 2350              	.LVL233:
 2351              	.LFB253:
 908:Core/Src/app_modbus_u2.c ****   uint16_t regs[32];
 2352              		.loc 1 908 1 is_stmt 1 view -0
 2353              		.cfi_startproc
 2354              		@ args = 0, pretend = 0, frame = 64
 2355              		@ frame_needed = 0, uses_anonymous_args = 0
 908:Core/Src/app_modbus_u2.c ****   uint16_t regs[32];
 2356              		.loc 1 908 1 is_stmt 0 view .LVU664
 2357 0000 2DE9F04F 		push	{r4, r5, r6, r7, r8, r9, r10, fp, lr}
 2358              	.LCFI36:
 2359              		.cfi_def_cfa_offset 36
 2360              		.cfi_offset 4, -36
ARM GAS  C:\Users\40918\AppData\Local\Temp\ccDNylh8.s 			page 83


 2361              		.cfi_offset 5, -32
 2362              		.cfi_offset 6, -28
 2363              		.cfi_offset 7, -24
 2364              		.cfi_offset 8, -20
 2365              		.cfi_offset 9, -16
 2366              		.cfi_offset 10, -12
 2367              		.cfi_offset 11, -8
 2368              		.cfi_offset 14, -4
 2369 0004 91B0     		sub	sp, sp, #68
 2370              	.LCFI37:
 2371              		.cfi_def_cfa_offset 104
 2372 0006 8146     		mov	r9, r0
 909:Core/Src/app_modbus_u2.c ****   HAL_StatusTypeDef ret;
 2373              		.loc 1 909 3 is_stmt 1 view .LVU665
 910:Core/Src/app_modbus_u2.c ****   uint8_t all_ok = 1U;
 2374              		.loc 1 910 3 view .LVU666
 911:Core/Src/app_modbus_u2.c ****   uint32_t n;
 2375              		.loc 1 911 3 view .LVU667
 2376              	.LVL234:
 912:Core/Src/app_modbus_u2.c ****   uint32_t i;
 2377              		.loc 1 912 3 view .LVU668
 913:Core/Src/app_modbus_u2.c ****   uint32_t j;
 2378              		.loc 1 913 3 view .LVU669
 914:Core/Src/app_modbus_u2.c ****   uint16_t start_addr;
 2379              		.loc 1 914 3 view .LVU670
 915:Core/Src/app_modbus_u2.c ****   uint16_t group_qty;
 2380              		.loc 1 915 3 view .LVU671
 916:Core/Src/app_modbus_u2.c ****   uint16_t cur_addr_end;
 2381              		.loc 1 916 3 view .LVU672
 917:Core/Src/app_modbus_u2.c ****   uint16_t reg_pos;
 2382              		.loc 1 917 3 view .LVU673
 918:Core/Src/app_modbus_u2.c **** 
 2383              		.loc 1 918 3 view .LVU674
 920:Core/Src/app_modbus_u2.c ****   i = 0U;
 2384              		.loc 1 920 3 view .LVU675
 921:Core/Src/app_modbus_u2.c ****   while (i < n)
 2385              		.loc 1 921 3 view .LVU676
 922:Core/Src/app_modbus_u2.c ****   {
 2386              		.loc 1 922 3 view .LVU677
 921:Core/Src/app_modbus_u2.c ****   while (i < n)
 2387              		.loc 1 921 5 is_stmt 0 view .LVU678
 2388 0008 0024     		movs	r4, #0
 911:Core/Src/app_modbus_u2.c ****   uint32_t n;
 2389              		.loc 1 911 11 view .LVU679
 2390 000a 4FF0010B 		mov	fp, #1
 2391              	.LVL235:
 2392              	.L197:
 922:Core/Src/app_modbus_u2.c ****   {
 2393              		.loc 1 922 12 is_stmt 1 view .LVU680
 2394 000e 062C     		cmp	r4, #6
 2395 0010 72D8     		bhi	.L203
 924:Core/Src/app_modbus_u2.c ****     group_qty = s_write_07xx_list[i].qty;
 2396              		.loc 1 924 5 view .LVU681
 924:Core/Src/app_modbus_u2.c ****     group_qty = s_write_07xx_list[i].qty;
 2397              		.loc 1 924 16 is_stmt 0 view .LVU682
 2398 0012 504B     		ldr	r3, .L225
 2399 0014 04EB4402 		add	r2, r4, r4, lsl #1
ARM GAS  C:\Users\40918\AppData\Local\Temp\ccDNylh8.s 			page 84


 2400 0018 03EB4201 		add	r1, r3, r2, lsl #1
 2401 001c 33F812A0 		ldrh	r10, [r3, r2, lsl #1]
 2402              	.LVL236:
 925:Core/Src/app_modbus_u2.c ****     cur_addr_end = (uint16_t)(start_addr + group_qty);
 2403              		.loc 1 925 5 is_stmt 1 view .LVU683
 925:Core/Src/app_modbus_u2.c ****     cur_addr_end = (uint16_t)(start_addr + group_qty);
 2404              		.loc 1 925 15 is_stmt 0 view .LVU684
 2405 0020 B1F80280 		ldrh	r8, [r1, #2]
 2406              	.LVL237:
 926:Core/Src/app_modbus_u2.c **** 
 2407              		.loc 1 926 5 is_stmt 1 view .LVU685
 926:Core/Src/app_modbus_u2.c **** 
 2408              		.loc 1 926 18 is_stmt 0 view .LVU686
 2409 0024 0AEB0802 		add	r2, r10, r8
 2410 0028 92B2     		uxth	r2, r2
 2411              	.LVL238:
 928:Core/Src/app_modbus_u2.c ****     while (j < n)
 2412              		.loc 1 928 5 is_stmt 1 view .LVU687
 928:Core/Src/app_modbus_u2.c ****     while (j < n)
 2413              		.loc 1 928 7 is_stmt 0 view .LVU688
 2414 002a 651C     		adds	r5, r4, #1
 2415              	.LVL239:
 929:Core/Src/app_modbus_u2.c ****     {
 2416              		.loc 1 929 5 is_stmt 1 view .LVU689
 2417              	.L198:
 929:Core/Src/app_modbus_u2.c ****     {
 2418              		.loc 1 929 14 view .LVU690
 2419 002c 062D     		cmp	r5, #6
 2420 002e 13D8     		bhi	.L199
 931:Core/Src/app_modbus_u2.c ****       {
 2421              		.loc 1 931 7 view .LVU691
 931:Core/Src/app_modbus_u2.c ****       {
 2422              		.loc 1 931 31 is_stmt 0 view .LVU692
 2423 0030 05EB4503 		add	r3, r5, r5, lsl #1
 2424 0034 4749     		ldr	r1, .L225
 2425 0036 31F81330 		ldrh	r3, [r1, r3, lsl #1]
 931:Core/Src/app_modbus_u2.c ****       {
 2426              		.loc 1 931 10 view .LVU693
 2427 003a 9342     		cmp	r3, r2
 2428 003c 0CD1     		bne	.L199
 935:Core/Src/app_modbus_u2.c ****       cur_addr_end = (uint16_t)(cur_addr_end + s_write_07xx_list[j].qty);
 2429              		.loc 1 935 7 is_stmt 1 view .LVU694
 935:Core/Src/app_modbus_u2.c ****       cur_addr_end = (uint16_t)(cur_addr_end + s_write_07xx_list[j].qty);
 2430              		.loc 1 935 62 is_stmt 0 view .LVU695
 2431 003e 05EB4501 		add	r1, r5, r5, lsl #1
 2432 0042 444B     		ldr	r3, .L225
 2433 0044 03EB4103 		add	r3, r3, r1, lsl #1
 2434 0048 5B88     		ldrh	r3, [r3, #2]
 935:Core/Src/app_modbus_u2.c ****       cur_addr_end = (uint16_t)(cur_addr_end + s_write_07xx_list[j].qty);
 2435              		.loc 1 935 17 view .LVU696
 2436 004a 9844     		add	r8, r8, r3
 2437              	.LVL240:
 935:Core/Src/app_modbus_u2.c ****       cur_addr_end = (uint16_t)(cur_addr_end + s_write_07xx_list[j].qty);
 2438              		.loc 1 935 17 view .LVU697
 2439 004c 1FFA88F8 		uxth	r8, r8
 2440              	.LVL241:
 936:Core/Src/app_modbus_u2.c ****       j++;
ARM GAS  C:\Users\40918\AppData\Local\Temp\ccDNylh8.s 			page 85


 2441              		.loc 1 936 7 is_stmt 1 view .LVU698
 936:Core/Src/app_modbus_u2.c ****       j++;
 2442              		.loc 1 936 20 is_stmt 0 view .LVU699
 2443 0050 1344     		add	r3, r3, r2
 2444 0052 9AB2     		uxth	r2, r3
 2445              	.LVL242:
 937:Core/Src/app_modbus_u2.c ****     }
 2446              		.loc 1 937 7 is_stmt 1 view .LVU700
 937:Core/Src/app_modbus_u2.c ****     }
 2447              		.loc 1 937 8 is_stmt 0 view .LVU701
 2448 0054 0135     		adds	r5, r5, #1
 2449              	.LVL243:
 937:Core/Src/app_modbus_u2.c ****     }
 2450              		.loc 1 937 8 view .LVU702
 2451 0056 E9E7     		b	.L198
 2452              	.L199:
 940:Core/Src/app_modbus_u2.c ****     {
 2453              		.loc 1 940 5 is_stmt 1 view .LVU703
 940:Core/Src/app_modbus_u2.c ****     {
 2454              		.loc 1 940 8 is_stmt 0 view .LVU704
 2455 0058 B8F1200F 		cmp	r8, #32
 2456 005c 01D8     		bhi	.L218
 949:Core/Src/app_modbus_u2.c ****     while (i < j)
 2457              		.loc 1 949 13 view .LVU705
 2458 005e 0026     		movs	r6, #0
 2459 0060 1CE0     		b	.L201
 2460              	.L218:
 2461              	.LBB13:
 942:Core/Src/app_modbus_u2.c ****       U2LOGE("[MODBUS-U2] write group too large start=0x%04X qty=%u\r\n",
 2462              		.loc 1 942 7 is_stmt 1 view .LVU706
 942:Core/Src/app_modbus_u2.c ****       U2LOGE("[MODBUS-U2] write group too large start=0x%04X qty=%u\r\n",
 2463              		.loc 1 942 14 is_stmt 0 view .LVU707
 2464 0062 D9F82030 		ldr	r3, [r9, #32]
 942:Core/Src/app_modbus_u2.c ****       U2LOGE("[MODBUS-U2] write group too large start=0x%04X qty=%u\r\n",
 2465              		.loc 1 942 10 view .LVU708
 2466 0066 13B1     		cbz	r3, .L202
 942:Core/Src/app_modbus_u2.c ****       U2LOGE("[MODBUS-U2] write group too large start=0x%04X qty=%u\r\n",
 2467              		.loc 1 942 32 is_stmt 1 discriminator 1 view .LVU709
 942:Core/Src/app_modbus_u2.c ****       U2LOGE("[MODBUS-U2] write group too large start=0x%04X qty=%u\r\n",
 2468              		.loc 1 942 41 is_stmt 0 discriminator 1 view .LVU710
 2469 0068 1A69     		ldr	r2, [r3, #16]
 2470              	.LVL244:
 942:Core/Src/app_modbus_u2.c ****       U2LOGE("[MODBUS-U2] write group too large start=0x%04X qty=%u\r\n",
 2471              		.loc 1 942 57 discriminator 1 view .LVU711
 2472 006a 0132     		adds	r2, r2, #1
 2473 006c 1A61     		str	r2, [r3, #16]
 2474              	.L202:
 943:Core/Src/app_modbus_u2.c ****            (unsigned int)start_addr,
 2475              		.loc 1 943 7 is_stmt 1 view .LVU712
 2476 006e 4246     		mov	r2, r8
 2477 0070 5146     		mov	r1, r10
 2478 0072 3948     		ldr	r0, .L225+4
 2479 0074 FFF7FEFF 		bl	printf
 2480              	.LVL245:
 946:Core/Src/app_modbus_u2.c ****     }
 2481              		.loc 1 946 7 view .LVU713
 946:Core/Src/app_modbus_u2.c ****     }
ARM GAS  C:\Users\40918\AppData\Local\Temp\ccDNylh8.s 			page 86


 2482              		.loc 1 946 14 is_stmt 0 view .LVU714
 2483 0078 4FF0000B 		mov	fp, #0
 2484              	.LVL246:
 946:Core/Src/app_modbus_u2.c ****     }
 2485              		.loc 1 946 14 view .LVU715
 2486 007c 3CE0     		b	.L203
 2487              	.LVL247:
 2488              	.L221:
 946:Core/Src/app_modbus_u2.c ****     }
 2489              		.loc 1 946 14 view .LVU716
 2490              	.LBE13:
 954:Core/Src/app_modbus_u2.c ****         {
 2491              		.loc 1 954 9 is_stmt 1 view .LVU717
 954:Core/Src/app_modbus_u2.c ****         {
 2492              		.loc 1 954 62 is_stmt 0 view .LVU718
 2493 007e 3549     		ldr	r1, .L225
 2494 0080 01EB4201 		add	r1, r1, r2, lsl #1
 954:Core/Src/app_modbus_u2.c ****         {
 2495              		.loc 1 954 13 view .LVU719
 2496 0084 0223     		movs	r3, #2
 2497 0086 0DEB4602 		add	r2, sp, r6, lsl #1
 2498 008a 8988     		ldrh	r1, [r1, #4]
 2499 008c 4846     		mov	r0, r9
 2500 008e FFF7FEFF 		bl	AppModbusU2_FloatToRegs
 2501              	.LVL248:
 954:Core/Src/app_modbus_u2.c ****         {
 2502              		.loc 1 954 12 discriminator 1 view .LVU720
 2503 0092 0228     		cmp	r0, #2
 2504 0094 5AD1     		bne	.L219
 2505              	.L205:
 974:Core/Src/app_modbus_u2.c ****       i++;
 2506              		.loc 1 974 7 is_stmt 1 view .LVU721
 974:Core/Src/app_modbus_u2.c ****       i++;
 2507              		.loc 1 974 15 is_stmt 0 view .LVU722
 2508 0096 3E44     		add	r6, r6, r7
 2509              	.LVL249:
 974:Core/Src/app_modbus_u2.c ****       i++;
 2510              		.loc 1 974 15 view .LVU723
 2511 0098 B6B2     		uxth	r6, r6
 2512              	.LVL250:
 975:Core/Src/app_modbus_u2.c ****     }
 2513              		.loc 1 975 7 is_stmt 1 view .LVU724
 975:Core/Src/app_modbus_u2.c ****     }
 2514              		.loc 1 975 8 is_stmt 0 view .LVU725
 2515 009a 0134     		adds	r4, r4, #1
 2516              	.LVL251:
 2517              	.L201:
 950:Core/Src/app_modbus_u2.c ****     {
 2518              		.loc 1 950 14 is_stmt 1 view .LVU726
 2519 009c AC42     		cmp	r4, r5
 2520 009e 2FD2     		bcs	.L220
 952:Core/Src/app_modbus_u2.c ****       {
 2521              		.loc 1 952 7 view .LVU727
 952:Core/Src/app_modbus_u2.c ****       {
 2522              		.loc 1 952 31 is_stmt 0 view .LVU728
 2523 00a0 04EB4402 		add	r2, r4, r4, lsl #1
 2524 00a4 2B4B     		ldr	r3, .L225
ARM GAS  C:\Users\40918\AppData\Local\Temp\ccDNylh8.s 			page 87


 2525 00a6 03EB4203 		add	r3, r3, r2, lsl #1
 2526 00aa 5F88     		ldrh	r7, [r3, #2]
 952:Core/Src/app_modbus_u2.c ****       {
 2527              		.loc 1 952 10 view .LVU729
 2528 00ac 022F     		cmp	r7, #2
 2529 00ae E6D0     		beq	.L221
 959:Core/Src/app_modbus_u2.c ****       {
 2530              		.loc 1 959 12 is_stmt 1 view .LVU730
 959:Core/Src/app_modbus_u2.c ****       {
 2531              		.loc 1 959 15 is_stmt 0 view .LVU731
 2532 00b0 012F     		cmp	r7, #1
 2533 00b2 10D1     		bne	.L206
 961:Core/Src/app_modbus_u2.c ****         {
 2534              		.loc 1 961 9 is_stmt 1 view .LVU732
 961:Core/Src/app_modbus_u2.c ****         {
 2535              		.loc 1 961 60 is_stmt 0 view .LVU733
 2536 00b4 04EB4403 		add	r3, r4, r4, lsl #1
 2537 00b8 2649     		ldr	r1, .L225
 2538 00ba 01EB4301 		add	r1, r1, r3, lsl #1
 961:Core/Src/app_modbus_u2.c ****         {
 2539              		.loc 1 961 13 view .LVU734
 2540 00be 0123     		movs	r3, #1
 2541 00c0 0DEB4602 		add	r2, sp, r6, lsl #1
 2542 00c4 8988     		ldrh	r1, [r1, #4]
 2543 00c6 4846     		mov	r0, r9
 2544 00c8 FFF7FEFF 		bl	AppModbusU2_U16ToRegs
 2545              	.LVL252:
 961:Core/Src/app_modbus_u2.c ****         {
 2546              		.loc 1 961 12 discriminator 1 view .LVU735
 2547 00cc 0128     		cmp	r0, #1
 2548 00ce E2D0     		beq	.L205
 963:Core/Src/app_modbus_u2.c ****         }
 2549              		.loc 1 963 18 view .LVU736
 2550 00d0 4FF0000B 		mov	fp, #0
 2551              	.LVL253:
 963:Core/Src/app_modbus_u2.c ****         }
 2552              		.loc 1 963 18 view .LVU737
 2553 00d4 10E0     		b	.L203
 2554              	.LVL254:
 2555              	.L206:
 2556              	.LBB14:
 968:Core/Src/app_modbus_u2.c ****         U2LOGE("[MODBUS-U2] unsupported write qty=%u addr=0x%04X\r\n",
 2557              		.loc 1 968 9 is_stmt 1 view .LVU738
 968:Core/Src/app_modbus_u2.c ****         U2LOGE("[MODBUS-U2] unsupported write qty=%u addr=0x%04X\r\n",
 2558              		.loc 1 968 16 is_stmt 0 view .LVU739
 2559 00d6 D9F82030 		ldr	r3, [r9, #32]
 968:Core/Src/app_modbus_u2.c ****         U2LOGE("[MODBUS-U2] unsupported write qty=%u addr=0x%04X\r\n",
 2560              		.loc 1 968 12 view .LVU740
 2561 00da 13B1     		cbz	r3, .L207
 968:Core/Src/app_modbus_u2.c ****         U2LOGE("[MODBUS-U2] unsupported write qty=%u addr=0x%04X\r\n",
 2562              		.loc 1 968 34 is_stmt 1 discriminator 1 view .LVU741
 968:Core/Src/app_modbus_u2.c ****         U2LOGE("[MODBUS-U2] unsupported write qty=%u addr=0x%04X\r\n",
 2563              		.loc 1 968 43 is_stmt 0 discriminator 1 view .LVU742
 2564 00dc 1A69     		ldr	r2, [r3, #16]
 968:Core/Src/app_modbus_u2.c ****         U2LOGE("[MODBUS-U2] unsupported write qty=%u addr=0x%04X\r\n",
 2565              		.loc 1 968 59 discriminator 1 view .LVU743
 2566 00de 0132     		adds	r2, r2, #1
ARM GAS  C:\Users\40918\AppData\Local\Temp\ccDNylh8.s 			page 88


 2567 00e0 1A61     		str	r2, [r3, #16]
 2568              	.L207:
 969:Core/Src/app_modbus_u2.c ****              (unsigned int)s_write_07xx_list[i].qty,
 2569              		.loc 1 969 9 is_stmt 1 view .LVU744
 2570 00e2 04EB4404 		add	r4, r4, r4, lsl #1
 2571              	.LVL255:
 969:Core/Src/app_modbus_u2.c ****              (unsigned int)s_write_07xx_list[i].qty,
 2572              		.loc 1 969 9 is_stmt 0 view .LVU745
 2573 00e6 1B4B     		ldr	r3, .L225
 2574 00e8 33F81420 		ldrh	r2, [r3, r4, lsl #1]
 2575 00ec 3946     		mov	r1, r7
 2576 00ee 1B48     		ldr	r0, .L225+8
 2577 00f0 FFF7FEFF 		bl	printf
 2578              	.LVL256:
 972:Core/Src/app_modbus_u2.c ****       }
 2579              		.loc 1 972 9 is_stmt 1 view .LVU746
 972:Core/Src/app_modbus_u2.c ****       }
 2580              		.loc 1 972 16 is_stmt 0 view .LVU747
 2581 00f4 4FF0000B 		mov	fp, #0
 2582              	.LVL257:
 2583              	.L203:
 972:Core/Src/app_modbus_u2.c ****       }
 2584              		.loc 1 972 16 view .LVU748
 2585              	.LBE14:
1000:Core/Src/app_modbus_u2.c **** 
 2586              		.loc 1 1000 1 view .LVU749
 2587 00f8 5846     		mov	r0, fp
 2588 00fa 11B0     		add	sp, sp, #68
 2589              	.LCFI38:
 2590              		.cfi_remember_state
 2591              		.cfi_def_cfa_offset 36
 2592              		@ sp needed
 2593 00fc BDE8F08F 		pop	{r4, r5, r6, r7, r8, r9, r10, fp, pc}
 2594              	.LVL258:
 2595              	.L220:
 2596              	.LCFI39:
 2597              		.cfi_restore_state
 978:Core/Src/app_modbus_u2.c ****     if (ret == HAL_TIMEOUT)
 2598              		.loc 1 978 5 is_stmt 1 view .LVU750
 978:Core/Src/app_modbus_u2.c ****     if (ret == HAL_TIMEOUT)
 2599              		.loc 1 978 11 is_stmt 0 view .LVU751
 2600 0100 6B46     		mov	r3, sp
 2601 0102 4246     		mov	r2, r8
 2602 0104 5146     		mov	r1, r10
 2603 0106 4846     		mov	r0, r9
 2604 0108 FFF7FEFF 		bl	AppModbusU2_SendAndWaitWrite
 2605              	.LVL259:
 979:Core/Src/app_modbus_u2.c ****     {
 2606              		.loc 1 979 5 is_stmt 1 view .LVU752
 979:Core/Src/app_modbus_u2.c ****     {
 2607              		.loc 1 979 8 is_stmt 0 view .LVU753
 2608 010c 0328     		cmp	r0, #3
 2609 010e 05D0     		beq	.L222
 2610              	.L209:
 985:Core/Src/app_modbus_u2.c ****     {
 2611              		.loc 1 985 5 is_stmt 1 view .LVU754
 985:Core/Src/app_modbus_u2.c ****     {
ARM GAS  C:\Users\40918\AppData\Local\Temp\ccDNylh8.s 			page 89


 2612              		.loc 1 985 8 is_stmt 0 view .LVU755
 2613 0110 58B1     		cbz	r0, .L223
 992:Core/Src/app_modbus_u2.c ****       if (ret == HAL_TIMEOUT)
 2614              		.loc 1 992 7 is_stmt 1 view .LVU756
 2615              	.LVL260:
 993:Core/Src/app_modbus_u2.c ****       {
 2616              		.loc 1 993 7 view .LVU757
 993:Core/Src/app_modbus_u2.c ****       {
 2617              		.loc 1 993 10 is_stmt 0 view .LVU758
 2618 0112 0328     		cmp	r0, #3
 2619 0114 13D0     		beq	.L224
 992:Core/Src/app_modbus_u2.c ****       if (ret == HAL_TIMEOUT)
 2620              		.loc 1 992 14 view .LVU759
 2621 0116 4FF0000B 		mov	fp, #0
 2622 011a 78E7     		b	.L197
 2623              	.LVL261:
 2624              	.L222:
 982:Core/Src/app_modbus_u2.c ****     }
 2625              		.loc 1 982 7 is_stmt 1 view .LVU760
 982:Core/Src/app_modbus_u2.c ****     }
 2626              		.loc 1 982 13 is_stmt 0 view .LVU761
 2627 011c 6B46     		mov	r3, sp
 2628 011e 4246     		mov	r2, r8
 2629 0120 5146     		mov	r1, r10
 2630 0122 4846     		mov	r0, r9
 2631              	.LVL262:
 982:Core/Src/app_modbus_u2.c ****     }
 2632              		.loc 1 982 13 view .LVU762
 2633 0124 FFF7FEFF 		bl	AppModbusU2_SendAndWaitWrite
 2634              	.LVL263:
 982:Core/Src/app_modbus_u2.c ****     }
 2635              		.loc 1 982 13 view .LVU763
 2636 0128 F2E7     		b	.L209
 2637              	.L223:
 987:Core/Src/app_modbus_u2.c ****       AppModbusU2_ClearSentLowVoltageStates(ctx, start_addr, group_qty);
 2638              		.loc 1 987 7 is_stmt 1 view .LVU764
 987:Core/Src/app_modbus_u2.c ****       AppModbusU2_ClearSentLowVoltageStates(ctx, start_addr, group_qty);
 2639              		.loc 1 987 30 is_stmt 0 view .LVU765
 2640 012a 0D4A     		ldr	r2, .L225+12
 2641 012c 1368     		ldr	r3, [r2]
 2642 012e 0133     		adds	r3, r3, #1
 2643 0130 1360     		str	r3, [r2]
 988:Core/Src/app_modbus_u2.c ****     }
 2644              		.loc 1 988 7 is_stmt 1 view .LVU766
 2645 0132 4246     		mov	r2, r8
 2646 0134 5146     		mov	r1, r10
 2647 0136 4846     		mov	r0, r9
 2648              	.LVL264:
 988:Core/Src/app_modbus_u2.c ****     }
 2649              		.loc 1 988 7 is_stmt 0 view .LVU767
 2650 0138 FFF7FEFF 		bl	AppModbusU2_ClearSentLowVoltageStates
 2651              	.LVL265:
 2652 013c 67E7     		b	.L197
 2653              	.LVL266:
 2654              	.L224:
 995:Core/Src/app_modbus_u2.c ****       }
 2655              		.loc 1 995 9 is_stmt 1 view .LVU768
ARM GAS  C:\Users\40918\AppData\Local\Temp\ccDNylh8.s 			page 90


 995:Core/Src/app_modbus_u2.c ****       }
 2656              		.loc 1 995 37 is_stmt 0 view .LVU769
 2657 013e 094A     		ldr	r2, .L225+16
 2658 0140 1368     		ldr	r3, [r2]
 2659 0142 0133     		adds	r3, r3, #1
 2660 0144 1360     		str	r3, [r2]
 992:Core/Src/app_modbus_u2.c ****       if (ret == HAL_TIMEOUT)
 2661              		.loc 1 992 14 view .LVU770
 2662 0146 4FF0000B 		mov	fp, #0
 2663 014a 60E7     		b	.L197
 2664              	.LVL267:
 2665              	.L219:
 956:Core/Src/app_modbus_u2.c ****         }
 2666              		.loc 1 956 18 view .LVU771
 2667 014c 4FF0000B 		mov	fp, #0
 2668              	.LVL268:
 956:Core/Src/app_modbus_u2.c ****         }
 2669              		.loc 1 956 18 view .LVU772
 2670 0150 D2E7     		b	.L203
 2671              	.L226:
 2672 0152 00BF     		.align	2
 2673              	.L225:
 2674 0154 00000000 		.word	s_write_07xx_list
 2675 0158 00000000 		.word	.LC17
 2676 015c 38000000 		.word	.LC18
 2677 0160 00000000 		.word	s_modbus_write_ok_count
 2678 0164 00000000 		.word	s_modbus_write_timeout_count
 2679              		.cfi_endproc
 2680              	.LFE253:
 2682              		.section	.rodata.AppModbusU2_ClearTriggerFlags.str1.4,"aMS",%progbits,1
 2683              		.align	2
 2684              	.LC19:
 2685 0000 5B4D4F44 		.ascii	"[MODBUS-U2] trigger flags clear failed ret=%ld\015\012"
 2685      4255532D 
 2685      55325D20 
 2685      74726967 
 2685      67657220 
 2686 0030 00       		.ascii	"\000"
 2687              		.section	.text.AppModbusU2_ClearTriggerFlags,"ax",%progbits
 2688              		.align	1
 2689              		.syntax unified
 2690              		.thumb
 2691              		.thumb_func
 2693              	AppModbusU2_ClearTriggerFlags:
 2694              	.LVL269:
 2695              	.LFB256:
1254:Core/Src/app_modbus_u2.c ****   uint16_t regs[3] = {0U, 0U, 0U};
 2696              		.loc 1 1254 1 is_stmt 1 view -0
 2697              		.cfi_startproc
 2698              		@ args = 0, pretend = 0, frame = 8
 2699              		@ frame_needed = 0, uses_anonymous_args = 0
1254:Core/Src/app_modbus_u2.c ****   uint16_t regs[3] = {0U, 0U, 0U};
 2700              		.loc 1 1254 1 is_stmt 0 view .LVU774
 2701 0000 10B5     		push	{r4, lr}
 2702              	.LCFI40:
 2703              		.cfi_def_cfa_offset 8
 2704              		.cfi_offset 4, -8
ARM GAS  C:\Users\40918\AppData\Local\Temp\ccDNylh8.s 			page 91


 2705              		.cfi_offset 14, -4
 2706 0002 82B0     		sub	sp, sp, #8
 2707              	.LCFI41:
 2708              		.cfi_def_cfa_offset 16
1255:Core/Src/app_modbus_u2.c ****   HAL_StatusTypeDef ret;
 2709              		.loc 1 1255 3 is_stmt 1 view .LVU775
1255:Core/Src/app_modbus_u2.c ****   HAL_StatusTypeDef ret;
 2710              		.loc 1 1255 12 is_stmt 0 view .LVU776
 2711 0004 0023     		movs	r3, #0
 2712 0006 ADF80030 		strh	r3, [sp]	@ movhi
 2713 000a ADF80230 		strh	r3, [sp, #2]	@ movhi
 2714 000e ADF80430 		strh	r3, [sp, #4]	@ movhi
1256:Core/Src/app_modbus_u2.c **** 
 2715              		.loc 1 1256 3 is_stmt 1 view .LVU777
1258:Core/Src/app_modbus_u2.c ****   {
 2716              		.loc 1 1258 3 view .LVU778
1258:Core/Src/app_modbus_u2.c ****   {
 2717              		.loc 1 1258 6 is_stmt 0 view .LVU779
 2718 0012 48B1     		cbz	r0, .L227
 2719 0014 0446     		mov	r4, r0
1264:Core/Src/app_modbus_u2.c ****   if (ret == HAL_TIMEOUT)
 2720              		.loc 1 1264 3 is_stmt 1 view .LVU780
1264:Core/Src/app_modbus_u2.c ****   if (ret == HAL_TIMEOUT)
 2721              		.loc 1 1264 9 is_stmt 0 view .LVU781
 2722 0016 6B46     		mov	r3, sp
 2723 0018 0322     		movs	r2, #3
 2724 001a 4FF42F61 		mov	r1, #2800
 2725 001e FFF7FEFF 		bl	AppModbusU2_SendAndWaitWrite
 2726              	.LVL270:
1265:Core/Src/app_modbus_u2.c ****   {
 2727              		.loc 1 1265 3 is_stmt 1 view .LVU782
1265:Core/Src/app_modbus_u2.c ****   {
 2728              		.loc 1 1265 6 is_stmt 0 view .LVU783
 2729 0022 0328     		cmp	r0, #3
 2730 0024 02D0     		beq	.L233
 2731              	.L230:
1270:Core/Src/app_modbus_u2.c ****   {
 2732              		.loc 1 1270 3 is_stmt 1 view .LVU784
1270:Core/Src/app_modbus_u2.c ****   {
 2733              		.loc 1 1270 6 is_stmt 0 view .LVU785
 2734 0026 48B9     		cbnz	r0, .L234
 2735              	.LVL271:
 2736              	.L227:
1278:Core/Src/app_modbus_u2.c **** 
 2737              		.loc 1 1278 1 view .LVU786
 2738 0028 02B0     		add	sp, sp, #8
 2739              	.LCFI42:
 2740              		.cfi_remember_state
 2741              		.cfi_def_cfa_offset 8
 2742              		@ sp needed
 2743 002a 10BD     		pop	{r4, pc}
 2744              	.LVL272:
 2745              	.L233:
 2746              	.LCFI43:
 2747              		.cfi_restore_state
1267:Core/Src/app_modbus_u2.c ****   }
 2748              		.loc 1 1267 5 is_stmt 1 view .LVU787
ARM GAS  C:\Users\40918\AppData\Local\Temp\ccDNylh8.s 			page 92


1267:Core/Src/app_modbus_u2.c ****   }
 2749              		.loc 1 1267 11 is_stmt 0 view .LVU788
 2750 002c 6B46     		mov	r3, sp
 2751 002e 0322     		movs	r2, #3
 2752 0030 4FF42F61 		mov	r1, #2800
 2753 0034 2046     		mov	r0, r4
 2754              	.LVL273:
1267:Core/Src/app_modbus_u2.c ****   }
 2755              		.loc 1 1267 11 view .LVU789
 2756 0036 FFF7FEFF 		bl	AppModbusU2_SendAndWaitWrite
 2757              	.LVL274:
1267:Core/Src/app_modbus_u2.c ****   }
 2758              		.loc 1 1267 11 view .LVU790
 2759 003a F4E7     		b	.L230
 2760              	.L234:
 2761              	.LBB15:
1276:Core/Src/app_modbus_u2.c ****   }
 2762              		.loc 1 1276 5 is_stmt 1 view .LVU791
 2763 003c 0146     		mov	r1, r0
 2764 003e 0248     		ldr	r0, .L235
 2765              	.LVL275:
1276:Core/Src/app_modbus_u2.c ****   }
 2766              		.loc 1 1276 5 is_stmt 0 view .LVU792
 2767 0040 FFF7FEFF 		bl	printf
 2768              	.LVL276:
 2769 0044 F0E7     		b	.L227
 2770              	.L236:
 2771 0046 00BF     		.align	2
 2772              	.L235:
 2773 0048 00000000 		.word	.LC19
 2774              	.LBE15:
 2775              		.cfi_endproc
 2776              	.LFE256:
 2778              		.section	.text.AppModbusU2_ParseExpectedFromStream,"ax",%progbits
 2779              		.align	1
 2780              		.syntax unified
 2781              		.thumb
 2782              		.thumb_func
 2784              	AppModbusU2_ParseExpectedFromStream:
 2785              	.LVL277:
 2786              	.LFB247:
 370:Core/Src/app_modbus_u2.c ****   uint16_t i;
 2787              		.loc 1 370 1 is_stmt 1 view -0
 2788              		.cfi_startproc
 2789              		@ args = 8, pretend = 0, frame = 0
 2790              		@ frame_needed = 0, uses_anonymous_args = 0
 371:Core/Src/app_modbus_u2.c ****   uint16_t frame_len;
 2791              		.loc 1 371 3 view .LVU794
 372:Core/Src/app_modbus_u2.c ****   uint16_t crc_calc;
 2792              		.loc 1 372 3 view .LVU795
 373:Core/Src/app_modbus_u2.c ****   uint16_t crc_rx;
 2793              		.loc 1 373 3 view .LVU796
 374:Core/Src/app_modbus_u2.c ****   uint8_t expected_byte_count;
 2794              		.loc 1 374 3 view .LVU797
 375:Core/Src/app_modbus_u2.c **** 
 2795              		.loc 1 375 3 view .LVU798
 377:Core/Src/app_modbus_u2.c ****   {
ARM GAS  C:\Users\40918\AppData\Local\Temp\ccDNylh8.s 			page 93


 2796              		.loc 1 377 3 view .LVU799
 377:Core/Src/app_modbus_u2.c ****   {
 2797              		.loc 1 377 6 is_stmt 0 view .LVU800
 2798 0000 0028     		cmp	r0, #0
 2799 0002 47D0     		beq	.L243
 370:Core/Src/app_modbus_u2.c ****   uint16_t i;
 2800              		.loc 1 370 1 view .LVU801
 2801 0004 2DE9F047 		push	{r4, r5, r6, r7, r8, r9, r10, lr}
 2802              	.LCFI44:
 2803              		.cfi_def_cfa_offset 32
 2804              		.cfi_offset 4, -32
 2805              		.cfi_offset 5, -28
 2806              		.cfi_offset 6, -24
 2807              		.cfi_offset 7, -20
 2808              		.cfi_offset 8, -16
 2809              		.cfi_offset 9, -12
 2810              		.cfi_offset 10, -8
 2811              		.cfi_offset 14, -4
 2812 0008 0E46     		mov	r6, r1
 2813 000a 1746     		mov	r7, r2
 2814 000c 0546     		mov	r5, r0
 377:Core/Src/app_modbus_u2.c ****   {
 2815              		.loc 1 377 21 discriminator 1 view .LVU802
 2816 000e 089A     		ldr	r2, [sp, #32]
 2817              	.LVL278:
 377:Core/Src/app_modbus_u2.c ****   {
 2818              		.loc 1 377 21 discriminator 1 view .LVU803
 2819 0010 002A     		cmp	r2, #0
 2820 0012 41D0     		beq	.L244
 377:Core/Src/app_modbus_u2.c ****   {
 2821              		.loc 1 377 38 discriminator 2 view .LVU804
 2822 0014 0429     		cmp	r1, #4
 2823 0016 41D9     		bls	.L245
 382:Core/Src/app_modbus_u2.c ****   frame_len = (uint16_t)(5U + expected_byte_count);
 2824              		.loc 1 382 3 is_stmt 1 view .LVU805
 382:Core/Src/app_modbus_u2.c ****   frame_len = (uint16_t)(5U + expected_byte_count);
 2825              		.loc 1 382 25 is_stmt 0 view .LVU806
 2826 0018 DBB2     		uxtb	r3, r3
 2827              	.LVL279:
 382:Core/Src/app_modbus_u2.c ****   frame_len = (uint16_t)(5U + expected_byte_count);
 2828              		.loc 1 382 23 view .LVU807
 2829 001a 4FEA4308 		lsl	r8, r3, #1
 2830 001e 5FFA88F8 		uxtb	r8, r8
 2831              	.LVL280:
 383:Core/Src/app_modbus_u2.c ****   if (frame_len > len)
 2832              		.loc 1 383 3 is_stmt 1 view .LVU808
 383:Core/Src/app_modbus_u2.c ****   if (frame_len > len)
 2833              		.loc 1 383 13 is_stmt 0 view .LVU809
 2834 0022 08F10509 		add	r9, r8, #5
 2835              	.LVL281:
 384:Core/Src/app_modbus_u2.c ****   {
 2836              		.loc 1 384 3 is_stmt 1 view .LVU810
 384:Core/Src/app_modbus_u2.c ****   {
 2837              		.loc 1 384 6 is_stmt 0 view .LVU811
 2838 0026 4945     		cmp	r1, r9
 2839 0028 3AD3     		bcc	.L246
 389:Core/Src/app_modbus_u2.c ****   {
ARM GAS  C:\Users\40918\AppData\Local\Temp\ccDNylh8.s 			page 94


 2840              		.loc 1 389 10 view .LVU812
 2841 002a 0024     		movs	r4, #0
 2842 002c 01E0     		b	.L239
 2843              	.LVL282:
 2844              	.L240:
 389:Core/Src/app_modbus_u2.c ****   {
 2845              		.loc 1 389 51 is_stmt 1 discriminator 2 view .LVU813
 2846 002e 0134     		adds	r4, r4, #1
 2847              	.LVL283:
 389:Core/Src/app_modbus_u2.c ****   {
 2848              		.loc 1 389 51 is_stmt 0 discriminator 2 view .LVU814
 2849 0030 A4B2     		uxth	r4, r4
 2850              	.LVL284:
 2851              	.L239:
 389:Core/Src/app_modbus_u2.c ****   {
 2852              		.loc 1 389 42 is_stmt 1 discriminator 1 view .LVU815
 389:Core/Src/app_modbus_u2.c ****   {
 2853              		.loc 1 389 16 is_stmt 0 discriminator 1 view .LVU816
 2854 0032 04EB0903 		add	r3, r4, r9
 2855 0036 9BB2     		uxth	r3, r3
 389:Core/Src/app_modbus_u2.c ****   {
 2856              		.loc 1 389 42 discriminator 1 view .LVU817
 2857 0038 B342     		cmp	r3, r6
 2858 003a 28D8     		bhi	.L251
 391:Core/Src/app_modbus_u2.c ****     {
 2859              		.loc 1 391 5 is_stmt 1 view .LVU818
 391:Core/Src/app_modbus_u2.c ****     {
 2860              		.loc 1 391 13 is_stmt 0 view .LVU819
 2861 003c 05EB040A 		add	r10, r5, r4
 2862 0040 2B5D     		ldrb	r3, [r5, r4]	@ zero_extendqisi2
 391:Core/Src/app_modbus_u2.c ****     {
 2863              		.loc 1 391 8 view .LVU820
 2864 0042 BB42     		cmp	r3, r7
 2865 0044 F3D1     		bne	.L240
 391:Core/Src/app_modbus_u2.c ****     {
 2866              		.loc 1 391 37 discriminator 2 view .LVU821
 2867 0046 9AF80130 		ldrb	r3, [r10, #1]	@ zero_extendqisi2
 391:Core/Src/app_modbus_u2.c ****     {
 2868              		.loc 1 391 30 discriminator 2 view .LVU822
 2869 004a 032B     		cmp	r3, #3
 2870 004c EFD1     		bne	.L240
 391:Core/Src/app_modbus_u2.c ****     {
 2871              		.loc 1 391 63 discriminator 4 view .LVU823
 2872 004e 9AF80230 		ldrb	r3, [r10, #2]	@ zero_extendqisi2
 391:Core/Src/app_modbus_u2.c ****     {
 2873              		.loc 1 391 56 discriminator 4 view .LVU824
 2874 0052 4345     		cmp	r3, r8
 2875 0054 EBD1     		bne	.L240
 396:Core/Src/app_modbus_u2.c ****     crc_rx = (uint16_t)buf[i + frame_len - 2U] | ((uint16_t)buf[i + frame_len - 1U] << 8);
 2876              		.loc 1 396 5 is_stmt 1 view .LVU825
 396:Core/Src/app_modbus_u2.c ****     crc_rx = (uint16_t)buf[i + frame_len - 2U] | ((uint16_t)buf[i + frame_len - 1U] << 8);
 2877              		.loc 1 396 16 is_stmt 0 view .LVU826
 2878 0056 08F10301 		add	r1, r8, #3
 2879 005a 5046     		mov	r0, r10
 2880 005c FFF7FEFF 		bl	ModbusMaster_Crc16
 2881              	.LVL285:
 397:Core/Src/app_modbus_u2.c ****     if (crc_calc != crc_rx)
ARM GAS  C:\Users\40918\AppData\Local\Temp\ccDNylh8.s 			page 95


 2882              		.loc 1 397 5 is_stmt 1 view .LVU827
 397:Core/Src/app_modbus_u2.c ****     if (crc_calc != crc_rx)
 2883              		.loc 1 397 30 is_stmt 0 view .LVU828
 2884 0060 04EB0903 		add	r3, r4, r9
 397:Core/Src/app_modbus_u2.c ****     if (crc_calc != crc_rx)
 2885              		.loc 1 397 27 view .LVU829
 2886 0064 2B44     		add	r3, r3, r5
 2887 0066 13F8022C 		ldrb	r2, [r3, #-2]	@ zero_extendqisi2
 397:Core/Src/app_modbus_u2.c ****     if (crc_calc != crc_rx)
 2888              		.loc 1 397 64 view .LVU830
 2889 006a 13F8013C 		ldrb	r3, [r3, #-1]	@ zero_extendqisi2
 397:Core/Src/app_modbus_u2.c ****     if (crc_calc != crc_rx)
 2890              		.loc 1 397 12 view .LVU831
 2891 006e 42EA0323 		orr	r3, r2, r3, lsl #8
 2892              	.LVL286:
 398:Core/Src/app_modbus_u2.c ****     {
 2893              		.loc 1 398 5 is_stmt 1 view .LVU832
 398:Core/Src/app_modbus_u2.c ****     {
 2894              		.loc 1 398 8 is_stmt 0 view .LVU833
 2895 0072 9842     		cmp	r0, r3
 2896 0074 DBD1     		bne	.L240
 403:Core/Src/app_modbus_u2.c ****     {
 2897              		.loc 1 403 5 is_stmt 1 view .LVU834
 403:Core/Src/app_modbus_u2.c ****     {
 2898              		.loc 1 403 9 is_stmt 0 view .LVU835
 2899 0076 089A     		ldr	r2, [sp, #32]
 2900 0078 4946     		mov	r1, r9
 2901 007a 5046     		mov	r0, r10
 2902              	.LVL287:
 403:Core/Src/app_modbus_u2.c ****     {
 2903              		.loc 1 403 9 view .LVU836
 2904 007c FFF7FEFF 		bl	ModbusMaster_ParseReadHoldingResp
 2905              	.LVL288:
 403:Core/Src/app_modbus_u2.c ****     {
 2906              		.loc 1 403 8 discriminator 1 view .LVU837
 2907 0080 0128     		cmp	r0, #1
 2908 0082 D4D1     		bne	.L240
 405:Core/Src/app_modbus_u2.c ****       {
 2909              		.loc 1 405 7 is_stmt 1 view .LVU838
 405:Core/Src/app_modbus_u2.c ****       {
 2910              		.loc 1 405 10 is_stmt 0 view .LVU839
 2911 0084 099B     		ldr	r3, [sp, #36]
 2912 0086 1BB1     		cbz	r3, .L238
 407:Core/Src/app_modbus_u2.c ****       }
 2913              		.loc 1 407 9 is_stmt 1 view .LVU840
 407:Core/Src/app_modbus_u2.c ****       }
 2914              		.loc 1 407 22 is_stmt 0 view .LVU841
 2915 0088 A3F80090 		strh	r9, [r3]	@ movhi
 409:Core/Src/app_modbus_u2.c ****     }
 2916              		.loc 1 409 7 is_stmt 1 view .LVU842
 409:Core/Src/app_modbus_u2.c ****     }
 2917              		.loc 1 409 14 is_stmt 0 view .LVU843
 2918 008c 00E0     		b	.L238
 2919              	.LVL289:
 2920              	.L251:
 413:Core/Src/app_modbus_u2.c **** }
 2921              		.loc 1 413 10 view .LVU844
ARM GAS  C:\Users\40918\AppData\Local\Temp\ccDNylh8.s 			page 96


 2922 008e 0020     		movs	r0, #0
 2923              	.LVL290:
 2924              	.L238:
 414:Core/Src/app_modbus_u2.c **** 
 2925              		.loc 1 414 1 view .LVU845
 2926 0090 BDE8F087 		pop	{r4, r5, r6, r7, r8, r9, r10, pc}
 2927              	.LVL291:
 2928              	.L243:
 2929              	.LCFI45:
 2930              		.cfi_def_cfa_offset 0
 2931              		.cfi_restore 4
 2932              		.cfi_restore 5
 2933              		.cfi_restore 6
 2934              		.cfi_restore 7
 2935              		.cfi_restore 8
 2936              		.cfi_restore 9
 2937              		.cfi_restore 10
 2938              		.cfi_restore 14
 379:Core/Src/app_modbus_u2.c ****   }
 2939              		.loc 1 379 12 view .LVU846
 2940 0094 0020     		movs	r0, #0
 2941              	.LVL292:
 414:Core/Src/app_modbus_u2.c **** 
 2942              		.loc 1 414 1 view .LVU847
 2943 0096 7047     		bx	lr
 2944              	.LVL293:
 2945              	.L244:
 2946              	.LCFI46:
 2947              		.cfi_def_cfa_offset 32
 2948              		.cfi_offset 4, -32
 2949              		.cfi_offset 5, -28
 2950              		.cfi_offset 6, -24
 2951              		.cfi_offset 7, -20
 2952              		.cfi_offset 8, -16
 2953              		.cfi_offset 9, -12
 2954              		.cfi_offset 10, -8
 2955              		.cfi_offset 14, -4
 379:Core/Src/app_modbus_u2.c ****   }
 2956              		.loc 1 379 12 view .LVU848
 2957 0098 0020     		movs	r0, #0
 2958              	.LVL294:
 379:Core/Src/app_modbus_u2.c ****   }
 2959              		.loc 1 379 12 view .LVU849
 2960 009a F9E7     		b	.L238
 2961              	.LVL295:
 2962              	.L245:
 379:Core/Src/app_modbus_u2.c ****   }
 2963              		.loc 1 379 12 view .LVU850
 2964 009c 0020     		movs	r0, #0
 2965              	.LVL296:
 379:Core/Src/app_modbus_u2.c ****   }
 2966              		.loc 1 379 12 view .LVU851
 2967 009e F7E7     		b	.L238
 2968              	.LVL297:
 2969              	.L246:
 386:Core/Src/app_modbus_u2.c ****   }
 2970              		.loc 1 386 12 view .LVU852
ARM GAS  C:\Users\40918\AppData\Local\Temp\ccDNylh8.s 			page 97


 2971 00a0 0020     		movs	r0, #0
 2972              	.LVL298:
 386:Core/Src/app_modbus_u2.c ****   }
 2973              		.loc 1 386 12 view .LVU853
 2974 00a2 F5E7     		b	.L238
 2975              		.cfi_endproc
 2976              	.LFE247:
 2978              		.section	.rodata.AppModbusU2_SendAndWaitRead.str1.4,"aMS",%progbits,1
 2979              		.align	2
 2980              	.LC20:
 2981 0000 5B4D4F44 		.ascii	"[MODBUS-U2] build req failed addr=0x%04X qty=%u\015"
 2981      4255532D 
 2981      55325D20 
 2981      6275696C 
 2981      64207265 
 2982 0030 0A00     		.ascii	"\012\000"
 2983 0032 0000     		.align	2
 2984              	.LC21:
 2985 0034 5B4D4F44 		.ascii	"[MODBUS-U2] req#%lu tx dma start failed err=0x%08lX"
 2985      4255532D 
 2985      55325D20 
 2985      72657123 
 2985      256C7520 
 2986 0067 0D0A00   		.ascii	"\015\012\000"
 2987 006a 0000     		.align	2
 2988              	.LC22:
 2989 006c 5B4D4F44 		.ascii	"[MODBUS-U2] req#%lu tx complete timeout\015\012\000"
 2989      4255532D 
 2989      55325D20 
 2989      72657123 
 2989      256C7520 
 2990 0096 0000     		.align	2
 2991              	.LC23:
 2992 0098 5B4D4F44 		.ascii	"[MODBUS-U2] req#%lu tx tc timeout\015\012\000"
 2992      4255532D 
 2992      55325D20 
 2992      72657123 
 2992      256C7520 
 2993              		.align	2
 2994              	.LC24:
 2995 00bc 5B4D4F44 		.ascii	"[MODBUS-U2] req#%lu rx response window start failed"
 2995      4255532D 
 2995      55325D20 
 2995      72657123 
 2995      256C7520 
 2996 00ef 20726574 		.ascii	" ret=%ld err=0x%08lX\015\012\000"
 2996      3D256C64 
 2996      20657272 
 2996      3D307825 
 2996      30386C58 
 2997 0106 0000     		.align	2
 2998              	.LC25:
 2999 0108 72782077 		.ascii	"rx wait\000"
 2999      61697400 
 3000              		.align	2
 3001              	.LC26:
 3002 0110 72782D74 		.ascii	"rx-timeout-stream\000"
ARM GAS  C:\Users\40918\AppData\Local\Temp\ccDNylh8.s 			page 98


 3002      696D656F 
 3002      75742D73 
 3002      74726561 
 3002      6D00
 3003              		.section	.text.AppModbusU2_SendAndWaitRead,"ax",%progbits
 3004              		.align	1
 3005              		.syntax unified
 3006              		.thumb
 3007              		.thumb_func
 3009              	AppModbusU2_SendAndWaitRead:
 3010              	.LVL299:
 3011              	.LFB248:
 417:Core/Src/app_modbus_u2.c ****   modbus_read_req_t req;
 3012              		.loc 1 417 1 is_stmt 1 view -0
 3013              		.cfi_startproc
 3014              		@ args = 0, pretend = 0, frame = 168
 3015              		@ frame_needed = 0, uses_anonymous_args = 0
 417:Core/Src/app_modbus_u2.c ****   modbus_read_req_t req;
 3016              		.loc 1 417 1 is_stmt 0 view .LVU855
 3017 0000 2DE9F04F 		push	{r4, r5, r6, r7, r8, r9, r10, fp, lr}
 3018              	.LCFI47:
 3019              		.cfi_def_cfa_offset 36
 3020              		.cfi_offset 4, -36
 3021              		.cfi_offset 5, -32
 3022              		.cfi_offset 6, -28
 3023              		.cfi_offset 7, -24
 3024              		.cfi_offset 8, -20
 3025              		.cfi_offset 9, -16
 3026              		.cfi_offset 10, -12
 3027              		.cfi_offset 11, -8
 3028              		.cfi_offset 14, -4
 3029 0004 ADB0     		sub	sp, sp, #180
 3030              	.LCFI48:
 3031              		.cfi_def_cfa_offset 216
 3032 0006 0446     		mov	r4, r0
 3033 0008 0F46     		mov	r7, r1
 3034 000a 1646     		mov	r6, r2
 3035 000c 1D46     		mov	r5, r3
 418:Core/Src/app_modbus_u2.c ****   uint8_t tx_frame[8];
 3036              		.loc 1 418 3 is_stmt 1 view .LVU856
 419:Core/Src/app_modbus_u2.c ****   uint16_t tx_len;
 3037              		.loc 1 419 3 view .LVU857
 420:Core/Src/app_modbus_u2.c ****   modbus_event_msg_t rx_msg;
 3038              		.loc 1 420 3 view .LVU858
 421:Core/Src/app_modbus_u2.c ****   uint32_t start_tick = HAL_GetTick();
 3039              		.loc 1 421 3 view .LVU859
 422:Core/Src/app_modbus_u2.c ****   uint32_t req_id;
 3040              		.loc 1 422 3 view .LVU860
 422:Core/Src/app_modbus_u2.c ****   uint32_t req_id;
 3041              		.loc 1 422 25 is_stmt 0 view .LVU861
 3042 000e FFF7FEFF 		bl	HAL_GetTick
 3043              	.LVL300:
 423:Core/Src/app_modbus_u2.c ****   uint16_t preview_n;
 3044              		.loc 1 423 3 is_stmt 1 view .LVU862
 424:Core/Src/app_modbus_u2.c ****   uint16_t i;
 3045              		.loc 1 424 3 view .LVU863
 425:Core/Src/app_modbus_u2.c ****   uint16_t matched_len = 0U;
ARM GAS  C:\Users\40918\AppData\Local\Temp\ccDNylh8.s 			page 99


 3046              		.loc 1 425 3 view .LVU864
 426:Core/Src/app_modbus_u2.c ****   uint16_t rx_stream_len = 0U;
 3047              		.loc 1 426 3 view .LVU865
 426:Core/Src/app_modbus_u2.c ****   uint16_t rx_stream_len = 0U;
 3048              		.loc 1 426 12 is_stmt 0 view .LVU866
 3049 0012 0023     		movs	r3, #0
 3050 0014 ADF81630 		strh	r3, [sp, #22]	@ movhi
 427:Core/Src/app_modbus_u2.c ****   uint32_t wait_start_tick;
 3051              		.loc 1 427 3 is_stmt 1 view .LVU867
 3052              	.LVL301:
 428:Core/Src/app_modbus_u2.c ****   uint32_t elapsed;
 3053              		.loc 1 428 3 view .LVU868
 429:Core/Src/app_modbus_u2.c ****   uint32_t remain_ms;
 3054              		.loc 1 429 3 view .LVU869
 430:Core/Src/app_modbus_u2.c ****   HAL_StatusTypeDef rearm_ret;
 3055              		.loc 1 430 3 view .LVU870
 431:Core/Src/app_modbus_u2.c **** 
 3056              		.loc 1 431 3 view .LVU871
 433:Core/Src/app_modbus_u2.c ****   {
 3057              		.loc 1 433 3 view .LVU872
 433:Core/Src/app_modbus_u2.c ****   {
 3058              		.loc 1 433 6 is_stmt 0 view .LVU873
 3059 0018 002C     		cmp	r4, #0
 3060 001a 00F08081 		beq	.L290
 3061 001e 8046     		mov	r8, r0
 433:Core/Src/app_modbus_u2.c ****   {
 3062              		.loc 1 433 21 discriminator 1 view .LVU874
 3063 0020 002D     		cmp	r5, #0
 3064 0022 00F07F81 		beq	.L291
 437:Core/Src/app_modbus_u2.c **** 
 3065              		.loc 1 437 3 is_stmt 1 view .LVU875
 3066 0026 4822     		movs	r2, #72
 3067 0028 1946     		mov	r1, r3
 3068 002a 2846     		mov	r0, r5
 3069              	.LVL302:
 437:Core/Src/app_modbus_u2.c **** 
 3070              		.loc 1 437 3 is_stmt 0 view .LVU876
 3071 002c FFF7FEFF 		bl	memset
 3072              	.LVL303:
 439:Core/Src/app_modbus_u2.c ****   req.function_code = 0x03U;
 3073              		.loc 1 439 3 is_stmt 1 view .LVU877
 439:Core/Src/app_modbus_u2.c ****   req.function_code = 0x03U;
 3074              		.loc 1 439 21 is_stmt 0 view .LVU878
 3075 0030 94F82430 		ldrb	r3, [r4, #36]	@ zero_extendqisi2
 439:Core/Src/app_modbus_u2.c ****   req.function_code = 0x03U;
 3076              		.loc 1 439 16 view .LVU879
 3077 0034 8DF8A830 		strb	r3, [sp, #168]
 440:Core/Src/app_modbus_u2.c ****   req.start_addr = start_addr;
 3078              		.loc 1 440 3 is_stmt 1 view .LVU880
 440:Core/Src/app_modbus_u2.c ****   req.start_addr = start_addr;
 3079              		.loc 1 440 21 is_stmt 0 view .LVU881
 3080 0038 0323     		movs	r3, #3
 3081 003a 8DF8A930 		strb	r3, [sp, #169]
 441:Core/Src/app_modbus_u2.c ****   req.quantity = quantity;
 3082              		.loc 1 441 3 is_stmt 1 view .LVU882
 441:Core/Src/app_modbus_u2.c ****   req.quantity = quantity;
 3083              		.loc 1 441 18 is_stmt 0 view .LVU883
ARM GAS  C:\Users\40918\AppData\Local\Temp\ccDNylh8.s 			page 100


 3084 003e ADF8AA70 		strh	r7, [sp, #170]	@ movhi
 442:Core/Src/app_modbus_u2.c ****   tx_len = ModbusMaster_BuildReadHolding(&req, tx_frame, sizeof(tx_frame));
 3085              		.loc 1 442 3 is_stmt 1 view .LVU884
 442:Core/Src/app_modbus_u2.c ****   tx_len = ModbusMaster_BuildReadHolding(&req, tx_frame, sizeof(tx_frame));
 3086              		.loc 1 442 16 is_stmt 0 view .LVU885
 3087 0042 ADF8AC60 		strh	r6, [sp, #172]	@ movhi
 443:Core/Src/app_modbus_u2.c ****   if (tx_len == 0U)
 3088              		.loc 1 443 3 is_stmt 1 view .LVU886
 443:Core/Src/app_modbus_u2.c ****   if (tx_len == 0U)
 3089              		.loc 1 443 12 is_stmt 0 view .LVU887
 3090 0046 0822     		movs	r2, #8
 3091 0048 28A9     		add	r1, sp, #160
 3092 004a 2AA8     		add	r0, sp, #168
 3093 004c FFF7FEFF 		bl	ModbusMaster_BuildReadHolding
 3094              	.LVL304:
 444:Core/Src/app_modbus_u2.c ****   {
 3095              		.loc 1 444 3 is_stmt 1 view .LVU888
 444:Core/Src/app_modbus_u2.c ****   {
 3096              		.loc 1 444 6 is_stmt 0 view .LVU889
 3097 0050 8246     		mov	r10, r0
 3098 0052 F8B1     		cbz	r0, .L294
 452:Core/Src/app_modbus_u2.c ****   req_id = s_modbus_req_seq;
 3099              		.loc 1 452 3 is_stmt 1 view .LVU890
 452:Core/Src/app_modbus_u2.c ****   req_id = s_modbus_req_seq;
 3100              		.loc 1 452 19 is_stmt 0 view .LVU891
 3101 0054 A14B     		ldr	r3, .L308
 3102 0056 1A68     		ldr	r2, [r3]
 3103 0058 02F10109 		add	r9, r2, #1
 3104 005c C3F80090 		str	r9, [r3]
 453:Core/Src/app_modbus_u2.c **** #if MODBUS_U2_LOG_REQ_DETAIL
 3105              		.loc 1 453 3 is_stmt 1 view .LVU892
 3106              	.LVL305:
 465:Core/Src/app_modbus_u2.c ****   {
 3107              		.loc 1 465 3 view .LVU893
 465:Core/Src/app_modbus_u2.c ****   {
 3108              		.loc 1 465 10 is_stmt 0 view .LVU894
 3109 0060 2369     		ldr	r3, [r4, #16]
 465:Core/Src/app_modbus_u2.c ****   {
 3110              		.loc 1 465 6 view .LVU895
 3111 0062 3BB1     		cbz	r3, .L256
 3112              	.LVL306:
 3113              	.L257:
 470:Core/Src/app_modbus_u2.c ****   }
 3114              		.loc 1 470 5 is_stmt 1 view .LVU896
 467:Core/Src/app_modbus_u2.c ****     {
 3115              		.loc 1 467 71 discriminator 1 view .LVU897
 467:Core/Src/app_modbus_u2.c ****     {
 3116              		.loc 1 467 12 is_stmt 0 discriminator 1 view .LVU898
 3117 0064 0023     		movs	r3, #0
 3118 0066 1A46     		mov	r2, r3
 3119 0068 06A9     		add	r1, sp, #24
 3120 006a 2069     		ldr	r0, [r4, #16]
 3121 006c FFF7FEFF 		bl	osMessageQueueGet
 3122              	.LVL307:
 467:Core/Src/app_modbus_u2.c ****     {
 3123              		.loc 1 467 71 discriminator 1 view .LVU899
 3124 0070 0028     		cmp	r0, #0
ARM GAS  C:\Users\40918\AppData\Local\Temp\ccDNylh8.s 			page 101


 3125 0072 F7D0     		beq	.L257
 3126              	.L256:
 472:Core/Src/app_modbus_u2.c **** 
 3127              		.loc 1 472 3 is_stmt 1 view .LVU900
 3128 0074 2046     		mov	r0, r4
 3129 0076 FFF7FEFF 		bl	AppModbusU2_StopRxDma
 3130              	.LVL308:
 474:Core/Src/app_modbus_u2.c ****   {
 3131              		.loc 1 474 3 view .LVU901
 3132              	.L258:
 474:Core/Src/app_modbus_u2.c ****   {
 3133              		.loc 1 474 27 view .LVU902
 3134 007a 994B     		ldr	r3, .L308+4
 3135 007c 1B78     		ldrb	r3, [r3]	@ zero_extendqisi2
 3136 007e 13BB     		cbnz	r3, .L295
 476:Core/Src/app_modbus_u2.c ****     {
 3137              		.loc 1 476 5 view .LVU903
 476:Core/Src/app_modbus_u2.c ****     {
 3138              		.loc 1 476 10 is_stmt 0 view .LVU904
 3139 0080 FFF7FEFF 		bl	HAL_GetTick
 3140              	.LVL309:
 476:Core/Src/app_modbus_u2.c ****     {
 3141              		.loc 1 476 24 discriminator 1 view .LVU905
 3142 0084 A0EB0803 		sub	r3, r0, r8
 476:Core/Src/app_modbus_u2.c ****     {
 3143              		.loc 1 476 8 discriminator 1 view .LVU906
 3144 0088 B3F5FA7F 		cmp	r3, #500
 3145 008c 0FD8     		bhi	.L296
 482:Core/Src/app_modbus_u2.c ****   }
 3146              		.loc 1 482 5 is_stmt 1 view .LVU907
 3147 008e FFF7FEFF 		bl	AppModbusU2_Delay1ms
 3148              	.LVL310:
 3149 0092 F2E7     		b	.L258
 3150              	.LVL311:
 3151              	.L294:
 3152              	.LBB16:
 446:Core/Src/app_modbus_u2.c ****     U2LOGE("[MODBUS-U2] build req failed addr=0x%04X qty=%u\r\n",
 3153              		.loc 1 446 5 view .LVU908
 446:Core/Src/app_modbus_u2.c ****     U2LOGE("[MODBUS-U2] build req failed addr=0x%04X qty=%u\r\n",
 3154              		.loc 1 446 12 is_stmt 0 view .LVU909
 3155 0094 236A     		ldr	r3, [r4, #32]
 446:Core/Src/app_modbus_u2.c ****     U2LOGE("[MODBUS-U2] build req failed addr=0x%04X qty=%u\r\n",
 3156              		.loc 1 446 8 view .LVU910
 3157 0096 13B1     		cbz	r3, .L255
 446:Core/Src/app_modbus_u2.c ****     U2LOGE("[MODBUS-U2] build req failed addr=0x%04X qty=%u\r\n",
 3158              		.loc 1 446 30 is_stmt 1 discriminator 1 view .LVU911
 446:Core/Src/app_modbus_u2.c ****     U2LOGE("[MODBUS-U2] build req failed addr=0x%04X qty=%u\r\n",
 3159              		.loc 1 446 39 is_stmt 0 discriminator 1 view .LVU912
 3160 0098 1A69     		ldr	r2, [r3, #16]
 446:Core/Src/app_modbus_u2.c ****     U2LOGE("[MODBUS-U2] build req failed addr=0x%04X qty=%u\r\n",
 3161              		.loc 1 446 55 discriminator 1 view .LVU913
 3162 009a 0132     		adds	r2, r2, #1
 3163 009c 1A61     		str	r2, [r3, #16]
 3164              	.L255:
 447:Core/Src/app_modbus_u2.c ****          (unsigned int)start_addr, (unsigned int)quantity);
 3165              		.loc 1 447 5 is_stmt 1 view .LVU914
 3166 009e 3246     		mov	r2, r6
ARM GAS  C:\Users\40918\AppData\Local\Temp\ccDNylh8.s 			page 102


 3167 00a0 3946     		mov	r1, r7
 3168 00a2 9048     		ldr	r0, .L308+8
 3169              	.LVL312:
 447:Core/Src/app_modbus_u2.c ****          (unsigned int)start_addr, (unsigned int)quantity);
 3170              		.loc 1 447 5 is_stmt 0 view .LVU915
 3171 00a4 FFF7FEFF 		bl	printf
 3172              	.LVL313:
 449:Core/Src/app_modbus_u2.c ****   }
 3173              		.loc 1 449 5 is_stmt 1 view .LVU916
 449:Core/Src/app_modbus_u2.c ****   }
 3174              		.loc 1 449 12 is_stmt 0 view .LVU917
 3175 00a8 4FF00108 		mov	r8, #1
 3176              	.LVL314:
 449:Core/Src/app_modbus_u2.c ****   }
 3177              		.loc 1 449 12 view .LVU918
 3178 00ac 3CE1     		b	.L253
 3179              	.LVL315:
 3180              	.L296:
 449:Core/Src/app_modbus_u2.c ****   }
 3181              		.loc 1 449 12 view .LVU919
 3182              	.LBE16:
 3183              	.LBB17:
 478:Core/Src/app_modbus_u2.c ****       U2LOGE("[MODBUS-U2] req#%lu wait-prev-tx timeout\r\n", (unsigned long)req_id);
 3184              		.loc 1 478 7 is_stmt 1 view .LVU920
 478:Core/Src/app_modbus_u2.c ****       U2LOGE("[MODBUS-U2] req#%lu wait-prev-tx timeout\r\n", (unsigned long)req_id);
 3185              		.loc 1 478 14 is_stmt 0 view .LVU921
 3186 00ae 236A     		ldr	r3, [r4, #32]
 478:Core/Src/app_modbus_u2.c ****       U2LOGE("[MODBUS-U2] req#%lu wait-prev-tx timeout\r\n", (unsigned long)req_id);
 3187              		.loc 1 478 10 view .LVU922
 3188 00b0 13B1     		cbz	r3, .L260
 478:Core/Src/app_modbus_u2.c ****       U2LOGE("[MODBUS-U2] req#%lu wait-prev-tx timeout\r\n", (unsigned long)req_id);
 3189              		.loc 1 478 32 is_stmt 1 discriminator 1 view .LVU923
 478:Core/Src/app_modbus_u2.c ****       U2LOGE("[MODBUS-U2] req#%lu wait-prev-tx timeout\r\n", (unsigned long)req_id);
 3190              		.loc 1 478 41 is_stmt 0 discriminator 1 view .LVU924
 3191 00b2 5A69     		ldr	r2, [r3, #20]
 478:Core/Src/app_modbus_u2.c ****       U2LOGE("[MODBUS-U2] req#%lu wait-prev-tx timeout\r\n", (unsigned long)req_id);
 3192              		.loc 1 478 60 discriminator 1 view .LVU925
 3193 00b4 0132     		adds	r2, r2, #1
 3194 00b6 5A61     		str	r2, [r3, #20]
 3195              	.L260:
 479:Core/Src/app_modbus_u2.c ****       return HAL_TIMEOUT;
 3196              		.loc 1 479 7 is_stmt 1 view .LVU926
 3197 00b8 4946     		mov	r1, r9
 3198 00ba 8B48     		ldr	r0, .L308+12
 3199 00bc FFF7FEFF 		bl	printf
 3200              	.LVL316:
 480:Core/Src/app_modbus_u2.c ****     }
 3201              		.loc 1 480 7 view .LVU927
 480:Core/Src/app_modbus_u2.c ****     }
 3202              		.loc 1 480 14 is_stmt 0 view .LVU928
 3203 00c0 4FF00308 		mov	r8, #3
 3204              	.LVL317:
 480:Core/Src/app_modbus_u2.c ****     }
 3205              		.loc 1 480 14 view .LVU929
 3206 00c4 30E1     		b	.L253
 3207              	.LVL318:
 3208              	.L295:
ARM GAS  C:\Users\40918\AppData\Local\Temp\ccDNylh8.s 			page 103


 480:Core/Src/app_modbus_u2.c ****     }
 3209              		.loc 1 480 14 view .LVU930
 3210              	.LBE17:
 485:Core/Src/app_modbus_u2.c ****   if (ctx->rs485_set_tx_usart2 != NULL) { ctx->rs485_set_tx_usart2(1U); }
 3211              		.loc 1 485 3 is_stmt 1 view .LVU931
 485:Core/Src/app_modbus_u2.c ****   if (ctx->rs485_set_tx_usart2 != NULL) { ctx->rs485_set_tx_usart2(1U); }
 3212              		.loc 1 485 20 is_stmt 0 view .LVU932
 3213 00c6 864B     		ldr	r3, .L308+4
 3214 00c8 0022     		movs	r2, #0
 3215 00ca 1A70     		strb	r2, [r3]
 486:Core/Src/app_modbus_u2.c ****   if (HAL_UART_Transmit_DMA(ctx->huart2, tx_frame, tx_len) != HAL_OK)
 3216              		.loc 1 486 3 is_stmt 1 view .LVU933
 486:Core/Src/app_modbus_u2.c ****   if (HAL_UART_Transmit_DMA(ctx->huart2, tx_frame, tx_len) != HAL_OK)
 3217              		.loc 1 486 10 is_stmt 0 view .LVU934
 3218 00cc 236B     		ldr	r3, [r4, #48]
 486:Core/Src/app_modbus_u2.c ****   if (HAL_UART_Transmit_DMA(ctx->huart2, tx_frame, tx_len) != HAL_OK)
 3219              		.loc 1 486 6 view .LVU935
 3220 00ce 0BB1     		cbz	r3, .L262
 486:Core/Src/app_modbus_u2.c ****   if (HAL_UART_Transmit_DMA(ctx->huart2, tx_frame, tx_len) != HAL_OK)
 3221              		.loc 1 486 43 is_stmt 1 discriminator 1 view .LVU936
 3222 00d0 0120     		movs	r0, #1
 3223 00d2 9847     		blx	r3
 3224              	.LVL319:
 3225              	.L262:
 487:Core/Src/app_modbus_u2.c ****   {
 3226              		.loc 1 487 3 view .LVU937
 487:Core/Src/app_modbus_u2.c ****   {
 3227              		.loc 1 487 7 is_stmt 0 view .LVU938
 3228 00d4 5246     		mov	r2, r10
 3229 00d6 28A9     		add	r1, sp, #160
 3230 00d8 2068     		ldr	r0, [r4]
 3231 00da FFF7FEFF 		bl	HAL_UART_Transmit_DMA
 3232              	.LVL320:
 487:Core/Src/app_modbus_u2.c ****   {
 3233              		.loc 1 487 6 discriminator 1 view .LVU939
 3234 00de A0B1     		cbz	r0, .L263
 3235              	.LBB18:
 489:Core/Src/app_modbus_u2.c ****     s_usart2_tx_done = 1U;
 3236              		.loc 1 489 5 is_stmt 1 view .LVU940
 489:Core/Src/app_modbus_u2.c ****     s_usart2_tx_done = 1U;
 3237              		.loc 1 489 12 is_stmt 0 view .LVU941
 3238 00e0 236B     		ldr	r3, [r4, #48]
 489:Core/Src/app_modbus_u2.c ****     s_usart2_tx_done = 1U;
 3239              		.loc 1 489 8 view .LVU942
 3240 00e2 0BB1     		cbz	r3, .L264
 489:Core/Src/app_modbus_u2.c ****     s_usart2_tx_done = 1U;
 3241              		.loc 1 489 45 is_stmt 1 discriminator 1 view .LVU943
 3242 00e4 0020     		movs	r0, #0
 3243 00e6 9847     		blx	r3
 3244              	.LVL321:
 3245              	.L264:
 490:Core/Src/app_modbus_u2.c ****     if (ctx->diag != NULL) { ctx->diag->uart2_req_fail++; }
 3246              		.loc 1 490 5 view .LVU944
 490:Core/Src/app_modbus_u2.c ****     if (ctx->diag != NULL) { ctx->diag->uart2_req_fail++; }
 3247              		.loc 1 490 22 is_stmt 0 view .LVU945
 3248 00e8 7D4B     		ldr	r3, .L308+4
 3249 00ea 0122     		movs	r2, #1
ARM GAS  C:\Users\40918\AppData\Local\Temp\ccDNylh8.s 			page 104


 3250 00ec 1A70     		strb	r2, [r3]
 491:Core/Src/app_modbus_u2.c ****     U2LOGE("[MODBUS-U2] req#%lu tx dma start failed err=0x%08lX\r\n",
 3251              		.loc 1 491 5 is_stmt 1 view .LVU946
 491:Core/Src/app_modbus_u2.c ****     U2LOGE("[MODBUS-U2] req#%lu tx dma start failed err=0x%08lX\r\n",
 3252              		.loc 1 491 12 is_stmt 0 view .LVU947
 3253 00ee 236A     		ldr	r3, [r4, #32]
 491:Core/Src/app_modbus_u2.c ****     U2LOGE("[MODBUS-U2] req#%lu tx dma start failed err=0x%08lX\r\n",
 3254              		.loc 1 491 8 view .LVU948
 3255 00f0 13B1     		cbz	r3, .L265
 491:Core/Src/app_modbus_u2.c ****     U2LOGE("[MODBUS-U2] req#%lu tx dma start failed err=0x%08lX\r\n",
 3256              		.loc 1 491 30 is_stmt 1 discriminator 1 view .LVU949
 491:Core/Src/app_modbus_u2.c ****     U2LOGE("[MODBUS-U2] req#%lu tx dma start failed err=0x%08lX\r\n",
 3257              		.loc 1 491 39 is_stmt 0 discriminator 1 view .LVU950
 3258 00f2 1A69     		ldr	r2, [r3, #16]
 491:Core/Src/app_modbus_u2.c ****     U2LOGE("[MODBUS-U2] req#%lu tx dma start failed err=0x%08lX\r\n",
 3259              		.loc 1 491 55 discriminator 1 view .LVU951
 3260 00f4 0132     		adds	r2, r2, #1
 3261 00f6 1A61     		str	r2, [r3, #16]
 3262              	.L265:
 492:Core/Src/app_modbus_u2.c ****          (unsigned long)req_id,
 3263              		.loc 1 492 5 is_stmt 1 view .LVU952
 3264 00f8 2368     		ldr	r3, [r4]
 3265 00fa 5A6C     		ldr	r2, [r3, #68]
 3266 00fc 4946     		mov	r1, r9
 3267 00fe 7B48     		ldr	r0, .L308+16
 3268 0100 FFF7FEFF 		bl	printf
 3269              	.LVL322:
 495:Core/Src/app_modbus_u2.c ****   }
 3270              		.loc 1 495 5 view .LVU953
 495:Core/Src/app_modbus_u2.c ****   }
 3271              		.loc 1 495 12 is_stmt 0 view .LVU954
 3272 0104 4FF00108 		mov	r8, #1
 3273              	.LVL323:
 495:Core/Src/app_modbus_u2.c ****   }
 3274              		.loc 1 495 12 view .LVU955
 3275 0108 0EE1     		b	.L253
 3276              	.LVL324:
 3277              	.L263:
 495:Core/Src/app_modbus_u2.c ****   }
 3278              		.loc 1 495 12 view .LVU956
 3279              	.LBE18:
 498:Core/Src/app_modbus_u2.c ****   while (s_usart2_tx_done == 0U)
 3280              		.loc 1 498 3 is_stmt 1 view .LVU957
 498:Core/Src/app_modbus_u2.c ****   while (s_usart2_tx_done == 0U)
 3281              		.loc 1 498 16 is_stmt 0 view .LVU958
 3282 010a FFF7FEFF 		bl	HAL_GetTick
 3283              	.LVL325:
 3284 010e 8046     		mov	r8, r0
 3285              	.LVL326:
 499:Core/Src/app_modbus_u2.c ****   {
 3286              		.loc 1 499 3 is_stmt 1 view .LVU959
 3287              	.L266:
 499:Core/Src/app_modbus_u2.c ****   {
 3288              		.loc 1 499 27 view .LVU960
 3289 0110 734B     		ldr	r3, .L308+4
 3290 0112 1B78     		ldrb	r3, [r3]	@ zero_extendqisi2
 3291 0114 CBB9     		cbnz	r3, .L297
ARM GAS  C:\Users\40918\AppData\Local\Temp\ccDNylh8.s 			page 105


 501:Core/Src/app_modbus_u2.c ****     {
 3292              		.loc 1 501 5 view .LVU961
 501:Core/Src/app_modbus_u2.c ****     {
 3293              		.loc 1 501 10 is_stmt 0 view .LVU962
 3294 0116 FFF7FEFF 		bl	HAL_GetTick
 3295              	.LVL327:
 501:Core/Src/app_modbus_u2.c ****     {
 3296              		.loc 1 501 24 discriminator 1 view .LVU963
 3297 011a A0EB0800 		sub	r0, r0, r8
 501:Core/Src/app_modbus_u2.c ****     {
 3298              		.loc 1 501 8 discriminator 1 view .LVU964
 3299 011e B0F5FA7F 		cmp	r0, #500
 3300 0122 02D8     		bhi	.L298
 508:Core/Src/app_modbus_u2.c ****   }
 3301              		.loc 1 508 5 is_stmt 1 view .LVU965
 3302 0124 FFF7FEFF 		bl	AppModbusU2_Delay1ms
 3303              	.LVL328:
 3304 0128 F2E7     		b	.L266
 3305              	.L298:
 3306              	.LBB19:
 503:Core/Src/app_modbus_u2.c ****       if (ctx->diag != NULL) { ctx->diag->uart2_req_timeout++; }
 3307              		.loc 1 503 7 view .LVU966
 503:Core/Src/app_modbus_u2.c ****       if (ctx->diag != NULL) { ctx->diag->uart2_req_timeout++; }
 3308              		.loc 1 503 14 is_stmt 0 view .LVU967
 3309 012a 236B     		ldr	r3, [r4, #48]
 503:Core/Src/app_modbus_u2.c ****       if (ctx->diag != NULL) { ctx->diag->uart2_req_timeout++; }
 3310              		.loc 1 503 10 view .LVU968
 3311 012c 0BB1     		cbz	r3, .L268
 503:Core/Src/app_modbus_u2.c ****       if (ctx->diag != NULL) { ctx->diag->uart2_req_timeout++; }
 3312              		.loc 1 503 47 is_stmt 1 discriminator 1 view .LVU969
 3313 012e 0020     		movs	r0, #0
 3314 0130 9847     		blx	r3
 3315              	.LVL329:
 3316              	.L268:
 504:Core/Src/app_modbus_u2.c ****       U2LOGE("[MODBUS-U2] req#%lu tx complete timeout\r\n", (unsigned long)req_id);
 3317              		.loc 1 504 7 view .LVU970
 504:Core/Src/app_modbus_u2.c ****       U2LOGE("[MODBUS-U2] req#%lu tx complete timeout\r\n", (unsigned long)req_id);
 3318              		.loc 1 504 14 is_stmt 0 view .LVU971
 3319 0132 236A     		ldr	r3, [r4, #32]
 504:Core/Src/app_modbus_u2.c ****       U2LOGE("[MODBUS-U2] req#%lu tx complete timeout\r\n", (unsigned long)req_id);
 3320              		.loc 1 504 10 view .LVU972
 3321 0134 13B1     		cbz	r3, .L269
 504:Core/Src/app_modbus_u2.c ****       U2LOGE("[MODBUS-U2] req#%lu tx complete timeout\r\n", (unsigned long)req_id);
 3322              		.loc 1 504 32 is_stmt 1 discriminator 1 view .LVU973
 504:Core/Src/app_modbus_u2.c ****       U2LOGE("[MODBUS-U2] req#%lu tx complete timeout\r\n", (unsigned long)req_id);
 3323              		.loc 1 504 41 is_stmt 0 discriminator 1 view .LVU974
 3324 0136 5A69     		ldr	r2, [r3, #20]
 504:Core/Src/app_modbus_u2.c ****       U2LOGE("[MODBUS-U2] req#%lu tx complete timeout\r\n", (unsigned long)req_id);
 3325              		.loc 1 504 60 discriminator 1 view .LVU975
 3326 0138 0132     		adds	r2, r2, #1
 3327 013a 5A61     		str	r2, [r3, #20]
 3328              	.L269:
 505:Core/Src/app_modbus_u2.c ****       return HAL_TIMEOUT;
 3329              		.loc 1 505 7 is_stmt 1 view .LVU976
 3330 013c 4946     		mov	r1, r9
 3331 013e 6C48     		ldr	r0, .L308+20
 3332 0140 FFF7FEFF 		bl	printf
ARM GAS  C:\Users\40918\AppData\Local\Temp\ccDNylh8.s 			page 106


 3333              	.LVL330:
 506:Core/Src/app_modbus_u2.c ****     }
 3334              		.loc 1 506 7 view .LVU977
 506:Core/Src/app_modbus_u2.c ****     }
 3335              		.loc 1 506 14 is_stmt 0 view .LVU978
 3336 0144 4FF00308 		mov	r8, #3
 3337              	.LVL331:
 506:Core/Src/app_modbus_u2.c ****     }
 3338              		.loc 1 506 14 view .LVU979
 3339 0148 EEE0     		b	.L253
 3340              	.LVL332:
 3341              	.L297:
 506:Core/Src/app_modbus_u2.c ****     }
 3342              		.loc 1 506 14 view .LVU980
 3343              	.LBE19:
 512:Core/Src/app_modbus_u2.c ****   while (__HAL_UART_GET_FLAG(ctx->huart2, UART_FLAG_TC) == RESET)
 3344              		.loc 1 512 3 is_stmt 1 view .LVU981
 512:Core/Src/app_modbus_u2.c ****   while (__HAL_UART_GET_FLAG(ctx->huart2, UART_FLAG_TC) == RESET)
 3345              		.loc 1 512 16 is_stmt 0 view .LVU982
 3346 014a FFF7FEFF 		bl	HAL_GetTick
 3347              	.LVL333:
 3348 014e 8046     		mov	r8, r0
 3349              	.LVL334:
 513:Core/Src/app_modbus_u2.c ****   {
 3350              		.loc 1 513 3 is_stmt 1 view .LVU983
 3351              	.L271:
 513:Core/Src/app_modbus_u2.c ****   {
 3352              		.loc 1 513 57 view .LVU984
 513:Core/Src/app_modbus_u2.c ****   {
 3353              		.loc 1 513 10 is_stmt 0 view .LVU985
 3354 0150 2368     		ldr	r3, [r4]
 3355 0152 1B68     		ldr	r3, [r3]
 3356 0154 1B68     		ldr	r3, [r3]
 513:Core/Src/app_modbus_u2.c ****   {
 3357              		.loc 1 513 57 view .LVU986
 3358 0156 13F0400F 		tst	r3, #64
 3359 015a 19D1     		bne	.L299
 515:Core/Src/app_modbus_u2.c ****     {
 3360              		.loc 1 515 5 is_stmt 1 view .LVU987
 515:Core/Src/app_modbus_u2.c ****     {
 3361              		.loc 1 515 10 is_stmt 0 view .LVU988
 3362 015c FFF7FEFF 		bl	HAL_GetTick
 3363              	.LVL335:
 515:Core/Src/app_modbus_u2.c ****     {
 3364              		.loc 1 515 24 discriminator 1 view .LVU989
 3365 0160 A0EB0800 		sub	r0, r0, r8
 515:Core/Src/app_modbus_u2.c ****     {
 3366              		.loc 1 515 8 discriminator 1 view .LVU990
 3367 0164 B0F5FA7F 		cmp	r0, #500
 3368 0168 02D8     		bhi	.L300
 522:Core/Src/app_modbus_u2.c ****   }
 3369              		.loc 1 522 5 is_stmt 1 view .LVU991
 3370 016a FFF7FEFF 		bl	AppModbusU2_Delay1ms
 3371              	.LVL336:
 3372 016e EFE7     		b	.L271
 3373              	.L300:
 3374              	.LBB20:
ARM GAS  C:\Users\40918\AppData\Local\Temp\ccDNylh8.s 			page 107


 517:Core/Src/app_modbus_u2.c ****       if (ctx->diag != NULL) { ctx->diag->uart2_req_timeout++; }
 3375              		.loc 1 517 7 view .LVU992
 517:Core/Src/app_modbus_u2.c ****       if (ctx->diag != NULL) { ctx->diag->uart2_req_timeout++; }
 3376              		.loc 1 517 14 is_stmt 0 view .LVU993
 3377 0170 236B     		ldr	r3, [r4, #48]
 517:Core/Src/app_modbus_u2.c ****       if (ctx->diag != NULL) { ctx->diag->uart2_req_timeout++; }
 3378              		.loc 1 517 10 view .LVU994
 3379 0172 0BB1     		cbz	r3, .L273
 517:Core/Src/app_modbus_u2.c ****       if (ctx->diag != NULL) { ctx->diag->uart2_req_timeout++; }
 3380              		.loc 1 517 47 is_stmt 1 discriminator 1 view .LVU995
 3381 0174 0020     		movs	r0, #0
 3382 0176 9847     		blx	r3
 3383              	.LVL337:
 3384              	.L273:
 518:Core/Src/app_modbus_u2.c ****       U2LOGE("[MODBUS-U2] req#%lu tx tc timeout\r\n", (unsigned long)req_id);
 3385              		.loc 1 518 7 view .LVU996
 518:Core/Src/app_modbus_u2.c ****       U2LOGE("[MODBUS-U2] req#%lu tx tc timeout\r\n", (unsigned long)req_id);
 3386              		.loc 1 518 14 is_stmt 0 view .LVU997
 3387 0178 236A     		ldr	r3, [r4, #32]
 518:Core/Src/app_modbus_u2.c ****       U2LOGE("[MODBUS-U2] req#%lu tx tc timeout\r\n", (unsigned long)req_id);
 3388              		.loc 1 518 10 view .LVU998
 3389 017a 13B1     		cbz	r3, .L274
 518:Core/Src/app_modbus_u2.c ****       U2LOGE("[MODBUS-U2] req#%lu tx tc timeout\r\n", (unsigned long)req_id);
 3390              		.loc 1 518 32 is_stmt 1 discriminator 1 view .LVU999
 518:Core/Src/app_modbus_u2.c ****       U2LOGE("[MODBUS-U2] req#%lu tx tc timeout\r\n", (unsigned long)req_id);
 3391              		.loc 1 518 41 is_stmt 0 discriminator 1 view .LVU1000
 3392 017c 5A69     		ldr	r2, [r3, #20]
 518:Core/Src/app_modbus_u2.c ****       U2LOGE("[MODBUS-U2] req#%lu tx tc timeout\r\n", (unsigned long)req_id);
 3393              		.loc 1 518 60 discriminator 1 view .LVU1001
 3394 017e 0132     		adds	r2, r2, #1
 3395 0180 5A61     		str	r2, [r3, #20]
 3396              	.L274:
 519:Core/Src/app_modbus_u2.c ****       return HAL_TIMEOUT;
 3397              		.loc 1 519 7 is_stmt 1 view .LVU1002
 3398 0182 4946     		mov	r1, r9
 3399 0184 5B48     		ldr	r0, .L308+24
 3400 0186 FFF7FEFF 		bl	printf
 3401              	.LVL338:
 520:Core/Src/app_modbus_u2.c ****     }
 3402              		.loc 1 520 7 view .LVU1003
 520:Core/Src/app_modbus_u2.c ****     }
 3403              		.loc 1 520 14 is_stmt 0 view .LVU1004
 3404 018a 4FF00308 		mov	r8, #3
 3405              	.LVL339:
 520:Core/Src/app_modbus_u2.c ****     }
 3406              		.loc 1 520 14 view .LVU1005
 3407 018e CBE0     		b	.L253
 3408              	.LVL340:
 3409              	.L299:
 520:Core/Src/app_modbus_u2.c ****     }
 3410              		.loc 1 520 14 view .LVU1006
 3411              	.LBE20:
 526:Core/Src/app_modbus_u2.c ****   if (ctx->rs485_set_tx_usart2 != NULL) { ctx->rs485_set_tx_usart2(0U); }
 3412              		.loc 1 526 3 is_stmt 1 view .LVU1007
 3413 0190 FFF7FEFF 		bl	AppModbusU2_Delay1ms
 3414              	.LVL341:
 527:Core/Src/app_modbus_u2.c **** 
ARM GAS  C:\Users\40918\AppData\Local\Temp\ccDNylh8.s 			page 108


 3415              		.loc 1 527 3 view .LVU1008
 527:Core/Src/app_modbus_u2.c **** 
 3416              		.loc 1 527 10 is_stmt 0 view .LVU1009
 3417 0194 236B     		ldr	r3, [r4, #48]
 527:Core/Src/app_modbus_u2.c **** 
 3418              		.loc 1 527 6 view .LVU1010
 3419 0196 0BB1     		cbz	r3, .L276
 527:Core/Src/app_modbus_u2.c **** 
 3420              		.loc 1 527 43 is_stmt 1 discriminator 1 view .LVU1011
 3421 0198 0020     		movs	r0, #0
 3422 019a 9847     		blx	r3
 3423              	.LVL342:
 3424              	.L276:
 529:Core/Src/app_modbus_u2.c ****   if (rearm_ret != HAL_OK)
 3425              		.loc 1 529 3 view .LVU1012
 529:Core/Src/app_modbus_u2.c ****   if (rearm_ret != HAL_OK)
 3426              		.loc 1 529 15 is_stmt 0 view .LVU1013
 3427 019c 2046     		mov	r0, r4
 3428 019e FFF7FEFF 		bl	AppModbusU2_StartResponseWindow
 3429              	.LVL343:
 530:Core/Src/app_modbus_u2.c ****   {
 3430              		.loc 1 530 3 is_stmt 1 view .LVU1014
 530:Core/Src/app_modbus_u2.c ****   {
 3431              		.loc 1 530 6 is_stmt 0 view .LVU1015
 3432 01a2 8046     		mov	r8, r0
 3433              	.LVL344:
 530:Core/Src/app_modbus_u2.c ****   {
 3434              		.loc 1 530 6 view .LVU1016
 3435 01a4 38B9     		cbnz	r0, .L301
 540:Core/Src/app_modbus_u2.c ****   {
 3436              		.loc 1 540 3 is_stmt 1 view .LVU1017
 540:Core/Src/app_modbus_u2.c ****   {
 3437              		.loc 1 540 10 is_stmt 0 view .LVU1018
 3438 01a6 2369     		ldr	r3, [r4, #16]
 540:Core/Src/app_modbus_u2.c ****   {
 3439              		.loc 1 540 6 view .LVU1019
 3440 01a8 93B1     		cbz	r3, .L302
 546:Core/Src/app_modbus_u2.c ****   for (;;)
 3441              		.loc 1 546 3 is_stmt 1 view .LVU1020
 546:Core/Src/app_modbus_u2.c ****   for (;;)
 3442              		.loc 1 546 21 is_stmt 0 view .LVU1021
 3443 01aa FFF7FEFF 		bl	HAL_GetTick
 3444              	.LVL345:
 546:Core/Src/app_modbus_u2.c ****   for (;;)
 3445              		.loc 1 546 21 view .LVU1022
 3446 01ae 0390     		str	r0, [sp, #12]
 3447              	.LVL346:
 427:Core/Src/app_modbus_u2.c ****   uint32_t wait_start_tick;
 3448              		.loc 1 427 12 view .LVU1023
 3449 01b0 4FF0000B 		mov	fp, #0
 3450 01b4 68E0     		b	.L289
 3451              	.LVL347:
 3452              	.L301:
 3453              	.LBB21:
 532:Core/Src/app_modbus_u2.c ****     U2LOGE("[MODBUS-U2] req#%lu rx response window start failed ret=%ld err=0x%08lX\r\n",
 3454              		.loc 1 532 5 is_stmt 1 view .LVU1024
 532:Core/Src/app_modbus_u2.c ****     U2LOGE("[MODBUS-U2] req#%lu rx response window start failed ret=%ld err=0x%08lX\r\n",
ARM GAS  C:\Users\40918\AppData\Local\Temp\ccDNylh8.s 			page 109


 3455              		.loc 1 532 12 is_stmt 0 view .LVU1025
 3456 01b6 236A     		ldr	r3, [r4, #32]
 532:Core/Src/app_modbus_u2.c ****     U2LOGE("[MODBUS-U2] req#%lu rx response window start failed ret=%ld err=0x%08lX\r\n",
 3457              		.loc 1 532 8 view .LVU1026
 3458 01b8 13B1     		cbz	r3, .L278
 532:Core/Src/app_modbus_u2.c ****     U2LOGE("[MODBUS-U2] req#%lu rx response window start failed ret=%ld err=0x%08lX\r\n",
 3459              		.loc 1 532 30 is_stmt 1 discriminator 1 view .LVU1027
 532:Core/Src/app_modbus_u2.c ****     U2LOGE("[MODBUS-U2] req#%lu rx response window start failed ret=%ld err=0x%08lX\r\n",
 3460              		.loc 1 532 39 is_stmt 0 discriminator 1 view .LVU1028
 3461 01ba 1A69     		ldr	r2, [r3, #16]
 532:Core/Src/app_modbus_u2.c ****     U2LOGE("[MODBUS-U2] req#%lu rx response window start failed ret=%ld err=0x%08lX\r\n",
 3462              		.loc 1 532 55 discriminator 1 view .LVU1029
 3463 01bc 0132     		adds	r2, r2, #1
 3464 01be 1A61     		str	r2, [r3, #16]
 3465              	.L278:
 533:Core/Src/app_modbus_u2.c ****            (unsigned long)req_id,
 3466              		.loc 1 533 5 is_stmt 1 view .LVU1030
 3467 01c0 2368     		ldr	r3, [r4]
 3468 01c2 5B6C     		ldr	r3, [r3, #68]
 3469 01c4 4246     		mov	r2, r8
 3470 01c6 4946     		mov	r1, r9
 3471 01c8 4B48     		ldr	r0, .L308+28
 3472              	.LVL348:
 533:Core/Src/app_modbus_u2.c ****            (unsigned long)req_id,
 3473              		.loc 1 533 5 is_stmt 0 view .LVU1031
 3474 01ca FFF7FEFF 		bl	printf
 3475              	.LVL349:
 537:Core/Src/app_modbus_u2.c ****   }
 3476              		.loc 1 537 5 is_stmt 1 view .LVU1032
 537:Core/Src/app_modbus_u2.c ****   }
 3477              		.loc 1 537 12 is_stmt 0 view .LVU1033
 3478 01ce ABE0     		b	.L253
 3479              	.LVL350:
 3480              	.L302:
 537:Core/Src/app_modbus_u2.c ****   }
 3481              		.loc 1 537 12 view .LVU1034
 3482              	.LBE21:
 3483              	.LBB22:
 542:Core/Src/app_modbus_u2.c ****     U2LOGE("[MODBUS-U2] req#%lu queue null\r\n", (unsigned long)req_id);
 3484              		.loc 1 542 5 is_stmt 1 view .LVU1035
 542:Core/Src/app_modbus_u2.c ****     U2LOGE("[MODBUS-U2] req#%lu queue null\r\n", (unsigned long)req_id);
 3485              		.loc 1 542 12 is_stmt 0 view .LVU1036
 3486 01d0 236A     		ldr	r3, [r4, #32]
 542:Core/Src/app_modbus_u2.c ****     U2LOGE("[MODBUS-U2] req#%lu queue null\r\n", (unsigned long)req_id);
 3487              		.loc 1 542 8 view .LVU1037
 3488 01d2 13B1     		cbz	r3, .L280
 542:Core/Src/app_modbus_u2.c ****     U2LOGE("[MODBUS-U2] req#%lu queue null\r\n", (unsigned long)req_id);
 3489              		.loc 1 542 30 is_stmt 1 discriminator 1 view .LVU1038
 542:Core/Src/app_modbus_u2.c ****     U2LOGE("[MODBUS-U2] req#%lu queue null\r\n", (unsigned long)req_id);
 3490              		.loc 1 542 39 is_stmt 0 discriminator 1 view .LVU1039
 3491 01d4 1A69     		ldr	r2, [r3, #16]
 542:Core/Src/app_modbus_u2.c ****     U2LOGE("[MODBUS-U2] req#%lu queue null\r\n", (unsigned long)req_id);
 3492              		.loc 1 542 55 discriminator 1 view .LVU1040
 3493 01d6 0132     		adds	r2, r2, #1
 3494 01d8 1A61     		str	r2, [r3, #16]
 3495              	.L280:
 543:Core/Src/app_modbus_u2.c ****     return HAL_ERROR;
ARM GAS  C:\Users\40918\AppData\Local\Temp\ccDNylh8.s 			page 110


 3496              		.loc 1 543 5 is_stmt 1 view .LVU1041
 3497 01da 4946     		mov	r1, r9
 3498 01dc 4748     		ldr	r0, .L308+32
 3499              	.LVL351:
 543:Core/Src/app_modbus_u2.c ****     return HAL_ERROR;
 3500              		.loc 1 543 5 is_stmt 0 view .LVU1042
 3501 01de FFF7FEFF 		bl	printf
 3502              	.LVL352:
 544:Core/Src/app_modbus_u2.c ****   }
 3503              		.loc 1 544 5 is_stmt 1 view .LVU1043
 544:Core/Src/app_modbus_u2.c ****   }
 3504              		.loc 1 544 12 is_stmt 0 view .LVU1044
 3505 01e2 4FF00108 		mov	r8, #1
 3506              	.LVL353:
 544:Core/Src/app_modbus_u2.c ****   }
 3507              		.loc 1 544 12 view .LVU1045
 3508 01e6 9FE0     		b	.L253
 3509              	.LVL354:
 3510              	.L306:
 544:Core/Src/app_modbus_u2.c ****   }
 3511              		.loc 1 544 12 view .LVU1046
 3512              	.LBE22:
 552:Core/Src/app_modbus_u2.c ****       AppModbusU2_LogTimeoutDiag(ctx, req_id, "rx wait", start_addr, quantity, rx_stream_len);
 3513              		.loc 1 552 7 is_stmt 1 view .LVU1047
 552:Core/Src/app_modbus_u2.c ****       AppModbusU2_LogTimeoutDiag(ctx, req_id, "rx wait", start_addr, quantity, rx_stream_len);
 3514              		.loc 1 552 14 is_stmt 0 view .LVU1048
 3515 01e8 236A     		ldr	r3, [r4, #32]
 3516              	.LVL355:
 552:Core/Src/app_modbus_u2.c ****       AppModbusU2_LogTimeoutDiag(ctx, req_id, "rx wait", start_addr, quantity, rx_stream_len);
 3517              		.loc 1 552 10 view .LVU1049
 3518 01ea 13B1     		cbz	r3, .L282
 552:Core/Src/app_modbus_u2.c ****       AppModbusU2_LogTimeoutDiag(ctx, req_id, "rx wait", start_addr, quantity, rx_stream_len);
 3519              		.loc 1 552 32 is_stmt 1 discriminator 1 view .LVU1050
 552:Core/Src/app_modbus_u2.c ****       AppModbusU2_LogTimeoutDiag(ctx, req_id, "rx wait", start_addr, quantity, rx_stream_len);
 3520              		.loc 1 552 41 is_stmt 0 discriminator 1 view .LVU1051
 3521 01ec 5A69     		ldr	r2, [r3, #20]
 552:Core/Src/app_modbus_u2.c ****       AppModbusU2_LogTimeoutDiag(ctx, req_id, "rx wait", start_addr, quantity, rx_stream_len);
 3522              		.loc 1 552 60 discriminator 1 view .LVU1052
 3523 01ee 0132     		adds	r2, r2, #1
 3524 01f0 5A61     		str	r2, [r3, #20]
 3525              	.L282:
 553:Core/Src/app_modbus_u2.c ****       if (rx_stream_len > 0U)
 3526              		.loc 1 553 7 is_stmt 1 view .LVU1053
 3527 01f2 CDF804B0 		str	fp, [sp, #4]
 3528 01f6 0096     		str	r6, [sp]
 3529 01f8 3B46     		mov	r3, r7
 3530 01fa 414A     		ldr	r2, .L308+36
 3531 01fc 4946     		mov	r1, r9
 3532 01fe 2046     		mov	r0, r4
 3533              	.LVL356:
 553:Core/Src/app_modbus_u2.c ****       if (rx_stream_len > 0U)
 3534              		.loc 1 553 7 is_stmt 0 view .LVU1054
 3535 0200 FFF7FEFF 		bl	AppModbusU2_LogTimeoutDiag
 3536              	.LVL357:
 554:Core/Src/app_modbus_u2.c ****       {
 3537              		.loc 1 554 7 is_stmt 1 view .LVU1055
 554:Core/Src/app_modbus_u2.c ****       {
ARM GAS  C:\Users\40918\AppData\Local\Temp\ccDNylh8.s 			page 111


 3538              		.loc 1 554 10 is_stmt 0 view .LVU1056
 3539 0204 BBF1000F 		cmp	fp, #0
 3540 0208 05D1     		bne	.L303
 3541              	.L283:
 558:Core/Src/app_modbus_u2.c ****       return HAL_TIMEOUT;
 3542              		.loc 1 558 7 is_stmt 1 view .LVU1057
 3543 020a 2046     		mov	r0, r4
 3544 020c FFF7FEFF 		bl	AppModbusU2_RecoverRxDma
 3545              	.LVL358:
 559:Core/Src/app_modbus_u2.c ****     }
 3546              		.loc 1 559 7 view .LVU1058
 559:Core/Src/app_modbus_u2.c ****     }
 3547              		.loc 1 559 14 is_stmt 0 view .LVU1059
 3548 0210 4FF00308 		mov	r8, #3
 3549              	.LVL359:
 559:Core/Src/app_modbus_u2.c ****     }
 3550              		.loc 1 559 14 view .LVU1060
 3551 0214 88E0     		b	.L253
 3552              	.LVL360:
 3553              	.L303:
 556:Core/Src/app_modbus_u2.c ****       }
 3554              		.loc 1 556 9 is_stmt 1 view .LVU1061
 3555 0216 5A46     		mov	r2, fp
 3556 0218 3A49     		ldr	r1, .L308+40
 3557 021a 3B48     		ldr	r0, .L308+44
 3558 021c FFF7FEFF 		bl	AppModbusU2_LogBytesError
 3559              	.LVL361:
 3560 0220 F3E7     		b	.L283
 3561              	.LVL362:
 3562              	.L307:
 565:Core/Src/app_modbus_u2.c ****       AppModbusU2_LogTimeoutDiag(ctx, req_id, "rx wait", start_addr, quantity, rx_stream_len);
 3563              		.loc 1 565 7 view .LVU1062
 565:Core/Src/app_modbus_u2.c ****       AppModbusU2_LogTimeoutDiag(ctx, req_id, "rx wait", start_addr, quantity, rx_stream_len);
 3564              		.loc 1 565 14 is_stmt 0 view .LVU1063
 3565 0222 236A     		ldr	r3, [r4, #32]
 565:Core/Src/app_modbus_u2.c ****       AppModbusU2_LogTimeoutDiag(ctx, req_id, "rx wait", start_addr, quantity, rx_stream_len);
 3566              		.loc 1 565 10 view .LVU1064
 3567 0224 13B1     		cbz	r3, .L285
 565:Core/Src/app_modbus_u2.c ****       AppModbusU2_LogTimeoutDiag(ctx, req_id, "rx wait", start_addr, quantity, rx_stream_len);
 3568              		.loc 1 565 32 is_stmt 1 discriminator 1 view .LVU1065
 565:Core/Src/app_modbus_u2.c ****       AppModbusU2_LogTimeoutDiag(ctx, req_id, "rx wait", start_addr, quantity, rx_stream_len);
 3569              		.loc 1 565 41 is_stmt 0 discriminator 1 view .LVU1066
 3570 0226 5A69     		ldr	r2, [r3, #20]
 565:Core/Src/app_modbus_u2.c ****       AppModbusU2_LogTimeoutDiag(ctx, req_id, "rx wait", start_addr, quantity, rx_stream_len);
 3571              		.loc 1 565 60 discriminator 1 view .LVU1067
 3572 0228 0132     		adds	r2, r2, #1
 3573 022a 5A61     		str	r2, [r3, #20]
 3574              	.L285:
 566:Core/Src/app_modbus_u2.c ****       if (rx_stream_len > 0U)
 3575              		.loc 1 566 7 is_stmt 1 view .LVU1068
 3576 022c CDF804B0 		str	fp, [sp, #4]
 3577 0230 0096     		str	r6, [sp]
 3578 0232 3B46     		mov	r3, r7
 3579 0234 324A     		ldr	r2, .L308+36
 3580 0236 4946     		mov	r1, r9
 3581 0238 2046     		mov	r0, r4
 3582 023a FFF7FEFF 		bl	AppModbusU2_LogTimeoutDiag
ARM GAS  C:\Users\40918\AppData\Local\Temp\ccDNylh8.s 			page 112


 3583              	.LVL363:
 567:Core/Src/app_modbus_u2.c ****       {
 3584              		.loc 1 567 7 view .LVU1069
 567:Core/Src/app_modbus_u2.c ****       {
 3585              		.loc 1 567 10 is_stmt 0 view .LVU1070
 3586 023e BBF1000F 		cmp	fp, #0
 3587 0242 05D1     		bne	.L304
 3588              	.L286:
 571:Core/Src/app_modbus_u2.c ****       return HAL_TIMEOUT;
 3589              		.loc 1 571 7 is_stmt 1 view .LVU1071
 3590 0244 2046     		mov	r0, r4
 3591 0246 FFF7FEFF 		bl	AppModbusU2_RecoverRxDma
 3592              	.LVL364:
 572:Core/Src/app_modbus_u2.c ****     }
 3593              		.loc 1 572 7 view .LVU1072
 572:Core/Src/app_modbus_u2.c ****     }
 3594              		.loc 1 572 14 is_stmt 0 view .LVU1073
 3595 024a 4FF00308 		mov	r8, #3
 3596              	.LVL365:
 572:Core/Src/app_modbus_u2.c ****     }
 3597              		.loc 1 572 14 view .LVU1074
 3598 024e 6BE0     		b	.L253
 3599              	.LVL366:
 3600              	.L304:
 569:Core/Src/app_modbus_u2.c ****       }
 3601              		.loc 1 569 9 is_stmt 1 view .LVU1075
 3602 0250 5A46     		mov	r2, fp
 3603 0252 2C49     		ldr	r1, .L308+40
 3604 0254 2C48     		ldr	r0, .L308+44
 3605 0256 FFF7FEFF 		bl	AppModbusU2_LogBytesError
 3606              	.LVL367:
 3607 025a F3E7     		b	.L286
 3608              	.L288:
 594:Core/Src/app_modbus_u2.c ****       rx_stream_len = (uint16_t)(rx_stream_len + rx_msg.length);
 3609              		.loc 1 594 7 view .LVU1076
 3610 025c 5246     		mov	r2, r10
 3611 025e 07A9     		add	r1, sp, #28
 3612 0260 2848     		ldr	r0, .L308+40
 3613 0262 5844     		add	r0, r0, fp
 3614 0264 FFF7FEFF 		bl	memcpy
 3615              	.LVL368:
 595:Core/Src/app_modbus_u2.c ****     }
 3616              		.loc 1 595 7 view .LVU1077
 595:Core/Src/app_modbus_u2.c ****     }
 3617              		.loc 1 595 21 is_stmt 0 view .LVU1078
 3618 0268 DA44     		add	r10, r10, fp
 3619 026a 1FFA8AFB 		uxth	fp, r10
 3620              	.LVL369:
 3621              	.L287:
 598:Core/Src/app_modbus_u2.c ****                                             rx_stream_len,
 3622              		.loc 1 598 5 is_stmt 1 view .LVU1079
 598:Core/Src/app_modbus_u2.c ****                                             rx_stream_len,
 3623              		.loc 1 598 9 is_stmt 0 view .LVU1080
 3624 026e 0DF11603 		add	r3, sp, #22
 3625 0272 0193     		str	r3, [sp, #4]
 3626 0274 0095     		str	r5, [sp]
 3627 0276 3346     		mov	r3, r6
ARM GAS  C:\Users\40918\AppData\Local\Temp\ccDNylh8.s 			page 113


 3628 0278 9DF8A820 		ldrb	r2, [sp, #168]	@ zero_extendqisi2
 3629 027c 5946     		mov	r1, fp
 3630 027e 2148     		ldr	r0, .L308+40
 3631 0280 FFF7FEFF 		bl	AppModbusU2_ParseExpectedFromStream
 3632              	.LVL370:
 598:Core/Src/app_modbus_u2.c ****                                             rx_stream_len,
 3633              		.loc 1 598 8 discriminator 1 view .LVU1081
 3634 0284 0028     		cmp	r0, #0
 3635 0286 44D1     		bne	.L305
 3636              	.LVL371:
 3637              	.L289:
 547:Core/Src/app_modbus_u2.c ****   {
 3638              		.loc 1 547 3 is_stmt 1 view .LVU1082
 549:Core/Src/app_modbus_u2.c ****     if (elapsed >= MODBUS_U2_REQ_TIMEOUT_MS)
 3639              		.loc 1 549 5 view .LVU1083
 549:Core/Src/app_modbus_u2.c ****     if (elapsed >= MODBUS_U2_REQ_TIMEOUT_MS)
 3640              		.loc 1 549 15 is_stmt 0 view .LVU1084
 3641 0288 FFF7FEFF 		bl	HAL_GetTick
 3642              	.LVL372:
 549:Core/Src/app_modbus_u2.c ****     if (elapsed >= MODBUS_U2_REQ_TIMEOUT_MS)
 3643              		.loc 1 549 13 discriminator 1 view .LVU1085
 3644 028c 039B     		ldr	r3, [sp, #12]
 3645 028e C31A     		subs	r3, r0, r3
 3646              	.LVL373:
 550:Core/Src/app_modbus_u2.c ****     {
 3647              		.loc 1 550 5 is_stmt 1 view .LVU1086
 550:Core/Src/app_modbus_u2.c ****     {
 3648              		.loc 1 550 8 is_stmt 0 view .LVU1087
 3649 0290 B3F5FA7F 		cmp	r3, #500
 3650 0294 A8D2     		bcs	.L306
 562:Core/Src/app_modbus_u2.c ****     if (osMessageQueueGet(ctx->q_modbus_events, &rx_msg, NULL, remain_ms) != osOK)
 3651              		.loc 1 562 5 is_stmt 1 view .LVU1088
 562:Core/Src/app_modbus_u2.c ****     if (osMessageQueueGet(ctx->q_modbus_events, &rx_msg, NULL, remain_ms) != osOK)
 3652              		.loc 1 562 15 is_stmt 0 view .LVU1089
 3653 0296 039B     		ldr	r3, [sp, #12]
 3654              	.LVL374:
 562:Core/Src/app_modbus_u2.c ****     if (osMessageQueueGet(ctx->q_modbus_events, &rx_msg, NULL, remain_ms) != osOK)
 3655              		.loc 1 562 15 view .LVU1090
 3656 0298 1B1A     		subs	r3, r3, r0
 3657              	.LVL375:
 563:Core/Src/app_modbus_u2.c ****     {
 3658              		.loc 1 563 5 is_stmt 1 view .LVU1091
 563:Core/Src/app_modbus_u2.c ****     {
 3659              		.loc 1 563 9 is_stmt 0 view .LVU1092
 3660 029a 03F5FA73 		add	r3, r3, #500
 3661              	.LVL376:
 563:Core/Src/app_modbus_u2.c ****     {
 3662              		.loc 1 563 9 view .LVU1093
 3663 029e 0022     		movs	r2, #0
 3664 02a0 06A9     		add	r1, sp, #24
 3665 02a2 2069     		ldr	r0, [r4, #16]
 3666              	.LVL377:
 563:Core/Src/app_modbus_u2.c ****     {
 3667              		.loc 1 563 9 view .LVU1094
 3668 02a4 FFF7FEFF 		bl	osMessageQueueGet
 3669              	.LVL378:
 563:Core/Src/app_modbus_u2.c ****     {
ARM GAS  C:\Users\40918\AppData\Local\Temp\ccDNylh8.s 			page 114


 3670              		.loc 1 563 8 discriminator 1 view .LVU1095
 3671 02a8 0028     		cmp	r0, #0
 3672 02aa BAD1     		bne	.L307
 582:Core/Src/app_modbus_u2.c ****     {
 3673              		.loc 1 582 5 is_stmt 1 view .LVU1096
 582:Core/Src/app_modbus_u2.c ****     {
 3674              		.loc 1 582 15 is_stmt 0 view .LVU1097
 3675 02ac BDF89CA0 		ldrh	r10, [sp, #156]
 582:Core/Src/app_modbus_u2.c ****     {
 3676              		.loc 1 582 8 view .LVU1098
 3677 02b0 BAF5007F 		cmp	r10, #512
 3678 02b4 2AD8     		bhi	.L292
 588:Core/Src/app_modbus_u2.c ****       {
 3679              		.loc 1 588 7 is_stmt 1 view .LVU1099
 588:Core/Src/app_modbus_u2.c ****       {
 3680              		.loc 1 588 11 is_stmt 0 view .LVU1100
 3681 02b6 0AEB0B03 		add	r3, r10, fp
 3682 02ba 9BB2     		uxth	r3, r3
 588:Core/Src/app_modbus_u2.c ****       {
 3683              		.loc 1 588 10 view .LVU1101
 3684 02bc B3F5007F 		cmp	r3, #512
 3685 02c0 CCD9     		bls	.L288
 3686              	.LBB23:
 590:Core/Src/app_modbus_u2.c ****         memmove(s_modbus_rx_stream, &s_modbus_rx_stream[rx_stream_len - keep], keep);
 3687              		.loc 1 590 9 is_stmt 1 view .LVU1102
 590:Core/Src/app_modbus_u2.c ****         memmove(s_modbus_rx_stream, &s_modbus_rx_stream[rx_stream_len - keep], keep);
 3688              		.loc 1 590 18 is_stmt 0 view .LVU1103
 3689 02c2 CAF50073 		rsb	r3, r10, #512
 3690 02c6 9BB2     		uxth	r3, r3
 3691              	.LVL379:
 591:Core/Src/app_modbus_u2.c ****         rx_stream_len = keep;
 3692              		.loc 1 591 9 is_stmt 1 view .LVU1104
 591:Core/Src/app_modbus_u2.c ****         rx_stream_len = keep;
 3693              		.loc 1 591 71 is_stmt 0 view .LVU1105
 3694 02c8 ABEB0301 		sub	r1, fp, r3
 591:Core/Src/app_modbus_u2.c ****         rx_stream_len = keep;
 3695              		.loc 1 591 37 view .LVU1106
 3696 02cc 0D48     		ldr	r0, .L308+40
 591:Core/Src/app_modbus_u2.c ****         rx_stream_len = keep;
 3697              		.loc 1 591 9 view .LVU1107
 3698 02ce 9B46     		mov	fp, r3
 3699              	.LVL380:
 591:Core/Src/app_modbus_u2.c ****         rx_stream_len = keep;
 3700              		.loc 1 591 9 view .LVU1108
 3701 02d0 1A46     		mov	r2, r3
 3702 02d2 0144     		add	r1, r1, r0
 3703 02d4 FFF7FEFF 		bl	memmove
 3704              	.LVL381:
 592:Core/Src/app_modbus_u2.c ****       }
 3705              		.loc 1 592 9 is_stmt 1 view .LVU1109
 592:Core/Src/app_modbus_u2.c ****       }
 3706              		.loc 1 592 9 is_stmt 0 view .LVU1110
 3707 02d8 C0E7     		b	.L288
 3708              	.L309:
 3709 02da 00BF     		.align	2
 3710              	.L308:
 3711 02dc 00000000 		.word	s_modbus_req_seq
ARM GAS  C:\Users\40918\AppData\Local\Temp\ccDNylh8.s 			page 115


 3712 02e0 00000000 		.word	s_usart2_tx_done
 3713 02e4 00000000 		.word	.LC20
 3714 02e8 34000000 		.word	.LC9
 3715 02ec 34000000 		.word	.LC21
 3716 02f0 6C000000 		.word	.LC22
 3717 02f4 98000000 		.word	.LC23
 3718 02f8 BC000000 		.word	.LC24
 3719 02fc 48010000 		.word	.LC14
 3720 0300 08010000 		.word	.LC25
 3721 0304 00000000 		.word	s_modbus_rx_stream
 3722 0308 10010000 		.word	.LC26
 3723              	.LVL382:
 3724              	.L292:
 592:Core/Src/app_modbus_u2.c ****       }
 3725              		.loc 1 592 9 view .LVU1111
 3726              	.LBE23:
 584:Core/Src/app_modbus_u2.c ****     }
 3727              		.loc 1 584 21 view .LVU1112
 3728 030c 4FF0000B 		mov	fp, #0
 3729              	.LVL383:
 584:Core/Src/app_modbus_u2.c ****     }
 3730              		.loc 1 584 21 view .LVU1113
 3731 0310 ADE7     		b	.L287
 3732              	.LVL384:
 3733              	.L305:
 615:Core/Src/app_modbus_u2.c **** #if MODBUS_U2_LOG_REQ_DETAIL
 3734              		.loc 1 615 3 is_stmt 1 view .LVU1114
 629:Core/Src/app_modbus_u2.c **** #endif
 3735              		.loc 1 629 3 view .LVU1115
 632:Core/Src/app_modbus_u2.c ****   return HAL_OK;
 3736              		.loc 1 632 3 view .LVU1116
 632:Core/Src/app_modbus_u2.c ****   return HAL_OK;
 3737              		.loc 1 632 10 is_stmt 0 view .LVU1117
 3738 0312 236A     		ldr	r3, [r4, #32]
 632:Core/Src/app_modbus_u2.c ****   return HAL_OK;
 3739              		.loc 1 632 6 view .LVU1118
 3740 0314 43B1     		cbz	r3, .L253
 632:Core/Src/app_modbus_u2.c ****   return HAL_OK;
 3741              		.loc 1 632 28 is_stmt 1 discriminator 1 view .LVU1119
 632:Core/Src/app_modbus_u2.c ****   return HAL_OK;
 3742              		.loc 1 632 37 is_stmt 0 discriminator 1 view .LVU1120
 3743 0316 DA68     		ldr	r2, [r3, #12]
 632:Core/Src/app_modbus_u2.c ****   return HAL_OK;
 3744              		.loc 1 632 51 discriminator 1 view .LVU1121
 3745 0318 0132     		adds	r2, r2, #1
 3746 031a DA60     		str	r2, [r3, #12]
 3747              	.LVL385:
 632:Core/Src/app_modbus_u2.c ****   return HAL_OK;
 3748              		.loc 1 632 51 discriminator 1 view .LVU1122
 3749 031c 04E0     		b	.L253
 3750              	.LVL386:
 3751              	.L290:
 435:Core/Src/app_modbus_u2.c ****   }
 3752              		.loc 1 435 12 view .LVU1123
 3753 031e 4FF00108 		mov	r8, #1
 3754 0322 01E0     		b	.L253
 3755              	.L291:
ARM GAS  C:\Users\40918\AppData\Local\Temp\ccDNylh8.s 			page 116


 435:Core/Src/app_modbus_u2.c ****   }
 3756              		.loc 1 435 12 view .LVU1124
 3757 0324 4FF00108 		mov	r8, #1
 3758              	.LVL387:
 3759              	.L253:
 634:Core/Src/app_modbus_u2.c **** 
 3760              		.loc 1 634 1 view .LVU1125
 3761 0328 4046     		mov	r0, r8
 3762 032a 2DB0     		add	sp, sp, #180
 3763              	.LCFI49:
 3764              		.cfi_def_cfa_offset 36
 3765              		@ sp needed
 3766 032c BDE8F08F 		pop	{r4, r5, r6, r7, r8, r9, r10, fp, pc}
 634:Core/Src/app_modbus_u2.c **** 
 3767              		.loc 1 634 1 view .LVU1126
 3768              		.cfi_endproc
 3769              	.LFE248:
 3771              		.section	.text.AppModbusU2_UpdateCache,"ax",%progbits
 3772              		.align	1
 3773              		.syntax unified
 3774              		.thumb
 3775              		.thumb_func
 3777              	AppModbusU2_UpdateCache:
 3778              	.LVL388:
 3779              	.LFB254:
1003:Core/Src/app_modbus_u2.c ****   uint16_t i;
 3780              		.loc 1 1003 1 is_stmt 1 view -0
 3781              		.cfi_startproc
 3782              		@ args = 0, pretend = 0, frame = 104
 3783              		@ frame_needed = 0, uses_anonymous_args = 0
1004:Core/Src/app_modbus_u2.c ****   uint16_t addr;
 3784              		.loc 1 1004 3 view .LVU1128
1005:Core/Src/app_modbus_u2.c ****   uint16_t needed_regs;
 3785              		.loc 1 1005 3 view .LVU1129
1006:Core/Src/app_modbus_u2.c ****   uint8_t save_params = 0U;
 3786              		.loc 1 1006 3 view .LVU1130
1007:Core/Src/app_modbus_u2.c ****   protocol_values_t values_snap;
 3787              		.loc 1 1007 3 view .LVU1131
1008:Core/Src/app_modbus_u2.c ****   const reg_meta_t *meta;
 3788              		.loc 1 1008 3 view .LVU1132
1009:Core/Src/app_modbus_u2.c **** 
 3789              		.loc 1 1009 3 view .LVU1133
1011:Core/Src/app_modbus_u2.c ****       (ctx->mtx_shared_data == NULL) || (ctx->protocol_values == NULL))
 3790              		.loc 1 1011 3 view .LVU1134
1011:Core/Src/app_modbus_u2.c ****       (ctx->mtx_shared_data == NULL) || (ctx->protocol_values == NULL))
 3791              		.loc 1 1011 6 is_stmt 0 view .LVU1135
 3792 0000 0028     		cmp	r0, #0
 3793 0002 6BD0     		beq	.L328
1003:Core/Src/app_modbus_u2.c ****   uint16_t i;
 3794              		.loc 1 1003 1 view .LVU1136
 3795 0004 F0B5     		push	{r4, r5, r6, r7, lr}
 3796              	.LCFI50:
 3797              		.cfi_def_cfa_offset 20
 3798              		.cfi_offset 4, -20
 3799              		.cfi_offset 5, -16
 3800              		.cfi_offset 6, -12
 3801              		.cfi_offset 7, -8
ARM GAS  C:\Users\40918\AppData\Local\Temp\ccDNylh8.s 			page 117


 3802              		.cfi_offset 14, -4
 3803 0006 9BB0     		sub	sp, sp, #108
 3804              	.LCFI51:
 3805              		.cfi_def_cfa_offset 128
 3806 0008 0E46     		mov	r6, r1
 3807 000a 1446     		mov	r4, r2
 3808 000c 0746     		mov	r7, r0
1011:Core/Src/app_modbus_u2.c ****       (ctx->mtx_shared_data == NULL) || (ctx->protocol_values == NULL))
 3809              		.loc 1 1011 21 discriminator 1 view .LVU1137
 3810 000e 7AB1     		cbz	r2, .L312
1011:Core/Src/app_modbus_u2.c ****       (ctx->mtx_shared_data == NULL) || (ctx->protocol_values == NULL))
 3811              		.loc 1 1011 47 discriminator 2 view .LVU1138
 3812 0010 92F84630 		ldrb	r3, [r2, #70]	@ zero_extendqisi2
1011:Core/Src/app_modbus_u2.c ****       (ctx->mtx_shared_data == NULL) || (ctx->protocol_values == NULL))
 3813              		.loc 1 1011 39 discriminator 2 view .LVU1139
 3814 0014 63B1     		cbz	r3, .L312
1011:Core/Src/app_modbus_u2.c ****       (ctx->mtx_shared_data == NULL) || (ctx->protocol_values == NULL))
 3815              		.loc 1 1011 70 discriminator 3 view .LVU1140
 3816 0016 B2F84430 		ldrh	r3, [r2, #68]
1011:Core/Src/app_modbus_u2.c ****       (ctx->mtx_shared_data == NULL) || (ctx->protocol_values == NULL))
 3817              		.loc 1 1011 62 discriminator 3 view .LVU1141
 3818 001a 4BB1     		cbz	r3, .L312
1012:Core/Src/app_modbus_u2.c ****   {
 3819              		.loc 1 1012 11 view .LVU1142
 3820 001c 4069     		ldr	r0, [r0, #20]
 3821              	.LVL389:
1011:Core/Src/app_modbus_u2.c ****       (ctx->mtx_shared_data == NULL) || (ctx->protocol_values == NULL))
 3822              		.loc 1 1011 89 discriminator 4 view .LVU1143
 3823 001e 38B1     		cbz	r0, .L312
1012:Core/Src/app_modbus_u2.c ****   {
 3824              		.loc 1 1012 45 view .LVU1144
 3825 0020 FB69     		ldr	r3, [r7, #28]
1012:Core/Src/app_modbus_u2.c ****   {
 3826              		.loc 1 1012 38 view .LVU1145
 3827 0022 2BB1     		cbz	r3, .L312
1021:Core/Src/app_modbus_u2.c ****   {
 3828              		.loc 1 1021 3 is_stmt 1 view .LVU1146
1021:Core/Src/app_modbus_u2.c ****   {
 3829              		.loc 1 1021 7 is_stmt 0 view .LVU1147
 3830 0024 0521     		movs	r1, #5
 3831              	.LVL390:
1021:Core/Src/app_modbus_u2.c ****   {
 3832              		.loc 1 1021 7 view .LVU1148
 3833 0026 FFF7FEFF 		bl	osMutexAcquire
 3834              	.LVL391:
1021:Core/Src/app_modbus_u2.c ****   {
 3835              		.loc 1 1021 6 discriminator 1 view .LVU1149
 3836 002a 68B9     		cbnz	r0, .L310
1026:Core/Src/app_modbus_u2.c ****   {
 3837              		.loc 1 1026 10 view .LVU1150
 3838 002c 0025     		movs	r5, #0
 3839 002e 27E0     		b	.L315
 3840              	.LVL392:
 3841              	.L312:
1014:Core/Src/app_modbus_u2.c ****     {
 3842              		.loc 1 1014 30 discriminator 1 view .LVU1151
 3843 0030 3B6A     		ldr	r3, [r7, #32]
ARM GAS  C:\Users\40918\AppData\Local\Temp\ccDNylh8.s 			page 118


1014:Core/Src/app_modbus_u2.c ****     {
 3844              		.loc 1 1014 23 discriminator 1 view .LVU1152
 3845 0032 4BB1     		cbz	r3, .L310
1014:Core/Src/app_modbus_u2.c ****     {
 3846              		.loc 1 1014 46 discriminator 2 view .LVU1153
 3847 0034 44B1     		cbz	r4, .L310
1014:Core/Src/app_modbus_u2.c ****     {
 3848              		.loc 1 1014 72 discriminator 3 view .LVU1154
 3849 0036 94F84620 		ldrb	r2, [r4, #70]	@ zero_extendqisi2
 3850              	.LVL393:
1014:Core/Src/app_modbus_u2.c ****     {
 3851              		.loc 1 1014 64 discriminator 3 view .LVU1155
 3852 003a 2AB1     		cbz	r2, .L310
1014:Core/Src/app_modbus_u2.c ****     {
 3853              		.loc 1 1014 95 discriminator 4 view .LVU1156
 3854 003c B4F84420 		ldrh	r2, [r4, #68]
1014:Core/Src/app_modbus_u2.c ****     {
 3855              		.loc 1 1014 87 discriminator 4 view .LVU1157
 3856 0040 12B9     		cbnz	r2, .L310
1016:Core/Src/app_modbus_u2.c ****     }
 3857              		.loc 1 1016 7 is_stmt 1 view .LVU1158
1016:Core/Src/app_modbus_u2.c ****     }
 3858              		.loc 1 1016 16 is_stmt 0 view .LVU1159
 3859 0042 1A69     		ldr	r2, [r3, #16]
1016:Core/Src/app_modbus_u2.c ****     }
 3860              		.loc 1 1016 32 view .LVU1160
 3861 0044 0132     		adds	r2, r2, #1
 3862 0046 1A61     		str	r2, [r3, #16]
1018:Core/Src/app_modbus_u2.c ****   }
 3863              		.loc 1 1018 5 is_stmt 1 view .LVU1161
 3864              	.LVL394:
 3865              	.L310:
1059:Core/Src/app_modbus_u2.c **** 
 3866              		.loc 1 1059 1 is_stmt 0 view .LVU1162
 3867 0048 1BB0     		add	sp, sp, #108
 3868              	.LCFI52:
 3869              		.cfi_remember_state
 3870              		.cfi_def_cfa_offset 20
 3871              		@ sp needed
 3872 004a F0BD     		pop	{r4, r5, r6, r7, pc}
 3873              	.LVL395:
 3874              	.L317:
 3875              	.LCFI53:
 3876              		.cfi_restore_state
1037:Core/Src/app_modbus_u2.c ****       break;
 3877              		.loc 1 1037 7 is_stmt 1 view .LVU1163
1037:Core/Src/app_modbus_u2.c ****       break;
 3878              		.loc 1 1037 14 is_stmt 0 view .LVU1164
 3879 004c 3B6A     		ldr	r3, [r7, #32]
1037:Core/Src/app_modbus_u2.c ****       break;
 3880              		.loc 1 1037 10 view .LVU1165
 3881 004e 13B1     		cbz	r3, .L319
1037:Core/Src/app_modbus_u2.c ****       break;
 3882              		.loc 1 1037 32 is_stmt 1 discriminator 1 view .LVU1166
1037:Core/Src/app_modbus_u2.c ****       break;
 3883              		.loc 1 1037 41 is_stmt 0 discriminator 1 view .LVU1167
 3884 0050 1A69     		ldr	r2, [r3, #16]
ARM GAS  C:\Users\40918\AppData\Local\Temp\ccDNylh8.s 			page 119


1037:Core/Src/app_modbus_u2.c ****       break;
 3885              		.loc 1 1037 57 discriminator 1 view .LVU1168
 3886 0052 0132     		adds	r2, r2, #1
 3887 0054 1A61     		str	r2, [r3, #16]
 3888              	.LVL396:
 3889              	.L319:
1042:Core/Src/app_modbus_u2.c ****   {
 3890              		.loc 1 1042 3 is_stmt 1 view .LVU1169
1042:Core/Src/app_modbus_u2.c ****   {
 3891              		.loc 1 1042 6 is_stmt 0 view .LVU1170
 3892 0056 40F6E413 		movw	r3, #2532
 3893 005a 9E42     		cmp	r6, r3
 3894 005c 2AD8     		bhi	.L325
1042:Core/Src/app_modbus_u2.c ****   {
 3895              		.loc 1 1042 63 discriminator 1 view .LVU1171
 3896 005e B4F84430 		ldrh	r3, [r4, #68]
1042:Core/Src/app_modbus_u2.c ****   {
 3897              		.loc 1 1042 35 discriminator 1 view .LVU1172
 3898 0062 3344     		add	r3, r3, r6
 3899 0064 9BB2     		uxth	r3, r3
1042:Core/Src/app_modbus_u2.c ****   {
 3900              		.loc 1 1042 31 discriminator 1 view .LVU1173
 3901 0066 40F6C412 		movw	r2, #2500
 3902 006a 9342     		cmp	r3, r2
 3903 006c 34D9     		bls	.L326
1044:Core/Src/app_modbus_u2.c ****     save_params = 1U;
 3904              		.loc 1 1044 5 is_stmt 1 view .LVU1174
1044:Core/Src/app_modbus_u2.c ****     save_params = 1U;
 3905              		.loc 1 1044 17 is_stmt 0 view .LVU1175
 3906 006e 6822     		movs	r2, #104
 3907 0070 F969     		ldr	r1, [r7, #28]
 3908 0072 6846     		mov	r0, sp
 3909 0074 FFF7FEFF 		bl	memcpy
 3910              	.LVL397:
1045:Core/Src/app_modbus_u2.c ****   }
 3911              		.loc 1 1045 5 is_stmt 1 view .LVU1176
1045:Core/Src/app_modbus_u2.c ****   }
 3912              		.loc 1 1045 17 is_stmt 0 view .LVU1177
 3913 0078 0124     		movs	r4, #1
 3914              	.LVL398:
1045:Core/Src/app_modbus_u2.c ****   }
 3915              		.loc 1 1045 17 view .LVU1178
 3916 007a 1CE0     		b	.L321
 3917              	.LVL399:
 3918              	.L316:
1026:Core/Src/app_modbus_u2.c ****   {
 3919              		.loc 1 1026 38 is_stmt 1 discriminator 2 view .LVU1179
 3920 007c 0135     		adds	r5, r5, #1
 3921              	.LVL400:
1026:Core/Src/app_modbus_u2.c ****   {
 3922              		.loc 1 1026 38 is_stmt 0 discriminator 2 view .LVU1180
 3923 007e ADB2     		uxth	r5, r5
 3924              	.LVL401:
 3925              	.L315:
1026:Core/Src/app_modbus_u2.c ****   {
 3926              		.loc 1 1026 18 is_stmt 1 discriminator 1 view .LVU1181
1026:Core/Src/app_modbus_u2.c ****   {
ARM GAS  C:\Users\40918\AppData\Local\Temp\ccDNylh8.s 			page 120


 3927              		.loc 1 1026 24 is_stmt 0 discriminator 1 view .LVU1182
 3928 0080 B4F84430 		ldrh	r3, [r4, #68]
1026:Core/Src/app_modbus_u2.c ****   {
 3929              		.loc 1 1026 18 discriminator 1 view .LVU1183
 3930 0084 AB42     		cmp	r3, r5
 3931 0086 E6D9     		bls	.L319
1028:Core/Src/app_modbus_u2.c ****     meta = ProtocolMap_Find(addr);
 3932              		.loc 1 1028 5 is_stmt 1 view .LVU1184
1028:Core/Src/app_modbus_u2.c ****     meta = ProtocolMap_Find(addr);
 3933              		.loc 1 1028 10 is_stmt 0 view .LVU1185
 3934 0088 A819     		adds	r0, r5, r6
 3935              	.LVL402:
1029:Core/Src/app_modbus_u2.c ****     if (meta == NULL)
 3936              		.loc 1 1029 5 is_stmt 1 view .LVU1186
1029:Core/Src/app_modbus_u2.c ****     if (meta == NULL)
 3937              		.loc 1 1029 12 is_stmt 0 view .LVU1187
 3938 008a 80B2     		uxth	r0, r0
1029:Core/Src/app_modbus_u2.c ****     if (meta == NULL)
 3939              		.loc 1 1029 12 view .LVU1188
 3940 008c FFF7FEFF 		bl	ProtocolMap_Find
 3941              	.LVL403:
1030:Core/Src/app_modbus_u2.c ****     {
 3942              		.loc 1 1030 5 is_stmt 1 view .LVU1189
1030:Core/Src/app_modbus_u2.c ****     {
 3943              		.loc 1 1030 8 is_stmt 0 view .LVU1190
 3944 0090 0146     		mov	r1, r0
 3945 0092 0028     		cmp	r0, #0
 3946 0094 F2D0     		beq	.L316
1034:Core/Src/app_modbus_u2.c ****     if ((needed_regs == 0U) || ((i + needed_regs) > resp->reg_count))
 3947              		.loc 1 1034 5 is_stmt 1 view .LVU1191
1034:Core/Src/app_modbus_u2.c ****     if ((needed_regs == 0U) || ((i + needed_regs) > resp->reg_count))
 3948              		.loc 1 1034 34 is_stmt 0 view .LVU1192
 3949 0096 437A     		ldrb	r3, [r0, #9]	@ zero_extendqisi2
 3950              	.LVL404:
1035:Core/Src/app_modbus_u2.c ****     {
 3951              		.loc 1 1035 5 is_stmt 1 view .LVU1193
1035:Core/Src/app_modbus_u2.c ****     {
 3952              		.loc 1 1035 8 is_stmt 0 view .LVU1194
 3953 0098 5B08     		lsrs	r3, r3, #1
 3954              	.LVL405:
1035:Core/Src/app_modbus_u2.c ****     {
 3955              		.loc 1 1035 8 view .LVU1195
 3956 009a D7D0     		beq	.L317
1035:Core/Src/app_modbus_u2.c ****     {
 3957              		.loc 1 1035 36 discriminator 1 view .LVU1196
 3958 009c 2B44     		add	r3, r3, r5
1035:Core/Src/app_modbus_u2.c ****     {
 3959              		.loc 1 1035 57 discriminator 1 view .LVU1197
 3960 009e B4F84420 		ldrh	r2, [r4, #68]
1035:Core/Src/app_modbus_u2.c ****     {
 3961              		.loc 1 1035 29 discriminator 1 view .LVU1198
 3962 00a2 9342     		cmp	r3, r2
 3963 00a4 D2DC     		bgt	.L317
1040:Core/Src/app_modbus_u2.c ****   }
 3964              		.loc 1 1040 5 is_stmt 1 view .LVU1199
 3965 00a6 04EB4502 		add	r2, r4, r5, lsl #1
 3966 00aa 0432     		adds	r2, r2, #4
ARM GAS  C:\Users\40918\AppData\Local\Temp\ccDNylh8.s 			page 121


 3967 00ac F869     		ldr	r0, [r7, #28]
 3968              	.LVL406:
1040:Core/Src/app_modbus_u2.c ****   }
 3969              		.loc 1 1040 5 is_stmt 0 view .LVU1200
 3970 00ae FFF7FEFF 		bl	AppModbusU2_WriteMappedValue
 3971              	.LVL407:
1040:Core/Src/app_modbus_u2.c ****   }
 3972              		.loc 1 1040 5 view .LVU1201
 3973 00b2 E3E7     		b	.L316
 3974              	.LVL408:
 3975              	.L325:
1007:Core/Src/app_modbus_u2.c ****   protocol_values_t values_snap;
 3976              		.loc 1 1007 11 view .LVU1202
 3977 00b4 0024     		movs	r4, #0
 3978              	.LVL409:
 3979              	.L321:
1047:Core/Src/app_modbus_u2.c **** 
 3980              		.loc 1 1047 3 is_stmt 1 view .LVU1203
 3981 00b6 7869     		ldr	r0, [r7, #20]
 3982 00b8 FFF7FEFF 		bl	osMutexRelease
 3983              	.LVL410:
1049:Core/Src/app_modbus_u2.c ****   {
 3984              		.loc 1 1049 3 view .LVU1204
1049:Core/Src/app_modbus_u2.c ****   {
 3985              		.loc 1 1049 10 is_stmt 0 view .LVU1205
 3986 00bc B869     		ldr	r0, [r7, #24]
1049:Core/Src/app_modbus_u2.c ****   {
 3987              		.loc 1 1049 6 view .LVU1206
 3988 00be 10B1     		cbz	r0, .L322
1051:Core/Src/app_modbus_u2.c ****   }
 3989              		.loc 1 1051 5 is_stmt 1 view .LVU1207
 3990 00c0 0221     		movs	r1, #2
 3991 00c2 FFF7FEFF 		bl	osEventFlagsSet
 3992              	.LVL411:
 3993              	.L322:
1054:Core/Src/app_modbus_u2.c ****   {
 3994              		.loc 1 1054 3 view .LVU1208
1054:Core/Src/app_modbus_u2.c ****   {
 3995              		.loc 1 1054 6 is_stmt 0 view .LVU1209
 3996 00c6 002C     		cmp	r4, #0
 3997 00c8 BED0     		beq	.L310
1056:Core/Src/app_modbus_u2.c ****     (void)AppParamStore_SaveIfChanged(&values_snap);
 3998              		.loc 1 1056 5 is_stmt 1 view .LVU1210
 3999 00ca 6846     		mov	r0, sp
 4000 00cc FFF7FEFF 		bl	AppCalc_RecomputeCoeffs
 4001              	.LVL412:
1057:Core/Src/app_modbus_u2.c ****   }
 4002              		.loc 1 1057 5 view .LVU1211
1057:Core/Src/app_modbus_u2.c ****   }
 4003              		.loc 1 1057 11 is_stmt 0 view .LVU1212
 4004 00d0 6846     		mov	r0, sp
 4005 00d2 FFF7FEFF 		bl	AppParamStore_SaveIfChanged
 4006              	.LVL413:
 4007 00d6 B7E7     		b	.L310
 4008              	.LVL414:
 4009              	.L326:
1007:Core/Src/app_modbus_u2.c ****   protocol_values_t values_snap;
ARM GAS  C:\Users\40918\AppData\Local\Temp\ccDNylh8.s 			page 122


 4010              		.loc 1 1007 11 view .LVU1213
 4011 00d8 0024     		movs	r4, #0
 4012              	.LVL415:
1007:Core/Src/app_modbus_u2.c ****   protocol_values_t values_snap;
 4013              		.loc 1 1007 11 view .LVU1214
 4014 00da ECE7     		b	.L321
 4015              	.LVL416:
 4016              	.L328:
 4017              	.LCFI54:
 4018              		.cfi_def_cfa_offset 0
 4019              		.cfi_restore 4
 4020              		.cfi_restore 5
 4021              		.cfi_restore 6
 4022              		.cfi_restore 7
 4023              		.cfi_restore 14
1007:Core/Src/app_modbus_u2.c ****   protocol_values_t values_snap;
 4024              		.loc 1 1007 11 view .LVU1215
 4025 00dc 7047     		bx	lr
 4026              		.cfi_endproc
 4027              	.LFE254:
 4029              		.section	.rodata.AppModbusU2_ProcessChangeFlags.str1.4,"aMS",%progbits,1
 4030              		.align	2
 4031              	.LC27:
 4032 0000 5B4D4F44 		.ascii	"[MODBUS-U2] avg-flow skip: shared data unavailable\015"
 4032      4255532D 
 4032      55325D20 
 4032      6176672D 
 4032      666C6F77 
 4033 0033 00       		.ascii	"\000"
 4034              		.align	2
 4035              	.LC28:
 4036 0034 5B4D4F44 		.ascii	"[MODBUS-U2] zero-flow verify read 0x09DF failed\015"
 4036      4255532D 
 4036      55325D20 
 4036      7A65726F 
 4036      2D666C6F 
 4037 0064 00       		.ascii	"\000"
 4038              		.section	.text.AppModbusU2_ProcessChangeFlags,"ax",%progbits
 4039              		.align	1
 4040              		.syntax unified
 4041              		.thumb
 4042              		.thumb_func
 4044              	AppModbusU2_ProcessChangeFlags:
 4045              	.LVL417:
 4046              	.LFB255:
1062:Core/Src/app_modbus_u2.c ****   modbus_read_resp_t resp;
 4047              		.loc 1 1062 1 is_stmt 1 view -0
 4048              		.cfi_startproc
 4049              		@ args = 0, pretend = 0, frame = 208
 4050              		@ frame_needed = 0, uses_anonymous_args = 0
1062:Core/Src/app_modbus_u2.c ****   modbus_read_resp_t resp;
 4051              		.loc 1 1062 1 is_stmt 0 view .LVU1217
 4052 0000 F0B5     		push	{r4, r5, r6, r7, lr}
 4053              	.LCFI55:
 4054              		.cfi_def_cfa_offset 20
 4055              		.cfi_offset 4, -20
 4056              		.cfi_offset 5, -16
ARM GAS  C:\Users\40918\AppData\Local\Temp\ccDNylh8.s 			page 123


 4057              		.cfi_offset 6, -12
 4058              		.cfi_offset 7, -8
 4059              		.cfi_offset 14, -4
 4060 0002 2DED028B 		vpush.64	{d8}
 4061              	.LCFI56:
 4062              		.cfi_def_cfa_offset 28
 4063              		.cfi_offset 80, -28
 4064              		.cfi_offset 81, -24
 4065 0006 B5B0     		sub	sp, sp, #212
 4066              	.LCFI57:
 4067              		.cfi_def_cfa_offset 240
 4068 0008 0646     		mov	r6, r0
 4069 000a 0D46     		mov	r5, r1
1063:Core/Src/app_modbus_u2.c ****   HAL_StatusTypeDef ret;
 4070              		.loc 1 1063 3 is_stmt 1 view .LVU1218
1064:Core/Src/app_modbus_u2.c ****   uint32_t i;
 4071              		.loc 1 1064 3 view .LVU1219
1065:Core/Src/app_modbus_u2.c ****   protocol_values_t values_snap;
 4072              		.loc 1 1065 3 view .LVU1220
1066:Core/Src/app_modbus_u2.c ****   uint8_t zero_start_trigger = 0U;
 4073              		.loc 1 1066 3 view .LVU1221
1067:Core/Src/app_modbus_u2.c ****   uint8_t zero_end_trigger = 0U;
 4074              		.loc 1 1067 3 view .LVU1222
 4075              	.LVL418:
1068:Core/Src/app_modbus_u2.c ****   uint8_t zero_collecting = 0U;
 4076              		.loc 1 1068 3 view .LVU1223
1069:Core/Src/app_modbus_u2.c ****   uint32_t zero_sample_count = 0U;
 4077              		.loc 1 1069 3 view .LVU1224
1069:Core/Src/app_modbus_u2.c ****   uint32_t zero_sample_count = 0U;
 4078              		.loc 1 1069 11 is_stmt 0 view .LVU1225
 4079 000c 0024     		movs	r4, #0
 4080 000e 8DF81F40 		strb	r4, [sp, #31]
1070:Core/Src/app_modbus_u2.c ****   uint8_t avg_ok = 0U;
 4081              		.loc 1 1070 3 is_stmt 1 view .LVU1226
1070:Core/Src/app_modbus_u2.c ****   uint8_t avg_ok = 0U;
 4082              		.loc 1 1070 12 is_stmt 0 view .LVU1227
 4083 0012 0694     		str	r4, [sp, #24]
1071:Core/Src/app_modbus_u2.c ****   float avg_power = 0.0f;
 4084              		.loc 1 1071 3 is_stmt 1 view .LVU1228
1071:Core/Src/app_modbus_u2.c ****   float avg_power = 0.0f;
 4085              		.loc 1 1071 11 is_stmt 0 view .LVU1229
 4086 0014 8DF81740 		strb	r4, [sp, #23]
1072:Core/Src/app_modbus_u2.c ****   float zero_ch1 = 0.0f;
 4087              		.loc 1 1072 3 is_stmt 1 view .LVU1230
 4088              	.LVL419:
1073:Core/Src/app_modbus_u2.c ****   float zero_ch2 = 0.0f;
 4089              		.loc 1 1073 3 view .LVU1231
1073:Core/Src/app_modbus_u2.c ****   float zero_ch2 = 0.0f;
 4090              		.loc 1 1073 9 is_stmt 0 view .LVU1232
 4091 0018 0023     		movs	r3, #0
 4092 001a 0493     		str	r3, [sp, #16]	@ float
1074:Core/Src/app_modbus_u2.c ****   float zero_verify_ch1 = 0.0f;
 4093              		.loc 1 1074 3 is_stmt 1 view .LVU1233
1074:Core/Src/app_modbus_u2.c ****   float zero_verify_ch1 = 0.0f;
 4094              		.loc 1 1074 9 is_stmt 0 view .LVU1234
 4095 001c 0393     		str	r3, [sp, #12]	@ float
1075:Core/Src/app_modbus_u2.c ****   float zero_verify_ch2 = 0.0f;
ARM GAS  C:\Users\40918\AppData\Local\Temp\ccDNylh8.s 			page 124


 4096              		.loc 1 1075 3 is_stmt 1 view .LVU1235
1076:Core/Src/app_modbus_u2.c ****   uint32_t zero_verify_raw;
 4097              		.loc 1 1076 3 view .LVU1236
1077:Core/Src/app_modbus_u2.c ****   uint8_t save_zero_params = 0U;
 4098              		.loc 1 1077 3 view .LVU1237
1078:Core/Src/app_modbus_u2.c ****   uint16_t zero_regs[4];
 4099              		.loc 1 1078 3 view .LVU1238
 4100              	.LVL420:
1079:Core/Src/app_modbus_u2.c **** 
 4101              		.loc 1 1079 3 view .LVU1239
1081:Core/Src/app_modbus_u2.c ****   {
 4102              		.loc 1 1081 3 view .LVU1240
1081:Core/Src/app_modbus_u2.c ****   {
 4103              		.loc 1 1081 3 is_stmt 0 view .LVU1241
 4104 001e 00E0     		b	.L332
 4105              	.LVL421:
 4106              	.L333:
1081:Core/Src/app_modbus_u2.c ****   {
 4107              		.loc 1 1081 79 is_stmt 1 discriminator 2 view .LVU1242
 4108 0020 0134     		adds	r4, r4, #1
 4109              	.LVL422:
 4110              	.L332:
1081:Core/Src/app_modbus_u2.c ****   {
 4111              		.loc 1 1081 18 discriminator 1 view .LVU1243
 4112 0022 022C     		cmp	r4, #2
 4113 0024 19D8     		bhi	.L352
1083:Core/Src/app_modbus_u2.c ****     {
 4114              		.loc 1 1083 5 view .LVU1244
1083:Core/Src/app_modbus_u2.c ****     {
 4115              		.loc 1 1083 37 is_stmt 0 view .LVU1245
 4116 0026 04EB4403 		add	r3, r4, r4, lsl #1
 4117 002a 844A     		ldr	r2, .L358
 4118 002c 32F81330 		ldrh	r3, [r2, r3, lsl #1]
1083:Core/Src/app_modbus_u2.c ****     {
 4119              		.loc 1 1083 8 view .LVU1246
 4120 0030 2B42     		tst	r3, r5
 4121 0032 F5D0     		beq	.L333
1085:Core/Src/app_modbus_u2.c ****       {
 4122              		.loc 1 1085 7 is_stmt 1 view .LVU1247
1085:Core/Src/app_modbus_u2.c ****       {
 4123              		.loc 1 1085 63 is_stmt 0 view .LVU1248
 4124 0034 04EB4403 		add	r3, r4, r4, lsl #1
 4125 0038 02EB4302 		add	r2, r2, r3, lsl #1
 4126 003c 5788     		ldrh	r7, [r2, #2]
1085:Core/Src/app_modbus_u2.c ****       {
 4127              		.loc 1 1085 11 view .LVU1249
 4128 003e 22AB     		add	r3, sp, #136
 4129 0040 9288     		ldrh	r2, [r2, #4]
 4130 0042 3946     		mov	r1, r7
 4131 0044 3046     		mov	r0, r6
 4132 0046 FFF7FEFF 		bl	AppModbusU2_SendAndWaitRead
 4133              	.LVL423:
1085:Core/Src/app_modbus_u2.c ****       {
 4134              		.loc 1 1085 10 discriminator 1 view .LVU1250
 4135 004a 0028     		cmp	r0, #0
 4136 004c E8D1     		bne	.L333
1087:Core/Src/app_modbus_u2.c ****       }
ARM GAS  C:\Users\40918\AppData\Local\Temp\ccDNylh8.s 			page 125


 4137              		.loc 1 1087 9 is_stmt 1 view .LVU1251
 4138 004e 22AA     		add	r2, sp, #136
 4139 0050 3946     		mov	r1, r7
 4140 0052 3046     		mov	r0, r6
 4141 0054 FFF7FEFF 		bl	AppModbusU2_UpdateCache
 4142              	.LVL424:
 4143 0058 E2E7     		b	.L333
 4144              	.L352:
1092:Core/Src/app_modbus_u2.c ****   {
 4145              		.loc 1 1092 3 view .LVU1252
 4146 005a 05F00404 		and	r4, r5, #4
 4147              	.LVL425:
1094:Core/Src/app_modbus_u2.c ****   }
 4148              		.loc 1 1094 5 view .LVU1253
1094:Core/Src/app_modbus_u2.c ****   }
 4149              		.loc 1 1094 5 view .LVU1254
1094:Core/Src/app_modbus_u2.c ****   }
 4150              		.loc 1 1094 5 view .LVU1255
1097:Core/Src/app_modbus_u2.c ****   {
 4151              		.loc 1 1097 3 view .LVU1256
1097:Core/Src/app_modbus_u2.c ****   {
 4152              		.loc 1 1097 6 is_stmt 0 view .LVU1257
 4153 005e 15F0010F 		tst	r5, #1
 4154 0062 0BD0     		beq	.L335
1099:Core/Src/app_modbus_u2.c ****         (osMutexAcquire(ctx->mtx_shared_data, 5U) == osOK))
 4155              		.loc 1 1099 5 is_stmt 1 view .LVU1258
1099:Core/Src/app_modbus_u2.c ****         (osMutexAcquire(ctx->mtx_shared_data, 5U) == osOK))
 4156              		.loc 1 1099 8 is_stmt 0 view .LVU1259
 4157 0064 3EB1     		cbz	r6, .L336
1099:Core/Src/app_modbus_u2.c ****         (osMutexAcquire(ctx->mtx_shared_data, 5U) == osOK))
 4158              		.loc 1 1099 30 discriminator 1 view .LVU1260
 4159 0066 7069     		ldr	r0, [r6, #20]
1099:Core/Src/app_modbus_u2.c ****         (osMutexAcquire(ctx->mtx_shared_data, 5U) == osOK))
 4160              		.loc 1 1099 23 discriminator 1 view .LVU1261
 4161 0068 28B1     		cbz	r0, .L336
1099:Core/Src/app_modbus_u2.c ****         (osMutexAcquire(ctx->mtx_shared_data, 5U) == osOK))
 4162              		.loc 1 1099 64 discriminator 2 view .LVU1262
 4163 006a F369     		ldr	r3, [r6, #28]
1099:Core/Src/app_modbus_u2.c ****         (osMutexAcquire(ctx->mtx_shared_data, 5U) == osOK))
 4164              		.loc 1 1099 57 discriminator 2 view .LVU1263
 4165 006c 1BB1     		cbz	r3, .L336
1100:Core/Src/app_modbus_u2.c ****     {
 4166              		.loc 1 1100 10 view .LVU1264
 4167 006e 0521     		movs	r1, #5
 4168 0070 FFF7FEFF 		bl	osMutexAcquire
 4169              	.LVL426:
1099:Core/Src/app_modbus_u2.c ****         (osMutexAcquire(ctx->mtx_shared_data, 5U) == osOK))
 4170              		.loc 1 1099 91 discriminator 3 view .LVU1265
 4171 0074 88B1     		cbz	r0, .L353
 4172              	.L336:
 4173              	.LBB24:
1128:Core/Src/app_modbus_u2.c ****     }
 4174              		.loc 1 1128 7 is_stmt 1 view .LVU1266
 4175 0076 7248     		ldr	r0, .L358+4
 4176 0078 FFF7FEFF 		bl	puts
 4177              	.LVL427:
 4178              	.L335:
ARM GAS  C:\Users\40918\AppData\Local\Temp\ccDNylh8.s 			page 126


1128:Core/Src/app_modbus_u2.c ****     }
 4179              		.loc 1 1128 7 is_stmt 0 view .LVU1267
 4180              	.LBE24:
1132:Core/Src/app_modbus_u2.c ****   {
 4181              		.loc 1 1132 3 is_stmt 1 view .LVU1268
1132:Core/Src/app_modbus_u2.c ****   {
 4182              		.loc 1 1132 6 is_stmt 0 view .LVU1269
 4183 007c 4CB1     		cbz	r4, .L331
1136:Core/Src/app_modbus_u2.c ****   {
 4184              		.loc 1 1136 3 is_stmt 1 view .LVU1270
1136:Core/Src/app_modbus_u2.c ****   {
 4185              		.loc 1 1136 6 is_stmt 0 view .LVU1271
 4186 007e 46B1     		cbz	r6, .L331
1136:Core/Src/app_modbus_u2.c ****   {
 4187              		.loc 1 1136 28 discriminator 1 view .LVU1272
 4188 0080 7069     		ldr	r0, [r6, #20]
1136:Core/Src/app_modbus_u2.c ****   {
 4189              		.loc 1 1136 21 discriminator 1 view .LVU1273
 4190 0082 30B1     		cbz	r0, .L331
1136:Core/Src/app_modbus_u2.c ****   {
 4191              		.loc 1 1136 62 discriminator 2 view .LVU1274
 4192 0084 F369     		ldr	r3, [r6, #28]
1136:Core/Src/app_modbus_u2.c ****   {
 4193              		.loc 1 1136 55 discriminator 2 view .LVU1275
 4194 0086 23B1     		cbz	r3, .L331
1140:Core/Src/app_modbus_u2.c ****   {
 4195              		.loc 1 1140 3 is_stmt 1 view .LVU1276
1140:Core/Src/app_modbus_u2.c ****   {
 4196              		.loc 1 1140 7 is_stmt 0 view .LVU1277
 4197 0088 0521     		movs	r1, #5
 4198 008a FFF7FEFF 		bl	osMutexAcquire
 4199              	.LVL428:
1140:Core/Src/app_modbus_u2.c ****   {
 4200              		.loc 1 1140 6 discriminator 1 view .LVU1278
 4201 008e 0028     		cmp	r0, #0
 4202 0090 33D0     		beq	.L354
 4203              	.LVL429:
 4204              	.L331:
1251:Core/Src/app_modbus_u2.c **** 
 4205              		.loc 1 1251 1 view .LVU1279
 4206 0092 35B0     		add	sp, sp, #212
 4207              	.LCFI58:
 4208              		.cfi_remember_state
 4209              		.cfi_def_cfa_offset 28
 4210              		@ sp needed
 4211 0094 BDEC028B 		vldm	sp!, {d8}
 4212              	.LCFI59:
 4213              		.cfi_restore 80
 4214              		.cfi_restore 81
 4215              		.cfi_def_cfa_offset 20
 4216 0098 F0BD     		pop	{r4, r5, r6, r7, pc}
 4217              	.LVL430:
 4218              	.L353:
 4219              	.LCFI60:
 4220              		.cfi_restore_state
1102:Core/Src/app_modbus_u2.c ****       osMutexRelease(ctx->mtx_shared_data);
 4221              		.loc 1 1102 7 is_stmt 1 view .LVU1280
ARM GAS  C:\Users\40918\AppData\Local\Temp\ccDNylh8.s 			page 127


1102:Core/Src/app_modbus_u2.c ****       osMutexRelease(ctx->mtx_shared_data);
 4222              		.loc 1 1102 19 is_stmt 0 view .LVU1281
 4223 009a 6822     		movs	r2, #104
 4224 009c F169     		ldr	r1, [r6, #28]
 4225 009e 08A8     		add	r0, sp, #32
 4226 00a0 FFF7FEFF 		bl	memcpy
 4227              	.LVL431:
1103:Core/Src/app_modbus_u2.c ****       avg_power = AppAvgPowerCache_QueryHours(values_snap.query_time_h, &avg_ok);
 4228              		.loc 1 1103 7 is_stmt 1 view .LVU1282
 4229 00a4 7069     		ldr	r0, [r6, #20]
 4230 00a6 FFF7FEFF 		bl	osMutexRelease
 4231              	.LVL432:
1104:Core/Src/app_modbus_u2.c ****       if (avg_ok == 0U)
 4232              		.loc 1 1104 7 view .LVU1283
1104:Core/Src/app_modbus_u2.c ****       if (avg_ok == 0U)
 4233              		.loc 1 1104 19 is_stmt 0 view .LVU1284
 4234 00aa 0DF11700 		add	r0, sp, #23
 4235 00ae 9DED0F0A 		vldr.32	s0, [sp, #60]
 4236 00b2 FFF7FEFF 		bl	AppAvgPowerCache_QueryHours
 4237              	.LVL433:
 4238 00b6 B0EE408A 		vmov.f32	s16, s0
 4239              	.LVL434:
1105:Core/Src/app_modbus_u2.c ****       {
 4240              		.loc 1 1105 7 is_stmt 1 view .LVU1285
1105:Core/Src/app_modbus_u2.c ****       {
 4241              		.loc 1 1105 18 is_stmt 0 view .LVU1286
 4242 00ba 9DF81730 		ldrb	r3, [sp, #23]	@ zero_extendqisi2
1105:Core/Src/app_modbus_u2.c ****       {
 4243              		.loc 1 1105 10 view .LVU1287
 4244 00be 0BB9     		cbnz	r3, .L337
1107:Core/Src/app_modbus_u2.c ****       }
 4245              		.loc 1 1107 19 view .LVU1288
 4246 00c0 9FED608A 		vldr.32	s16, .L358+8
 4247              	.L337:
 4248              	.LVL435:
1110:Core/Src/app_modbus_u2.c ****       ret = AppModbusU2_SendAndWaitWrite(ctx, 0x07DAU, 2U, zero_regs);
 4249              		.loc 1 1110 7 is_stmt 1 view .LVU1289
 4250 00c4 01A8     		add	r0, sp, #4
 4251 00c6 B0EE480A 		vmov.f32	s0, s16
 4252 00ca FFF7FEFF 		bl	AppModbusU2_WriteFloatToRegs
 4253              	.LVL436:
1111:Core/Src/app_modbus_u2.c ****       U2LOGI("[MODBUS-U2] avg-flow query_time_h=%.1f avg=%.3f write 0x07DA ret=%ld\r\n",
 4254              		.loc 1 1111 7 view .LVU1290
1111:Core/Src/app_modbus_u2.c ****       U2LOGI("[MODBUS-U2] avg-flow query_time_h=%.1f avg=%.3f write 0x07DA ret=%ld\r\n",
 4255              		.loc 1 1111 13 is_stmt 0 view .LVU1291
 4256 00ce 01AB     		add	r3, sp, #4
 4257 00d0 0222     		movs	r2, #2
 4258 00d2 40F2DA71 		movw	r1, #2010
 4259 00d6 3046     		mov	r0, r6
 4260 00d8 FFF7FEFF 		bl	AppModbusU2_SendAndWaitWrite
 4261              	.LVL437:
1112:Core/Src/app_modbus_u2.c ****             (double)values_snap.query_time_h,
 4262              		.loc 1 1112 7 is_stmt 1 view .LVU1292
1112:Core/Src/app_modbus_u2.c ****             (double)values_snap.query_time_h,
 4263              		.loc 1 1112 7 view .LVU1293
1112:Core/Src/app_modbus_u2.c ****             (double)values_snap.query_time_h,
 4264              		.loc 1 1112 7 view .LVU1294
ARM GAS  C:\Users\40918\AppData\Local\Temp\ccDNylh8.s 			page 128


1117:Core/Src/app_modbus_u2.c ****       {
 4265              		.loc 1 1117 7 view .LVU1295
1117:Core/Src/app_modbus_u2.c ****       {
 4266              		.loc 1 1117 10 is_stmt 0 view .LVU1296
 4267 00dc 0028     		cmp	r0, #0
 4268 00de CDD1     		bne	.L335
1119:Core/Src/app_modbus_u2.c ****         {
 4269              		.loc 1 1119 9 is_stmt 1 view .LVU1297
1119:Core/Src/app_modbus_u2.c ****         {
 4270              		.loc 1 1119 13 is_stmt 0 view .LVU1298
 4271 00e0 0521     		movs	r1, #5
 4272 00e2 7069     		ldr	r0, [r6, #20]
 4273              	.LVL438:
1119:Core/Src/app_modbus_u2.c ****         {
 4274              		.loc 1 1119 13 view .LVU1299
 4275 00e4 FFF7FEFF 		bl	osMutexAcquire
 4276              	.LVL439:
1119:Core/Src/app_modbus_u2.c ****         {
 4277              		.loc 1 1119 12 discriminator 1 view .LVU1300
 4278 00e8 0028     		cmp	r0, #0
 4279 00ea C7D1     		bne	.L335
1121:Core/Src/app_modbus_u2.c ****           osMutexRelease(ctx->mtx_shared_data);
 4280              		.loc 1 1121 11 is_stmt 1 view .LVU1301
1121:Core/Src/app_modbus_u2.c ****           osMutexRelease(ctx->mtx_shared_data);
 4281              		.loc 1 1121 36 is_stmt 0 view .LVU1302
 4282 00ec F369     		ldr	r3, [r6, #28]
1121:Core/Src/app_modbus_u2.c ****           osMutexRelease(ctx->mtx_shared_data);
 4283              		.loc 1 1121 69 view .LVU1303
 4284 00ee 83ED058A 		vstr.32	s16, [r3, #20]
1122:Core/Src/app_modbus_u2.c ****         }
 4285              		.loc 1 1122 11 is_stmt 1 view .LVU1304
 4286 00f2 7069     		ldr	r0, [r6, #20]
 4287 00f4 FFF7FEFF 		bl	osMutexRelease
 4288              	.LVL440:
 4289 00f8 C0E7     		b	.L335
 4290              	.LVL441:
 4291              	.L354:
1144:Core/Src/app_modbus_u2.c ****   osMutexRelease(ctx->mtx_shared_data);
 4292              		.loc 1 1144 3 view .LVU1305
1144:Core/Src/app_modbus_u2.c ****   osMutexRelease(ctx->mtx_shared_data);
 4293              		.loc 1 1144 15 is_stmt 0 view .LVU1306
 4294 00fa 6822     		movs	r2, #104
 4295 00fc F169     		ldr	r1, [r6, #28]
 4296 00fe 08A8     		add	r0, sp, #32
 4297 0100 FFF7FEFF 		bl	memcpy
 4298              	.LVL442:
1145:Core/Src/app_modbus_u2.c ****   AppCalc_ZeroCaptureGetState(&zero_collecting, &zero_sample_count);
 4299              		.loc 1 1145 3 is_stmt 1 view .LVU1307
 4300 0104 7069     		ldr	r0, [r6, #20]
 4301 0106 FFF7FEFF 		bl	osMutexRelease
 4302              	.LVL443:
1146:Core/Src/app_modbus_u2.c ****   U2LOGI("[MODBUS-U2] zero-flow snapshot start=%u end=%u z1=%.3f z2=%.3f\r\n",
 4303              		.loc 1 1146 3 view .LVU1308
 4304 010a 06A9     		add	r1, sp, #24
 4305 010c 0DF11F00 		add	r0, sp, #31
 4306 0110 FFF7FEFF 		bl	AppCalc_ZeroCaptureGetState
 4307              	.LVL444:
ARM GAS  C:\Users\40918\AppData\Local\Temp\ccDNylh8.s 			page 129


1147:Core/Src/app_modbus_u2.c ****         (unsigned int)values_snap.zero_start,
 4308              		.loc 1 1147 3 view .LVU1309
1147:Core/Src/app_modbus_u2.c ****         (unsigned int)values_snap.zero_start,
 4309              		.loc 1 1147 3 view .LVU1310
1147:Core/Src/app_modbus_u2.c ****         (unsigned int)values_snap.zero_start,
 4310              		.loc 1 1147 3 view .LVU1311
1152:Core/Src/app_modbus_u2.c ****         (unsigned int)zero_collecting,
 4311              		.loc 1 1152 3 view .LVU1312
1152:Core/Src/app_modbus_u2.c ****         (unsigned int)zero_collecting,
 4312              		.loc 1 1152 3 view .LVU1313
1152:Core/Src/app_modbus_u2.c ****         (unsigned int)zero_collecting,
 4313              		.loc 1 1152 3 view .LVU1314
1156:Core/Src/app_modbus_u2.c ****   {
 4314              		.loc 1 1156 3 view .LVU1315
1156:Core/Src/app_modbus_u2.c ****   {
 4315              		.loc 1 1156 18 is_stmt 0 view .LVU1316
 4316 0114 BDF87C30 		ldrh	r3, [sp, #124]
1156:Core/Src/app_modbus_u2.c ****   {
 4317              		.loc 1 1156 6 view .LVU1317
 4318 0118 002B     		cmp	r3, #0
 4319 011a 3FD1     		bne	.L355
1067:Core/Src/app_modbus_u2.c ****   uint8_t zero_end_trigger = 0U;
 4320              		.loc 1 1067 11 view .LVU1318
 4321 011c 0023     		movs	r3, #0
 4322              	.LVL445:
 4323              	.L339:
1161:Core/Src/app_modbus_u2.c ****           (unsigned int)values_snap.avg_mode);
 4324              		.loc 1 1161 5 is_stmt 1 view .LVU1319
1161:Core/Src/app_modbus_u2.c ****           (unsigned int)values_snap.avg_mode);
 4325              		.loc 1 1161 5 view .LVU1320
1161:Core/Src/app_modbus_u2.c ****           (unsigned int)values_snap.avg_mode);
 4326              		.loc 1 1161 5 view .LVU1321
1163:Core/Src/app_modbus_u2.c ****           (unsigned int)zero_collecting,
 4327              		.loc 1 1163 5 view .LVU1322
1163:Core/Src/app_modbus_u2.c ****           (unsigned int)zero_collecting,
 4328              		.loc 1 1163 5 view .LVU1323
1163:Core/Src/app_modbus_u2.c ****           (unsigned int)zero_collecting,
 4329              		.loc 1 1163 5 view .LVU1324
1167:Core/Src/app_modbus_u2.c ****   {
 4330              		.loc 1 1167 3 view .LVU1325
1167:Core/Src/app_modbus_u2.c ****   {
 4331              		.loc 1 1167 18 is_stmt 0 view .LVU1326
 4332 011e BDF87E20 		ldrh	r2, [sp, #126]
1167:Core/Src/app_modbus_u2.c ****   {
 4333              		.loc 1 1167 6 view .LVU1327
 4334 0122 002A     		cmp	r2, #0
 4335 0124 45D1     		bne	.L350
1068:Core/Src/app_modbus_u2.c ****   uint8_t zero_collecting = 0U;
 4336              		.loc 1 1068 11 view .LVU1328
 4337 0126 0024     		movs	r4, #0
 4338              	.L340:
 4339              	.LVL446:
1170:Core/Src/app_modbus_u2.c ****   }
 4340              		.loc 1 1170 5 is_stmt 1 view .LVU1329
1170:Core/Src/app_modbus_u2.c ****   }
 4341              		.loc 1 1170 5 view .LVU1330
1170:Core/Src/app_modbus_u2.c ****   }
ARM GAS  C:\Users\40918\AppData\Local\Temp\ccDNylh8.s 			page 130


 4342              		.loc 1 1170 5 view .LVU1331
1173:Core/Src/app_modbus_u2.c ****   {
 4343              		.loc 1 1173 3 view .LVU1332
1173:Core/Src/app_modbus_u2.c ****   {
 4344              		.loc 1 1173 6 is_stmt 0 view .LVU1333
 4345 0128 002B     		cmp	r3, #0
 4346 012a 44D1     		bne	.L356
 4347              	.LVL447:
 4348              	.L341:
1186:Core/Src/app_modbus_u2.c ****   {
 4349              		.loc 1 1186 3 is_stmt 1 view .LVU1334
1186:Core/Src/app_modbus_u2.c ****   {
 4350              		.loc 1 1186 6 is_stmt 0 view .LVU1335
 4351 012c 002C     		cmp	r4, #0
 4352 012e B0D0     		beq	.L331
1188:Core/Src/app_modbus_u2.c ****     U2LOGI("[MODBUS-U2] zero-flow state before stop collecting=%u samples=%lu\r\n",
 4353              		.loc 1 1188 5 is_stmt 1 view .LVU1336
 4354 0130 06A9     		add	r1, sp, #24
 4355 0132 0DF11F00 		add	r0, sp, #31
 4356 0136 FFF7FEFF 		bl	AppCalc_ZeroCaptureGetState
 4357              	.LVL448:
1189:Core/Src/app_modbus_u2.c ****           (unsigned int)zero_collecting,
 4358              		.loc 1 1189 5 view .LVU1337
1189:Core/Src/app_modbus_u2.c ****           (unsigned int)zero_collecting,
 4359              		.loc 1 1189 5 view .LVU1338
1189:Core/Src/app_modbus_u2.c ****           (unsigned int)zero_collecting,
 4360              		.loc 1 1189 5 view .LVU1339
1192:Core/Src/app_modbus_u2.c ****     {
 4361              		.loc 1 1192 5 view .LVU1340
1192:Core/Src/app_modbus_u2.c ****     {
 4362              		.loc 1 1192 9 is_stmt 0 view .LVU1341
 4363 013a 03A9     		add	r1, sp, #12
 4364 013c 04A8     		add	r0, sp, #16
 4365 013e FFF7FEFF 		bl	AppCalc_ZeroCaptureStop
 4366              	.LVL449:
1192:Core/Src/app_modbus_u2.c ****     {
 4367              		.loc 1 1192 8 discriminator 1 view .LVU1342
 4368 0142 0028     		cmp	r0, #0
 4369 0144 5CD0     		beq	.L343
1194:Core/Src/app_modbus_u2.c ****             (double)zero_ch1,
 4370              		.loc 1 1194 7 is_stmt 1 view .LVU1343
1194:Core/Src/app_modbus_u2.c ****             (double)zero_ch1,
 4371              		.loc 1 1194 7 view .LVU1344
1194:Core/Src/app_modbus_u2.c ****             (double)zero_ch1,
 4372              		.loc 1 1194 7 view .LVU1345
1197:Core/Src/app_modbus_u2.c ****       AppModbusU2_WriteFloatToRegs(zero_ch2, &zero_regs[2]);
 4373              		.loc 1 1197 7 view .LVU1346
 4374 0146 01A8     		add	r0, sp, #4
 4375 0148 9DED040A 		vldr.32	s0, [sp, #16]
 4376 014c FFF7FEFF 		bl	AppModbusU2_WriteFloatToRegs
 4377              	.LVL450:
1198:Core/Src/app_modbus_u2.c ****       ret = AppModbusU2_SendAndWaitWrite(ctx, 0x09DFU, 4U, zero_regs);
 4378              		.loc 1 1198 7 view .LVU1347
 4379 0150 02A8     		add	r0, sp, #8
 4380 0152 9DED030A 		vldr.32	s0, [sp, #12]
 4381 0156 FFF7FEFF 		bl	AppModbusU2_WriteFloatToRegs
 4382              	.LVL451:
ARM GAS  C:\Users\40918\AppData\Local\Temp\ccDNylh8.s 			page 131


1199:Core/Src/app_modbus_u2.c ****       U2LOGI("[MODBUS-U2] zero-flow write zero(0x09DF..0x09E2) ret=%ld\r\n", (long)ret);
 4383              		.loc 1 1199 7 view .LVU1348
1199:Core/Src/app_modbus_u2.c ****       U2LOGI("[MODBUS-U2] zero-flow write zero(0x09DF..0x09E2) ret=%ld\r\n", (long)ret);
 4384              		.loc 1 1199 13 is_stmt 0 view .LVU1349
 4385 015a 01AB     		add	r3, sp, #4
 4386 015c 0422     		movs	r2, #4
 4387 015e 40F6DF11 		movw	r1, #2527
 4388 0162 3046     		mov	r0, r6
 4389 0164 FFF7FEFF 		bl	AppModbusU2_SendAndWaitWrite
 4390              	.LVL452:
1200:Core/Src/app_modbus_u2.c **** 
 4391              		.loc 1 1200 7 is_stmt 1 view .LVU1350
1200:Core/Src/app_modbus_u2.c **** 
 4392              		.loc 1 1200 7 view .LVU1351
1200:Core/Src/app_modbus_u2.c **** 
 4393              		.loc 1 1200 7 view .LVU1352
1202:Core/Src/app_modbus_u2.c ****       {
 4394              		.loc 1 1202 7 view .LVU1353
1202:Core/Src/app_modbus_u2.c ****       {
 4395              		.loc 1 1202 10 is_stmt 0 view .LVU1354
 4396 0168 0028     		cmp	r0, #0
 4397 016a 3CD0     		beq	.L357
 4398              	.LVL453:
 4399              	.L344:
1220:Core/Src/app_modbus_u2.c ****       {
 4400              		.loc 1 1220 7 is_stmt 1 view .LVU1355
1220:Core/Src/app_modbus_u2.c ****       {
 4401              		.loc 1 1220 11 is_stmt 0 view .LVU1356
 4402 016c 0521     		movs	r1, #5
 4403 016e 7069     		ldr	r0, [r6, #20]
 4404 0170 FFF7FEFF 		bl	osMutexAcquire
 4405              	.LVL454:
1220:Core/Src/app_modbus_u2.c ****       {
 4406              		.loc 1 1220 10 discriminator 1 view .LVU1357
 4407 0174 0028     		cmp	r0, #0
 4408 0176 48D1     		bne	.L346
1222:Core/Src/app_modbus_u2.c ****         ((protocol_values_t *)ctx->protocol_values)->zero_voltage[1] = zero_ch2;
 4409              		.loc 1 1222 9 is_stmt 1 view .LVU1358
1222:Core/Src/app_modbus_u2.c ****         ((protocol_values_t *)ctx->protocol_values)->zero_voltage[1] = zero_ch2;
 4410              		.loc 1 1222 34 is_stmt 0 view .LVU1359
 4411 0178 F369     		ldr	r3, [r6, #28]
1222:Core/Src/app_modbus_u2.c ****         ((protocol_values_t *)ctx->protocol_values)->zero_voltage[1] = zero_ch2;
 4412              		.loc 1 1222 70 view .LVU1360
 4413 017a 049A     		ldr	r2, [sp, #16]	@ float
 4414 017c 5A65     		str	r2, [r3, #84]	@ float
1223:Core/Src/app_modbus_u2.c ****         values_snap = *(const protocol_values_t *)ctx->protocol_values;
 4415              		.loc 1 1223 9 is_stmt 1 view .LVU1361
1223:Core/Src/app_modbus_u2.c ****         values_snap = *(const protocol_values_t *)ctx->protocol_values;
 4416              		.loc 1 1223 34 is_stmt 0 view .LVU1362
 4417 017e F369     		ldr	r3, [r6, #28]
1223:Core/Src/app_modbus_u2.c ****         values_snap = *(const protocol_values_t *)ctx->protocol_values;
 4418              		.loc 1 1223 70 view .LVU1363
 4419 0180 039A     		ldr	r2, [sp, #12]	@ float
 4420 0182 9A65     		str	r2, [r3, #88]	@ float
1224:Core/Src/app_modbus_u2.c ****         save_zero_params = 1U;
 4421              		.loc 1 1224 9 is_stmt 1 view .LVU1364
1224:Core/Src/app_modbus_u2.c ****         save_zero_params = 1U;
ARM GAS  C:\Users\40918\AppData\Local\Temp\ccDNylh8.s 			page 132


 4422              		.loc 1 1224 21 is_stmt 0 view .LVU1365
 4423 0184 6822     		movs	r2, #104
 4424 0186 F169     		ldr	r1, [r6, #28]
 4425 0188 08A8     		add	r0, sp, #32
 4426 018a FFF7FEFF 		bl	memcpy
 4427              	.LVL455:
1225:Core/Src/app_modbus_u2.c ****         osMutexRelease(ctx->mtx_shared_data);
 4428              		.loc 1 1225 9 is_stmt 1 view .LVU1366
1226:Core/Src/app_modbus_u2.c ****       }
 4429              		.loc 1 1226 9 view .LVU1367
 4430 018e 7069     		ldr	r0, [r6, #20]
 4431 0190 FFF7FEFF 		bl	osMutexRelease
 4432              	.LVL456:
1228:Core/Src/app_modbus_u2.c ****       {
 4433              		.loc 1 1228 7 view .LVU1368
1230:Core/Src/app_modbus_u2.c ****       }
 4434              		.loc 1 1230 9 view .LVU1369
1230:Core/Src/app_modbus_u2.c ****       }
 4435              		.loc 1 1230 15 is_stmt 0 view .LVU1370
 4436 0194 08A8     		add	r0, sp, #32
 4437 0196 FFF7FEFF 		bl	AppParamStore_SaveIfChanged
 4438              	.LVL457:
 4439 019a 36E0     		b	.L346
 4440              	.LVL458:
 4441              	.L355:
1158:Core/Src/app_modbus_u2.c ****     zero_start_trigger = 1U;
 4442              		.loc 1 1158 5 is_stmt 1 view .LVU1371
 4443 019c BDF86000 		ldrh	r0, [sp, #96]
 4444 01a0 FFF7FEFF 		bl	AppCalc_ZeroCaptureStart
 4445              	.LVL459:
1159:Core/Src/app_modbus_u2.c ****     AppCalc_ZeroCaptureGetState(&zero_collecting, &zero_sample_count);
 4446              		.loc 1 1159 5 view .LVU1372
1160:Core/Src/app_modbus_u2.c ****     U2LOGI("[MODBUS-U2] zero-flow start triggered avg_mode=%u\r\n",
 4447              		.loc 1 1160 5 view .LVU1373
 4448 01a4 06A9     		add	r1, sp, #24
 4449 01a6 0DF11F00 		add	r0, sp, #31
 4450 01aa FFF7FEFF 		bl	AppCalc_ZeroCaptureGetState
 4451              	.LVL460:
1159:Core/Src/app_modbus_u2.c ****     AppCalc_ZeroCaptureGetState(&zero_collecting, &zero_sample_count);
 4452              		.loc 1 1159 24 is_stmt 0 view .LVU1374
 4453 01ae 0123     		movs	r3, #1
 4454 01b0 B5E7     		b	.L339
 4455              	.LVL461:
 4456              	.L350:
1169:Core/Src/app_modbus_u2.c ****     U2LOGI("[MODBUS-U2] zero-flow end triggered\r\n");
 4457              		.loc 1 1169 22 view .LVU1375
 4458 01b2 0124     		movs	r4, #1
 4459 01b4 B8E7     		b	.L340
 4460              	.LVL462:
 4461              	.L356:
1175:Core/Src/app_modbus_u2.c ****     ret = AppModbusU2_SendAndWaitWrite(ctx, 0x09E3U, 1U, zero_regs);
 4462              		.loc 1 1175 5 is_stmt 1 view .LVU1376
1175:Core/Src/app_modbus_u2.c ****     ret = AppModbusU2_SendAndWaitWrite(ctx, 0x09E3U, 1U, zero_regs);
 4463              		.loc 1 1175 18 is_stmt 0 view .LVU1377
 4464 01b6 0023     		movs	r3, #0
 4465              	.LVL463:
1175:Core/Src/app_modbus_u2.c ****     ret = AppModbusU2_SendAndWaitWrite(ctx, 0x09E3U, 1U, zero_regs);
ARM GAS  C:\Users\40918\AppData\Local\Temp\ccDNylh8.s 			page 133


 4466              		.loc 1 1175 18 view .LVU1378
 4467 01b8 ADF80430 		strh	r3, [sp, #4]	@ movhi
1176:Core/Src/app_modbus_u2.c ****     U2LOGI("[MODBUS-U2] zero-flow clear start(0x09E3)=0 ret=%ld\r\n", (long)ret);
 4468              		.loc 1 1176 5 is_stmt 1 view .LVU1379
1176:Core/Src/app_modbus_u2.c ****     U2LOGI("[MODBUS-U2] zero-flow clear start(0x09E3)=0 ret=%ld\r\n", (long)ret);
 4469              		.loc 1 1176 11 is_stmt 0 view .LVU1380
 4470 01bc 01AB     		add	r3, sp, #4
 4471 01be 0122     		movs	r2, #1
 4472 01c0 40F6E311 		movw	r1, #2531
 4473 01c4 3046     		mov	r0, r6
 4474 01c6 FFF7FEFF 		bl	AppModbusU2_SendAndWaitWrite
 4475              	.LVL464:
1177:Core/Src/app_modbus_u2.c **** 
 4476              		.loc 1 1177 5 is_stmt 1 view .LVU1381
1177:Core/Src/app_modbus_u2.c **** 
 4477              		.loc 1 1177 5 view .LVU1382
1177:Core/Src/app_modbus_u2.c **** 
 4478              		.loc 1 1177 5 view .LVU1383
1179:Core/Src/app_modbus_u2.c ****     {
 4479              		.loc 1 1179 5 view .LVU1384
1179:Core/Src/app_modbus_u2.c ****     {
 4480              		.loc 1 1179 9 is_stmt 0 view .LVU1385
 4481 01ca 0521     		movs	r1, #5
 4482 01cc 7069     		ldr	r0, [r6, #20]
 4483 01ce FFF7FEFF 		bl	osMutexAcquire
 4484              	.LVL465:
1179:Core/Src/app_modbus_u2.c ****     {
 4485              		.loc 1 1179 8 discriminator 1 view .LVU1386
 4486 01d2 0028     		cmp	r0, #0
 4487 01d4 AAD1     		bne	.L341
1181:Core/Src/app_modbus_u2.c ****       osMutexRelease(ctx->mtx_shared_data);
 4488              		.loc 1 1181 7 is_stmt 1 view .LVU1387
1181:Core/Src/app_modbus_u2.c ****       osMutexRelease(ctx->mtx_shared_data);
 4489              		.loc 1 1181 32 is_stmt 0 view .LVU1388
 4490 01d6 F369     		ldr	r3, [r6, #28]
1181:Core/Src/app_modbus_u2.c ****       osMutexRelease(ctx->mtx_shared_data);
 4491              		.loc 1 1181 63 view .LVU1389
 4492 01d8 0022     		movs	r2, #0
 4493 01da A3F85C20 		strh	r2, [r3, #92]	@ movhi
1182:Core/Src/app_modbus_u2.c ****     }
 4494              		.loc 1 1182 7 is_stmt 1 view .LVU1390
 4495 01de 7069     		ldr	r0, [r6, #20]
 4496 01e0 FFF7FEFF 		bl	osMutexRelease
 4497              	.LVL466:
 4498 01e4 A2E7     		b	.L341
 4499              	.LVL467:
 4500              	.L357:
1204:Core/Src/app_modbus_u2.c ****         {
 4501              		.loc 1 1204 9 view .LVU1391
1204:Core/Src/app_modbus_u2.c ****         {
 4502              		.loc 1 1204 13 is_stmt 0 view .LVU1392
 4503 01e6 22AB     		add	r3, sp, #136
 4504 01e8 0422     		movs	r2, #4
 4505 01ea 40F6DF11 		movw	r1, #2527
 4506 01ee 3046     		mov	r0, r6
 4507              	.LVL468:
1204:Core/Src/app_modbus_u2.c ****         {
ARM GAS  C:\Users\40918\AppData\Local\Temp\ccDNylh8.s 			page 134


 4508              		.loc 1 1204 13 view .LVU1393
 4509 01f0 FFF7FEFF 		bl	AppModbusU2_SendAndWaitRead
 4510              	.LVL469:
1204:Core/Src/app_modbus_u2.c ****         {
 4511              		.loc 1 1204 12 discriminator 1 view .LVU1394
 4512 01f4 0028     		cmp	r0, #0
 4513 01f6 B9D0     		beq	.L344
 4514              	.LBB25:
1216:Core/Src/app_modbus_u2.c ****         }
 4515              		.loc 1 1216 11 is_stmt 1 view .LVU1395
 4516 01f8 1348     		ldr	r0, .L358+12
 4517 01fa FFF7FEFF 		bl	puts
 4518              	.LVL470:
 4519 01fe B5E7     		b	.L344
 4520              	.LVL471:
 4521              	.L343:
1216:Core/Src/app_modbus_u2.c ****         }
 4522              		.loc 1 1216 11 is_stmt 0 view .LVU1396
 4523              	.LBE25:
1235:Core/Src/app_modbus_u2.c ****       U2LOGI("[MODBUS-U2] zero-capture stop with empty samples\r\n");
 4524              		.loc 1 1235 7 is_stmt 1 view .LVU1397
 4525 0200 06A9     		add	r1, sp, #24
 4526 0202 0DF11F00 		add	r0, sp, #31
 4527 0206 FFF7FEFF 		bl	AppCalc_ZeroCaptureGetState
 4528              	.LVL472:
 4529              	.L346:
1236:Core/Src/app_modbus_u2.c ****       U2LOGI("[MODBUS-U2] zero-flow state after empty stop collecting=%u samples=%lu\r\n",
 4530              		.loc 1 1236 7 view .LVU1398
1236:Core/Src/app_modbus_u2.c ****       U2LOGI("[MODBUS-U2] zero-flow state after empty stop collecting=%u samples=%lu\r\n",
 4531              		.loc 1 1236 7 view .LVU1399
1236:Core/Src/app_modbus_u2.c ****       U2LOGI("[MODBUS-U2] zero-flow state after empty stop collecting=%u samples=%lu\r\n",
 4532              		.loc 1 1236 7 view .LVU1400
1237:Core/Src/app_modbus_u2.c ****             (unsigned int)zero_collecting,
 4533              		.loc 1 1237 7 view .LVU1401
1237:Core/Src/app_modbus_u2.c ****             (unsigned int)zero_collecting,
 4534              		.loc 1 1237 7 view .LVU1402
1237:Core/Src/app_modbus_u2.c ****             (unsigned int)zero_collecting,
 4535              		.loc 1 1237 7 view .LVU1403
1242:Core/Src/app_modbus_u2.c ****     ret = AppModbusU2_SendAndWaitWrite(ctx, 0x09E4U, 1U, zero_regs);
 4536              		.loc 1 1242 5 view .LVU1404
1242:Core/Src/app_modbus_u2.c ****     ret = AppModbusU2_SendAndWaitWrite(ctx, 0x09E4U, 1U, zero_regs);
 4537              		.loc 1 1242 18 is_stmt 0 view .LVU1405
 4538 020a 0023     		movs	r3, #0
 4539 020c ADF80430 		strh	r3, [sp, #4]	@ movhi
1243:Core/Src/app_modbus_u2.c ****     U2LOGI("[MODBUS-U2] zero-flow clear end(0x09E4)=0 ret=%ld\r\n", (long)ret);
 4540              		.loc 1 1243 5 is_stmt 1 view .LVU1406
1243:Core/Src/app_modbus_u2.c ****     U2LOGI("[MODBUS-U2] zero-flow clear end(0x09E4)=0 ret=%ld\r\n", (long)ret);
 4541              		.loc 1 1243 11 is_stmt 0 view .LVU1407
 4542 0210 01AB     		add	r3, sp, #4
 4543 0212 0122     		movs	r2, #1
 4544 0214 40F6E411 		movw	r1, #2532
 4545 0218 3046     		mov	r0, r6
 4546 021a FFF7FEFF 		bl	AppModbusU2_SendAndWaitWrite
 4547              	.LVL473:
1244:Core/Src/app_modbus_u2.c ****     if (osMutexAcquire(ctx->mtx_shared_data, 5U) == osOK)
 4548              		.loc 1 1244 5 is_stmt 1 view .LVU1408
1244:Core/Src/app_modbus_u2.c ****     if (osMutexAcquire(ctx->mtx_shared_data, 5U) == osOK)
ARM GAS  C:\Users\40918\AppData\Local\Temp\ccDNylh8.s 			page 135


 4549              		.loc 1 1244 5 view .LVU1409
1244:Core/Src/app_modbus_u2.c ****     if (osMutexAcquire(ctx->mtx_shared_data, 5U) == osOK)
 4550              		.loc 1 1244 5 view .LVU1410
1245:Core/Src/app_modbus_u2.c ****     {
 4551              		.loc 1 1245 5 view .LVU1411
1245:Core/Src/app_modbus_u2.c ****     {
 4552              		.loc 1 1245 9 is_stmt 0 view .LVU1412
 4553 021e 0521     		movs	r1, #5
 4554 0220 7069     		ldr	r0, [r6, #20]
 4555 0222 FFF7FEFF 		bl	osMutexAcquire
 4556              	.LVL474:
1245:Core/Src/app_modbus_u2.c ****     {
 4557              		.loc 1 1245 8 discriminator 1 view .LVU1413
 4558 0226 0028     		cmp	r0, #0
 4559 0228 7FF433AF 		bne	.L331
1247:Core/Src/app_modbus_u2.c ****       osMutexRelease(ctx->mtx_shared_data);
 4560              		.loc 1 1247 7 is_stmt 1 view .LVU1414
1247:Core/Src/app_modbus_u2.c ****       osMutexRelease(ctx->mtx_shared_data);
 4561              		.loc 1 1247 32 is_stmt 0 view .LVU1415
 4562 022c F369     		ldr	r3, [r6, #28]
1247:Core/Src/app_modbus_u2.c ****       osMutexRelease(ctx->mtx_shared_data);
 4563              		.loc 1 1247 61 view .LVU1416
 4564 022e 0022     		movs	r2, #0
 4565 0230 A3F85E20 		strh	r2, [r3, #94]	@ movhi
1248:Core/Src/app_modbus_u2.c ****     }
 4566              		.loc 1 1248 7 is_stmt 1 view .LVU1417
 4567 0234 7069     		ldr	r0, [r6, #20]
 4568 0236 FFF7FEFF 		bl	osMutexRelease
 4569              	.LVL475:
 4570 023a 2AE7     		b	.L331
 4571              	.L359:
 4572              		.align	2
 4573              	.L358:
 4574 023c 00000000 		.word	s_change_queries
 4575 0240 00000000 		.word	.LC27
 4576 0244 00000000 		.word	0
 4577 0248 34000000 		.word	.LC28
 4578              		.cfi_endproc
 4579              	.LFE255:
 4581              		.section	.rodata.AppModbusU2_Init.str1.4,"aMS",%progbits,1
 4582              		.align	2
 4583              	.LC29:
 4584 0000 5B4D4F44 		.ascii	"[MODBUS-U2] rx dma init failed err=0x%08lX\015\012\000"
 4584      4255532D 
 4584      55325D20 
 4584      72782064 
 4584      6D612069 
 4585              		.section	.text.AppModbusU2_Init,"ax",%progbits
 4586              		.align	1
 4587              		.global	AppModbusU2_Init
 4588              		.syntax unified
 4589              		.thumb
 4590              		.thumb_func
 4592              	AppModbusU2_Init:
 4593              	.LVL476:
 4594              	.LFB257:
1281:Core/Src/app_modbus_u2.c ****   if ((ctx == NULL) || (ctx->huart2 == NULL) || (ctx->hdma_usart2_rx == NULL) || (ctx->rx_dma_buf =
ARM GAS  C:\Users\40918\AppData\Local\Temp\ccDNylh8.s 			page 136


 4595              		.loc 1 1281 1 view -0
 4596              		.cfi_startproc
 4597              		@ args = 0, pretend = 0, frame = 0
 4598              		@ frame_needed = 0, uses_anonymous_args = 0
1282:Core/Src/app_modbus_u2.c ****   {
 4599              		.loc 1 1282 3 view .LVU1419
1282:Core/Src/app_modbus_u2.c ****   {
 4600              		.loc 1 1282 6 is_stmt 0 view .LVU1420
 4601 0000 D8B1     		cbz	r0, .L364
1281:Core/Src/app_modbus_u2.c ****   if ((ctx == NULL) || (ctx->huart2 == NULL) || (ctx->hdma_usart2_rx == NULL) || (ctx->rx_dma_buf =
 4602              		.loc 1 1281 1 view .LVU1421
 4603 0002 10B5     		push	{r4, lr}
 4604              	.LCFI61:
 4605              		.cfi_def_cfa_offset 8
 4606              		.cfi_offset 4, -8
 4607              		.cfi_offset 14, -4
 4608 0004 0446     		mov	r4, r0
1282:Core/Src/app_modbus_u2.c ****   {
 4609              		.loc 1 1282 28 discriminator 1 view .LVU1422
 4610 0006 0068     		ldr	r0, [r0]
 4611              	.LVL477:
1282:Core/Src/app_modbus_u2.c ****   {
 4612              		.loc 1 1282 21 discriminator 1 view .LVU1423
 4613 0008 80B1     		cbz	r0, .L360
1282:Core/Src/app_modbus_u2.c ****   {
 4614              		.loc 1 1282 53 discriminator 2 view .LVU1424
 4615 000a 6368     		ldr	r3, [r4, #4]
1282:Core/Src/app_modbus_u2.c ****   {
 4616              		.loc 1 1282 46 discriminator 2 view .LVU1425
 4617 000c 73B1     		cbz	r3, .L360
1282:Core/Src/app_modbus_u2.c ****   {
 4618              		.loc 1 1282 86 discriminator 3 view .LVU1426
 4619 000e A168     		ldr	r1, [r4, #8]
1282:Core/Src/app_modbus_u2.c ****   {
 4620              		.loc 1 1282 79 discriminator 3 view .LVU1427
 4621 0010 61B1     		cbz	r1, .L360
1286:Core/Src/app_modbus_u2.c ****        (unsigned long)ctx->huart2->Init.BaudRate,
 4622              		.loc 1 1286 3 is_stmt 1 view .LVU1428
1286:Core/Src/app_modbus_u2.c ****        (unsigned long)ctx->huart2->Init.BaudRate,
 4623              		.loc 1 1286 3 view .LVU1429
1286:Core/Src/app_modbus_u2.c ****        (unsigned long)ctx->huart2->Init.BaudRate,
 4624              		.loc 1 1286 3 view .LVU1430
1290:Core/Src/app_modbus_u2.c ****        (unsigned long)ctx->huart2->Init.WordLength,
 4625              		.loc 1 1290 3 view .LVU1431
1290:Core/Src/app_modbus_u2.c ****        (unsigned long)ctx->huart2->Init.WordLength,
 4626              		.loc 1 1290 3 view .LVU1432
1290:Core/Src/app_modbus_u2.c ****        (unsigned long)ctx->huart2->Init.WordLength,
 4627              		.loc 1 1290 3 view .LVU1433
1294:Core/Src/app_modbus_u2.c ****   {
 4628              		.loc 1 1294 3 view .LVU1434
1294:Core/Src/app_modbus_u2.c ****   {
 4629              		.loc 1 1294 7 is_stmt 0 view .LVU1435
 4630 0012 A289     		ldrh	r2, [r4, #12]
 4631 0014 FFF7FEFF 		bl	HAL_UARTEx_ReceiveToIdle_DMA
 4632              	.LVL478:
1294:Core/Src/app_modbus_u2.c ****   {
 4633              		.loc 1 1294 6 discriminator 1 view .LVU1436
ARM GAS  C:\Users\40918\AppData\Local\Temp\ccDNylh8.s 			page 137


 4634 0018 48B9     		cbnz	r0, .L367
1299:Core/Src/app_modbus_u2.c ****   __HAL_DMA_DISABLE_IT(ctx->hdma_usart2_rx, DMA_IT_HT);
 4635              		.loc 1 1299 3 is_stmt 1 view .LVU1437
1299:Core/Src/app_modbus_u2.c ****   __HAL_DMA_DISABLE_IT(ctx->hdma_usart2_rx, DMA_IT_HT);
 4636              		.loc 1 1299 28 is_stmt 0 view .LVU1438
 4637 001a 084B     		ldr	r3, .L368
 4638 001c 0022     		movs	r2, #0
 4639 001e 1A80     		strh	r2, [r3]	@ movhi
1300:Core/Src/app_modbus_u2.c ****   U2LOGI("[MODBUS-U2] rx dma armed\r\n");
 4640              		.loc 1 1300 3 is_stmt 1 view .LVU1439
 4641 0020 6368     		ldr	r3, [r4, #4]
 4642 0022 1A68     		ldr	r2, [r3]
 4643 0024 1368     		ldr	r3, [r2]
 4644 0026 23F00803 		bic	r3, r3, #8
 4645 002a 1360     		str	r3, [r2]
1301:Core/Src/app_modbus_u2.c **** }
 4646              		.loc 1 1301 3 view .LVU1440
1301:Core/Src/app_modbus_u2.c **** }
 4647              		.loc 1 1301 3 view .LVU1441
1301:Core/Src/app_modbus_u2.c **** }
 4648              		.loc 1 1301 3 view .LVU1442
 4649              	.L360:
1302:Core/Src/app_modbus_u2.c **** 
 4650              		.loc 1 1302 1 is_stmt 0 view .LVU1443
 4651 002c 10BD     		pop	{r4, pc}
 4652              	.LVL479:
 4653              	.L367:
 4654              	.LBB26:
1296:Core/Src/app_modbus_u2.c ****     return;
 4655              		.loc 1 1296 5 is_stmt 1 view .LVU1444
 4656 002e 2368     		ldr	r3, [r4]
 4657 0030 596C     		ldr	r1, [r3, #68]
 4658 0032 0348     		ldr	r0, .L368+4
 4659 0034 FFF7FEFF 		bl	printf
 4660              	.LVL480:
1297:Core/Src/app_modbus_u2.c ****   }
 4661              		.loc 1 1297 5 view .LVU1445
 4662 0038 F8E7     		b	.L360
 4663              	.LVL481:
 4664              	.L364:
 4665              	.LCFI62:
 4666              		.cfi_def_cfa_offset 0
 4667              		.cfi_restore 4
 4668              		.cfi_restore 14
1297:Core/Src/app_modbus_u2.c ****   }
 4669              		.loc 1 1297 5 is_stmt 0 view .LVU1446
 4670 003a 7047     		bx	lr
 4671              	.L369:
 4672              		.align	2
 4673              	.L368:
 4674 003c 00000000 		.word	s_modbus_rx_dma_last_pos
 4675 0040 00000000 		.word	.LC29
 4676              	.LBE26:
 4677              		.cfi_endproc
 4678              	.LFE257:
 4680              		.section	.text.AppModbusU2_OnRxEvent,"ax",%progbits
 4681              		.align	1
ARM GAS  C:\Users\40918\AppData\Local\Temp\ccDNylh8.s 			page 138


 4682              		.global	AppModbusU2_OnRxEvent
 4683              		.syntax unified
 4684              		.thumb
 4685              		.thumb_func
 4687              	AppModbusU2_OnRxEvent:
 4688              	.LVL482:
 4689              	.LFB261:
1355:Core/Src/app_modbus_u2.c ****   modbus_event_msg_t mb_msg;
 4690              		.loc 1 1355 1 is_stmt 1 view -0
 4691              		.cfi_startproc
 4692              		@ args = 0, pretend = 0, frame = 136
 4693              		@ frame_needed = 0, uses_anonymous_args = 0
1356:Core/Src/app_modbus_u2.c ****   osStatus_t put_ret;
 4694              		.loc 1 1356 3 view .LVU1448
1357:Core/Src/app_modbus_u2.c ****   HAL_StatusTypeDef rearm_ret;
 4695              		.loc 1 1357 3 view .LVU1449
1358:Core/Src/app_modbus_u2.c ****   HAL_UART_StateTypeDef uart_state;
 4696              		.loc 1 1358 3 view .LVU1450
1359:Core/Src/app_modbus_u2.c ****   uint16_t curr_pos;
 4697              		.loc 1 1359 3 view .LVU1451
1360:Core/Src/app_modbus_u2.c ****   uint16_t prev_pos;
 4698              		.loc 1 1360 3 view .LVU1452
1361:Core/Src/app_modbus_u2.c ****   uint16_t chunk_len;
 4699              		.loc 1 1361 3 view .LVU1453
1362:Core/Src/app_modbus_u2.c ****   uint16_t first_len;
 4700              		.loc 1 1362 3 view .LVU1454
1363:Core/Src/app_modbus_u2.c ****   uint16_t second_len;
 4701              		.loc 1 1363 3 view .LVU1455
1364:Core/Src/app_modbus_u2.c ****   if ((ctx == NULL) || (ctx->huart2 == NULL) || (ctx->hdma_usart2_rx == NULL) || (ctx->rx_dma_buf =
 4702              		.loc 1 1364 3 view .LVU1456
1365:Core/Src/app_modbus_u2.c ****   {
 4703              		.loc 1 1365 3 view .LVU1457
1365:Core/Src/app_modbus_u2.c ****   {
 4704              		.loc 1 1365 6 is_stmt 0 view .LVU1458
 4705 0000 0028     		cmp	r0, #0
 4706 0002 00F0B080 		beq	.L388
1355:Core/Src/app_modbus_u2.c ****   modbus_event_msg_t mb_msg;
 4707              		.loc 1 1355 1 view .LVU1459
 4708 0006 2DE9F043 		push	{r4, r5, r6, r7, r8, r9, lr}
 4709              	.LCFI63:
 4710              		.cfi_def_cfa_offset 28
 4711              		.cfi_offset 4, -28
 4712              		.cfi_offset 5, -24
 4713              		.cfi_offset 6, -20
 4714              		.cfi_offset 7, -16
 4715              		.cfi_offset 8, -12
 4716              		.cfi_offset 9, -8
 4717              		.cfi_offset 14, -4
 4718 000a A3B0     		sub	sp, sp, #140
 4719              	.LCFI64:
 4720              		.cfi_def_cfa_offset 168
 4721 000c 0D46     		mov	r5, r1
 4722 000e 0446     		mov	r4, r0
1365:Core/Src/app_modbus_u2.c ****   {
 4723              		.loc 1 1365 28 discriminator 1 view .LVU1460
 4724 0010 0368     		ldr	r3, [r0]
1365:Core/Src/app_modbus_u2.c ****   {
ARM GAS  C:\Users\40918\AppData\Local\Temp\ccDNylh8.s 			page 139


 4725              		.loc 1 1365 21 discriminator 1 view .LVU1461
 4726 0012 13B3     		cbz	r3, .L370
1365:Core/Src/app_modbus_u2.c ****   {
 4727              		.loc 1 1365 53 discriminator 2 view .LVU1462
 4728 0014 4368     		ldr	r3, [r0, #4]
1365:Core/Src/app_modbus_u2.c ****   {
 4729              		.loc 1 1365 46 discriminator 2 view .LVU1463
 4730 0016 03B3     		cbz	r3, .L370
1365:Core/Src/app_modbus_u2.c ****   {
 4731              		.loc 1 1365 86 discriminator 3 view .LVU1464
 4732 0018 8368     		ldr	r3, [r0, #8]
1365:Core/Src/app_modbus_u2.c ****   {
 4733              		.loc 1 1365 79 discriminator 3 view .LVU1465
 4734 001a F3B1     		cbz	r3, .L370
1369:Core/Src/app_modbus_u2.c ****   {
 4735              		.loc 1 1369 3 is_stmt 1 view .LVU1466
1369:Core/Src/app_modbus_u2.c ****   {
 4736              		.loc 1 1369 6 is_stmt 0 view .LVU1467
 4737 001c 11B1     		cbz	r1, .L372
1369:Core/Src/app_modbus_u2.c ****   {
 4738              		.loc 1 1369 34 discriminator 1 view .LVU1468
 4739 001e 8389     		ldrh	r3, [r0, #12]
1369:Core/Src/app_modbus_u2.c ****   {
 4740              		.loc 1 1369 19 discriminator 1 view .LVU1469
 4741 0020 8B42     		cmp	r3, r1
 4742 0022 1DD2     		bcs	.L391
 4743              	.LVL483:
 4744              	.L372:
1443:Core/Src/app_modbus_u2.c ****   if ((uart_state == HAL_UART_STATE_BUSY_RX) || (uart_state == HAL_UART_STATE_BUSY_TX_RX))
 4745              		.loc 1 1443 3 is_stmt 1 view .LVU1470
1443:Core/Src/app_modbus_u2.c ****   if ((uart_state == HAL_UART_STATE_BUSY_RX) || (uart_state == HAL_UART_STATE_BUSY_TX_RX))
 4746              		.loc 1 1443 16 is_stmt 0 view .LVU1471
 4747 0024 2068     		ldr	r0, [r4]
 4748 0026 FFF7FEFF 		bl	HAL_UART_GetState
 4749              	.LVL484:
1444:Core/Src/app_modbus_u2.c ****   {
 4750              		.loc 1 1444 3 is_stmt 1 view .LVU1472
1444:Core/Src/app_modbus_u2.c ****   {
 4751              		.loc 1 1444 46 is_stmt 0 view .LVU1473
 4752 002a 2238     		subs	r0, r0, #34
 4753              	.LVL485:
1444:Core/Src/app_modbus_u2.c ****   {
 4754              		.loc 1 1444 46 view .LVU1474
 4755 002c C0B2     		uxtb	r0, r0
 4756              	.LVL486:
1444:Core/Src/app_modbus_u2.c ****   {
 4757              		.loc 1 1444 6 view .LVU1475
 4758 002e 0128     		cmp	r0, #1
 4759 0030 40F28D80 		bls	.L392
1450:Core/Src/app_modbus_u2.c ****   if (rearm_ret != HAL_OK)
 4760              		.loc 1 1450 3 is_stmt 1 view .LVU1476
1450:Core/Src/app_modbus_u2.c ****   if (rearm_ret != HAL_OK)
 4761              		.loc 1 1450 15 is_stmt 0 view .LVU1477
 4762 0034 A289     		ldrh	r2, [r4, #12]
 4763 0036 A168     		ldr	r1, [r4, #8]
 4764 0038 2068     		ldr	r0, [r4]
 4765 003a FFF7FEFF 		bl	HAL_UARTEx_ReceiveToIdle_DMA
ARM GAS  C:\Users\40918\AppData\Local\Temp\ccDNylh8.s 			page 140


 4766              	.LVL487:
1451:Core/Src/app_modbus_u2.c ****   {
 4767              		.loc 1 1451 3 is_stmt 1 view .LVU1478
1451:Core/Src/app_modbus_u2.c ****   {
 4768              		.loc 1 1451 6 is_stmt 0 view .LVU1479
 4769 003e 30B1     		cbz	r0, .L382
1453:Core/Src/app_modbus_u2.c ****     {
 4770              		.loc 1 1453 5 is_stmt 1 view .LVU1480
1453:Core/Src/app_modbus_u2.c ****     {
 4771              		.loc 1 1453 8 is_stmt 0 view .LVU1481
 4772 0040 0228     		cmp	r0, #2
 4773 0042 00F08B80 		beq	.L393
1459:Core/Src/app_modbus_u2.c ****     }
 4774              		.loc 1 1459 7 is_stmt 1 view .LVU1482
1459:Core/Src/app_modbus_u2.c ****     }
 4775              		.loc 1 1459 35 is_stmt 0 view .LVU1483
 4776 0046 484A     		ldr	r2, .L394
 4777 0048 1368     		ldr	r3, [r2]
 4778 004a 0133     		adds	r3, r3, #1
 4779 004c 1360     		str	r3, [r2]
 4780              	.L382:
1462:Core/Src/app_modbus_u2.c **** }
 4781              		.loc 1 1462 3 is_stmt 1 view .LVU1484
 4782 004e 6368     		ldr	r3, [r4, #4]
 4783 0050 1A68     		ldr	r2, [r3]
 4784 0052 1368     		ldr	r3, [r2]
 4785 0054 23F00803 		bic	r3, r3, #8
 4786 0058 1360     		str	r3, [r2]
 4787              	.LVL488:
 4788              	.L370:
1463:Core/Src/app_modbus_u2.c **** 
 4789              		.loc 1 1463 1 is_stmt 0 view .LVU1485
 4790 005a 23B0     		add	sp, sp, #140
 4791              	.LCFI65:
 4792              		.cfi_remember_state
 4793              		.cfi_def_cfa_offset 28
 4794              		@ sp needed
 4795 005c BDE8F083 		pop	{r4, r5, r6, r7, r8, r9, pc}
 4796              	.LVL489:
 4797              	.L391:
 4798              	.LCFI66:
 4799              		.cfi_restore_state
1371:Core/Src/app_modbus_u2.c ****     prev_pos = s_modbus_rx_dma_last_pos;
 4800              		.loc 1 1371 5 is_stmt 1 view .LVU1486
1372:Core/Src/app_modbus_u2.c ****     s_modbus_rx_last_tick = HAL_GetTick();
 4801              		.loc 1 1372 5 view .LVU1487
1372:Core/Src/app_modbus_u2.c ****     s_modbus_rx_last_tick = HAL_GetTick();
 4802              		.loc 1 1372 14 is_stmt 0 view .LVU1488
 4803 0060 424B     		ldr	r3, .L394+4
 4804 0062 1E88     		ldrh	r6, [r3]
 4805              	.LVL490:
1373:Core/Src/app_modbus_u2.c ****     s_modbus_rx_last_size = size;
 4806              		.loc 1 1373 5 is_stmt 1 view .LVU1489
1373:Core/Src/app_modbus_u2.c ****     s_modbus_rx_last_size = size;
 4807              		.loc 1 1373 29 is_stmt 0 view .LVU1490
 4808 0064 FFF7FEFF 		bl	HAL_GetTick
 4809              	.LVL491:
ARM GAS  C:\Users\40918\AppData\Local\Temp\ccDNylh8.s 			page 141


1373:Core/Src/app_modbus_u2.c ****     s_modbus_rx_last_size = size;
 4810              		.loc 1 1373 27 discriminator 1 view .LVU1491
 4811 0068 414B     		ldr	r3, .L394+8
 4812 006a 1860     		str	r0, [r3]
1374:Core/Src/app_modbus_u2.c ****     s_modbus_rx_last_prev_pos = prev_pos;
 4813              		.loc 1 1374 5 is_stmt 1 view .LVU1492
1374:Core/Src/app_modbus_u2.c ****     s_modbus_rx_last_prev_pos = prev_pos;
 4814              		.loc 1 1374 27 is_stmt 0 view .LVU1493
 4815 006c 414B     		ldr	r3, .L394+12
 4816 006e 1D80     		strh	r5, [r3]	@ movhi
1375:Core/Src/app_modbus_u2.c ****     s_modbus_rx_last_curr_pos = curr_pos;
 4817              		.loc 1 1375 5 is_stmt 1 view .LVU1494
1375:Core/Src/app_modbus_u2.c ****     s_modbus_rx_last_curr_pos = curr_pos;
 4818              		.loc 1 1375 31 is_stmt 0 view .LVU1495
 4819 0070 414B     		ldr	r3, .L394+16
 4820 0072 1E80     		strh	r6, [r3]	@ movhi
1376:Core/Src/app_modbus_u2.c ****     s_modbus_rx_last_chunk_len = 0U;
 4821              		.loc 1 1376 5 is_stmt 1 view .LVU1496
1376:Core/Src/app_modbus_u2.c ****     s_modbus_rx_last_chunk_len = 0U;
 4822              		.loc 1 1376 31 is_stmt 0 view .LVU1497
 4823 0074 414B     		ldr	r3, .L394+20
 4824 0076 1D80     		strh	r5, [r3]	@ movhi
1377:Core/Src/app_modbus_u2.c ****     s_modbus_rx_last_put_ret = 0;
 4825              		.loc 1 1377 5 is_stmt 1 view .LVU1498
1377:Core/Src/app_modbus_u2.c ****     s_modbus_rx_last_put_ret = 0;
 4826              		.loc 1 1377 32 is_stmt 0 view .LVU1499
 4827 0078 0023     		movs	r3, #0
 4828 007a 414A     		ldr	r2, .L394+24
 4829 007c 1380     		strh	r3, [r2]	@ movhi
1378:Core/Src/app_modbus_u2.c **** 
 4830              		.loc 1 1378 5 is_stmt 1 view .LVU1500
1378:Core/Src/app_modbus_u2.c **** 
 4831              		.loc 1 1378 30 is_stmt 0 view .LVU1501
 4832 007e 414A     		ldr	r2, .L394+28
 4833 0080 1360     		str	r3, [r2]
1380:Core/Src/app_modbus_u2.c ****     {
 4834              		.loc 1 1380 5 is_stmt 1 view .LVU1502
1380:Core/Src/app_modbus_u2.c ****     {
 4835              		.loc 1 1380 8 is_stmt 0 view .LVU1503
 4836 0082 B542     		cmp	r5, r6
 4837 0084 CED0     		beq	.L372
1385:Core/Src/app_modbus_u2.c ****     mb_msg.timestamp_ms = HAL_GetTick();
 4838              		.loc 1 1385 5 is_stmt 1 view .LVU1504
1385:Core/Src/app_modbus_u2.c ****     mb_msg.timestamp_ms = HAL_GetTick();
 4839              		.loc 1 1385 28 is_stmt 0 view .LVU1505
 4840 0086 404A     		ldr	r2, .L394+32
 4841 0088 1368     		ldr	r3, [r2]
 4842 008a 0133     		adds	r3, r3, #1
 4843 008c 1360     		str	r3, [r2]
1386:Core/Src/app_modbus_u2.c ****     mb_msg.reg_addr = 0U;
 4844              		.loc 1 1386 5 is_stmt 1 view .LVU1506
1386:Core/Src/app_modbus_u2.c ****     mb_msg.reg_addr = 0U;
 4845              		.loc 1 1386 27 is_stmt 0 view .LVU1507
 4846 008e FFF7FEFF 		bl	HAL_GetTick
 4847              	.LVL492:
1386:Core/Src/app_modbus_u2.c ****     mb_msg.reg_addr = 0U;
 4848              		.loc 1 1386 25 discriminator 1 view .LVU1508
ARM GAS  C:\Users\40918\AppData\Local\Temp\ccDNylh8.s 			page 142


 4849 0092 0090     		str	r0, [sp]
1387:Core/Src/app_modbus_u2.c ****     if (curr_pos > prev_pos)
 4850              		.loc 1 1387 5 is_stmt 1 view .LVU1509
1387:Core/Src/app_modbus_u2.c ****     if (curr_pos > prev_pos)
 4851              		.loc 1 1387 21 is_stmt 0 view .LVU1510
 4852 0094 0023     		movs	r3, #0
 4853 0096 ADF88630 		strh	r3, [sp, #134]	@ movhi
1388:Core/Src/app_modbus_u2.c ****     {
 4854              		.loc 1 1388 5 is_stmt 1 view .LVU1511
1388:Core/Src/app_modbus_u2.c ****     {
 4855              		.loc 1 1388 8 is_stmt 0 view .LVU1512
 4856 009a B542     		cmp	r5, r6
 4857 009c 22D9     		bls	.L373
1390:Core/Src/app_modbus_u2.c ****       if (chunk_len > sizeof(mb_msg.payload))
 4858              		.loc 1 1390 7 is_stmt 1 view .LVU1513
1390:Core/Src/app_modbus_u2.c ****       if (chunk_len > sizeof(mb_msg.payload))
 4859              		.loc 1 1390 17 is_stmt 0 view .LVU1514
 4860 009e AF1B     		subs	r7, r5, r6
 4861 00a0 BFB2     		uxth	r7, r7
 4862              	.LVL493:
1391:Core/Src/app_modbus_u2.c ****       {
 4863              		.loc 1 1391 7 is_stmt 1 view .LVU1515
1391:Core/Src/app_modbus_u2.c ****       {
 4864              		.loc 1 1391 10 is_stmt 0 view .LVU1516
 4865 00a2 802F     		cmp	r7, #128
 4866 00a4 00D9     		bls	.L374
1393:Core/Src/app_modbus_u2.c ****       }
 4867              		.loc 1 1393 19 view .LVU1517
 4868 00a6 8027     		movs	r7, #128
 4869              	.LVL494:
 4870              	.L374:
1395:Core/Src/app_modbus_u2.c ****       mb_msg.length = chunk_len;
 4871              		.loc 1 1395 7 is_stmt 1 view .LVU1518
1395:Core/Src/app_modbus_u2.c ****       mb_msg.length = chunk_len;
 4872              		.loc 1 1395 34 is_stmt 0 view .LVU1519
 4873 00a8 A168     		ldr	r1, [r4, #8]
1395:Core/Src/app_modbus_u2.c ****       mb_msg.length = chunk_len;
 4874              		.loc 1 1395 7 view .LVU1520
 4875 00aa 3A46     		mov	r2, r7
 4876 00ac 3144     		add	r1, r1, r6
 4877 00ae 01A8     		add	r0, sp, #4
 4878 00b0 FFF7FEFF 		bl	memcpy
 4879              	.LVL495:
1396:Core/Src/app_modbus_u2.c ****     }
 4880              		.loc 1 1396 7 is_stmt 1 view .LVU1521
1396:Core/Src/app_modbus_u2.c ****     }
 4881              		.loc 1 1396 21 is_stmt 0 view .LVU1522
 4882 00b4 ADF88470 		strh	r7, [sp, #132]	@ movhi
 4883              	.L375:
1420:Core/Src/app_modbus_u2.c ****     s_modbus_rx_last_chunk_len = mb_msg.length;
 4884              		.loc 1 1420 5 is_stmt 1 view .LVU1523
1420:Core/Src/app_modbus_u2.c ****     s_modbus_rx_last_chunk_len = mb_msg.length;
 4885              		.loc 1 1420 30 is_stmt 0 view .LVU1524
 4886 00b8 2C4B     		ldr	r3, .L394+4
 4887 00ba 1D80     		strh	r5, [r3]	@ movhi
1421:Core/Src/app_modbus_u2.c ****     if (ctx->q_modbus_events != NULL)
 4888              		.loc 1 1421 5 is_stmt 1 view .LVU1525
ARM GAS  C:\Users\40918\AppData\Local\Temp\ccDNylh8.s 			page 143


1421:Core/Src/app_modbus_u2.c ****     if (ctx->q_modbus_events != NULL)
 4889              		.loc 1 1421 40 is_stmt 0 view .LVU1526
 4890 00bc BDF88420 		ldrh	r2, [sp, #132]
1421:Core/Src/app_modbus_u2.c ****     if (ctx->q_modbus_events != NULL)
 4891              		.loc 1 1421 32 view .LVU1527
 4892 00c0 2F4B     		ldr	r3, .L394+24
 4893 00c2 1A80     		strh	r2, [r3]	@ movhi
1422:Core/Src/app_modbus_u2.c ****     {
 4894              		.loc 1 1422 5 is_stmt 1 view .LVU1528
1422:Core/Src/app_modbus_u2.c ****     {
 4895              		.loc 1 1422 12 is_stmt 0 view .LVU1529
 4896 00c4 2069     		ldr	r0, [r4, #16]
1422:Core/Src/app_modbus_u2.c ****     {
 4897              		.loc 1 1422 8 view .LVU1530
 4898 00c6 0028     		cmp	r0, #0
 4899 00c8 39D0     		beq	.L379
1424:Core/Src/app_modbus_u2.c ****       s_modbus_rx_last_put_ret = (int32_t)put_ret;
 4900              		.loc 1 1424 7 is_stmt 1 view .LVU1531
1424:Core/Src/app_modbus_u2.c ****       s_modbus_rx_last_put_ret = (int32_t)put_ret;
 4901              		.loc 1 1424 17 is_stmt 0 view .LVU1532
 4902 00ca 0023     		movs	r3, #0
 4903 00cc 1A46     		mov	r2, r3
 4904 00ce 6946     		mov	r1, sp
 4905 00d0 FFF7FEFF 		bl	osMessageQueuePut
 4906              	.LVL496:
1425:Core/Src/app_modbus_u2.c ****       if (put_ret == osOK)
 4907              		.loc 1 1425 7 is_stmt 1 view .LVU1533
1425:Core/Src/app_modbus_u2.c ****       if (put_ret == osOK)
 4908              		.loc 1 1425 32 is_stmt 0 view .LVU1534
 4909 00d4 2B4B     		ldr	r3, .L394+28
 4910 00d6 1860     		str	r0, [r3]
1426:Core/Src/app_modbus_u2.c ****       {
 4911              		.loc 1 1426 7 is_stmt 1 view .LVU1535
1426:Core/Src/app_modbus_u2.c ****       {
 4912              		.loc 1 1426 10 is_stmt 0 view .LVU1536
 4913 00d8 60BB     		cbnz	r0, .L380
1428:Core/Src/app_modbus_u2.c ****       }
 4914              		.loc 1 1428 9 is_stmt 1 view .LVU1537
1428:Core/Src/app_modbus_u2.c ****       }
 4915              		.loc 1 1428 39 is_stmt 0 view .LVU1538
 4916 00da 2C4A     		ldr	r2, .L394+36
 4917 00dc 1368     		ldr	r3, [r2]
 4918 00de 0133     		adds	r3, r3, #1
 4919 00e0 1360     		str	r3, [r2]
 4920 00e2 9FE7     		b	.L372
 4921              	.LVL497:
 4922              	.L373:
1400:Core/Src/app_modbus_u2.c ****       second_len = curr_pos;
 4923              		.loc 1 1400 7 is_stmt 1 view .LVU1539
1400:Core/Src/app_modbus_u2.c ****       second_len = curr_pos;
 4924              		.loc 1 1400 33 is_stmt 0 view .LVU1540
 4925 00e4 B4F80C90 		ldrh	r9, [r4, #12]
1400:Core/Src/app_modbus_u2.c ****       second_len = curr_pos;
 4926              		.loc 1 1400 17 view .LVU1541
 4927 00e8 A9EB0608 		sub	r8, r9, r6
 4928 00ec 1FFA88F8 		uxth	r8, r8
 4929              	.LVL498:
ARM GAS  C:\Users\40918\AppData\Local\Temp\ccDNylh8.s 			page 144


1401:Core/Src/app_modbus_u2.c ****       chunk_len = (uint16_t)(first_len + second_len);
 4930              		.loc 1 1401 7 is_stmt 1 view .LVU1542
1402:Core/Src/app_modbus_u2.c ****       if (chunk_len > sizeof(mb_msg.payload))
 4931              		.loc 1 1402 7 view .LVU1543
1402:Core/Src/app_modbus_u2.c ****       if (chunk_len > sizeof(mb_msg.payload))
 4932              		.loc 1 1402 17 is_stmt 0 view .LVU1544
 4933 00f0 05EB0807 		add	r7, r5, r8
 4934 00f4 BFB2     		uxth	r7, r7
 4935              	.LVL499:
1403:Core/Src/app_modbus_u2.c ****       {
 4936              		.loc 1 1403 7 is_stmt 1 view .LVU1545
1403:Core/Src/app_modbus_u2.c ****       {
 4937              		.loc 1 1403 10 is_stmt 0 view .LVU1546
 4938 00f6 802F     		cmp	r7, #128
 4939 00f8 00D9     		bls	.L376
1405:Core/Src/app_modbus_u2.c ****       }
 4940              		.loc 1 1405 19 view .LVU1547
 4941 00fa 8027     		movs	r7, #128
 4942              	.LVL500:
 4943              	.L376:
1408:Core/Src/app_modbus_u2.c ****       {
 4944              		.loc 1 1408 7 is_stmt 1 view .LVU1548
1408:Core/Src/app_modbus_u2.c ****       {
 4945              		.loc 1 1408 10 is_stmt 0 view .LVU1549
 4946 00fc 4745     		cmp	r7, r8
 4947 00fe 08D8     		bhi	.L377
1410:Core/Src/app_modbus_u2.c ****       }
 4948              		.loc 1 1410 9 is_stmt 1 view .LVU1550
1410:Core/Src/app_modbus_u2.c ****       }
 4949              		.loc 1 1410 36 is_stmt 0 view .LVU1551
 4950 0100 A168     		ldr	r1, [r4, #8]
1410:Core/Src/app_modbus_u2.c ****       }
 4951              		.loc 1 1410 9 view .LVU1552
 4952 0102 3A46     		mov	r2, r7
 4953 0104 3144     		add	r1, r1, r6
 4954 0106 01A8     		add	r0, sp, #4
 4955 0108 FFF7FEFF 		bl	memcpy
 4956              	.LVL501:
 4957              	.L378:
1417:Core/Src/app_modbus_u2.c ****     }
 4958              		.loc 1 1417 7 is_stmt 1 view .LVU1553
1417:Core/Src/app_modbus_u2.c ****     }
 4959              		.loc 1 1417 21 is_stmt 0 view .LVU1554
 4960 010c ADF88470 		strh	r7, [sp, #132]	@ movhi
 4961 0110 D2E7     		b	.L375
 4962              	.L377:
1414:Core/Src/app_modbus_u2.c ****         memcpy(&mb_msg.payload[first_len], &ctx->rx_dma_buf[0], (uint16_t)(chunk_len - first_len));
 4963              		.loc 1 1414 9 is_stmt 1 view .LVU1555
1414:Core/Src/app_modbus_u2.c ****         memcpy(&mb_msg.payload[first_len], &ctx->rx_dma_buf[0], (uint16_t)(chunk_len - first_len));
 4964              		.loc 1 1414 36 is_stmt 0 view .LVU1556
 4965 0112 A168     		ldr	r1, [r4, #8]
1414:Core/Src/app_modbus_u2.c ****         memcpy(&mb_msg.payload[first_len], &ctx->rx_dma_buf[0], (uint16_t)(chunk_len - first_len));
 4966              		.loc 1 1414 9 view .LVU1557
 4967 0114 4246     		mov	r2, r8
 4968 0116 3144     		add	r1, r1, r6
 4969 0118 01A8     		add	r0, sp, #4
 4970 011a FFF7FEFF 		bl	memcpy
ARM GAS  C:\Users\40918\AppData\Local\Temp\ccDNylh8.s 			page 145


 4971              	.LVL502:
1415:Core/Src/app_modbus_u2.c ****       }
 4972              		.loc 1 1415 9 is_stmt 1 view .LVU1558
1415:Core/Src/app_modbus_u2.c ****       }
 4973              		.loc 1 1415 16 is_stmt 0 view .LVU1559
 4974 011e 0DEB0800 		add	r0, sp, r8
1415:Core/Src/app_modbus_u2.c ****       }
 4975              		.loc 1 1415 65 view .LVU1560
 4976 0122 A6EB0902 		sub	r2, r6, r9
 4977 0126 3A44     		add	r2, r2, r7
1415:Core/Src/app_modbus_u2.c ****       }
 4978              		.loc 1 1415 9 view .LVU1561
 4979 0128 92B2     		uxth	r2, r2
 4980 012a A168     		ldr	r1, [r4, #8]
 4981 012c 0430     		adds	r0, r0, #4
 4982 012e FFF7FEFF 		bl	memcpy
 4983              	.LVL503:
 4984 0132 EBE7     		b	.L378
 4985              	.LVL504:
 4986              	.L380:
1432:Core/Src/app_modbus_u2.c ****       }
 4987              		.loc 1 1432 9 is_stmt 1 view .LVU1562
1432:Core/Src/app_modbus_u2.c ****       }
 4988              		.loc 1 1432 41 is_stmt 0 view .LVU1563
 4989 0134 164A     		ldr	r2, .L394+40
 4990 0136 1368     		ldr	r3, [r2]
 4991 0138 0133     		adds	r3, r3, #1
 4992 013a 1360     		str	r3, [r2]
 4993 013c 72E7     		b	.L372
 4994              	.LVL505:
 4995              	.L379:
1437:Core/Src/app_modbus_u2.c ****       s_modbus_rx_queue_put_fail_count++;
 4996              		.loc 1 1437 7 is_stmt 1 view .LVU1564
1437:Core/Src/app_modbus_u2.c ****       s_modbus_rx_queue_put_fail_count++;
 4997              		.loc 1 1437 32 is_stmt 0 view .LVU1565
 4998 013e 114B     		ldr	r3, .L394+28
 4999 0140 144A     		ldr	r2, .L394+44
 5000 0142 1A60     		str	r2, [r3]
1438:Core/Src/app_modbus_u2.c ****     }
 5001              		.loc 1 1438 7 is_stmt 1 view .LVU1566
1438:Core/Src/app_modbus_u2.c ****     }
 5002              		.loc 1 1438 39 is_stmt 0 view .LVU1567
 5003 0144 124A     		ldr	r2, .L394+40
 5004 0146 1368     		ldr	r3, [r2]
 5005 0148 0133     		adds	r3, r3, #1
 5006 014a 1360     		str	r3, [r2]
 5007 014c 6AE7     		b	.L372
 5008              	.LVL506:
 5009              	.L392:
1446:Core/Src/app_modbus_u2.c ****     return;
 5010              		.loc 1 1446 5 is_stmt 1 view .LVU1568
 5011 014e 6368     		ldr	r3, [r4, #4]
 5012 0150 1A68     		ldr	r2, [r3]
 5013 0152 1368     		ldr	r3, [r2]
 5014 0154 23F00803 		bic	r3, r3, #8
 5015 0158 1360     		str	r3, [r2]
1447:Core/Src/app_modbus_u2.c ****   }
ARM GAS  C:\Users\40918\AppData\Local\Temp\ccDNylh8.s 			page 146


 5016              		.loc 1 1447 5 view .LVU1569
 5017 015a 7EE7     		b	.L370
 5018              	.LVL507:
 5019              	.L393:
1455:Core/Src/app_modbus_u2.c ****     }
 5020              		.loc 1 1455 7 view .LVU1570
1455:Core/Src/app_modbus_u2.c ****     }
 5021              		.loc 1 1455 35 is_stmt 0 view .LVU1571
 5022 015c 0E4A     		ldr	r2, .L394+48
 5023 015e 1368     		ldr	r3, [r2]
 5024 0160 0133     		adds	r3, r3, #1
 5025 0162 1360     		str	r3, [r2]
 5026 0164 73E7     		b	.L382
 5027              	.LVL508:
 5028              	.L388:
 5029              	.LCFI67:
 5030              		.cfi_def_cfa_offset 0
 5031              		.cfi_restore 4
 5032              		.cfi_restore 5
 5033              		.cfi_restore 6
 5034              		.cfi_restore 7
 5035              		.cfi_restore 8
 5036              		.cfi_restore 9
 5037              		.cfi_restore 14
1455:Core/Src/app_modbus_u2.c ****     }
 5038              		.loc 1 1455 35 view .LVU1572
 5039 0166 7047     		bx	lr
 5040              	.L395:
 5041              		.align	2
 5042              	.L394:
 5043 0168 00000000 		.word	s_modbus_rx_rearm_fail_count
 5044 016c 00000000 		.word	s_modbus_rx_dma_last_pos
 5045 0170 00000000 		.word	s_modbus_rx_last_tick
 5046 0174 00000000 		.word	s_modbus_rx_last_size
 5047 0178 00000000 		.word	s_modbus_rx_last_prev_pos
 5048 017c 00000000 		.word	s_modbus_rx_last_curr_pos
 5049 0180 00000000 		.word	s_modbus_rx_last_chunk_len
 5050 0184 00000000 		.word	s_modbus_rx_last_put_ret
 5051 0188 00000000 		.word	s_modbus_rx_event_count
 5052 018c 00000000 		.word	s_modbus_rx_queue_put_ok_count
 5053 0190 00000000 		.word	s_modbus_rx_queue_put_fail_count
 5054 0194 18FCFFFF 		.word	-1000
 5055 0198 00000000 		.word	s_modbus_rx_rearm_busy_count
 5056              		.cfi_endproc
 5057              	.LFE261:
 5059              		.section	.text.AppModbusU2_OnError,"ax",%progbits
 5060              		.align	1
 5061              		.global	AppModbusU2_OnError
 5062              		.syntax unified
 5063              		.thumb
 5064              		.thumb_func
 5066              	AppModbusU2_OnError:
 5067              	.LVL509:
 5068              	.LFB262:
1466:Core/Src/app_modbus_u2.c ****   HAL_StatusTypeDef rearm_ret;
 5069              		.loc 1 1466 1 is_stmt 1 view -0
 5070              		.cfi_startproc
ARM GAS  C:\Users\40918\AppData\Local\Temp\ccDNylh8.s 			page 147


 5071              		@ args = 0, pretend = 0, frame = 0
 5072              		@ frame_needed = 0, uses_anonymous_args = 0
1467:Core/Src/app_modbus_u2.c ****   if ((ctx == NULL) || (ctx->huart2 == NULL) || (ctx->hdma_usart2_rx == NULL) || (ctx->rx_dma_buf =
 5073              		.loc 1 1467 3 view .LVU1574
1468:Core/Src/app_modbus_u2.c ****   {
 5074              		.loc 1 1468 3 view .LVU1575
1468:Core/Src/app_modbus_u2.c ****   {
 5075              		.loc 1 1468 6 is_stmt 0 view .LVU1576
 5076 0000 00B3     		cbz	r0, .L401
1466:Core/Src/app_modbus_u2.c ****   HAL_StatusTypeDef rearm_ret;
 5077              		.loc 1 1466 1 view .LVU1577
 5078 0002 10B5     		push	{r4, lr}
 5079              	.LCFI68:
 5080              		.cfi_def_cfa_offset 8
 5081              		.cfi_offset 4, -8
 5082              		.cfi_offset 14, -4
 5083 0004 0446     		mov	r4, r0
1468:Core/Src/app_modbus_u2.c ****   {
 5084              		.loc 1 1468 28 discriminator 1 view .LVU1578
 5085 0006 0368     		ldr	r3, [r0]
1468:Core/Src/app_modbus_u2.c ****   {
 5086              		.loc 1 1468 21 discriminator 1 view .LVU1579
 5087 0008 B3B1     		cbz	r3, .L396
1468:Core/Src/app_modbus_u2.c ****   {
 5088              		.loc 1 1468 53 discriminator 2 view .LVU1580
 5089 000a 4368     		ldr	r3, [r0, #4]
1468:Core/Src/app_modbus_u2.c ****   {
 5090              		.loc 1 1468 46 discriminator 2 view .LVU1581
 5091 000c A3B1     		cbz	r3, .L396
1468:Core/Src/app_modbus_u2.c ****   {
 5092              		.loc 1 1468 86 discriminator 3 view .LVU1582
 5093 000e 8368     		ldr	r3, [r0, #8]
1468:Core/Src/app_modbus_u2.c ****   {
 5094              		.loc 1 1468 79 discriminator 3 view .LVU1583
 5095 0010 93B1     		cbz	r3, .L396
1472:Core/Src/app_modbus_u2.c ****   rearm_ret = AppModbusU2_StartRxDma(ctx);
 5096              		.loc 1 1472 3 is_stmt 1 view .LVU1584
1472:Core/Src/app_modbus_u2.c ****   rearm_ret = AppModbusU2_StartRxDma(ctx);
 5097              		.loc 1 1472 26 is_stmt 0 view .LVU1585
 5098 0012 0D4A     		ldr	r2, .L405
 5099 0014 1368     		ldr	r3, [r2]
 5100 0016 0133     		adds	r3, r3, #1
 5101 0018 1360     		str	r3, [r2]
1473:Core/Src/app_modbus_u2.c ****   if (rearm_ret != HAL_OK)
 5102              		.loc 1 1473 3 is_stmt 1 view .LVU1586
1473:Core/Src/app_modbus_u2.c ****   if (rearm_ret != HAL_OK)
 5103              		.loc 1 1473 15 is_stmt 0 view .LVU1587
 5104 001a FFF7FEFF 		bl	AppModbusU2_StartRxDma
 5105              	.LVL510:
1474:Core/Src/app_modbus_u2.c ****   {
 5106              		.loc 1 1474 3 is_stmt 1 view .LVU1588
1474:Core/Src/app_modbus_u2.c ****   {
 5107              		.loc 1 1474 6 is_stmt 0 view .LVU1589
 5108 001e 28B1     		cbz	r0, .L398
1476:Core/Src/app_modbus_u2.c ****     {
 5109              		.loc 1 1476 5 is_stmt 1 view .LVU1590
1476:Core/Src/app_modbus_u2.c ****     {
ARM GAS  C:\Users\40918\AppData\Local\Temp\ccDNylh8.s 			page 148


 5110              		.loc 1 1476 8 is_stmt 0 view .LVU1591
 5111 0020 0228     		cmp	r0, #2
 5112 0022 0AD0     		beq	.L404
1482:Core/Src/app_modbus_u2.c ****     }
 5113              		.loc 1 1482 7 is_stmt 1 view .LVU1592
1482:Core/Src/app_modbus_u2.c ****     }
 5114              		.loc 1 1482 35 is_stmt 0 view .LVU1593
 5115 0024 094A     		ldr	r2, .L405+4
 5116 0026 1368     		ldr	r3, [r2]
 5117 0028 0133     		adds	r3, r3, #1
 5118 002a 1360     		str	r3, [r2]
 5119              	.L398:
1485:Core/Src/app_modbus_u2.c **** }
 5120              		.loc 1 1485 3 is_stmt 1 view .LVU1594
 5121 002c 6368     		ldr	r3, [r4, #4]
 5122 002e 1A68     		ldr	r2, [r3]
 5123 0030 1368     		ldr	r3, [r2]
 5124 0032 23F00803 		bic	r3, r3, #8
 5125 0036 1360     		str	r3, [r2]
 5126              	.LVL511:
 5127              	.L396:
1486:Core/Src/app_modbus_u2.c **** 
 5128              		.loc 1 1486 1 is_stmt 0 view .LVU1595
 5129 0038 10BD     		pop	{r4, pc}
 5130              	.LVL512:
 5131              	.L404:
1478:Core/Src/app_modbus_u2.c ****     }
 5132              		.loc 1 1478 7 is_stmt 1 view .LVU1596
1478:Core/Src/app_modbus_u2.c ****     }
 5133              		.loc 1 1478 35 is_stmt 0 view .LVU1597
 5134 003a 054A     		ldr	r2, .L405+8
 5135 003c 1368     		ldr	r3, [r2]
 5136 003e 0133     		adds	r3, r3, #1
 5137 0040 1360     		str	r3, [r2]
 5138 0042 F3E7     		b	.L398
 5139              	.LVL513:
 5140              	.L401:
 5141              	.LCFI69:
 5142              		.cfi_def_cfa_offset 0
 5143              		.cfi_restore 4
 5144              		.cfi_restore 14
1478:Core/Src/app_modbus_u2.c ****     }
 5145              		.loc 1 1478 35 view .LVU1598
 5146 0044 7047     		bx	lr
 5147              	.L406:
 5148 0046 00BF     		.align	2
 5149              	.L405:
 5150 0048 00000000 		.word	s_modbus_uart_err_count
 5151 004c 00000000 		.word	s_modbus_rx_rearm_fail_count
 5152 0050 00000000 		.word	s_modbus_rx_rearm_busy_count
 5153              		.cfi_endproc
 5154              	.LFE262:
 5156              		.section	.text.AppModbusU2_OnTxCplt,"ax",%progbits
 5157              		.align	1
 5158              		.global	AppModbusU2_OnTxCplt
 5159              		.syntax unified
 5160              		.thumb
ARM GAS  C:\Users\40918\AppData\Local\Temp\ccDNylh8.s 			page 149


 5161              		.thumb_func
 5163              	AppModbusU2_OnTxCplt:
 5164              	.LVL514:
 5165              	.LFB264:
1523:Core/Src/app_modbus_u2.c ****   (void)ctx;
 5166              		.loc 1 1523 1 is_stmt 1 view -0
 5167              		.cfi_startproc
 5168              		@ args = 0, pretend = 0, frame = 0
 5169              		@ frame_needed = 0, uses_anonymous_args = 0
 5170              		@ link register save eliminated.
1524:Core/Src/app_modbus_u2.c ****   s_usart2_tx_done = 1U;
 5171              		.loc 1 1524 3 view .LVU1600
1525:Core/Src/app_modbus_u2.c **** #if MODBUS_U2_LOG_REQ_DETAIL
 5172              		.loc 1 1525 3 view .LVU1601
1525:Core/Src/app_modbus_u2.c **** #if MODBUS_U2_LOG_REQ_DETAIL
 5173              		.loc 1 1525 20 is_stmt 0 view .LVU1602
 5174 0000 014B     		ldr	r3, .L408
 5175 0002 0122     		movs	r2, #1
 5176 0004 1A70     		strb	r2, [r3]
1529:Core/Src/app_modbus_u2.c **** 
 5177              		.loc 1 1529 1 view .LVU1603
 5178 0006 7047     		bx	lr
 5179              	.L409:
 5180              		.align	2
 5181              	.L408:
 5182 0008 00000000 		.word	s_usart2_tx_done
 5183              		.cfi_endproc
 5184              	.LFE264:
 5186              		.section	.rodata.AppModbusU2_Process1Hz.str1.4,"aMS",%progbits,1
 5187              		.align	2
 5188              	.LC30:
 5189 0000 5B4D4F44 		.ascii	"[MODBUS-U2] skip trigger reads due to 0x07xx write "
 5189      4255532D 
 5189      55325D20 
 5189      736B6970 
 5189      20747269 
 5190 0033 74696D65 		.ascii	"timeout\015\000"
 5190      6F75740D 
 5190      00
 5191              		.section	.text.AppModbusU2_Process1Hz,"ax",%progbits
 5192              		.align	1
 5193              		.global	AppModbusU2_Process1Hz
 5194              		.syntax unified
 5195              		.thumb
 5196              		.thumb_func
 5198              	AppModbusU2_Process1Hz:
 5199              	.LVL515:
 5200              	.LFB265:
1532:Core/Src/app_modbus_u2.c ****   modbus_read_resp_t resp;
 5201              		.loc 1 1532 1 is_stmt 1 view -0
 5202              		.cfi_startproc
 5203              		@ args = 0, pretend = 0, frame = 72
 5204              		@ frame_needed = 0, uses_anonymous_args = 0
1533:Core/Src/app_modbus_u2.c ****   uint16_t change_flags = 0U;
 5205              		.loc 1 1533 3 view .LVU1605
1534:Core/Src/app_modbus_u2.c ****   uint16_t rising_flags = 0U;
 5206              		.loc 1 1534 3 view .LVU1606
ARM GAS  C:\Users\40918\AppData\Local\Temp\ccDNylh8.s 			page 150


1535:Core/Src/app_modbus_u2.c ****   uint32_t i;
 5207              		.loc 1 1535 3 view .LVU1607
1536:Core/Src/app_modbus_u2.c ****   uint8_t write_all_ok;
 5208              		.loc 1 1536 3 view .LVU1608
1537:Core/Src/app_modbus_u2.c **** 
 5209              		.loc 1 1537 3 view .LVU1609
1539:Core/Src/app_modbus_u2.c ****   {
 5210              		.loc 1 1539 3 view .LVU1610
1539:Core/Src/app_modbus_u2.c ****   {
 5211              		.loc 1 1539 6 is_stmt 0 view .LVU1611
 5212 0000 0028     		cmp	r0, #0
 5213 0002 4BD0     		beq	.L421
1532:Core/Src/app_modbus_u2.c ****   modbus_read_resp_t resp;
 5214              		.loc 1 1532 1 view .LVU1612
 5215 0004 70B5     		push	{r4, r5, r6, lr}
 5216              	.LCFI70:
 5217              		.cfi_def_cfa_offset 16
 5218              		.cfi_offset 4, -16
 5219              		.cfi_offset 5, -12
 5220              		.cfi_offset 6, -8
 5221              		.cfi_offset 14, -4
 5222 0006 92B0     		sub	sp, sp, #72
 5223              	.LCFI71:
 5224              		.cfi_def_cfa_offset 88
 5225 0008 0446     		mov	r4, r0
1544:Core/Src/app_modbus_u2.c ****   U2LOGI("[MODBUS-U2] isr stats rx_evt=%lu uart_err=%lu rearm_fail=%lu rearm_busy=%lu recover=%lu\r
 5226              		.loc 1 1544 3 is_stmt 1 view .LVU1613
1544:Core/Src/app_modbus_u2.c ****   U2LOGI("[MODBUS-U2] isr stats rx_evt=%lu uart_err=%lu rearm_fail=%lu rearm_busy=%lu recover=%lu\r
 5227              		.loc 1 1544 3 view .LVU1614
1544:Core/Src/app_modbus_u2.c ****   U2LOGI("[MODBUS-U2] isr stats rx_evt=%lu uart_err=%lu rearm_fail=%lu rearm_busy=%lu recover=%lu\r
 5228              		.loc 1 1544 3 view .LVU1615
1545:Core/Src/app_modbus_u2.c ****        (unsigned long)s_modbus_rx_event_count,
 5229              		.loc 1 1545 3 view .LVU1616
1545:Core/Src/app_modbus_u2.c ****        (unsigned long)s_modbus_rx_event_count,
 5230              		.loc 1 1545 3 view .LVU1617
1545:Core/Src/app_modbus_u2.c ****        (unsigned long)s_modbus_rx_event_count,
 5231              		.loc 1 1545 3 view .LVU1618
1552:Core/Src/app_modbus_u2.c **** 
 5232              		.loc 1 1552 3 view .LVU1619
1552:Core/Src/app_modbus_u2.c **** 
 5233              		.loc 1 1552 18 is_stmt 0 view .LVU1620
 5234 000a FFF7FEFF 		bl	AppModbusU2_Write07xx1Hz
 5235              	.LVL516:
1552:Core/Src/app_modbus_u2.c **** 
 5236              		.loc 1 1552 18 view .LVU1621
 5237 000e 0546     		mov	r5, r0
 5238              	.LVL517:
1554:Core/Src/app_modbus_u2.c ****   {
 5239              		.loc 1 1554 3 is_stmt 1 view .LVU1622
1554:Core/Src/app_modbus_u2.c ****   {
 5240              		.loc 1 1554 7 is_stmt 0 view .LVU1623
 5241 0010 6B46     		mov	r3, sp
 5242 0012 0422     		movs	r2, #4
 5243 0014 4FF42F61 		mov	r1, #2800
 5244 0018 2046     		mov	r0, r4
 5245 001a FFF7FEFF 		bl	AppModbusU2_SendAndWaitRead
 5246              	.LVL518:
ARM GAS  C:\Users\40918\AppData\Local\Temp\ccDNylh8.s 			page 151


1554:Core/Src/app_modbus_u2.c ****   {
 5247              		.loc 1 1554 6 discriminator 1 view .LVU1624
 5248 001e 38B1     		cbz	r0, .L424
 5249              	.LVL519:
 5250              	.L413:
1587:Core/Src/app_modbus_u2.c ****   {
 5251              		.loc 1 1587 3 is_stmt 1 view .LVU1625
1587:Core/Src/app_modbus_u2.c ****   {
 5252              		.loc 1 1587 10 is_stmt 0 view .LVU1626
 5253 0020 A069     		ldr	r0, [r4, #24]
1587:Core/Src/app_modbus_u2.c ****   {
 5254              		.loc 1 1587 6 view .LVU1627
 5255 0022 18B1     		cbz	r0, .L410
1589:Core/Src/app_modbus_u2.c ****   }
 5256              		.loc 1 1589 5 is_stmt 1 view .LVU1628
 5257 0024 4FF40071 		mov	r1, #512
 5258 0028 FFF7FEFF 		bl	osEventFlagsSet
 5259              	.LVL520:
1592:Core/Src/app_modbus_u2.c ****        (unsigned long)((ctx->diag != NULL) ? ctx->diag->uart2_req_ok : 0U),
 5260              		.loc 1 1592 3 view .LVU1629
1592:Core/Src/app_modbus_u2.c ****        (unsigned long)((ctx->diag != NULL) ? ctx->diag->uart2_req_ok : 0U),
 5261              		.loc 1 1592 3 view .LVU1630
1592:Core/Src/app_modbus_u2.c ****        (unsigned long)((ctx->diag != NULL) ? ctx->diag->uart2_req_ok : 0U),
 5262              		.loc 1 1592 3 view .LVU1631
1596:Core/Src/app_modbus_u2.c ****        (unsigned long)s_modbus_write_ok_count,
 5263              		.loc 1 1596 3 view .LVU1632
1596:Core/Src/app_modbus_u2.c ****        (unsigned long)s_modbus_write_ok_count,
 5264              		.loc 1 1596 3 view .LVU1633
1596:Core/Src/app_modbus_u2.c ****        (unsigned long)s_modbus_write_ok_count,
 5265              		.loc 1 1596 3 view .LVU1634
 5266              	.L410:
1599:Core/Src/app_modbus_u2.c **** static void AppModbusU2_WriteMappedValue(protocol_values_t *values,
 5267              		.loc 1 1599 1 is_stmt 0 view .LVU1635
 5268 002c 12B0     		add	sp, sp, #72
 5269              	.LCFI72:
 5270              		.cfi_remember_state
 5271              		.cfi_def_cfa_offset 16
 5272              		@ sp needed
 5273 002e 70BD     		pop	{r4, r5, r6, pc}
 5274              	.LVL521:
 5275              	.L424:
 5276              	.LCFI73:
 5277              		.cfi_restore_state
1556:Core/Src/app_modbus_u2.c ****     change_flags = 0U;
 5278              		.loc 1 1556 5 is_stmt 1 view .LVU1636
 5279 0030 6A46     		mov	r2, sp
 5280 0032 4FF42F61 		mov	r1, #2800
 5281 0036 2046     		mov	r0, r4
 5282 0038 FFF7FEFF 		bl	AppModbusU2_UpdateCache
 5283              	.LVL522:
1557:Core/Src/app_modbus_u2.c ****     for (i = 0U; i < (sizeof(s_flag_maps) / sizeof(s_flag_maps[0])); i++)
 5284              		.loc 1 1557 5 view .LVU1637
1558:Core/Src/app_modbus_u2.c ****     {
 5285              		.loc 1 1558 5 view .LVU1638
1558:Core/Src/app_modbus_u2.c ****     {
 5286              		.loc 1 1558 12 is_stmt 0 view .LVU1639
 5287 003c 0023     		movs	r3, #0
ARM GAS  C:\Users\40918\AppData\Local\Temp\ccDNylh8.s 			page 152


1557:Core/Src/app_modbus_u2.c ****     for (i = 0U; i < (sizeof(s_flag_maps) / sizeof(s_flag_maps[0])); i++)
 5288              		.loc 1 1557 18 view .LVU1640
 5289 003e 1E46     		mov	r6, r3
1558:Core/Src/app_modbus_u2.c ****     {
 5290              		.loc 1 1558 5 view .LVU1641
 5291 0040 00E0     		b	.L414
 5292              	.LVL523:
 5293              	.L415:
1558:Core/Src/app_modbus_u2.c ****     {
 5294              		.loc 1 1558 71 is_stmt 1 discriminator 2 view .LVU1642
 5295 0042 0133     		adds	r3, r3, #1
 5296              	.LVL524:
 5297              	.L414:
1558:Core/Src/app_modbus_u2.c ****     {
 5298              		.loc 1 1558 20 discriminator 1 view .LVU1643
 5299 0044 022B     		cmp	r3, #2
 5300 0046 13D8     		bhi	.L425
1560:Core/Src/app_modbus_u2.c ****           (resp.regs[s_flag_maps[i].reg_index] != 0U))
 5301              		.loc 1 1560 7 view .LVU1644
1560:Core/Src/app_modbus_u2.c ****           (resp.regs[s_flag_maps[i].reg_index] != 0U))
 5302              		.loc 1 1560 16 is_stmt 0 view .LVU1645
 5303 0048 BDF84410 		ldrh	r1, [sp, #68]
1560:Core/Src/app_modbus_u2.c ****           (resp.regs[s_flag_maps[i].reg_index] != 0U))
 5304              		.loc 1 1560 43 view .LVU1646
 5305 004c 144A     		ldr	r2, .L428
 5306 004e 12F82320 		ldrb	r2, [r2, r3, lsl #2]	@ zero_extendqisi2
1560:Core/Src/app_modbus_u2.c ****           (resp.regs[s_flag_maps[i].reg_index] != 0U))
 5307              		.loc 1 1560 10 view .LVU1647
 5308 0052 9142     		cmp	r1, r2
 5309 0054 F5D9     		bls	.L415
1561:Core/Src/app_modbus_u2.c ****       {
 5310              		.loc 1 1561 21 view .LVU1648
 5311 0056 12A9     		add	r1, sp, #72
 5312 0058 01EB4202 		add	r2, r1, r2, lsl #1
 5313 005c 32F8442C 		ldrh	r2, [r2, #-68]
1560:Core/Src/app_modbus_u2.c ****           (resp.regs[s_flag_maps[i].reg_index] != 0U))
 5314              		.loc 1 1560 55 discriminator 1 view .LVU1649
 5315 0060 002A     		cmp	r2, #0
 5316 0062 EED0     		beq	.L415
1563:Core/Src/app_modbus_u2.c ****       }
 5317              		.loc 1 1563 9 is_stmt 1 view .LVU1650
1563:Core/Src/app_modbus_u2.c ****       }
 5318              		.loc 1 1563 39 is_stmt 0 view .LVU1651
 5319 0064 0E4A     		ldr	r2, .L428
 5320 0066 02EB8302 		add	r2, r2, r3, lsl #2
 5321 006a 5288     		ldrh	r2, [r2, #2]
1563:Core/Src/app_modbus_u2.c ****       }
 5322              		.loc 1 1563 22 view .LVU1652
 5323 006c 1643     		orrs	r6, r6, r2
 5324              	.LVL525:
1563:Core/Src/app_modbus_u2.c ****       }
 5325              		.loc 1 1563 22 view .LVU1653
 5326 006e E8E7     		b	.L415
 5327              	.L425:
1567:Core/Src/app_modbus_u2.c ****     rising_flags = (uint16_t)(change_flags & (uint16_t)(~s_prev_change_flags));
 5328              		.loc 1 1567 5 is_stmt 1 view .LVU1654
1567:Core/Src/app_modbus_u2.c ****     rising_flags = (uint16_t)(change_flags & (uint16_t)(~s_prev_change_flags));
ARM GAS  C:\Users\40918\AppData\Local\Temp\ccDNylh8.s 			page 153


 5329              		.loc 1 1567 5 view .LVU1655
1567:Core/Src/app_modbus_u2.c ****     rising_flags = (uint16_t)(change_flags & (uint16_t)(~s_prev_change_flags));
 5330              		.loc 1 1567 5 view .LVU1656
1568:Core/Src/app_modbus_u2.c ****     s_prev_change_flags = change_flags;
 5331              		.loc 1 1568 5 view .LVU1657
1568:Core/Src/app_modbus_u2.c ****     s_prev_change_flags = change_flags;
 5332              		.loc 1 1568 46 is_stmt 0 view .LVU1658
 5333 0070 0C4B     		ldr	r3, .L428+4
 5334              	.LVL526:
1568:Core/Src/app_modbus_u2.c ****     s_prev_change_flags = change_flags;
 5335              		.loc 1 1568 46 view .LVU1659
 5336 0072 1988     		ldrh	r1, [r3]
1568:Core/Src/app_modbus_u2.c ****     s_prev_change_flags = change_flags;
 5337              		.loc 1 1568 18 view .LVU1660
 5338 0074 26EA0101 		bic	r1, r6, r1
 5339              	.LVL527:
1569:Core/Src/app_modbus_u2.c ****     U2LOGI("[MODBUS-U2] rising flags = 0x%04X\r\n", (unsigned int)rising_flags);
 5340              		.loc 1 1569 5 is_stmt 1 view .LVU1661
1569:Core/Src/app_modbus_u2.c ****     U2LOGI("[MODBUS-U2] rising flags = 0x%04X\r\n", (unsigned int)rising_flags);
 5341              		.loc 1 1569 25 is_stmt 0 view .LVU1662
 5342 0078 1E80     		strh	r6, [r3]	@ movhi
1570:Core/Src/app_modbus_u2.c **** 
 5343              		.loc 1 1570 5 is_stmt 1 view .LVU1663
1570:Core/Src/app_modbus_u2.c **** 
 5344              		.loc 1 1570 5 view .LVU1664
1570:Core/Src/app_modbus_u2.c **** 
 5345              		.loc 1 1570 5 view .LVU1665
1572:Core/Src/app_modbus_u2.c ****     {
 5346              		.loc 1 1572 5 view .LVU1666
1572:Core/Src/app_modbus_u2.c ****     {
 5347              		.loc 1 1572 8 is_stmt 0 view .LVU1667
 5348 007a 0DB1     		cbz	r5, .L417
1572:Core/Src/app_modbus_u2.c ****     {
 5349              		.loc 1 1572 30 discriminator 1 view .LVU1668
 5350 007c 31B9     		cbnz	r1, .L426
 5351              	.LVL528:
 5352              	.L418:
1577:Core/Src/app_modbus_u2.c ****     {
 5353              		.loc 1 1577 5 is_stmt 1 view .LVU1669
1577:Core/Src/app_modbus_u2.c ****     {
 5354              		.loc 1 1577 30 is_stmt 0 discriminator 1 view .LVU1670
 5355 007e 4EB9     		cbnz	r6, .L427
 5356              	.L417:
1581:Core/Src/app_modbus_u2.c ****     {
 5357              		.loc 1 1581 10 is_stmt 1 view .LVU1671
1581:Core/Src/app_modbus_u2.c ****     {
 5358              		.loc 1 1581 13 is_stmt 0 view .LVU1672
 5359 0080 002D     		cmp	r5, #0
 5360 0082 CDD1     		bne	.L413
 5361              	.LBB27:
1583:Core/Src/app_modbus_u2.c ****     }
 5362              		.loc 1 1583 7 is_stmt 1 view .LVU1673
 5363 0084 0848     		ldr	r0, .L428+8
 5364 0086 FFF7FEFF 		bl	puts
 5365              	.LVL529:
 5366 008a C9E7     		b	.L413
 5367              	.LVL530:
ARM GAS  C:\Users\40918\AppData\Local\Temp\ccDNylh8.s 			page 154


 5368              	.L426:
1583:Core/Src/app_modbus_u2.c ****     }
 5369              		.loc 1 1583 7 is_stmt 0 view .LVU1674
 5370              	.LBE27:
1574:Core/Src/app_modbus_u2.c ****     }
 5371              		.loc 1 1574 7 is_stmt 1 view .LVU1675
 5372 008c 2046     		mov	r0, r4
 5373 008e FFF7FEFF 		bl	AppModbusU2_ProcessChangeFlags
 5374              	.LVL531:
1574:Core/Src/app_modbus_u2.c ****     }
 5375              		.loc 1 1574 7 is_stmt 0 view .LVU1676
 5376 0092 F4E7     		b	.L418
 5377              	.L427:
1579:Core/Src/app_modbus_u2.c ****     }
 5378              		.loc 1 1579 7 is_stmt 1 view .LVU1677
 5379 0094 2046     		mov	r0, r4
 5380 0096 FFF7FEFF 		bl	AppModbusU2_ClearTriggerFlags
 5381              	.LVL532:
 5382 009a C1E7     		b	.L413
 5383              	.LVL533:
 5384              	.L421:
 5385              	.LCFI74:
 5386              		.cfi_def_cfa_offset 0
 5387              		.cfi_restore 4
 5388              		.cfi_restore 5
 5389              		.cfi_restore 6
 5390              		.cfi_restore 14
1579:Core/Src/app_modbus_u2.c ****     }
 5391              		.loc 1 1579 7 is_stmt 0 view .LVU1678
 5392 009c 7047     		bx	lr
 5393              	.L429:
 5394 009e 00BF     		.align	2
 5395              	.L428:
 5396 00a0 00000000 		.word	s_flag_maps
 5397 00a4 00000000 		.word	s_prev_change_flags
 5398 00a8 00000000 		.word	.LC30
 5399              		.cfi_endproc
 5400              	.LFE265:
 5402              		.section	.rodata.s_write_07xx_list,"a"
 5403              		.align	2
 5406              	s_write_07xx_list:
 5407 0000 D007     		.short	2000
 5408 0002 0200     		.short	2
 5409 0004 0000     		.short	0
 5410 0006 D207     		.short	2002
 5411 0008 0200     		.short	2
 5412 000a 0400     		.short	4
 5413 000c D407     		.short	2004
 5414 000e 0200     		.short	2
 5415 0010 0800     		.short	8
 5416 0012 D607     		.short	2006
 5417 0014 0200     		.short	2
 5418 0016 0C00     		.short	12
 5419 0018 D807     		.short	2008
 5420 001a 0100     		.short	1
 5421 001c 1000     		.short	16
 5422 001e D907     		.short	2009
ARM GAS  C:\Users\40918\AppData\Local\Temp\ccDNylh8.s 			page 155


 5423 0020 0100     		.short	1
 5424 0022 1200     		.short	18
 5425 0024 DC07     		.short	2012
 5426 0026 0100     		.short	1
 5427 0028 1800     		.short	24
 5428              		.section	.rodata.s_flag_maps,"a"
 5429              		.align	2
 5432              	s_flag_maps:
 5433 0000 00       		.byte	0
 5434 0001 00       		.space	1
 5435 0002 0100     		.short	1
 5436 0004 01       		.byte	1
 5437 0005 00       		.space	1
 5438 0006 0200     		.short	2
 5439 0008 02       		.byte	2
 5440 0009 00       		.space	1
 5441 000a 0400     		.short	4
 5442              		.section	.rodata.s_change_queries,"a"
 5443              		.align	2
 5446              	s_change_queries:
 5447 0000 0100     		.short	1
 5448 0002 C409     		.short	2500
 5449 0004 0200     		.short	2
 5450 0006 0200     		.short	2
 5451 0008 C609     		.short	2502
 5452 000a 0C00     		.short	12
 5453 000c 0400     		.short	4
 5454 000e D209     		.short	2514
 5455 0010 1300     		.short	19
 5456              		.section	.bss.s_prev_change_flags,"aw",%nobits
 5457              		.align	1
 5460              	s_prev_change_flags:
 5461 0000 0000     		.space	2
 5462              		.section	.bss.s_modbus_rx_dma_last_pos,"aw",%nobits
 5463              		.align	1
 5466              	s_modbus_rx_dma_last_pos:
 5467 0000 0000     		.space	2
 5468              		.section	.bss.s_modbus_rx_stream,"aw",%nobits
 5469              		.align	2
 5472              	s_modbus_rx_stream:
 5473 0000 00000000 		.space	512
 5473      00000000 
 5473      00000000 
 5473      00000000 
 5473      00000000 
 5474              		.section	.bss.s_modbus_write_timeout_count,"aw",%nobits
 5475              		.align	2
 5478              	s_modbus_write_timeout_count:
 5479 0000 00000000 		.space	4
 5480              		.section	.bss.s_modbus_write_ok_count,"aw",%nobits
 5481              		.align	2
 5484              	s_modbus_write_ok_count:
 5485 0000 00000000 		.space	4
 5486              		.section	.bss.s_modbus_rx_last_put_ret,"aw",%nobits
 5487              		.align	2
 5490              	s_modbus_rx_last_put_ret:
 5491 0000 00000000 		.space	4
ARM GAS  C:\Users\40918\AppData\Local\Temp\ccDNylh8.s 			page 156


 5492              		.section	.bss.s_modbus_rx_last_chunk_len,"aw",%nobits
 5493              		.align	1
 5496              	s_modbus_rx_last_chunk_len:
 5497 0000 0000     		.space	2
 5498              		.section	.bss.s_modbus_rx_last_curr_pos,"aw",%nobits
 5499              		.align	1
 5502              	s_modbus_rx_last_curr_pos:
 5503 0000 0000     		.space	2
 5504              		.section	.bss.s_modbus_rx_last_prev_pos,"aw",%nobits
 5505              		.align	1
 5508              	s_modbus_rx_last_prev_pos:
 5509 0000 0000     		.space	2
 5510              		.section	.bss.s_modbus_rx_last_size,"aw",%nobits
 5511              		.align	1
 5514              	s_modbus_rx_last_size:
 5515 0000 0000     		.space	2
 5516              		.section	.bss.s_modbus_rx_last_tick,"aw",%nobits
 5517              		.align	2
 5520              	s_modbus_rx_last_tick:
 5521 0000 00000000 		.space	4
 5522              		.section	.bss.s_modbus_rx_queue_put_fail_count,"aw",%nobits
 5523              		.align	2
 5526              	s_modbus_rx_queue_put_fail_count:
 5527 0000 00000000 		.space	4
 5528              		.section	.bss.s_modbus_rx_queue_put_ok_count,"aw",%nobits
 5529              		.align	2
 5532              	s_modbus_rx_queue_put_ok_count:
 5533 0000 00000000 		.space	4
 5534              		.section	.bss.s_modbus_rx_recover_count,"aw",%nobits
 5535              		.align	2
 5538              	s_modbus_rx_recover_count:
 5539 0000 00000000 		.space	4
 5540              		.section	.bss.s_modbus_rx_rearm_busy_count,"aw",%nobits
 5541              		.align	2
 5544              	s_modbus_rx_rearm_busy_count:
 5545 0000 00000000 		.space	4
 5546              		.section	.bss.s_modbus_rx_rearm_fail_count,"aw",%nobits
 5547              		.align	2
 5550              	s_modbus_rx_rearm_fail_count:
 5551 0000 00000000 		.space	4
 5552              		.section	.bss.s_modbus_uart_err_count,"aw",%nobits
 5553              		.align	2
 5556              	s_modbus_uart_err_count:
 5557 0000 00000000 		.space	4
 5558              		.section	.bss.s_modbus_rx_event_count,"aw",%nobits
 5559              		.align	2
 5562              	s_modbus_rx_event_count:
 5563 0000 00000000 		.space	4
 5564              		.section	.bss.s_modbus_req_seq,"aw",%nobits
 5565              		.align	2
 5568              	s_modbus_req_seq:
 5569 0000 00000000 		.space	4
 5570              		.section	.data.s_usart2_tx_done,"aw"
 5573              	s_usart2_tx_done:
 5574 0000 01       		.byte	1
 5575              		.text
 5576              	.Letext0:
ARM GAS  C:\Users\40918\AppData\Local\Temp\ccDNylh8.s 			page 157


 5577              		.file 2 "D:/Tools/Arm GNU Toolchain arm-none-eabi/13.3 rel1/arm-none-eabi/include/machine/_default
 5578              		.file 3 "D:/Tools/Arm GNU Toolchain arm-none-eabi/13.3 rel1/arm-none-eabi/include/sys/_stdint.h"
 5579              		.file 4 "Drivers/CMSIS/Device/ST/STM32F4xx/Include/stm32f407xx.h"
 5580              		.file 5 "D:/Tools/Arm GNU Toolchain arm-none-eabi/13.3 rel1/lib/gcc/arm-none-eabi/13.3.1/include/s
 5581              		.file 6 "Drivers/CMSIS/Device/ST/STM32F4xx/Include/stm32f4xx.h"
 5582              		.file 7 "Drivers/STM32F4xx_HAL_Driver/Inc/stm32f4xx_hal_def.h"
 5583              		.file 8 "Drivers/STM32F4xx_HAL_Driver/Inc/stm32f4xx_hal_dma.h"
 5584              		.file 9 "Drivers/STM32F4xx_HAL_Driver/Inc/stm32f4xx_hal_uart.h"
 5585              		.file 10 "Core/Inc/main.h"
 5586              		.file 11 "Middlewares/Third_Party/FreeRTOS/Source/CMSIS_RTOS_V2/cmsis_os2.h"
 5587              		.file 12 "Core/Inc/modbus_master.h"
 5588              		.file 13 "Core/Inc/protocol_map.h"
 5589              		.file 14 "Core/Inc/protocol_values.h"
 5590              		.file 15 "Core/Inc/app_modbus_u2.h"
 5591              		.file 16 "Core/Inc/app_calc.h"
 5592              		.file 17 "Core/Inc/app_avg_power_cache.h"
 5593              		.file 18 "Core/Inc/app_param_store.h"
 5594              		.file 19 "D:/Tools/Arm GNU Toolchain arm-none-eabi/13.3 rel1/arm-none-eabi/include/string.h"
 5595              		.file 20 "Drivers/STM32F4xx_HAL_Driver/Inc/stm32f4xx_hal.h"
 5596              		.file 21 "<built-in>"
ARM GAS  C:\Users\40918\AppData\Local\Temp\ccDNylh8.s 			page 158


DEFINED SYMBOLS
                            *ABS*:00000000 app_modbus_u2.c
C:\Users\40918\AppData\Local\Temp\ccDNylh8.s:21     .text.AppModbusU2_WriteFloatToRegs:00000000 $t
C:\Users\40918\AppData\Local\Temp\ccDNylh8.s:26     .text.AppModbusU2_WriteFloatToRegs:00000000 AppModbusU2_WriteFloatToRegs
C:\Users\40918\AppData\Local\Temp\ccDNylh8.s:58     .text.AppModbusU2_WriteMappedValue:00000000 $t
C:\Users\40918\AppData\Local\Temp\ccDNylh8.s:63     .text.AppModbusU2_WriteMappedValue:00000000 AppModbusU2_WriteMappedValue
C:\Users\40918\AppData\Local\Temp\ccDNylh8.s:147    .text.AppModbusU2_StartRxDma:00000000 $t
C:\Users\40918\AppData\Local\Temp\ccDNylh8.s:152    .text.AppModbusU2_StartRxDma:00000000 AppModbusU2_StartRxDma
C:\Users\40918\AppData\Local\Temp\ccDNylh8.s:235    .text.AppModbusU2_StartRxDma:00000040 $d
C:\Users\40918\AppData\Local\Temp\ccDNylh8.s:5466   .bss.s_modbus_rx_dma_last_pos:00000000 s_modbus_rx_dma_last_pos
C:\Users\40918\AppData\Local\Temp\ccDNylh8.s:240    .rodata.AppModbusU2_LogTimeoutDiag.str1.4:00000000 $d
C:\Users\40918\AppData\Local\Temp\ccDNylh8.s:255    .text.AppModbusU2_LogTimeoutDiag:00000000 $t
C:\Users\40918\AppData\Local\Temp\ccDNylh8.s:260    .text.AppModbusU2_LogTimeoutDiag:00000000 AppModbusU2_LogTimeoutDiag
C:\Users\40918\AppData\Local\Temp\ccDNylh8.s:414    .text.AppModbusU2_LogTimeoutDiag:000000b0 $d
C:\Users\40918\AppData\Local\Temp\ccDNylh8.s:5556   .bss.s_modbus_uart_err_count:00000000 s_modbus_uart_err_count
C:\Users\40918\AppData\Local\Temp\ccDNylh8.s:5550   .bss.s_modbus_rx_rearm_fail_count:00000000 s_modbus_rx_rearm_fail_count
C:\Users\40918\AppData\Local\Temp\ccDNylh8.s:5544   .bss.s_modbus_rx_rearm_busy_count:00000000 s_modbus_rx_rearm_busy_count
C:\Users\40918\AppData\Local\Temp\ccDNylh8.s:5562   .bss.s_modbus_rx_event_count:00000000 s_modbus_rx_event_count
C:\Users\40918\AppData\Local\Temp\ccDNylh8.s:5520   .bss.s_modbus_rx_last_tick:00000000 s_modbus_rx_last_tick
C:\Users\40918\AppData\Local\Temp\ccDNylh8.s:5514   .bss.s_modbus_rx_last_size:00000000 s_modbus_rx_last_size
C:\Users\40918\AppData\Local\Temp\ccDNylh8.s:5508   .bss.s_modbus_rx_last_prev_pos:00000000 s_modbus_rx_last_prev_pos
C:\Users\40918\AppData\Local\Temp\ccDNylh8.s:5502   .bss.s_modbus_rx_last_curr_pos:00000000 s_modbus_rx_last_curr_pos
C:\Users\40918\AppData\Local\Temp\ccDNylh8.s:5496   .bss.s_modbus_rx_last_chunk_len:00000000 s_modbus_rx_last_chunk_len
C:\Users\40918\AppData\Local\Temp\ccDNylh8.s:5490   .bss.s_modbus_rx_last_put_ret:00000000 s_modbus_rx_last_put_ret
C:\Users\40918\AppData\Local\Temp\ccDNylh8.s:5532   .bss.s_modbus_rx_queue_put_ok_count:00000000 s_modbus_rx_queue_put_ok_count
C:\Users\40918\AppData\Local\Temp\ccDNylh8.s:5526   .bss.s_modbus_rx_queue_put_fail_count:00000000 s_modbus_rx_queue_put_fail_count
C:\Users\40918\AppData\Local\Temp\ccDNylh8.s:5538   .bss.s_modbus_rx_recover_count:00000000 s_modbus_rx_recover_count
C:\Users\40918\AppData\Local\Temp\ccDNylh8.s:434    .text.AppModbusU2_FloatToRegs:00000000 $t
C:\Users\40918\AppData\Local\Temp\ccDNylh8.s:439    .text.AppModbusU2_FloatToRegs:00000000 AppModbusU2_FloatToRegs
C:\Users\40918\AppData\Local\Temp\ccDNylh8.s:568    .text.AppModbusU2_U16ToRegs:00000000 $t
C:\Users\40918\AppData\Local\Temp\ccDNylh8.s:573    .text.AppModbusU2_U16ToRegs:00000000 AppModbusU2_U16ToRegs
C:\Users\40918\AppData\Local\Temp\ccDNylh8.s:690    .text.AppModbusU2_ClearSentLowVoltageStates:00000000 $t
C:\Users\40918\AppData\Local\Temp\ccDNylh8.s:695    .text.AppModbusU2_ClearSentLowVoltageStates:00000000 AppModbusU2_ClearSentLowVoltageStates
C:\Users\40918\AppData\Local\Temp\ccDNylh8.s:795    .text.AppModbusU2_StartResponseWindow:00000000 $t
C:\Users\40918\AppData\Local\Temp\ccDNylh8.s:800    .text.AppModbusU2_StartResponseWindow:00000000 AppModbusU2_StartResponseWindow
C:\Users\40918\AppData\Local\Temp\ccDNylh8.s:887    .text.AppModbusU2_StartResponseWindow:00000040 $d
C:\Users\40918\AppData\Local\Temp\ccDNylh8.s:896    .text.AppModbusU2_BuildWriteMultiple:00000000 $t
C:\Users\40918\AppData\Local\Temp\ccDNylh8.s:901    .text.AppModbusU2_BuildWriteMultiple:00000000 AppModbusU2_BuildWriteMultiple
C:\Users\40918\AppData\Local\Temp\ccDNylh8.s:1065   .text.AppModbusU2_ParseWriteAckFromStream:00000000 $t
C:\Users\40918\AppData\Local\Temp\ccDNylh8.s:1070   .text.AppModbusU2_ParseWriteAckFromStream:00000000 AppModbusU2_ParseWriteAckFromStream
C:\Users\40918\AppData\Local\Temp\ccDNylh8.s:1209   .text.AppModbusU2_StopRxDma:00000000 $t
C:\Users\40918\AppData\Local\Temp\ccDNylh8.s:1214   .text.AppModbusU2_StopRxDma:00000000 AppModbusU2_StopRxDma
C:\Users\40918\AppData\Local\Temp\ccDNylh8.s:1258   .text.AppModbusU2_StopRxDma:00000018 $d
C:\Users\40918\AppData\Local\Temp\ccDNylh8.s:1263   .rodata.AppModbusU2_RecoverRxDma.str1.4:00000000 $d
C:\Users\40918\AppData\Local\Temp\ccDNylh8.s:1272   .text.AppModbusU2_RecoverRxDma:00000000 $t
C:\Users\40918\AppData\Local\Temp\ccDNylh8.s:1277   .text.AppModbusU2_RecoverRxDma:00000000 AppModbusU2_RecoverRxDma
C:\Users\40918\AppData\Local\Temp\ccDNylh8.s:1410   .text.AppModbusU2_RecoverRxDma:0000007c $d
C:\Users\40918\AppData\Local\Temp\ccDNylh8.s:1420   .text.AppModbusU2_Delay1ms:00000000 $t
C:\Users\40918\AppData\Local\Temp\ccDNylh8.s:1425   .text.AppModbusU2_Delay1ms:00000000 AppModbusU2_Delay1ms
C:\Users\40918\AppData\Local\Temp\ccDNylh8.s:1460   .rodata.AppModbusU2_LogBytesError.str1.4:00000000 $d
C:\Users\40918\AppData\Local\Temp\ccDNylh8.s:1470   .text.AppModbusU2_LogBytesError:00000000 $t
C:\Users\40918\AppData\Local\Temp\ccDNylh8.s:1475   .text.AppModbusU2_LogBytesError:00000000 AppModbusU2_LogBytesError
C:\Users\40918\AppData\Local\Temp\ccDNylh8.s:1556   .text.AppModbusU2_LogBytesError:0000003c $d
C:\Users\40918\AppData\Local\Temp\ccDNylh8.s:1563   .rodata.AppModbusU2_SendAndWaitWrite.str1.4:00000000 $d
C:\Users\40918\AppData\Local\Temp\ccDNylh8.s:1595   .text.AppModbusU2_SendAndWaitWrite:00000000 $t
C:\Users\40918\AppData\Local\Temp\ccDNylh8.s:1600   .text.AppModbusU2_SendAndWaitWrite:00000000 AppModbusU2_SendAndWaitWrite
C:\Users\40918\AppData\Local\Temp\ccDNylh8.s:2301   .text.AppModbusU2_SendAndWaitWrite:000002b4 $d
ARM GAS  C:\Users\40918\AppData\Local\Temp\ccDNylh8.s 			page 159


C:\Users\40918\AppData\Local\Temp\ccDNylh8.s:5568   .bss.s_modbus_req_seq:00000000 s_modbus_req_seq
C:\Users\40918\AppData\Local\Temp\ccDNylh8.s:5573   .data.s_usart2_tx_done:00000000 s_usart2_tx_done
C:\Users\40918\AppData\Local\Temp\ccDNylh8.s:5472   .bss.s_modbus_rx_stream:00000000 s_modbus_rx_stream
C:\Users\40918\AppData\Local\Temp\ccDNylh8.s:2316   .text.AppModbusU2_SendAndWaitWrite:000002e4 $t
C:\Users\40918\AppData\Local\Temp\ccDNylh8.s:2335   .rodata.AppModbusU2_Write07xx1Hz.str1.4:00000000 $d
C:\Users\40918\AppData\Local\Temp\ccDNylh8.s:2344   .text.AppModbusU2_Write07xx1Hz:00000000 $t
C:\Users\40918\AppData\Local\Temp\ccDNylh8.s:2349   .text.AppModbusU2_Write07xx1Hz:00000000 AppModbusU2_Write07xx1Hz
C:\Users\40918\AppData\Local\Temp\ccDNylh8.s:2674   .text.AppModbusU2_Write07xx1Hz:00000154 $d
C:\Users\40918\AppData\Local\Temp\ccDNylh8.s:5406   .rodata.s_write_07xx_list:00000000 s_write_07xx_list
C:\Users\40918\AppData\Local\Temp\ccDNylh8.s:5484   .bss.s_modbus_write_ok_count:00000000 s_modbus_write_ok_count
C:\Users\40918\AppData\Local\Temp\ccDNylh8.s:5478   .bss.s_modbus_write_timeout_count:00000000 s_modbus_write_timeout_count
C:\Users\40918\AppData\Local\Temp\ccDNylh8.s:2683   .rodata.AppModbusU2_ClearTriggerFlags.str1.4:00000000 $d
C:\Users\40918\AppData\Local\Temp\ccDNylh8.s:2688   .text.AppModbusU2_ClearTriggerFlags:00000000 $t
C:\Users\40918\AppData\Local\Temp\ccDNylh8.s:2693   .text.AppModbusU2_ClearTriggerFlags:00000000 AppModbusU2_ClearTriggerFlags
C:\Users\40918\AppData\Local\Temp\ccDNylh8.s:2773   .text.AppModbusU2_ClearTriggerFlags:00000048 $d
C:\Users\40918\AppData\Local\Temp\ccDNylh8.s:2779   .text.AppModbusU2_ParseExpectedFromStream:00000000 $t
C:\Users\40918\AppData\Local\Temp\ccDNylh8.s:2784   .text.AppModbusU2_ParseExpectedFromStream:00000000 AppModbusU2_ParseExpectedFromStream
C:\Users\40918\AppData\Local\Temp\ccDNylh8.s:2979   .rodata.AppModbusU2_SendAndWaitRead.str1.4:00000000 $d
C:\Users\40918\AppData\Local\Temp\ccDNylh8.s:3004   .text.AppModbusU2_SendAndWaitRead:00000000 $t
C:\Users\40918\AppData\Local\Temp\ccDNylh8.s:3009   .text.AppModbusU2_SendAndWaitRead:00000000 AppModbusU2_SendAndWaitRead
C:\Users\40918\AppData\Local\Temp\ccDNylh8.s:3711   .text.AppModbusU2_SendAndWaitRead:000002dc $d
C:\Users\40918\AppData\Local\Temp\ccDNylh8.s:3728   .text.AppModbusU2_SendAndWaitRead:0000030c $t
C:\Users\40918\AppData\Local\Temp\ccDNylh8.s:3772   .text.AppModbusU2_UpdateCache:00000000 $t
C:\Users\40918\AppData\Local\Temp\ccDNylh8.s:3777   .text.AppModbusU2_UpdateCache:00000000 AppModbusU2_UpdateCache
C:\Users\40918\AppData\Local\Temp\ccDNylh8.s:4030   .rodata.AppModbusU2_ProcessChangeFlags.str1.4:00000000 $d
C:\Users\40918\AppData\Local\Temp\ccDNylh8.s:4039   .text.AppModbusU2_ProcessChangeFlags:00000000 $t
C:\Users\40918\AppData\Local\Temp\ccDNylh8.s:4044   .text.AppModbusU2_ProcessChangeFlags:00000000 AppModbusU2_ProcessChangeFlags
C:\Users\40918\AppData\Local\Temp\ccDNylh8.s:4574   .text.AppModbusU2_ProcessChangeFlags:0000023c $d
C:\Users\40918\AppData\Local\Temp\ccDNylh8.s:5446   .rodata.s_change_queries:00000000 s_change_queries
C:\Users\40918\AppData\Local\Temp\ccDNylh8.s:4582   .rodata.AppModbusU2_Init.str1.4:00000000 $d
C:\Users\40918\AppData\Local\Temp\ccDNylh8.s:4586   .text.AppModbusU2_Init:00000000 $t
C:\Users\40918\AppData\Local\Temp\ccDNylh8.s:4592   .text.AppModbusU2_Init:00000000 AppModbusU2_Init
C:\Users\40918\AppData\Local\Temp\ccDNylh8.s:4674   .text.AppModbusU2_Init:0000003c $d
C:\Users\40918\AppData\Local\Temp\ccDNylh8.s:4681   .text.AppModbusU2_OnRxEvent:00000000 $t
C:\Users\40918\AppData\Local\Temp\ccDNylh8.s:4687   .text.AppModbusU2_OnRxEvent:00000000 AppModbusU2_OnRxEvent
C:\Users\40918\AppData\Local\Temp\ccDNylh8.s:5043   .text.AppModbusU2_OnRxEvent:00000168 $d
C:\Users\40918\AppData\Local\Temp\ccDNylh8.s:5060   .text.AppModbusU2_OnError:00000000 $t
C:\Users\40918\AppData\Local\Temp\ccDNylh8.s:5066   .text.AppModbusU2_OnError:00000000 AppModbusU2_OnError
C:\Users\40918\AppData\Local\Temp\ccDNylh8.s:5150   .text.AppModbusU2_OnError:00000048 $d
C:\Users\40918\AppData\Local\Temp\ccDNylh8.s:5157   .text.AppModbusU2_OnTxCplt:00000000 $t
C:\Users\40918\AppData\Local\Temp\ccDNylh8.s:5163   .text.AppModbusU2_OnTxCplt:00000000 AppModbusU2_OnTxCplt
C:\Users\40918\AppData\Local\Temp\ccDNylh8.s:5182   .text.AppModbusU2_OnTxCplt:00000008 $d
C:\Users\40918\AppData\Local\Temp\ccDNylh8.s:5187   .rodata.AppModbusU2_Process1Hz.str1.4:00000000 $d
C:\Users\40918\AppData\Local\Temp\ccDNylh8.s:5192   .text.AppModbusU2_Process1Hz:00000000 $t
C:\Users\40918\AppData\Local\Temp\ccDNylh8.s:5198   .text.AppModbusU2_Process1Hz:00000000 AppModbusU2_Process1Hz
C:\Users\40918\AppData\Local\Temp\ccDNylh8.s:5396   .text.AppModbusU2_Process1Hz:000000a0 $d
C:\Users\40918\AppData\Local\Temp\ccDNylh8.s:5432   .rodata.s_flag_maps:00000000 s_flag_maps
C:\Users\40918\AppData\Local\Temp\ccDNylh8.s:5460   .bss.s_prev_change_flags:00000000 s_prev_change_flags
C:\Users\40918\AppData\Local\Temp\ccDNylh8.s:5403   .rodata.s_write_07xx_list:00000000 $d
C:\Users\40918\AppData\Local\Temp\ccDNylh8.s:5429   .rodata.s_flag_maps:00000000 $d
C:\Users\40918\AppData\Local\Temp\ccDNylh8.s:5443   .rodata.s_change_queries:00000000 $d
C:\Users\40918\AppData\Local\Temp\ccDNylh8.s:5457   .bss.s_prev_change_flags:00000000 $d
C:\Users\40918\AppData\Local\Temp\ccDNylh8.s:5463   .bss.s_modbus_rx_dma_last_pos:00000000 $d
C:\Users\40918\AppData\Local\Temp\ccDNylh8.s:5469   .bss.s_modbus_rx_stream:00000000 $d
C:\Users\40918\AppData\Local\Temp\ccDNylh8.s:5475   .bss.s_modbus_write_timeout_count:00000000 $d
C:\Users\40918\AppData\Local\Temp\ccDNylh8.s:5481   .bss.s_modbus_write_ok_count:00000000 $d
C:\Users\40918\AppData\Local\Temp\ccDNylh8.s:5487   .bss.s_modbus_rx_last_put_ret:00000000 $d
ARM GAS  C:\Users\40918\AppData\Local\Temp\ccDNylh8.s 			page 160


C:\Users\40918\AppData\Local\Temp\ccDNylh8.s:5493   .bss.s_modbus_rx_last_chunk_len:00000000 $d
C:\Users\40918\AppData\Local\Temp\ccDNylh8.s:5499   .bss.s_modbus_rx_last_curr_pos:00000000 $d
C:\Users\40918\AppData\Local\Temp\ccDNylh8.s:5505   .bss.s_modbus_rx_last_prev_pos:00000000 $d
C:\Users\40918\AppData\Local\Temp\ccDNylh8.s:5511   .bss.s_modbus_rx_last_size:00000000 $d
C:\Users\40918\AppData\Local\Temp\ccDNylh8.s:5517   .bss.s_modbus_rx_last_tick:00000000 $d
C:\Users\40918\AppData\Local\Temp\ccDNylh8.s:5523   .bss.s_modbus_rx_queue_put_fail_count:00000000 $d
C:\Users\40918\AppData\Local\Temp\ccDNylh8.s:5529   .bss.s_modbus_rx_queue_put_ok_count:00000000 $d
C:\Users\40918\AppData\Local\Temp\ccDNylh8.s:5535   .bss.s_modbus_rx_recover_count:00000000 $d
C:\Users\40918\AppData\Local\Temp\ccDNylh8.s:5541   .bss.s_modbus_rx_rearm_busy_count:00000000 $d
C:\Users\40918\AppData\Local\Temp\ccDNylh8.s:5547   .bss.s_modbus_rx_rearm_fail_count:00000000 $d
C:\Users\40918\AppData\Local\Temp\ccDNylh8.s:5553   .bss.s_modbus_uart_err_count:00000000 $d
C:\Users\40918\AppData\Local\Temp\ccDNylh8.s:5559   .bss.s_modbus_rx_event_count:00000000 $d
C:\Users\40918\AppData\Local\Temp\ccDNylh8.s:5565   .bss.s_modbus_req_seq:00000000 $d

UNDEFINED SYMBOLS
HAL_UARTEx_ReceiveToIdle_DMA
HAL_UART_GetState
printf
osMutexAcquire
osMutexRelease
osMessageQueueGet
ModbusMaster_Crc16
HAL_UART_AbortReceive
osKernelGetState
HAL_Delay
osDelay
putchar
puts
HAL_GetTick
HAL_UART_Transmit_DMA
memcpy
memmove
ModbusMaster_ParseReadHoldingResp
memset
ModbusMaster_BuildReadHolding
ProtocolMap_Find
osEventFlagsSet
AppCalc_RecomputeCoeffs
AppParamStore_SaveIfChanged
AppAvgPowerCache_QueryHours
AppCalc_ZeroCaptureGetState
AppCalc_ZeroCaptureStop
AppCalc_ZeroCaptureStart
osMessageQueuePut
