ARM GAS  C:\Users\40918\AppData\Local\Temp\ccLLydfV.s 			page 1


   1              		.cpu cortex-m4
   2              		.arch armv7e-m
   3              		.fpu fpv4-sp-d16
   4              		.eabi_attribute 27, 1
   5              		.eabi_attribute 28, 1
   6              		.eabi_attribute 20, 1
   7              		.eabi_attribute 21, 1
   8              		.eabi_attribute 23, 3
   9              		.eabi_attribute 24, 1
  10              		.eabi_attribute 25, 1
  11              		.eabi_attribute 26, 1
  12              		.eabi_attribute 30, 1
  13              		.eabi_attribute 34, 1
  14              		.eabi_attribute 18, 4
  15              		.file	"app_usart1.c"
  16              		.text
  17              	.Ltext0:
  18              		.cfi_sections	.debug_frame
  19              		.file 1 "Core/Src/app_usart1.c"
  20              		.section	.text.AppUsart1_U32ToFloat,"ax",%progbits
  21              		.align	1
  22              		.syntax unified
  23              		.thumb
  24              		.thumb_func
  26              	AppUsart1_U32ToFloat:
  27              	.LVL0:
  28              	.LFB239:
   1:Core/Src/app_usart1.c **** #include "app_usart1.h"
   2:Core/Src/app_usart1.c **** #include "modbus_master.h"
   3:Core/Src/app_usart1.c **** #include <string.h>
   4:Core/Src/app_usart1.c **** 
   5:Core/Src/app_usart1.c **** #define USART1_FRAME_MIN_SIZE      19U
   6:Core/Src/app_usart1.c **** #define USART1_HEARTBEAT_MS        2000U
   7:Core/Src/app_usart1.c **** #define USART1_RX_TIMEOUT_MS       3000U
   8:Core/Src/app_usart1.c **** #define USART1_TIMEOUT_RETRY_MAX   3U
   9:Core/Src/app_usart1.c **** #define USART1_RECOVERY_CMD_GAP_MS 100U
  10:Core/Src/app_usart1.c **** #define USART1_FREQ_BASE           19200U
  11:Core/Src/app_usart1.c **** #define USART1_LOG_SAMPLE_EVERY    0U
  12:Core/Src/app_usart1.c **** #define USART1_LOG_INFO            0U
  13:Core/Src/app_usart1.c **** #define USART1_LOG_VERBOSE_FRAME   0U
  14:Core/Src/app_usart1.c **** 
  15:Core/Src/app_usart1.c **** #if USART1_LOG_INFO
  16:Core/Src/app_usart1.c **** #define U1LOGI(...) LOGI(__VA_ARGS__)
  17:Core/Src/app_usart1.c **** #else
  18:Core/Src/app_usart1.c **** #define U1LOGI(...) do { } while (0)
  19:Core/Src/app_usart1.c **** #endif
  20:Core/Src/app_usart1.c **** 
  21:Core/Src/app_usart1.c **** static volatile uint8_t s_usart1_tx_done = 1U;
  22:Core/Src/app_usart1.c **** static uint8_t s_hb_frame[9];
  23:Core/Src/app_usart1.c **** static uint8_t s_sampling_active = 0U;
  24:Core/Src/app_usart1.c **** static uint32_t s_last_sample_tick_ms = 0U;
  25:Core/Src/app_usart1.c **** static uint16_t s_last_frame_no = 0U;
  26:Core/Src/app_usart1.c **** static uint8_t s_frame_no_inited = 0U;
  27:Core/Src/app_usart1.c **** static uint32_t s_sample_log_counter = 0U;
  28:Core/Src/app_usart1.c **** static uint8_t s_start_sampling_pending = 0U;
  29:Core/Src/app_usart1.c **** static uint8_t s_rx_accum_buf[256];
  30:Core/Src/app_usart1.c **** static uint16_t s_rx_accum_len = 0U;
ARM GAS  C:\Users\40918\AppData\Local\Temp\ccLLydfV.s 			page 2


  31:Core/Src/app_usart1.c **** static uint16_t s_rx_dma_last_pos = 0U;
  32:Core/Src/app_usart1.c **** static uint8_t s_timeout_retry_count = 0U;
  33:Core/Src/app_usart1.c **** 
  34:Core/Src/app_usart1.c **** static float AppUsart1_U32ToFloat(uint32_t raw)
  35:Core/Src/app_usart1.c **** {
  29              		.loc 1 35 1 view -0
  30              		.cfi_startproc
  31              		@ args = 0, pretend = 0, frame = 0
  32              		@ frame_needed = 0, uses_anonymous_args = 0
  33              		@ link register save eliminated.
  36:Core/Src/app_usart1.c ****   union
  34              		.loc 1 36 3 view .LVU1
  37:Core/Src/app_usart1.c ****   {
  38:Core/Src/app_usart1.c ****     uint32_t u32;
  39:Core/Src/app_usart1.c ****     float f;
  40:Core/Src/app_usart1.c ****   } cvt;
  41:Core/Src/app_usart1.c ****   cvt.u32 = raw;
  35              		.loc 1 41 3 view .LVU2
  42:Core/Src/app_usart1.c ****   return cvt.f;
  36              		.loc 1 42 3 view .LVU3
  37              		.loc 1 42 13 is_stmt 0 view .LVU4
  38 0000 00EE100A 		vmov	s0, r0
  43:Core/Src/app_usart1.c **** }
  39              		.loc 1 43 1 view .LVU5
  40 0004 7047     		bx	lr
  41              		.cfi_endproc
  42              	.LFE239:
  44              		.section	.text.AppUsart1_FrequencyToCmdValue,"ax",%progbits
  45              		.align	1
  46              		.syntax unified
  47              		.thumb
  48              		.thumb_func
  50              	AppUsart1_FrequencyToCmdValue:
  51              	.LVL1:
  52              	.LFB242:
  44:Core/Src/app_usart1.c **** 
  45:Core/Src/app_usart1.c **** static void AppUsart1_Delay1ms(void)
  46:Core/Src/app_usart1.c **** {
  47:Core/Src/app_usart1.c ****   if (osKernelGetState() == osKernelRunning)
  48:Core/Src/app_usart1.c ****   {
  49:Core/Src/app_usart1.c ****     osDelay(1U);
  50:Core/Src/app_usart1.c ****   }
  51:Core/Src/app_usart1.c ****   else
  52:Core/Src/app_usart1.c ****   {
  53:Core/Src/app_usart1.c ****     HAL_Delay(1U);
  54:Core/Src/app_usart1.c ****   }
  55:Core/Src/app_usart1.c **** }
  56:Core/Src/app_usart1.c **** 
  57:Core/Src/app_usart1.c **** static void AppUsart1_DelayMs(uint32_t delay_ms)
  58:Core/Src/app_usart1.c **** {
  59:Core/Src/app_usart1.c ****   if (osKernelGetState() == osKernelRunning)
  60:Core/Src/app_usart1.c ****   {
  61:Core/Src/app_usart1.c ****     osDelay(delay_ms);
  62:Core/Src/app_usart1.c ****   }
  63:Core/Src/app_usart1.c ****   else
  64:Core/Src/app_usart1.c ****   {
  65:Core/Src/app_usart1.c ****     HAL_Delay(delay_ms);
ARM GAS  C:\Users\40918\AppData\Local\Temp\ccLLydfV.s 			page 3


  66:Core/Src/app_usart1.c ****   }
  67:Core/Src/app_usart1.c **** }
  68:Core/Src/app_usart1.c **** 
  69:Core/Src/app_usart1.c **** static uint16_t AppUsart1_FrequencyToCmdValue(uint16_t frequency)
  70:Core/Src/app_usart1.c **** {
  53              		.loc 1 70 1 is_stmt 1 view -0
  54              		.cfi_startproc
  55              		@ args = 0, pretend = 0, frame = 0
  56              		@ frame_needed = 0, uses_anonymous_args = 0
  57              		@ link register save eliminated.
  71:Core/Src/app_usart1.c ****   uint32_t value;
  58              		.loc 1 71 3 view .LVU7
  72:Core/Src/app_usart1.c **** 
  73:Core/Src/app_usart1.c ****   if (frequency == 0U)
  59              		.loc 1 73 3 view .LVU8
  60              		.loc 1 73 6 is_stmt 0 view .LVU9
  61 0000 0346     		mov	r3, r0
  62 0002 00B9     		cbnz	r0, .L3
  74:Core/Src/app_usart1.c ****   {
  75:Core/Src/app_usart1.c ****     frequency = 1U;
  63              		.loc 1 75 15 view .LVU10
  64 0004 0123     		movs	r3, #1
  65              	.L3:
  66              	.LVL2:
  76:Core/Src/app_usart1.c ****   }
  77:Core/Src/app_usart1.c ****   value = USART1_FREQ_BASE / (uint32_t)frequency;
  67              		.loc 1 77 3 is_stmt 1 view .LVU11
  68              		.loc 1 77 28 is_stmt 0 view .LVU12
  69 0006 4FF49640 		mov	r0, #19200
  70 000a B0FBF3F0 		udiv	r0, r0, r3
  71              	.LVL3:
  78:Core/Src/app_usart1.c ****   if (value == 0U)
  72              		.loc 1 78 3 is_stmt 1 view .LVU13
  73              		.loc 1 78 6 is_stmt 0 view .LVU14
  74 000e 00B9     		cbnz	r0, .L4
  79:Core/Src/app_usart1.c ****   {
  80:Core/Src/app_usart1.c ****     value = 1U;
  75              		.loc 1 80 11 view .LVU15
  76 0010 0120     		movs	r0, #1
  77              	.LVL4:
  78              	.L4:
  81:Core/Src/app_usart1.c ****   }
  82:Core/Src/app_usart1.c ****   if (value > 0xFFFFU)
  83:Core/Src/app_usart1.c ****   {
  84:Core/Src/app_usart1.c ****     value = 0xFFFFU;
  85:Core/Src/app_usart1.c ****   }
  86:Core/Src/app_usart1.c ****   return (uint16_t)value;
  79              		.loc 1 86 3 is_stmt 1 view .LVU16
  87:Core/Src/app_usart1.c **** }
  80              		.loc 1 87 1 is_stmt 0 view .LVU17
  81 0012 7047     		bx	lr
  82              		.cfi_endproc
  83              	.LFE242:
  85              		.section	.text.AppUsart1_OnRxInterrupted,"ax",%progbits
  86              		.align	1
  87              		.syntax unified
  88              		.thumb
ARM GAS  C:\Users\40918\AppData\Local\Temp\ccLLydfV.s 			page 4


  89              		.thumb_func
  91              	AppUsart1_OnRxInterrupted:
  92              	.LVL5:
  93              	.LFB246:
  88:Core/Src/app_usart1.c **** 
  89:Core/Src/app_usart1.c **** static void AppUsart1_LogFrame(const char *tag, const uint8_t *frame, uint16_t len)
  90:Core/Src/app_usart1.c **** {
  91:Core/Src/app_usart1.c ****   uint16_t i;
  92:Core/Src/app_usart1.c **** 
  93:Core/Src/app_usart1.c **** #if !USART1_LOG_VERBOSE_FRAME
  94:Core/Src/app_usart1.c ****   (void)tag;
  95:Core/Src/app_usart1.c ****   (void)frame;
  96:Core/Src/app_usart1.c ****   (void)len;
  97:Core/Src/app_usart1.c ****   return;
  98:Core/Src/app_usart1.c **** #else
  99:Core/Src/app_usart1.c ****   if ((tag == NULL) || (frame == NULL))
 100:Core/Src/app_usart1.c ****   {
 101:Core/Src/app_usart1.c ****     return;
 102:Core/Src/app_usart1.c ****   }
 103:Core/Src/app_usart1.c **** 
 104:Core/Src/app_usart1.c ****   U1LOGI("[USART1] %s len=%u data=", tag, (unsigned int)len);
 105:Core/Src/app_usart1.c ****   for (i = 0U; i < len; i++)
 106:Core/Src/app_usart1.c ****   {
 107:Core/Src/app_usart1.c ****     U1LOGI("%02X", frame[i]);
 108:Core/Src/app_usart1.c ****     if ((uint16_t)(i + 1U) < len)
 109:Core/Src/app_usart1.c ****     {
 110:Core/Src/app_usart1.c ****       U1LOGI(" ");
 111:Core/Src/app_usart1.c ****     }
 112:Core/Src/app_usart1.c ****   }
 113:Core/Src/app_usart1.c ****   U1LOGI("\r\n");
 114:Core/Src/app_usart1.c **** #endif
 115:Core/Src/app_usart1.c **** }
 116:Core/Src/app_usart1.c **** 
 117:Core/Src/app_usart1.c **** static void AppUsart1_LogFrameError(const char *tag, const char *reason, const uint8_t *frame, uint
 118:Core/Src/app_usart1.c **** {
 119:Core/Src/app_usart1.c ****   uint16_t i;
 120:Core/Src/app_usart1.c **** 
 121:Core/Src/app_usart1.c ****   if ((tag == NULL) || (frame == NULL))
 122:Core/Src/app_usart1.c ****   {
 123:Core/Src/app_usart1.c ****     return;
 124:Core/Src/app_usart1.c ****   }
 125:Core/Src/app_usart1.c **** 
 126:Core/Src/app_usart1.c ****   LOGE("[USART1] %s", tag);
 127:Core/Src/app_usart1.c ****   if (reason != NULL)
 128:Core/Src/app_usart1.c ****   {
 129:Core/Src/app_usart1.c ****     LOGE(" reason=%s", reason);
 130:Core/Src/app_usart1.c ****   }
 131:Core/Src/app_usart1.c ****   LOGE(" len=%u data=", (unsigned int)len);
 132:Core/Src/app_usart1.c ****   for (i = 0U; i < len; i++)
 133:Core/Src/app_usart1.c ****   {
 134:Core/Src/app_usart1.c ****     LOGE("%02X", frame[i]);
 135:Core/Src/app_usart1.c ****     if ((uint16_t)(i + 1U) < len)
 136:Core/Src/app_usart1.c ****     {
 137:Core/Src/app_usart1.c ****       LOGE(" ");
 138:Core/Src/app_usart1.c ****     }
 139:Core/Src/app_usart1.c ****   }
 140:Core/Src/app_usart1.c ****   LOGE("\r\n");
ARM GAS  C:\Users\40918\AppData\Local\Temp\ccLLydfV.s 			page 5


 141:Core/Src/app_usart1.c **** }
 142:Core/Src/app_usart1.c **** 
 143:Core/Src/app_usart1.c **** static void AppUsart1_OnFrameNoDiscontinuity(uint16_t prev_no, uint16_t curr_no)
 144:Core/Src/app_usart1.c **** {
 145:Core/Src/app_usart1.c ****   LOGE("[USART1] frame discontinuity prev=%u curr=%u\r\n",
 146:Core/Src/app_usart1.c ****        (unsigned int)prev_no,
 147:Core/Src/app_usart1.c ****        (unsigned int)curr_no);
 148:Core/Src/app_usart1.c **** }
 149:Core/Src/app_usart1.c **** 
 150:Core/Src/app_usart1.c **** static void AppUsart1_OnRxInterrupted(const app_usart1_ctx_t *ctx)
 151:Core/Src/app_usart1.c **** {
  94              		.loc 1 151 1 is_stmt 1 view -0
  95              		.cfi_startproc
  96              		@ args = 0, pretend = 0, frame = 0
  97              		@ frame_needed = 0, uses_anonymous_args = 0
 152:Core/Src/app_usart1.c ****   if ((ctx != NULL) && (ctx->on_rx_interrupt != NULL))
  98              		.loc 1 152 3 view .LVU19
  99              		.loc 1 152 6 is_stmt 0 view .LVU20
 100 0000 20B1     		cbz	r0, .L10
 151:Core/Src/app_usart1.c ****   if ((ctx != NULL) && (ctx->on_rx_interrupt != NULL))
 101              		.loc 1 151 1 view .LVU21
 102 0002 08B5     		push	{r3, lr}
 103              	.LCFI0:
 104              		.cfi_def_cfa_offset 8
 105              		.cfi_offset 3, -8
 106              		.cfi_offset 14, -4
 107              		.loc 1 152 28 discriminator 1 view .LVU22
 108 0004 036B     		ldr	r3, [r0, #48]
 109              		.loc 1 152 21 discriminator 1 view .LVU23
 110 0006 03B1     		cbz	r3, .L7
 153:Core/Src/app_usart1.c ****   {
 154:Core/Src/app_usart1.c ****     ctx->on_rx_interrupt();
 111              		.loc 1 154 5 is_stmt 1 view .LVU24
 112 0008 9847     		blx	r3
 113              	.LVL6:
 155:Core/Src/app_usart1.c ****   }
 156:Core/Src/app_usart1.c ****   else
 157:Core/Src/app_usart1.c ****   {
 158:Core/Src/app_usart1.c **** #if WDG_ENABLE_WIRELESS
 159:Core/Src/app_usart1.c ****     NVIC_SystemReset();
 160:Core/Src/app_usart1.c **** #endif
 161:Core/Src/app_usart1.c ****   }
 114              		.loc 1 161 3 view .LVU25
 115              	.L7:
 162:Core/Src/app_usart1.c **** }
 116              		.loc 1 162 1 is_stmt 0 view .LVU26
 117 000a 08BD     		pop	{r3, pc}
 118              	.LVL7:
 119              	.L10:
 120              	.LCFI1:
 121              		.cfi_def_cfa_offset 0
 122              		.cfi_restore 3
 123              		.cfi_restore 14
 124              		.loc 1 162 1 view .LVU27
 125 000c 7047     		bx	lr
 126              		.cfi_endproc
 127              	.LFE246:
ARM GAS  C:\Users\40918\AppData\Local\Temp\ccLLydfV.s 			page 6


 129              		.section	.text.AppUsart1_GetConfiguredFrequency,"ax",%progbits
 130              		.align	1
 131              		.syntax unified
 132              		.thumb
 133              		.thumb_func
 135              	AppUsart1_GetConfiguredFrequency:
 136              	.LVL8:
 137              	.LFB247:
 163:Core/Src/app_usart1.c **** 
 164:Core/Src/app_usart1.c **** static uint16_t AppUsart1_GetConfiguredFrequency(const app_usart1_ctx_t *ctx)
 165:Core/Src/app_usart1.c **** {
 138              		.loc 1 165 1 is_stmt 1 view -0
 139              		.cfi_startproc
 140              		@ args = 0, pretend = 0, frame = 0
 141              		@ frame_needed = 0, uses_anonymous_args = 0
 166:Core/Src/app_usart1.c ****   uint16_t freq = 200U;
 142              		.loc 1 166 3 view .LVU29
 167:Core/Src/app_usart1.c **** 
 168:Core/Src/app_usart1.c ****   if ((ctx != NULL) && (ctx->get_sample_freq_hz != NULL))
 143              		.loc 1 168 3 view .LVU30
 144              		.loc 1 168 6 is_stmt 0 view .LVU31
 145 0000 28B1     		cbz	r0, .L15
 165:Core/Src/app_usart1.c ****   uint16_t freq = 200U;
 146              		.loc 1 165 1 view .LVU32
 147 0002 08B5     		push	{r3, lr}
 148              	.LCFI2:
 149              		.cfi_def_cfa_offset 8
 150              		.cfi_offset 3, -8
 151              		.cfi_offset 14, -4
 152              		.loc 1 168 28 discriminator 1 view .LVU33
 153 0004 436B     		ldr	r3, [r0, #52]
 154              		.loc 1 168 21 discriminator 1 view .LVU34
 155 0006 23B1     		cbz	r3, .L16
 169:Core/Src/app_usart1.c ****   {
 170:Core/Src/app_usart1.c ****     freq = ctx->get_sample_freq_hz();
 156              		.loc 1 170 5 is_stmt 1 view .LVU35
 157              		.loc 1 170 12 is_stmt 0 view .LVU36
 158 0008 9847     		blx	r3
 159              	.LVL9:
 171:Core/Src/app_usart1.c ****   }
 172:Core/Src/app_usart1.c ****   if (freq == 0U)
 160              		.loc 1 172 3 is_stmt 1 view .LVU37
 161              		.loc 1 172 6 is_stmt 0 view .LVU38
 162 000a 20B1     		cbz	r0, .L22
 163              	.LVL10:
 164              	.L14:
 173:Core/Src/app_usart1.c ****   {
 174:Core/Src/app_usart1.c ****     freq = 200U;
 175:Core/Src/app_usart1.c ****   }
 176:Core/Src/app_usart1.c ****   return freq;
 165              		.loc 1 176 3 is_stmt 1 view .LVU39
 177:Core/Src/app_usart1.c **** }
 166              		.loc 1 177 1 is_stmt 0 view .LVU40
 167 000c 08BD     		pop	{r3, pc}
 168              	.LVL11:
 169              	.L15:
 170              	.LCFI3:
ARM GAS  C:\Users\40918\AppData\Local\Temp\ccLLydfV.s 			page 7


 171              		.cfi_def_cfa_offset 0
 172              		.cfi_restore 3
 173              		.cfi_restore 14
 166:Core/Src/app_usart1.c **** 
 174              		.loc 1 166 12 view .LVU41
 175 000e C820     		movs	r0, #200
 176              	.LVL12:
 176:Core/Src/app_usart1.c **** }
 177              		.loc 1 176 3 is_stmt 1 view .LVU42
 178              		.loc 1 177 1 is_stmt 0 view .LVU43
 179 0010 7047     		bx	lr
 180              	.LVL13:
 181              	.L16:
 182              	.LCFI4:
 183              		.cfi_def_cfa_offset 8
 184              		.cfi_offset 3, -8
 185              		.cfi_offset 14, -4
 166:Core/Src/app_usart1.c **** 
 186              		.loc 1 166 12 view .LVU44
 187 0012 C820     		movs	r0, #200
 188              	.LVL14:
 166:Core/Src/app_usart1.c **** 
 189              		.loc 1 166 12 view .LVU45
 190 0014 FAE7     		b	.L14
 191              	.LVL15:
 192              	.L22:
 174:Core/Src/app_usart1.c ****   }
 193              		.loc 1 174 10 view .LVU46
 194 0016 C820     		movs	r0, #200
 195              	.LVL16:
 174:Core/Src/app_usart1.c ****   }
 196              		.loc 1 174 10 view .LVU47
 197 0018 F8E7     		b	.L14
 198              		.cfi_endproc
 199              	.LFE247:
 201              		.section	.rodata.AppUsart1_OnFrameNoDiscontinuity.str1.4,"aMS",%progbits,1
 202              		.align	2
 203              	.LC0:
 204 0000 5B555341 		.ascii	"[USART1] frame discontinuity prev=%u curr=%u\015\012"
 204      5254315D 
 204      20667261 
 204      6D652064 
 204      6973636F 
 205 002e 00       		.ascii	"\000"
 206              		.section	.text.AppUsart1_OnFrameNoDiscontinuity,"ax",%progbits
 207              		.align	1
 208              		.syntax unified
 209              		.thumb
 210              		.thumb_func
 212              	AppUsart1_OnFrameNoDiscontinuity:
 213              	.LVL17:
 214              	.LFB245:
 144:Core/Src/app_usart1.c ****   LOGE("[USART1] frame discontinuity prev=%u curr=%u\r\n",
 215              		.loc 1 144 1 is_stmt 1 view -0
 216              		.cfi_startproc
 217              		@ args = 0, pretend = 0, frame = 0
 218              		@ frame_needed = 0, uses_anonymous_args = 0
ARM GAS  C:\Users\40918\AppData\Local\Temp\ccLLydfV.s 			page 8


 144:Core/Src/app_usart1.c ****   LOGE("[USART1] frame discontinuity prev=%u curr=%u\r\n",
 219              		.loc 1 144 1 is_stmt 0 view .LVU49
 220 0000 08B5     		push	{r3, lr}
 221              	.LCFI5:
 222              		.cfi_def_cfa_offset 8
 223              		.cfi_offset 3, -8
 224              		.cfi_offset 14, -4
 225 0002 0A46     		mov	r2, r1
 145:Core/Src/app_usart1.c ****        (unsigned int)prev_no,
 226              		.loc 1 145 3 is_stmt 1 view .LVU50
 227 0004 0146     		mov	r1, r0
 228              	.LVL18:
 145:Core/Src/app_usart1.c ****        (unsigned int)prev_no,
 229              		.loc 1 145 3 is_stmt 0 view .LVU51
 230 0006 0248     		ldr	r0, .L25
 231              	.LVL19:
 145:Core/Src/app_usart1.c ****        (unsigned int)prev_no,
 232              		.loc 1 145 3 view .LVU52
 233 0008 FFF7FEFF 		bl	printf
 234              	.LVL20:
 148:Core/Src/app_usart1.c **** 
 235              		.loc 1 148 1 view .LVU53
 236 000c 08BD     		pop	{r3, pc}
 237              	.L26:
 238 000e 00BF     		.align	2
 239              	.L25:
 240 0010 00000000 		.word	.LC0
 241              		.cfi_endproc
 242              	.LFE245:
 244              		.section	.text.AppUsart1_BuildFrame,"ax",%progbits
 245              		.align	1
 246              		.syntax unified
 247              		.thumb
 248              		.thumb_func
 250              	AppUsart1_BuildFrame:
 251              	.LVL21:
 252              	.LFB248:
 178:Core/Src/app_usart1.c **** 
 179:Core/Src/app_usart1.c **** static void AppUsart1_BuildFrame(uint8_t cmd1, uint8_t cmd2, uint8_t p1, uint8_t p2, uint8_t *out9)
 180:Core/Src/app_usart1.c **** {
 253              		.loc 1 180 1 is_stmt 1 view -0
 254              		.cfi_startproc
 255              		@ args = 4, pretend = 0, frame = 0
 256              		@ frame_needed = 0, uses_anonymous_args = 0
 257              		.loc 1 180 1 is_stmt 0 view .LVU55
 258 0000 10B5     		push	{r4, lr}
 259              	.LCFI6:
 260              		.cfi_def_cfa_offset 8
 261              		.cfi_offset 4, -8
 262              		.cfi_offset 14, -4
 263 0002 029C     		ldr	r4, [sp, #8]
 181:Core/Src/app_usart1.c ****   uint16_t crc;
 264              		.loc 1 181 3 is_stmt 1 view .LVU56
 182:Core/Src/app_usart1.c ****   out9[0] = 0x32U;
 265              		.loc 1 182 3 view .LVU57
 266              		.loc 1 182 11 is_stmt 0 view .LVU58
 267 0004 4FF0320C 		mov	ip, #50
ARM GAS  C:\Users\40918\AppData\Local\Temp\ccLLydfV.s 			page 9


 268 0008 84F800C0 		strb	ip, [r4]
 183:Core/Src/app_usart1.c ****   out9[1] = 0x33U;
 269              		.loc 1 183 3 is_stmt 1 view .LVU59
 270              		.loc 1 183 11 is_stmt 0 view .LVU60
 271 000c 4FF0330C 		mov	ip, #51
 272 0010 84F801C0 		strb	ip, [r4, #1]
 184:Core/Src/app_usart1.c ****   out9[2] = 0x06U;
 273              		.loc 1 184 3 is_stmt 1 view .LVU61
 274              		.loc 1 184 11 is_stmt 0 view .LVU62
 275 0014 4FF0060C 		mov	ip, #6
 276 0018 84F802C0 		strb	ip, [r4, #2]
 185:Core/Src/app_usart1.c ****   out9[3] = cmd1;
 277              		.loc 1 185 3 is_stmt 1 view .LVU63
 278              		.loc 1 185 11 is_stmt 0 view .LVU64
 279 001c E070     		strb	r0, [r4, #3]
 186:Core/Src/app_usart1.c ****   out9[4] = cmd2;
 280              		.loc 1 186 3 is_stmt 1 view .LVU65
 281              		.loc 1 186 11 is_stmt 0 view .LVU66
 282 001e 2171     		strb	r1, [r4, #4]
 187:Core/Src/app_usart1.c ****   out9[5] = p1;
 283              		.loc 1 187 3 is_stmt 1 view .LVU67
 284              		.loc 1 187 11 is_stmt 0 view .LVU68
 285 0020 6271     		strb	r2, [r4, #5]
 188:Core/Src/app_usart1.c ****   out9[6] = p2;
 286              		.loc 1 188 3 is_stmt 1 view .LVU69
 287              		.loc 1 188 11 is_stmt 0 view .LVU70
 288 0022 A371     		strb	r3, [r4, #6]
 189:Core/Src/app_usart1.c ****   crc = ModbusMaster_Crc16(out9, 7U);
 289              		.loc 1 189 3 is_stmt 1 view .LVU71
 290              		.loc 1 189 9 is_stmt 0 view .LVU72
 291 0024 0721     		movs	r1, #7
 292              	.LVL22:
 293              		.loc 1 189 9 view .LVU73
 294 0026 2046     		mov	r0, r4
 295              	.LVL23:
 296              		.loc 1 189 9 view .LVU74
 297 0028 FFF7FEFF 		bl	ModbusMaster_Crc16
 298              	.LVL24:
 190:Core/Src/app_usart1.c ****   out9[7] = (uint8_t)(crc & 0xFFU);
 299              		.loc 1 190 3 is_stmt 1 view .LVU75
 300              		.loc 1 190 11 is_stmt 0 view .LVU76
 301 002c E071     		strb	r0, [r4, #7]
 191:Core/Src/app_usart1.c ****   out9[8] = (uint8_t)(crc >> 8);
 302              		.loc 1 191 3 is_stmt 1 view .LVU77
 303              		.loc 1 191 13 is_stmt 0 view .LVU78
 304 002e C0F30720 		ubfx	r0, r0, #8, #8
 305              	.LVL25:
 306              		.loc 1 191 11 view .LVU79
 307 0032 2072     		strb	r0, [r4, #8]
 192:Core/Src/app_usart1.c **** }
 308              		.loc 1 192 1 view .LVU80
 309 0034 10BD     		pop	{r4, pc}
 310              		.loc 1 192 1 view .LVU81
 311              		.cfi_endproc
 312              	.LFE248:
 314              		.section	.rodata.AppUsart1_ParseSampleFrame.str1.4,"aMS",%progbits,1
 315              		.align	2
ARM GAS  C:\Users\40918\AppData\Local\Temp\ccLLydfV.s 			page 10


 316              	.LC1:
 317 0000 5B555341 		.ascii	"[USART1] sample frame too short len=%u\015\012\000"
 317      5254315D 
 317      2073616D 
 317      706C6520 
 317      6672616D 
 318 0029 000000   		.align	2
 319              	.LC2:
 320 002c 5B555341 		.ascii	"[USART1] sample crc mismatch calc=0x%04X rx=0x%04X\015"
 320      5254315D 
 320      2073616D 
 320      706C6520 
 320      63726320 
 321 005f 0A00     		.ascii	"\012\000"
 322              		.section	.text.AppUsart1_ParseSampleFrame,"ax",%progbits
 323              		.align	1
 324              		.syntax unified
 325              		.thumb
 326              		.thumb_func
 328              	AppUsart1_ParseSampleFrame:
 329              	.LVL26:
 330              	.LFB250:
 193:Core/Src/app_usart1.c **** 
 194:Core/Src/app_usart1.c **** static HAL_StatusTypeDef AppUsart1_SendFrameDma(const app_usart1_ctx_t *ctx, const uint8_t *frame, 
 195:Core/Src/app_usart1.c **** {
 196:Core/Src/app_usart1.c ****   uint32_t start_tick = HAL_GetTick();
 197:Core/Src/app_usart1.c ****   while (s_usart1_tx_done == 0U)
 198:Core/Src/app_usart1.c ****   {
 199:Core/Src/app_usart1.c ****     if ((HAL_GetTick() - start_tick) > timeout_ms)
 200:Core/Src/app_usart1.c ****     {
 201:Core/Src/app_usart1.c ****       LOGE("[USART1] tx wait idle timeout=%lu\r\n", (unsigned long)timeout_ms);
 202:Core/Src/app_usart1.c ****       return HAL_TIMEOUT;
 203:Core/Src/app_usart1.c ****     }
 204:Core/Src/app_usart1.c ****     AppUsart1_Delay1ms();
 205:Core/Src/app_usart1.c ****   }
 206:Core/Src/app_usart1.c **** 
 207:Core/Src/app_usart1.c ****   s_usart1_tx_done = 0U;
 208:Core/Src/app_usart1.c ****   if (HAL_UART_Transmit_DMA(ctx->huart, (uint8_t *)frame, len) != HAL_OK)
 209:Core/Src/app_usart1.c ****   {
 210:Core/Src/app_usart1.c ****     s_usart1_tx_done = 1U;
 211:Core/Src/app_usart1.c ****     LOGE("[USART1] tx dma start failed err=0x%08lX\r\n", (unsigned long)ctx->huart->ErrorCode);
 212:Core/Src/app_usart1.c ****     return HAL_ERROR;
 213:Core/Src/app_usart1.c ****   }
 214:Core/Src/app_usart1.c **** 
 215:Core/Src/app_usart1.c ****   start_tick = HAL_GetTick();
 216:Core/Src/app_usart1.c ****   while (s_usart1_tx_done == 0U)
 217:Core/Src/app_usart1.c ****   {
 218:Core/Src/app_usart1.c ****     if ((HAL_GetTick() - start_tick) > timeout_ms)
 219:Core/Src/app_usart1.c ****     {
 220:Core/Src/app_usart1.c ****       LOGE("[USART1] tx done timeout=%lu\r\n", (unsigned long)timeout_ms);
 221:Core/Src/app_usart1.c ****       return HAL_TIMEOUT;
 222:Core/Src/app_usart1.c ****     }
 223:Core/Src/app_usart1.c ****     AppUsart1_Delay1ms();
 224:Core/Src/app_usart1.c ****   }
 225:Core/Src/app_usart1.c ****   return HAL_OK;
 226:Core/Src/app_usart1.c **** }
 227:Core/Src/app_usart1.c **** 
ARM GAS  C:\Users\40918\AppData\Local\Temp\ccLLydfV.s 			page 11


 228:Core/Src/app_usart1.c **** static void AppUsart1_ParseSampleFrame(const app_usart1_ctx_t *ctx, const uint8_t *frame, uint16_t 
 229:Core/Src/app_usart1.c **** {
 331              		.loc 1 229 1 is_stmt 1 view -0
 332              		.cfi_startproc
 333              		@ args = 0, pretend = 0, frame = 24
 334              		@ frame_needed = 0, uses_anonymous_args = 0
 335              		.loc 1 229 1 is_stmt 0 view .LVU83
 336 0000 70B5     		push	{r4, r5, r6, lr}
 337              	.LCFI7:
 338              		.cfi_def_cfa_offset 16
 339              		.cfi_offset 4, -16
 340              		.cfi_offset 5, -12
 341              		.cfi_offset 6, -8
 342              		.cfi_offset 14, -4
 343 0002 2DED048B 		vpush.64	{d8, d9}
 344              	.LCFI8:
 345              		.cfi_def_cfa_offset 32
 346              		.cfi_offset 80, -32
 347              		.cfi_offset 81, -28
 348              		.cfi_offset 82, -24
 349              		.cfi_offset 83, -20
 350 0006 86B0     		sub	sp, sp, #24
 351              	.LCFI9:
 352              		.cfi_def_cfa_offset 56
 353 0008 0546     		mov	r5, r0
 230:Core/Src/app_usart1.c ****   wireless_sample_t sample;
 354              		.loc 1 230 3 is_stmt 1 view .LVU84
 231:Core/Src/app_usart1.c ****   uint16_t frame_no;
 355              		.loc 1 231 3 view .LVU85
 232:Core/Src/app_usart1.c ****   uint16_t expected_no;
 356              		.loc 1 232 3 view .LVU86
 233:Core/Src/app_usart1.c ****   uint16_t crc_calc;
 357              		.loc 1 233 3 view .LVU87
 234:Core/Src/app_usart1.c ****   uint16_t crc_rx;
 358              		.loc 1 234 3 view .LVU88
 235:Core/Src/app_usart1.c ****   if (len < USART1_FRAME_MIN_SIZE)
 359              		.loc 1 235 3 view .LVU89
 360              		.loc 1 235 6 is_stmt 0 view .LVU90
 361 000a 122A     		cmp	r2, #18
 362 000c 0CD8     		bhi	.L30
 363 000e 1146     		mov	r1, r2
 364              	.LVL27:
 365              	.LBB2:
 236:Core/Src/app_usart1.c ****   {
 237:Core/Src/app_usart1.c ****     if (ctx->diag != NULL) { ctx->diag->uart1_sample_drop++; }
 366              		.loc 1 237 5 is_stmt 1 view .LVU91
 367              		.loc 1 237 12 is_stmt 0 view .LVU92
 368 0010 036A     		ldr	r3, [r0, #32]
 369              		.loc 1 237 8 view .LVU93
 370 0012 13B1     		cbz	r3, .L31
 371              		.loc 1 237 30 is_stmt 1 discriminator 1 view .LVU94
 372              		.loc 1 237 39 is_stmt 0 discriminator 1 view .LVU95
 373 0014 9A68     		ldr	r2, [r3, #8]
 374              	.LVL28:
 375              		.loc 1 237 58 discriminator 1 view .LVU96
 376 0016 0132     		adds	r2, r2, #1
 377 0018 9A60     		str	r2, [r3, #8]
ARM GAS  C:\Users\40918\AppData\Local\Temp\ccLLydfV.s 			page 12


 378              	.L31:
 238:Core/Src/app_usart1.c ****     LOGE("[USART1] sample frame too short len=%u\r\n", (unsigned int)len);
 379              		.loc 1 238 5 is_stmt 1 view .LVU97
 380 001a 5348     		ldr	r0, .L48
 381              	.LVL29:
 382              		.loc 1 238 5 is_stmt 0 view .LVU98
 383 001c FFF7FEFF 		bl	printf
 384              	.LVL30:
 239:Core/Src/app_usart1.c ****     return;
 385              		.loc 1 239 5 is_stmt 1 view .LVU99
 386              	.L29:
 387              	.LBE2:
 240:Core/Src/app_usart1.c ****   }
 241:Core/Src/app_usart1.c **** 
 242:Core/Src/app_usart1.c ****   crc_calc = ModbusMaster_Crc16(frame, 17U);
 243:Core/Src/app_usart1.c ****   crc_rx = (uint16_t)frame[17] | ((uint16_t)frame[18] << 8);
 244:Core/Src/app_usart1.c ****   if (crc_calc != crc_rx)
 245:Core/Src/app_usart1.c ****   {
 246:Core/Src/app_usart1.c ****     if (ctx->diag != NULL) { ctx->diag->uart1_sample_drop++; }
 247:Core/Src/app_usart1.c ****     LOGE("[USART1] sample crc mismatch calc=0x%04X rx=0x%04X\r\n",
 248:Core/Src/app_usart1.c ****          (unsigned int)crc_calc,
 249:Core/Src/app_usart1.c ****          (unsigned int)crc_rx);
 250:Core/Src/app_usart1.c ****     AppUsart1_LogFrame("rx-bad", frame, USART1_FRAME_MIN_SIZE);
 251:Core/Src/app_usart1.c ****     return;
 252:Core/Src/app_usart1.c ****   }
 253:Core/Src/app_usart1.c **** 
 254:Core/Src/app_usart1.c ****   frame_no = ((uint16_t)frame[3] << 8) | frame[4];
 255:Core/Src/app_usart1.c ****   if (s_frame_no_inited == 0U)
 256:Core/Src/app_usart1.c ****   {
 257:Core/Src/app_usart1.c ****     s_last_frame_no = frame_no;
 258:Core/Src/app_usart1.c ****     s_frame_no_inited = 1U;
 259:Core/Src/app_usart1.c ****   }
 260:Core/Src/app_usart1.c ****   else
 261:Core/Src/app_usart1.c ****   {
 262:Core/Src/app_usart1.c ****     expected_no = (uint16_t)(s_last_frame_no + 1U);
 263:Core/Src/app_usart1.c ****     if (frame_no != expected_no)
 264:Core/Src/app_usart1.c ****     {
 265:Core/Src/app_usart1.c ****       AppUsart1_OnFrameNoDiscontinuity(s_last_frame_no, frame_no);
 266:Core/Src/app_usart1.c ****     }
 267:Core/Src/app_usart1.c ****     s_last_frame_no = frame_no;
 268:Core/Src/app_usart1.c ****   }
 269:Core/Src/app_usart1.c **** 
 270:Core/Src/app_usart1.c ****   sample.ch1 = AppUsart1_U32ToFloat(((uint32_t)frame[8] << 24) |
 271:Core/Src/app_usart1.c ****                                     ((uint32_t)frame[7] << 16) |
 272:Core/Src/app_usart1.c ****                                     ((uint32_t)frame[6] << 8)  |
 273:Core/Src/app_usart1.c ****                                     (uint32_t)frame[5]);
 274:Core/Src/app_usart1.c ****   sample.ch2 = AppUsart1_U32ToFloat(((uint32_t)frame[12] << 24) |
 275:Core/Src/app_usart1.c ****                                     ((uint32_t)frame[11] << 16) |
 276:Core/Src/app_usart1.c ****                                     ((uint32_t)frame[10] << 8)  |
 277:Core/Src/app_usart1.c ****                                     (uint32_t)frame[9]);
 278:Core/Src/app_usart1.c ****   sample.board = AppUsart1_U32ToFloat(((uint32_t)frame[16] << 24) |
 279:Core/Src/app_usart1.c ****                                       ((uint32_t)frame[15] << 16) |
 280:Core/Src/app_usart1.c ****                                       ((uint32_t)frame[14] << 8)  |
 281:Core/Src/app_usart1.c ****                                       (uint32_t)frame[13]);
 282:Core/Src/app_usart1.c ****   sample.frame_no = frame_no;
 283:Core/Src/app_usart1.c ****   sample.timestamp_ms = HAL_GetTick();
 284:Core/Src/app_usart1.c ****   sample.valid = 1U;
ARM GAS  C:\Users\40918\AppData\Local\Temp\ccLLydfV.s 			page 13


 285:Core/Src/app_usart1.c ****   s_last_sample_tick_ms = sample.timestamp_ms;
 286:Core/Src/app_usart1.c ****   s_timeout_retry_count = 0U;
 287:Core/Src/app_usart1.c **** 
 288:Core/Src/app_usart1.c ****   if ((ctx->mtx_shared_data != NULL) && (ctx->wireless_latest != NULL))
 289:Core/Src/app_usart1.c ****   {
 290:Core/Src/app_usart1.c ****     if (osMutexAcquire(ctx->mtx_shared_data, 2U) == osOK)
 291:Core/Src/app_usart1.c ****     {
 292:Core/Src/app_usart1.c ****       *(wireless_sample_t *)ctx->wireless_latest = sample;
 293:Core/Src/app_usart1.c ****       osMutexRelease(ctx->mtx_shared_data);
 294:Core/Src/app_usart1.c ****     }
 295:Core/Src/app_usart1.c ****   }
 296:Core/Src/app_usart1.c ****   if (ctx->evt_system_flags != NULL)
 297:Core/Src/app_usart1.c ****   {
 298:Core/Src/app_usart1.c ****     osEventFlagsSet(ctx->evt_system_flags, EVT_SAMPLE_UPDATED);
 299:Core/Src/app_usart1.c ****   }
 300:Core/Src/app_usart1.c ****   if (ctx->on_sample != NULL)
 301:Core/Src/app_usart1.c ****   {
 302:Core/Src/app_usart1.c ****     ctx->on_sample(sample.ch1, sample.ch2);
 303:Core/Src/app_usart1.c ****   }
 304:Core/Src/app_usart1.c ****   if (ctx->on_board_sample != NULL)
 305:Core/Src/app_usart1.c ****   {
 306:Core/Src/app_usart1.c ****     ctx->on_board_sample(sample.board);
 307:Core/Src/app_usart1.c ****   }
 308:Core/Src/app_usart1.c ****   if (ctx->on_frame_no != NULL)
 309:Core/Src/app_usart1.c ****   {
 310:Core/Src/app_usart1.c ****     ctx->on_frame_no(sample.frame_no);
 311:Core/Src/app_usart1.c ****   }
 312:Core/Src/app_usart1.c ****   if (ctx->diag != NULL) { ctx->diag->uart1_sample_ok++; }
 313:Core/Src/app_usart1.c **** 
 314:Core/Src/app_usart1.c ****   s_sample_log_counter++;
 315:Core/Src/app_usart1.c ****   if ((s_sample_log_counter <= 5U) || ((s_sample_log_counter % USART1_LOG_SAMPLE_EVERY) == 0U))
 316:Core/Src/app_usart1.c ****   {
 317:Core/Src/app_usart1.c ****     U1LOGI("[USART1] sample ok no=%u ch1=%.6f ch2=%.6f vb=%.6f tick=%lu total=%lu\r\n",
 318:Core/Src/app_usart1.c ****          (unsigned int)frame_no,
 319:Core/Src/app_usart1.c ****          (double)sample.ch1,
 320:Core/Src/app_usart1.c ****          (double)sample.ch2,
 321:Core/Src/app_usart1.c ****          (double)sample.board,
 322:Core/Src/app_usart1.c ****          (unsigned long)sample.timestamp_ms,
 323:Core/Src/app_usart1.c ****          (unsigned long)s_sample_log_counter);
 324:Core/Src/app_usart1.c ****   }
 325:Core/Src/app_usart1.c **** }
 388              		.loc 1 325 1 is_stmt 0 view .LVU100
 389 0020 06B0     		add	sp, sp, #24
 390              	.LCFI10:
 391              		.cfi_remember_state
 392              		.cfi_def_cfa_offset 32
 393              		@ sp needed
 394 0022 BDEC048B 		vldm	sp!, {d8-d9}
 395              	.LCFI11:
 396              		.cfi_restore 82
 397              		.cfi_restore 83
 398              		.cfi_restore 80
 399              		.cfi_restore 81
 400              		.cfi_def_cfa_offset 16
 401 0026 70BD     		pop	{r4, r5, r6, pc}
 402              	.LVL31:
 403              	.L30:
ARM GAS  C:\Users\40918\AppData\Local\Temp\ccLLydfV.s 			page 14


 404              	.LCFI12:
 405              		.cfi_restore_state
 406              		.loc 1 325 1 view .LVU101
 407 0028 0C46     		mov	r4, r1
 242:Core/Src/app_usart1.c ****   crc_rx = (uint16_t)frame[17] | ((uint16_t)frame[18] << 8);
 408              		.loc 1 242 3 is_stmt 1 view .LVU102
 242:Core/Src/app_usart1.c ****   crc_rx = (uint16_t)frame[17] | ((uint16_t)frame[18] << 8);
 409              		.loc 1 242 14 is_stmt 0 view .LVU103
 410 002a 1121     		movs	r1, #17
 411              	.LVL32:
 242:Core/Src/app_usart1.c ****   crc_rx = (uint16_t)frame[17] | ((uint16_t)frame[18] << 8);
 412              		.loc 1 242 14 view .LVU104
 413 002c 2046     		mov	r0, r4
 414              	.LVL33:
 242:Core/Src/app_usart1.c ****   crc_rx = (uint16_t)frame[17] | ((uint16_t)frame[18] << 8);
 415              		.loc 1 242 14 view .LVU105
 416 002e FFF7FEFF 		bl	ModbusMaster_Crc16
 417              	.LVL34:
 242:Core/Src/app_usart1.c ****   crc_rx = (uint16_t)frame[17] | ((uint16_t)frame[18] << 8);
 418              		.loc 1 242 14 view .LVU106
 419 0032 0146     		mov	r1, r0
 420              	.LVL35:
 243:Core/Src/app_usart1.c ****   if (crc_calc != crc_rx)
 421              		.loc 1 243 3 is_stmt 1 view .LVU107
 243:Core/Src/app_usart1.c ****   if (crc_calc != crc_rx)
 422              		.loc 1 243 27 is_stmt 0 view .LVU108
 423 0034 627C     		ldrb	r2, [r4, #17]	@ zero_extendqisi2
 243:Core/Src/app_usart1.c ****   if (crc_calc != crc_rx)
 424              		.loc 1 243 50 view .LVU109
 425 0036 A37C     		ldrb	r3, [r4, #18]	@ zero_extendqisi2
 243:Core/Src/app_usart1.c ****   if (crc_calc != crc_rx)
 426              		.loc 1 243 10 view .LVU110
 427 0038 42EA0322 		orr	r2, r2, r3, lsl #8
 428              	.LVL36:
 244:Core/Src/app_usart1.c ****   {
 429              		.loc 1 244 3 is_stmt 1 view .LVU111
 244:Core/Src/app_usart1.c ****   {
 430              		.loc 1 244 6 is_stmt 0 view .LVU112
 431 003c 9042     		cmp	r0, r2
 432 003e 08D0     		beq	.L33
 433              	.LBB3:
 246:Core/Src/app_usart1.c ****     LOGE("[USART1] sample crc mismatch calc=0x%04X rx=0x%04X\r\n",
 434              		.loc 1 246 5 is_stmt 1 view .LVU113
 246:Core/Src/app_usart1.c ****     LOGE("[USART1] sample crc mismatch calc=0x%04X rx=0x%04X\r\n",
 435              		.loc 1 246 12 is_stmt 0 view .LVU114
 436 0040 2B6A     		ldr	r3, [r5, #32]
 246:Core/Src/app_usart1.c ****     LOGE("[USART1] sample crc mismatch calc=0x%04X rx=0x%04X\r\n",
 437              		.loc 1 246 8 view .LVU115
 438 0042 13B1     		cbz	r3, .L34
 246:Core/Src/app_usart1.c ****     LOGE("[USART1] sample crc mismatch calc=0x%04X rx=0x%04X\r\n",
 439              		.loc 1 246 30 is_stmt 1 discriminator 1 view .LVU116
 246:Core/Src/app_usart1.c ****     LOGE("[USART1] sample crc mismatch calc=0x%04X rx=0x%04X\r\n",
 440              		.loc 1 246 39 is_stmt 0 discriminator 1 view .LVU117
 441 0044 9868     		ldr	r0, [r3, #8]
 442              	.LVL37:
 246:Core/Src/app_usart1.c ****     LOGE("[USART1] sample crc mismatch calc=0x%04X rx=0x%04X\r\n",
 443              		.loc 1 246 58 discriminator 1 view .LVU118
ARM GAS  C:\Users\40918\AppData\Local\Temp\ccLLydfV.s 			page 15


 444 0046 0130     		adds	r0, r0, #1
 445 0048 9860     		str	r0, [r3, #8]
 446              	.L34:
 247:Core/Src/app_usart1.c ****          (unsigned int)crc_calc,
 447              		.loc 1 247 5 is_stmt 1 view .LVU119
 448 004a 4848     		ldr	r0, .L48+4
 449 004c FFF7FEFF 		bl	printf
 450              	.LVL38:
 250:Core/Src/app_usart1.c ****     return;
 451              		.loc 1 250 5 view .LVU120
 251:Core/Src/app_usart1.c ****   }
 452              		.loc 1 251 5 view .LVU121
 453 0050 E6E7     		b	.L29
 454              	.LVL39:
 455              	.L33:
 251:Core/Src/app_usart1.c ****   }
 456              		.loc 1 251 5 is_stmt 0 view .LVU122
 457              	.LBE3:
 254:Core/Src/app_usart1.c ****   if (s_frame_no_inited == 0U)
 458              		.loc 1 254 3 is_stmt 1 view .LVU123
 254:Core/Src/app_usart1.c ****   if (s_frame_no_inited == 0U)
 459              		.loc 1 254 30 is_stmt 0 view .LVU124
 460 0052 E378     		ldrb	r3, [r4, #3]	@ zero_extendqisi2
 254:Core/Src/app_usart1.c ****   if (s_frame_no_inited == 0U)
 461              		.loc 1 254 47 view .LVU125
 462 0054 2679     		ldrb	r6, [r4, #4]	@ zero_extendqisi2
 254:Core/Src/app_usart1.c ****   if (s_frame_no_inited == 0U)
 463              		.loc 1 254 12 view .LVU126
 464 0056 46EA0326 		orr	r6, r6, r3, lsl #8
 465              	.LVL40:
 255:Core/Src/app_usart1.c ****   {
 466              		.loc 1 255 3 is_stmt 1 view .LVU127
 255:Core/Src/app_usart1.c ****   {
 467              		.loc 1 255 25 is_stmt 0 view .LVU128
 468 005a 454B     		ldr	r3, .L48+8
 469 005c 1B78     		ldrb	r3, [r3]	@ zero_extendqisi2
 255:Core/Src/app_usart1.c ****   {
 470              		.loc 1 255 6 view .LVU129
 471 005e 002B     		cmp	r3, #0
 472 0060 68D1     		bne	.L35
 257:Core/Src/app_usart1.c ****     s_frame_no_inited = 1U;
 473              		.loc 1 257 5 is_stmt 1 view .LVU130
 257:Core/Src/app_usart1.c ****     s_frame_no_inited = 1U;
 474              		.loc 1 257 21 is_stmt 0 view .LVU131
 475 0062 444B     		ldr	r3, .L48+12
 476 0064 1E80     		strh	r6, [r3]	@ movhi
 258:Core/Src/app_usart1.c ****   }
 477              		.loc 1 258 5 is_stmt 1 view .LVU132
 258:Core/Src/app_usart1.c ****   }
 478              		.loc 1 258 23 is_stmt 0 view .LVU133
 479 0066 424B     		ldr	r3, .L48+8
 480 0068 0122     		movs	r2, #1
 481              	.LVL41:
 258:Core/Src/app_usart1.c ****   }
 482              		.loc 1 258 23 view .LVU134
 483 006a 1A70     		strb	r2, [r3]
 484              	.LVL42:
ARM GAS  C:\Users\40918\AppData\Local\Temp\ccLLydfV.s 			page 16


 485              	.L36:
 270:Core/Src/app_usart1.c ****                                     ((uint32_t)frame[7] << 16) |
 486              		.loc 1 270 3 is_stmt 1 view .LVU135
 270:Core/Src/app_usart1.c ****                                     ((uint32_t)frame[7] << 16) |
 487              		.loc 1 270 53 is_stmt 0 view .LVU136
 488 006c 227A     		ldrb	r2, [r4, #8]	@ zero_extendqisi2
 271:Core/Src/app_usart1.c ****                                     ((uint32_t)frame[6] << 8)  |
 489              		.loc 1 271 53 view .LVU137
 490 006e E379     		ldrb	r3, [r4, #7]	@ zero_extendqisi2
 271:Core/Src/app_usart1.c ****                                     ((uint32_t)frame[6] << 8)  |
 491              		.loc 1 271 57 view .LVU138
 492 0070 1B04     		lsls	r3, r3, #16
 270:Core/Src/app_usart1.c ****                                     ((uint32_t)frame[7] << 16) |
 493              		.loc 1 270 64 view .LVU139
 494 0072 43EA0263 		orr	r3, r3, r2, lsl #24
 272:Core/Src/app_usart1.c ****                                     (uint32_t)frame[5]);
 495              		.loc 1 272 53 view .LVU140
 496 0076 A279     		ldrb	r2, [r4, #6]	@ zero_extendqisi2
 271:Core/Src/app_usart1.c ****                                     ((uint32_t)frame[6] << 8)  |
 497              		.loc 1 271 64 view .LVU141
 498 0078 43EA0223 		orr	r3, r3, r2, lsl #8
 273:Core/Src/app_usart1.c ****   sample.ch2 = AppUsart1_U32ToFloat(((uint32_t)frame[12] << 24) |
 499              		.loc 1 273 52 view .LVU142
 500 007c 6079     		ldrb	r0, [r4, #5]	@ zero_extendqisi2
 270:Core/Src/app_usart1.c ****                                     ((uint32_t)frame[7] << 16) |
 501              		.loc 1 270 16 view .LVU143
 502 007e 1843     		orrs	r0, r0, r3
 503 0080 FFF7FEFF 		bl	AppUsart1_U32ToFloat
 504              	.LVL43:
 505 0084 F0EE408A 		vmov.f32	s17, s0
 270:Core/Src/app_usart1.c ****                                     ((uint32_t)frame[7] << 16) |
 506              		.loc 1 270 14 discriminator 1 view .LVU144
 507 0088 8DED010A 		vstr.32	s0, [sp, #4]
 274:Core/Src/app_usart1.c ****                                     ((uint32_t)frame[11] << 16) |
 508              		.loc 1 274 3 is_stmt 1 view .LVU145
 274:Core/Src/app_usart1.c ****                                     ((uint32_t)frame[11] << 16) |
 509              		.loc 1 274 53 is_stmt 0 view .LVU146
 510 008c 227B     		ldrb	r2, [r4, #12]	@ zero_extendqisi2
 275:Core/Src/app_usart1.c ****                                     ((uint32_t)frame[10] << 8)  |
 511              		.loc 1 275 53 view .LVU147
 512 008e E37A     		ldrb	r3, [r4, #11]	@ zero_extendqisi2
 275:Core/Src/app_usart1.c ****                                     ((uint32_t)frame[10] << 8)  |
 513              		.loc 1 275 58 view .LVU148
 514 0090 1B04     		lsls	r3, r3, #16
 274:Core/Src/app_usart1.c ****                                     ((uint32_t)frame[11] << 16) |
 515              		.loc 1 274 65 view .LVU149
 516 0092 43EA0263 		orr	r3, r3, r2, lsl #24
 276:Core/Src/app_usart1.c ****                                     (uint32_t)frame[9]);
 517              		.loc 1 276 53 view .LVU150
 518 0096 A27A     		ldrb	r2, [r4, #10]	@ zero_extendqisi2
 275:Core/Src/app_usart1.c ****                                     ((uint32_t)frame[10] << 8)  |
 519              		.loc 1 275 65 view .LVU151
 520 0098 43EA0223 		orr	r3, r3, r2, lsl #8
 277:Core/Src/app_usart1.c ****   sample.board = AppUsart1_U32ToFloat(((uint32_t)frame[16] << 24) |
 521              		.loc 1 277 52 view .LVU152
 522 009c 607A     		ldrb	r0, [r4, #9]	@ zero_extendqisi2
 274:Core/Src/app_usart1.c ****                                     ((uint32_t)frame[11] << 16) |
ARM GAS  C:\Users\40918\AppData\Local\Temp\ccLLydfV.s 			page 17


 523              		.loc 1 274 16 view .LVU153
 524 009e 1843     		orrs	r0, r0, r3
 525 00a0 FFF7FEFF 		bl	AppUsart1_U32ToFloat
 526              	.LVL44:
 527 00a4 B0EE409A 		vmov.f32	s18, s0
 274:Core/Src/app_usart1.c ****                                     ((uint32_t)frame[11] << 16) |
 528              		.loc 1 274 14 discriminator 1 view .LVU154
 529 00a8 8DED020A 		vstr.32	s0, [sp, #8]
 278:Core/Src/app_usart1.c ****                                       ((uint32_t)frame[15] << 16) |
 530              		.loc 1 278 3 is_stmt 1 view .LVU155
 278:Core/Src/app_usart1.c ****                                       ((uint32_t)frame[15] << 16) |
 531              		.loc 1 278 55 is_stmt 0 view .LVU156
 532 00ac 227C     		ldrb	r2, [r4, #16]	@ zero_extendqisi2
 279:Core/Src/app_usart1.c ****                                       ((uint32_t)frame[14] << 8)  |
 533              		.loc 1 279 55 view .LVU157
 534 00ae E37B     		ldrb	r3, [r4, #15]	@ zero_extendqisi2
 279:Core/Src/app_usart1.c ****                                       ((uint32_t)frame[14] << 8)  |
 535              		.loc 1 279 60 view .LVU158
 536 00b0 1B04     		lsls	r3, r3, #16
 278:Core/Src/app_usart1.c ****                                       ((uint32_t)frame[15] << 16) |
 537              		.loc 1 278 67 view .LVU159
 538 00b2 43EA0263 		orr	r3, r3, r2, lsl #24
 280:Core/Src/app_usart1.c ****                                       (uint32_t)frame[13]);
 539              		.loc 1 280 55 view .LVU160
 540 00b6 A27B     		ldrb	r2, [r4, #14]	@ zero_extendqisi2
 279:Core/Src/app_usart1.c ****                                       ((uint32_t)frame[14] << 8)  |
 541              		.loc 1 279 67 view .LVU161
 542 00b8 43EA0223 		orr	r3, r3, r2, lsl #8
 281:Core/Src/app_usart1.c ****   sample.frame_no = frame_no;
 543              		.loc 1 281 54 view .LVU162
 544 00bc 607B     		ldrb	r0, [r4, #13]	@ zero_extendqisi2
 278:Core/Src/app_usart1.c ****                                       ((uint32_t)frame[15] << 16) |
 545              		.loc 1 278 18 view .LVU163
 546 00be 1843     		orrs	r0, r0, r3
 547 00c0 FFF7FEFF 		bl	AppUsart1_U32ToFloat
 548              	.LVL45:
 549 00c4 B0EE408A 		vmov.f32	s16, s0
 278:Core/Src/app_usart1.c ****                                       ((uint32_t)frame[15] << 16) |
 550              		.loc 1 278 16 discriminator 1 view .LVU164
 551 00c8 8DED030A 		vstr.32	s0, [sp, #12]
 282:Core/Src/app_usart1.c ****   sample.timestamp_ms = HAL_GetTick();
 552              		.loc 1 282 3 is_stmt 1 view .LVU165
 282:Core/Src/app_usart1.c ****   sample.timestamp_ms = HAL_GetTick();
 553              		.loc 1 282 19 is_stmt 0 view .LVU166
 554 00cc ADF80060 		strh	r6, [sp]	@ movhi
 283:Core/Src/app_usart1.c ****   sample.valid = 1U;
 555              		.loc 1 283 3 is_stmt 1 view .LVU167
 283:Core/Src/app_usart1.c ****   sample.valid = 1U;
 556              		.loc 1 283 25 is_stmt 0 view .LVU168
 557 00d0 FFF7FEFF 		bl	HAL_GetTick
 558              	.LVL46:
 283:Core/Src/app_usart1.c ****   sample.valid = 1U;
 559              		.loc 1 283 23 discriminator 1 view .LVU169
 560 00d4 0490     		str	r0, [sp, #16]
 284:Core/Src/app_usart1.c ****   s_last_sample_tick_ms = sample.timestamp_ms;
 561              		.loc 1 284 3 is_stmt 1 view .LVU170
 284:Core/Src/app_usart1.c ****   s_last_sample_tick_ms = sample.timestamp_ms;
ARM GAS  C:\Users\40918\AppData\Local\Temp\ccLLydfV.s 			page 18


 562              		.loc 1 284 16 is_stmt 0 view .LVU171
 563 00d6 0123     		movs	r3, #1
 564 00d8 8DF81430 		strb	r3, [sp, #20]
 285:Core/Src/app_usart1.c ****   s_timeout_retry_count = 0U;
 565              		.loc 1 285 3 is_stmt 1 view .LVU172
 285:Core/Src/app_usart1.c ****   s_timeout_retry_count = 0U;
 566              		.loc 1 285 25 is_stmt 0 view .LVU173
 567 00dc 264B     		ldr	r3, .L48+16
 568 00de 1860     		str	r0, [r3]
 286:Core/Src/app_usart1.c **** 
 569              		.loc 1 286 3 is_stmt 1 view .LVU174
 286:Core/Src/app_usart1.c **** 
 570              		.loc 1 286 25 is_stmt 0 view .LVU175
 571 00e0 264B     		ldr	r3, .L48+20
 572 00e2 0022     		movs	r2, #0
 573 00e4 1A70     		strb	r2, [r3]
 288:Core/Src/app_usart1.c ****   {
 574              		.loc 1 288 3 is_stmt 1 view .LVU176
 288:Core/Src/app_usart1.c ****   {
 575              		.loc 1 288 11 is_stmt 0 view .LVU177
 576 00e6 6869     		ldr	r0, [r5, #20]
 288:Core/Src/app_usart1.c ****   {
 577              		.loc 1 288 6 view .LVU178
 578 00e8 28B1     		cbz	r0, .L38
 288:Core/Src/app_usart1.c ****   {
 579              		.loc 1 288 45 discriminator 1 view .LVU179
 580 00ea EB69     		ldr	r3, [r5, #28]
 288:Core/Src/app_usart1.c ****   {
 581              		.loc 1 288 38 discriminator 1 view .LVU180
 582 00ec 1BB1     		cbz	r3, .L38
 290:Core/Src/app_usart1.c ****     {
 583              		.loc 1 290 5 is_stmt 1 view .LVU181
 290:Core/Src/app_usart1.c ****     {
 584              		.loc 1 290 9 is_stmt 0 view .LVU182
 585 00ee 0221     		movs	r1, #2
 586 00f0 FFF7FEFF 		bl	osMutexAcquire
 587              	.LVL47:
 290:Core/Src/app_usart1.c ****     {
 588              		.loc 1 290 8 discriminator 1 view .LVU183
 589 00f4 58B3     		cbz	r0, .L46
 590              	.LVL48:
 591              	.L38:
 296:Core/Src/app_usart1.c ****   {
 592              		.loc 1 296 3 is_stmt 1 view .LVU184
 296:Core/Src/app_usart1.c ****   {
 593              		.loc 1 296 10 is_stmt 0 view .LVU185
 594 00f6 A869     		ldr	r0, [r5, #24]
 296:Core/Src/app_usart1.c ****   {
 595              		.loc 1 296 6 view .LVU186
 596 00f8 10B1     		cbz	r0, .L39
 298:Core/Src/app_usart1.c ****   }
 597              		.loc 1 298 5 is_stmt 1 view .LVU187
 598 00fa 0121     		movs	r1, #1
 599 00fc FFF7FEFF 		bl	osEventFlagsSet
 600              	.LVL49:
 601              	.L39:
 300:Core/Src/app_usart1.c ****   {
ARM GAS  C:\Users\40918\AppData\Local\Temp\ccLLydfV.s 			page 19


 602              		.loc 1 300 3 view .LVU188
 300:Core/Src/app_usart1.c ****   {
 603              		.loc 1 300 10 is_stmt 0 view .LVU189
 604 0100 6B6A     		ldr	r3, [r5, #36]
 300:Core/Src/app_usart1.c ****   {
 605              		.loc 1 300 6 view .LVU190
 606 0102 23B1     		cbz	r3, .L40
 302:Core/Src/app_usart1.c ****   }
 607              		.loc 1 302 5 is_stmt 1 view .LVU191
 608 0104 F0EE490A 		vmov.f32	s1, s18
 609 0108 B0EE680A 		vmov.f32	s0, s17
 610 010c 9847     		blx	r3
 611              	.LVL50:
 612              	.L40:
 304:Core/Src/app_usart1.c ****   {
 613              		.loc 1 304 3 view .LVU192
 304:Core/Src/app_usart1.c ****   {
 614              		.loc 1 304 10 is_stmt 0 view .LVU193
 615 010e AB6A     		ldr	r3, [r5, #40]
 304:Core/Src/app_usart1.c ****   {
 616              		.loc 1 304 6 view .LVU194
 617 0110 13B1     		cbz	r3, .L41
 306:Core/Src/app_usart1.c ****   }
 618              		.loc 1 306 5 is_stmt 1 view .LVU195
 619 0112 B0EE480A 		vmov.f32	s0, s16
 620 0116 9847     		blx	r3
 621              	.LVL51:
 622              	.L41:
 308:Core/Src/app_usart1.c ****   {
 623              		.loc 1 308 3 view .LVU196
 308:Core/Src/app_usart1.c ****   {
 624              		.loc 1 308 10 is_stmt 0 view .LVU197
 625 0118 EB6A     		ldr	r3, [r5, #44]
 308:Core/Src/app_usart1.c ****   {
 626              		.loc 1 308 6 view .LVU198
 627 011a 0BB1     		cbz	r3, .L42
 310:Core/Src/app_usart1.c ****   }
 628              		.loc 1 310 5 is_stmt 1 view .LVU199
 629 011c 3046     		mov	r0, r6
 630 011e 9847     		blx	r3
 631              	.LVL52:
 632              	.L42:
 312:Core/Src/app_usart1.c **** 
 633              		.loc 1 312 3 view .LVU200
 312:Core/Src/app_usart1.c **** 
 634              		.loc 1 312 10 is_stmt 0 view .LVU201
 635 0120 2B6A     		ldr	r3, [r5, #32]
 312:Core/Src/app_usart1.c **** 
 636              		.loc 1 312 6 view .LVU202
 637 0122 13B1     		cbz	r3, .L43
 312:Core/Src/app_usart1.c **** 
 638              		.loc 1 312 28 is_stmt 1 discriminator 1 view .LVU203
 312:Core/Src/app_usart1.c **** 
 639              		.loc 1 312 37 is_stmt 0 discriminator 1 view .LVU204
 640 0124 5A68     		ldr	r2, [r3, #4]
 312:Core/Src/app_usart1.c **** 
 641              		.loc 1 312 54 discriminator 1 view .LVU205
ARM GAS  C:\Users\40918\AppData\Local\Temp\ccLLydfV.s 			page 20


 642 0126 0132     		adds	r2, r2, #1
 643 0128 5A60     		str	r2, [r3, #4]
 644              	.L43:
 314:Core/Src/app_usart1.c ****   if ((s_sample_log_counter <= 5U) || ((s_sample_log_counter % USART1_LOG_SAMPLE_EVERY) == 0U))
 645              		.loc 1 314 3 is_stmt 1 view .LVU206
 314:Core/Src/app_usart1.c ****   if ((s_sample_log_counter <= 5U) || ((s_sample_log_counter % USART1_LOG_SAMPLE_EVERY) == 0U))
 646              		.loc 1 314 23 is_stmt 0 view .LVU207
 647 012a 154A     		ldr	r2, .L48+24
 648 012c 1368     		ldr	r3, [r2]
 649 012e 0133     		adds	r3, r3, #1
 650 0130 1360     		str	r3, [r2]
 315:Core/Src/app_usart1.c ****   {
 651              		.loc 1 315 3 is_stmt 1 view .LVU208
 317:Core/Src/app_usart1.c ****          (unsigned int)frame_no,
 652              		.loc 1 317 5 view .LVU209
 317:Core/Src/app_usart1.c ****          (unsigned int)frame_no,
 653              		.loc 1 317 5 view .LVU210
 317:Core/Src/app_usart1.c ****          (unsigned int)frame_no,
 654              		.loc 1 317 5 view .LVU211
 655 0132 75E7     		b	.L29
 656              	.LVL53:
 657              	.L35:
 262:Core/Src/app_usart1.c ****     if (frame_no != expected_no)
 658              		.loc 1 262 5 view .LVU212
 262:Core/Src/app_usart1.c ****     if (frame_no != expected_no)
 659              		.loc 1 262 19 is_stmt 0 view .LVU213
 660 0134 0F4B     		ldr	r3, .L48+12
 661 0136 1888     		ldrh	r0, [r3]
 662              	.LVL54:
 262:Core/Src/app_usart1.c ****     if (frame_no != expected_no)
 663              		.loc 1 262 17 view .LVU214
 664 0138 431C     		adds	r3, r0, #1
 665 013a 9BB2     		uxth	r3, r3
 666              	.LVL55:
 263:Core/Src/app_usart1.c ****     {
 667              		.loc 1 263 5 is_stmt 1 view .LVU215
 263:Core/Src/app_usart1.c ****     {
 668              		.loc 1 263 8 is_stmt 0 view .LVU216
 669 013c 9E42     		cmp	r6, r3
 670 013e 02D1     		bne	.L47
 671              	.LVL56:
 672              	.L37:
 267:Core/Src/app_usart1.c ****   }
 673              		.loc 1 267 5 is_stmt 1 view .LVU217
 267:Core/Src/app_usart1.c ****   }
 674              		.loc 1 267 21 is_stmt 0 view .LVU218
 675 0140 0C4B     		ldr	r3, .L48+12
 676 0142 1E80     		strh	r6, [r3]	@ movhi
 677 0144 92E7     		b	.L36
 678              	.LVL57:
 679              	.L47:
 265:Core/Src/app_usart1.c ****     }
 680              		.loc 1 265 7 is_stmt 1 view .LVU219
 681 0146 3146     		mov	r1, r6
 682 0148 FFF7FEFF 		bl	AppUsart1_OnFrameNoDiscontinuity
 683              	.LVL58:
 265:Core/Src/app_usart1.c ****     }
ARM GAS  C:\Users\40918\AppData\Local\Temp\ccLLydfV.s 			page 21


 684              		.loc 1 265 7 is_stmt 0 view .LVU220
 685 014c F8E7     		b	.L37
 686              	.LVL59:
 687              	.L46:
 292:Core/Src/app_usart1.c ****       osMutexRelease(ctx->mtx_shared_data);
 688              		.loc 1 292 7 is_stmt 1 view .LVU221
 292:Core/Src/app_usart1.c ****       osMutexRelease(ctx->mtx_shared_data);
 689              		.loc 1 292 50 is_stmt 0 view .LVU222
 690 014e EC69     		ldr	r4, [r5, #28]
 691              	.LVL60:
 292:Core/Src/app_usart1.c ****       osMutexRelease(ctx->mtx_shared_data);
 692              		.loc 1 292 50 view .LVU223
 693 0150 EC46     		mov	ip, sp
 694 0152 BCE80F00 		ldmia	ip!, {r0, r1, r2, r3}
 695 0156 0FC4     		stmia	r4!, {r0, r1, r2, r3}
 696 0158 9CE80300 		ldm	ip, {r0, r1}
 697 015c 84E80300 		stm	r4, {r0, r1}
 293:Core/Src/app_usart1.c ****     }
 698              		.loc 1 293 7 is_stmt 1 view .LVU224
 699 0160 6869     		ldr	r0, [r5, #20]
 700 0162 FFF7FEFF 		bl	osMutexRelease
 701              	.LVL61:
 702 0166 C6E7     		b	.L38
 703              	.L49:
 704              		.align	2
 705              	.L48:
 706 0168 00000000 		.word	.LC1
 707 016c 2C000000 		.word	.LC2
 708 0170 00000000 		.word	s_frame_no_inited
 709 0174 00000000 		.word	s_last_frame_no
 710 0178 00000000 		.word	s_last_sample_tick_ms
 711 017c 00000000 		.word	s_timeout_retry_count
 712 0180 00000000 		.word	s_sample_log_counter
 713              		.cfi_endproc
 714              	.LFE250:
 716              		.section	.rodata.AppUsart1_HandleRxChunk.str1.4,"aMS",%progbits,1
 717              		.align	2
 718              	.LC3:
 719 0000 5B555341 		.ascii	"[USART1] rx chunk no valid sample frame len=%u\015\012"
 719      5254315D 
 719      20727820 
 719      6368756E 
 719      6B206E6F 
 720 0030 00       		.ascii	"\000"
 721              		.section	.text.AppUsart1_HandleRxChunk,"ax",%progbits
 722              		.align	1
 723              		.syntax unified
 724              		.thumb
 725              		.thumb_func
 727              	AppUsart1_HandleRxChunk:
 728              	.LVL62:
 729              	.LFB251:
 326:Core/Src/app_usart1.c **** 
 327:Core/Src/app_usart1.c **** static void AppUsart1_HandleRxChunk(const app_usart1_ctx_t *ctx, const uint8_t *data, uint16_t len)
 328:Core/Src/app_usart1.c **** {
 730              		.loc 1 328 1 view -0
 731              		.cfi_startproc
ARM GAS  C:\Users\40918\AppData\Local\Temp\ccLLydfV.s 			page 22


 732              		@ args = 0, pretend = 0, frame = 0
 733              		@ frame_needed = 0, uses_anonymous_args = 0
 329:Core/Src/app_usart1.c ****   uint16_t i = 0U;
 734              		.loc 1 329 3 view .LVU226
 330:Core/Src/app_usart1.c ****   uint16_t parsed_count = 0U;
 735              		.loc 1 330 3 view .LVU227
 331:Core/Src/app_usart1.c ****   uint16_t copy_len;
 736              		.loc 1 331 3 view .LVU228
 332:Core/Src/app_usart1.c **** 
 333:Core/Src/app_usart1.c ****   if ((ctx == NULL) || (data == NULL) || (len == 0U))
 737              		.loc 1 333 3 view .LVU229
 738              		.loc 1 333 6 is_stmt 0 view .LVU230
 739 0000 0028     		cmp	r0, #0
 740 0002 66D0     		beq	.L63
 328:Core/Src/app_usart1.c ****   uint16_t i = 0U;
 741              		.loc 1 328 1 view .LVU231
 742 0004 2DE9F041 		push	{r4, r5, r6, r7, r8, lr}
 743              	.LCFI13:
 744              		.cfi_def_cfa_offset 24
 745              		.cfi_offset 4, -24
 746              		.cfi_offset 5, -20
 747              		.cfi_offset 6, -16
 748              		.cfi_offset 7, -12
 749              		.cfi_offset 8, -8
 750              		.cfi_offset 14, -4
 751 0008 1646     		mov	r6, r2
 752 000a 0546     		mov	r5, r0
 753              		.loc 1 333 21 discriminator 1 view .LVU232
 754 000c 0029     		cmp	r1, #0
 755 000e 53D0     		beq	.L50
 756              		.loc 1 333 39 discriminator 2 view .LVU233
 757 0010 002A     		cmp	r2, #0
 758 0012 51D0     		beq	.L50
 334:Core/Src/app_usart1.c ****   {
 335:Core/Src/app_usart1.c ****     return;
 336:Core/Src/app_usart1.c ****   }
 337:Core/Src/app_usart1.c **** 
 338:Core/Src/app_usart1.c ****   if (s_rx_accum_len >= sizeof(s_rx_accum_buf))
 759              		.loc 1 338 3 is_stmt 1 view .LVU234
 760              		.loc 1 338 22 is_stmt 0 view .LVU235
 761 0014 2F4B     		ldr	r3, .L70
 762 0016 1B88     		ldrh	r3, [r3]
 763              		.loc 1 338 6 view .LVU236
 764 0018 FF2B     		cmp	r3, #255
 765 001a 02D9     		bls	.L52
 339:Core/Src/app_usart1.c ****   {
 340:Core/Src/app_usart1.c ****     s_rx_accum_len = 0U;
 766              		.loc 1 340 5 is_stmt 1 view .LVU237
 767              		.loc 1 340 20 is_stmt 0 view .LVU238
 768 001c 2D4B     		ldr	r3, .L70
 769 001e 0022     		movs	r2, #0
 770              	.LVL63:
 771              		.loc 1 340 20 view .LVU239
 772 0020 1A80     		strh	r2, [r3]	@ movhi
 773              	.L52:
 341:Core/Src/app_usart1.c ****   }
 342:Core/Src/app_usart1.c **** 
ARM GAS  C:\Users\40918\AppData\Local\Temp\ccLLydfV.s 			page 23


 343:Core/Src/app_usart1.c ****   copy_len = len;
 774              		.loc 1 343 3 is_stmt 1 view .LVU240
 775              	.LVL64:
 344:Core/Src/app_usart1.c ****   if ((uint16_t)(s_rx_accum_len + copy_len) > (uint16_t)sizeof(s_rx_accum_buf))
 776              		.loc 1 344 3 view .LVU241
 777              		.loc 1 344 7 is_stmt 0 view .LVU242
 778 0022 2C4B     		ldr	r3, .L70
 779 0024 1C88     		ldrh	r4, [r3]
 780 0026 A319     		adds	r3, r4, r6
 781 0028 9BB2     		uxth	r3, r3
 782              		.loc 1 344 6 view .LVU243
 783 002a B3F5807F 		cmp	r3, #256
 784 002e 07D9     		bls	.L61
 345:Core/Src/app_usart1.c ****   {
 346:Core/Src/app_usart1.c ****     copy_len = (uint16_t)(sizeof(s_rx_accum_buf) - s_rx_accum_len);
 785              		.loc 1 346 5 is_stmt 1 view .LVU244
 786              		.loc 1 346 14 is_stmt 0 view .LVU245
 787 0030 C4F58077 		rsb	r7, r4, #256
 788 0034 BFB2     		uxth	r7, r7
 789              	.LVL65:
 790              	.L53:
 347:Core/Src/app_usart1.c ****   }
 348:Core/Src/app_usart1.c ****   if (copy_len > 0U)
 791              		.loc 1 348 3 is_stmt 1 view .LVU246
 792              		.loc 1 348 6 is_stmt 0 view .LVU247
 793 0036 2FB9     		cbnz	r7, .L66
 794              	.LVL66:
 795              	.L54:
 343:Core/Src/app_usart1.c ****   if ((uint16_t)(s_rx_accum_len + copy_len) > (uint16_t)sizeof(s_rx_accum_buf))
 796              		.loc 1 343 12 view .LVU248
 797 0038 4FF00008 		mov	r8, #0
 798 003c 4446     		mov	r4, r8
 799 003e 0CE0     		b	.L57
 800              	.LVL67:
 801              	.L61:
 343:Core/Src/app_usart1.c ****   if ((uint16_t)(s_rx_accum_len + copy_len) > (uint16_t)sizeof(s_rx_accum_buf))
 802              		.loc 1 343 12 view .LVU249
 803 0040 3746     		mov	r7, r6
 804 0042 F8E7     		b	.L53
 805              	.LVL68:
 806              	.L66:
 349:Core/Src/app_usart1.c ****   {
 350:Core/Src/app_usart1.c ****     memcpy(&s_rx_accum_buf[s_rx_accum_len], data, copy_len);
 807              		.loc 1 350 5 is_stmt 1 view .LVU250
 808 0044 3A46     		mov	r2, r7
 809 0046 2448     		ldr	r0, .L70+4
 810              	.LVL69:
 811              		.loc 1 350 5 is_stmt 0 view .LVU251
 812 0048 2044     		add	r0, r0, r4
 813 004a FFF7FEFF 		bl	memcpy
 814              	.LVL70:
 351:Core/Src/app_usart1.c ****     s_rx_accum_len = (uint16_t)(s_rx_accum_len + copy_len);
 815              		.loc 1 351 5 is_stmt 1 view .LVU252
 816              		.loc 1 351 22 is_stmt 0 view .LVU253
 817 004e 3C44     		add	r4, r4, r7
 818              		.loc 1 351 20 view .LVU254
 819 0050 204B     		ldr	r3, .L70
ARM GAS  C:\Users\40918\AppData\Local\Temp\ccLLydfV.s 			page 24


 820 0052 1C80     		strh	r4, [r3]	@ movhi
 821 0054 F0E7     		b	.L54
 822              	.LVL71:
 823              	.L55:
 352:Core/Src/app_usart1.c ****   }
 353:Core/Src/app_usart1.c **** 
 354:Core/Src/app_usart1.c ****   while ((i + USART1_FRAME_MIN_SIZE) <= s_rx_accum_len)
 355:Core/Src/app_usart1.c ****   {
 356:Core/Src/app_usart1.c ****     if ((s_rx_accum_buf[i] == 0x32U) && (s_rx_accum_buf[i + 1U] == 0x33U) && (s_rx_accum_buf[i + 2U
 357:Core/Src/app_usart1.c ****     {
 358:Core/Src/app_usart1.c ****       AppUsart1_ParseSampleFrame(ctx, &s_rx_accum_buf[i], USART1_FRAME_MIN_SIZE);
 359:Core/Src/app_usart1.c ****       i = (uint16_t)(i + USART1_FRAME_MIN_SIZE);
 360:Core/Src/app_usart1.c ****       parsed_count++;
 361:Core/Src/app_usart1.c ****     }
 362:Core/Src/app_usart1.c ****     else
 363:Core/Src/app_usart1.c ****     {
 364:Core/Src/app_usart1.c ****       i++;
 824              		.loc 1 364 7 is_stmt 1 view .LVU255
 825              		.loc 1 364 8 is_stmt 0 view .LVU256
 826 0056 0134     		adds	r4, r4, #1
 827              	.LVL72:
 828              		.loc 1 364 8 view .LVU257
 829 0058 A4B2     		uxth	r4, r4
 830              	.LVL73:
 831              	.L57:
 354:Core/Src/app_usart1.c ****   {
 832              		.loc 1 354 38 is_stmt 1 view .LVU258
 354:Core/Src/app_usart1.c ****   {
 833              		.loc 1 354 13 is_stmt 0 view .LVU259
 834 005a 2046     		mov	r0, r4
 835 005c 04F11303 		add	r3, r4, #19
 354:Core/Src/app_usart1.c ****   {
 836              		.loc 1 354 38 view .LVU260
 837 0060 1C4A     		ldr	r2, .L70
 838 0062 1188     		ldrh	r1, [r2]
 839 0064 8B42     		cmp	r3, r1
 840 0066 1AD8     		bhi	.L67
 356:Core/Src/app_usart1.c ****     {
 841              		.loc 1 356 5 is_stmt 1 view .LVU261
 356:Core/Src/app_usart1.c ****     {
 842              		.loc 1 356 24 is_stmt 0 view .LVU262
 843 0068 2146     		mov	r1, r4
 844 006a 1B4B     		ldr	r3, .L70+4
 845 006c 1B5D     		ldrb	r3, [r3, r4]	@ zero_extendqisi2
 356:Core/Src/app_usart1.c ****     {
 846              		.loc 1 356 8 view .LVU263
 847 006e 322B     		cmp	r3, #50
 848 0070 F1D1     		bne	.L55
 356:Core/Src/app_usart1.c ****     {
 849              		.loc 1 356 59 discriminator 1 view .LVU264
 850 0072 431C     		adds	r3, r0, #1
 356:Core/Src/app_usart1.c ****     {
 851              		.loc 1 356 56 discriminator 1 view .LVU265
 852 0074 184A     		ldr	r2, .L70+4
 853 0076 D35C     		ldrb	r3, [r2, r3]	@ zero_extendqisi2
 356:Core/Src/app_usart1.c ****     {
 854              		.loc 1 356 38 discriminator 1 view .LVU266
ARM GAS  C:\Users\40918\AppData\Local\Temp\ccLLydfV.s 			page 25


 855 0078 332B     		cmp	r3, #51
 856 007a ECD1     		bne	.L55
 356:Core/Src/app_usart1.c ****     {
 857              		.loc 1 356 96 discriminator 2 view .LVU267
 858 007c 0230     		adds	r0, r0, #2
 356:Core/Src/app_usart1.c ****     {
 859              		.loc 1 356 93 discriminator 2 view .LVU268
 860 007e 135C     		ldrb	r3, [r2, r0]	@ zero_extendqisi2
 356:Core/Src/app_usart1.c ****     {
 861              		.loc 1 356 75 discriminator 2 view .LVU269
 862 0080 052B     		cmp	r3, #5
 863 0082 E8D1     		bne	.L55
 358:Core/Src/app_usart1.c ****       i = (uint16_t)(i + USART1_FRAME_MIN_SIZE);
 864              		.loc 1 358 7 is_stmt 1 view .LVU270
 865 0084 1322     		movs	r2, #19
 866 0086 144B     		ldr	r3, .L70+4
 867 0088 1944     		add	r1, r1, r3
 868 008a 2846     		mov	r0, r5
 869 008c FFF7FEFF 		bl	AppUsart1_ParseSampleFrame
 870              	.LVL74:
 359:Core/Src/app_usart1.c ****       parsed_count++;
 871              		.loc 1 359 7 view .LVU271
 359:Core/Src/app_usart1.c ****       parsed_count++;
 872              		.loc 1 359 9 is_stmt 0 view .LVU272
 873 0090 1334     		adds	r4, r4, #19
 874              	.LVL75:
 359:Core/Src/app_usart1.c ****       parsed_count++;
 875              		.loc 1 359 9 view .LVU273
 876 0092 A4B2     		uxth	r4, r4
 877              	.LVL76:
 360:Core/Src/app_usart1.c ****     }
 878              		.loc 1 360 7 is_stmt 1 view .LVU274
 360:Core/Src/app_usart1.c ****     }
 879              		.loc 1 360 19 is_stmt 0 view .LVU275
 880 0094 08F10108 		add	r8, r8, #1
 881              	.LVL77:
 360:Core/Src/app_usart1.c ****     }
 882              		.loc 1 360 19 view .LVU276
 883 0098 1FFA88F8 		uxth	r8, r8
 884              	.LVL78:
 360:Core/Src/app_usart1.c ****     }
 885              		.loc 1 360 19 view .LVU277
 886 009c DDE7     		b	.L57
 887              	.L67:
 365:Core/Src/app_usart1.c ****     }
 366:Core/Src/app_usart1.c ****   }
 367:Core/Src/app_usart1.c **** 
 368:Core/Src/app_usart1.c ****   if (i > 0U)
 888              		.loc 1 368 3 is_stmt 1 view .LVU278
 889              		.loc 1 368 6 is_stmt 0 view .LVU279
 890 009e 24B1     		cbz	r4, .L59
 891              	.LBB4:
 369:Core/Src/app_usart1.c ****   {
 370:Core/Src/app_usart1.c ****     uint16_t remain = (uint16_t)(s_rx_accum_len - i);
 892              		.loc 1 370 5 is_stmt 1 view .LVU280
 893              		.loc 1 370 14 is_stmt 0 view .LVU281
 894 00a0 091B     		subs	r1, r1, r4
ARM GAS  C:\Users\40918\AppData\Local\Temp\ccLLydfV.s 			page 26


 895 00a2 8DB2     		uxth	r5, r1
 896              	.LVL79:
 371:Core/Src/app_usart1.c ****     if (remain > 0U)
 897              		.loc 1 371 5 is_stmt 1 view .LVU282
 898              		.loc 1 371 8 is_stmt 0 view .LVU283
 899 00a4 55B9     		cbnz	r5, .L68
 900              	.L60:
 372:Core/Src/app_usart1.c ****     {
 373:Core/Src/app_usart1.c ****       memmove(s_rx_accum_buf, &s_rx_accum_buf[i], remain);
 374:Core/Src/app_usart1.c ****     }
 375:Core/Src/app_usart1.c ****     s_rx_accum_len = remain;
 901              		.loc 1 375 5 is_stmt 1 view .LVU284
 902              		.loc 1 375 20 is_stmt 0 view .LVU285
 903 00a6 0B4B     		ldr	r3, .L70
 904 00a8 1D80     		strh	r5, [r3]	@ movhi
 905              	.LVL80:
 906              	.L59:
 907              		.loc 1 375 20 view .LVU286
 908              	.LBE4:
 376:Core/Src/app_usart1.c ****   }
 377:Core/Src/app_usart1.c **** 
 378:Core/Src/app_usart1.c ****   if ((parsed_count == 0U) && (copy_len > 0U) && (s_rx_accum_len == 0U))
 909              		.loc 1 378 3 is_stmt 1 view .LVU287
 910              		.loc 1 378 6 is_stmt 0 view .LVU288
 911 00aa B8F1000F 		cmp	r8, #0
 912 00ae 03D1     		bne	.L50
 913              		.loc 1 378 28 discriminator 1 view .LVU289
 914 00b0 17B1     		cbz	r7, .L50
 915              		.loc 1 378 66 discriminator 2 view .LVU290
 916 00b2 084B     		ldr	r3, .L70
 917 00b4 1B88     		ldrh	r3, [r3]
 918              		.loc 1 378 47 discriminator 2 view .LVU291
 919 00b6 3BB1     		cbz	r3, .L69
 920              	.LVL81:
 921              	.L50:
 379:Core/Src/app_usart1.c ****   {
 380:Core/Src/app_usart1.c ****     LOGE("[USART1] rx chunk no valid sample frame len=%u\r\n", (unsigned int)len);
 381:Core/Src/app_usart1.c ****     AppUsart1_LogFrame("rx-raw", data, len);
 382:Core/Src/app_usart1.c ****   }
 383:Core/Src/app_usart1.c **** }
 922              		.loc 1 383 1 view .LVU292
 923 00b8 BDE8F081 		pop	{r4, r5, r6, r7, r8, pc}
 924              	.LVL82:
 925              	.L68:
 926              	.LBB5:
 373:Core/Src/app_usart1.c ****     }
 927              		.loc 1 373 7 is_stmt 1 view .LVU293
 373:Core/Src/app_usart1.c ****     }
 928              		.loc 1 373 31 is_stmt 0 view .LVU294
 929 00bc 0648     		ldr	r0, .L70+4
 373:Core/Src/app_usart1.c ****     }
 930              		.loc 1 373 7 view .LVU295
 931 00be 2A46     		mov	r2, r5
 932 00c0 0119     		adds	r1, r0, r4
 933 00c2 FFF7FEFF 		bl	memmove
 934              	.LVL83:
 935 00c6 EEE7     		b	.L60
ARM GAS  C:\Users\40918\AppData\Local\Temp\ccLLydfV.s 			page 27


 936              	.LVL84:
 937              	.L69:
 373:Core/Src/app_usart1.c ****     }
 938              		.loc 1 373 7 view .LVU296
 939              	.LBE5:
 940              	.LBB6:
 380:Core/Src/app_usart1.c ****     AppUsart1_LogFrame("rx-raw", data, len);
 941              		.loc 1 380 5 is_stmt 1 view .LVU297
 942 00c8 3146     		mov	r1, r6
 943 00ca 0448     		ldr	r0, .L70+8
 944 00cc FFF7FEFF 		bl	printf
 945              	.LVL85:
 381:Core/Src/app_usart1.c ****   }
 946              		.loc 1 381 5 view .LVU298
 947 00d0 F2E7     		b	.L50
 948              	.LVL86:
 949              	.L63:
 950              	.LCFI14:
 951              		.cfi_def_cfa_offset 0
 952              		.cfi_restore 4
 953              		.cfi_restore 5
 954              		.cfi_restore 6
 955              		.cfi_restore 7
 956              		.cfi_restore 8
 957              		.cfi_restore 14
 381:Core/Src/app_usart1.c ****   }
 958              		.loc 1 381 5 is_stmt 0 view .LVU299
 959 00d2 7047     		bx	lr
 960              	.L71:
 961              		.align	2
 962              	.L70:
 963 00d4 00000000 		.word	s_rx_accum_len
 964 00d8 00000000 		.word	s_rx_accum_buf
 965 00dc 00000000 		.word	.LC3
 966              	.LBE6:
 967              		.cfi_endproc
 968              	.LFE251:
 970              		.section	.text.AppUsart1_DelayMs,"ax",%progbits
 971              		.align	1
 972              		.syntax unified
 973              		.thumb
 974              		.thumb_func
 976              	AppUsart1_DelayMs:
 977              	.LVL87:
 978              	.LFB241:
  58:Core/Src/app_usart1.c ****   if (osKernelGetState() == osKernelRunning)
 979              		.loc 1 58 1 is_stmt 1 view -0
 980              		.cfi_startproc
 981              		@ args = 0, pretend = 0, frame = 0
 982              		@ frame_needed = 0, uses_anonymous_args = 0
  58:Core/Src/app_usart1.c ****   if (osKernelGetState() == osKernelRunning)
 983              		.loc 1 58 1 is_stmt 0 view .LVU301
 984 0000 10B5     		push	{r4, lr}
 985              	.LCFI15:
 986              		.cfi_def_cfa_offset 8
 987              		.cfi_offset 4, -8
 988              		.cfi_offset 14, -4
ARM GAS  C:\Users\40918\AppData\Local\Temp\ccLLydfV.s 			page 28


 989 0002 0446     		mov	r4, r0
  59:Core/Src/app_usart1.c ****   {
 990              		.loc 1 59 3 is_stmt 1 view .LVU302
  59:Core/Src/app_usart1.c ****   {
 991              		.loc 1 59 7 is_stmt 0 view .LVU303
 992 0004 FFF7FEFF 		bl	osKernelGetState
 993              	.LVL88:
  59:Core/Src/app_usart1.c ****   {
 994              		.loc 1 59 6 discriminator 1 view .LVU304
 995 0008 0228     		cmp	r0, #2
 996 000a 03D0     		beq	.L76
  65:Core/Src/app_usart1.c ****   }
 997              		.loc 1 65 5 is_stmt 1 view .LVU305
 998 000c 2046     		mov	r0, r4
 999 000e FFF7FEFF 		bl	HAL_Delay
 1000              	.LVL89:
 1001              	.L72:
  67:Core/Src/app_usart1.c **** 
 1002              		.loc 1 67 1 is_stmt 0 view .LVU306
 1003 0012 10BD     		pop	{r4, pc}
 1004              	.LVL90:
 1005              	.L76:
  61:Core/Src/app_usart1.c ****   }
 1006              		.loc 1 61 5 is_stmt 1 view .LVU307
 1007 0014 2046     		mov	r0, r4
 1008 0016 FFF7FEFF 		bl	osDelay
 1009              	.LVL91:
 1010 001a FAE7     		b	.L72
 1011              		.cfi_endproc
 1012              	.LFE241:
 1014              		.section	.text.AppUsart1_Delay1ms,"ax",%progbits
 1015              		.align	1
 1016              		.syntax unified
 1017              		.thumb
 1018              		.thumb_func
 1020              	AppUsart1_Delay1ms:
 1021              	.LFB240:
  46:Core/Src/app_usart1.c ****   if (osKernelGetState() == osKernelRunning)
 1022              		.loc 1 46 1 view -0
 1023              		.cfi_startproc
 1024              		@ args = 0, pretend = 0, frame = 0
 1025              		@ frame_needed = 0, uses_anonymous_args = 0
 1026 0000 08B5     		push	{r3, lr}
 1027              	.LCFI16:
 1028              		.cfi_def_cfa_offset 8
 1029              		.cfi_offset 3, -8
 1030              		.cfi_offset 14, -4
  47:Core/Src/app_usart1.c ****   {
 1031              		.loc 1 47 3 view .LVU309
  47:Core/Src/app_usart1.c ****   {
 1032              		.loc 1 47 7 is_stmt 0 view .LVU310
 1033 0002 FFF7FEFF 		bl	osKernelGetState
 1034              	.LVL92:
  47:Core/Src/app_usart1.c ****   {
 1035              		.loc 1 47 6 discriminator 1 view .LVU311
 1036 0006 0228     		cmp	r0, #2
 1037 0008 03D0     		beq	.L81
ARM GAS  C:\Users\40918\AppData\Local\Temp\ccLLydfV.s 			page 29


  53:Core/Src/app_usart1.c ****   }
 1038              		.loc 1 53 5 is_stmt 1 view .LVU312
 1039 000a 0120     		movs	r0, #1
 1040 000c FFF7FEFF 		bl	HAL_Delay
 1041              	.LVL93:
 1042              	.L77:
  55:Core/Src/app_usart1.c **** 
 1043              		.loc 1 55 1 is_stmt 0 view .LVU313
 1044 0010 08BD     		pop	{r3, pc}
 1045              	.L81:
  49:Core/Src/app_usart1.c ****   }
 1046              		.loc 1 49 5 is_stmt 1 view .LVU314
 1047 0012 0120     		movs	r0, #1
 1048 0014 FFF7FEFF 		bl	osDelay
 1049              	.LVL94:
 1050 0018 FAE7     		b	.L77
 1051              		.cfi_endproc
 1052              	.LFE240:
 1054              		.section	.rodata.AppUsart1_SendFrameDma.str1.4,"aMS",%progbits,1
 1055              		.align	2
 1056              	.LC4:
 1057 0000 5B555341 		.ascii	"[USART1] tx wait idle timeout=%lu\015\012\000"
 1057      5254315D 
 1057      20747820 
 1057      77616974 
 1057      2069646C 
 1058              		.align	2
 1059              	.LC5:
 1060 0024 5B555341 		.ascii	"[USART1] tx dma start failed err=0x%08lX\015\012\000"
 1060      5254315D 
 1060      20747820 
 1060      646D6120 
 1060      73746172 
 1061 004f 00       		.align	2
 1062              	.LC6:
 1063 0050 5B555341 		.ascii	"[USART1] tx done timeout=%lu\015\012\000"
 1063      5254315D 
 1063      20747820 
 1063      646F6E65 
 1063      2074696D 
 1064              		.section	.text.AppUsart1_SendFrameDma,"ax",%progbits
 1065              		.align	1
 1066              		.syntax unified
 1067              		.thumb
 1068              		.thumb_func
 1070              	AppUsart1_SendFrameDma:
 1071              	.LVL95:
 1072              	.LFB249:
 195:Core/Src/app_usart1.c ****   uint32_t start_tick = HAL_GetTick();
 1073              		.loc 1 195 1 view -0
 1074              		.cfi_startproc
 1075              		@ args = 0, pretend = 0, frame = 0
 1076              		@ frame_needed = 0, uses_anonymous_args = 0
 195:Core/Src/app_usart1.c ****   uint32_t start_tick = HAL_GetTick();
 1077              		.loc 1 195 1 is_stmt 0 view .LVU316
 1078 0000 2DE9F843 		push	{r3, r4, r5, r6, r7, r8, r9, lr}
 1079              	.LCFI17:
ARM GAS  C:\Users\40918\AppData\Local\Temp\ccLLydfV.s 			page 30


 1080              		.cfi_def_cfa_offset 32
 1081              		.cfi_offset 3, -32
 1082              		.cfi_offset 4, -28
 1083              		.cfi_offset 5, -24
 1084              		.cfi_offset 6, -20
 1085              		.cfi_offset 7, -16
 1086              		.cfi_offset 8, -12
 1087              		.cfi_offset 9, -8
 1088              		.cfi_offset 14, -4
 1089 0004 0746     		mov	r7, r0
 1090 0006 8846     		mov	r8, r1
 1091 0008 9146     		mov	r9, r2
 1092 000a 1D46     		mov	r5, r3
 196:Core/Src/app_usart1.c ****   while (s_usart1_tx_done == 0U)
 1093              		.loc 1 196 3 is_stmt 1 view .LVU317
 196:Core/Src/app_usart1.c ****   while (s_usart1_tx_done == 0U)
 1094              		.loc 1 196 25 is_stmt 0 view .LVU318
 1095 000c FFF7FEFF 		bl	HAL_GetTick
 1096              	.LVL96:
 196:Core/Src/app_usart1.c ****   while (s_usart1_tx_done == 0U)
 1097              		.loc 1 196 25 view .LVU319
 1098 0010 0646     		mov	r6, r0
 1099              	.LVL97:
 197:Core/Src/app_usart1.c ****   {
 1100              		.loc 1 197 3 is_stmt 1 view .LVU320
 197:Core/Src/app_usart1.c ****   {
 1101              		.loc 1 197 9 is_stmt 0 view .LVU321
 1102 0012 01E0     		b	.L83
 1103              	.LVL98:
 1104              	.L84:
 204:Core/Src/app_usart1.c ****   }
 1105              		.loc 1 204 5 is_stmt 1 view .LVU322
 1106 0014 FFF7FEFF 		bl	AppUsart1_Delay1ms
 1107              	.LVL99:
 1108              	.L83:
 197:Core/Src/app_usart1.c ****   {
 1109              		.loc 1 197 27 view .LVU323
 1110 0018 1B4B     		ldr	r3, .L94
 1111 001a 1C78     		ldrb	r4, [r3]	@ zero_extendqisi2
 1112 001c 64B9     		cbnz	r4, .L92
 199:Core/Src/app_usart1.c ****     {
 1113              		.loc 1 199 5 view .LVU324
 199:Core/Src/app_usart1.c ****     {
 1114              		.loc 1 199 10 is_stmt 0 view .LVU325
 1115 001e FFF7FEFF 		bl	HAL_GetTick
 1116              	.LVL100:
 199:Core/Src/app_usart1.c ****     {
 1117              		.loc 1 199 24 discriminator 1 view .LVU326
 1118 0022 801B     		subs	r0, r0, r6
 199:Core/Src/app_usart1.c ****     {
 1119              		.loc 1 199 8 discriminator 1 view .LVU327
 1120 0024 A842     		cmp	r0, r5
 1121 0026 F5D9     		bls	.L84
 1122              	.LBB7:
 201:Core/Src/app_usart1.c ****       return HAL_TIMEOUT;
 1123              		.loc 1 201 7 is_stmt 1 view .LVU328
 1124 0028 2946     		mov	r1, r5
ARM GAS  C:\Users\40918\AppData\Local\Temp\ccLLydfV.s 			page 31


 1125 002a 1848     		ldr	r0, .L94+4
 1126 002c FFF7FEFF 		bl	printf
 1127              	.LVL101:
 202:Core/Src/app_usart1.c ****     }
 1128              		.loc 1 202 7 view .LVU329
 202:Core/Src/app_usart1.c ****     }
 1129              		.loc 1 202 14 is_stmt 0 view .LVU330
 1130 0030 0326     		movs	r6, #3
 1131              	.LVL102:
 1132              	.L85:
 202:Core/Src/app_usart1.c ****     }
 1133              		.loc 1 202 14 view .LVU331
 1134              	.LBE7:
 226:Core/Src/app_usart1.c **** 
 1135              		.loc 1 226 1 view .LVU332
 1136 0032 3046     		mov	r0, r6
 1137 0034 BDE8F883 		pop	{r3, r4, r5, r6, r7, r8, r9, pc}
 1138              	.LVL103:
 1139              	.L92:
 207:Core/Src/app_usart1.c ****   if (HAL_UART_Transmit_DMA(ctx->huart, (uint8_t *)frame, len) != HAL_OK)
 1140              		.loc 1 207 3 is_stmt 1 view .LVU333
 207:Core/Src/app_usart1.c ****   if (HAL_UART_Transmit_DMA(ctx->huart, (uint8_t *)frame, len) != HAL_OK)
 1141              		.loc 1 207 20 is_stmt 0 view .LVU334
 1142 0038 0022     		movs	r2, #0
 1143 003a 1A70     		strb	r2, [r3]
 208:Core/Src/app_usart1.c ****   {
 1144              		.loc 1 208 3 is_stmt 1 view .LVU335
 208:Core/Src/app_usart1.c ****   {
 1145              		.loc 1 208 7 is_stmt 0 view .LVU336
 1146 003c 4A46     		mov	r2, r9
 1147 003e 4146     		mov	r1, r8
 1148 0040 3868     		ldr	r0, [r7]
 1149 0042 FFF7FEFF 		bl	HAL_UART_Transmit_DMA
 1150              	.LVL104:
 208:Core/Src/app_usart1.c ****   {
 1151              		.loc 1 208 6 discriminator 1 view .LVU337
 1152 0046 0646     		mov	r6, r0
 1153              	.LVL105:
 208:Core/Src/app_usart1.c ****   {
 1154              		.loc 1 208 6 discriminator 1 view .LVU338
 1155 0048 18B9     		cbnz	r0, .L93
 215:Core/Src/app_usart1.c ****   while (s_usart1_tx_done == 0U)
 1156              		.loc 1 215 3 is_stmt 1 view .LVU339
 215:Core/Src/app_usart1.c ****   while (s_usart1_tx_done == 0U)
 1157              		.loc 1 215 16 is_stmt 0 view .LVU340
 1158 004a FFF7FEFF 		bl	HAL_GetTick
 1159              	.LVL106:
 1160 004e 0446     		mov	r4, r0
 1161              	.LVL107:
 216:Core/Src/app_usart1.c ****   {
 1162              		.loc 1 216 3 is_stmt 1 view .LVU341
 216:Core/Src/app_usart1.c ****   {
 1163              		.loc 1 216 9 is_stmt 0 view .LVU342
 1164 0050 0AE0     		b	.L88
 1165              	.LVL108:
 1166              	.L93:
 1167              	.LBB8:
ARM GAS  C:\Users\40918\AppData\Local\Temp\ccLLydfV.s 			page 32


 210:Core/Src/app_usart1.c ****     LOGE("[USART1] tx dma start failed err=0x%08lX\r\n", (unsigned long)ctx->huart->ErrorCode);
 1168              		.loc 1 210 5 is_stmt 1 view .LVU343
 210:Core/Src/app_usart1.c ****     LOGE("[USART1] tx dma start failed err=0x%08lX\r\n", (unsigned long)ctx->huart->ErrorCode);
 1169              		.loc 1 210 22 is_stmt 0 view .LVU344
 1170 0052 0126     		movs	r6, #1
 1171 0054 0C4B     		ldr	r3, .L94
 1172 0056 1E70     		strb	r6, [r3]
 211:Core/Src/app_usart1.c ****     return HAL_ERROR;
 1173              		.loc 1 211 5 is_stmt 1 view .LVU345
 1174 0058 3B68     		ldr	r3, [r7]
 1175 005a 596C     		ldr	r1, [r3, #68]
 1176 005c 0C48     		ldr	r0, .L94+8
 1177 005e FFF7FEFF 		bl	printf
 1178              	.LVL109:
 212:Core/Src/app_usart1.c ****   }
 1179              		.loc 1 212 5 view .LVU346
 212:Core/Src/app_usart1.c ****   }
 1180              		.loc 1 212 12 is_stmt 0 view .LVU347
 1181 0062 E6E7     		b	.L85
 1182              	.LVL110:
 1183              	.L89:
 212:Core/Src/app_usart1.c ****   }
 1184              		.loc 1 212 12 view .LVU348
 1185              	.LBE8:
 223:Core/Src/app_usart1.c ****   }
 1186              		.loc 1 223 5 is_stmt 1 view .LVU349
 1187 0064 FFF7FEFF 		bl	AppUsart1_Delay1ms
 1188              	.LVL111:
 1189              	.L88:
 216:Core/Src/app_usart1.c ****   {
 1190              		.loc 1 216 27 view .LVU350
 1191 0068 074B     		ldr	r3, .L94
 1192 006a 1B78     		ldrb	r3, [r3]	@ zero_extendqisi2
 1193 006c 002B     		cmp	r3, #0
 1194 006e E0D1     		bne	.L85
 218:Core/Src/app_usart1.c ****     {
 1195              		.loc 1 218 5 view .LVU351
 218:Core/Src/app_usart1.c ****     {
 1196              		.loc 1 218 10 is_stmt 0 view .LVU352
 1197 0070 FFF7FEFF 		bl	HAL_GetTick
 1198              	.LVL112:
 218:Core/Src/app_usart1.c ****     {
 1199              		.loc 1 218 24 discriminator 1 view .LVU353
 1200 0074 001B     		subs	r0, r0, r4
 218:Core/Src/app_usart1.c ****     {
 1201              		.loc 1 218 8 discriminator 1 view .LVU354
 1202 0076 A842     		cmp	r0, r5
 1203 0078 F4D9     		bls	.L89
 1204              	.LBB9:
 220:Core/Src/app_usart1.c ****       return HAL_TIMEOUT;
 1205              		.loc 1 220 7 is_stmt 1 view .LVU355
 1206 007a 2946     		mov	r1, r5
 1207 007c 0548     		ldr	r0, .L94+12
 1208 007e FFF7FEFF 		bl	printf
 1209              	.LVL113:
 221:Core/Src/app_usart1.c ****     }
 1210              		.loc 1 221 7 view .LVU356
ARM GAS  C:\Users\40918\AppData\Local\Temp\ccLLydfV.s 			page 33


 221:Core/Src/app_usart1.c ****     }
 1211              		.loc 1 221 14 is_stmt 0 view .LVU357
 1212 0082 0326     		movs	r6, #3
 1213 0084 D5E7     		b	.L85
 1214              	.L95:
 1215 0086 00BF     		.align	2
 1216              	.L94:
 1217 0088 00000000 		.word	s_usart1_tx_done
 1218 008c 00000000 		.word	.LC4
 1219 0090 24000000 		.word	.LC5
 1220 0094 50000000 		.word	.LC6
 1221              	.LBE9:
 1222              		.cfi_endproc
 1223              	.LFE249:
 1225              		.section	.rodata.AppUsart1_LogFrameError.str1.4,"aMS",%progbits,1
 1226              		.align	2
 1227              	.LC7:
 1228 0000 5B555341 		.ascii	"[USART1] %s\000"
 1228      5254315D 
 1228      20257300 
 1229              		.align	2
 1230              	.LC8:
 1231 000c 20726561 		.ascii	" reason=%s\000"
 1231      736F6E3D 
 1231      257300
 1232 0017 00       		.align	2
 1233              	.LC9:
 1234 0018 206C656E 		.ascii	" len=%u data=\000"
 1234      3D257520 
 1234      64617461 
 1234      3D00
 1235 0026 0000     		.align	2
 1236              	.LC10:
 1237 0028 25303258 		.ascii	"%02X\000"
 1237      00
 1238 002d 000000   		.align	2
 1239              	.LC11:
 1240 0030 0D00     		.ascii	"\015\000"
 1241              		.section	.text.AppUsart1_LogFrameError,"ax",%progbits
 1242              		.align	1
 1243              		.syntax unified
 1244              		.thumb
 1245              		.thumb_func
 1247              	AppUsart1_LogFrameError:
 1248              	.LVL114:
 1249              	.LFB244:
 118:Core/Src/app_usart1.c ****   uint16_t i;
 1250              		.loc 1 118 1 is_stmt 1 view -0
 1251              		.cfi_startproc
 1252              		@ args = 0, pretend = 0, frame = 0
 1253              		@ frame_needed = 0, uses_anonymous_args = 0
 119:Core/Src/app_usart1.c **** 
 1254              		.loc 1 119 3 view .LVU359
 121:Core/Src/app_usart1.c ****   {
 1255              		.loc 1 121 3 view .LVU360
 121:Core/Src/app_usart1.c ****   {
 1256              		.loc 1 121 6 is_stmt 0 view .LVU361
ARM GAS  C:\Users\40918\AppData\Local\Temp\ccLLydfV.s 			page 34


 1257 0000 20B3     		cbz	r0, .L103
 118:Core/Src/app_usart1.c ****   uint16_t i;
 1258              		.loc 1 118 1 view .LVU362
 1259 0002 70B5     		push	{r4, r5, r6, lr}
 1260              	.LCFI18:
 1261              		.cfi_def_cfa_offset 16
 1262              		.cfi_offset 4, -16
 1263              		.cfi_offset 5, -12
 1264              		.cfi_offset 6, -8
 1265              		.cfi_offset 14, -4
 1266 0004 0C46     		mov	r4, r1
 1267 0006 1646     		mov	r6, r2
 1268 0008 1D46     		mov	r5, r3
 1269 000a 0146     		mov	r1, r0
 1270              	.LVL115:
 121:Core/Src/app_usart1.c ****   {
 1271              		.loc 1 121 21 discriminator 1 view .LVU363
 1272 000c EAB1     		cbz	r2, .L96
 126:Core/Src/app_usart1.c ****   if (reason != NULL)
 1273              		.loc 1 126 3 is_stmt 1 view .LVU364
 1274 000e 1048     		ldr	r0, .L107
 1275              	.LVL116:
 126:Core/Src/app_usart1.c ****   if (reason != NULL)
 1276              		.loc 1 126 3 is_stmt 0 view .LVU365
 1277 0010 FFF7FEFF 		bl	printf
 1278              	.LVL117:
 127:Core/Src/app_usart1.c ****   {
 1279              		.loc 1 127 3 is_stmt 1 view .LVU366
 127:Core/Src/app_usart1.c ****   {
 1280              		.loc 1 127 6 is_stmt 0 view .LVU367
 1281 0014 1CB1     		cbz	r4, .L98
 129:Core/Src/app_usart1.c ****   }
 1282              		.loc 1 129 5 is_stmt 1 view .LVU368
 1283 0016 2146     		mov	r1, r4
 1284 0018 0E48     		ldr	r0, .L107+4
 1285 001a FFF7FEFF 		bl	printf
 1286              	.LVL118:
 1287              	.L98:
 131:Core/Src/app_usart1.c ****   for (i = 0U; i < len; i++)
 1288              		.loc 1 131 3 view .LVU369
 1289 001e 2946     		mov	r1, r5
 1290 0020 0D48     		ldr	r0, .L107+8
 1291 0022 FFF7FEFF 		bl	printf
 1292              	.LVL119:
 132:Core/Src/app_usart1.c ****   {
 1293              		.loc 1 132 3 view .LVU370
 132:Core/Src/app_usart1.c ****   {
 1294              		.loc 1 132 10 is_stmt 0 view .LVU371
 1295 0026 0024     		movs	r4, #0
 1296              	.LVL120:
 1297              	.L99:
 132:Core/Src/app_usart1.c ****   {
 1298              		.loc 1 132 18 is_stmt 1 discriminator 1 view .LVU372
 1299 0028 AC42     		cmp	r4, r5
 1300 002a 0BD2     		bcs	.L106
 134:Core/Src/app_usart1.c ****     if ((uint16_t)(i + 1U) < len)
 1301              		.loc 1 134 5 view .LVU373
ARM GAS  C:\Users\40918\AppData\Local\Temp\ccLLydfV.s 			page 35


 1302 002c 315D     		ldrb	r1, [r6, r4]	@ zero_extendqisi2
 1303 002e 0B48     		ldr	r0, .L107+12
 1304 0030 FFF7FEFF 		bl	printf
 1305              	.LVL121:
 135:Core/Src/app_usart1.c ****     {
 1306              		.loc 1 135 5 view .LVU374
 135:Core/Src/app_usart1.c ****     {
 1307              		.loc 1 135 9 is_stmt 0 view .LVU375
 1308 0034 0134     		adds	r4, r4, #1
 1309              	.LVL122:
 135:Core/Src/app_usart1.c ****     {
 1310              		.loc 1 135 9 view .LVU376
 1311 0036 A4B2     		uxth	r4, r4
 1312              	.LVL123:
 135:Core/Src/app_usart1.c ****     {
 1313              		.loc 1 135 8 view .LVU377
 1314 0038 AC42     		cmp	r4, r5
 1315 003a F5D2     		bcs	.L99
 137:Core/Src/app_usart1.c ****     }
 1316              		.loc 1 137 7 is_stmt 1 view .LVU378
 1317 003c 2020     		movs	r0, #32
 1318 003e FFF7FEFF 		bl	putchar
 1319              	.LVL124:
 1320 0042 F1E7     		b	.L99
 1321              	.LVL125:
 1322              	.L106:
 140:Core/Src/app_usart1.c **** }
 1323              		.loc 1 140 3 view .LVU379
 1324 0044 0648     		ldr	r0, .L107+16
 1325 0046 FFF7FEFF 		bl	puts
 1326              	.LVL126:
 1327              	.L96:
 141:Core/Src/app_usart1.c **** 
 1328              		.loc 1 141 1 is_stmt 0 view .LVU380
 1329 004a 70BD     		pop	{r4, r5, r6, pc}
 1330              	.LVL127:
 1331              	.L103:
 1332              	.LCFI19:
 1333              		.cfi_def_cfa_offset 0
 1334              		.cfi_restore 4
 1335              		.cfi_restore 5
 1336              		.cfi_restore 6
 1337              		.cfi_restore 14
 141:Core/Src/app_usart1.c **** 
 1338              		.loc 1 141 1 view .LVU381
 1339 004c 7047     		bx	lr
 1340              	.L108:
 1341 004e 00BF     		.align	2
 1342              	.L107:
 1343 0050 00000000 		.word	.LC7
 1344 0054 0C000000 		.word	.LC8
 1345 0058 18000000 		.word	.LC9
 1346 005c 28000000 		.word	.LC10
 1347 0060 30000000 		.word	.LC11
 1348              		.cfi_endproc
 1349              	.LFE244:
 1351              		.section	.rodata.AppUsart1_Init.str1.4,"aMS",%progbits,1
ARM GAS  C:\Users\40918\AppData\Local\Temp\ccLLydfV.s 			page 36


 1352              		.align	2
 1353              	.LC12:
 1354 0000 5B555341 		.ascii	"[USART1] rx dma init failed err=0x%08lX\015\012\000"
 1354      5254315D 
 1354      20727820 
 1354      646D6120 
 1354      696E6974 
 1355              		.section	.text.AppUsart1_Init,"ax",%progbits
 1356              		.align	1
 1357              		.global	AppUsart1_Init
 1358              		.syntax unified
 1359              		.thumb
 1360              		.thumb_func
 1362              	AppUsart1_Init:
 1363              	.LVL128:
 1364              	.LFB252:
 384:Core/Src/app_usart1.c **** 
 385:Core/Src/app_usart1.c **** void AppUsart1_Init(const app_usart1_ctx_t *ctx)
 386:Core/Src/app_usart1.c **** {
 1365              		.loc 1 386 1 is_stmt 1 view -0
 1366              		.cfi_startproc
 1367              		@ args = 0, pretend = 0, frame = 0
 1368              		@ frame_needed = 0, uses_anonymous_args = 0
 387:Core/Src/app_usart1.c ****   if ((ctx == NULL) || (ctx->huart == NULL) || (ctx->hdma_rx == NULL) || (ctx->rx_dma_buf == NULL))
 1369              		.loc 1 387 3 view .LVU383
 1370              		.loc 1 387 6 is_stmt 0 view .LVU384
 1371 0000 50B3     		cbz	r0, .L113
 386:Core/Src/app_usart1.c ****   if ((ctx == NULL) || (ctx->huart == NULL) || (ctx->hdma_rx == NULL) || (ctx->rx_dma_buf == NULL))
 1372              		.loc 1 386 1 view .LVU385
 1373 0002 10B5     		push	{r4, lr}
 1374              	.LCFI20:
 1375              		.cfi_def_cfa_offset 8
 1376              		.cfi_offset 4, -8
 1377              		.cfi_offset 14, -4
 1378 0004 82B0     		sub	sp, sp, #8
 1379              	.LCFI21:
 1380              		.cfi_def_cfa_offset 16
 1381 0006 0446     		mov	r4, r0
 1382              		.loc 1 387 28 discriminator 1 view .LVU386
 1383 0008 0368     		ldr	r3, [r0]
 1384              		.loc 1 387 21 discriminator 1 view .LVU387
 1385 000a EBB1     		cbz	r3, .L109
 1386              		.loc 1 387 52 discriminator 2 view .LVU388
 1387 000c 4368     		ldr	r3, [r0, #4]
 1388              		.loc 1 387 45 discriminator 2 view .LVU389
 1389 000e DBB1     		cbz	r3, .L109
 1390              		.loc 1 387 78 discriminator 3 view .LVU390
 1391 0010 8368     		ldr	r3, [r0, #8]
 1392              		.loc 1 387 71 discriminator 3 view .LVU391
 1393 0012 CBB1     		cbz	r3, .L109
 388:Core/Src/app_usart1.c ****   {
 389:Core/Src/app_usart1.c ****     return;
 390:Core/Src/app_usart1.c ****   }
 391:Core/Src/app_usart1.c ****   AppUsart1_BuildFrame(0x01U, 0x06U, 0x00U, 0x01U, s_hb_frame);
 1394              		.loc 1 391 3 is_stmt 1 view .LVU392
 1395 0014 114B     		ldr	r3, .L117
 1396 0016 0093     		str	r3, [sp]
ARM GAS  C:\Users\40918\AppData\Local\Temp\ccLLydfV.s 			page 37


 1397 0018 0123     		movs	r3, #1
 1398 001a 0022     		movs	r2, #0
 1399 001c 0621     		movs	r1, #6
 1400 001e 1846     		mov	r0, r3
 1401              	.LVL129:
 1402              		.loc 1 391 3 is_stmt 0 view .LVU393
 1403 0020 FFF7FEFF 		bl	AppUsart1_BuildFrame
 1404              	.LVL130:
 392:Core/Src/app_usart1.c ****   U1LOGI("[USART1] init baud=%lu rx_dma=%u\r\n",
 1405              		.loc 1 392 3 is_stmt 1 view .LVU394
 1406              		.loc 1 392 3 view .LVU395
 1407              		.loc 1 392 3 view .LVU396
 393:Core/Src/app_usart1.c ****        (unsigned long)ctx->huart->Init.BaudRate,
 394:Core/Src/app_usart1.c ****        (unsigned int)ctx->rx_dma_buf_size);
 395:Core/Src/app_usart1.c ****   AppUsart1_LogFrame("tx-heartbeat-template", s_hb_frame, sizeof(s_hb_frame));
 1408              		.loc 1 395 3 view .LVU397
 396:Core/Src/app_usart1.c ****   if (HAL_UARTEx_ReceiveToIdle_DMA(ctx->huart, ctx->rx_dma_buf, ctx->rx_dma_buf_size) != HAL_OK)
 1409              		.loc 1 396 3 view .LVU398
 1410              		.loc 1 396 7 is_stmt 0 view .LVU399
 1411 0024 A289     		ldrh	r2, [r4, #12]
 1412 0026 A168     		ldr	r1, [r4, #8]
 1413 0028 2068     		ldr	r0, [r4]
 1414 002a FFF7FEFF 		bl	HAL_UARTEx_ReceiveToIdle_DMA
 1415              	.LVL131:
 1416              		.loc 1 396 6 discriminator 1 view .LVU400
 1417 002e 68B9     		cbnz	r0, .L116
 397:Core/Src/app_usart1.c ****   {
 398:Core/Src/app_usart1.c ****     LOGE("[USART1] rx dma init failed err=0x%08lX\r\n", (unsigned long)ctx->huart->ErrorCode);
 399:Core/Src/app_usart1.c ****     return;
 400:Core/Src/app_usart1.c ****   }
 401:Core/Src/app_usart1.c ****   __HAL_DMA_DISABLE_IT(ctx->hdma_rx, DMA_IT_HT);
 1418              		.loc 1 401 3 is_stmt 1 view .LVU401
 1419 0030 6368     		ldr	r3, [r4, #4]
 1420 0032 1A68     		ldr	r2, [r3]
 1421 0034 1368     		ldr	r3, [r2]
 1422 0036 23F00803 		bic	r3, r3, #8
 1423 003a 1360     		str	r3, [r2]
 402:Core/Src/app_usart1.c ****   U1LOGI("[USART1] rx dma armed\r\n");
 1424              		.loc 1 402 3 view .LVU402
 1425              		.loc 1 402 3 view .LVU403
 1426              		.loc 1 402 3 view .LVU404
 403:Core/Src/app_usart1.c ****   s_start_sampling_pending = 1U;
 1427              		.loc 1 403 3 view .LVU405
 1428              		.loc 1 403 28 is_stmt 0 view .LVU406
 1429 003c 084B     		ldr	r3, .L117+4
 1430 003e 0122     		movs	r2, #1
 1431 0040 1A70     		strb	r2, [r3]
 404:Core/Src/app_usart1.c ****   s_rx_dma_last_pos = 0U;
 1432              		.loc 1 404 3 is_stmt 1 view .LVU407
 1433              		.loc 1 404 21 is_stmt 0 view .LVU408
 1434 0042 084B     		ldr	r3, .L117+8
 1435 0044 0022     		movs	r2, #0
 1436 0046 1A80     		strh	r2, [r3]	@ movhi
 405:Core/Src/app_usart1.c ****   U1LOGI("[USART1] start sampling pending\r\n");
 1437              		.loc 1 405 3 is_stmt 1 view .LVU409
 1438              		.loc 1 405 3 view .LVU410
 1439              		.loc 1 405 3 view .LVU411
ARM GAS  C:\Users\40918\AppData\Local\Temp\ccLLydfV.s 			page 38


 1440              	.L109:
 406:Core/Src/app_usart1.c **** }
 1441              		.loc 1 406 1 is_stmt 0 view .LVU412
 1442 0048 02B0     		add	sp, sp, #8
 1443              	.LCFI22:
 1444              		.cfi_remember_state
 1445              		.cfi_def_cfa_offset 8
 1446              		@ sp needed
 1447 004a 10BD     		pop	{r4, pc}
 1448              	.LVL132:
 1449              	.L116:
 1450              	.LCFI23:
 1451              		.cfi_restore_state
 1452              	.LBB10:
 398:Core/Src/app_usart1.c ****     return;
 1453              		.loc 1 398 5 is_stmt 1 view .LVU413
 1454 004c 2368     		ldr	r3, [r4]
 1455 004e 596C     		ldr	r1, [r3, #68]
 1456 0050 0548     		ldr	r0, .L117+12
 1457 0052 FFF7FEFF 		bl	printf
 1458              	.LVL133:
 399:Core/Src/app_usart1.c ****   }
 1459              		.loc 1 399 5 view .LVU414
 1460 0056 F7E7     		b	.L109
 1461              	.LVL134:
 1462              	.L113:
 1463              	.LCFI24:
 1464              		.cfi_def_cfa_offset 0
 1465              		.cfi_restore 4
 1466              		.cfi_restore 14
 399:Core/Src/app_usart1.c ****   }
 1467              		.loc 1 399 5 is_stmt 0 view .LVU415
 1468 0058 7047     		bx	lr
 1469              	.L118:
 1470 005a 00BF     		.align	2
 1471              	.L117:
 1472 005c 00000000 		.word	s_hb_frame
 1473 0060 00000000 		.word	s_start_sampling_pending
 1474 0064 00000000 		.word	s_rx_dma_last_pos
 1475 0068 00000000 		.word	.LC12
 1476              	.LBE10:
 1477              		.cfi_endproc
 1478              	.LFE252:
 1480              		.section	.text.AppUsart1_OnTxCplt,"ax",%progbits
 1481              		.align	1
 1482              		.global	AppUsart1_OnTxCplt
 1483              		.syntax unified
 1484              		.thumb
 1485              		.thumb_func
 1487              	AppUsart1_OnTxCplt:
 1488              	.LVL135:
 1489              	.LFB254:
 407:Core/Src/app_usart1.c **** 
 408:Core/Src/app_usart1.c **** void AppUsart1_Process(const app_usart1_ctx_t *ctx, uint32_t now_tick_ms)
 409:Core/Src/app_usart1.c **** {
 410:Core/Src/app_usart1.c ****   static uint32_t hb_tick = 0U;
 411:Core/Src/app_usart1.c ****   usart1_frame_msg_t msg;
ARM GAS  C:\Users\40918\AppData\Local\Temp\ccLLydfV.s 			page 39


 412:Core/Src/app_usart1.c ****   uint32_t now_ms;
 413:Core/Src/app_usart1.c **** 
 414:Core/Src/app_usart1.c ****   (void)now_tick_ms;
 415:Core/Src/app_usart1.c **** 
 416:Core/Src/app_usart1.c ****   if (ctx == NULL)
 417:Core/Src/app_usart1.c ****   {
 418:Core/Src/app_usart1.c ****     return;
 419:Core/Src/app_usart1.c ****   }
 420:Core/Src/app_usart1.c ****   now_ms = HAL_GetTick();
 421:Core/Src/app_usart1.c **** 
 422:Core/Src/app_usart1.c ****   if (s_start_sampling_pending != 0U)
 423:Core/Src/app_usart1.c ****   {
 424:Core/Src/app_usart1.c ****     s_start_sampling_pending = 0U;
 425:Core/Src/app_usart1.c ****     AppUsart1_SendStartSampling(ctx);
 426:Core/Src/app_usart1.c ****   }
 427:Core/Src/app_usart1.c **** 
 428:Core/Src/app_usart1.c ****   while ((ctx->q_rx_frames != NULL) && (osMessageQueueGet(ctx->q_rx_frames, &msg, NULL, 0U) == osOK
 429:Core/Src/app_usart1.c ****   {
 430:Core/Src/app_usart1.c ****     AppUsart1_HandleRxChunk(ctx, msg.payload, msg.length);
 431:Core/Src/app_usart1.c ****   }
 432:Core/Src/app_usart1.c **** 
 433:Core/Src/app_usart1.c ****   if (now_ms < s_last_sample_tick_ms)
 434:Core/Src/app_usart1.c ****   {
 435:Core/Src/app_usart1.c ****     s_last_sample_tick_ms = now_ms;
 436:Core/Src/app_usart1.c ****   }
 437:Core/Src/app_usart1.c **** 
 438:Core/Src/app_usart1.c ****   if ((s_sampling_active != 0U) && ((now_ms - s_last_sample_tick_ms) > USART1_RX_TIMEOUT_MS))
 439:Core/Src/app_usart1.c ****   {
 440:Core/Src/app_usart1.c ****     LOGE("[USART1] sample timeout last_tick=%lu now=%lu diff=%lu\r\n",
 441:Core/Src/app_usart1.c ****          (unsigned long)s_last_sample_tick_ms,
 442:Core/Src/app_usart1.c ****          (unsigned long)now_ms,
 443:Core/Src/app_usart1.c ****          (unsigned long)(now_ms - s_last_sample_tick_ms));
 444:Core/Src/app_usart1.c ****     if (s_timeout_retry_count < 0xFFU)
 445:Core/Src/app_usart1.c ****     {
 446:Core/Src/app_usart1.c ****       s_timeout_retry_count++;
 447:Core/Src/app_usart1.c ****     }
 448:Core/Src/app_usart1.c **** 
 449:Core/Src/app_usart1.c ****     if (s_timeout_retry_count <= USART1_TIMEOUT_RETRY_MAX)
 450:Core/Src/app_usart1.c ****     {
 451:Core/Src/app_usart1.c ****       uint16_t freq = AppUsart1_GetConfiguredFrequency(ctx);
 452:Core/Src/app_usart1.c ****       LOGE("[USART1] timeout recovery #%u: stop-setfreq-start freq=%u\r\n",
 453:Core/Src/app_usart1.c ****            (unsigned int)s_timeout_retry_count,
 454:Core/Src/app_usart1.c ****            (unsigned int)freq);
 455:Core/Src/app_usart1.c ****       AppUsart1_SendStopSamplingWithLog(ctx, "timeout-recovery");
 456:Core/Src/app_usart1.c ****       AppUsart1_DelayMs(USART1_RECOVERY_CMD_GAP_MS);
 457:Core/Src/app_usart1.c ****       AppUsart1_SendSetFrequencyWithLog(ctx, freq, "timeout-recovery");
 458:Core/Src/app_usart1.c ****       AppUsart1_DelayMs(USART1_RECOVERY_CMD_GAP_MS);
 459:Core/Src/app_usart1.c ****       AppUsart1_SendStartSamplingWithLog(ctx, "timeout-recovery");
 460:Core/Src/app_usart1.c ****       s_last_sample_tick_ms = now_ms;
 461:Core/Src/app_usart1.c ****     }
 462:Core/Src/app_usart1.c ****     else
 463:Core/Src/app_usart1.c ****     {
 464:Core/Src/app_usart1.c ****       LOGE("[USART1] sample timeout retry exceeded (%u), trigger rx interrupt handler\r\n",
 465:Core/Src/app_usart1.c ****            (unsigned int)s_timeout_retry_count);
 466:Core/Src/app_usart1.c ****       s_timeout_retry_count = 0U;
 467:Core/Src/app_usart1.c ****       AppUsart1_OnRxInterrupted(ctx);
 468:Core/Src/app_usart1.c ****       AppUsart1_DelayMs(USART1_RECOVERY_CMD_GAP_MS);
ARM GAS  C:\Users\40918\AppData\Local\Temp\ccLLydfV.s 			page 40


 469:Core/Src/app_usart1.c ****       AppUsart1_SendSetFrequencyWithLog(ctx, AppUsart1_GetConfiguredFrequency(ctx), "power-cycle-re
 470:Core/Src/app_usart1.c ****       AppUsart1_DelayMs(USART1_RECOVERY_CMD_GAP_MS);
 471:Core/Src/app_usart1.c ****       AppUsart1_SendStartSamplingWithLog(ctx, "power-cycle-recovery");
 472:Core/Src/app_usart1.c ****       s_last_sample_tick_ms = HAL_GetTick();
 473:Core/Src/app_usart1.c ****     }
 474:Core/Src/app_usart1.c ****   }
 475:Core/Src/app_usart1.c **** 
 476:Core/Src/app_usart1.c ****   if ((now_ms - hb_tick) >= USART1_HEARTBEAT_MS)
 477:Core/Src/app_usart1.c ****   {
 478:Core/Src/app_usart1.c ****     AppUsart1_LogFrame("tx-heartbeat", s_hb_frame, sizeof(s_hb_frame));
 479:Core/Src/app_usart1.c ****     (void)AppUsart1_SendFrameDma(ctx, s_hb_frame, sizeof(s_hb_frame), 100U);
 480:Core/Src/app_usart1.c ****     hb_tick = now_ms;
 481:Core/Src/app_usart1.c ****   }
 482:Core/Src/app_usart1.c **** }
 483:Core/Src/app_usart1.c **** 
 484:Core/Src/app_usart1.c **** void AppUsart1_OnTxCplt(const app_usart1_ctx_t *ctx)
 485:Core/Src/app_usart1.c **** {
 1490              		.loc 1 485 1 is_stmt 1 view -0
 1491              		.cfi_startproc
 1492              		@ args = 0, pretend = 0, frame = 0
 1493              		@ frame_needed = 0, uses_anonymous_args = 0
 1494              		@ link register save eliminated.
 486:Core/Src/app_usart1.c ****   (void)ctx;
 1495              		.loc 1 486 3 view .LVU417
 487:Core/Src/app_usart1.c ****   s_usart1_tx_done = 1U;
 1496              		.loc 1 487 3 view .LVU418
 1497              		.loc 1 487 20 is_stmt 0 view .LVU419
 1498 0000 014B     		ldr	r3, .L120
 1499 0002 0122     		movs	r2, #1
 1500 0004 1A70     		strb	r2, [r3]
 488:Core/Src/app_usart1.c **** }
 1501              		.loc 1 488 1 view .LVU420
 1502 0006 7047     		bx	lr
 1503              	.L121:
 1504              		.align	2
 1505              	.L120:
 1506 0008 00000000 		.word	s_usart1_tx_done
 1507              		.cfi_endproc
 1508              	.LFE254:
 1510              		.section	.rodata.AppUsart1_OnRxEvent.str1.4,"aMS",%progbits,1
 1511              		.align	2
 1512              	.LC13:
 1513 0000 5B555341 		.ascii	"[USART1] rx dma rearm failed ret=%ld state=%lu err="
 1513      5254315D 
 1513      20727820 
 1513      646D6120 
 1513      72656172 
 1514 0033 30782530 		.ascii	"0x%08lX\015\012\000"
 1514      386C580D 
 1514      0A00
 1515              		.section	.text.AppUsart1_OnRxEvent,"ax",%progbits
 1516              		.align	1
 1517              		.global	AppUsart1_OnRxEvent
 1518              		.syntax unified
 1519              		.thumb
 1520              		.thumb_func
 1522              	AppUsart1_OnRxEvent:
ARM GAS  C:\Users\40918\AppData\Local\Temp\ccLLydfV.s 			page 41


 1523              	.LVL136:
 1524              	.LFB255:
 489:Core/Src/app_usart1.c **** 
 490:Core/Src/app_usart1.c **** void AppUsart1_OnRxEvent(const app_usart1_ctx_t *ctx, uint16_t size)
 491:Core/Src/app_usart1.c **** {
 1525              		.loc 1 491 1 is_stmt 1 view -0
 1526              		.cfi_startproc
 1527              		@ args = 0, pretend = 0, frame = 136
 1528              		@ frame_needed = 0, uses_anonymous_args = 0
 492:Core/Src/app_usart1.c ****   usart1_frame_msg_t msg;
 1529              		.loc 1 492 3 view .LVU422
 493:Core/Src/app_usart1.c ****   HAL_StatusTypeDef rearm_ret;
 1530              		.loc 1 493 3 view .LVU423
 494:Core/Src/app_usart1.c ****   uint16_t curr_pos;
 1531              		.loc 1 494 3 view .LVU424
 495:Core/Src/app_usart1.c ****   uint16_t chunk_len;
 1532              		.loc 1 495 3 view .LVU425
 496:Core/Src/app_usart1.c ****   uint16_t first_len;
 1533              		.loc 1 496 3 view .LVU426
 497:Core/Src/app_usart1.c ****   uint16_t second_len;
 1534              		.loc 1 497 3 view .LVU427
 498:Core/Src/app_usart1.c ****   if ((ctx == NULL) || (ctx->rx_dma_buf == NULL) || (ctx->huart == NULL) || (ctx->hdma_rx == NULL))
 1535              		.loc 1 498 3 view .LVU428
 1536              		.loc 1 498 6 is_stmt 0 view .LVU429
 1537 0000 0028     		cmp	r0, #0
 1538 0002 73D0     		beq	.L138
 491:Core/Src/app_usart1.c ****   usart1_frame_msg_t msg;
 1539              		.loc 1 491 1 view .LVU430
 1540 0004 2DE9F043 		push	{r4, r5, r6, r7, r8, r9, lr}
 1541              	.LCFI25:
 1542              		.cfi_def_cfa_offset 28
 1543              		.cfi_offset 4, -28
 1544              		.cfi_offset 5, -24
 1545              		.cfi_offset 6, -20
 1546              		.cfi_offset 7, -16
 1547              		.cfi_offset 8, -12
 1548              		.cfi_offset 9, -8
 1549              		.cfi_offset 14, -4
 1550 0008 A3B0     		sub	sp, sp, #140
 1551              	.LCFI26:
 1552              		.cfi_def_cfa_offset 168
 1553 000a 0D46     		mov	r5, r1
 1554 000c 0446     		mov	r4, r0
 1555              		.loc 1 498 28 discriminator 1 view .LVU431
 1556 000e 8168     		ldr	r1, [r0, #8]
 1557              	.LVL137:
 1558              		.loc 1 498 21 discriminator 1 view .LVU432
 1559 0010 0029     		cmp	r1, #0
 1560 0012 3AD0     		beq	.L122
 1561              		.loc 1 498 57 discriminator 2 view .LVU433
 1562 0014 0368     		ldr	r3, [r0]
 1563              		.loc 1 498 50 discriminator 2 view .LVU434
 1564 0016 002B     		cmp	r3, #0
 1565 0018 37D0     		beq	.L122
 1566              		.loc 1 498 81 discriminator 3 view .LVU435
 1567 001a 4368     		ldr	r3, [r0, #4]
 1568              		.loc 1 498 74 discriminator 3 view .LVU436
ARM GAS  C:\Users\40918\AppData\Local\Temp\ccLLydfV.s 			page 42


 1569 001c 002B     		cmp	r3, #0
 1570 001e 34D0     		beq	.L122
 499:Core/Src/app_usart1.c ****   {
 500:Core/Src/app_usart1.c ****     return;
 501:Core/Src/app_usart1.c ****   }
 502:Core/Src/app_usart1.c ****   if ((size > 0U) && (size <= ctx->rx_dma_buf_size))
 1571              		.loc 1 502 3 is_stmt 1 view .LVU437
 1572              		.loc 1 502 6 is_stmt 0 view .LVU438
 1573 0020 25B3     		cbz	r5, .L126
 1574              		.loc 1 502 34 discriminator 1 view .LVU439
 1575 0022 8789     		ldrh	r7, [r0, #12]
 1576              		.loc 1 502 19 discriminator 1 view .LVU440
 1577 0024 AF42     		cmp	r7, r5
 1578 0026 21D3     		bcc	.L126
 503:Core/Src/app_usart1.c ****   {
 504:Core/Src/app_usart1.c ****     curr_pos = size;
 1579              		.loc 1 504 5 is_stmt 1 view .LVU441
 1580              	.LVL138:
 505:Core/Src/app_usart1.c ****     if (curr_pos == s_rx_dma_last_pos)
 1581              		.loc 1 505 5 view .LVU442
 1582              		.loc 1 505 18 is_stmt 0 view .LVU443
 1583 0028 314B     		ldr	r3, .L142
 1584 002a 1E88     		ldrh	r6, [r3]
 1585              		.loc 1 505 8 view .LVU444
 1586 002c AE42     		cmp	r6, r5
 1587 002e 1DD0     		beq	.L126
 506:Core/Src/app_usart1.c ****     {
 507:Core/Src/app_usart1.c ****       goto rearm_dma;
 508:Core/Src/app_usart1.c ****     }
 509:Core/Src/app_usart1.c **** 
 510:Core/Src/app_usart1.c ****     if (curr_pos > s_rx_dma_last_pos)
 1588              		.loc 1 510 5 is_stmt 1 view .LVU445
 1589              		.loc 1 510 8 is_stmt 0 view .LVU446
 1590 0030 2ED2     		bcs	.L127
 511:Core/Src/app_usart1.c ****     {
 512:Core/Src/app_usart1.c ****       chunk_len = (uint16_t)(curr_pos - s_rx_dma_last_pos);
 1591              		.loc 1 512 7 is_stmt 1 view .LVU447
 1592              		.loc 1 512 17 is_stmt 0 view .LVU448
 1593 0032 AF1B     		subs	r7, r5, r6
 1594 0034 BFB2     		uxth	r7, r7
 1595              	.LVL139:
 513:Core/Src/app_usart1.c ****       if (chunk_len > sizeof(msg.payload))
 1596              		.loc 1 513 7 is_stmt 1 view .LVU449
 1597              		.loc 1 513 10 is_stmt 0 view .LVU450
 1598 0036 802F     		cmp	r7, #128
 1599 0038 00D9     		bls	.L128
 514:Core/Src/app_usart1.c ****       {
 515:Core/Src/app_usart1.c ****         chunk_len = (uint16_t)sizeof(msg.payload);
 1600              		.loc 1 515 19 view .LVU451
 1601 003a 8027     		movs	r7, #128
 1602              	.LVL140:
 1603              	.L128:
 516:Core/Src/app_usart1.c ****       }
 517:Core/Src/app_usart1.c ****       memcpy(msg.payload, &ctx->rx_dma_buf[s_rx_dma_last_pos], chunk_len);
 1604              		.loc 1 517 7 is_stmt 1 view .LVU452
 1605 003c 3A46     		mov	r2, r7
 1606 003e 3144     		add	r1, r1, r6
ARM GAS  C:\Users\40918\AppData\Local\Temp\ccLLydfV.s 			page 43


 1607 0040 01A8     		add	r0, sp, #4
 1608              	.LVL141:
 1609              		.loc 1 517 7 is_stmt 0 view .LVU453
 1610 0042 FFF7FEFF 		bl	memcpy
 1611              	.LVL142:
 518:Core/Src/app_usart1.c ****       msg.length = chunk_len;
 1612              		.loc 1 518 7 is_stmt 1 view .LVU454
 1613              		.loc 1 518 18 is_stmt 0 view .LVU455
 1614 0046 ADF88470 		strh	r7, [sp, #132]	@ movhi
 1615              	.LVL143:
 1616              	.L129:
 519:Core/Src/app_usart1.c ****     }
 520:Core/Src/app_usart1.c ****     else
 521:Core/Src/app_usart1.c ****     {
 522:Core/Src/app_usart1.c ****       first_len = (uint16_t)(ctx->rx_dma_buf_size - s_rx_dma_last_pos);
 523:Core/Src/app_usart1.c ****       second_len = curr_pos;
 524:Core/Src/app_usart1.c ****       chunk_len = (uint16_t)(first_len + second_len);
 525:Core/Src/app_usart1.c ****       if (chunk_len > sizeof(msg.payload))
 526:Core/Src/app_usart1.c ****       {
 527:Core/Src/app_usart1.c ****         chunk_len = (uint16_t)sizeof(msg.payload);
 528:Core/Src/app_usart1.c ****       }
 529:Core/Src/app_usart1.c **** 
 530:Core/Src/app_usart1.c ****       if (chunk_len <= first_len)
 531:Core/Src/app_usart1.c ****       {
 532:Core/Src/app_usart1.c ****         memcpy(msg.payload, &ctx->rx_dma_buf[s_rx_dma_last_pos], chunk_len);
 533:Core/Src/app_usart1.c ****       }
 534:Core/Src/app_usart1.c ****       else
 535:Core/Src/app_usart1.c ****       {
 536:Core/Src/app_usart1.c ****         memcpy(msg.payload, &ctx->rx_dma_buf[s_rx_dma_last_pos], first_len);
 537:Core/Src/app_usart1.c ****         memcpy(&msg.payload[first_len], &ctx->rx_dma_buf[0], (uint16_t)(chunk_len - first_len));
 538:Core/Src/app_usart1.c ****       }
 539:Core/Src/app_usart1.c ****       msg.length = chunk_len;
 540:Core/Src/app_usart1.c ****     }
 541:Core/Src/app_usart1.c **** 
 542:Core/Src/app_usart1.c ****     s_rx_dma_last_pos = curr_pos;
 1617              		.loc 1 542 5 is_stmt 1 view .LVU456
 1618              		.loc 1 542 23 is_stmt 0 view .LVU457
 1619 004a 294B     		ldr	r3, .L142
 1620 004c 1D80     		strh	r5, [r3]	@ movhi
 543:Core/Src/app_usart1.c ****     if (ctx->diag != NULL) { ctx->diag->uart1_rx_frames++; }
 1621              		.loc 1 543 5 is_stmt 1 view .LVU458
 1622              		.loc 1 543 12 is_stmt 0 view .LVU459
 1623 004e 236A     		ldr	r3, [r4, #32]
 1624              		.loc 1 543 8 view .LVU460
 1625 0050 13B1     		cbz	r3, .L133
 1626              		.loc 1 543 30 is_stmt 1 discriminator 1 view .LVU461
 1627              		.loc 1 543 39 is_stmt 0 discriminator 1 view .LVU462
 1628 0052 1A68     		ldr	r2, [r3]
 1629              		.loc 1 543 56 discriminator 1 view .LVU463
 1630 0054 0132     		adds	r2, r2, #1
 1631 0056 1A60     		str	r2, [r3]
 1632              	.LVL144:
 1633              	.L133:
 544:Core/Src/app_usart1.c ****     msg.timestamp_ms = HAL_GetTick();
 1634              		.loc 1 544 5 is_stmt 1 view .LVU464
 1635              		.loc 1 544 24 is_stmt 0 view .LVU465
 1636 0058 FFF7FEFF 		bl	HAL_GetTick
ARM GAS  C:\Users\40918\AppData\Local\Temp\ccLLydfV.s 			page 44


 1637              	.LVL145:
 1638              		.loc 1 544 22 discriminator 1 view .LVU466
 1639 005c 0090     		str	r0, [sp]
 545:Core/Src/app_usart1.c ****     U1LOGI("[USART1] rx event size=%u tick=%lu\r\n",
 1640              		.loc 1 545 5 is_stmt 1 view .LVU467
 1641              		.loc 1 545 5 view .LVU468
 1642              		.loc 1 545 5 view .LVU469
 546:Core/Src/app_usart1.c ****          (unsigned int)msg.length,
 547:Core/Src/app_usart1.c ****          (unsigned long)msg.timestamp_ms);
 548:Core/Src/app_usart1.c ****     AppUsart1_LogFrame("rx-event", msg.payload, msg.length);
 1643              		.loc 1 548 5 view .LVU470
 549:Core/Src/app_usart1.c ****     if (ctx->q_rx_frames != NULL)
 1644              		.loc 1 549 5 view .LVU471
 1645              		.loc 1 549 12 is_stmt 0 view .LVU472
 1646 005e 2069     		ldr	r0, [r4, #16]
 1647              		.loc 1 549 8 view .LVU473
 1648 0060 20B1     		cbz	r0, .L126
 550:Core/Src/app_usart1.c ****     {
 551:Core/Src/app_usart1.c ****       (void)osMessageQueuePut(ctx->q_rx_frames, &msg, 0U, 0U);
 1649              		.loc 1 551 7 is_stmt 1 view .LVU474
 1650              		.loc 1 551 13 is_stmt 0 view .LVU475
 1651 0062 0023     		movs	r3, #0
 1652 0064 1A46     		mov	r2, r3
 1653 0066 6946     		mov	r1, sp
 1654 0068 FFF7FEFF 		bl	osMessageQueuePut
 1655              	.LVL146:
 1656              	.L126:
 552:Core/Src/app_usart1.c ****     }
 553:Core/Src/app_usart1.c ****   }
 554:Core/Src/app_usart1.c **** rearm_dma:
 555:Core/Src/app_usart1.c ****   rearm_ret = HAL_UARTEx_ReceiveToIdle_DMA(ctx->huart, ctx->rx_dma_buf, ctx->rx_dma_buf_size);
 1657              		.loc 1 555 3 is_stmt 1 view .LVU476
 1658              		.loc 1 555 15 is_stmt 0 view .LVU477
 1659 006c A289     		ldrh	r2, [r4, #12]
 1660 006e A168     		ldr	r1, [r4, #8]
 1661 0070 2068     		ldr	r0, [r4]
 1662 0072 FFF7FEFF 		bl	HAL_UARTEx_ReceiveToIdle_DMA
 1663              	.LVL147:
 556:Core/Src/app_usart1.c ****   if ((rearm_ret != HAL_OK) && (rearm_ret != HAL_BUSY))
 1664              		.loc 1 556 3 is_stmt 1 view .LVU478
 1665              		.loc 1 556 6 is_stmt 0 view .LVU479
 1666 0076 0146     		mov	r1, r0
 1667 0078 08B1     		cbz	r0, .L134
 1668              		.loc 1 556 29 discriminator 1 view .LVU480
 1669 007a 0228     		cmp	r0, #2
 1670 007c 2ED1     		bne	.L141
 1671              	.LVL148:
 1672              	.L134:
 557:Core/Src/app_usart1.c ****   {
 558:Core/Src/app_usart1.c ****     LOGE("[USART1] rx dma rearm failed ret=%ld state=%lu err=0x%08lX\r\n",
 559:Core/Src/app_usart1.c ****          (long)rearm_ret,
 560:Core/Src/app_usart1.c ****          (unsigned long)ctx->huart->RxState,
 561:Core/Src/app_usart1.c ****          (unsigned long)ctx->huart->ErrorCode);
 562:Core/Src/app_usart1.c ****   }
 563:Core/Src/app_usart1.c ****   __HAL_DMA_DISABLE_IT(ctx->hdma_rx, DMA_IT_HT);
 1673              		.loc 1 563 3 is_stmt 1 view .LVU481
 1674 007e 6368     		ldr	r3, [r4, #4]
ARM GAS  C:\Users\40918\AppData\Local\Temp\ccLLydfV.s 			page 45


 1675 0080 1A68     		ldr	r2, [r3]
 1676 0082 1368     		ldr	r3, [r2]
 1677 0084 23F00803 		bic	r3, r3, #8
 1678 0088 1360     		str	r3, [r2]
 1679              	.LVL149:
 1680              	.L122:
 564:Core/Src/app_usart1.c **** }
 1681              		.loc 1 564 1 is_stmt 0 view .LVU482
 1682 008a 23B0     		add	sp, sp, #140
 1683              	.LCFI27:
 1684              		.cfi_remember_state
 1685              		.cfi_def_cfa_offset 28
 1686              		@ sp needed
 1687 008c BDE8F083 		pop	{r4, r5, r6, r7, r8, r9, pc}
 1688              	.LVL150:
 1689              	.L127:
 1690              	.LCFI28:
 1691              		.cfi_restore_state
 522:Core/Src/app_usart1.c ****       second_len = curr_pos;
 1692              		.loc 1 522 7 is_stmt 1 view .LVU483
 522:Core/Src/app_usart1.c ****       second_len = curr_pos;
 1693              		.loc 1 522 17 is_stmt 0 view .LVU484
 1694 0090 A7EB0609 		sub	r9, r7, r6
 1695 0094 1FFA89F9 		uxth	r9, r9
 1696              	.LVL151:
 523:Core/Src/app_usart1.c ****       chunk_len = (uint16_t)(first_len + second_len);
 1697              		.loc 1 523 7 is_stmt 1 view .LVU485
 524:Core/Src/app_usart1.c ****       if (chunk_len > sizeof(msg.payload))
 1698              		.loc 1 524 7 view .LVU486
 524:Core/Src/app_usart1.c ****       if (chunk_len > sizeof(msg.payload))
 1699              		.loc 1 524 17 is_stmt 0 view .LVU487
 1700 0098 05EB0908 		add	r8, r5, r9
 1701 009c 1FFA88F8 		uxth	r8, r8
 1702              	.LVL152:
 525:Core/Src/app_usart1.c ****       {
 1703              		.loc 1 525 7 is_stmt 1 view .LVU488
 525:Core/Src/app_usart1.c ****       {
 1704              		.loc 1 525 10 is_stmt 0 view .LVU489
 1705 00a0 B8F1800F 		cmp	r8, #128
 1706 00a4 01D9     		bls	.L130
 527:Core/Src/app_usart1.c ****       }
 1707              		.loc 1 527 19 view .LVU490
 1708 00a6 4FF08008 		mov	r8, #128
 1709              	.LVL153:
 1710              	.L130:
 530:Core/Src/app_usart1.c ****       {
 1711              		.loc 1 530 7 is_stmt 1 view .LVU491
 530:Core/Src/app_usart1.c ****       {
 1712              		.loc 1 530 10 is_stmt 0 view .LVU492
 1713 00aa C845     		cmp	r8, r9
 1714 00ac 07D8     		bhi	.L131
 532:Core/Src/app_usart1.c ****       }
 1715              		.loc 1 532 9 is_stmt 1 view .LVU493
 1716 00ae 4246     		mov	r2, r8
 1717 00b0 3144     		add	r1, r1, r6
 1718 00b2 01A8     		add	r0, sp, #4
 1719              	.LVL154:
ARM GAS  C:\Users\40918\AppData\Local\Temp\ccLLydfV.s 			page 46


 532:Core/Src/app_usart1.c ****       }
 1720              		.loc 1 532 9 is_stmt 0 view .LVU494
 1721 00b4 FFF7FEFF 		bl	memcpy
 1722              	.LVL155:
 1723              	.L132:
 539:Core/Src/app_usart1.c ****     }
 1724              		.loc 1 539 7 is_stmt 1 view .LVU495
 539:Core/Src/app_usart1.c ****     }
 1725              		.loc 1 539 18 is_stmt 0 view .LVU496
 1726 00b8 ADF88480 		strh	r8, [sp, #132]	@ movhi
 1727 00bc C5E7     		b	.L129
 1728              	.LVL156:
 1729              	.L131:
 536:Core/Src/app_usart1.c ****         memcpy(&msg.payload[first_len], &ctx->rx_dma_buf[0], (uint16_t)(chunk_len - first_len));
 1730              		.loc 1 536 9 is_stmt 1 view .LVU497
 1731 00be 4A46     		mov	r2, r9
 1732 00c0 3144     		add	r1, r1, r6
 1733 00c2 01A8     		add	r0, sp, #4
 1734              	.LVL157:
 536:Core/Src/app_usart1.c ****         memcpy(&msg.payload[first_len], &ctx->rx_dma_buf[0], (uint16_t)(chunk_len - first_len));
 1735              		.loc 1 536 9 is_stmt 0 view .LVU498
 1736 00c4 FFF7FEFF 		bl	memcpy
 1737              	.LVL158:
 537:Core/Src/app_usart1.c ****       }
 1738              		.loc 1 537 9 is_stmt 1 view .LVU499
 537:Core/Src/app_usart1.c ****       }
 1739              		.loc 1 537 16 is_stmt 0 view .LVU500
 1740 00c8 0DEB0900 		add	r0, sp, r9
 537:Core/Src/app_usart1.c ****       }
 1741              		.loc 1 537 62 view .LVU501
 1742 00cc F21B     		subs	r2, r6, r7
 1743 00ce 4244     		add	r2, r2, r8
 537:Core/Src/app_usart1.c ****       }
 1744              		.loc 1 537 9 view .LVU502
 1745 00d0 92B2     		uxth	r2, r2
 1746 00d2 A168     		ldr	r1, [r4, #8]
 1747 00d4 0430     		adds	r0, r0, #4
 1748 00d6 FFF7FEFF 		bl	memcpy
 1749              	.LVL159:
 1750 00da EDE7     		b	.L132
 1751              	.LVL160:
 1752              	.L141:
 1753              	.LBB11:
 558:Core/Src/app_usart1.c ****          (long)rearm_ret,
 1754              		.loc 1 558 5 is_stmt 1 view .LVU503
 1755 00dc 2368     		ldr	r3, [r4]
 1756 00de 93F84220 		ldrb	r2, [r3, #66]	@ zero_extendqisi2
 1757 00e2 5B6C     		ldr	r3, [r3, #68]
 1758 00e4 0348     		ldr	r0, .L142+4
 1759              	.LVL161:
 558:Core/Src/app_usart1.c ****          (long)rearm_ret,
 1760              		.loc 1 558 5 is_stmt 0 view .LVU504
 1761 00e6 FFF7FEFF 		bl	printf
 1762              	.LVL162:
 558:Core/Src/app_usart1.c ****          (long)rearm_ret,
 1763              		.loc 1 558 5 view .LVU505
 1764 00ea C8E7     		b	.L134
ARM GAS  C:\Users\40918\AppData\Local\Temp\ccLLydfV.s 			page 47


 1765              	.LVL163:
 1766              	.L138:
 1767              	.LCFI29:
 1768              		.cfi_def_cfa_offset 0
 1769              		.cfi_restore 4
 1770              		.cfi_restore 5
 1771              		.cfi_restore 6
 1772              		.cfi_restore 7
 1773              		.cfi_restore 8
 1774              		.cfi_restore 9
 1775              		.cfi_restore 14
 558:Core/Src/app_usart1.c ****          (long)rearm_ret,
 1776              		.loc 1 558 5 view .LVU506
 1777 00ec 7047     		bx	lr
 1778              	.L143:
 1779 00ee 00BF     		.align	2
 1780              	.L142:
 1781 00f0 00000000 		.word	s_rx_dma_last_pos
 1782 00f4 00000000 		.word	.LC13
 1783              	.LBE11:
 1784              		.cfi_endproc
 1785              	.LFE255:
 1787              		.section	.rodata.AppUsart1_OnError.str1.4,"aMS",%progbits,1
 1788              		.align	2
 1789              	.LC14:
 1790 0000 5B555341 		.ascii	"[USART1] uart error err=0x%08lX\015\012\000"
 1790      5254315D 
 1790      20756172 
 1790      74206572 
 1790      726F7220 
 1791 0022 0000     		.align	2
 1792              	.LC15:
 1793 0024 5B555341 		.ascii	"[USART1] rx dma recover failed err=0x%08lX\015\012\000"
 1793      5254315D 
 1793      20727820 
 1793      646D6120 
 1793      7265636F 
 1794              		.section	.text.AppUsart1_OnError,"ax",%progbits
 1795              		.align	1
 1796              		.global	AppUsart1_OnError
 1797              		.syntax unified
 1798              		.thumb
 1799              		.thumb_func
 1801              	AppUsart1_OnError:
 1802              	.LVL164:
 1803              	.LFB256:
 565:Core/Src/app_usart1.c **** 
 566:Core/Src/app_usart1.c **** void AppUsart1_OnError(const app_usart1_ctx_t *ctx)
 567:Core/Src/app_usart1.c **** {
 1804              		.loc 1 567 1 is_stmt 1 view -0
 1805              		.cfi_startproc
 1806              		@ args = 0, pretend = 0, frame = 0
 1807              		@ frame_needed = 0, uses_anonymous_args = 0
 568:Core/Src/app_usart1.c ****   if ((ctx == NULL) || (ctx->huart == NULL) || (ctx->hdma_rx == NULL) || (ctx->rx_dma_buf == NULL))
 1808              		.loc 1 568 3 view .LVU508
 1809              		.loc 1 568 6 is_stmt 0 view .LVU509
 1810 0000 F0B1     		cbz	r0, .L148
ARM GAS  C:\Users\40918\AppData\Local\Temp\ccLLydfV.s 			page 48


 567:Core/Src/app_usart1.c ****   if ((ctx == NULL) || (ctx->huart == NULL) || (ctx->hdma_rx == NULL) || (ctx->rx_dma_buf == NULL))
 1811              		.loc 1 567 1 view .LVU510
 1812 0002 10B5     		push	{r4, lr}
 1813              	.LCFI30:
 1814              		.cfi_def_cfa_offset 8
 1815              		.cfi_offset 4, -8
 1816              		.cfi_offset 14, -4
 1817 0004 0446     		mov	r4, r0
 1818              		.loc 1 568 28 discriminator 1 view .LVU511
 1819 0006 0368     		ldr	r3, [r0]
 1820              		.loc 1 568 21 discriminator 1 view .LVU512
 1821 0008 9BB1     		cbz	r3, .L144
 1822              		.loc 1 568 52 discriminator 2 view .LVU513
 1823 000a 4268     		ldr	r2, [r0, #4]
 1824              		.loc 1 568 45 discriminator 2 view .LVU514
 1825 000c 8AB1     		cbz	r2, .L144
 1826              		.loc 1 568 78 discriminator 3 view .LVU515
 1827 000e 8268     		ldr	r2, [r0, #8]
 1828              		.loc 1 568 71 discriminator 3 view .LVU516
 1829 0010 7AB1     		cbz	r2, .L144
 569:Core/Src/app_usart1.c ****   {
 570:Core/Src/app_usart1.c ****     return;
 571:Core/Src/app_usart1.c ****   }
 572:Core/Src/app_usart1.c ****   LOGE("[USART1] uart error err=0x%08lX\r\n", (unsigned long)ctx->huart->ErrorCode);
 1830              		.loc 1 572 3 is_stmt 1 view .LVU517
 1831 0012 596C     		ldr	r1, [r3, #68]
 1832 0014 0B48     		ldr	r0, .L152
 1833              	.LVL165:
 1834              		.loc 1 572 3 is_stmt 0 view .LVU518
 1835 0016 FFF7FEFF 		bl	printf
 1836              	.LVL166:
 573:Core/Src/app_usart1.c ****   if (HAL_UARTEx_ReceiveToIdle_DMA(ctx->huart, ctx->rx_dma_buf, ctx->rx_dma_buf_size) != HAL_OK)
 1837              		.loc 1 573 3 is_stmt 1 view .LVU519
 1838              		.loc 1 573 7 is_stmt 0 view .LVU520
 1839 001a A289     		ldrh	r2, [r4, #12]
 1840 001c A168     		ldr	r1, [r4, #8]
 1841 001e 2068     		ldr	r0, [r4]
 1842 0020 FFF7FEFF 		bl	HAL_UARTEx_ReceiveToIdle_DMA
 1843              	.LVL167:
 1844              		.loc 1 573 6 discriminator 1 view .LVU521
 1845 0024 30B9     		cbnz	r0, .L151
 1846              	.L146:
 574:Core/Src/app_usart1.c ****   {
 575:Core/Src/app_usart1.c ****     LOGE("[USART1] rx dma recover failed err=0x%08lX\r\n", (unsigned long)ctx->huart->ErrorCode);
 576:Core/Src/app_usart1.c ****   }
 577:Core/Src/app_usart1.c ****   __HAL_DMA_DISABLE_IT(ctx->hdma_rx, DMA_IT_HT);
 1847              		.loc 1 577 3 is_stmt 1 view .LVU522
 1848 0026 6368     		ldr	r3, [r4, #4]
 1849 0028 1A68     		ldr	r2, [r3]
 1850 002a 1368     		ldr	r3, [r2]
 1851 002c 23F00803 		bic	r3, r3, #8
 1852 0030 1360     		str	r3, [r2]
 1853              	.L144:
 578:Core/Src/app_usart1.c **** }
 1854              		.loc 1 578 1 is_stmt 0 view .LVU523
 1855 0032 10BD     		pop	{r4, pc}
 1856              	.LVL168:
ARM GAS  C:\Users\40918\AppData\Local\Temp\ccLLydfV.s 			page 49


 1857              	.L151:
 575:Core/Src/app_usart1.c ****   }
 1858              		.loc 1 575 5 is_stmt 1 view .LVU524
 1859 0034 2368     		ldr	r3, [r4]
 1860 0036 596C     		ldr	r1, [r3, #68]
 1861 0038 0348     		ldr	r0, .L152+4
 1862 003a FFF7FEFF 		bl	printf
 1863              	.LVL169:
 1864 003e F2E7     		b	.L146
 1865              	.LVL170:
 1866              	.L148:
 1867              	.LCFI31:
 1868              		.cfi_def_cfa_offset 0
 1869              		.cfi_restore 4
 1870              		.cfi_restore 14
 575:Core/Src/app_usart1.c ****   }
 1871              		.loc 1 575 5 is_stmt 0 view .LVU525
 1872 0040 7047     		bx	lr
 1873              	.L153:
 1874 0042 00BF     		.align	2
 1875              	.L152:
 1876 0044 00000000 		.word	.LC14
 1877 0048 24000000 		.word	.LC15
 1878              		.cfi_endproc
 1879              	.LFE256:
 1881              		.section	.rodata.AppUsart1_SendStartSampling.str1.4,"aMS",%progbits,1
 1882              		.align	2
 1883              	.LC16:
 1884 0000 5B555341 		.ascii	"[USART1] start sampling failed ret=%ld\015\012\000"
 1884      5254315D 
 1884      20737461 
 1884      72742073 
 1884      616D706C 
 1885              		.section	.text.AppUsart1_SendStartSampling,"ax",%progbits
 1886              		.align	1
 1887              		.global	AppUsart1_SendStartSampling
 1888              		.syntax unified
 1889              		.thumb
 1890              		.thumb_func
 1892              	AppUsart1_SendStartSampling:
 1893              	.LVL171:
 1894              	.LFB257:
 579:Core/Src/app_usart1.c **** 
 580:Core/Src/app_usart1.c **** void AppUsart1_SendStartSampling(const app_usart1_ctx_t *ctx)
 581:Core/Src/app_usart1.c **** {
 1895              		.loc 1 581 1 is_stmt 1 view -0
 1896              		.cfi_startproc
 1897              		@ args = 0, pretend = 0, frame = 16
 1898              		@ frame_needed = 0, uses_anonymous_args = 0
 1899              		.loc 1 581 1 is_stmt 0 view .LVU527
 1900 0000 30B5     		push	{r4, r5, lr}
 1901              	.LCFI32:
 1902              		.cfi_def_cfa_offset 12
 1903              		.cfi_offset 4, -12
 1904              		.cfi_offset 5, -8
 1905              		.cfi_offset 14, -4
 1906 0002 87B0     		sub	sp, sp, #28
ARM GAS  C:\Users\40918\AppData\Local\Temp\ccLLydfV.s 			page 50


 1907              	.LCFI33:
 1908              		.cfi_def_cfa_offset 40
 1909 0004 0446     		mov	r4, r0
 582:Core/Src/app_usart1.c ****   uint8_t frame[9];
 1910              		.loc 1 582 3 is_stmt 1 view .LVU528
 583:Core/Src/app_usart1.c ****   HAL_StatusTypeDef ret;
 1911              		.loc 1 583 3 view .LVU529
 584:Core/Src/app_usart1.c ****   AppUsart1_BuildFrame(0x01U, 0x03U, 0x00U, 0x01U, frame);
 1912              		.loc 1 584 3 view .LVU530
 1913 0006 03AD     		add	r5, sp, #12
 1914 0008 0095     		str	r5, [sp]
 1915 000a 0123     		movs	r3, #1
 1916 000c 0022     		movs	r2, #0
 1917 000e 0321     		movs	r1, #3
 1918 0010 1846     		mov	r0, r3
 1919              	.LVL172:
 1920              		.loc 1 584 3 is_stmt 0 view .LVU531
 1921 0012 FFF7FEFF 		bl	AppUsart1_BuildFrame
 1922              	.LVL173:
 585:Core/Src/app_usart1.c ****   AppUsart1_LogFrame("tx-start-sampling", frame, sizeof(frame));
 1923              		.loc 1 585 3 is_stmt 1 view .LVU532
 586:Core/Src/app_usart1.c ****   ret = AppUsart1_SendFrameDma(ctx, frame, sizeof(frame), 100U);
 1924              		.loc 1 586 3 view .LVU533
 1925              		.loc 1 586 9 is_stmt 0 view .LVU534
 1926 0016 6423     		movs	r3, #100
 1927 0018 0922     		movs	r2, #9
 1928 001a 2946     		mov	r1, r5
 1929 001c 2046     		mov	r0, r4
 1930 001e FFF7FEFF 		bl	AppUsart1_SendFrameDma
 1931              	.LVL174:
 587:Core/Src/app_usart1.c ****   U1LOGI("[USART1] start sampling tx ret=%ld\r\n", (long)ret);
 1932              		.loc 1 587 3 is_stmt 1 view .LVU535
 1933              		.loc 1 587 3 view .LVU536
 1934              		.loc 1 587 3 view .LVU537
 588:Core/Src/app_usart1.c ****   if (ret == HAL_OK)
 1935              		.loc 1 588 3 view .LVU538
 1936              		.loc 1 588 6 is_stmt 0 view .LVU539
 1937 0022 88B9     		cbnz	r0, .L155
 589:Core/Src/app_usart1.c ****   {
 590:Core/Src/app_usart1.c ****     s_sampling_active = 1U;
 1938              		.loc 1 590 5 is_stmt 1 view .LVU540
 1939              		.loc 1 590 23 is_stmt 0 view .LVU541
 1940 0024 0C4B     		ldr	r3, .L158
 1941 0026 0122     		movs	r2, #1
 1942 0028 1A70     		strb	r2, [r3]
 591:Core/Src/app_usart1.c ****     s_last_sample_tick_ms = HAL_GetTick();
 1943              		.loc 1 591 5 is_stmt 1 view .LVU542
 1944              		.loc 1 591 29 is_stmt 0 view .LVU543
 1945 002a FFF7FEFF 		bl	HAL_GetTick
 1946              	.LVL175:
 1947              		.loc 1 591 27 discriminator 1 view .LVU544
 1948 002e 0B4B     		ldr	r3, .L158+4
 1949 0030 1860     		str	r0, [r3]
 592:Core/Src/app_usart1.c ****     s_frame_no_inited = 0U;
 1950              		.loc 1 592 5 is_stmt 1 view .LVU545
 1951              		.loc 1 592 23 is_stmt 0 view .LVU546
 1952 0032 0023     		movs	r3, #0
ARM GAS  C:\Users\40918\AppData\Local\Temp\ccLLydfV.s 			page 51


 1953 0034 0A4A     		ldr	r2, .L158+8
 1954 0036 1370     		strb	r3, [r2]
 593:Core/Src/app_usart1.c ****     s_last_frame_no = 0U;
 1955              		.loc 1 593 5 is_stmt 1 view .LVU547
 1956              		.loc 1 593 21 is_stmt 0 view .LVU548
 1957 0038 0A4A     		ldr	r2, .L158+12
 1958 003a 1380     		strh	r3, [r2]	@ movhi
 594:Core/Src/app_usart1.c ****     s_sample_log_counter = 0U;
 1959              		.loc 1 594 5 is_stmt 1 view .LVU549
 1960              		.loc 1 594 26 is_stmt 0 view .LVU550
 1961 003c 0A4A     		ldr	r2, .L158+16
 1962 003e 1360     		str	r3, [r2]
 595:Core/Src/app_usart1.c ****     s_rx_accum_len = 0U;
 1963              		.loc 1 595 5 is_stmt 1 view .LVU551
 1964              		.loc 1 595 20 is_stmt 0 view .LVU552
 1965 0040 0A4A     		ldr	r2, .L158+20
 1966 0042 1380     		strh	r3, [r2]	@ movhi
 596:Core/Src/app_usart1.c ****     U1LOGI("[USART1] sampling active from boot/init\r\n");
 1967              		.loc 1 596 5 is_stmt 1 view .LVU553
 1968              		.loc 1 596 5 view .LVU554
 1969              		.loc 1 596 5 view .LVU555
 1970              	.L154:
 597:Core/Src/app_usart1.c ****   }
 598:Core/Src/app_usart1.c ****   else
 599:Core/Src/app_usart1.c ****   {
 600:Core/Src/app_usart1.c ****     s_sampling_active = 0U;
 601:Core/Src/app_usart1.c ****     LOGE("[USART1] start sampling failed ret=%ld\r\n", (long)ret);
 602:Core/Src/app_usart1.c ****   }
 603:Core/Src/app_usart1.c **** }
 1971              		.loc 1 603 1 is_stmt 0 view .LVU556
 1972 0044 07B0     		add	sp, sp, #28
 1973              	.LCFI34:
 1974              		.cfi_remember_state
 1975              		.cfi_def_cfa_offset 12
 1976              		@ sp needed
 1977 0046 30BD     		pop	{r4, r5, pc}
 1978              	.LVL176:
 1979              	.L155:
 1980              	.LCFI35:
 1981              		.cfi_restore_state
 1982              		.loc 1 603 1 view .LVU557
 1983 0048 0146     		mov	r1, r0
 1984              	.LBB12:
 600:Core/Src/app_usart1.c ****     LOGE("[USART1] start sampling failed ret=%ld\r\n", (long)ret);
 1985              		.loc 1 600 5 is_stmt 1 view .LVU558
 600:Core/Src/app_usart1.c ****     LOGE("[USART1] start sampling failed ret=%ld\r\n", (long)ret);
 1986              		.loc 1 600 23 is_stmt 0 view .LVU559
 1987 004a 034B     		ldr	r3, .L158
 1988 004c 0022     		movs	r2, #0
 1989 004e 1A70     		strb	r2, [r3]
 601:Core/Src/app_usart1.c ****   }
 1990              		.loc 1 601 5 is_stmt 1 view .LVU560
 1991 0050 0748     		ldr	r0, .L158+24
 1992              	.LVL177:
 601:Core/Src/app_usart1.c ****   }
 1993              		.loc 1 601 5 is_stmt 0 view .LVU561
 1994 0052 FFF7FEFF 		bl	printf
ARM GAS  C:\Users\40918\AppData\Local\Temp\ccLLydfV.s 			page 52


 1995              	.LVL178:
 1996              	.LBE12:
 1997              		.loc 1 603 1 view .LVU562
 1998 0056 F5E7     		b	.L154
 1999              	.L159:
 2000              		.align	2
 2001              	.L158:
 2002 0058 00000000 		.word	s_sampling_active
 2003 005c 00000000 		.word	s_last_sample_tick_ms
 2004 0060 00000000 		.word	s_frame_no_inited
 2005 0064 00000000 		.word	s_last_frame_no
 2006 0068 00000000 		.word	s_sample_log_counter
 2007 006c 00000000 		.word	s_rx_accum_len
 2008 0070 00000000 		.word	.LC16
 2009              		.cfi_endproc
 2010              	.LFE257:
 2012              		.section	.rodata.AppUsart1_SendStartSamplingWithLog.str1.4,"aMS",%progbits,1
 2013              		.align	2
 2014              	.LC17:
 2015 0000 00       		.ascii	"\000"
 2016 0001 000000   		.align	2
 2017              	.LC18:
 2018 0004 74782D73 		.ascii	"tx-start-sampling\000"
 2018      74617274 
 2018      2D73616D 
 2018      706C696E 
 2018      6700
 2019 0016 0000     		.align	2
 2020              	.LC19:
 2021 0018 5B555341 		.ascii	"[USART1] start sampling failed ret=%ld reason=%s\015"
 2021      5254315D 
 2021      20737461 
 2021      72742073 
 2021      616D706C 
 2022 0049 0A00     		.ascii	"\012\000"
 2023              		.section	.text.AppUsart1_SendStartSamplingWithLog,"ax",%progbits
 2024              		.align	1
 2025              		.global	AppUsart1_SendStartSamplingWithLog
 2026              		.syntax unified
 2027              		.thumb
 2028              		.thumb_func
 2030              	AppUsart1_SendStartSamplingWithLog:
 2031              	.LVL179:
 2032              	.LFB258:
 604:Core/Src/app_usart1.c **** 
 605:Core/Src/app_usart1.c **** void AppUsart1_SendStartSamplingWithLog(const app_usart1_ctx_t *ctx, const char *reason)
 606:Core/Src/app_usart1.c **** {
 2033              		.loc 1 606 1 is_stmt 1 view -0
 2034              		.cfi_startproc
 2035              		@ args = 0, pretend = 0, frame = 16
 2036              		@ frame_needed = 0, uses_anonymous_args = 0
 2037              		.loc 1 606 1 is_stmt 0 view .LVU564
 2038 0000 70B5     		push	{r4, r5, r6, lr}
 2039              	.LCFI36:
 2040              		.cfi_def_cfa_offset 16
 2041              		.cfi_offset 4, -16
 2042              		.cfi_offset 5, -12
ARM GAS  C:\Users\40918\AppData\Local\Temp\ccLLydfV.s 			page 53


 2043              		.cfi_offset 6, -8
 2044              		.cfi_offset 14, -4
 2045 0002 86B0     		sub	sp, sp, #24
 2046              	.LCFI37:
 2047              		.cfi_def_cfa_offset 40
 2048 0004 0546     		mov	r5, r0
 2049 0006 0C46     		mov	r4, r1
 607:Core/Src/app_usart1.c ****   uint8_t frame[9];
 2050              		.loc 1 607 3 is_stmt 1 view .LVU565
 608:Core/Src/app_usart1.c ****   HAL_StatusTypeDef ret;
 2051              		.loc 1 608 3 view .LVU566
 609:Core/Src/app_usart1.c ****   AppUsart1_BuildFrame(0x01U, 0x03U, 0x00U, 0x01U, frame);
 2052              		.loc 1 609 3 view .LVU567
 2053 0008 03AE     		add	r6, sp, #12
 2054 000a 0096     		str	r6, [sp]
 2055 000c 0123     		movs	r3, #1
 2056 000e 0022     		movs	r2, #0
 2057 0010 0321     		movs	r1, #3
 2058              	.LVL180:
 2059              		.loc 1 609 3 is_stmt 0 view .LVU568
 2060 0012 1846     		mov	r0, r3
 2061              	.LVL181:
 2062              		.loc 1 609 3 view .LVU569
 2063 0014 FFF7FEFF 		bl	AppUsart1_BuildFrame
 2064              	.LVL182:
 610:Core/Src/app_usart1.c ****   AppUsart1_LogFrameError("tx-start-sampling", reason, frame, sizeof(frame));
 2065              		.loc 1 610 3 is_stmt 1 view .LVU570
 2066 0018 0923     		movs	r3, #9
 2067 001a 3246     		mov	r2, r6
 2068 001c 2146     		mov	r1, r4
 2069 001e 1448     		ldr	r0, .L168
 2070 0020 FFF7FEFF 		bl	AppUsart1_LogFrameError
 2071              	.LVL183:
 611:Core/Src/app_usart1.c ****   ret = AppUsart1_SendFrameDma(ctx, frame, sizeof(frame), 100U);
 2072              		.loc 1 611 3 view .LVU571
 2073              		.loc 1 611 9 is_stmt 0 view .LVU572
 2074 0024 6423     		movs	r3, #100
 2075 0026 0922     		movs	r2, #9
 2076 0028 3146     		mov	r1, r6
 2077 002a 2846     		mov	r0, r5
 2078 002c FFF7FEFF 		bl	AppUsart1_SendFrameDma
 2079              	.LVL184:
 612:Core/Src/app_usart1.c ****   if (ret == HAL_OK)
 2080              		.loc 1 612 3 is_stmt 1 view .LVU573
 2081              		.loc 1 612 6 is_stmt 0 view .LVU574
 2082 0030 50B1     		cbz	r0, .L166
 2083 0032 0146     		mov	r1, r0
 2084              	.LBB13:
 613:Core/Src/app_usart1.c ****   {
 614:Core/Src/app_usart1.c ****     s_sampling_active = 1U;
 615:Core/Src/app_usart1.c ****     s_last_sample_tick_ms = HAL_GetTick();
 616:Core/Src/app_usart1.c ****     s_frame_no_inited = 0U;
 617:Core/Src/app_usart1.c ****     s_last_frame_no = 0U;
 618:Core/Src/app_usart1.c ****     s_sample_log_counter = 0U;
 619:Core/Src/app_usart1.c ****     s_rx_accum_len = 0U;
 620:Core/Src/app_usart1.c ****   }
 621:Core/Src/app_usart1.c ****   else
ARM GAS  C:\Users\40918\AppData\Local\Temp\ccLLydfV.s 			page 54


 622:Core/Src/app_usart1.c ****   {
 623:Core/Src/app_usart1.c ****     s_sampling_active = 0U;
 2085              		.loc 1 623 5 is_stmt 1 view .LVU575
 2086              		.loc 1 623 23 is_stmt 0 view .LVU576
 2087 0034 0F4B     		ldr	r3, .L168+4
 2088 0036 0022     		movs	r2, #0
 2089 0038 1A70     		strb	r2, [r3]
 624:Core/Src/app_usart1.c ****     LOGE("[USART1] start sampling failed ret=%ld reason=%s\r\n",
 2090              		.loc 1 624 5 is_stmt 1 view .LVU577
 2091 003a B4B1     		cbz	r4, .L167
 2092              	.LVL185:
 2093              	.L163:
 2094              		.loc 1 624 5 is_stmt 0 discriminator 4 view .LVU578
 2095 003c 2246     		mov	r2, r4
 2096 003e 0E48     		ldr	r0, .L168+8
 2097              	.LVL186:
 2098              		.loc 1 624 5 discriminator 4 view .LVU579
 2099 0040 FFF7FEFF 		bl	printf
 2100              	.LVL187:
 2101              	.L160:
 2102              		.loc 1 624 5 discriminator 4 view .LVU580
 2103              	.LBE13:
 625:Core/Src/app_usart1.c ****          (long)ret,
 626:Core/Src/app_usart1.c ****          (reason != NULL) ? reason : "");
 627:Core/Src/app_usart1.c ****   }
 628:Core/Src/app_usart1.c **** }
 2104              		.loc 1 628 1 view .LVU581
 2105 0044 06B0     		add	sp, sp, #24
 2106              	.LCFI38:
 2107              		.cfi_remember_state
 2108              		.cfi_def_cfa_offset 16
 2109              		@ sp needed
 2110 0046 70BD     		pop	{r4, r5, r6, pc}
 2111              	.LVL188:
 2112              	.L166:
 2113              	.LCFI39:
 2114              		.cfi_restore_state
 614:Core/Src/app_usart1.c ****     s_last_sample_tick_ms = HAL_GetTick();
 2115              		.loc 1 614 5 is_stmt 1 view .LVU582
 614:Core/Src/app_usart1.c ****     s_last_sample_tick_ms = HAL_GetTick();
 2116              		.loc 1 614 23 is_stmt 0 view .LVU583
 2117 0048 0A4B     		ldr	r3, .L168+4
 2118 004a 0122     		movs	r2, #1
 2119 004c 1A70     		strb	r2, [r3]
 615:Core/Src/app_usart1.c ****     s_frame_no_inited = 0U;
 2120              		.loc 1 615 5 is_stmt 1 view .LVU584
 615:Core/Src/app_usart1.c ****     s_frame_no_inited = 0U;
 2121              		.loc 1 615 29 is_stmt 0 view .LVU585
 2122 004e FFF7FEFF 		bl	HAL_GetTick
 2123              	.LVL189:
 615:Core/Src/app_usart1.c ****     s_frame_no_inited = 0U;
 2124              		.loc 1 615 27 discriminator 1 view .LVU586
 2125 0052 0A4B     		ldr	r3, .L168+12
 2126 0054 1860     		str	r0, [r3]
 616:Core/Src/app_usart1.c ****     s_last_frame_no = 0U;
 2127              		.loc 1 616 5 is_stmt 1 view .LVU587
 616:Core/Src/app_usart1.c ****     s_last_frame_no = 0U;
ARM GAS  C:\Users\40918\AppData\Local\Temp\ccLLydfV.s 			page 55


 2128              		.loc 1 616 23 is_stmt 0 view .LVU588
 2129 0056 0023     		movs	r3, #0
 2130 0058 094A     		ldr	r2, .L168+16
 2131 005a 1370     		strb	r3, [r2]
 617:Core/Src/app_usart1.c ****     s_sample_log_counter = 0U;
 2132              		.loc 1 617 5 is_stmt 1 view .LVU589
 617:Core/Src/app_usart1.c ****     s_sample_log_counter = 0U;
 2133              		.loc 1 617 21 is_stmt 0 view .LVU590
 2134 005c 094A     		ldr	r2, .L168+20
 2135 005e 1380     		strh	r3, [r2]	@ movhi
 618:Core/Src/app_usart1.c ****     s_rx_accum_len = 0U;
 2136              		.loc 1 618 5 is_stmt 1 view .LVU591
 618:Core/Src/app_usart1.c ****     s_rx_accum_len = 0U;
 2137              		.loc 1 618 26 is_stmt 0 view .LVU592
 2138 0060 094A     		ldr	r2, .L168+24
 2139 0062 1360     		str	r3, [r2]
 619:Core/Src/app_usart1.c ****   }
 2140              		.loc 1 619 5 is_stmt 1 view .LVU593
 619:Core/Src/app_usart1.c ****   }
 2141              		.loc 1 619 20 is_stmt 0 view .LVU594
 2142 0064 094A     		ldr	r2, .L168+28
 2143 0066 1380     		strh	r3, [r2]	@ movhi
 2144 0068 ECE7     		b	.L160
 2145              	.LVL190:
 2146              	.L167:
 2147              	.LBB14:
 624:Core/Src/app_usart1.c ****          (long)ret,
 2148              		.loc 1 624 5 discriminator 2 view .LVU595
 2149 006a 094C     		ldr	r4, .L168+32
 2150              	.LVL191:
 624:Core/Src/app_usart1.c ****          (long)ret,
 2151              		.loc 1 624 5 discriminator 2 view .LVU596
 2152 006c E6E7     		b	.L163
 2153              	.L169:
 2154 006e 00BF     		.align	2
 2155              	.L168:
 2156 0070 04000000 		.word	.LC18
 2157 0074 00000000 		.word	s_sampling_active
 2158 0078 18000000 		.word	.LC19
 2159 007c 00000000 		.word	s_last_sample_tick_ms
 2160 0080 00000000 		.word	s_frame_no_inited
 2161 0084 00000000 		.word	s_last_frame_no
 2162 0088 00000000 		.word	s_sample_log_counter
 2163 008c 00000000 		.word	s_rx_accum_len
 2164 0090 00000000 		.word	.LC17
 2165              	.LBE14:
 2166              		.cfi_endproc
 2167              	.LFE258:
 2169              		.section	.text.AppUsart1_SendStopSampling,"ax",%progbits
 2170              		.align	1
 2171              		.global	AppUsart1_SendStopSampling
 2172              		.syntax unified
 2173              		.thumb
 2174              		.thumb_func
 2176              	AppUsart1_SendStopSampling:
 2177              	.LVL192:
 2178              	.LFB259:
ARM GAS  C:\Users\40918\AppData\Local\Temp\ccLLydfV.s 			page 56


 629:Core/Src/app_usart1.c **** 
 630:Core/Src/app_usart1.c **** void AppUsart1_SendStopSampling(const app_usart1_ctx_t *ctx)
 631:Core/Src/app_usart1.c **** {
 2179              		.loc 1 631 1 is_stmt 1 view -0
 2180              		.cfi_startproc
 2181              		@ args = 0, pretend = 0, frame = 16
 2182              		@ frame_needed = 0, uses_anonymous_args = 0
 2183              		.loc 1 631 1 is_stmt 0 view .LVU598
 2184 0000 30B5     		push	{r4, r5, lr}
 2185              	.LCFI40:
 2186              		.cfi_def_cfa_offset 12
 2187              		.cfi_offset 4, -12
 2188              		.cfi_offset 5, -8
 2189              		.cfi_offset 14, -4
 2190 0002 87B0     		sub	sp, sp, #28
 2191              	.LCFI41:
 2192              		.cfi_def_cfa_offset 40
 2193 0004 0446     		mov	r4, r0
 632:Core/Src/app_usart1.c ****   uint8_t frame[9];
 2194              		.loc 1 632 3 is_stmt 1 view .LVU599
 633:Core/Src/app_usart1.c ****   AppUsart1_BuildFrame(0x01U, 0x04U, 0x00U, 0x01U, frame);
 2195              		.loc 1 633 3 view .LVU600
 2196 0006 03AD     		add	r5, sp, #12
 2197 0008 0095     		str	r5, [sp]
 2198 000a 0123     		movs	r3, #1
 2199 000c 0022     		movs	r2, #0
 2200 000e 0421     		movs	r1, #4
 2201 0010 1846     		mov	r0, r3
 2202              	.LVL193:
 2203              		.loc 1 633 3 is_stmt 0 view .LVU601
 2204 0012 FFF7FEFF 		bl	AppUsart1_BuildFrame
 2205              	.LVL194:
 634:Core/Src/app_usart1.c ****   AppUsart1_LogFrame("tx-stop-sampling", frame, sizeof(frame));
 2206              		.loc 1 634 3 is_stmt 1 view .LVU602
 635:Core/Src/app_usart1.c ****   (void)AppUsart1_SendFrameDma(ctx, frame, sizeof(frame), 100U);
 2207              		.loc 1 635 3 view .LVU603
 2208              		.loc 1 635 9 is_stmt 0 view .LVU604
 2209 0016 6423     		movs	r3, #100
 2210 0018 0922     		movs	r2, #9
 2211 001a 2946     		mov	r1, r5
 2212 001c 2046     		mov	r0, r4
 2213 001e FFF7FEFF 		bl	AppUsart1_SendFrameDma
 2214              	.LVL195:
 636:Core/Src/app_usart1.c ****   s_sampling_active = 0U;
 2215              		.loc 1 636 3 is_stmt 1 view .LVU605
 2216              		.loc 1 636 21 is_stmt 0 view .LVU606
 2217 0022 024B     		ldr	r3, .L172
 2218 0024 0022     		movs	r2, #0
 2219 0026 1A70     		strb	r2, [r3]
 637:Core/Src/app_usart1.c ****   U1LOGI("[USART1] sampling stopped\r\n");
 2220              		.loc 1 637 3 is_stmt 1 view .LVU607
 2221              		.loc 1 637 3 view .LVU608
 2222              		.loc 1 637 3 view .LVU609
 638:Core/Src/app_usart1.c **** }
 2223              		.loc 1 638 1 is_stmt 0 view .LVU610
 2224 0028 07B0     		add	sp, sp, #28
 2225              	.LCFI42:
ARM GAS  C:\Users\40918\AppData\Local\Temp\ccLLydfV.s 			page 57


 2226              		.cfi_def_cfa_offset 12
 2227              		@ sp needed
 2228 002a 30BD     		pop	{r4, r5, pc}
 2229              	.LVL196:
 2230              	.L173:
 2231              		.loc 1 638 1 view .LVU611
 2232              		.align	2
 2233              	.L172:
 2234 002c 00000000 		.word	s_sampling_active
 2235              		.cfi_endproc
 2236              	.LFE259:
 2238              		.section	.rodata.AppUsart1_SendStopSamplingWithLog.str1.4,"aMS",%progbits,1
 2239              		.align	2
 2240              	.LC20:
 2241 0000 74782D73 		.ascii	"tx-stop-sampling\000"
 2241      746F702D 
 2241      73616D70 
 2241      6C696E67 
 2241      00
 2242              		.section	.text.AppUsart1_SendStopSamplingWithLog,"ax",%progbits
 2243              		.align	1
 2244              		.global	AppUsart1_SendStopSamplingWithLog
 2245              		.syntax unified
 2246              		.thumb
 2247              		.thumb_func
 2249              	AppUsart1_SendStopSamplingWithLog:
 2250              	.LVL197:
 2251              	.LFB260:
 639:Core/Src/app_usart1.c **** 
 640:Core/Src/app_usart1.c **** void AppUsart1_SendStopSamplingWithLog(const app_usart1_ctx_t *ctx, const char *reason)
 641:Core/Src/app_usart1.c **** {
 2252              		.loc 1 641 1 is_stmt 1 view -0
 2253              		.cfi_startproc
 2254              		@ args = 0, pretend = 0, frame = 16
 2255              		@ frame_needed = 0, uses_anonymous_args = 0
 2256              		.loc 1 641 1 is_stmt 0 view .LVU613
 2257 0000 70B5     		push	{r4, r5, r6, lr}
 2258              	.LCFI43:
 2259              		.cfi_def_cfa_offset 16
 2260              		.cfi_offset 4, -16
 2261              		.cfi_offset 5, -12
 2262              		.cfi_offset 6, -8
 2263              		.cfi_offset 14, -4
 2264 0002 86B0     		sub	sp, sp, #24
 2265              	.LCFI44:
 2266              		.cfi_def_cfa_offset 40
 2267 0004 0446     		mov	r4, r0
 2268 0006 0E46     		mov	r6, r1
 642:Core/Src/app_usart1.c ****   uint8_t frame[9];
 2269              		.loc 1 642 3 is_stmt 1 view .LVU614
 643:Core/Src/app_usart1.c ****   AppUsart1_BuildFrame(0x01U, 0x04U, 0x00U, 0x01U, frame);
 2270              		.loc 1 643 3 view .LVU615
 2271 0008 03AD     		add	r5, sp, #12
 2272 000a 0095     		str	r5, [sp]
 2273 000c 0123     		movs	r3, #1
 2274 000e 0022     		movs	r2, #0
 2275 0010 0421     		movs	r1, #4
ARM GAS  C:\Users\40918\AppData\Local\Temp\ccLLydfV.s 			page 58


 2276              	.LVL198:
 2277              		.loc 1 643 3 is_stmt 0 view .LVU616
 2278 0012 1846     		mov	r0, r3
 2279              	.LVL199:
 2280              		.loc 1 643 3 view .LVU617
 2281 0014 FFF7FEFF 		bl	AppUsart1_BuildFrame
 2282              	.LVL200:
 644:Core/Src/app_usart1.c ****   AppUsart1_LogFrameError("tx-stop-sampling", reason, frame, sizeof(frame));
 2283              		.loc 1 644 3 is_stmt 1 view .LVU618
 2284 0018 0923     		movs	r3, #9
 2285 001a 2A46     		mov	r2, r5
 2286 001c 3146     		mov	r1, r6
 2287 001e 0748     		ldr	r0, .L176
 2288 0020 FFF7FEFF 		bl	AppUsart1_LogFrameError
 2289              	.LVL201:
 645:Core/Src/app_usart1.c ****   (void)AppUsart1_SendFrameDma(ctx, frame, sizeof(frame), 100U);
 2290              		.loc 1 645 3 view .LVU619
 2291              		.loc 1 645 9 is_stmt 0 view .LVU620
 2292 0024 6423     		movs	r3, #100
 2293 0026 0922     		movs	r2, #9
 2294 0028 2946     		mov	r1, r5
 2295 002a 2046     		mov	r0, r4
 2296 002c FFF7FEFF 		bl	AppUsart1_SendFrameDma
 2297              	.LVL202:
 646:Core/Src/app_usart1.c ****   s_sampling_active = 0U;
 2298              		.loc 1 646 3 is_stmt 1 view .LVU621
 2299              		.loc 1 646 21 is_stmt 0 view .LVU622
 2300 0030 034B     		ldr	r3, .L176+4
 2301 0032 0022     		movs	r2, #0
 2302 0034 1A70     		strb	r2, [r3]
 647:Core/Src/app_usart1.c **** }
 2303              		.loc 1 647 1 view .LVU623
 2304 0036 06B0     		add	sp, sp, #24
 2305              	.LCFI45:
 2306              		.cfi_def_cfa_offset 16
 2307              		@ sp needed
 2308 0038 70BD     		pop	{r4, r5, r6, pc}
 2309              	.LVL203:
 2310              	.L177:
 2311              		.loc 1 647 1 view .LVU624
 2312 003a 00BF     		.align	2
 2313              	.L176:
 2314 003c 00000000 		.word	.LC20
 2315 0040 00000000 		.word	s_sampling_active
 2316              		.cfi_endproc
 2317              	.LFE260:
 2319              		.section	.text.AppUsart1_SendSetFrequency,"ax",%progbits
 2320              		.align	1
 2321              		.global	AppUsart1_SendSetFrequency
 2322              		.syntax unified
 2323              		.thumb
 2324              		.thumb_func
 2326              	AppUsart1_SendSetFrequency:
 2327              	.LVL204:
 2328              	.LFB261:
 648:Core/Src/app_usart1.c **** 
 649:Core/Src/app_usart1.c **** void AppUsart1_SendSetFrequency(const app_usart1_ctx_t *ctx, uint16_t frequency)
ARM GAS  C:\Users\40918\AppData\Local\Temp\ccLLydfV.s 			page 59


 650:Core/Src/app_usart1.c **** {
 2329              		.loc 1 650 1 is_stmt 1 view -0
 2330              		.cfi_startproc
 2331              		@ args = 0, pretend = 0, frame = 16
 2332              		@ frame_needed = 0, uses_anonymous_args = 0
 2333              		.loc 1 650 1 is_stmt 0 view .LVU626
 2334 0000 30B5     		push	{r4, r5, lr}
 2335              	.LCFI46:
 2336              		.cfi_def_cfa_offset 12
 2337              		.cfi_offset 4, -12
 2338              		.cfi_offset 5, -8
 2339              		.cfi_offset 14, -4
 2340 0002 87B0     		sub	sp, sp, #28
 2341              	.LCFI47:
 2342              		.cfi_def_cfa_offset 40
 2343 0004 0446     		mov	r4, r0
 651:Core/Src/app_usart1.c ****   uint8_t frame[9];
 2344              		.loc 1 651 3 is_stmt 1 view .LVU627
 652:Core/Src/app_usart1.c ****   uint16_t cmd_value = AppUsart1_FrequencyToCmdValue(frequency);
 2345              		.loc 1 652 3 view .LVU628
 2346              		.loc 1 652 24 is_stmt 0 view .LVU629
 2347 0006 0846     		mov	r0, r1
 2348              	.LVL205:
 2349              		.loc 1 652 24 view .LVU630
 2350 0008 FFF7FEFF 		bl	AppUsart1_FrequencyToCmdValue
 2351              	.LVL206:
 653:Core/Src/app_usart1.c ****   AppUsart1_BuildFrame(0x00U, 0x05U, (uint8_t)(cmd_value >> 8), (uint8_t)(cmd_value & 0xFFU), frame
 2352              		.loc 1 653 3 is_stmt 1 view .LVU631
 2353 000c 03AD     		add	r5, sp, #12
 2354 000e 0095     		str	r5, [sp]
 2355 0010 C3B2     		uxtb	r3, r0
 2356 0012 C0F30722 		ubfx	r2, r0, #8, #8
 2357 0016 0521     		movs	r1, #5
 2358 0018 0020     		movs	r0, #0
 2359              	.LVL207:
 2360              		.loc 1 653 3 is_stmt 0 view .LVU632
 2361 001a FFF7FEFF 		bl	AppUsart1_BuildFrame
 2362              	.LVL208:
 654:Core/Src/app_usart1.c ****   U1LOGI("[USART1] set frequency=%u cmd_value=%u\r\n",
 2363              		.loc 1 654 3 is_stmt 1 view .LVU633
 2364              		.loc 1 654 3 view .LVU634
 2365              		.loc 1 654 3 view .LVU635
 655:Core/Src/app_usart1.c ****          (unsigned int)frequency,
 656:Core/Src/app_usart1.c ****          (unsigned int)cmd_value);
 657:Core/Src/app_usart1.c ****   AppUsart1_LogFrame("tx-set-frequency", frame, sizeof(frame));
 2366              		.loc 1 657 3 view .LVU636
 658:Core/Src/app_usart1.c ****   (void)AppUsart1_SendFrameDma(ctx, frame, sizeof(frame), 100U);
 2367              		.loc 1 658 3 view .LVU637
 2368              		.loc 1 658 9 is_stmt 0 view .LVU638
 2369 001e 6423     		movs	r3, #100
 2370 0020 0922     		movs	r2, #9
 2371 0022 2946     		mov	r1, r5
 2372 0024 2046     		mov	r0, r4
 2373 0026 FFF7FEFF 		bl	AppUsart1_SendFrameDma
 2374              	.LVL209:
 659:Core/Src/app_usart1.c **** }
 2375              		.loc 1 659 1 view .LVU639
ARM GAS  C:\Users\40918\AppData\Local\Temp\ccLLydfV.s 			page 60


 2376 002a 07B0     		add	sp, sp, #28
 2377              	.LCFI48:
 2378              		.cfi_def_cfa_offset 12
 2379              		@ sp needed
 2380 002c 30BD     		pop	{r4, r5, pc}
 2381              		.loc 1 659 1 view .LVU640
 2382              		.cfi_endproc
 2383              	.LFE261:
 2385              		.section	.rodata.AppUsart1_SendSetFrequencyWithLog.str1.4,"aMS",%progbits,1
 2386              		.align	2
 2387              	.LC21:
 2388 0000 5B555341 		.ascii	"[USART1] set frequency=%u cmd_value=%u reason=%s\015"
 2388      5254315D 
 2388      20736574 
 2388      20667265 
 2388      7175656E 
 2389 0031 0A00     		.ascii	"\012\000"
 2390 0033 00       		.align	2
 2391              	.LC22:
 2392 0034 74782D73 		.ascii	"tx-set-frequency\000"
 2392      65742D66 
 2392      72657175 
 2392      656E6379 
 2392      00
 2393              		.section	.text.AppUsart1_SendSetFrequencyWithLog,"ax",%progbits
 2394              		.align	1
 2395              		.global	AppUsart1_SendSetFrequencyWithLog
 2396              		.syntax unified
 2397              		.thumb
 2398              		.thumb_func
 2400              	AppUsart1_SendSetFrequencyWithLog:
 2401              	.LVL210:
 2402              	.LFB262:
 660:Core/Src/app_usart1.c **** 
 661:Core/Src/app_usart1.c **** void AppUsart1_SendSetFrequencyWithLog(const app_usart1_ctx_t *ctx, uint16_t frequency, const char 
 662:Core/Src/app_usart1.c **** {
 2403              		.loc 1 662 1 is_stmt 1 view -0
 2404              		.cfi_startproc
 2405              		@ args = 0, pretend = 0, frame = 16
 2406              		@ frame_needed = 0, uses_anonymous_args = 0
 2407              		.loc 1 662 1 is_stmt 0 view .LVU642
 2408 0000 F0B5     		push	{r4, r5, r6, r7, lr}
 2409              	.LCFI49:
 2410              		.cfi_def_cfa_offset 20
 2411              		.cfi_offset 4, -20
 2412              		.cfi_offset 5, -16
 2413              		.cfi_offset 6, -12
 2414              		.cfi_offset 7, -8
 2415              		.cfi_offset 14, -4
 2416 0002 87B0     		sub	sp, sp, #28
 2417              	.LCFI50:
 2418              		.cfi_def_cfa_offset 48
 2419 0004 0746     		mov	r7, r0
 2420 0006 0E46     		mov	r6, r1
 2421 0008 1546     		mov	r5, r2
 663:Core/Src/app_usart1.c ****   uint8_t frame[9];
 2422              		.loc 1 663 3 is_stmt 1 view .LVU643
ARM GAS  C:\Users\40918\AppData\Local\Temp\ccLLydfV.s 			page 61


 664:Core/Src/app_usart1.c ****   uint16_t cmd_value = AppUsart1_FrequencyToCmdValue(frequency);
 2423              		.loc 1 664 3 view .LVU644
 2424              		.loc 1 664 24 is_stmt 0 view .LVU645
 2425 000a 0846     		mov	r0, r1
 2426              	.LVL211:
 2427              		.loc 1 664 24 view .LVU646
 2428 000c FFF7FEFF 		bl	AppUsart1_FrequencyToCmdValue
 2429              	.LVL212:
 2430              		.loc 1 664 24 view .LVU647
 2431 0010 0446     		mov	r4, r0
 2432              	.LVL213:
 665:Core/Src/app_usart1.c ****   AppUsart1_BuildFrame(0x00U, 0x05U, (uint8_t)(cmd_value >> 8), (uint8_t)(cmd_value & 0xFFU), frame
 2433              		.loc 1 665 3 is_stmt 1 view .LVU648
 2434 0012 03AB     		add	r3, sp, #12
 2435 0014 0093     		str	r3, [sp]
 2436 0016 C3B2     		uxtb	r3, r0
 2437 0018 C0F30722 		ubfx	r2, r0, #8, #8
 2438 001c 0521     		movs	r1, #5
 2439 001e 0020     		movs	r0, #0
 2440              	.LVL214:
 2441              		.loc 1 665 3 is_stmt 0 view .LVU649
 2442 0020 FFF7FEFF 		bl	AppUsart1_BuildFrame
 2443              	.LVL215:
 666:Core/Src/app_usart1.c ****   LOGE("[USART1] set frequency=%u cmd_value=%u reason=%s\r\n",
 2444              		.loc 1 666 3 is_stmt 1 view .LVU650
 2445 0024 9DB1     		cbz	r5, .L182
 2446              		.loc 1 666 3 is_stmt 0 discriminator 1 view .LVU651
 2447 0026 2B46     		mov	r3, r5
 2448              	.L181:
 2449              		.loc 1 666 3 discriminator 4 view .LVU652
 2450 0028 2246     		mov	r2, r4
 2451 002a 3146     		mov	r1, r6
 2452 002c 0948     		ldr	r0, .L184
 2453 002e FFF7FEFF 		bl	printf
 2454              	.LVL216:
 667:Core/Src/app_usart1.c ****        (unsigned int)frequency,
 668:Core/Src/app_usart1.c ****        (unsigned int)cmd_value,
 669:Core/Src/app_usart1.c ****        (reason != NULL) ? reason : "");
 670:Core/Src/app_usart1.c ****   AppUsart1_LogFrameError("tx-set-frequency", reason, frame, sizeof(frame));
 2455              		.loc 1 670 3 is_stmt 1 view .LVU653
 2456 0032 0923     		movs	r3, #9
 2457 0034 03AA     		add	r2, sp, #12
 2458 0036 2946     		mov	r1, r5
 2459 0038 0748     		ldr	r0, .L184+4
 2460 003a FFF7FEFF 		bl	AppUsart1_LogFrameError
 2461              	.LVL217:
 671:Core/Src/app_usart1.c ****   (void)AppUsart1_SendFrameDma(ctx, frame, sizeof(frame), 100U);
 2462              		.loc 1 671 3 view .LVU654
 2463              		.loc 1 671 9 is_stmt 0 view .LVU655
 2464 003e 6423     		movs	r3, #100
 2465 0040 0922     		movs	r2, #9
 2466 0042 03A9     		add	r1, sp, #12
 2467 0044 3846     		mov	r0, r7
 2468 0046 FFF7FEFF 		bl	AppUsart1_SendFrameDma
 2469              	.LVL218:
 672:Core/Src/app_usart1.c **** }
 2470              		.loc 1 672 1 view .LVU656
ARM GAS  C:\Users\40918\AppData\Local\Temp\ccLLydfV.s 			page 62


 2471 004a 07B0     		add	sp, sp, #28
 2472              	.LCFI51:
 2473              		.cfi_remember_state
 2474              		.cfi_def_cfa_offset 20
 2475              		@ sp needed
 2476 004c F0BD     		pop	{r4, r5, r6, r7, pc}
 2477              	.LVL219:
 2478              	.L182:
 2479              	.LCFI52:
 2480              		.cfi_restore_state
 666:Core/Src/app_usart1.c ****        (unsigned int)frequency,
 2481              		.loc 1 666 3 discriminator 2 view .LVU657
 2482 004e 034B     		ldr	r3, .L184+8
 2483 0050 EAE7     		b	.L181
 2484              	.L185:
 2485 0052 00BF     		.align	2
 2486              	.L184:
 2487 0054 00000000 		.word	.LC21
 2488 0058 34000000 		.word	.LC22
 2489 005c 00000000 		.word	.LC17
 2490              		.cfi_endproc
 2491              	.LFE262:
 2493              		.section	.rodata.AppUsart1_Process.str1.4,"aMS",%progbits,1
 2494              		.align	2
 2495              	.LC23:
 2496 0000 5B555341 		.ascii	"[USART1] sample timeout last_tick=%lu now=%lu diff="
 2496      5254315D 
 2496      2073616D 
 2496      706C6520 
 2496      74696D65 
 2497 0033 256C750D 		.ascii	"%lu\015\012\000"
 2497      0A00
 2498 0039 000000   		.align	2
 2499              	.LC24:
 2500 003c 5B555341 		.ascii	"[USART1] timeout recovery #%u: stop-setfreq-start f"
 2500      5254315D 
 2500      2074696D 
 2500      656F7574 
 2500      20726563 
 2501 006f 7265713D 		.ascii	"req=%u\015\012\000"
 2501      25750D0A 
 2501      00
 2502              		.align	2
 2503              	.LC25:
 2504 0078 74696D65 		.ascii	"timeout-recovery\000"
 2504      6F75742D 
 2504      7265636F 
 2504      76657279 
 2504      00
 2505 0089 000000   		.align	2
 2506              	.LC26:
 2507 008c 5B555341 		.ascii	"[USART1] sample timeout retry exceeded (%u), trigge"
 2507      5254315D 
 2507      2073616D 
 2507      706C6520 
 2507      74696D65 
 2508 00bf 72207278 		.ascii	"r rx interrupt handler\015\012\000"
ARM GAS  C:\Users\40918\AppData\Local\Temp\ccLLydfV.s 			page 63


 2508      20696E74 
 2508      65727275 
 2508      70742068 
 2508      616E646C 
 2509              		.align	2
 2510              	.LC27:
 2511 00d8 706F7765 		.ascii	"power-cycle-recovery\000"
 2511      722D6379 
 2511      636C652D 
 2511      7265636F 
 2511      76657279 
 2512              		.section	.text.AppUsart1_Process,"ax",%progbits
 2513              		.align	1
 2514              		.global	AppUsart1_Process
 2515              		.syntax unified
 2516              		.thumb
 2517              		.thumb_func
 2519              	AppUsart1_Process:
 2520              	.LVL220:
 2521              	.LFB253:
 409:Core/Src/app_usart1.c ****   static uint32_t hb_tick = 0U;
 2522              		.loc 1 409 1 is_stmt 1 view -0
 2523              		.cfi_startproc
 2524              		@ args = 0, pretend = 0, frame = 136
 2525              		@ frame_needed = 0, uses_anonymous_args = 0
 410:Core/Src/app_usart1.c ****   usart1_frame_msg_t msg;
 2526              		.loc 1 410 3 view .LVU659
 411:Core/Src/app_usart1.c ****   uint32_t now_ms;
 2527              		.loc 1 411 3 view .LVU660
 412:Core/Src/app_usart1.c **** 
 2528              		.loc 1 412 3 view .LVU661
 414:Core/Src/app_usart1.c **** 
 2529              		.loc 1 414 3 view .LVU662
 416:Core/Src/app_usart1.c ****   {
 2530              		.loc 1 416 3 view .LVU663
 416:Core/Src/app_usart1.c ****   {
 2531              		.loc 1 416 6 is_stmt 0 view .LVU664
 2532 0000 0028     		cmp	r0, #0
 2533 0002 00F09180 		beq	.L199
 409:Core/Src/app_usart1.c ****   static uint32_t hb_tick = 0U;
 2534              		.loc 1 409 1 view .LVU665
 2535 0006 F0B5     		push	{r4, r5, r6, r7, lr}
 2536              	.LCFI53:
 2537              		.cfi_def_cfa_offset 20
 2538              		.cfi_offset 4, -20
 2539              		.cfi_offset 5, -16
 2540              		.cfi_offset 6, -12
 2541              		.cfi_offset 7, -8
 2542              		.cfi_offset 14, -4
 2543 0008 A3B0     		sub	sp, sp, #140
 2544              	.LCFI54:
 2545              		.cfi_def_cfa_offset 160
 2546 000a 0446     		mov	r4, r0
 420:Core/Src/app_usart1.c **** 
 2547              		.loc 1 420 3 is_stmt 1 view .LVU666
 420:Core/Src/app_usart1.c **** 
 2548              		.loc 1 420 12 is_stmt 0 view .LVU667
ARM GAS  C:\Users\40918\AppData\Local\Temp\ccLLydfV.s 			page 64


 2549 000c FFF7FEFF 		bl	HAL_GetTick
 2550              	.LVL221:
 420:Core/Src/app_usart1.c **** 
 2551              		.loc 1 420 12 view .LVU668
 2552 0010 0546     		mov	r5, r0
 2553              	.LVL222:
 422:Core/Src/app_usart1.c ****   {
 2554              		.loc 1 422 3 is_stmt 1 view .LVU669
 422:Core/Src/app_usart1.c ****   {
 2555              		.loc 1 422 32 is_stmt 0 view .LVU670
 2556 0012 464B     		ldr	r3, .L204
 2557 0014 1B78     		ldrb	r3, [r3]	@ zero_extendqisi2
 422:Core/Src/app_usart1.c ****   {
 2558              		.loc 1 422 6 view .LVU671
 2559 0016 63B1     		cbz	r3, .L190
 424:Core/Src/app_usart1.c ****     AppUsart1_SendStartSampling(ctx);
 2560              		.loc 1 424 5 is_stmt 1 view .LVU672
 424:Core/Src/app_usart1.c ****     AppUsart1_SendStartSampling(ctx);
 2561              		.loc 1 424 30 is_stmt 0 view .LVU673
 2562 0018 444B     		ldr	r3, .L204
 2563 001a 0022     		movs	r2, #0
 2564 001c 1A70     		strb	r2, [r3]
 425:Core/Src/app_usart1.c ****   }
 2565              		.loc 1 425 5 is_stmt 1 view .LVU674
 2566 001e 2046     		mov	r0, r4
 2567              	.LVL223:
 425:Core/Src/app_usart1.c ****   }
 2568              		.loc 1 425 5 is_stmt 0 view .LVU675
 2569 0020 FFF7FEFF 		bl	AppUsart1_SendStartSampling
 2570              	.LVL224:
 2571 0024 05E0     		b	.L190
 2572              	.L192:
 430:Core/Src/app_usart1.c ****   }
 2573              		.loc 1 430 5 is_stmt 1 view .LVU676
 2574 0026 BDF88420 		ldrh	r2, [sp, #132]
 2575 002a 01A9     		add	r1, sp, #4
 2576 002c 2046     		mov	r0, r4
 2577 002e FFF7FEFF 		bl	AppUsart1_HandleRxChunk
 2578              	.LVL225:
 2579              	.L190:
 428:Core/Src/app_usart1.c ****   {
 2580              		.loc 1 428 37 view .LVU677
 428:Core/Src/app_usart1.c ****   {
 2581              		.loc 1 428 14 is_stmt 0 view .LVU678
 2582 0032 2069     		ldr	r0, [r4, #16]
 428:Core/Src/app_usart1.c ****   {
 2583              		.loc 1 428 37 view .LVU679
 2584 0034 30B1     		cbz	r0, .L191
 428:Core/Src/app_usart1.c ****   {
 2585              		.loc 1 428 41 discriminator 1 view .LVU680
 2586 0036 0023     		movs	r3, #0
 2587 0038 1A46     		mov	r2, r3
 2588 003a 6946     		mov	r1, sp
 2589 003c FFF7FEFF 		bl	osMessageQueueGet
 2590              	.LVL226:
 428:Core/Src/app_usart1.c ****   {
 2591              		.loc 1 428 37 discriminator 1 view .LVU681
ARM GAS  C:\Users\40918\AppData\Local\Temp\ccLLydfV.s 			page 65


 2592 0040 0028     		cmp	r0, #0
 2593 0042 F0D0     		beq	.L192
 2594              	.L191:
 433:Core/Src/app_usart1.c ****   {
 2595              		.loc 1 433 3 is_stmt 1 view .LVU682
 433:Core/Src/app_usart1.c ****   {
 2596              		.loc 1 433 14 is_stmt 0 view .LVU683
 2597 0044 3A4B     		ldr	r3, .L204+4
 2598 0046 1B68     		ldr	r3, [r3]
 433:Core/Src/app_usart1.c ****   {
 2599              		.loc 1 433 6 view .LVU684
 2600 0048 AB42     		cmp	r3, r5
 2601 004a 01D9     		bls	.L193
 435:Core/Src/app_usart1.c ****   }
 2602              		.loc 1 435 5 is_stmt 1 view .LVU685
 435:Core/Src/app_usart1.c ****   }
 2603              		.loc 1 435 27 is_stmt 0 view .LVU686
 2604 004c 384B     		ldr	r3, .L204+4
 2605 004e 1D60     		str	r5, [r3]
 2606              	.L193:
 438:Core/Src/app_usart1.c ****   {
 2607              		.loc 1 438 3 is_stmt 1 view .LVU687
 438:Core/Src/app_usart1.c ****   {
 2608              		.loc 1 438 26 is_stmt 0 view .LVU688
 2609 0050 384B     		ldr	r3, .L204+8
 2610 0052 1B78     		ldrb	r3, [r3]	@ zero_extendqisi2
 438:Core/Src/app_usart1.c ****   {
 2611              		.loc 1 438 6 view .LVU689
 2612 0054 33B1     		cbz	r3, .L194
 438:Core/Src/app_usart1.c ****   {
 2613              		.loc 1 438 45 discriminator 1 view .LVU690
 2614 0056 364B     		ldr	r3, .L204+4
 2615 0058 1968     		ldr	r1, [r3]
 2616 005a 6B1A     		subs	r3, r5, r1
 438:Core/Src/app_usart1.c ****   {
 2617              		.loc 1 438 33 discriminator 1 view .LVU691
 2618 005c 40F6B832 		movw	r2, #3000
 2619 0060 9342     		cmp	r3, r2
 2620 0062 07D8     		bhi	.L202
 2621              	.L194:
 476:Core/Src/app_usart1.c ****   {
 2622              		.loc 1 476 3 is_stmt 1 view .LVU692
 476:Core/Src/app_usart1.c ****   {
 2623              		.loc 1 476 15 is_stmt 0 view .LVU693
 2624 0064 344B     		ldr	r3, .L204+12
 2625 0066 1B68     		ldr	r3, [r3]
 2626 0068 EB1A     		subs	r3, r5, r3
 476:Core/Src/app_usart1.c ****   {
 2627              		.loc 1 476 6 view .LVU694
 2628 006a B3F5FA6F 		cmp	r3, #2000
 2629 006e 52D2     		bcs	.L203
 2630              	.L186:
 482:Core/Src/app_usart1.c **** 
 2631              		.loc 1 482 1 view .LVU695
 2632 0070 23B0     		add	sp, sp, #140
 2633              	.LCFI55:
 2634              		.cfi_remember_state
ARM GAS  C:\Users\40918\AppData\Local\Temp\ccLLydfV.s 			page 66


 2635              		.cfi_def_cfa_offset 20
 2636              		@ sp needed
 2637 0072 F0BD     		pop	{r4, r5, r6, r7, pc}
 2638              	.LVL227:
 2639              	.L202:
 2640              	.LCFI56:
 2641              		.cfi_restore_state
 2642              	.LBB15:
 440:Core/Src/app_usart1.c ****          (unsigned long)s_last_sample_tick_ms,
 2643              		.loc 1 440 5 is_stmt 1 view .LVU696
 2644 0074 2A46     		mov	r2, r5
 2645 0076 3148     		ldr	r0, .L204+16
 2646 0078 FFF7FEFF 		bl	printf
 2647              	.LVL228:
 444:Core/Src/app_usart1.c ****     {
 2648              		.loc 1 444 5 view .LVU697
 444:Core/Src/app_usart1.c ****     {
 2649              		.loc 1 444 31 is_stmt 0 view .LVU698
 2650 007c 304B     		ldr	r3, .L204+20
 2651 007e 1B78     		ldrb	r3, [r3]	@ zero_extendqisi2
 444:Core/Src/app_usart1.c ****     {
 2652              		.loc 1 444 8 view .LVU699
 2653 0080 FF2B     		cmp	r3, #255
 2654 0082 02D0     		beq	.L195
 446:Core/Src/app_usart1.c ****     }
 2655              		.loc 1 446 7 is_stmt 1 view .LVU700
 446:Core/Src/app_usart1.c ****     }
 2656              		.loc 1 446 28 is_stmt 0 view .LVU701
 2657 0084 0133     		adds	r3, r3, #1
 2658 0086 2E4A     		ldr	r2, .L204+20
 2659 0088 1370     		strb	r3, [r2]
 2660              	.L195:
 449:Core/Src/app_usart1.c ****     {
 2661              		.loc 1 449 5 is_stmt 1 view .LVU702
 449:Core/Src/app_usart1.c ****     {
 2662              		.loc 1 449 31 is_stmt 0 view .LVU703
 2663 008a 2D4B     		ldr	r3, .L204+20
 2664 008c 1978     		ldrb	r1, [r3]	@ zero_extendqisi2
 449:Core/Src/app_usart1.c ****     {
 2665              		.loc 1 449 8 view .LVU704
 2666 008e 0329     		cmp	r1, #3
 2667 0090 20D8     		bhi	.L196
 2668              	.LBB16:
 451:Core/Src/app_usart1.c ****       LOGE("[USART1] timeout recovery #%u: stop-setfreq-start freq=%u\r\n",
 2669              		.loc 1 451 7 is_stmt 1 view .LVU705
 451:Core/Src/app_usart1.c ****       LOGE("[USART1] timeout recovery #%u: stop-setfreq-start freq=%u\r\n",
 2670              		.loc 1 451 23 is_stmt 0 view .LVU706
 2671 0092 2046     		mov	r0, r4
 2672 0094 FFF7FEFF 		bl	AppUsart1_GetConfiguredFrequency
 2673              	.LVL229:
 2674 0098 0646     		mov	r6, r0
 2675              	.LVL230:
 452:Core/Src/app_usart1.c ****            (unsigned int)s_timeout_retry_count,
 2676              		.loc 1 452 7 is_stmt 1 view .LVU707
 2677 009a 0246     		mov	r2, r0
 2678 009c 284B     		ldr	r3, .L204+20
 2679 009e 1978     		ldrb	r1, [r3]	@ zero_extendqisi2
ARM GAS  C:\Users\40918\AppData\Local\Temp\ccLLydfV.s 			page 67


 2680 00a0 2848     		ldr	r0, .L204+24
 2681              	.LVL231:
 452:Core/Src/app_usart1.c ****            (unsigned int)s_timeout_retry_count,
 2682              		.loc 1 452 7 is_stmt 0 view .LVU708
 2683 00a2 FFF7FEFF 		bl	printf
 2684              	.LVL232:
 455:Core/Src/app_usart1.c ****       AppUsart1_DelayMs(USART1_RECOVERY_CMD_GAP_MS);
 2685              		.loc 1 455 7 is_stmt 1 view .LVU709
 2686 00a6 284F     		ldr	r7, .L204+28
 2687 00a8 3946     		mov	r1, r7
 2688 00aa 2046     		mov	r0, r4
 2689 00ac FFF7FEFF 		bl	AppUsart1_SendStopSamplingWithLog
 2690              	.LVL233:
 456:Core/Src/app_usart1.c ****       AppUsart1_SendSetFrequencyWithLog(ctx, freq, "timeout-recovery");
 2691              		.loc 1 456 7 view .LVU710
 2692 00b0 6420     		movs	r0, #100
 2693 00b2 FFF7FEFF 		bl	AppUsart1_DelayMs
 2694              	.LVL234:
 457:Core/Src/app_usart1.c ****       AppUsart1_DelayMs(USART1_RECOVERY_CMD_GAP_MS);
 2695              		.loc 1 457 7 view .LVU711
 2696 00b6 3A46     		mov	r2, r7
 2697 00b8 3146     		mov	r1, r6
 2698 00ba 2046     		mov	r0, r4
 2699 00bc FFF7FEFF 		bl	AppUsart1_SendSetFrequencyWithLog
 2700              	.LVL235:
 458:Core/Src/app_usart1.c ****       AppUsart1_SendStartSamplingWithLog(ctx, "timeout-recovery");
 2701              		.loc 1 458 7 view .LVU712
 2702 00c0 6420     		movs	r0, #100
 2703 00c2 FFF7FEFF 		bl	AppUsart1_DelayMs
 2704              	.LVL236:
 459:Core/Src/app_usart1.c ****       s_last_sample_tick_ms = now_ms;
 2705              		.loc 1 459 7 view .LVU713
 2706 00c6 3946     		mov	r1, r7
 2707 00c8 2046     		mov	r0, r4
 2708 00ca FFF7FEFF 		bl	AppUsart1_SendStartSamplingWithLog
 2709              	.LVL237:
 460:Core/Src/app_usart1.c ****     }
 2710              		.loc 1 460 7 view .LVU714
 460:Core/Src/app_usart1.c ****     }
 2711              		.loc 1 460 29 is_stmt 0 view .LVU715
 2712 00ce 184B     		ldr	r3, .L204+4
 2713 00d0 1D60     		str	r5, [r3]
 2714              	.LBE16:
 2715 00d2 C7E7     		b	.L194
 2716              	.LVL238:
 2717              	.L196:
 464:Core/Src/app_usart1.c ****            (unsigned int)s_timeout_retry_count);
 2718              		.loc 1 464 7 is_stmt 1 view .LVU716
 2719 00d4 1D48     		ldr	r0, .L204+32
 2720 00d6 FFF7FEFF 		bl	printf
 2721              	.LVL239:
 466:Core/Src/app_usart1.c ****       AppUsart1_OnRxInterrupted(ctx);
 2722              		.loc 1 466 7 view .LVU717
 466:Core/Src/app_usart1.c ****       AppUsart1_OnRxInterrupted(ctx);
 2723              		.loc 1 466 29 is_stmt 0 view .LVU718
 2724 00da 194B     		ldr	r3, .L204+20
 2725 00dc 0022     		movs	r2, #0
ARM GAS  C:\Users\40918\AppData\Local\Temp\ccLLydfV.s 			page 68


 2726 00de 1A70     		strb	r2, [r3]
 467:Core/Src/app_usart1.c ****       AppUsart1_DelayMs(USART1_RECOVERY_CMD_GAP_MS);
 2727              		.loc 1 467 7 is_stmt 1 view .LVU719
 2728 00e0 2046     		mov	r0, r4
 2729 00e2 FFF7FEFF 		bl	AppUsart1_OnRxInterrupted
 2730              	.LVL240:
 468:Core/Src/app_usart1.c ****       AppUsart1_SendSetFrequencyWithLog(ctx, AppUsart1_GetConfiguredFrequency(ctx), "power-cycle-re
 2731              		.loc 1 468 7 view .LVU720
 2732 00e6 6420     		movs	r0, #100
 2733 00e8 FFF7FEFF 		bl	AppUsart1_DelayMs
 2734              	.LVL241:
 469:Core/Src/app_usart1.c ****       AppUsart1_DelayMs(USART1_RECOVERY_CMD_GAP_MS);
 2735              		.loc 1 469 7 view .LVU721
 2736 00ec 2046     		mov	r0, r4
 2737 00ee FFF7FEFF 		bl	AppUsart1_GetConfiguredFrequency
 2738              	.LVL242:
 2739 00f2 0146     		mov	r1, r0
 469:Core/Src/app_usart1.c ****       AppUsart1_DelayMs(USART1_RECOVERY_CMD_GAP_MS);
 2740              		.loc 1 469 7 is_stmt 0 discriminator 1 view .LVU722
 2741 00f4 164E     		ldr	r6, .L204+36
 2742 00f6 3246     		mov	r2, r6
 2743 00f8 2046     		mov	r0, r4
 2744 00fa FFF7FEFF 		bl	AppUsart1_SendSetFrequencyWithLog
 2745              	.LVL243:
 470:Core/Src/app_usart1.c ****       AppUsart1_SendStartSamplingWithLog(ctx, "power-cycle-recovery");
 2746              		.loc 1 470 7 is_stmt 1 view .LVU723
 2747 00fe 6420     		movs	r0, #100
 2748 0100 FFF7FEFF 		bl	AppUsart1_DelayMs
 2749              	.LVL244:
 471:Core/Src/app_usart1.c ****       s_last_sample_tick_ms = HAL_GetTick();
 2750              		.loc 1 471 7 view .LVU724
 2751 0104 3146     		mov	r1, r6
 2752 0106 2046     		mov	r0, r4
 2753 0108 FFF7FEFF 		bl	AppUsart1_SendStartSamplingWithLog
 2754              	.LVL245:
 472:Core/Src/app_usart1.c ****     }
 2755              		.loc 1 472 7 view .LVU725
 472:Core/Src/app_usart1.c ****     }
 2756              		.loc 1 472 31 is_stmt 0 view .LVU726
 2757 010c FFF7FEFF 		bl	HAL_GetTick
 2758              	.LVL246:
 472:Core/Src/app_usart1.c ****     }
 2759              		.loc 1 472 29 discriminator 1 view .LVU727
 2760 0110 074B     		ldr	r3, .L204+4
 2761 0112 1860     		str	r0, [r3]
 2762 0114 A6E7     		b	.L194
 2763              	.L203:
 472:Core/Src/app_usart1.c ****     }
 2764              		.loc 1 472 29 discriminator 1 view .LVU728
 2765              	.LBE15:
 478:Core/Src/app_usart1.c ****     (void)AppUsart1_SendFrameDma(ctx, s_hb_frame, sizeof(s_hb_frame), 100U);
 2766              		.loc 1 478 5 is_stmt 1 view .LVU729
 479:Core/Src/app_usart1.c ****     hb_tick = now_ms;
 2767              		.loc 1 479 5 view .LVU730
 479:Core/Src/app_usart1.c ****     hb_tick = now_ms;
 2768              		.loc 1 479 11 is_stmt 0 view .LVU731
 2769 0116 6423     		movs	r3, #100
ARM GAS  C:\Users\40918\AppData\Local\Temp\ccLLydfV.s 			page 69


 2770 0118 0922     		movs	r2, #9
 2771 011a 0E49     		ldr	r1, .L204+40
 2772 011c 2046     		mov	r0, r4
 2773 011e FFF7FEFF 		bl	AppUsart1_SendFrameDma
 2774              	.LVL247:
 480:Core/Src/app_usart1.c ****   }
 2775              		.loc 1 480 5 is_stmt 1 view .LVU732
 480:Core/Src/app_usart1.c ****   }
 2776              		.loc 1 480 13 is_stmt 0 view .LVU733
 2777 0122 054B     		ldr	r3, .L204+12
 2778 0124 1D60     		str	r5, [r3]
 2779 0126 A3E7     		b	.L186
 2780              	.LVL248:
 2781              	.L199:
 2782              	.LCFI57:
 2783              		.cfi_def_cfa_offset 0
 2784              		.cfi_restore 4
 2785              		.cfi_restore 5
 2786              		.cfi_restore 6
 2787              		.cfi_restore 7
 2788              		.cfi_restore 14
 480:Core/Src/app_usart1.c ****   }
 2789              		.loc 1 480 13 view .LVU734
 2790 0128 7047     		bx	lr
 2791              	.L205:
 2792 012a 00BF     		.align	2
 2793              	.L204:
 2794 012c 00000000 		.word	s_start_sampling_pending
 2795 0130 00000000 		.word	s_last_sample_tick_ms
 2796 0134 00000000 		.word	s_sampling_active
 2797 0138 00000000 		.word	hb_tick.0
 2798 013c 00000000 		.word	.LC23
 2799 0140 00000000 		.word	s_timeout_retry_count
 2800 0144 3C000000 		.word	.LC24
 2801 0148 78000000 		.word	.LC25
 2802 014c 8C000000 		.word	.LC26
 2803 0150 D8000000 		.word	.LC27
 2804 0154 00000000 		.word	s_hb_frame
 2805              		.cfi_endproc
 2806              	.LFE253:
 2808              		.section	.bss.hb_tick.0,"aw",%nobits
 2809              		.align	2
 2812              	hb_tick.0:
 2813 0000 00000000 		.space	4
 2814              		.section	.bss.s_timeout_retry_count,"aw",%nobits
 2817              	s_timeout_retry_count:
 2818 0000 00       		.space	1
 2819              		.section	.bss.s_rx_dma_last_pos,"aw",%nobits
 2820              		.align	1
 2823              	s_rx_dma_last_pos:
 2824 0000 0000     		.space	2
 2825              		.section	.bss.s_rx_accum_len,"aw",%nobits
 2826              		.align	1
 2829              	s_rx_accum_len:
 2830 0000 0000     		.space	2
 2831              		.section	.bss.s_rx_accum_buf,"aw",%nobits
 2832              		.align	2
ARM GAS  C:\Users\40918\AppData\Local\Temp\ccLLydfV.s 			page 70


 2835              	s_rx_accum_buf:
 2836 0000 00000000 		.space	256
 2836      00000000 
 2836      00000000 
 2836      00000000 
 2836      00000000 
 2837              		.section	.bss.s_start_sampling_pending,"aw",%nobits
 2840              	s_start_sampling_pending:
 2841 0000 00       		.space	1
 2842              		.section	.bss.s_sample_log_counter,"aw",%nobits
 2843              		.align	2
 2846              	s_sample_log_counter:
 2847 0000 00000000 		.space	4
 2848              		.section	.bss.s_frame_no_inited,"aw",%nobits
 2851              	s_frame_no_inited:
 2852 0000 00       		.space	1
 2853              		.section	.bss.s_last_frame_no,"aw",%nobits
 2854              		.align	1
 2857              	s_last_frame_no:
 2858 0000 0000     		.space	2
 2859              		.section	.bss.s_last_sample_tick_ms,"aw",%nobits
 2860              		.align	2
 2863              	s_last_sample_tick_ms:
 2864 0000 00000000 		.space	4
 2865              		.section	.bss.s_sampling_active,"aw",%nobits
 2868              	s_sampling_active:
 2869 0000 00       		.space	1
 2870              		.section	.bss.s_hb_frame,"aw",%nobits
 2871              		.align	2
 2874              	s_hb_frame:
 2875 0000 00000000 		.space	9
 2875      00000000 
 2875      00
 2876              		.section	.data.s_usart1_tx_done,"aw"
 2879              	s_usart1_tx_done:
 2880 0000 01       		.byte	1
 2881              		.text
 2882              	.Letext0:
 2883              		.file 2 "D:/Tools/Arm GNU Toolchain arm-none-eabi/13.3 rel1/arm-none-eabi/include/machine/_default
 2884              		.file 3 "D:/Tools/Arm GNU Toolchain arm-none-eabi/13.3 rel1/arm-none-eabi/include/sys/_stdint.h"
 2885              		.file 4 "Drivers/CMSIS/Device/ST/STM32F4xx/Include/stm32f407xx.h"
 2886              		.file 5 "D:/Tools/Arm GNU Toolchain arm-none-eabi/13.3 rel1/lib/gcc/arm-none-eabi/13.3.1/include/s
 2887              		.file 6 "Drivers/STM32F4xx_HAL_Driver/Inc/stm32f4xx_hal_def.h"
 2888              		.file 7 "Drivers/STM32F4xx_HAL_Driver/Inc/stm32f4xx_hal_dma.h"
 2889              		.file 8 "Drivers/STM32F4xx_HAL_Driver/Inc/stm32f4xx_hal_uart.h"
 2890              		.file 9 "Core/Inc/main.h"
 2891              		.file 10 "Middlewares/Third_Party/FreeRTOS/Source/CMSIS_RTOS_V2/cmsis_os2.h"
 2892              		.file 11 "Core/Inc/app_usart1.h"
 2893              		.file 12 "D:/Tools/Arm GNU Toolchain arm-none-eabi/13.3 rel1/arm-none-eabi/include/string.h"
 2894              		.file 13 "Drivers/STM32F4xx_HAL_Driver/Inc/stm32f4xx_hal.h"
 2895              		.file 14 "Core/Inc/modbus_master.h"
 2896              		.file 15 "<built-in>"
ARM GAS  C:\Users\40918\AppData\Local\Temp\ccLLydfV.s 			page 71


DEFINED SYMBOLS
                            *ABS*:00000000 app_usart1.c
C:\Users\40918\AppData\Local\Temp\ccLLydfV.s:21     .text.AppUsart1_U32ToFloat:00000000 $t
C:\Users\40918\AppData\Local\Temp\ccLLydfV.s:26     .text.AppUsart1_U32ToFloat:00000000 AppUsart1_U32ToFloat
C:\Users\40918\AppData\Local\Temp\ccLLydfV.s:45     .text.AppUsart1_FrequencyToCmdValue:00000000 $t
C:\Users\40918\AppData\Local\Temp\ccLLydfV.s:50     .text.AppUsart1_FrequencyToCmdValue:00000000 AppUsart1_FrequencyToCmdValue
C:\Users\40918\AppData\Local\Temp\ccLLydfV.s:86     .text.AppUsart1_OnRxInterrupted:00000000 $t
C:\Users\40918\AppData\Local\Temp\ccLLydfV.s:91     .text.AppUsart1_OnRxInterrupted:00000000 AppUsart1_OnRxInterrupted
C:\Users\40918\AppData\Local\Temp\ccLLydfV.s:130    .text.AppUsart1_GetConfiguredFrequency:00000000 $t
C:\Users\40918\AppData\Local\Temp\ccLLydfV.s:135    .text.AppUsart1_GetConfiguredFrequency:00000000 AppUsart1_GetConfiguredFrequency
C:\Users\40918\AppData\Local\Temp\ccLLydfV.s:202    .rodata.AppUsart1_OnFrameNoDiscontinuity.str1.4:00000000 $d
C:\Users\40918\AppData\Local\Temp\ccLLydfV.s:207    .text.AppUsart1_OnFrameNoDiscontinuity:00000000 $t
C:\Users\40918\AppData\Local\Temp\ccLLydfV.s:212    .text.AppUsart1_OnFrameNoDiscontinuity:00000000 AppUsart1_OnFrameNoDiscontinuity
C:\Users\40918\AppData\Local\Temp\ccLLydfV.s:240    .text.AppUsart1_OnFrameNoDiscontinuity:00000010 $d
C:\Users\40918\AppData\Local\Temp\ccLLydfV.s:245    .text.AppUsart1_BuildFrame:00000000 $t
C:\Users\40918\AppData\Local\Temp\ccLLydfV.s:250    .text.AppUsart1_BuildFrame:00000000 AppUsart1_BuildFrame
C:\Users\40918\AppData\Local\Temp\ccLLydfV.s:315    .rodata.AppUsart1_ParseSampleFrame.str1.4:00000000 $d
C:\Users\40918\AppData\Local\Temp\ccLLydfV.s:323    .text.AppUsart1_ParseSampleFrame:00000000 $t
C:\Users\40918\AppData\Local\Temp\ccLLydfV.s:328    .text.AppUsart1_ParseSampleFrame:00000000 AppUsart1_ParseSampleFrame
C:\Users\40918\AppData\Local\Temp\ccLLydfV.s:706    .text.AppUsart1_ParseSampleFrame:00000168 $d
C:\Users\40918\AppData\Local\Temp\ccLLydfV.s:2851   .bss.s_frame_no_inited:00000000 s_frame_no_inited
C:\Users\40918\AppData\Local\Temp\ccLLydfV.s:2857   .bss.s_last_frame_no:00000000 s_last_frame_no
C:\Users\40918\AppData\Local\Temp\ccLLydfV.s:2863   .bss.s_last_sample_tick_ms:00000000 s_last_sample_tick_ms
C:\Users\40918\AppData\Local\Temp\ccLLydfV.s:2817   .bss.s_timeout_retry_count:00000000 s_timeout_retry_count
C:\Users\40918\AppData\Local\Temp\ccLLydfV.s:2846   .bss.s_sample_log_counter:00000000 s_sample_log_counter
C:\Users\40918\AppData\Local\Temp\ccLLydfV.s:717    .rodata.AppUsart1_HandleRxChunk.str1.4:00000000 $d
C:\Users\40918\AppData\Local\Temp\ccLLydfV.s:722    .text.AppUsart1_HandleRxChunk:00000000 $t
C:\Users\40918\AppData\Local\Temp\ccLLydfV.s:727    .text.AppUsart1_HandleRxChunk:00000000 AppUsart1_HandleRxChunk
C:\Users\40918\AppData\Local\Temp\ccLLydfV.s:963    .text.AppUsart1_HandleRxChunk:000000d4 $d
C:\Users\40918\AppData\Local\Temp\ccLLydfV.s:2829   .bss.s_rx_accum_len:00000000 s_rx_accum_len
C:\Users\40918\AppData\Local\Temp\ccLLydfV.s:2835   .bss.s_rx_accum_buf:00000000 s_rx_accum_buf
C:\Users\40918\AppData\Local\Temp\ccLLydfV.s:971    .text.AppUsart1_DelayMs:00000000 $t
C:\Users\40918\AppData\Local\Temp\ccLLydfV.s:976    .text.AppUsart1_DelayMs:00000000 AppUsart1_DelayMs
C:\Users\40918\AppData\Local\Temp\ccLLydfV.s:1015   .text.AppUsart1_Delay1ms:00000000 $t
C:\Users\40918\AppData\Local\Temp\ccLLydfV.s:1020   .text.AppUsart1_Delay1ms:00000000 AppUsart1_Delay1ms
C:\Users\40918\AppData\Local\Temp\ccLLydfV.s:1055   .rodata.AppUsart1_SendFrameDma.str1.4:00000000 $d
C:\Users\40918\AppData\Local\Temp\ccLLydfV.s:1065   .text.AppUsart1_SendFrameDma:00000000 $t
C:\Users\40918\AppData\Local\Temp\ccLLydfV.s:1070   .text.AppUsart1_SendFrameDma:00000000 AppUsart1_SendFrameDma
C:\Users\40918\AppData\Local\Temp\ccLLydfV.s:1217   .text.AppUsart1_SendFrameDma:00000088 $d
C:\Users\40918\AppData\Local\Temp\ccLLydfV.s:2879   .data.s_usart1_tx_done:00000000 s_usart1_tx_done
C:\Users\40918\AppData\Local\Temp\ccLLydfV.s:1226   .rodata.AppUsart1_LogFrameError.str1.4:00000000 $d
C:\Users\40918\AppData\Local\Temp\ccLLydfV.s:1242   .text.AppUsart1_LogFrameError:00000000 $t
C:\Users\40918\AppData\Local\Temp\ccLLydfV.s:1247   .text.AppUsart1_LogFrameError:00000000 AppUsart1_LogFrameError
C:\Users\40918\AppData\Local\Temp\ccLLydfV.s:1343   .text.AppUsart1_LogFrameError:00000050 $d
C:\Users\40918\AppData\Local\Temp\ccLLydfV.s:1352   .rodata.AppUsart1_Init.str1.4:00000000 $d
C:\Users\40918\AppData\Local\Temp\ccLLydfV.s:1356   .text.AppUsart1_Init:00000000 $t
C:\Users\40918\AppData\Local\Temp\ccLLydfV.s:1362   .text.AppUsart1_Init:00000000 AppUsart1_Init
C:\Users\40918\AppData\Local\Temp\ccLLydfV.s:1472   .text.AppUsart1_Init:0000005c $d
C:\Users\40918\AppData\Local\Temp\ccLLydfV.s:2874   .bss.s_hb_frame:00000000 s_hb_frame
C:\Users\40918\AppData\Local\Temp\ccLLydfV.s:2840   .bss.s_start_sampling_pending:00000000 s_start_sampling_pending
C:\Users\40918\AppData\Local\Temp\ccLLydfV.s:2823   .bss.s_rx_dma_last_pos:00000000 s_rx_dma_last_pos
C:\Users\40918\AppData\Local\Temp\ccLLydfV.s:1481   .text.AppUsart1_OnTxCplt:00000000 $t
C:\Users\40918\AppData\Local\Temp\ccLLydfV.s:1487   .text.AppUsart1_OnTxCplt:00000000 AppUsart1_OnTxCplt
C:\Users\40918\AppData\Local\Temp\ccLLydfV.s:1506   .text.AppUsart1_OnTxCplt:00000008 $d
C:\Users\40918\AppData\Local\Temp\ccLLydfV.s:1511   .rodata.AppUsart1_OnRxEvent.str1.4:00000000 $d
C:\Users\40918\AppData\Local\Temp\ccLLydfV.s:1516   .text.AppUsart1_OnRxEvent:00000000 $t
C:\Users\40918\AppData\Local\Temp\ccLLydfV.s:1522   .text.AppUsart1_OnRxEvent:00000000 AppUsart1_OnRxEvent
ARM GAS  C:\Users\40918\AppData\Local\Temp\ccLLydfV.s 			page 72


C:\Users\40918\AppData\Local\Temp\ccLLydfV.s:1781   .text.AppUsart1_OnRxEvent:000000f0 $d
C:\Users\40918\AppData\Local\Temp\ccLLydfV.s:1788   .rodata.AppUsart1_OnError.str1.4:00000000 $d
C:\Users\40918\AppData\Local\Temp\ccLLydfV.s:1795   .text.AppUsart1_OnError:00000000 $t
C:\Users\40918\AppData\Local\Temp\ccLLydfV.s:1801   .text.AppUsart1_OnError:00000000 AppUsart1_OnError
C:\Users\40918\AppData\Local\Temp\ccLLydfV.s:1876   .text.AppUsart1_OnError:00000044 $d
C:\Users\40918\AppData\Local\Temp\ccLLydfV.s:1882   .rodata.AppUsart1_SendStartSampling.str1.4:00000000 $d
C:\Users\40918\AppData\Local\Temp\ccLLydfV.s:1886   .text.AppUsart1_SendStartSampling:00000000 $t
C:\Users\40918\AppData\Local\Temp\ccLLydfV.s:1892   .text.AppUsart1_SendStartSampling:00000000 AppUsart1_SendStartSampling
C:\Users\40918\AppData\Local\Temp\ccLLydfV.s:2002   .text.AppUsart1_SendStartSampling:00000058 $d
C:\Users\40918\AppData\Local\Temp\ccLLydfV.s:2868   .bss.s_sampling_active:00000000 s_sampling_active
C:\Users\40918\AppData\Local\Temp\ccLLydfV.s:2013   .rodata.AppUsart1_SendStartSamplingWithLog.str1.4:00000000 $d
C:\Users\40918\AppData\Local\Temp\ccLLydfV.s:2024   .text.AppUsart1_SendStartSamplingWithLog:00000000 $t
C:\Users\40918\AppData\Local\Temp\ccLLydfV.s:2030   .text.AppUsart1_SendStartSamplingWithLog:00000000 AppUsart1_SendStartSamplingWithLog
C:\Users\40918\AppData\Local\Temp\ccLLydfV.s:2156   .text.AppUsart1_SendStartSamplingWithLog:00000070 $d
C:\Users\40918\AppData\Local\Temp\ccLLydfV.s:2170   .text.AppUsart1_SendStopSampling:00000000 $t
C:\Users\40918\AppData\Local\Temp\ccLLydfV.s:2176   .text.AppUsart1_SendStopSampling:00000000 AppUsart1_SendStopSampling
C:\Users\40918\AppData\Local\Temp\ccLLydfV.s:2234   .text.AppUsart1_SendStopSampling:0000002c $d
C:\Users\40918\AppData\Local\Temp\ccLLydfV.s:2239   .rodata.AppUsart1_SendStopSamplingWithLog.str1.4:00000000 $d
C:\Users\40918\AppData\Local\Temp\ccLLydfV.s:2243   .text.AppUsart1_SendStopSamplingWithLog:00000000 $t
C:\Users\40918\AppData\Local\Temp\ccLLydfV.s:2249   .text.AppUsart1_SendStopSamplingWithLog:00000000 AppUsart1_SendStopSamplingWithLog
C:\Users\40918\AppData\Local\Temp\ccLLydfV.s:2314   .text.AppUsart1_SendStopSamplingWithLog:0000003c $d
C:\Users\40918\AppData\Local\Temp\ccLLydfV.s:2320   .text.AppUsart1_SendSetFrequency:00000000 $t
C:\Users\40918\AppData\Local\Temp\ccLLydfV.s:2326   .text.AppUsart1_SendSetFrequency:00000000 AppUsart1_SendSetFrequency
C:\Users\40918\AppData\Local\Temp\ccLLydfV.s:2386   .rodata.AppUsart1_SendSetFrequencyWithLog.str1.4:00000000 $d
C:\Users\40918\AppData\Local\Temp\ccLLydfV.s:2394   .text.AppUsart1_SendSetFrequencyWithLog:00000000 $t
C:\Users\40918\AppData\Local\Temp\ccLLydfV.s:2400   .text.AppUsart1_SendSetFrequencyWithLog:00000000 AppUsart1_SendSetFrequencyWithLog
C:\Users\40918\AppData\Local\Temp\ccLLydfV.s:2487   .text.AppUsart1_SendSetFrequencyWithLog:00000054 $d
C:\Users\40918\AppData\Local\Temp\ccLLydfV.s:2494   .rodata.AppUsart1_Process.str1.4:00000000 $d
C:\Users\40918\AppData\Local\Temp\ccLLydfV.s:2513   .text.AppUsart1_Process:00000000 $t
C:\Users\40918\AppData\Local\Temp\ccLLydfV.s:2519   .text.AppUsart1_Process:00000000 AppUsart1_Process
C:\Users\40918\AppData\Local\Temp\ccLLydfV.s:2794   .text.AppUsart1_Process:0000012c $d
C:\Users\40918\AppData\Local\Temp\ccLLydfV.s:2812   .bss.hb_tick.0:00000000 hb_tick.0
C:\Users\40918\AppData\Local\Temp\ccLLydfV.s:2809   .bss.hb_tick.0:00000000 $d
C:\Users\40918\AppData\Local\Temp\ccLLydfV.s:2818   .bss.s_timeout_retry_count:00000000 $d
C:\Users\40918\AppData\Local\Temp\ccLLydfV.s:2820   .bss.s_rx_dma_last_pos:00000000 $d
C:\Users\40918\AppData\Local\Temp\ccLLydfV.s:2826   .bss.s_rx_accum_len:00000000 $d
C:\Users\40918\AppData\Local\Temp\ccLLydfV.s:2832   .bss.s_rx_accum_buf:00000000 $d
C:\Users\40918\AppData\Local\Temp\ccLLydfV.s:2841   .bss.s_start_sampling_pending:00000000 $d
C:\Users\40918\AppData\Local\Temp\ccLLydfV.s:2843   .bss.s_sample_log_counter:00000000 $d
C:\Users\40918\AppData\Local\Temp\ccLLydfV.s:2852   .bss.s_frame_no_inited:00000000 $d
C:\Users\40918\AppData\Local\Temp\ccLLydfV.s:2854   .bss.s_last_frame_no:00000000 $d
C:\Users\40918\AppData\Local\Temp\ccLLydfV.s:2860   .bss.s_last_sample_tick_ms:00000000 $d
C:\Users\40918\AppData\Local\Temp\ccLLydfV.s:2869   .bss.s_sampling_active:00000000 $d
C:\Users\40918\AppData\Local\Temp\ccLLydfV.s:2871   .bss.s_hb_frame:00000000 $d

UNDEFINED SYMBOLS
printf
ModbusMaster_Crc16
HAL_GetTick
osMutexAcquire
osEventFlagsSet
osMutexRelease
memcpy
memmove
osKernelGetState
HAL_Delay
osDelay
ARM GAS  C:\Users\40918\AppData\Local\Temp\ccLLydfV.s 			page 73


HAL_UART_Transmit_DMA
putchar
puts
HAL_UARTEx_ReceiveToIdle_DMA
osMessageQueuePut
osMessageQueueGet
