ARM GAS  C:\Users\40918\AppData\Local\Temp\ccc2gyMS.s 			page 1


   1              		.cpu cortex-m4
   2              		.arch armv7e-m
   3              		.fpu fpv4-sp-d16
   4              		.eabi_attribute 27, 1
   5              		.eabi_attribute 28, 1
   6              		.eabi_attribute 20, 1
   7              		.eabi_attribute 21, 1
   8              		.eabi_attribute 23, 3
   9              		.eabi_attribute 24, 1
  10              		.eabi_attribute 25, 1
  11              		.eabi_attribute 26, 1
  12              		.eabi_attribute 30, 1
  13              		.eabi_attribute 34, 1
  14              		.eabi_attribute 18, 4
  15              		.file	"main.c"
  16              		.text
  17              	.Ltext0:
  18              		.cfi_sections	.debug_frame
  19              		.file 1 "Core/Src/main.c"
  20              		.section	.text.MX_SDIO_SD_Init,"ax",%progbits
  21              		.align	1
  22              		.syntax unified
  23              		.thumb
  24              		.thumb_func
  26              	MX_SDIO_SD_Init:
  27              	.LFB252:
   1:Core/Src/main.c **** /* USER CODE BEGIN Header */
   2:Core/Src/main.c **** /**
   3:Core/Src/main.c ****   ******************************************************************************
   4:Core/Src/main.c ****   * @file           : main.c
   5:Core/Src/main.c ****   * @brief          : Main program body
   6:Core/Src/main.c ****   ******************************************************************************
   7:Core/Src/main.c ****   * @attention
   8:Core/Src/main.c ****   *
   9:Core/Src/main.c ****   * Copyright (c) 2026 STMicroelectronics.
  10:Core/Src/main.c ****   * All rights reserved.
  11:Core/Src/main.c ****   *
  12:Core/Src/main.c ****   * This software is licensed under terms that can be found in the LICENSE file
  13:Core/Src/main.c ****   * in the root directory of this software component.
  14:Core/Src/main.c ****   * If no LICENSE file comes with this software, it is provided AS-IS.
  15:Core/Src/main.c ****   *
  16:Core/Src/main.c ****   ******************************************************************************
  17:Core/Src/main.c ****   */
  18:Core/Src/main.c **** /* USER CODE END Header */
  19:Core/Src/main.c **** /* Includes ------------------------------------------------------------------*/
  20:Core/Src/main.c **** #include "main.h"
  21:Core/Src/main.c **** #include "cmsis_os.h"
  22:Core/Src/main.c **** #include "fatfs.h"
  23:Core/Src/main.c **** #include "rpm.h"
  24:Core/Src/main.c **** #include "modbus_master.h"
  25:Core/Src/main.c **** #include "protocol_map.h"
  26:Core/Src/main.c **** #include "protocol_values.h"
  27:Core/Src/main.c **** #include "app_log_sd.h"
  28:Core/Src/main.c **** #include "app_tx_result.h"
  29:Core/Src/main.c **** #include "app_usart1.h"
  30:Core/Src/main.c **** #include "app_modbus_u2.h"
  31:Core/Src/main.c **** #include "app_calc.h"
ARM GAS  C:\Users\40918\AppData\Local\Temp\ccc2gyMS.s 			page 2


  32:Core/Src/main.c **** #include "app_avg_power_cache.h"
  33:Core/Src/main.c **** #include "app_param_store.h"
  34:Core/Src/main.c **** #include <stdio.h>
  35:Core/Src/main.c **** 
  36:Core/Src/main.c **** /* Private includes ----------------------------------------------------------*/
  37:Core/Src/main.c **** /* USER CODE BEGIN Includes */
  38:Core/Src/main.c **** #include <string.h>
  39:Core/Src/main.c **** 
  40:Core/Src/main.c **** /* USER CODE END Includes */
  41:Core/Src/main.c **** 
  42:Core/Src/main.c **** /* Private typedef -----------------------------------------------------------*/
  43:Core/Src/main.c **** /* USER CODE BEGIN PTD */
  44:Core/Src/main.c **** 
  45:Core/Src/main.c **** /* USER CODE END PTD */
  46:Core/Src/main.c **** 
  47:Core/Src/main.c **** /* Private define ------------------------------------------------------------*/
  48:Core/Src/main.c **** /* USER CODE BEGIN PD */
  49:Core/Src/main.c **** #define USART1_RX_DMA_BUF_SIZE 128U
  50:Core/Src/main.c **** #define RPM_PULSES_PER_REV      1U
  51:Core/Src/main.c **** #define RPM_MIN_PERIOD_US     200U
  52:Core/Src/main.c **** #define RPM_TIMEOUT_US    10000000U
  53:Core/Src/main.c **** #define RPM_AVG_WINDOW_US  3000000U
  54:Core/Src/main.c **** #define RPM_AVG_ENABLE          1U
  55:Core/Src/main.c **** #define MODBUS_U2_SLAVE_ID      0x01U
  56:Core/Src/main.c **** #define MODBUS_U2_RX_DMA_SIZE   128U
  57:Core/Src/main.c **** #define MODBUS_U2_PERIOD_MS    1000U
  58:Core/Src/main.c **** #define MODBUS_U2_BAUDRATE      9600U
  59:Core/Src/main.c **** #define MODBUS_U2_USE_8E1      0U
  60:Core/Src/main.c **** #define SD_LOG_FILE_PATH         "0:/shaft_log.csv"
  61:Core/Src/main.c **** #define TX_RESULT_PERIOD_MS      1000U
  62:Core/Src/main.c **** #define TX_RESULT_SLAVE_ID       0x01U
  63:Core/Src/main.c **** #define TX_RESULT_START_ADDR     0x0000U
  64:Core/Src/main.c **** #define TX_RESULT_REG_COUNT      8U
  65:Core/Src/main.c **** #define WDG_CHECK_PERIOD_MS      1000U
  66:Core/Src/main.c **** #define PC2_ADC_LOW_THRESHOLD_MV 1500U
  67:Core/Src/main.c **** #define PC2_ADC_LOW_COUNT_LIMIT  2U
  68:Core/Src/main.c **** #define PC2_ADC_SAMPLE_PERIOD_MS 10U
  69:Core/Src/main.c **** #define PC2_ADC_VREF_MV          3300U
  70:Core/Src/main.c **** #define PC2_ADC_MAX_COUNT        4095U
  71:Core/Src/main.c **** /* IWDG timeout ~ (Reload + 1) * Prescaler / LSI = 2500 * 64 / 32000 = 5s */
  72:Core/Src/main.c **** #define RTC_INIT_MARKER_VALUE 0xA5A55A5AU
  73:Core/Src/main.c **** #define TX_ENABLE_USART3_DEFAULT 0U
  74:Core/Src/main.c **** #define TX_ENABLE_UART6_DEFAULT  0U
  75:Core/Src/main.c **** 
  76:Core/Src/main.c **** /* USER CODE END PD */
  77:Core/Src/main.c **** 
  78:Core/Src/main.c **** /* Private macro -------------------------------------------------------------*/
  79:Core/Src/main.c **** /* USER CODE BEGIN PM */
  80:Core/Src/main.c **** 
  81:Core/Src/main.c **** /* USER CODE END PM */
  82:Core/Src/main.c **** 
  83:Core/Src/main.c **** /* Private variables ---------------------------------------------------------*/
  84:Core/Src/main.c **** ADC_HandleTypeDef hadc1;
  85:Core/Src/main.c **** DMA_HandleTypeDef hdma_adc1;
  86:Core/Src/main.c **** 
  87:Core/Src/main.c **** IWDG_HandleTypeDef hiwdg;
  88:Core/Src/main.c **** RTC_HandleTypeDef hrtc;
ARM GAS  C:\Users\40918\AppData\Local\Temp\ccc2gyMS.s 			page 3


  89:Core/Src/main.c **** 
  90:Core/Src/main.c **** SD_HandleTypeDef hsd;
  91:Core/Src/main.c **** DMA_HandleTypeDef hdma_sdio_rx;
  92:Core/Src/main.c **** DMA_HandleTypeDef hdma_sdio_tx;
  93:Core/Src/main.c **** 
  94:Core/Src/main.c **** TIM_HandleTypeDef htim5;
  95:Core/Src/main.c **** 
  96:Core/Src/main.c **** UART_HandleTypeDef huart1;
  97:Core/Src/main.c **** UART_HandleTypeDef huart2;
  98:Core/Src/main.c **** UART_HandleTypeDef huart3;
  99:Core/Src/main.c **** UART_HandleTypeDef huart6;
 100:Core/Src/main.c **** DMA_HandleTypeDef hdma_usart1_rx;
 101:Core/Src/main.c **** DMA_HandleTypeDef hdma_usart1_tx;
 102:Core/Src/main.c **** DMA_HandleTypeDef hdma_usart2_rx;
 103:Core/Src/main.c **** DMA_HandleTypeDef hdma_usart2_tx;
 104:Core/Src/main.c **** DMA_HandleTypeDef hdma_usart3_rx;
 105:Core/Src/main.c **** DMA_HandleTypeDef hdma_usart3_tx;
 106:Core/Src/main.c **** 
 107:Core/Src/main.c **** /* Definitions for defaultTask */
 108:Core/Src/main.c **** osThreadId_t defaultTaskHandle;
 109:Core/Src/main.c **** const osThreadAttr_t defaultTask_attributes = {
 110:Core/Src/main.c ****   .name = "defaultTask",
 111:Core/Src/main.c ****   .stack_size = 384 * 4,
 112:Core/Src/main.c ****   .priority = (osPriority_t) osPriorityLow,
 113:Core/Src/main.c **** };
 114:Core/Src/main.c **** /* USER CODE BEGIN PV */
 115:Core/Src/main.c **** osThreadId_t wirelessTaskHandle;
 116:Core/Src/main.c **** osThreadId_t modbusU2TaskHandle;
 117:Core/Src/main.c **** osThreadId_t calcLogTaskHandle;
 118:Core/Src/main.c **** osThreadId_t txResultTaskHandle;
 119:Core/Src/main.c **** osThreadId_t watchdogTaskHandle;
 120:Core/Src/main.c **** osThreadId_t sdLogTaskHandle;
 121:Core/Src/main.c **** osThreadId_t monitorTaskHandle;
 122:Core/Src/main.c **** 
 123:Core/Src/main.c **** osMessageQueueId_t qUsart1RxFramesHandle;
 124:Core/Src/main.c **** osMessageQueueId_t qModbusU2EventsHandle;
 125:Core/Src/main.c **** osMessageQueueId_t qResult1sHandle;
 126:Core/Src/main.c **** osEventFlagsId_t evtSystemFlagsHandle;
 127:Core/Src/main.c **** osMutexId_t mtxSharedDataHandle;
 128:Core/Src/main.c **** 
 129:Core/Src/main.c **** volatile wireless_sample_t g_wireless_latest;
 130:Core/Src/main.c **** volatile rpm_data_t g_rpm_latest;
 131:Core/Src/main.c **** volatile result_1s_t g_result_latest;
 132:Core/Src/main.c **** volatile diag_counters_t g_diag_counters;
 133:Core/Src/main.c **** 
 134:Core/Src/main.c **** 
 135:Core/Src/main.c **** const osThreadAttr_t wirelessTask_attributes = {
 136:Core/Src/main.c ****   .name = "wirelessTask",
 137:Core/Src/main.c ****   .stack_size = 256 * 4,
 138:Core/Src/main.c ****   .priority = (osPriority_t) osPriorityNormal,
 139:Core/Src/main.c **** };
 140:Core/Src/main.c **** 
 141:Core/Src/main.c **** const osThreadAttr_t modbusU2Task_attributes = {
 142:Core/Src/main.c ****   .name = "modbusU2Task",
 143:Core/Src/main.c ****   .stack_size = 512 * 4,
 144:Core/Src/main.c ****   .priority = (osPriority_t) osPriorityNormal,
 145:Core/Src/main.c **** };
ARM GAS  C:\Users\40918\AppData\Local\Temp\ccc2gyMS.s 			page 4


 146:Core/Src/main.c **** 
 147:Core/Src/main.c **** const osThreadAttr_t calcLogTask_attributes = {
 148:Core/Src/main.c ****   .name = "calcLogTask",
 149:Core/Src/main.c ****   .stack_size = 384 * 4,
 150:Core/Src/main.c ****   .priority = (osPriority_t) osPriorityNormal,
 151:Core/Src/main.c **** };
 152:Core/Src/main.c **** 
 153:Core/Src/main.c **** const osThreadAttr_t txResultTask_attributes = {
 154:Core/Src/main.c ****   .name = "txResultTask",
 155:Core/Src/main.c ****   .stack_size = 256 * 4,
 156:Core/Src/main.c ****   .priority = (osPriority_t) osPriorityBelowNormal,
 157:Core/Src/main.c **** };
 158:Core/Src/main.c **** 
 159:Core/Src/main.c **** const osThreadAttr_t watchdogTask_attributes = {
 160:Core/Src/main.c ****   .name = "watchdogTask",
 161:Core/Src/main.c ****   .stack_size = 256 * 4,
 162:Core/Src/main.c ****   .priority = (osPriority_t) osPriorityAboveNormal,
 163:Core/Src/main.c **** };
 164:Core/Src/main.c **** 
 165:Core/Src/main.c **** const osThreadAttr_t sdLogTask_attributes = {
 166:Core/Src/main.c ****   .name = "sdLogTask",
 167:Core/Src/main.c ****   .stack_size = 512 * 4,
 168:Core/Src/main.c ****   .priority = (osPriority_t) osPriorityBelowNormal,
 169:Core/Src/main.c **** };
 170:Core/Src/main.c **** 
 171:Core/Src/main.c **** const osThreadAttr_t monitorTask_attributes = {
 172:Core/Src/main.c ****   .name = "monitorTask",
 173:Core/Src/main.c ****   .stack_size = 256 * 4,
 174:Core/Src/main.c ****   .priority = (osPriority_t) osPriorityLow,
 175:Core/Src/main.c **** };
 176:Core/Src/main.c **** 
 177:Core/Src/main.c **** static uint8_t usart1_rx_dma_buf[USART1_RX_DMA_BUF_SIZE];
 178:Core/Src/main.c **** static uint8_t usart2_rx_dma_buf[MODBUS_U2_RX_DMA_SIZE];
 179:Core/Src/main.c **** static volatile uint8_t usart3_tx_done = 1U;
 180:Core/Src/main.c **** static volatile uint8_t g_tx_enable_usart3 = TX_ENABLE_USART3_DEFAULT;
 181:Core/Src/main.c **** static volatile uint8_t g_tx_enable_uart6 = TX_ENABLE_UART6_DEFAULT;
 182:Core/Src/main.c **** static volatile uint32_t g_pc2_adc_raw = PC2_ADC_MAX_COUNT;
 183:Core/Src/main.c **** static uint8_t g_pc2_adc_low_count = 0U;
 184:Core/Src/main.c **** static uint8_t g_board_low_count = 0U;
 185:Core/Src/main.c **** static app_usart1_ctx_t g_usart1_ctx;
 186:Core/Src/main.c **** static app_modbus_u2_ctx_t g_modbus_u2_ctx;
 187:Core/Src/main.c **** static app_calc_ctx_t g_calc_ctx;
 188:Core/Src/main.c **** static app_log_sd_ctx_t g_sd_log_ctx;
 189:Core/Src/main.c **** static protocol_values_t g_protocol_values;
 190:Core/Src/main.c **** 
 191:Core/Src/main.c **** static const modbus_poll_item_t s_modbus_07xx_poll_list[] = {
 192:Core/Src/main.c ****   {0x07D0U, 2U},
 193:Core/Src/main.c ****   {0x07D2U, 2U},
 194:Core/Src/main.c ****   {0x07D4U, 2U},
 195:Core/Src/main.c ****   {0x07D6U, 2U},
 196:Core/Src/main.c ****   {0x07D8U, 1U},
 197:Core/Src/main.c ****   {0x07D9U, 1U},
 198:Core/Src/main.c ****   {0x07DAU, 2U},
 199:Core/Src/main.c ****   {0x07DCU, 1U},
 200:Core/Src/main.c **** };
 201:Core/Src/main.c **** 
 202:Core/Src/main.c **** /* USER CODE END PV */
ARM GAS  C:\Users\40918\AppData\Local\Temp\ccc2gyMS.s 			page 5


 203:Core/Src/main.c **** 
 204:Core/Src/main.c **** /* Private function prototypes -----------------------------------------------*/
 205:Core/Src/main.c **** void SystemClock_Config(void);
 206:Core/Src/main.c **** static void MX_GPIO_Init(void);
 207:Core/Src/main.c **** static void MX_DMA_Init(void);
 208:Core/Src/main.c **** static void MX_USART1_UART_Init(void);
 209:Core/Src/main.c **** static void MX_USART2_UART_Init(void);
 210:Core/Src/main.c **** static void MX_USART3_UART_Init(void);
 211:Core/Src/main.c **** static void MX_USART6_UART_Init(void);
 212:Core/Src/main.c **** static void MX_SDIO_SD_Init(void);
 213:Core/Src/main.c **** static void MX_ADC1_Init(void);
 214:Core/Src/main.c **** static void MX_IWDG_Init(void);
 215:Core/Src/main.c **** static void MX_TIM5_Init(void);
 216:Core/Src/main.c **** static void MX_RTC_Init(void);
 217:Core/Src/main.c **** void StartDefaultTask(void *argument);
 218:Core/Src/main.c **** void StartWirelessTask(void *argument);
 219:Core/Src/main.c **** void StartModbusU2Task(void *argument);
 220:Core/Src/main.c **** void StartCalcLogTask(void *argument);
 221:Core/Src/main.c **** void StartTxResultTask(void *argument);
 222:Core/Src/main.c **** void StartWatchdogTask(void *argument);
 223:Core/Src/main.c **** void StartSdLogTask(void *argument);
 224:Core/Src/main.c **** void StartMonitorTask(void *argument);
 225:Core/Src/main.c **** 
 226:Core/Src/main.c **** /* USER CODE BEGIN PFP */
 227:Core/Src/main.c **** static void RpmUpdateShared(const rpm_calc_result_t *res);
 228:Core/Src/main.c **** static void RpmUpdateSharedFromIsr(const rpm_calc_result_t *res);
 229:Core/Src/main.c **** static void OnWirelessSampleReceived(float ch1, float ch2);
 230:Core/Src/main.c **** static void OnWirelessBoardSampleReceived(float board);
 231:Core/Src/main.c **** static void OnWirelessFrameNoReceived(uint16_t frame_no);
 232:Core/Src/main.c **** static void OnWirelessRxInterrupted(void);
 233:Core/Src/main.c **** static uint16_t GetWirelessSampleFreqHz(void);
 234:Core/Src/main.c **** static uint16_t ReadPc2AdcVoltageMv(void);
 235:Core/Src/main.c **** static void UpdatePc2LowVoltageState(void);
 236:Core/Src/main.c **** 
 237:Core/Src/main.c **** /* USER CODE END PFP */
 238:Core/Src/main.c **** 
 239:Core/Src/main.c **** /* Private user code ---------------------------------------------------------*/
 240:Core/Src/main.c **** /* USER CODE BEGIN 0 */
 241:Core/Src/main.c **** void AppDebug_PrintResetCause(void)
 242:Core/Src/main.c **** {
 243:Core/Src/main.c ****   if (__HAL_RCC_GET_FLAG(RCC_FLAG_IWDGRST) != RESET)
 244:Core/Src/main.c ****   {
 245:Core/Src/main.c ****     LOGI("[RST] IWDG reset\r\n");
 246:Core/Src/main.c ****   }
 247:Core/Src/main.c ****   if (__HAL_RCC_GET_FLAG(RCC_FLAG_WWDGRST) != RESET)
 248:Core/Src/main.c ****   {
 249:Core/Src/main.c ****     LOGI("[RST] WWDG reset\r\n");
 250:Core/Src/main.c ****   }
 251:Core/Src/main.c ****   if (__HAL_RCC_GET_FLAG(RCC_FLAG_SFTRST) != RESET)
 252:Core/Src/main.c ****   {
 253:Core/Src/main.c ****     LOGI("[RST] software reset\r\n");
 254:Core/Src/main.c ****   }
 255:Core/Src/main.c ****   if (__HAL_RCC_GET_FLAG(RCC_FLAG_PORRST) != RESET)
 256:Core/Src/main.c ****   {
 257:Core/Src/main.c ****     LOGI("[RST] power-on reset\r\n");
 258:Core/Src/main.c ****   }
 259:Core/Src/main.c ****   if (__HAL_RCC_GET_FLAG(RCC_FLAG_PINRST) != RESET)
ARM GAS  C:\Users\40918\AppData\Local\Temp\ccc2gyMS.s 			page 6


 260:Core/Src/main.c ****   {
 261:Core/Src/main.c ****     LOGI("[RST] pin reset\r\n");
 262:Core/Src/main.c ****   }
 263:Core/Src/main.c ****   __HAL_RCC_CLEAR_RESET_FLAGS();
 264:Core/Src/main.c **** }
 265:Core/Src/main.c **** 
 266:Core/Src/main.c **** int __io_putchar(int ch)
 267:Core/Src/main.c **** {
 268:Core/Src/main.c **** #if DEBUG_UART_ENABLE
 269:Core/Src/main.c ****   uint8_t c = (uint8_t)ch;
 270:Core/Src/main.c **** #if DEBUG_UART_USE_RS485_DIR
 271:Core/Src/main.c ****   AppTxResult_SetRs485Usart6(1U);
 272:Core/Src/main.c ****   if (ch == '\n')
 273:Core/Src/main.c ****   {
 274:Core/Src/main.c ****     uint8_t cr = '\r';
 275:Core/Src/main.c ****     (void)HAL_UART_Transmit(&huart6, &cr, 1U, 10U);
 276:Core/Src/main.c ****   }
 277:Core/Src/main.c ****   (void)HAL_UART_Transmit(&huart6, &c, 1U, 10U);
 278:Core/Src/main.c ****   AppTxResult_SetRs485Usart6(0U);
 279:Core/Src/main.c **** #else
 280:Core/Src/main.c ****   if (ch == '\n')
 281:Core/Src/main.c ****   {
 282:Core/Src/main.c ****     uint8_t cr = '\r';
 283:Core/Src/main.c ****     (void)HAL_UART_Transmit(&huart6, &cr, 1U, 10U);
 284:Core/Src/main.c ****   }
 285:Core/Src/main.c ****   (void)HAL_UART_Transmit(&huart6, &c, 1U, 10U);
 286:Core/Src/main.c **** #endif
 287:Core/Src/main.c ****   return ch;
 288:Core/Src/main.c **** #else
 289:Core/Src/main.c ****   (void)ch;
 290:Core/Src/main.c ****   return ch;
 291:Core/Src/main.c **** #endif
 292:Core/Src/main.c **** }
 293:Core/Src/main.c **** 
 294:Core/Src/main.c **** /* USER CODE END 0 */
 295:Core/Src/main.c **** 
 296:Core/Src/main.c **** /**
 297:Core/Src/main.c ****   * @brief  The application entry point.
 298:Core/Src/main.c ****   * @retval int
 299:Core/Src/main.c ****   */
 300:Core/Src/main.c **** int main(void)
 301:Core/Src/main.c **** {
 302:Core/Src/main.c **** 
 303:Core/Src/main.c ****   /* USER CODE BEGIN 1 */
 304:Core/Src/main.c **** 
 305:Core/Src/main.c ****   /* USER CODE END 1 */
 306:Core/Src/main.c **** 
 307:Core/Src/main.c ****   /* MCU Configuration--------------------------------------------------------*/
 308:Core/Src/main.c **** 
 309:Core/Src/main.c ****   /* Reset of all peripherals, Initializes the Flash interface and the Systick. */
 310:Core/Src/main.c ****   HAL_Init();
 311:Core/Src/main.c **** 
 312:Core/Src/main.c ****   /* USER CODE BEGIN Init */
 313:Core/Src/main.c **** 
 314:Core/Src/main.c ****   /* USER CODE END Init */
 315:Core/Src/main.c **** 
 316:Core/Src/main.c ****   /* Configure the system clock */
ARM GAS  C:\Users\40918\AppData\Local\Temp\ccc2gyMS.s 			page 7


 317:Core/Src/main.c ****   SystemClock_Config();
 318:Core/Src/main.c **** 
 319:Core/Src/main.c ****   /* USER CODE BEGIN SysInit */
 320:Core/Src/main.c **** 
 321:Core/Src/main.c ****   /* USER CODE END SysInit */
 322:Core/Src/main.c **** 
 323:Core/Src/main.c ****   /* Initialize all configured peripherals */
 324:Core/Src/main.c ****   MX_GPIO_Init();
 325:Core/Src/main.c ****   MX_DMA_Init();
 326:Core/Src/main.c ****   MX_USART1_UART_Init();
 327:Core/Src/main.c ****   MX_USART2_UART_Init();
 328:Core/Src/main.c ****   MX_USART3_UART_Init();
 329:Core/Src/main.c ****   MX_USART6_UART_Init();
 330:Core/Src/main.c ****   MX_ADC1_Init();
 331:Core/Src/main.c ****   MX_SDIO_SD_Init();
 332:Core/Src/main.c **** #if WDG_HW_ENABLE
 333:Core/Src/main.c ****   MX_IWDG_Init();
 334:Core/Src/main.c **** #endif
 335:Core/Src/main.c ****   MX_RTC_Init();
 336:Core/Src/main.c ****   MX_FATFS_Init();
 337:Core/Src/main.c ****   MX_TIM5_Init();
 338:Core/Src/main.c ****   /* USER CODE BEGIN 2 */
 339:Core/Src/main.c ****   memset((void *)&g_wireless_latest, 0, sizeof(g_wireless_latest));
 340:Core/Src/main.c ****   memset((void *)&g_rpm_latest, 0, sizeof(g_rpm_latest));
 341:Core/Src/main.c ****   memset((void *)&g_result_latest, 0, sizeof(g_result_latest));
 342:Core/Src/main.c ****   memset((void *)&g_diag_counters, 0, sizeof(g_diag_counters));
 343:Core/Src/main.c ****   memset((void *)&g_protocol_values, 0, sizeof(g_protocol_values));
 344:Core/Src/main.c ****   memset((void *)&g_usart1_ctx, 0, sizeof(g_usart1_ctx));
 345:Core/Src/main.c ****   memset((void *)&g_calc_ctx, 0, sizeof(g_calc_ctx));
 346:Core/Src/main.c ****   g_protocol_values.torque_kNm = 123.0f; /* 0x07D0 */
 347:Core/Src/main.c ****   g_protocol_values.power_kW = 222.0f;   /* 0x07D2 */
 348:Core/Src/main.c ****   g_protocol_values.speed_rpm = 333.3f;  /* 0x07D4 */
 349:Core/Src/main.c ****   g_protocol_values.thrust_kN = 444.4f;  /* 0x07D6 */
 350:Core/Src/main.c ****   (void)AppParamStore_Load((protocol_values_t *)&g_protocol_values);
 351:Core/Src/main.c ****   RPM_Init(RPM_PULSES_PER_REV, RPM_MIN_PERIOD_US, RPM_TIMEOUT_US, RPM_AVG_WINDOW_US, RPM_AVG_ENABLE
 352:Core/Src/main.c ****   HAL_TIM_Base_Start(&htim5);
 353:Core/Src/main.c ****   AppDebug_PrintResetCause();
 354:Core/Src/main.c ****   LOGI("\r\n[BOOT] ShaftPower start\r\n");
 355:Core/Src/main.c ****   LOGI("[BOOT] USART6 debug ready, baud=%lu\r\n", (unsigned long)huart6.Init.BaudRate);
 356:Core/Src/main.c ****   LOGI("[BOOT] USART1/U2/U3/U6 init done\r\n");
 357:Core/Src/main.c **** 
 358:Core/Src/main.c ****   /* USER CODE END 2 */
 359:Core/Src/main.c **** 
 360:Core/Src/main.c ****   /* Init scheduler */
 361:Core/Src/main.c ****   osKernelInitialize();
 362:Core/Src/main.c **** 
 363:Core/Src/main.c ****   /* USER CODE BEGIN RTOS_MUTEX */
 364:Core/Src/main.c ****   mtxSharedDataHandle = osMutexNew(NULL);
 365:Core/Src/main.c ****   /* USER CODE END RTOS_MUTEX */
 366:Core/Src/main.c **** 
 367:Core/Src/main.c ****   /* USER CODE BEGIN RTOS_SEMAPHORES */
 368:Core/Src/main.c ****   /* add semaphores, ... */
 369:Core/Src/main.c ****   /* USER CODE END RTOS_SEMAPHORES */
 370:Core/Src/main.c **** 
 371:Core/Src/main.c ****   /* USER CODE BEGIN RTOS_TIMERS */
 372:Core/Src/main.c ****   /* start timers, add new ones, ... */
 373:Core/Src/main.c ****   /* USER CODE END RTOS_TIMERS */
ARM GAS  C:\Users\40918\AppData\Local\Temp\ccc2gyMS.s 			page 8


 374:Core/Src/main.c **** 
 375:Core/Src/main.c ****   /* USER CODE BEGIN RTOS_QUEUES */
 376:Core/Src/main.c ****   qUsart1RxFramesHandle = osMessageQueueNew(8, sizeof(usart1_frame_msg_t), NULL);
 377:Core/Src/main.c ****   qModbusU2EventsHandle = osMessageQueueNew(8, sizeof(modbus_event_msg_t), NULL);
 378:Core/Src/main.c ****   qResult1sHandle = osMessageQueueNew(4, sizeof(result_1s_t), NULL);
 379:Core/Src/main.c ****   /* USER CODE END RTOS_QUEUES */
 380:Core/Src/main.c **** 
 381:Core/Src/main.c ****   /* USER CODE BEGIN RTOS_EVENTS */
 382:Core/Src/main.c ****   evtSystemFlagsHandle = osEventFlagsNew(NULL);
 383:Core/Src/main.c ****   /* USER CODE END RTOS_EVENTS */
 384:Core/Src/main.c **** 
 385:Core/Src/main.c ****   /* USER CODE BEGIN RTOS_INIT2 */
 386:Core/Src/main.c ****   g_usart1_ctx.huart = &huart1;
 387:Core/Src/main.c ****   g_usart1_ctx.hdma_rx = &hdma_usart1_rx;
 388:Core/Src/main.c ****   g_usart1_ctx.rx_dma_buf = usart1_rx_dma_buf;
 389:Core/Src/main.c ****   g_usart1_ctx.rx_dma_buf_size = USART1_RX_DMA_BUF_SIZE;
 390:Core/Src/main.c ****   g_usart1_ctx.q_rx_frames = qUsart1RxFramesHandle;
 391:Core/Src/main.c ****   g_usart1_ctx.mtx_shared_data = mtxSharedDataHandle;
 392:Core/Src/main.c ****   g_usart1_ctx.evt_system_flags = evtSystemFlagsHandle;
 393:Core/Src/main.c ****   g_usart1_ctx.wireless_latest = &g_wireless_latest;
 394:Core/Src/main.c ****   g_usart1_ctx.diag = &g_diag_counters;
 395:Core/Src/main.c ****   g_usart1_ctx.on_sample = OnWirelessSampleReceived;
 396:Core/Src/main.c ****   g_usart1_ctx.on_board_sample = OnWirelessBoardSampleReceived;
 397:Core/Src/main.c ****   g_usart1_ctx.on_frame_no = OnWirelessFrameNoReceived;
 398:Core/Src/main.c ****   g_usart1_ctx.on_rx_interrupt = OnWirelessRxInterrupted;
 399:Core/Src/main.c ****   g_usart1_ctx.get_sample_freq_hz = GetWirelessSampleFreqHz;
 400:Core/Src/main.c ****   AppUsart1_Init(&g_usart1_ctx);
 401:Core/Src/main.c **** 
 402:Core/Src/main.c ****   g_calc_ctx.mtx_shared_data = mtxSharedDataHandle;
 403:Core/Src/main.c ****   g_calc_ctx.protocol_values = &g_protocol_values;
 404:Core/Src/main.c ****   g_calc_ctx.result_latest = &g_result_latest;
 405:Core/Src/main.c ****   g_calc_ctx.diag = &g_diag_counters;
 406:Core/Src/main.c ****   AppCalc_Init(&g_calc_ctx);
 407:Core/Src/main.c ****   AppCalc_RecomputeCoeffs((const protocol_values_t *)&g_protocol_values);
 408:Core/Src/main.c ****   AppAvgPowerCache_Init();
 409:Core/Src/main.c ****   AppLogSd_Init(&g_sd_log_ctx, &hrtc, &SDFatFS, SDPath, (diag_counters_t *)&g_diag_counters);
 410:Core/Src/main.c **** 
 411:Core/Src/main.c ****   memset((void *)&g_modbus_u2_ctx, 0, sizeof(g_modbus_u2_ctx));
 412:Core/Src/main.c ****   g_modbus_u2_ctx.huart2 = &huart2;
 413:Core/Src/main.c ****   g_modbus_u2_ctx.hdma_usart2_rx = &hdma_usart2_rx;
 414:Core/Src/main.c ****   g_modbus_u2_ctx.rx_dma_buf = usart2_rx_dma_buf;
 415:Core/Src/main.c ****   g_modbus_u2_ctx.rx_dma_size = MODBUS_U2_RX_DMA_SIZE;
 416:Core/Src/main.c ****   g_modbus_u2_ctx.q_modbus_events = qModbusU2EventsHandle;
 417:Core/Src/main.c ****   g_modbus_u2_ctx.mtx_shared_data = mtxSharedDataHandle;
 418:Core/Src/main.c ****   g_modbus_u2_ctx.evt_system_flags = evtSystemFlagsHandle;
 419:Core/Src/main.c ****   g_modbus_u2_ctx.protocol_values = &g_protocol_values;
 420:Core/Src/main.c ****   g_modbus_u2_ctx.diag = &g_diag_counters;
 421:Core/Src/main.c ****   g_modbus_u2_ctx.slave_id = MODBUS_U2_SLAVE_ID;
 422:Core/Src/main.c ****   g_modbus_u2_ctx.poll_list = s_modbus_07xx_poll_list;
 423:Core/Src/main.c ****   g_modbus_u2_ctx.poll_list_count = sizeof(s_modbus_07xx_poll_list) / sizeof(s_modbus_07xx_poll_lis
 424:Core/Src/main.c ****   g_modbus_u2_ctx.rs485_set_tx_usart2 = AppTxResult_SetRs485Usart2;
 425:Core/Src/main.c ****   AppModbusU2_Init(&g_modbus_u2_ctx);
 426:Core/Src/main.c ****   /* USER CODE END RTOS_INIT2 */
 427:Core/Src/main.c **** 
 428:Core/Src/main.c ****   /* Create the thread(s) */
 429:Core/Src/main.c ****   /* creation of defaultTask */
 430:Core/Src/main.c ****   defaultTaskHandle = osThreadNew(StartDefaultTask, NULL, &defaultTask_attributes);
ARM GAS  C:\Users\40918\AppData\Local\Temp\ccc2gyMS.s 			page 9


 431:Core/Src/main.c **** 
 432:Core/Src/main.c ****   /* USER CODE BEGIN RTOS_THREADS */
 433:Core/Src/main.c ****   wirelessTaskHandle = osThreadNew(StartWirelessTask, NULL, &wirelessTask_attributes);
 434:Core/Src/main.c ****   modbusU2TaskHandle = osThreadNew(StartModbusU2Task, NULL, &modbusU2Task_attributes);
 435:Core/Src/main.c ****   calcLogTaskHandle = osThreadNew(StartCalcLogTask, NULL, &calcLogTask_attributes);
 436:Core/Src/main.c ****   txResultTaskHandle = osThreadNew(StartTxResultTask, NULL, &txResultTask_attributes);
 437:Core/Src/main.c ****   watchdogTaskHandle = osThreadNew(StartWatchdogTask, NULL, &watchdogTask_attributes);
 438:Core/Src/main.c ****   sdLogTaskHandle = osThreadNew(StartSdLogTask, NULL, &sdLogTask_attributes);
 439:Core/Src/main.c ****   monitorTaskHandle = osThreadNew(StartMonitorTask, NULL, &monitorTask_attributes);
 440:Core/Src/main.c ****   /* USER CODE END RTOS_THREADS */
 441:Core/Src/main.c **** 
 442:Core/Src/main.c ****   /* USER CODE BEGIN RTOS_EVENTS */
 443:Core/Src/main.c ****   /* events are created before thread startup */
 444:Core/Src/main.c ****   /* USER CODE END RTOS_EVENTS */
 445:Core/Src/main.c **** 
 446:Core/Src/main.c ****   /* Start scheduler */
 447:Core/Src/main.c ****   osKernelStart();
 448:Core/Src/main.c **** 
 449:Core/Src/main.c ****   /* We should never get here as control is now taken by the scheduler */
 450:Core/Src/main.c ****   /* USER CODE BEGIN WHILE */
 451:Core/Src/main.c ****   while (1)
 452:Core/Src/main.c ****   {
 453:Core/Src/main.c ****     /* USER CODE END WHILE */
 454:Core/Src/main.c **** 
 455:Core/Src/main.c ****     /* USER CODE BEGIN 3 */
 456:Core/Src/main.c ****   }
 457:Core/Src/main.c ****   /* USER CODE END 3 */
 458:Core/Src/main.c **** }
 459:Core/Src/main.c **** 
 460:Core/Src/main.c **** /**
 461:Core/Src/main.c ****   * @brief System Clock Configuration
 462:Core/Src/main.c ****   * @retval None
 463:Core/Src/main.c ****   */
 464:Core/Src/main.c **** void SystemClock_Config(void)
 465:Core/Src/main.c **** {
 466:Core/Src/main.c ****   RCC_OscInitTypeDef RCC_OscInitStruct = {0};
 467:Core/Src/main.c ****   RCC_ClkInitTypeDef RCC_ClkInitStruct = {0};
 468:Core/Src/main.c **** 
 469:Core/Src/main.c ****   /** Configure the main internal regulator output voltage
 470:Core/Src/main.c ****   */
 471:Core/Src/main.c ****   __HAL_RCC_PWR_CLK_ENABLE();
 472:Core/Src/main.c ****   __HAL_PWR_VOLTAGESCALING_CONFIG(PWR_REGULATOR_VOLTAGE_SCALE1);
 473:Core/Src/main.c **** 
 474:Core/Src/main.c ****   /** Initializes the RCC Oscillators according to the specified parameters
 475:Core/Src/main.c ****   * in the RCC_OscInitTypeDef structure.
 476:Core/Src/main.c ****   */
 477:Core/Src/main.c ****   RCC_OscInitStruct.OscillatorType = RCC_OSCILLATORTYPE_LSI|RCC_OSCILLATORTYPE_HSE;
 478:Core/Src/main.c ****   RCC_OscInitStruct.HSEState = RCC_HSE_ON;
 479:Core/Src/main.c ****   RCC_OscInitStruct.LSIState = RCC_LSI_ON;
 480:Core/Src/main.c ****   RCC_OscInitStruct.PLL.PLLState = RCC_PLL_ON;
 481:Core/Src/main.c ****   RCC_OscInitStruct.PLL.PLLSource = RCC_PLLSOURCE_HSE;
 482:Core/Src/main.c ****   RCC_OscInitStruct.PLL.PLLM = 25;
 483:Core/Src/main.c ****   RCC_OscInitStruct.PLL.PLLN = 336;
 484:Core/Src/main.c ****   RCC_OscInitStruct.PLL.PLLP = RCC_PLLP_DIV2;
 485:Core/Src/main.c ****   RCC_OscInitStruct.PLL.PLLQ = 8;
 486:Core/Src/main.c ****   if (HAL_RCC_OscConfig(&RCC_OscInitStruct) != HAL_OK)
 487:Core/Src/main.c ****   {
ARM GAS  C:\Users\40918\AppData\Local\Temp\ccc2gyMS.s 			page 10


 488:Core/Src/main.c ****     Error_Handler();
 489:Core/Src/main.c ****   }
 490:Core/Src/main.c **** 
 491:Core/Src/main.c ****   /** Initializes the CPU, AHB and APB buses clocks
 492:Core/Src/main.c ****   */
 493:Core/Src/main.c ****   RCC_ClkInitStruct.ClockType = RCC_CLOCKTYPE_HCLK|RCC_CLOCKTYPE_SYSCLK
 494:Core/Src/main.c ****                               |RCC_CLOCKTYPE_PCLK1|RCC_CLOCKTYPE_PCLK2;
 495:Core/Src/main.c ****   RCC_ClkInitStruct.SYSCLKSource = RCC_SYSCLKSOURCE_PLLCLK;
 496:Core/Src/main.c ****   RCC_ClkInitStruct.AHBCLKDivider = RCC_SYSCLK_DIV1;
 497:Core/Src/main.c ****   RCC_ClkInitStruct.APB1CLKDivider = RCC_HCLK_DIV4;
 498:Core/Src/main.c ****   RCC_ClkInitStruct.APB2CLKDivider = RCC_HCLK_DIV2;
 499:Core/Src/main.c **** 
 500:Core/Src/main.c ****   if (HAL_RCC_ClockConfig(&RCC_ClkInitStruct, FLASH_LATENCY_5) != HAL_OK)
 501:Core/Src/main.c ****   {
 502:Core/Src/main.c ****     Error_Handler();
 503:Core/Src/main.c ****   }
 504:Core/Src/main.c **** }
 505:Core/Src/main.c **** 
 506:Core/Src/main.c **** /**
 507:Core/Src/main.c ****   * @brief IWDG Initialization Function
 508:Core/Src/main.c ****   * @param None
 509:Core/Src/main.c ****   * @retval None
 510:Core/Src/main.c ****   */
 511:Core/Src/main.c **** static void MX_IWDG_Init(void)
 512:Core/Src/main.c **** {
 513:Core/Src/main.c **** 
 514:Core/Src/main.c ****   /* USER CODE BEGIN IWDG_Init 0 */
 515:Core/Src/main.c **** 
 516:Core/Src/main.c ****   /* USER CODE END IWDG_Init 0 */
 517:Core/Src/main.c **** 
 518:Core/Src/main.c ****   /* USER CODE BEGIN IWDG_Init 1 */
 519:Core/Src/main.c **** 
 520:Core/Src/main.c ****   /* USER CODE END IWDG_Init 1 */
 521:Core/Src/main.c ****   hiwdg.Instance = IWDG;
 522:Core/Src/main.c ****   /* IWDG timeout ~= (Reload + 1) * Prescaler / LSI.
 523:Core/Src/main.c ****    * Use a valid 12-bit reload value (max 4095). For ~15 s at 32 kHz LSI:
 524:Core/Src/main.c ****    * (1874 + 1) * 256 / 32000 ~= 15 s.
 525:Core/Src/main.c ****    */
 526:Core/Src/main.c ****   hiwdg.Init.Prescaler = IWDG_PRESCALER_256;
 527:Core/Src/main.c ****   hiwdg.Init.Reload = 1874;
 528:Core/Src/main.c ****   if (HAL_IWDG_Init(&hiwdg) != HAL_OK)
 529:Core/Src/main.c ****   {
 530:Core/Src/main.c ****     Error_Handler();
 531:Core/Src/main.c ****   }
 532:Core/Src/main.c ****   /* USER CODE BEGIN IWDG_Init 2 */
 533:Core/Src/main.c **** 
 534:Core/Src/main.c ****   /* USER CODE END IWDG_Init 2 */
 535:Core/Src/main.c **** 
 536:Core/Src/main.c **** }
 537:Core/Src/main.c **** 
 538:Core/Src/main.c **** /**
 539:Core/Src/main.c ****   * @brief ADC1 Initialization Function
 540:Core/Src/main.c ****   * @param None
 541:Core/Src/main.c ****   * @retval None
 542:Core/Src/main.c ****   */
 543:Core/Src/main.c **** static void MX_ADC1_Init(void)
 544:Core/Src/main.c **** {
ARM GAS  C:\Users\40918\AppData\Local\Temp\ccc2gyMS.s 			page 11


 545:Core/Src/main.c ****   ADC_ChannelConfTypeDef sConfig = {0};
 546:Core/Src/main.c **** 
 547:Core/Src/main.c ****   hadc1.Instance = ADC1;
 548:Core/Src/main.c ****   hadc1.Init.ClockPrescaler = ADC_CLOCK_SYNC_PCLK_DIV8;
 549:Core/Src/main.c ****   hadc1.Init.Resolution = ADC_RESOLUTION_12B;
 550:Core/Src/main.c ****   hadc1.Init.ScanConvMode = DISABLE;
 551:Core/Src/main.c ****   hadc1.Init.ContinuousConvMode = ENABLE;
 552:Core/Src/main.c ****   hadc1.Init.DiscontinuousConvMode = DISABLE;
 553:Core/Src/main.c ****   hadc1.Init.ExternalTrigConvEdge = ADC_EXTERNALTRIGCONVEDGE_NONE;
 554:Core/Src/main.c ****   hadc1.Init.ExternalTrigConv = ADC_SOFTWARE_START;
 555:Core/Src/main.c ****   hadc1.Init.DataAlign = ADC_DATAALIGN_RIGHT;
 556:Core/Src/main.c ****   hadc1.Init.NbrOfConversion = 1;
 557:Core/Src/main.c ****   hadc1.Init.DMAContinuousRequests = ENABLE;
 558:Core/Src/main.c ****   hadc1.Init.EOCSelection = ADC_EOC_SINGLE_CONV;
 559:Core/Src/main.c ****   if (HAL_ADC_Init(&hadc1) != HAL_OK)
 560:Core/Src/main.c ****   {
 561:Core/Src/main.c ****     Error_Handler();
 562:Core/Src/main.c ****   }
 563:Core/Src/main.c **** 
 564:Core/Src/main.c ****   sConfig.Channel = ADC_CHANNEL_12;
 565:Core/Src/main.c ****   sConfig.Rank = 1;
 566:Core/Src/main.c ****   sConfig.SamplingTime = ADC_SAMPLETIME_480CYCLES;
 567:Core/Src/main.c ****   if (HAL_ADC_ConfigChannel(&hadc1, &sConfig) != HAL_OK)
 568:Core/Src/main.c ****   {
 569:Core/Src/main.c ****     Error_Handler();
 570:Core/Src/main.c ****   }
 571:Core/Src/main.c **** 
 572:Core/Src/main.c ****   if (HAL_ADC_Start_DMA(&hadc1, (uint32_t *)&g_pc2_adc_raw, 1U) != HAL_OK)
 573:Core/Src/main.c ****   {
 574:Core/Src/main.c ****     Error_Handler();
 575:Core/Src/main.c ****   }
 576:Core/Src/main.c **** }
 577:Core/Src/main.c **** 
 578:Core/Src/main.c **** /**
 579:Core/Src/main.c ****   * @brief SDIO Initialization Function
 580:Core/Src/main.c ****   * @param None
 581:Core/Src/main.c ****   * @retval None
 582:Core/Src/main.c ****   */
 583:Core/Src/main.c **** static void MX_SDIO_SD_Init(void)
 584:Core/Src/main.c **** {
  28              		.loc 1 584 1 view -0
  29              		.cfi_startproc
  30              		@ args = 0, pretend = 0, frame = 0
  31              		@ frame_needed = 0, uses_anonymous_args = 0
  32              		@ link register save eliminated.
 585:Core/Src/main.c **** 
 586:Core/Src/main.c ****   /* USER CODE BEGIN SDIO_Init 0 */
 587:Core/Src/main.c **** 
 588:Core/Src/main.c ****   /* USER CODE END SDIO_Init 0 */
 589:Core/Src/main.c **** 
 590:Core/Src/main.c ****   /* USER CODE BEGIN SDIO_Init 1 */
 591:Core/Src/main.c **** 
 592:Core/Src/main.c ****   /* USER CODE END SDIO_Init 1 */
 593:Core/Src/main.c ****   hsd.Instance = SDIO;
  33              		.loc 1 593 3 view .LVU1
  34              		.loc 1 593 16 is_stmt 0 view .LVU2
  35 0000 054B     		ldr	r3, .L2
ARM GAS  C:\Users\40918\AppData\Local\Temp\ccc2gyMS.s 			page 12


  36 0002 064A     		ldr	r2, .L2+4
  37 0004 1A60     		str	r2, [r3]
 594:Core/Src/main.c ****   hsd.Init.ClockEdge = SDIO_CLOCK_EDGE_RISING;
  38              		.loc 1 594 3 is_stmt 1 view .LVU3
  39              		.loc 1 594 22 is_stmt 0 view .LVU4
  40 0006 0022     		movs	r2, #0
  41 0008 5A60     		str	r2, [r3, #4]
 595:Core/Src/main.c ****   hsd.Init.ClockBypass = SDIO_CLOCK_BYPASS_DISABLE;
  42              		.loc 1 595 3 is_stmt 1 view .LVU5
  43              		.loc 1 595 24 is_stmt 0 view .LVU6
  44 000a 9A60     		str	r2, [r3, #8]
 596:Core/Src/main.c ****   hsd.Init.ClockPowerSave = SDIO_CLOCK_POWER_SAVE_DISABLE;
  45              		.loc 1 596 3 is_stmt 1 view .LVU7
  46              		.loc 1 596 27 is_stmt 0 view .LVU8
  47 000c DA60     		str	r2, [r3, #12]
 597:Core/Src/main.c ****   hsd.Init.BusWide = SDIO_BUS_WIDE_1B;
  48              		.loc 1 597 3 is_stmt 1 view .LVU9
  49              		.loc 1 597 20 is_stmt 0 view .LVU10
  50 000e 1A61     		str	r2, [r3, #16]
 598:Core/Src/main.c ****   hsd.Init.HardwareFlowControl = SDIO_HARDWARE_FLOW_CONTROL_DISABLE;
  51              		.loc 1 598 3 is_stmt 1 view .LVU11
  52              		.loc 1 598 32 is_stmt 0 view .LVU12
  53 0010 5A61     		str	r2, [r3, #20]
 599:Core/Src/main.c ****   hsd.Init.ClockDiv = 118;
  54              		.loc 1 599 3 is_stmt 1 view .LVU13
  55              		.loc 1 599 21 is_stmt 0 view .LVU14
  56 0012 7622     		movs	r2, #118
  57 0014 9A61     		str	r2, [r3, #24]
 600:Core/Src/main.c ****   /* USER CODE BEGIN SDIO_Init 2 */
 601:Core/Src/main.c **** 
 602:Core/Src/main.c ****   /* USER CODE END SDIO_Init 2 */
 603:Core/Src/main.c **** 
 604:Core/Src/main.c **** }
  58              		.loc 1 604 1 view .LVU15
  59 0016 7047     		bx	lr
  60              	.L3:
  61              		.align	2
  62              	.L2:
  63 0018 00000000 		.word	hsd
  64 001c 002C0140 		.word	1073818624
  65              		.cfi_endproc
  66              	.LFE252:
  68              		.section	.text.ReadPc2AdcVoltageMv,"ax",%progbits
  69              		.align	1
  70              		.syntax unified
  71              		.thumb
  72              		.thumb_func
  74              	ReadPc2AdcVoltageMv:
  75              	.LFB266:
 605:Core/Src/main.c **** 
 606:Core/Src/main.c **** /**
 607:Core/Src/main.c ****   * @brief TIM5 Initialization Function
 608:Core/Src/main.c ****   * @param None
 609:Core/Src/main.c ****   * @retval None
 610:Core/Src/main.c ****   */
 611:Core/Src/main.c **** static void MX_TIM5_Init(void)
 612:Core/Src/main.c **** {
ARM GAS  C:\Users\40918\AppData\Local\Temp\ccc2gyMS.s 			page 13


 613:Core/Src/main.c **** 
 614:Core/Src/main.c ****   /* USER CODE BEGIN TIM5_Init 0 */
 615:Core/Src/main.c **** 
 616:Core/Src/main.c ****   /* USER CODE END TIM5_Init 0 */
 617:Core/Src/main.c **** 
 618:Core/Src/main.c ****   TIM_SlaveConfigTypeDef sSlaveConfig = {0};
 619:Core/Src/main.c ****   TIM_MasterConfigTypeDef sMasterConfig = {0};
 620:Core/Src/main.c **** 
 621:Core/Src/main.c ****   /* USER CODE BEGIN TIM5_Init 1 */
 622:Core/Src/main.c **** 
 623:Core/Src/main.c ****   /* USER CODE END TIM5_Init 1 */
 624:Core/Src/main.c ****   htim5.Instance = TIM5;
 625:Core/Src/main.c ****   htim5.Init.Prescaler = 84 - 1;
 626:Core/Src/main.c ****   htim5.Init.CounterMode = TIM_COUNTERMODE_UP;
 627:Core/Src/main.c ****   htim5.Init.Period = 4294967295;
 628:Core/Src/main.c ****   htim5.Init.ClockDivision = TIM_CLOCKDIVISION_DIV1;
 629:Core/Src/main.c ****   htim5.Init.AutoReloadPreload = TIM_AUTORELOAD_PRELOAD_DISABLE;
 630:Core/Src/main.c ****   if (HAL_TIM_Base_Init(&htim5) != HAL_OK)
 631:Core/Src/main.c ****   {
 632:Core/Src/main.c ****     Error_Handler();
 633:Core/Src/main.c ****   }
 634:Core/Src/main.c ****   sSlaveConfig.SlaveMode = TIM_SLAVEMODE_DISABLE;
 635:Core/Src/main.c ****   sSlaveConfig.InputTrigger = TIM_TS_ITR0;
 636:Core/Src/main.c ****   sSlaveConfig.TriggerPolarity = TIM_TRIGGERPOLARITY_NONINVERTED;
 637:Core/Src/main.c ****   sSlaveConfig.TriggerFilter = 0;
 638:Core/Src/main.c ****   if (HAL_TIM_SlaveConfigSynchro(&htim5, &sSlaveConfig) != HAL_OK)
 639:Core/Src/main.c ****   {
 640:Core/Src/main.c ****     Error_Handler();
 641:Core/Src/main.c ****   }
 642:Core/Src/main.c ****   sMasterConfig.MasterOutputTrigger = TIM_TRGO_RESET;
 643:Core/Src/main.c ****   sMasterConfig.MasterSlaveMode = TIM_MASTERSLAVEMODE_DISABLE;
 644:Core/Src/main.c ****   if (HAL_TIMEx_MasterConfigSynchronization(&htim5, &sMasterConfig) != HAL_OK)
 645:Core/Src/main.c ****   {
 646:Core/Src/main.c ****     Error_Handler();
 647:Core/Src/main.c ****   }
 648:Core/Src/main.c ****   /* USER CODE BEGIN TIM5_Init 2 */
 649:Core/Src/main.c **** 
 650:Core/Src/main.c ****   /* USER CODE END TIM5_Init 2 */
 651:Core/Src/main.c **** 
 652:Core/Src/main.c **** }
 653:Core/Src/main.c **** 
 654:Core/Src/main.c **** /**
 655:Core/Src/main.c ****   * @brief USART1 Initialization Function
 656:Core/Src/main.c ****   * @param None
 657:Core/Src/main.c ****   * @retval None
 658:Core/Src/main.c ****   */
 659:Core/Src/main.c **** static void MX_USART1_UART_Init(void)
 660:Core/Src/main.c **** {
 661:Core/Src/main.c **** 
 662:Core/Src/main.c ****   /* USER CODE BEGIN USART1_Init 0 */
 663:Core/Src/main.c **** 
 664:Core/Src/main.c ****   /* USER CODE END USART1_Init 0 */
 665:Core/Src/main.c **** 
 666:Core/Src/main.c ****   /* USER CODE BEGIN USART1_Init 1 */
 667:Core/Src/main.c **** 
 668:Core/Src/main.c ****   /* USER CODE END USART1_Init 1 */
 669:Core/Src/main.c ****   huart1.Instance = USART1;
ARM GAS  C:\Users\40918\AppData\Local\Temp\ccc2gyMS.s 			page 14


 670:Core/Src/main.c ****   huart1.Init.BaudRate = 115200;
 671:Core/Src/main.c ****   huart1.Init.WordLength = UART_WORDLENGTH_8B;
 672:Core/Src/main.c ****   huart1.Init.StopBits = UART_STOPBITS_1;
 673:Core/Src/main.c ****   huart1.Init.Parity = UART_PARITY_NONE;
 674:Core/Src/main.c ****   huart1.Init.Mode = UART_MODE_TX_RX;
 675:Core/Src/main.c ****   huart1.Init.HwFlowCtl = UART_HWCONTROL_NONE;
 676:Core/Src/main.c ****   huart1.Init.OverSampling = UART_OVERSAMPLING_16;
 677:Core/Src/main.c ****   if (HAL_UART_Init(&huart1) != HAL_OK)
 678:Core/Src/main.c ****   {
 679:Core/Src/main.c ****     Error_Handler();
 680:Core/Src/main.c ****   }
 681:Core/Src/main.c ****   /* USER CODE BEGIN USART1_Init 2 */
 682:Core/Src/main.c **** 
 683:Core/Src/main.c ****   /* USER CODE END USART1_Init 2 */
 684:Core/Src/main.c **** 
 685:Core/Src/main.c **** }
 686:Core/Src/main.c **** 
 687:Core/Src/main.c **** /**
 688:Core/Src/main.c ****   * @brief USART2 Initialization Function
 689:Core/Src/main.c ****   * @param None
 690:Core/Src/main.c ****   * @retval None
 691:Core/Src/main.c ****   */
 692:Core/Src/main.c **** static void MX_USART2_UART_Init(void)
 693:Core/Src/main.c **** {
 694:Core/Src/main.c **** 
 695:Core/Src/main.c ****   /* USER CODE BEGIN USART2_Init 0 */
 696:Core/Src/main.c **** 
 697:Core/Src/main.c ****   /* USER CODE END USART2_Init 0 */
 698:Core/Src/main.c **** 
 699:Core/Src/main.c ****   /* USER CODE BEGIN USART2_Init 1 */
 700:Core/Src/main.c **** 
 701:Core/Src/main.c ****   /* USER CODE END USART2_Init 1 */
 702:Core/Src/main.c ****   huart2.Instance = USART2;
 703:Core/Src/main.c ****   huart2.Init.BaudRate = MODBUS_U2_BAUDRATE;
 704:Core/Src/main.c **** #if MODBUS_U2_USE_8E1
 705:Core/Src/main.c ****   huart2.Init.WordLength = UART_WORDLENGTH_9B; /* 8 data + even parity (STM32 HAL rule) */
 706:Core/Src/main.c **** #else
 707:Core/Src/main.c ****   huart2.Init.WordLength = UART_WORDLENGTH_8B;
 708:Core/Src/main.c **** #endif
 709:Core/Src/main.c ****   huart2.Init.StopBits = UART_STOPBITS_1;
 710:Core/Src/main.c **** #if MODBUS_U2_USE_8E1
 711:Core/Src/main.c ****   huart2.Init.Parity = UART_PARITY_EVEN;
 712:Core/Src/main.c **** #else
 713:Core/Src/main.c ****   huart2.Init.Parity = UART_PARITY_NONE;
 714:Core/Src/main.c **** #endif
 715:Core/Src/main.c ****   huart2.Init.Mode = UART_MODE_TX_RX;
 716:Core/Src/main.c ****   huart2.Init.HwFlowCtl = UART_HWCONTROL_NONE;
 717:Core/Src/main.c ****   huart2.Init.OverSampling = UART_OVERSAMPLING_16;
 718:Core/Src/main.c ****   if (HAL_UART_Init(&huart2) != HAL_OK)
 719:Core/Src/main.c ****   {
 720:Core/Src/main.c ****     Error_Handler();
 721:Core/Src/main.c ****   }
 722:Core/Src/main.c ****   /* USER CODE BEGIN USART2_Init 2 */
 723:Core/Src/main.c **** 
 724:Core/Src/main.c ****   /* USER CODE END USART2_Init 2 */
 725:Core/Src/main.c **** 
 726:Core/Src/main.c **** }
ARM GAS  C:\Users\40918\AppData\Local\Temp\ccc2gyMS.s 			page 15


 727:Core/Src/main.c **** 
 728:Core/Src/main.c **** /**
 729:Core/Src/main.c ****   * @brief USART3 Initialization Function
 730:Core/Src/main.c ****   * @param None
 731:Core/Src/main.c ****   * @retval None
 732:Core/Src/main.c ****   */
 733:Core/Src/main.c **** static void MX_USART3_UART_Init(void)
 734:Core/Src/main.c **** {
 735:Core/Src/main.c **** 
 736:Core/Src/main.c ****   /* USER CODE BEGIN USART3_Init 0 */
 737:Core/Src/main.c **** 
 738:Core/Src/main.c ****   /* USER CODE END USART3_Init 0 */
 739:Core/Src/main.c **** 
 740:Core/Src/main.c ****   /* USER CODE BEGIN USART3_Init 1 */
 741:Core/Src/main.c **** 
 742:Core/Src/main.c ****   /* USER CODE END USART3_Init 1 */
 743:Core/Src/main.c ****   huart3.Instance = USART3;
 744:Core/Src/main.c ****   huart3.Init.BaudRate = 57600;
 745:Core/Src/main.c ****   huart3.Init.WordLength = UART_WORDLENGTH_8B;
 746:Core/Src/main.c ****   huart3.Init.StopBits = UART_STOPBITS_1;
 747:Core/Src/main.c ****   huart3.Init.Parity = UART_PARITY_NONE;
 748:Core/Src/main.c ****   huart3.Init.Mode = UART_MODE_TX_RX;
 749:Core/Src/main.c ****   huart3.Init.HwFlowCtl = UART_HWCONTROL_NONE;
 750:Core/Src/main.c ****   huart3.Init.OverSampling = UART_OVERSAMPLING_16;
 751:Core/Src/main.c ****   if (HAL_UART_Init(&huart3) != HAL_OK)
 752:Core/Src/main.c ****   {
 753:Core/Src/main.c ****     Error_Handler();
 754:Core/Src/main.c ****   }
 755:Core/Src/main.c ****   /* USER CODE BEGIN USART3_Init 2 */
 756:Core/Src/main.c **** 
 757:Core/Src/main.c ****   /* USER CODE END USART3_Init 2 */
 758:Core/Src/main.c **** 
 759:Core/Src/main.c **** }
 760:Core/Src/main.c **** 
 761:Core/Src/main.c **** /**
 762:Core/Src/main.c ****   * @brief USART6 Initialization Function
 763:Core/Src/main.c ****   * @param None
 764:Core/Src/main.c ****   * @retval None
 765:Core/Src/main.c ****   */
 766:Core/Src/main.c **** static void MX_USART6_UART_Init(void)
 767:Core/Src/main.c **** {
 768:Core/Src/main.c **** 
 769:Core/Src/main.c ****   /* USER CODE BEGIN USART6_Init 0 */
 770:Core/Src/main.c **** 
 771:Core/Src/main.c ****   /* USER CODE END USART6_Init 0 */
 772:Core/Src/main.c **** 
 773:Core/Src/main.c ****   /* USER CODE BEGIN USART6_Init 1 */
 774:Core/Src/main.c **** 
 775:Core/Src/main.c ****   /* USER CODE END USART6_Init 1 */
 776:Core/Src/main.c ****   huart6.Instance = USART6;
 777:Core/Src/main.c ****   huart6.Init.BaudRate = 57600;
 778:Core/Src/main.c ****   huart6.Init.WordLength = UART_WORDLENGTH_8B;
 779:Core/Src/main.c ****   huart6.Init.StopBits = UART_STOPBITS_1;
 780:Core/Src/main.c ****   huart6.Init.Parity = UART_PARITY_NONE;
 781:Core/Src/main.c ****   huart6.Init.Mode = UART_MODE_TX_RX;
 782:Core/Src/main.c ****   huart6.Init.HwFlowCtl = UART_HWCONTROL_NONE;
 783:Core/Src/main.c ****   huart6.Init.OverSampling = UART_OVERSAMPLING_16;
ARM GAS  C:\Users\40918\AppData\Local\Temp\ccc2gyMS.s 			page 16


 784:Core/Src/main.c ****   if (HAL_UART_Init(&huart6) != HAL_OK)
 785:Core/Src/main.c ****   {
 786:Core/Src/main.c ****     Error_Handler();
 787:Core/Src/main.c ****   }
 788:Core/Src/main.c ****   /* USER CODE BEGIN USART6_Init 2 */
 789:Core/Src/main.c **** 
 790:Core/Src/main.c ****   /* USER CODE END USART6_Init 2 */
 791:Core/Src/main.c **** 
 792:Core/Src/main.c **** }
 793:Core/Src/main.c **** 
 794:Core/Src/main.c **** /**
 795:Core/Src/main.c ****   * Enable DMA controller clock
 796:Core/Src/main.c ****   */
 797:Core/Src/main.c **** static void MX_DMA_Init(void)
 798:Core/Src/main.c **** {
 799:Core/Src/main.c **** 
 800:Core/Src/main.c ****   /* DMA controller clock enable */
 801:Core/Src/main.c ****   __HAL_RCC_DMA2_CLK_ENABLE();
 802:Core/Src/main.c ****   __HAL_RCC_DMA1_CLK_ENABLE();
 803:Core/Src/main.c **** 
 804:Core/Src/main.c ****   /* DMA interrupt init */
 805:Core/Src/main.c ****   /* DMA1_Stream1_IRQn interrupt configuration */
 806:Core/Src/main.c ****   HAL_NVIC_SetPriority(DMA1_Stream1_IRQn, 5, 0);
 807:Core/Src/main.c ****   HAL_NVIC_EnableIRQ(DMA1_Stream1_IRQn);
 808:Core/Src/main.c ****   /* DMA1_Stream3_IRQn interrupt configuration */
 809:Core/Src/main.c ****   HAL_NVIC_SetPriority(DMA1_Stream3_IRQn, 5, 0);
 810:Core/Src/main.c ****   HAL_NVIC_EnableIRQ(DMA1_Stream3_IRQn);
 811:Core/Src/main.c ****   /* DMA1_Stream5_IRQn interrupt configuration */
 812:Core/Src/main.c ****   HAL_NVIC_SetPriority(DMA1_Stream5_IRQn, 5, 0);
 813:Core/Src/main.c ****   HAL_NVIC_EnableIRQ(DMA1_Stream5_IRQn);
 814:Core/Src/main.c ****   /* DMA1_Stream6_IRQn interrupt configuration */
 815:Core/Src/main.c ****   HAL_NVIC_SetPriority(DMA1_Stream6_IRQn, 5, 0);
 816:Core/Src/main.c ****   HAL_NVIC_EnableIRQ(DMA1_Stream6_IRQn);
 817:Core/Src/main.c ****   /* DMA2_Stream2_IRQn interrupt configuration */
 818:Core/Src/main.c ****   HAL_NVIC_SetPriority(DMA2_Stream2_IRQn, 5, 0);
 819:Core/Src/main.c ****   HAL_NVIC_EnableIRQ(DMA2_Stream2_IRQn);
 820:Core/Src/main.c ****   /* DMA2_Stream3_IRQn interrupt configuration */
 821:Core/Src/main.c ****   HAL_NVIC_SetPriority(DMA2_Stream3_IRQn, 5, 0);
 822:Core/Src/main.c ****   HAL_NVIC_EnableIRQ(DMA2_Stream3_IRQn);
 823:Core/Src/main.c ****   /* DMA2_Stream6_IRQn interrupt configuration */
 824:Core/Src/main.c ****   HAL_NVIC_SetPriority(DMA2_Stream6_IRQn, 5, 0);
 825:Core/Src/main.c ****   HAL_NVIC_EnableIRQ(DMA2_Stream6_IRQn);
 826:Core/Src/main.c ****   /* DMA2_Stream7_IRQn interrupt configuration */
 827:Core/Src/main.c ****   HAL_NVIC_SetPriority(DMA2_Stream7_IRQn, 5, 0);
 828:Core/Src/main.c ****   HAL_NVIC_EnableIRQ(DMA2_Stream7_IRQn);
 829:Core/Src/main.c ****   /* SDIO_IRQn interrupt configuration */
 830:Core/Src/main.c ****   HAL_NVIC_SetPriority(SDIO_IRQn, 5, 0);
 831:Core/Src/main.c ****   HAL_NVIC_EnableIRQ(SDIO_IRQn);
 832:Core/Src/main.c **** 
 833:Core/Src/main.c **** }
 834:Core/Src/main.c **** 
 835:Core/Src/main.c **** /**
 836:Core/Src/main.c ****   * @brief GPIO Initialization Function
 837:Core/Src/main.c ****   * @param None
 838:Core/Src/main.c ****   * @retval None
 839:Core/Src/main.c ****   */
 840:Core/Src/main.c **** static void MX_GPIO_Init(void)
ARM GAS  C:\Users\40918\AppData\Local\Temp\ccc2gyMS.s 			page 17


 841:Core/Src/main.c **** {
 842:Core/Src/main.c ****   GPIO_InitTypeDef GPIO_InitStruct = {0};
 843:Core/Src/main.c ****   /* USER CODE BEGIN MX_GPIO_Init_1 */
 844:Core/Src/main.c **** 
 845:Core/Src/main.c ****   /* USER CODE END MX_GPIO_Init_1 */
 846:Core/Src/main.c **** 
 847:Core/Src/main.c ****   /* GPIO Ports Clock Enable */
 848:Core/Src/main.c ****   __HAL_RCC_GPIOC_CLK_ENABLE();
 849:Core/Src/main.c ****   __HAL_RCC_GPIOH_CLK_ENABLE();
 850:Core/Src/main.c ****   __HAL_RCC_GPIOA_CLK_ENABLE();
 851:Core/Src/main.c ****   __HAL_RCC_GPIOB_CLK_ENABLE();
 852:Core/Src/main.c ****   __HAL_RCC_GPIOD_CLK_ENABLE();
 853:Core/Src/main.c **** 
 854:Core/Src/main.c ****   /*Configure GPIO pin Output Level */
 855:Core/Src/main.c ****   HAL_GPIO_WritePin(GPIOA, GPIO_PIN_1, GPIO_PIN_RESET);
 856:Core/Src/main.c **** 
 857:Core/Src/main.c ****   /*Configure GPIO pin Output Level */
 858:Core/Src/main.c ****   HAL_GPIO_WritePin(GPIOC, GPIO_PIN_5, GPIO_PIN_RESET);
 859:Core/Src/main.c **** 
 860:Core/Src/main.c ****   /*Configure GPIO pin Output Level */
 861:Core/Src/main.c ****   HAL_GPIO_WritePin(GPIOC, GPIO_PIN_3, GPIO_PIN_SET);
 862:Core/Src/main.c **** 
 863:Core/Src/main.c ****   /*Configure GPIO pin Output Level */
 864:Core/Src/main.c ****   HAL_GPIO_WritePin(GPIOB, GPIO_PIN_12, GPIO_PIN_RESET);
 865:Core/Src/main.c **** 
 866:Core/Src/main.c ****   /*Configure GPIO pin : PC1 */
 867:Core/Src/main.c ****   GPIO_InitStruct.Pin = GPIO_PIN_1;
 868:Core/Src/main.c ****   GPIO_InitStruct.Mode = GPIO_MODE_IT_RISING;
 869:Core/Src/main.c ****   GPIO_InitStruct.Pull = GPIO_NOPULL;
 870:Core/Src/main.c ****   HAL_GPIO_Init(GPIOC, &GPIO_InitStruct);
 871:Core/Src/main.c **** 
 872:Core/Src/main.c ****   /*Configure GPIO pin : PA1 */
 873:Core/Src/main.c ****   GPIO_InitStruct.Pin = GPIO_PIN_1;
 874:Core/Src/main.c ****   GPIO_InitStruct.Mode = GPIO_MODE_OUTPUT_PP;
 875:Core/Src/main.c ****   GPIO_InitStruct.Pull = GPIO_NOPULL;
 876:Core/Src/main.c ****   GPIO_InitStruct.Speed = GPIO_SPEED_FREQ_LOW;
 877:Core/Src/main.c ****   HAL_GPIO_Init(GPIOA, &GPIO_InitStruct);
 878:Core/Src/main.c **** 
 879:Core/Src/main.c ****   /*Configure GPIO pin : PC5 */
 880:Core/Src/main.c ****   GPIO_InitStruct.Pin = GPIO_PIN_5;
 881:Core/Src/main.c ****   GPIO_InitStruct.Mode = GPIO_MODE_OUTPUT_PP;
 882:Core/Src/main.c ****   GPIO_InitStruct.Pull = GPIO_NOPULL;
 883:Core/Src/main.c ****   GPIO_InitStruct.Speed = GPIO_SPEED_FREQ_LOW;
 884:Core/Src/main.c ****   HAL_GPIO_Init(GPIOC, &GPIO_InitStruct);
 885:Core/Src/main.c **** 
 886:Core/Src/main.c ****   /*Configure GPIO pin : PC3 */
 887:Core/Src/main.c ****   GPIO_InitStruct.Pin = GPIO_PIN_3;
 888:Core/Src/main.c ****   GPIO_InitStruct.Mode = GPIO_MODE_OUTPUT_PP;
 889:Core/Src/main.c ****   GPIO_InitStruct.Pull = GPIO_NOPULL;
 890:Core/Src/main.c ****   GPIO_InitStruct.Speed = GPIO_SPEED_FREQ_LOW;
 891:Core/Src/main.c ****   HAL_GPIO_Init(GPIOC, &GPIO_InitStruct);
 892:Core/Src/main.c **** 
 893:Core/Src/main.c ****   /*Configure GPIO pin : PB12 */
 894:Core/Src/main.c ****   GPIO_InitStruct.Pin = GPIO_PIN_12;
 895:Core/Src/main.c ****   GPIO_InitStruct.Mode = GPIO_MODE_OUTPUT_PP;
 896:Core/Src/main.c ****   GPIO_InitStruct.Pull = GPIO_NOPULL;
 897:Core/Src/main.c ****   GPIO_InitStruct.Speed = GPIO_SPEED_FREQ_LOW;
ARM GAS  C:\Users\40918\AppData\Local\Temp\ccc2gyMS.s 			page 18


 898:Core/Src/main.c ****   HAL_GPIO_Init(GPIOB, &GPIO_InitStruct);
 899:Core/Src/main.c **** 
 900:Core/Src/main.c ****   /* EXTI interrupt init*/
 901:Core/Src/main.c ****   HAL_NVIC_SetPriority(EXTI1_IRQn, 0, 0);
 902:Core/Src/main.c ****   HAL_NVIC_EnableIRQ(EXTI1_IRQn);
 903:Core/Src/main.c **** 
 904:Core/Src/main.c ****   /* USER CODE BEGIN MX_GPIO_Init_2 */
 905:Core/Src/main.c **** 
 906:Core/Src/main.c ****   /* USER CODE END MX_GPIO_Init_2 */
 907:Core/Src/main.c **** }
 908:Core/Src/main.c **** 
 909:Core/Src/main.c **** /* USER CODE BEGIN 4 */
 910:Core/Src/main.c **** 
 911:Core/Src/main.c **** /**
 912:Core/Src/main.c ****   * @brief RTC Initialization Function
 913:Core/Src/main.c ****   * @param None
 914:Core/Src/main.c ****   * @retval None
 915:Core/Src/main.c ****   */
 916:Core/Src/main.c **** static void MX_RTC_Init(void)
 917:Core/Src/main.c **** {
 918:Core/Src/main.c ****   RTC_TimeTypeDef sTime = {0};
 919:Core/Src/main.c ****   RTC_DateTypeDef sDate = {0};
 920:Core/Src/main.c ****   uint32_t marker = 0U;
 921:Core/Src/main.c **** 
 922:Core/Src/main.c ****   hrtc.Instance = RTC;
 923:Core/Src/main.c ****   hrtc.Init.HourFormat = RTC_HOURFORMAT_24;
 924:Core/Src/main.c ****   hrtc.Init.AsynchPrediv = 127;
 925:Core/Src/main.c ****   hrtc.Init.SynchPrediv = 255;
 926:Core/Src/main.c ****   hrtc.Init.OutPut = RTC_OUTPUT_DISABLE;
 927:Core/Src/main.c ****   hrtc.Init.OutPutPolarity = RTC_OUTPUT_POLARITY_HIGH;
 928:Core/Src/main.c ****   hrtc.Init.OutPutType = RTC_OUTPUT_TYPE_OPENDRAIN;
 929:Core/Src/main.c ****   if (HAL_RTC_Init(&hrtc) != HAL_OK)
 930:Core/Src/main.c ****   {
 931:Core/Src/main.c ****     Error_Handler();
 932:Core/Src/main.c ****   }
 933:Core/Src/main.c **** 
 934:Core/Src/main.c ****   marker = HAL_RTCEx_BKUPRead(&hrtc, RTC_BKP_DR0);
 935:Core/Src/main.c ****   if (marker != RTC_INIT_MARKER_VALUE)
 936:Core/Src/main.c ****   {
 937:Core/Src/main.c ****     sTime.Hours = 0;
 938:Core/Src/main.c ****     sTime.Minutes = 0;
 939:Core/Src/main.c ****     sTime.Seconds = 0;
 940:Core/Src/main.c ****     sTime.DayLightSaving = RTC_DAYLIGHTSAVING_NONE;
 941:Core/Src/main.c ****     sTime.StoreOperation = RTC_STOREOPERATION_RESET;
 942:Core/Src/main.c ****     if (HAL_RTC_SetTime(&hrtc, &sTime, RTC_FORMAT_BIN) != HAL_OK)
 943:Core/Src/main.c ****     {
 944:Core/Src/main.c ****       Error_Handler();
 945:Core/Src/main.c ****     }
 946:Core/Src/main.c **** 
 947:Core/Src/main.c ****     sDate.WeekDay = RTC_WEEKDAY_MONDAY;
 948:Core/Src/main.c ****     sDate.Month = RTC_MONTH_JANUARY;
 949:Core/Src/main.c ****     sDate.Date = 1;
 950:Core/Src/main.c ****     sDate.Year = 26;
 951:Core/Src/main.c ****     if (HAL_RTC_SetDate(&hrtc, &sDate, RTC_FORMAT_BIN) != HAL_OK)
 952:Core/Src/main.c ****     {
 953:Core/Src/main.c ****       Error_Handler();
 954:Core/Src/main.c ****     }
ARM GAS  C:\Users\40918\AppData\Local\Temp\ccc2gyMS.s 			page 19


 955:Core/Src/main.c **** 
 956:Core/Src/main.c ****     HAL_RTCEx_BKUPWrite(&hrtc, RTC_BKP_DR0, RTC_INIT_MARKER_VALUE);
 957:Core/Src/main.c ****   }
 958:Core/Src/main.c **** }
 959:Core/Src/main.c **** 
 960:Core/Src/main.c **** static void OnWirelessSampleReceived(float ch1, float ch2)
 961:Core/Src/main.c **** {
 962:Core/Src/main.c ****   AppCalc_SetForceZeroInput(0U);
 963:Core/Src/main.c ****   AppCalc_FeedSample(ch1, ch2);
 964:Core/Src/main.c **** }
 965:Core/Src/main.c **** 
 966:Core/Src/main.c **** static void OnWirelessBoardSampleReceived(float board)
 967:Core/Src/main.c **** {
 968:Core/Src/main.c ****   uint16_t state = 0U;
 969:Core/Src/main.c **** 
 970:Core/Src/main.c ****   if (board == 1.0f)
 971:Core/Src/main.c ****   {
 972:Core/Src/main.c ****     if (g_board_low_count < 2U)
 973:Core/Src/main.c ****     {
 974:Core/Src/main.c ****       g_board_low_count++;
 975:Core/Src/main.c ****     }
 976:Core/Src/main.c ****   }
 977:Core/Src/main.c ****   else
 978:Core/Src/main.c ****   {
 979:Core/Src/main.c ****     g_board_low_count = 0U;
 980:Core/Src/main.c ****   }
 981:Core/Src/main.c **** 
 982:Core/Src/main.c ****   if (g_board_low_count >= 2U)
 983:Core/Src/main.c ****   {
 984:Core/Src/main.c ****     state = 1U;
 985:Core/Src/main.c ****   }
 986:Core/Src/main.c **** 
 987:Core/Src/main.c ****   if ((state != 0U) &&
 988:Core/Src/main.c ****       (mtxSharedDataHandle != NULL) &&
 989:Core/Src/main.c ****       (osMutexAcquire(mtxSharedDataHandle, 5U) == osOK))
 990:Core/Src/main.c ****   {
 991:Core/Src/main.c ****     g_protocol_values.board_low_voltage_state = 1U;
 992:Core/Src/main.c ****     osMutexRelease(mtxSharedDataHandle);
 993:Core/Src/main.c ****   }
 994:Core/Src/main.c **** }
 995:Core/Src/main.c **** 
 996:Core/Src/main.c **** static void OnWirelessFrameNoReceived(uint16_t frame_no)
 997:Core/Src/main.c **** {
 998:Core/Src/main.c ****   if ((mtxSharedDataHandle != NULL) && (osMutexAcquire(mtxSharedDataHandle, 5U) == osOK))
 999:Core/Src/main.c ****   {
1000:Core/Src/main.c ****     g_protocol_values.wireless_frame_no = frame_no;
1001:Core/Src/main.c ****     osMutexRelease(mtxSharedDataHandle);
1002:Core/Src/main.c ****   }
1003:Core/Src/main.c **** }
1004:Core/Src/main.c **** 
1005:Core/Src/main.c **** static void OnWirelessRxInterrupted(void)
1006:Core/Src/main.c **** {
1007:Core/Src/main.c ****   float zero_ch1 = 0.0f;
1008:Core/Src/main.c ****   float zero_ch2 = 0.0f;
1009:Core/Src/main.c **** 
1010:Core/Src/main.c ****   if ((mtxSharedDataHandle != NULL) && (osMutexAcquire(mtxSharedDataHandle, 5U) == osOK))
1011:Core/Src/main.c ****   {
ARM GAS  C:\Users\40918\AppData\Local\Temp\ccc2gyMS.s 			page 20


1012:Core/Src/main.c ****     zero_ch1 = g_protocol_values.zero_voltage[0];
1013:Core/Src/main.c ****     zero_ch2 = g_protocol_values.zero_voltage[1];
1014:Core/Src/main.c ****     g_wireless_latest.ch1 = zero_ch1;
1015:Core/Src/main.c ****     g_wireless_latest.ch2 = zero_ch2;
1016:Core/Src/main.c ****     g_wireless_latest.valid = 0U;
1017:Core/Src/main.c ****     g_wireless_latest.timestamp_ms = HAL_GetTick();
1018:Core/Src/main.c ****     osMutexRelease(mtxSharedDataHandle);
1019:Core/Src/main.c ****   }
1020:Core/Src/main.c ****   AppCalc_SetForceZeroInput(1U);
1021:Core/Src/main.c ****   // LOGI("[WIRELESS] force calc input to zero voltage ch1=%.6f ch2=%.6f\r\n",
1022:Core/Src/main.c ****   //      (double)zero_ch1,
1023:Core/Src/main.c ****   //      (double)zero_ch2);
1024:Core/Src/main.c ****   // LOGI("[WIRELESS] rx interrupted, power-cycle ext supply PC3 low->high\r\n");
1025:Core/Src/main.c ****   HAL_GPIO_WritePin(GPIOC, GPIO_PIN_3, GPIO_PIN_RESET);
1026:Core/Src/main.c ****   osDelay(3000U);
1027:Core/Src/main.c ****   HAL_GPIO_WritePin(GPIOC, GPIO_PIN_3, GPIO_PIN_SET);
1028:Core/Src/main.c ****   // LOGI("[WIRELESS] ext supply power-cycle complete\r\n");
1029:Core/Src/main.c **** }
1030:Core/Src/main.c **** 
1031:Core/Src/main.c **** static uint16_t GetWirelessSampleFreqHz(void)
1032:Core/Src/main.c **** {
1033:Core/Src/main.c ****   float freq_hz = 200.0f;
1034:Core/Src/main.c ****   uint16_t freq_u16;
1035:Core/Src/main.c **** 
1036:Core/Src/main.c ****   if ((mtxSharedDataHandle != NULL) && (osMutexAcquire(mtxSharedDataHandle, 2U) == osOK))
1037:Core/Src/main.c ****   {
1038:Core/Src/main.c ****     freq_hz = g_protocol_values.sample_freq_Hz;
1039:Core/Src/main.c ****     osMutexRelease(mtxSharedDataHandle);
1040:Core/Src/main.c ****   }
1041:Core/Src/main.c **** 
1042:Core/Src/main.c ****   if (freq_hz < 1.0f)
1043:Core/Src/main.c ****   {
1044:Core/Src/main.c ****     freq_hz = 200.0f;
1045:Core/Src/main.c ****   }
1046:Core/Src/main.c ****   if (freq_hz > 65535.0f)
1047:Core/Src/main.c ****   {
1048:Core/Src/main.c ****     freq_hz = 65535.0f;
1049:Core/Src/main.c ****   }
1050:Core/Src/main.c ****   freq_u16 = (uint16_t)(freq_hz + 0.5f);
1051:Core/Src/main.c ****   return (freq_u16 == 0U) ? 200U : freq_u16;
1052:Core/Src/main.c **** }
1053:Core/Src/main.c **** 
1054:Core/Src/main.c **** static uint16_t ReadPc2AdcVoltageMv(void)
1055:Core/Src/main.c **** {
  76              		.loc 1 1055 1 is_stmt 1 view -0
  77              		.cfi_startproc
  78              		@ args = 0, pretend = 0, frame = 0
  79              		@ frame_needed = 0, uses_anonymous_args = 0
  80              		@ link register save eliminated.
1056:Core/Src/main.c ****   uint32_t raw = g_pc2_adc_raw;
  81              		.loc 1 1056 3 view .LVU17
  82              		.loc 1 1056 12 is_stmt 0 view .LVU18
  83 0000 0D4B     		ldr	r3, .L8
  84 0002 1B68     		ldr	r3, [r3]
  85              	.LVL0:
1057:Core/Src/main.c ****   uint32_t voltage_mv = PC2_ADC_VREF_MV;
  86              		.loc 1 1057 3 is_stmt 1 view .LVU19
ARM GAS  C:\Users\40918\AppData\Local\Temp\ccc2gyMS.s 			page 21


1058:Core/Src/main.c ****   // LOGE("raw %d\n", raw);
1059:Core/Src/main.c ****   if (raw <= PC2_ADC_MAX_COUNT)
  87              		.loc 1 1059 3 view .LVU20
  88              		.loc 1 1059 6 is_stmt 0 view .LVU21
  89 0004 B3F5805F 		cmp	r3, #4096
  90 0008 12D2     		bcs	.L6
1060:Core/Src/main.c ****   {
1061:Core/Src/main.c ****     voltage_mv = ((raw * PC2_ADC_VREF_MV) + (PC2_ADC_MAX_COUNT / 2U)) / PC2_ADC_MAX_COUNT;
  91              		.loc 1 1061 5 is_stmt 1 view .LVU22
  92              		.loc 1 1061 24 is_stmt 0 view .LVU23
  93 000a 40F6E442 		movw	r2, #3300
  94 000e 02FB03F3 		mul	r3, r2, r3
  95              	.LVL1:
  96              		.loc 1 1061 43 view .LVU24
  97 0012 03F2FF73 		addw	r3, r3, #2047
  98              		.loc 1 1061 16 view .LVU25
  99 0016 094A     		ldr	r2, .L8+4
 100 0018 A2FB0312 		umull	r1, r2, r2, r3
 101 001c 9B1A     		subs	r3, r3, r2
 102 001e 02EB5303 		add	r3, r2, r3, lsr #1
 103 0022 D80A     		lsrs	r0, r3, #11
 104              	.LVL2:
1062:Core/Src/main.c ****   }
1063:Core/Src/main.c **** 
1064:Core/Src/main.c ****   if (voltage_mv > 0xFFFFU)
 105              		.loc 1 1064 3 is_stmt 1 view .LVU26
 106              		.loc 1 1064 6 is_stmt 0 view .LVU27
 107 0024 B3F1006F 		cmp	r3, #134217728
 108 0028 04D3     		bcc	.L5
1065:Core/Src/main.c ****   {
1066:Core/Src/main.c ****     voltage_mv = 0xFFFFU;
 109              		.loc 1 1066 16 view .LVU28
 110 002a 4FF6FF70 		movw	r0, #65535
 111              	.LVL3:
 112              		.loc 1 1066 16 view .LVU29
 113 002e 01E0     		b	.L5
 114              	.LVL4:
 115              	.L6:
1057:Core/Src/main.c ****   // LOGE("raw %d\n", raw);
 116              		.loc 1 1057 12 view .LVU30
 117 0030 40F6E440 		movw	r0, #3300
 118              	.LVL5:
 119              	.L5:
1067:Core/Src/main.c ****   }
1068:Core/Src/main.c ****   return (uint16_t)voltage_mv;
 120              		.loc 1 1068 3 is_stmt 1 view .LVU31
1069:Core/Src/main.c **** }
 121              		.loc 1 1069 1 is_stmt 0 view .LVU32
 122 0034 80B2     		uxth	r0, r0
 123              	.LVL6:
 124              		.loc 1 1069 1 view .LVU33
 125 0036 7047     		bx	lr
 126              	.L9:
 127              		.align	2
 128              	.L8:
 129 0038 00000000 		.word	g_pc2_adc_raw
 130 003c 01011000 		.word	1048833
ARM GAS  C:\Users\40918\AppData\Local\Temp\ccc2gyMS.s 			page 22


 131              		.cfi_endproc
 132              	.LFE266:
 134              		.section	.text.RpmUpdateSharedFromIsr,"ax",%progbits
 135              		.align	1
 136              		.syntax unified
 137              		.thumb
 138              		.thumb_func
 140              	RpmUpdateSharedFromIsr:
 141              	.LVL7:
 142              	.LFB269:
1070:Core/Src/main.c **** 
1071:Core/Src/main.c **** static void UpdatePc2LowVoltageState(void)
1072:Core/Src/main.c **** {
1073:Core/Src/main.c ****   uint16_t voltage_mv = ReadPc2AdcVoltageMv();
1074:Core/Src/main.c ****   uint16_t state = 0U;
1075:Core/Src/main.c ****   // LOGE("V %d\n", voltage_mv);
1076:Core/Src/main.c ****   if (voltage_mv < PC2_ADC_LOW_THRESHOLD_MV)
1077:Core/Src/main.c ****   {
1078:Core/Src/main.c ****     if (g_pc2_adc_low_count < PC2_ADC_LOW_COUNT_LIMIT)
1079:Core/Src/main.c ****     {
1080:Core/Src/main.c ****       g_pc2_adc_low_count++;
1081:Core/Src/main.c ****     }
1082:Core/Src/main.c ****   }
1083:Core/Src/main.c ****   else
1084:Core/Src/main.c ****   {
1085:Core/Src/main.c ****     g_pc2_adc_low_count = 0U;
1086:Core/Src/main.c ****   }
1087:Core/Src/main.c **** 
1088:Core/Src/main.c ****   if (g_pc2_adc_low_count >= PC2_ADC_LOW_COUNT_LIMIT)
1089:Core/Src/main.c ****   {
1090:Core/Src/main.c ****     state = 1U;
1091:Core/Src/main.c ****   }
1092:Core/Src/main.c **** 
1093:Core/Src/main.c ****   if ((state != 0U) &&
1094:Core/Src/main.c ****       (mtxSharedDataHandle != NULL) &&
1095:Core/Src/main.c ****       (osMutexAcquire(mtxSharedDataHandle, 5U) == osOK))
1096:Core/Src/main.c ****   {
1097:Core/Src/main.c ****     g_protocol_values.pc2_low_voltage_state = 1U;
1098:Core/Src/main.c ****     osMutexRelease(mtxSharedDataHandle);
1099:Core/Src/main.c ****   }
1100:Core/Src/main.c **** }
1101:Core/Src/main.c **** 
1102:Core/Src/main.c **** static void RpmUpdateShared(const rpm_calc_result_t *res)
1103:Core/Src/main.c **** {
1104:Core/Src/main.c ****   if ((res == NULL) || (mtxSharedDataHandle == NULL))
1105:Core/Src/main.c ****   {
1106:Core/Src/main.c ****     return;
1107:Core/Src/main.c ****   }
1108:Core/Src/main.c **** 
1109:Core/Src/main.c ****   if (osMutexAcquire(mtxSharedDataHandle, 2U) == osOK)
1110:Core/Src/main.c ****   {
1111:Core/Src/main.c ****     g_rpm_latest.rpm = res->rpm;
1112:Core/Src/main.c ****     g_rpm_latest.period_us = res->period_us;
1113:Core/Src/main.c ****     g_rpm_latest.valid = res->valid;
1114:Core/Src/main.c ****     osMutexRelease(mtxSharedDataHandle);
1115:Core/Src/main.c ****   }
1116:Core/Src/main.c **** }
ARM GAS  C:\Users\40918\AppData\Local\Temp\ccc2gyMS.s 			page 23


1117:Core/Src/main.c **** 
1118:Core/Src/main.c **** static void RpmUpdateSharedFromIsr(const rpm_calc_result_t *res)
1119:Core/Src/main.c **** {
 143              		.loc 1 1119 1 is_stmt 1 view -0
 144              		.cfi_startproc
 145              		@ args = 0, pretend = 0, frame = 0
 146              		@ frame_needed = 0, uses_anonymous_args = 0
 147              		@ link register save eliminated.
1120:Core/Src/main.c ****   if (res == NULL)
 148              		.loc 1 1120 3 view .LVU35
 149              		.loc 1 1120 6 is_stmt 0 view .LVU36
 150 0000 30B1     		cbz	r0, .L10
1121:Core/Src/main.c ****   {
1122:Core/Src/main.c ****     return;
1123:Core/Src/main.c ****   }
1124:Core/Src/main.c **** 
1125:Core/Src/main.c ****   g_rpm_latest.rpm = res->rpm;
 151              		.loc 1 1125 3 is_stmt 1 view .LVU37
 152              		.loc 1 1125 25 is_stmt 0 view .LVU38
 153 0002 0168     		ldr	r1, [r0]	@ float
 154              		.loc 1 1125 20 view .LVU39
 155 0004 034A     		ldr	r2, .L12
 156 0006 1160     		str	r1, [r2]	@ float
1126:Core/Src/main.c ****   g_rpm_latest.period_us = res->period_us;
 157              		.loc 1 1126 3 is_stmt 1 view .LVU40
 158              		.loc 1 1126 31 is_stmt 0 view .LVU41
 159 0008 4168     		ldr	r1, [r0, #4]
 160              		.loc 1 1126 26 view .LVU42
 161 000a 5160     		str	r1, [r2, #4]
1127:Core/Src/main.c ****   g_rpm_latest.valid = res->valid;
 162              		.loc 1 1127 3 is_stmt 1 view .LVU43
 163              		.loc 1 1127 27 is_stmt 0 view .LVU44
 164 000c 037A     		ldrb	r3, [r0, #8]	@ zero_extendqisi2
 165              		.loc 1 1127 22 view .LVU45
 166 000e 1372     		strb	r3, [r2, #8]
 167              	.L10:
1128:Core/Src/main.c **** }
 168              		.loc 1 1128 1 view .LVU46
 169 0010 7047     		bx	lr
 170              	.L13:
 171 0012 00BF     		.align	2
 172              	.L12:
 173 0014 00000000 		.word	g_rpm_latest
 174              		.cfi_endproc
 175              	.LFE269:
 177              		.section	.text.GetWirelessSampleFreqHz,"ax",%progbits
 178              		.align	1
 179              		.syntax unified
 180              		.thumb
 181              		.thumb_func
 183              	GetWirelessSampleFreqHz:
 184              	.LFB265:
1032:Core/Src/main.c ****   float freq_hz = 200.0f;
 185              		.loc 1 1032 1 is_stmt 1 view -0
 186              		.cfi_startproc
 187              		@ args = 0, pretend = 0, frame = 0
 188              		@ frame_needed = 0, uses_anonymous_args = 0
ARM GAS  C:\Users\40918\AppData\Local\Temp\ccc2gyMS.s 			page 24


 189 0000 08B5     		push	{r3, lr}
 190              	.LCFI0:
 191              		.cfi_def_cfa_offset 8
 192              		.cfi_offset 3, -8
 193              		.cfi_offset 14, -4
 194 0002 2DED028B 		vpush.64	{d8}
 195              	.LCFI1:
 196              		.cfi_def_cfa_offset 16
 197              		.cfi_offset 80, -16
 198              		.cfi_offset 81, -12
1033:Core/Src/main.c ****   uint16_t freq_u16;
 199              		.loc 1 1033 3 view .LVU48
 200              	.LVL8:
1034:Core/Src/main.c **** 
 201              		.loc 1 1034 3 view .LVU49
1036:Core/Src/main.c ****   {
 202              		.loc 1 1036 3 view .LVU50
1036:Core/Src/main.c ****   {
 203              		.loc 1 1036 28 is_stmt 0 view .LVU51
 204 0006 1B4B     		ldr	r3, .L26
 205 0008 1868     		ldr	r0, [r3]
1036:Core/Src/main.c ****   {
 206              		.loc 1 1036 6 view .LVU52
 207 000a B8B1     		cbz	r0, .L18
1036:Core/Src/main.c ****   {
 208              		.loc 1 1036 41 discriminator 1 view .LVU53
 209 000c 0221     		movs	r1, #2
 210 000e FFF7FEFF 		bl	osMutexAcquire
 211              	.LVL9:
1036:Core/Src/main.c ****   {
 212              		.loc 1 1036 37 discriminator 1 view .LVU54
 213 0012 10B1     		cbz	r0, .L24
1033:Core/Src/main.c ****   uint16_t freq_u16;
 214              		.loc 1 1033 9 view .LVU55
 215 0014 9FED188A 		vldr.32	s16, .L26+4
 216 0018 12E0     		b	.L15
 217              	.L24:
1038:Core/Src/main.c ****     osMutexRelease(mtxSharedDataHandle);
 218              		.loc 1 1038 5 is_stmt 1 view .LVU56
1038:Core/Src/main.c ****     osMutexRelease(mtxSharedDataHandle);
 219              		.loc 1 1038 13 is_stmt 0 view .LVU57
 220 001a 184B     		ldr	r3, .L26+8
 221 001c 93ED0E8A 		vldr.32	s16, [r3, #56]
 222              	.LVL10:
1039:Core/Src/main.c ****   }
 223              		.loc 1 1039 5 is_stmt 1 view .LVU58
 224 0020 144B     		ldr	r3, .L26
 225 0022 1868     		ldr	r0, [r3]
 226 0024 FFF7FEFF 		bl	osMutexRelease
 227              	.LVL11:
1042:Core/Src/main.c ****   {
 228              		.loc 1 1042 3 view .LVU59
1042:Core/Src/main.c ****   {
 229              		.loc 1 1042 6 is_stmt 0 view .LVU60
 230 0028 F7EE007A 		vmov.f32	s15, #1.0e+0
 231 002c B4EEE78A 		vcmpe.f32	s16, s15
 232 0030 F1EE10FA 		vmrs	APSR_nzcv, FPSCR
ARM GAS  C:\Users\40918\AppData\Local\Temp\ccc2gyMS.s 			page 25


 233 0034 04D5     		bpl	.L15
1044:Core/Src/main.c ****   }
 234              		.loc 1 1044 13 view .LVU61
 235 0036 9FED108A 		vldr.32	s16, .L26+4
 236              	.LVL12:
1044:Core/Src/main.c ****   }
 237              		.loc 1 1044 13 view .LVU62
 238 003a 08E0     		b	.L16
 239              	.LVL13:
 240              	.L18:
1033:Core/Src/main.c ****   uint16_t freq_u16;
 241              		.loc 1 1033 9 view .LVU63
 242 003c 9FED0E8A 		vldr.32	s16, .L26+4
 243              	.LVL14:
 244              	.L15:
1046:Core/Src/main.c ****   {
 245              		.loc 1 1046 3 is_stmt 1 view .LVU64
1046:Core/Src/main.c ****   {
 246              		.loc 1 1046 6 is_stmt 0 view .LVU65
 247 0040 DFED0F7A 		vldr.32	s15, .L26+12
 248 0044 B4EEE78A 		vcmpe.f32	s16, s15
 249 0048 F1EE10FA 		vmrs	APSR_nzcv, FPSCR
 250 004c 0CDC     		bgt	.L21
 251              	.LVL15:
 252              	.L16:
1050:Core/Src/main.c ****   return (freq_u16 == 0U) ? 200U : freq_u16;
 253              		.loc 1 1050 3 is_stmt 1 view .LVU66
1050:Core/Src/main.c ****   return (freq_u16 == 0U) ? 200U : freq_u16;
 254              		.loc 1 1050 33 is_stmt 0 view .LVU67
 255 004e F6EE007A 		vmov.f32	s15, #5.0e-1
 256 0052 38EE278A 		vadd.f32	s16, s16, s15
 257              	.LVL16:
1050:Core/Src/main.c ****   return (freq_u16 == 0U) ? 200U : freq_u16;
 258              		.loc 1 1050 12 view .LVU68
 259 0056 BCEEC88A 		vcvt.u32.f32	s16, s16
 260 005a 18EE103A 		vmov	r3, s16	@ int
 261 005e 98B2     		uxth	r0, r3
 262              	.LVL17:
1051:Core/Src/main.c **** }
 263              		.loc 1 1051 3 is_stmt 1 view .LVU69
1051:Core/Src/main.c **** }
 264              		.loc 1 1051 34 is_stmt 0 view .LVU70
 265 0060 28B1     		cbz	r0, .L25
 266              	.LVL18:
 267              	.L17:
1052:Core/Src/main.c **** 
 268              		.loc 1 1052 1 view .LVU71
 269 0062 BDEC028B 		vldm	sp!, {d8}
 270              	.LCFI2:
 271              		.cfi_remember_state
 272              		.cfi_restore 80
 273              		.cfi_restore 81
 274              		.cfi_def_cfa_offset 8
 275 0066 08BD     		pop	{r3, pc}
 276              	.LVL19:
 277              	.L21:
 278              	.LCFI3:
ARM GAS  C:\Users\40918\AppData\Local\Temp\ccc2gyMS.s 			page 26


 279              		.cfi_restore_state
1048:Core/Src/main.c ****   }
 280              		.loc 1 1048 13 view .LVU72
 281 0068 9FED058A 		vldr.32	s16, .L26+12
 282              	.LVL20:
1048:Core/Src/main.c ****   }
 283              		.loc 1 1048 13 view .LVU73
 284 006c EFE7     		b	.L16
 285              	.LVL21:
 286              	.L25:
1051:Core/Src/main.c **** }
 287              		.loc 1 1051 34 discriminator 2 view .LVU74
 288 006e C820     		movs	r0, #200
 289              	.LVL22:
1051:Core/Src/main.c **** }
 290              		.loc 1 1051 34 discriminator 2 view .LVU75
 291 0070 F7E7     		b	.L17
 292              	.L27:
 293 0072 00BF     		.align	2
 294              	.L26:
 295 0074 00000000 		.word	mtxSharedDataHandle
 296 0078 00004843 		.word	1128792064
 297 007c 00000000 		.word	g_protocol_values
 298 0080 00FF7F47 		.word	1199570688
 299              		.cfi_endproc
 300              	.LFE265:
 302              		.section	.text.OnWirelessFrameNoReceived,"ax",%progbits
 303              		.align	1
 304              		.syntax unified
 305              		.thumb
 306              		.thumb_func
 308              	OnWirelessFrameNoReceived:
 309              	.LVL23:
 310              	.LFB263:
 997:Core/Src/main.c ****   if ((mtxSharedDataHandle != NULL) && (osMutexAcquire(mtxSharedDataHandle, 5U) == osOK))
 311              		.loc 1 997 1 is_stmt 1 view -0
 312              		.cfi_startproc
 313              		@ args = 0, pretend = 0, frame = 0
 314              		@ frame_needed = 0, uses_anonymous_args = 0
 997:Core/Src/main.c ****   if ((mtxSharedDataHandle != NULL) && (osMutexAcquire(mtxSharedDataHandle, 5U) == osOK))
 315              		.loc 1 997 1 is_stmt 0 view .LVU77
 316 0000 10B5     		push	{r4, lr}
 317              	.LCFI4:
 318              		.cfi_def_cfa_offset 8
 319              		.cfi_offset 4, -8
 320              		.cfi_offset 14, -4
 321 0002 0446     		mov	r4, r0
 998:Core/Src/main.c ****   {
 322              		.loc 1 998 3 is_stmt 1 view .LVU78
 998:Core/Src/main.c ****   {
 323              		.loc 1 998 28 is_stmt 0 view .LVU79
 324 0004 074B     		ldr	r3, .L32
 325 0006 1868     		ldr	r0, [r3]
 326              	.LVL24:
 998:Core/Src/main.c ****   {
 327              		.loc 1 998 6 view .LVU80
 328 0008 18B1     		cbz	r0, .L28
ARM GAS  C:\Users\40918\AppData\Local\Temp\ccc2gyMS.s 			page 27


 998:Core/Src/main.c ****   {
 329              		.loc 1 998 41 discriminator 1 view .LVU81
 330 000a 0521     		movs	r1, #5
 331 000c FFF7FEFF 		bl	osMutexAcquire
 332              	.LVL25:
 998:Core/Src/main.c ****   {
 333              		.loc 1 998 37 discriminator 1 view .LVU82
 334 0010 00B1     		cbz	r0, .L31
 335              	.L28:
1003:Core/Src/main.c **** 
 336              		.loc 1 1003 1 view .LVU83
 337 0012 10BD     		pop	{r4, pc}
 338              	.LVL26:
 339              	.L31:
1000:Core/Src/main.c ****     osMutexRelease(mtxSharedDataHandle);
 340              		.loc 1 1000 5 is_stmt 1 view .LVU84
1000:Core/Src/main.c ****     osMutexRelease(mtxSharedDataHandle);
 341              		.loc 1 1000 41 is_stmt 0 view .LVU85
 342 0014 044B     		ldr	r3, .L32+4
 343 0016 1C83     		strh	r4, [r3, #24]	@ movhi
1001:Core/Src/main.c ****   }
 344              		.loc 1 1001 5 is_stmt 1 view .LVU86
 345 0018 024B     		ldr	r3, .L32
 346 001a 1868     		ldr	r0, [r3]
 347 001c FFF7FEFF 		bl	osMutexRelease
 348              	.LVL27:
1003:Core/Src/main.c **** 
 349              		.loc 1 1003 1 is_stmt 0 view .LVU87
 350 0020 F7E7     		b	.L28
 351              	.L33:
 352 0022 00BF     		.align	2
 353              	.L32:
 354 0024 00000000 		.word	mtxSharedDataHandle
 355 0028 00000000 		.word	g_protocol_values
 356              		.cfi_endproc
 357              	.LFE263:
 359              		.section	.text.OnWirelessBoardSampleReceived,"ax",%progbits
 360              		.align	1
 361              		.syntax unified
 362              		.thumb
 363              		.thumb_func
 365              	OnWirelessBoardSampleReceived:
 366              	.LVL28:
 367              	.LFB262:
 967:Core/Src/main.c ****   uint16_t state = 0U;
 368              		.loc 1 967 1 is_stmt 1 view -0
 369              		.cfi_startproc
 370              		@ args = 0, pretend = 0, frame = 0
 371              		@ frame_needed = 0, uses_anonymous_args = 0
 967:Core/Src/main.c ****   uint16_t state = 0U;
 372              		.loc 1 967 1 is_stmt 0 view .LVU89
 373 0000 08B5     		push	{r3, lr}
 374              	.LCFI5:
 375              		.cfi_def_cfa_offset 8
 376              		.cfi_offset 3, -8
 377              		.cfi_offset 14, -4
 968:Core/Src/main.c **** 
ARM GAS  C:\Users\40918\AppData\Local\Temp\ccc2gyMS.s 			page 28


 378              		.loc 1 968 3 is_stmt 1 view .LVU90
 379              	.LVL29:
 970:Core/Src/main.c ****   {
 380              		.loc 1 970 3 view .LVU91
 970:Core/Src/main.c ****   {
 381              		.loc 1 970 6 is_stmt 0 view .LVU92
 382 0002 F7EE007A 		vmov.f32	s15, #1.0e+0
 383 0006 B4EE670A 		vcmp.f32	s0, s15
 384 000a F1EE10FA 		vmrs	APSR_nzcv, FPSCR
 385 000e 07D1     		bne	.L35
 972:Core/Src/main.c ****     {
 386              		.loc 1 972 5 is_stmt 1 view .LVU93
 972:Core/Src/main.c ****     {
 387              		.loc 1 972 27 is_stmt 0 view .LVU94
 388 0010 0F4B     		ldr	r3, .L40
 389 0012 1B78     		ldrb	r3, [r3]	@ zero_extendqisi2
 972:Core/Src/main.c ****     {
 390              		.loc 1 972 8 view .LVU95
 391 0014 012B     		cmp	r3, #1
 392 0016 06D8     		bhi	.L36
 974:Core/Src/main.c ****     }
 393              		.loc 1 974 7 is_stmt 1 view .LVU96
 974:Core/Src/main.c ****     }
 394              		.loc 1 974 24 is_stmt 0 view .LVU97
 395 0018 0133     		adds	r3, r3, #1
 396 001a 0D4A     		ldr	r2, .L40
 397 001c 1370     		strb	r3, [r2]
 398 001e 02E0     		b	.L36
 399              	.L35:
 979:Core/Src/main.c ****   }
 400              		.loc 1 979 5 is_stmt 1 view .LVU98
 979:Core/Src/main.c ****   }
 401              		.loc 1 979 23 is_stmt 0 view .LVU99
 402 0020 0B4B     		ldr	r3, .L40
 403 0022 0022     		movs	r2, #0
 404 0024 1A70     		strb	r2, [r3]
 405              	.L36:
 982:Core/Src/main.c ****   {
 406              		.loc 1 982 3 is_stmt 1 view .LVU100
 982:Core/Src/main.c ****   {
 407              		.loc 1 982 25 is_stmt 0 view .LVU101
 408 0026 0A4B     		ldr	r3, .L40
 409 0028 1B78     		ldrb	r3, [r3]	@ zero_extendqisi2
 982:Core/Src/main.c ****   {
 410              		.loc 1 982 6 view .LVU102
 411 002a 012B     		cmp	r3, #1
 412 002c 06D9     		bls	.L34
 984:Core/Src/main.c ****   }
 413              		.loc 1 984 5 is_stmt 1 view .LVU103
 414              	.LVL30:
 987:Core/Src/main.c ****       (mtxSharedDataHandle != NULL) &&
 415              		.loc 1 987 3 view .LVU104
 988:Core/Src/main.c ****       (osMutexAcquire(mtxSharedDataHandle, 5U) == osOK))
 416              		.loc 1 988 28 is_stmt 0 view .LVU105
 417 002e 094B     		ldr	r3, .L40+4
 418 0030 1868     		ldr	r0, [r3]
 987:Core/Src/main.c ****       (mtxSharedDataHandle != NULL) &&
ARM GAS  C:\Users\40918\AppData\Local\Temp\ccc2gyMS.s 			page 29


 419              		.loc 1 987 21 discriminator 1 view .LVU106
 420 0032 18B1     		cbz	r0, .L34
 989:Core/Src/main.c ****   {
 421              		.loc 1 989 8 view .LVU107
 422 0034 0521     		movs	r1, #5
 423 0036 FFF7FEFF 		bl	osMutexAcquire
 424              	.LVL31:
 988:Core/Src/main.c ****       (osMutexAcquire(mtxSharedDataHandle, 5U) == osOK))
 425              		.loc 1 988 37 view .LVU108
 426 003a 00B1     		cbz	r0, .L39
 427              	.LVL32:
 428              	.L34:
 994:Core/Src/main.c **** 
 429              		.loc 1 994 1 view .LVU109
 430 003c 08BD     		pop	{r3, pc}
 431              	.LVL33:
 432              	.L39:
 991:Core/Src/main.c ****     osMutexRelease(mtxSharedDataHandle);
 433              		.loc 1 991 5 is_stmt 1 view .LVU110
 991:Core/Src/main.c ****     osMutexRelease(mtxSharedDataHandle);
 434              		.loc 1 991 47 is_stmt 0 view .LVU111
 435 003e 064B     		ldr	r3, .L40+8
 436 0040 0122     		movs	r2, #1
 437 0042 5A82     		strh	r2, [r3, #18]	@ movhi
 992:Core/Src/main.c ****   }
 438              		.loc 1 992 5 is_stmt 1 view .LVU112
 439 0044 034B     		ldr	r3, .L40+4
 440 0046 1868     		ldr	r0, [r3]
 441 0048 FFF7FEFF 		bl	osMutexRelease
 442              	.LVL34:
 994:Core/Src/main.c **** 
 443              		.loc 1 994 1 is_stmt 0 view .LVU113
 444 004c F6E7     		b	.L34
 445              	.L41:
 446 004e 00BF     		.align	2
 447              	.L40:
 448 0050 00000000 		.word	g_board_low_count
 449 0054 00000000 		.word	mtxSharedDataHandle
 450 0058 00000000 		.word	g_protocol_values
 451              		.cfi_endproc
 452              	.LFE262:
 454              		.section	.text.UpdatePc2LowVoltageState,"ax",%progbits
 455              		.align	1
 456              		.syntax unified
 457              		.thumb
 458              		.thumb_func
 460              	UpdatePc2LowVoltageState:
 461              	.LFB267:
1072:Core/Src/main.c ****   uint16_t voltage_mv = ReadPc2AdcVoltageMv();
 462              		.loc 1 1072 1 is_stmt 1 view -0
 463              		.cfi_startproc
 464              		@ args = 0, pretend = 0, frame = 0
 465              		@ frame_needed = 0, uses_anonymous_args = 0
 466 0000 08B5     		push	{r3, lr}
 467              	.LCFI6:
 468              		.cfi_def_cfa_offset 8
 469              		.cfi_offset 3, -8
ARM GAS  C:\Users\40918\AppData\Local\Temp\ccc2gyMS.s 			page 30


 470              		.cfi_offset 14, -4
1073:Core/Src/main.c ****   uint16_t state = 0U;
 471              		.loc 1 1073 3 view .LVU115
1073:Core/Src/main.c ****   uint16_t state = 0U;
 472              		.loc 1 1073 25 is_stmt 0 view .LVU116
 473 0002 FFF7FEFF 		bl	ReadPc2AdcVoltageMv
 474              	.LVL35:
1074:Core/Src/main.c ****   // LOGE("V %d\n", voltage_mv);
 475              		.loc 1 1074 3 is_stmt 1 view .LVU117
1076:Core/Src/main.c ****   {
 476              		.loc 1 1076 3 view .LVU118
1076:Core/Src/main.c ****   {
 477              		.loc 1 1076 6 is_stmt 0 view .LVU119
 478 0006 40F2DB53 		movw	r3, #1499
 479 000a 9842     		cmp	r0, r3
 480 000c 07D8     		bhi	.L43
1078:Core/Src/main.c ****     {
 481              		.loc 1 1078 5 is_stmt 1 view .LVU120
1078:Core/Src/main.c ****     {
 482              		.loc 1 1078 29 is_stmt 0 view .LVU121
 483 000e 0F4B     		ldr	r3, .L48
 484 0010 1B78     		ldrb	r3, [r3]	@ zero_extendqisi2
1078:Core/Src/main.c ****     {
 485              		.loc 1 1078 8 view .LVU122
 486 0012 012B     		cmp	r3, #1
 487 0014 06D8     		bhi	.L44
1080:Core/Src/main.c ****     }
 488              		.loc 1 1080 7 is_stmt 1 view .LVU123
1080:Core/Src/main.c ****     }
 489              		.loc 1 1080 26 is_stmt 0 view .LVU124
 490 0016 0133     		adds	r3, r3, #1
 491 0018 0C4A     		ldr	r2, .L48
 492 001a 1370     		strb	r3, [r2]
 493 001c 02E0     		b	.L44
 494              	.L43:
1085:Core/Src/main.c ****   }
 495              		.loc 1 1085 5 is_stmt 1 view .LVU125
1085:Core/Src/main.c ****   }
 496              		.loc 1 1085 25 is_stmt 0 view .LVU126
 497 001e 0B4B     		ldr	r3, .L48
 498 0020 0022     		movs	r2, #0
 499 0022 1A70     		strb	r2, [r3]
 500              	.L44:
1088:Core/Src/main.c ****   {
 501              		.loc 1 1088 3 is_stmt 1 view .LVU127
1088:Core/Src/main.c ****   {
 502              		.loc 1 1088 27 is_stmt 0 view .LVU128
 503 0024 094B     		ldr	r3, .L48
 504 0026 1B78     		ldrb	r3, [r3]	@ zero_extendqisi2
1088:Core/Src/main.c ****   {
 505              		.loc 1 1088 6 view .LVU129
 506 0028 012B     		cmp	r3, #1
 507 002a 06D9     		bls	.L42
1090:Core/Src/main.c ****   }
 508              		.loc 1 1090 5 is_stmt 1 view .LVU130
 509              	.LVL36:
1093:Core/Src/main.c ****       (mtxSharedDataHandle != NULL) &&
ARM GAS  C:\Users\40918\AppData\Local\Temp\ccc2gyMS.s 			page 31


 510              		.loc 1 1093 3 view .LVU131
1094:Core/Src/main.c ****       (osMutexAcquire(mtxSharedDataHandle, 5U) == osOK))
 511              		.loc 1 1094 28 is_stmt 0 view .LVU132
 512 002c 084B     		ldr	r3, .L48+4
 513 002e 1868     		ldr	r0, [r3]
 514              	.LVL37:
1093:Core/Src/main.c ****       (mtxSharedDataHandle != NULL) &&
 515              		.loc 1 1093 21 discriminator 1 view .LVU133
 516 0030 18B1     		cbz	r0, .L42
1095:Core/Src/main.c ****   {
 517              		.loc 1 1095 8 view .LVU134
 518 0032 0521     		movs	r1, #5
 519 0034 FFF7FEFF 		bl	osMutexAcquire
 520              	.LVL38:
1094:Core/Src/main.c ****       (osMutexAcquire(mtxSharedDataHandle, 5U) == osOK))
 521              		.loc 1 1094 37 view .LVU135
 522 0038 00B1     		cbz	r0, .L47
 523              	.LVL39:
 524              	.L42:
1100:Core/Src/main.c **** 
 525              		.loc 1 1100 1 view .LVU136
 526 003a 08BD     		pop	{r3, pc}
 527              	.LVL40:
 528              	.L47:
1097:Core/Src/main.c ****     osMutexRelease(mtxSharedDataHandle);
 529              		.loc 1 1097 5 is_stmt 1 view .LVU137
1097:Core/Src/main.c ****     osMutexRelease(mtxSharedDataHandle);
 530              		.loc 1 1097 45 is_stmt 0 view .LVU138
 531 003c 054B     		ldr	r3, .L48+8
 532 003e 0122     		movs	r2, #1
 533 0040 1A82     		strh	r2, [r3, #16]	@ movhi
1098:Core/Src/main.c ****   }
 534              		.loc 1 1098 5 is_stmt 1 view .LVU139
 535 0042 034B     		ldr	r3, .L48+4
 536 0044 1868     		ldr	r0, [r3]
 537 0046 FFF7FEFF 		bl	osMutexRelease
 538              	.LVL41:
1100:Core/Src/main.c **** 
 539              		.loc 1 1100 1 is_stmt 0 view .LVU140
 540 004a F6E7     		b	.L42
 541              	.L49:
 542              		.align	2
 543              	.L48:
 544 004c 00000000 		.word	g_pc2_adc_low_count
 545 0050 00000000 		.word	mtxSharedDataHandle
 546 0054 00000000 		.word	g_protocol_values
 547              		.cfi_endproc
 548              	.LFE267:
 550              		.section	.text.RpmUpdateShared,"ax",%progbits
 551              		.align	1
 552              		.syntax unified
 553              		.thumb
 554              		.thumb_func
 556              	RpmUpdateShared:
 557              	.LVL42:
 558              	.LFB268:
1103:Core/Src/main.c ****   if ((res == NULL) || (mtxSharedDataHandle == NULL))
ARM GAS  C:\Users\40918\AppData\Local\Temp\ccc2gyMS.s 			page 32


 559              		.loc 1 1103 1 is_stmt 1 view -0
 560              		.cfi_startproc
 561              		@ args = 0, pretend = 0, frame = 0
 562              		@ frame_needed = 0, uses_anonymous_args = 0
1104:Core/Src/main.c ****   {
 563              		.loc 1 1104 3 view .LVU142
1104:Core/Src/main.c ****   {
 564              		.loc 1 1104 6 is_stmt 0 view .LVU143
 565 0000 A8B1     		cbz	r0, .L53
1103:Core/Src/main.c ****   if ((res == NULL) || (mtxSharedDataHandle == NULL))
 566              		.loc 1 1103 1 view .LVU144
 567 0002 10B5     		push	{r4, lr}
 568              	.LCFI7:
 569              		.cfi_def_cfa_offset 8
 570              		.cfi_offset 4, -8
 571              		.cfi_offset 14, -4
 572 0004 0446     		mov	r4, r0
1104:Core/Src/main.c ****   {
 573              		.loc 1 1104 45 discriminator 1 view .LVU145
 574 0006 0A4B     		ldr	r3, .L57
 575 0008 1868     		ldr	r0, [r3]
 576              	.LVL43:
1104:Core/Src/main.c ****   {
 577              		.loc 1 1104 21 discriminator 1 view .LVU146
 578 000a 18B1     		cbz	r0, .L50
1109:Core/Src/main.c ****   {
 579              		.loc 1 1109 3 is_stmt 1 view .LVU147
1109:Core/Src/main.c ****   {
 580              		.loc 1 1109 7 is_stmt 0 view .LVU148
 581 000c 0221     		movs	r1, #2
 582 000e FFF7FEFF 		bl	osMutexAcquire
 583              	.LVL44:
1109:Core/Src/main.c ****   {
 584              		.loc 1 1109 6 discriminator 1 view .LVU149
 585 0012 00B1     		cbz	r0, .L56
 586              	.L50:
1116:Core/Src/main.c **** 
 587              		.loc 1 1116 1 view .LVU150
 588 0014 10BD     		pop	{r4, pc}
 589              	.LVL45:
 590              	.L56:
1111:Core/Src/main.c ****     g_rpm_latest.period_us = res->period_us;
 591              		.loc 1 1111 5 is_stmt 1 view .LVU151
1111:Core/Src/main.c ****     g_rpm_latest.period_us = res->period_us;
 592              		.loc 1 1111 27 is_stmt 0 view .LVU152
 593 0016 2268     		ldr	r2, [r4]	@ float
1111:Core/Src/main.c ****     g_rpm_latest.period_us = res->period_us;
 594              		.loc 1 1111 22 view .LVU153
 595 0018 064B     		ldr	r3, .L57+4
 596 001a 1A60     		str	r2, [r3]	@ float
1112:Core/Src/main.c ****     g_rpm_latest.valid = res->valid;
 597              		.loc 1 1112 5 is_stmt 1 view .LVU154
1112:Core/Src/main.c ****     g_rpm_latest.valid = res->valid;
 598              		.loc 1 1112 33 is_stmt 0 view .LVU155
 599 001c 6268     		ldr	r2, [r4, #4]
1112:Core/Src/main.c ****     g_rpm_latest.valid = res->valid;
 600              		.loc 1 1112 28 view .LVU156
ARM GAS  C:\Users\40918\AppData\Local\Temp\ccc2gyMS.s 			page 33


 601 001e 5A60     		str	r2, [r3, #4]
1113:Core/Src/main.c ****     osMutexRelease(mtxSharedDataHandle);
 602              		.loc 1 1113 5 is_stmt 1 view .LVU157
1113:Core/Src/main.c ****     osMutexRelease(mtxSharedDataHandle);
 603              		.loc 1 1113 29 is_stmt 0 view .LVU158
 604 0020 227A     		ldrb	r2, [r4, #8]	@ zero_extendqisi2
1113:Core/Src/main.c ****     osMutexRelease(mtxSharedDataHandle);
 605              		.loc 1 1113 24 view .LVU159
 606 0022 1A72     		strb	r2, [r3, #8]
1114:Core/Src/main.c ****   }
 607              		.loc 1 1114 5 is_stmt 1 view .LVU160
 608 0024 024B     		ldr	r3, .L57
 609 0026 1868     		ldr	r0, [r3]
 610 0028 FFF7FEFF 		bl	osMutexRelease
 611              	.LVL46:
 612 002c F2E7     		b	.L50
 613              	.LVL47:
 614              	.L53:
 615              	.LCFI8:
 616              		.cfi_def_cfa_offset 0
 617              		.cfi_restore 4
 618              		.cfi_restore 14
1114:Core/Src/main.c ****   }
 619              		.loc 1 1114 5 is_stmt 0 view .LVU161
 620 002e 7047     		bx	lr
 621              	.L58:
 622              		.align	2
 623              	.L57:
 624 0030 00000000 		.word	mtxSharedDataHandle
 625 0034 00000000 		.word	g_rpm_latest
 626              		.cfi_endproc
 627              	.LFE268:
 629              		.section	.text.OnWirelessRxInterrupted,"ax",%progbits
 630              		.align	1
 631              		.syntax unified
 632              		.thumb
 633              		.thumb_func
 635              	OnWirelessRxInterrupted:
 636              	.LFB264:
1006:Core/Src/main.c ****   float zero_ch1 = 0.0f;
 637              		.loc 1 1006 1 is_stmt 1 view -0
 638              		.cfi_startproc
 639              		@ args = 0, pretend = 0, frame = 0
 640              		@ frame_needed = 0, uses_anonymous_args = 0
 641 0000 10B5     		push	{r4, lr}
 642              	.LCFI9:
 643              		.cfi_def_cfa_offset 8
 644              		.cfi_offset 4, -8
 645              		.cfi_offset 14, -4
1007:Core/Src/main.c ****   float zero_ch2 = 0.0f;
 646              		.loc 1 1007 3 view .LVU163
 647              	.LVL48:
1008:Core/Src/main.c **** 
 648              		.loc 1 1008 3 view .LVU164
1010:Core/Src/main.c ****   {
 649              		.loc 1 1010 3 view .LVU165
1010:Core/Src/main.c ****   {
ARM GAS  C:\Users\40918\AppData\Local\Temp\ccc2gyMS.s 			page 34


 650              		.loc 1 1010 28 is_stmt 0 view .LVU166
 651 0002 154B     		ldr	r3, .L63
 652 0004 1868     		ldr	r0, [r3]
1010:Core/Src/main.c ****   {
 653              		.loc 1 1010 6 view .LVU167
 654 0006 18B1     		cbz	r0, .L60
1010:Core/Src/main.c ****   {
 655              		.loc 1 1010 41 discriminator 1 view .LVU168
 656 0008 0521     		movs	r1, #5
 657 000a FFF7FEFF 		bl	osMutexAcquire
 658              	.LVL49:
1010:Core/Src/main.c ****   {
 659              		.loc 1 1010 37 discriminator 1 view .LVU169
 660 000e 90B1     		cbz	r0, .L62
 661              	.LVL50:
 662              	.L60:
1020:Core/Src/main.c ****   // LOGI("[WIRELESS] force calc input to zero voltage ch1=%.6f ch2=%.6f\r\n",
 663              		.loc 1 1020 3 is_stmt 1 view .LVU170
 664 0010 0120     		movs	r0, #1
 665 0012 FFF7FEFF 		bl	AppCalc_SetForceZeroInput
 666              	.LVL51:
1025:Core/Src/main.c ****   osDelay(3000U);
 667              		.loc 1 1025 3 view .LVU171
 668 0016 114C     		ldr	r4, .L63+4
 669 0018 0022     		movs	r2, #0
 670 001a 0821     		movs	r1, #8
 671 001c 2046     		mov	r0, r4
 672 001e FFF7FEFF 		bl	HAL_GPIO_WritePin
 673              	.LVL52:
1026:Core/Src/main.c ****   HAL_GPIO_WritePin(GPIOC, GPIO_PIN_3, GPIO_PIN_SET);
 674              		.loc 1 1026 3 view .LVU172
 675 0022 40F6B830 		movw	r0, #3000
 676 0026 FFF7FEFF 		bl	osDelay
 677              	.LVL53:
1027:Core/Src/main.c ****   // LOGI("[WIRELESS] ext supply power-cycle complete\r\n");
 678              		.loc 1 1027 3 view .LVU173
 679 002a 0122     		movs	r2, #1
 680 002c 0821     		movs	r1, #8
 681 002e 2046     		mov	r0, r4
 682 0030 FFF7FEFF 		bl	HAL_GPIO_WritePin
 683              	.LVL54:
1029:Core/Src/main.c **** 
 684              		.loc 1 1029 1 is_stmt 0 view .LVU174
 685 0034 10BD     		pop	{r4, pc}
 686              	.LVL55:
 687              	.L62:
1012:Core/Src/main.c ****     zero_ch2 = g_protocol_values.zero_voltage[1];
 688              		.loc 1 1012 5 is_stmt 1 view .LVU175
1012:Core/Src/main.c ****     zero_ch2 = g_protocol_values.zero_voltage[1];
 689              		.loc 1 1012 14 is_stmt 0 view .LVU176
 690 0036 0A4B     		ldr	r3, .L63+8
 691 0038 5A6D     		ldr	r2, [r3, #84]	@ float
 692              	.LVL56:
1013:Core/Src/main.c ****     g_wireless_latest.ch1 = zero_ch1;
 693              		.loc 1 1013 5 is_stmt 1 view .LVU177
1013:Core/Src/main.c ****     g_wireless_latest.ch1 = zero_ch1;
 694              		.loc 1 1013 14 is_stmt 0 view .LVU178
ARM GAS  C:\Users\40918\AppData\Local\Temp\ccc2gyMS.s 			page 35


 695 003a 9B6D     		ldr	r3, [r3, #88]	@ float
 696              	.LVL57:
1014:Core/Src/main.c ****     g_wireless_latest.ch2 = zero_ch2;
 697              		.loc 1 1014 5 is_stmt 1 view .LVU179
1014:Core/Src/main.c ****     g_wireless_latest.ch2 = zero_ch2;
 698              		.loc 1 1014 27 is_stmt 0 view .LVU180
 699 003c 094C     		ldr	r4, .L63+12
 700 003e 6260     		str	r2, [r4, #4]	@ float
1015:Core/Src/main.c ****     g_wireless_latest.valid = 0U;
 701              		.loc 1 1015 5 is_stmt 1 view .LVU181
1015:Core/Src/main.c ****     g_wireless_latest.valid = 0U;
 702              		.loc 1 1015 27 is_stmt 0 view .LVU182
 703 0040 A360     		str	r3, [r4, #8]	@ float
1016:Core/Src/main.c ****     g_wireless_latest.timestamp_ms = HAL_GetTick();
 704              		.loc 1 1016 5 is_stmt 1 view .LVU183
1016:Core/Src/main.c ****     g_wireless_latest.timestamp_ms = HAL_GetTick();
 705              		.loc 1 1016 29 is_stmt 0 view .LVU184
 706 0042 0023     		movs	r3, #0
 707              	.LVL58:
1016:Core/Src/main.c ****     g_wireless_latest.timestamp_ms = HAL_GetTick();
 708              		.loc 1 1016 29 view .LVU185
 709 0044 2375     		strb	r3, [r4, #20]
1017:Core/Src/main.c ****     osMutexRelease(mtxSharedDataHandle);
 710              		.loc 1 1017 5 is_stmt 1 view .LVU186
1017:Core/Src/main.c ****     osMutexRelease(mtxSharedDataHandle);
 711              		.loc 1 1017 38 is_stmt 0 view .LVU187
 712 0046 FFF7FEFF 		bl	HAL_GetTick
 713              	.LVL59:
1017:Core/Src/main.c ****     osMutexRelease(mtxSharedDataHandle);
 714              		.loc 1 1017 36 discriminator 1 view .LVU188
 715 004a 2061     		str	r0, [r4, #16]
1018:Core/Src/main.c ****   }
 716              		.loc 1 1018 5 is_stmt 1 view .LVU189
 717 004c 024B     		ldr	r3, .L63
 718 004e 1868     		ldr	r0, [r3]
 719 0050 FFF7FEFF 		bl	osMutexRelease
 720              	.LVL60:
 721 0054 DCE7     		b	.L60
 722              	.L64:
 723 0056 00BF     		.align	2
 724              	.L63:
 725 0058 00000000 		.word	mtxSharedDataHandle
 726 005c 00080240 		.word	1073874944
 727 0060 00000000 		.word	g_protocol_values
 728 0064 00000000 		.word	g_wireless_latest
 729              		.cfi_endproc
 730              	.LFE264:
 732              		.section	.text.OnWirelessSampleReceived,"ax",%progbits
 733              		.align	1
 734              		.syntax unified
 735              		.thumb
 736              		.thumb_func
 738              	OnWirelessSampleReceived:
 739              	.LVL61:
 740              	.LFB261:
 961:Core/Src/main.c ****   AppCalc_SetForceZeroInput(0U);
 741              		.loc 1 961 1 view -0
ARM GAS  C:\Users\40918\AppData\Local\Temp\ccc2gyMS.s 			page 36


 742              		.cfi_startproc
 743              		@ args = 0, pretend = 0, frame = 0
 744              		@ frame_needed = 0, uses_anonymous_args = 0
 961:Core/Src/main.c ****   AppCalc_SetForceZeroInput(0U);
 745              		.loc 1 961 1 is_stmt 0 view .LVU191
 746 0000 08B5     		push	{r3, lr}
 747              	.LCFI10:
 748              		.cfi_def_cfa_offset 8
 749              		.cfi_offset 3, -8
 750              		.cfi_offset 14, -4
 751 0002 2DED028B 		vpush.64	{d8}
 752              	.LCFI11:
 753              		.cfi_def_cfa_offset 16
 754              		.cfi_offset 80, -16
 755              		.cfi_offset 81, -12
 756 0006 B0EE408A 		vmov.f32	s16, s0
 757 000a F0EE608A 		vmov.f32	s17, s1
 962:Core/Src/main.c ****   AppCalc_FeedSample(ch1, ch2);
 758              		.loc 1 962 3 is_stmt 1 view .LVU192
 759 000e 0020     		movs	r0, #0
 760 0010 FFF7FEFF 		bl	AppCalc_SetForceZeroInput
 761              	.LVL62:
 963:Core/Src/main.c **** }
 762              		.loc 1 963 3 view .LVU193
 763 0014 F0EE680A 		vmov.f32	s1, s17
 764 0018 B0EE480A 		vmov.f32	s0, s16
 765 001c FFF7FEFF 		bl	AppCalc_FeedSample
 766              	.LVL63:
 964:Core/Src/main.c **** 
 767              		.loc 1 964 1 is_stmt 0 view .LVU194
 768 0020 BDEC028B 		vldm	sp!, {d8}
 769              	.LCFI12:
 770              		.cfi_restore 80
 771              		.cfi_restore 81
 772              		.cfi_def_cfa_offset 8
 773              	.LVL64:
 964:Core/Src/main.c **** 
 774              		.loc 1 964 1 view .LVU195
 775 0024 08BD     		pop	{r3, pc}
 776              		.cfi_endproc
 777              	.LFE261:
 779              		.section	.text.MX_GPIO_Init,"ax",%progbits
 780              		.align	1
 781              		.syntax unified
 782              		.thumb
 783              		.thumb_func
 785              	MX_GPIO_Init:
 786              	.LFB259:
 841:Core/Src/main.c ****   GPIO_InitTypeDef GPIO_InitStruct = {0};
 787              		.loc 1 841 1 is_stmt 1 view -0
 788              		.cfi_startproc
 789              		@ args = 0, pretend = 0, frame = 40
 790              		@ frame_needed = 0, uses_anonymous_args = 0
 791 0000 2DE9F041 		push	{r4, r5, r6, r7, r8, lr}
 792              	.LCFI13:
 793              		.cfi_def_cfa_offset 24
 794              		.cfi_offset 4, -24
ARM GAS  C:\Users\40918\AppData\Local\Temp\ccc2gyMS.s 			page 37


 795              		.cfi_offset 5, -20
 796              		.cfi_offset 6, -16
 797              		.cfi_offset 7, -12
 798              		.cfi_offset 8, -8
 799              		.cfi_offset 14, -4
 800 0004 8AB0     		sub	sp, sp, #40
 801              	.LCFI14:
 802              		.cfi_def_cfa_offset 64
 842:Core/Src/main.c ****   /* USER CODE BEGIN MX_GPIO_Init_1 */
 803              		.loc 1 842 3 view .LVU197
 842:Core/Src/main.c ****   /* USER CODE BEGIN MX_GPIO_Init_1 */
 804              		.loc 1 842 20 is_stmt 0 view .LVU198
 805 0006 0024     		movs	r4, #0
 806 0008 0594     		str	r4, [sp, #20]
 807 000a 0694     		str	r4, [sp, #24]
 808 000c 0794     		str	r4, [sp, #28]
 809 000e 0894     		str	r4, [sp, #32]
 810 0010 0994     		str	r4, [sp, #36]
 848:Core/Src/main.c ****   __HAL_RCC_GPIOH_CLK_ENABLE();
 811              		.loc 1 848 3 is_stmt 1 view .LVU199
 812              	.LBB4:
 848:Core/Src/main.c ****   __HAL_RCC_GPIOH_CLK_ENABLE();
 813              		.loc 1 848 3 view .LVU200
 814 0012 0094     		str	r4, [sp]
 848:Core/Src/main.c ****   __HAL_RCC_GPIOH_CLK_ENABLE();
 815              		.loc 1 848 3 view .LVU201
 816 0014 424B     		ldr	r3, .L69
 817 0016 1A6B     		ldr	r2, [r3, #48]
 818 0018 42F00402 		orr	r2, r2, #4
 819 001c 1A63     		str	r2, [r3, #48]
 848:Core/Src/main.c ****   __HAL_RCC_GPIOH_CLK_ENABLE();
 820              		.loc 1 848 3 view .LVU202
 821 001e 1A6B     		ldr	r2, [r3, #48]
 822 0020 02F00402 		and	r2, r2, #4
 823 0024 0092     		str	r2, [sp]
 848:Core/Src/main.c ****   __HAL_RCC_GPIOH_CLK_ENABLE();
 824              		.loc 1 848 3 view .LVU203
 825 0026 009A     		ldr	r2, [sp]
 826              	.LBE4:
 848:Core/Src/main.c ****   __HAL_RCC_GPIOH_CLK_ENABLE();
 827              		.loc 1 848 3 view .LVU204
 849:Core/Src/main.c ****   __HAL_RCC_GPIOA_CLK_ENABLE();
 828              		.loc 1 849 3 view .LVU205
 829              	.LBB5:
 849:Core/Src/main.c ****   __HAL_RCC_GPIOA_CLK_ENABLE();
 830              		.loc 1 849 3 view .LVU206
 831 0028 0194     		str	r4, [sp, #4]
 849:Core/Src/main.c ****   __HAL_RCC_GPIOA_CLK_ENABLE();
 832              		.loc 1 849 3 view .LVU207
 833 002a 1A6B     		ldr	r2, [r3, #48]
 834 002c 42F08002 		orr	r2, r2, #128
 835 0030 1A63     		str	r2, [r3, #48]
 849:Core/Src/main.c ****   __HAL_RCC_GPIOA_CLK_ENABLE();
 836              		.loc 1 849 3 view .LVU208
 837 0032 1A6B     		ldr	r2, [r3, #48]
 838 0034 02F08002 		and	r2, r2, #128
 839 0038 0192     		str	r2, [sp, #4]
ARM GAS  C:\Users\40918\AppData\Local\Temp\ccc2gyMS.s 			page 38


 849:Core/Src/main.c ****   __HAL_RCC_GPIOA_CLK_ENABLE();
 840              		.loc 1 849 3 view .LVU209
 841 003a 019A     		ldr	r2, [sp, #4]
 842              	.LBE5:
 849:Core/Src/main.c ****   __HAL_RCC_GPIOA_CLK_ENABLE();
 843              		.loc 1 849 3 view .LVU210
 850:Core/Src/main.c ****   __HAL_RCC_GPIOB_CLK_ENABLE();
 844              		.loc 1 850 3 view .LVU211
 845              	.LBB6:
 850:Core/Src/main.c ****   __HAL_RCC_GPIOB_CLK_ENABLE();
 846              		.loc 1 850 3 view .LVU212
 847 003c 0294     		str	r4, [sp, #8]
 850:Core/Src/main.c ****   __HAL_RCC_GPIOB_CLK_ENABLE();
 848              		.loc 1 850 3 view .LVU213
 849 003e 1A6B     		ldr	r2, [r3, #48]
 850 0040 42F00102 		orr	r2, r2, #1
 851 0044 1A63     		str	r2, [r3, #48]
 850:Core/Src/main.c ****   __HAL_RCC_GPIOB_CLK_ENABLE();
 852              		.loc 1 850 3 view .LVU214
 853 0046 1A6B     		ldr	r2, [r3, #48]
 854 0048 02F00102 		and	r2, r2, #1
 855 004c 0292     		str	r2, [sp, #8]
 850:Core/Src/main.c ****   __HAL_RCC_GPIOB_CLK_ENABLE();
 856              		.loc 1 850 3 view .LVU215
 857 004e 029A     		ldr	r2, [sp, #8]
 858              	.LBE6:
 850:Core/Src/main.c ****   __HAL_RCC_GPIOB_CLK_ENABLE();
 859              		.loc 1 850 3 view .LVU216
 851:Core/Src/main.c ****   __HAL_RCC_GPIOD_CLK_ENABLE();
 860              		.loc 1 851 3 view .LVU217
 861              	.LBB7:
 851:Core/Src/main.c ****   __HAL_RCC_GPIOD_CLK_ENABLE();
 862              		.loc 1 851 3 view .LVU218
 863 0050 0394     		str	r4, [sp, #12]
 851:Core/Src/main.c ****   __HAL_RCC_GPIOD_CLK_ENABLE();
 864              		.loc 1 851 3 view .LVU219
 865 0052 1A6B     		ldr	r2, [r3, #48]
 866 0054 42F00202 		orr	r2, r2, #2
 867 0058 1A63     		str	r2, [r3, #48]
 851:Core/Src/main.c ****   __HAL_RCC_GPIOD_CLK_ENABLE();
 868              		.loc 1 851 3 view .LVU220
 869 005a 1A6B     		ldr	r2, [r3, #48]
 870 005c 02F00202 		and	r2, r2, #2
 871 0060 0392     		str	r2, [sp, #12]
 851:Core/Src/main.c ****   __HAL_RCC_GPIOD_CLK_ENABLE();
 872              		.loc 1 851 3 view .LVU221
 873 0062 039A     		ldr	r2, [sp, #12]
 874              	.LBE7:
 851:Core/Src/main.c ****   __HAL_RCC_GPIOD_CLK_ENABLE();
 875              		.loc 1 851 3 view .LVU222
 852:Core/Src/main.c **** 
 876              		.loc 1 852 3 view .LVU223
 877              	.LBB8:
 852:Core/Src/main.c **** 
 878              		.loc 1 852 3 view .LVU224
 879 0064 0494     		str	r4, [sp, #16]
 852:Core/Src/main.c **** 
ARM GAS  C:\Users\40918\AppData\Local\Temp\ccc2gyMS.s 			page 39


 880              		.loc 1 852 3 view .LVU225
 881 0066 1A6B     		ldr	r2, [r3, #48]
 882 0068 42F00802 		orr	r2, r2, #8
 883 006c 1A63     		str	r2, [r3, #48]
 852:Core/Src/main.c **** 
 884              		.loc 1 852 3 view .LVU226
 885 006e 1B6B     		ldr	r3, [r3, #48]
 886 0070 03F00803 		and	r3, r3, #8
 887 0074 0493     		str	r3, [sp, #16]
 852:Core/Src/main.c **** 
 888              		.loc 1 852 3 view .LVU227
 889 0076 049B     		ldr	r3, [sp, #16]
 890              	.LBE8:
 852:Core/Src/main.c **** 
 891              		.loc 1 852 3 view .LVU228
 855:Core/Src/main.c **** 
 892              		.loc 1 855 3 view .LVU229
 893 0078 DFF8B080 		ldr	r8, .L69+12
 894 007c 2246     		mov	r2, r4
 895 007e 0221     		movs	r1, #2
 896 0080 4046     		mov	r0, r8
 897 0082 FFF7FEFF 		bl	HAL_GPIO_WritePin
 898              	.LVL65:
 858:Core/Src/main.c **** 
 899              		.loc 1 858 3 view .LVU230
 900 0086 274D     		ldr	r5, .L69+4
 901 0088 2246     		mov	r2, r4
 902 008a 2021     		movs	r1, #32
 903 008c 2846     		mov	r0, r5
 904 008e FFF7FEFF 		bl	HAL_GPIO_WritePin
 905              	.LVL66:
 861:Core/Src/main.c **** 
 906              		.loc 1 861 3 view .LVU231
 907 0092 0122     		movs	r2, #1
 908 0094 0821     		movs	r1, #8
 909 0096 2846     		mov	r0, r5
 910 0098 FFF7FEFF 		bl	HAL_GPIO_WritePin
 911              	.LVL67:
 864:Core/Src/main.c **** 
 912              		.loc 1 864 3 view .LVU232
 913 009c 224F     		ldr	r7, .L69+8
 914 009e 2246     		mov	r2, r4
 915 00a0 4FF48051 		mov	r1, #4096
 916 00a4 3846     		mov	r0, r7
 917 00a6 FFF7FEFF 		bl	HAL_GPIO_WritePin
 918              	.LVL68:
 867:Core/Src/main.c ****   GPIO_InitStruct.Mode = GPIO_MODE_IT_RISING;
 919              		.loc 1 867 3 view .LVU233
 867:Core/Src/main.c ****   GPIO_InitStruct.Mode = GPIO_MODE_IT_RISING;
 920              		.loc 1 867 23 is_stmt 0 view .LVU234
 921 00aa 0226     		movs	r6, #2
 922 00ac 0596     		str	r6, [sp, #20]
 868:Core/Src/main.c ****   GPIO_InitStruct.Pull = GPIO_NOPULL;
 923              		.loc 1 868 3 is_stmt 1 view .LVU235
 868:Core/Src/main.c ****   GPIO_InitStruct.Pull = GPIO_NOPULL;
 924              		.loc 1 868 24 is_stmt 0 view .LVU236
 925 00ae 4FF48813 		mov	r3, #1114112
ARM GAS  C:\Users\40918\AppData\Local\Temp\ccc2gyMS.s 			page 40


 926 00b2 0693     		str	r3, [sp, #24]
 869:Core/Src/main.c ****   HAL_GPIO_Init(GPIOC, &GPIO_InitStruct);
 927              		.loc 1 869 3 is_stmt 1 view .LVU237
 869:Core/Src/main.c ****   HAL_GPIO_Init(GPIOC, &GPIO_InitStruct);
 928              		.loc 1 869 24 is_stmt 0 view .LVU238
 929 00b4 0794     		str	r4, [sp, #28]
 870:Core/Src/main.c **** 
 930              		.loc 1 870 3 is_stmt 1 view .LVU239
 931 00b6 05A9     		add	r1, sp, #20
 932 00b8 2846     		mov	r0, r5
 933 00ba FFF7FEFF 		bl	HAL_GPIO_Init
 934              	.LVL69:
 873:Core/Src/main.c ****   GPIO_InitStruct.Mode = GPIO_MODE_OUTPUT_PP;
 935              		.loc 1 873 3 view .LVU240
 873:Core/Src/main.c ****   GPIO_InitStruct.Mode = GPIO_MODE_OUTPUT_PP;
 936              		.loc 1 873 23 is_stmt 0 view .LVU241
 937 00be 0596     		str	r6, [sp, #20]
 874:Core/Src/main.c ****   GPIO_InitStruct.Pull = GPIO_NOPULL;
 938              		.loc 1 874 3 is_stmt 1 view .LVU242
 874:Core/Src/main.c ****   GPIO_InitStruct.Pull = GPIO_NOPULL;
 939              		.loc 1 874 24 is_stmt 0 view .LVU243
 940 00c0 0126     		movs	r6, #1
 941 00c2 0696     		str	r6, [sp, #24]
 875:Core/Src/main.c ****   GPIO_InitStruct.Speed = GPIO_SPEED_FREQ_LOW;
 942              		.loc 1 875 3 is_stmt 1 view .LVU244
 875:Core/Src/main.c ****   GPIO_InitStruct.Speed = GPIO_SPEED_FREQ_LOW;
 943              		.loc 1 875 24 is_stmt 0 view .LVU245
 944 00c4 0794     		str	r4, [sp, #28]
 876:Core/Src/main.c ****   HAL_GPIO_Init(GPIOA, &GPIO_InitStruct);
 945              		.loc 1 876 3 is_stmt 1 view .LVU246
 876:Core/Src/main.c ****   HAL_GPIO_Init(GPIOA, &GPIO_InitStruct);
 946              		.loc 1 876 25 is_stmt 0 view .LVU247
 947 00c6 0894     		str	r4, [sp, #32]
 877:Core/Src/main.c **** 
 948              		.loc 1 877 3 is_stmt 1 view .LVU248
 949 00c8 05A9     		add	r1, sp, #20
 950 00ca 4046     		mov	r0, r8
 951 00cc FFF7FEFF 		bl	HAL_GPIO_Init
 952              	.LVL70:
 880:Core/Src/main.c ****   GPIO_InitStruct.Mode = GPIO_MODE_OUTPUT_PP;
 953              		.loc 1 880 3 view .LVU249
 880:Core/Src/main.c ****   GPIO_InitStruct.Mode = GPIO_MODE_OUTPUT_PP;
 954              		.loc 1 880 23 is_stmt 0 view .LVU250
 955 00d0 2023     		movs	r3, #32
 956 00d2 0593     		str	r3, [sp, #20]
 881:Core/Src/main.c ****   GPIO_InitStruct.Pull = GPIO_NOPULL;
 957              		.loc 1 881 3 is_stmt 1 view .LVU251
 881:Core/Src/main.c ****   GPIO_InitStruct.Pull = GPIO_NOPULL;
 958              		.loc 1 881 24 is_stmt 0 view .LVU252
 959 00d4 0696     		str	r6, [sp, #24]
 882:Core/Src/main.c ****   GPIO_InitStruct.Speed = GPIO_SPEED_FREQ_LOW;
 960              		.loc 1 882 3 is_stmt 1 view .LVU253
 882:Core/Src/main.c ****   GPIO_InitStruct.Speed = GPIO_SPEED_FREQ_LOW;
 961              		.loc 1 882 24 is_stmt 0 view .LVU254
 962 00d6 0794     		str	r4, [sp, #28]
 883:Core/Src/main.c ****   HAL_GPIO_Init(GPIOC, &GPIO_InitStruct);
 963              		.loc 1 883 3 is_stmt 1 view .LVU255
ARM GAS  C:\Users\40918\AppData\Local\Temp\ccc2gyMS.s 			page 41


 883:Core/Src/main.c ****   HAL_GPIO_Init(GPIOC, &GPIO_InitStruct);
 964              		.loc 1 883 25 is_stmt 0 view .LVU256
 965 00d8 0894     		str	r4, [sp, #32]
 884:Core/Src/main.c **** 
 966              		.loc 1 884 3 is_stmt 1 view .LVU257
 967 00da 05A9     		add	r1, sp, #20
 968 00dc 2846     		mov	r0, r5
 969 00de FFF7FEFF 		bl	HAL_GPIO_Init
 970              	.LVL71:
 887:Core/Src/main.c ****   GPIO_InitStruct.Mode = GPIO_MODE_OUTPUT_PP;
 971              		.loc 1 887 3 view .LVU258
 887:Core/Src/main.c ****   GPIO_InitStruct.Mode = GPIO_MODE_OUTPUT_PP;
 972              		.loc 1 887 23 is_stmt 0 view .LVU259
 973 00e2 0823     		movs	r3, #8
 974 00e4 0593     		str	r3, [sp, #20]
 888:Core/Src/main.c ****   GPIO_InitStruct.Pull = GPIO_NOPULL;
 975              		.loc 1 888 3 is_stmt 1 view .LVU260
 888:Core/Src/main.c ****   GPIO_InitStruct.Pull = GPIO_NOPULL;
 976              		.loc 1 888 24 is_stmt 0 view .LVU261
 977 00e6 0696     		str	r6, [sp, #24]
 889:Core/Src/main.c ****   GPIO_InitStruct.Speed = GPIO_SPEED_FREQ_LOW;
 978              		.loc 1 889 3 is_stmt 1 view .LVU262
 889:Core/Src/main.c ****   GPIO_InitStruct.Speed = GPIO_SPEED_FREQ_LOW;
 979              		.loc 1 889 24 is_stmt 0 view .LVU263
 980 00e8 0794     		str	r4, [sp, #28]
 890:Core/Src/main.c ****   HAL_GPIO_Init(GPIOC, &GPIO_InitStruct);
 981              		.loc 1 890 3 is_stmt 1 view .LVU264
 890:Core/Src/main.c ****   HAL_GPIO_Init(GPIOC, &GPIO_InitStruct);
 982              		.loc 1 890 25 is_stmt 0 view .LVU265
 983 00ea 0894     		str	r4, [sp, #32]
 891:Core/Src/main.c **** 
 984              		.loc 1 891 3 is_stmt 1 view .LVU266
 985 00ec 05A9     		add	r1, sp, #20
 986 00ee 2846     		mov	r0, r5
 987 00f0 FFF7FEFF 		bl	HAL_GPIO_Init
 988              	.LVL72:
 894:Core/Src/main.c ****   GPIO_InitStruct.Mode = GPIO_MODE_OUTPUT_PP;
 989              		.loc 1 894 3 view .LVU267
 894:Core/Src/main.c ****   GPIO_InitStruct.Mode = GPIO_MODE_OUTPUT_PP;
 990              		.loc 1 894 23 is_stmt 0 view .LVU268
 991 00f4 4FF48053 		mov	r3, #4096
 992 00f8 0593     		str	r3, [sp, #20]
 895:Core/Src/main.c ****   GPIO_InitStruct.Pull = GPIO_NOPULL;
 993              		.loc 1 895 3 is_stmt 1 view .LVU269
 895:Core/Src/main.c ****   GPIO_InitStruct.Pull = GPIO_NOPULL;
 994              		.loc 1 895 24 is_stmt 0 view .LVU270
 995 00fa 0696     		str	r6, [sp, #24]
 896:Core/Src/main.c ****   GPIO_InitStruct.Speed = GPIO_SPEED_FREQ_LOW;
 996              		.loc 1 896 3 is_stmt 1 view .LVU271
 896:Core/Src/main.c ****   GPIO_InitStruct.Speed = GPIO_SPEED_FREQ_LOW;
 997              		.loc 1 896 24 is_stmt 0 view .LVU272
 998 00fc 0794     		str	r4, [sp, #28]
 897:Core/Src/main.c ****   HAL_GPIO_Init(GPIOB, &GPIO_InitStruct);
 999              		.loc 1 897 3 is_stmt 1 view .LVU273
 897:Core/Src/main.c ****   HAL_GPIO_Init(GPIOB, &GPIO_InitStruct);
 1000              		.loc 1 897 25 is_stmt 0 view .LVU274
 1001 00fe 0894     		str	r4, [sp, #32]
ARM GAS  C:\Users\40918\AppData\Local\Temp\ccc2gyMS.s 			page 42


 898:Core/Src/main.c **** 
 1002              		.loc 1 898 3 is_stmt 1 view .LVU275
 1003 0100 05A9     		add	r1, sp, #20
 1004 0102 3846     		mov	r0, r7
 1005 0104 FFF7FEFF 		bl	HAL_GPIO_Init
 1006              	.LVL73:
 901:Core/Src/main.c ****   HAL_NVIC_EnableIRQ(EXTI1_IRQn);
 1007              		.loc 1 901 3 view .LVU276
 1008 0108 2246     		mov	r2, r4
 1009 010a 2146     		mov	r1, r4
 1010 010c 0720     		movs	r0, #7
 1011 010e FFF7FEFF 		bl	HAL_NVIC_SetPriority
 1012              	.LVL74:
 902:Core/Src/main.c **** 
 1013              		.loc 1 902 3 view .LVU277
 1014 0112 0720     		movs	r0, #7
 1015 0114 FFF7FEFF 		bl	HAL_NVIC_EnableIRQ
 1016              	.LVL75:
 907:Core/Src/main.c **** 
 1017              		.loc 1 907 1 is_stmt 0 view .LVU278
 1018 0118 0AB0     		add	sp, sp, #40
 1019              	.LCFI15:
 1020              		.cfi_def_cfa_offset 24
 1021              		@ sp needed
 1022 011a BDE8F081 		pop	{r4, r5, r6, r7, r8, pc}
 1023              	.L70:
 1024 011e 00BF     		.align	2
 1025              	.L69:
 1026 0120 00380240 		.word	1073887232
 1027 0124 00080240 		.word	1073874944
 1028 0128 00040240 		.word	1073873920
 1029 012c 00000240 		.word	1073872896
 1030              		.cfi_endproc
 1031              	.LFE259:
 1033              		.section	.text.MX_DMA_Init,"ax",%progbits
 1034              		.align	1
 1035              		.syntax unified
 1036              		.thumb
 1037              		.thumb_func
 1039              	MX_DMA_Init:
 1040              	.LFB258:
 798:Core/Src/main.c **** 
 1041              		.loc 1 798 1 is_stmt 1 view -0
 1042              		.cfi_startproc
 1043              		@ args = 0, pretend = 0, frame = 8
 1044              		@ frame_needed = 0, uses_anonymous_args = 0
 1045 0000 10B5     		push	{r4, lr}
 1046              	.LCFI16:
 1047              		.cfi_def_cfa_offset 8
 1048              		.cfi_offset 4, -8
 1049              		.cfi_offset 14, -4
 1050 0002 82B0     		sub	sp, sp, #8
 1051              	.LCFI17:
 1052              		.cfi_def_cfa_offset 16
 801:Core/Src/main.c ****   __HAL_RCC_DMA1_CLK_ENABLE();
 1053              		.loc 1 801 3 view .LVU280
 1054              	.LBB9:
ARM GAS  C:\Users\40918\AppData\Local\Temp\ccc2gyMS.s 			page 43


 801:Core/Src/main.c ****   __HAL_RCC_DMA1_CLK_ENABLE();
 1055              		.loc 1 801 3 view .LVU281
 1056 0004 0024     		movs	r4, #0
 1057 0006 0094     		str	r4, [sp]
 801:Core/Src/main.c ****   __HAL_RCC_DMA1_CLK_ENABLE();
 1058              		.loc 1 801 3 view .LVU282
 1059 0008 2E4B     		ldr	r3, .L73
 1060 000a 1A6B     		ldr	r2, [r3, #48]
 1061 000c 42F48002 		orr	r2, r2, #4194304
 1062 0010 1A63     		str	r2, [r3, #48]
 801:Core/Src/main.c ****   __HAL_RCC_DMA1_CLK_ENABLE();
 1063              		.loc 1 801 3 view .LVU283
 1064 0012 1A6B     		ldr	r2, [r3, #48]
 1065 0014 02F48002 		and	r2, r2, #4194304
 1066 0018 0092     		str	r2, [sp]
 801:Core/Src/main.c ****   __HAL_RCC_DMA1_CLK_ENABLE();
 1067              		.loc 1 801 3 view .LVU284
 1068 001a 009A     		ldr	r2, [sp]
 1069              	.LBE9:
 801:Core/Src/main.c ****   __HAL_RCC_DMA1_CLK_ENABLE();
 1070              		.loc 1 801 3 view .LVU285
 802:Core/Src/main.c **** 
 1071              		.loc 1 802 3 view .LVU286
 1072              	.LBB10:
 802:Core/Src/main.c **** 
 1073              		.loc 1 802 3 view .LVU287
 1074 001c 0194     		str	r4, [sp, #4]
 802:Core/Src/main.c **** 
 1075              		.loc 1 802 3 view .LVU288
 1076 001e 1A6B     		ldr	r2, [r3, #48]
 1077 0020 42F40012 		orr	r2, r2, #2097152
 1078 0024 1A63     		str	r2, [r3, #48]
 802:Core/Src/main.c **** 
 1079              		.loc 1 802 3 view .LVU289
 1080 0026 1B6B     		ldr	r3, [r3, #48]
 1081 0028 03F40013 		and	r3, r3, #2097152
 1082 002c 0193     		str	r3, [sp, #4]
 802:Core/Src/main.c **** 
 1083              		.loc 1 802 3 view .LVU290
 1084 002e 019B     		ldr	r3, [sp, #4]
 1085              	.LBE10:
 802:Core/Src/main.c **** 
 1086              		.loc 1 802 3 view .LVU291
 806:Core/Src/main.c ****   HAL_NVIC_EnableIRQ(DMA1_Stream1_IRQn);
 1087              		.loc 1 806 3 view .LVU292
 1088 0030 2246     		mov	r2, r4
 1089 0032 0521     		movs	r1, #5
 1090 0034 0C20     		movs	r0, #12
 1091 0036 FFF7FEFF 		bl	HAL_NVIC_SetPriority
 1092              	.LVL76:
 807:Core/Src/main.c ****   /* DMA1_Stream3_IRQn interrupt configuration */
 1093              		.loc 1 807 3 view .LVU293
 1094 003a 0C20     		movs	r0, #12
 1095 003c FFF7FEFF 		bl	HAL_NVIC_EnableIRQ
 1096              	.LVL77:
 809:Core/Src/main.c ****   HAL_NVIC_EnableIRQ(DMA1_Stream3_IRQn);
 1097              		.loc 1 809 3 view .LVU294
ARM GAS  C:\Users\40918\AppData\Local\Temp\ccc2gyMS.s 			page 44


 1098 0040 2246     		mov	r2, r4
 1099 0042 0521     		movs	r1, #5
 1100 0044 0E20     		movs	r0, #14
 1101 0046 FFF7FEFF 		bl	HAL_NVIC_SetPriority
 1102              	.LVL78:
 810:Core/Src/main.c ****   /* DMA1_Stream5_IRQn interrupt configuration */
 1103              		.loc 1 810 3 view .LVU295
 1104 004a 0E20     		movs	r0, #14
 1105 004c FFF7FEFF 		bl	HAL_NVIC_EnableIRQ
 1106              	.LVL79:
 812:Core/Src/main.c ****   HAL_NVIC_EnableIRQ(DMA1_Stream5_IRQn);
 1107              		.loc 1 812 3 view .LVU296
 1108 0050 2246     		mov	r2, r4
 1109 0052 0521     		movs	r1, #5
 1110 0054 1020     		movs	r0, #16
 1111 0056 FFF7FEFF 		bl	HAL_NVIC_SetPriority
 1112              	.LVL80:
 813:Core/Src/main.c ****   /* DMA1_Stream6_IRQn interrupt configuration */
 1113              		.loc 1 813 3 view .LVU297
 1114 005a 1020     		movs	r0, #16
 1115 005c FFF7FEFF 		bl	HAL_NVIC_EnableIRQ
 1116              	.LVL81:
 815:Core/Src/main.c ****   HAL_NVIC_EnableIRQ(DMA1_Stream6_IRQn);
 1117              		.loc 1 815 3 view .LVU298
 1118 0060 2246     		mov	r2, r4
 1119 0062 0521     		movs	r1, #5
 1120 0064 1120     		movs	r0, #17
 1121 0066 FFF7FEFF 		bl	HAL_NVIC_SetPriority
 1122              	.LVL82:
 816:Core/Src/main.c ****   /* DMA2_Stream2_IRQn interrupt configuration */
 1123              		.loc 1 816 3 view .LVU299
 1124 006a 1120     		movs	r0, #17
 1125 006c FFF7FEFF 		bl	HAL_NVIC_EnableIRQ
 1126              	.LVL83:
 818:Core/Src/main.c ****   HAL_NVIC_EnableIRQ(DMA2_Stream2_IRQn);
 1127              		.loc 1 818 3 view .LVU300
 1128 0070 2246     		mov	r2, r4
 1129 0072 0521     		movs	r1, #5
 1130 0074 3A20     		movs	r0, #58
 1131 0076 FFF7FEFF 		bl	HAL_NVIC_SetPriority
 1132              	.LVL84:
 819:Core/Src/main.c ****   /* DMA2_Stream3_IRQn interrupt configuration */
 1133              		.loc 1 819 3 view .LVU301
 1134 007a 3A20     		movs	r0, #58
 1135 007c FFF7FEFF 		bl	HAL_NVIC_EnableIRQ
 1136              	.LVL85:
 821:Core/Src/main.c ****   HAL_NVIC_EnableIRQ(DMA2_Stream3_IRQn);
 1137              		.loc 1 821 3 view .LVU302
 1138 0080 2246     		mov	r2, r4
 1139 0082 0521     		movs	r1, #5
 1140 0084 3B20     		movs	r0, #59
 1141 0086 FFF7FEFF 		bl	HAL_NVIC_SetPriority
 1142              	.LVL86:
 822:Core/Src/main.c ****   /* DMA2_Stream6_IRQn interrupt configuration */
 1143              		.loc 1 822 3 view .LVU303
 1144 008a 3B20     		movs	r0, #59
 1145 008c FFF7FEFF 		bl	HAL_NVIC_EnableIRQ
ARM GAS  C:\Users\40918\AppData\Local\Temp\ccc2gyMS.s 			page 45


 1146              	.LVL87:
 824:Core/Src/main.c ****   HAL_NVIC_EnableIRQ(DMA2_Stream6_IRQn);
 1147              		.loc 1 824 3 view .LVU304
 1148 0090 2246     		mov	r2, r4
 1149 0092 0521     		movs	r1, #5
 1150 0094 4520     		movs	r0, #69
 1151 0096 FFF7FEFF 		bl	HAL_NVIC_SetPriority
 1152              	.LVL88:
 825:Core/Src/main.c ****   /* DMA2_Stream7_IRQn interrupt configuration */
 1153              		.loc 1 825 3 view .LVU305
 1154 009a 4520     		movs	r0, #69
 1155 009c FFF7FEFF 		bl	HAL_NVIC_EnableIRQ
 1156              	.LVL89:
 827:Core/Src/main.c ****   HAL_NVIC_EnableIRQ(DMA2_Stream7_IRQn);
 1157              		.loc 1 827 3 view .LVU306
 1158 00a0 2246     		mov	r2, r4
 1159 00a2 0521     		movs	r1, #5
 1160 00a4 4620     		movs	r0, #70
 1161 00a6 FFF7FEFF 		bl	HAL_NVIC_SetPriority
 1162              	.LVL90:
 828:Core/Src/main.c ****   /* SDIO_IRQn interrupt configuration */
 1163              		.loc 1 828 3 view .LVU307
 1164 00aa 4620     		movs	r0, #70
 1165 00ac FFF7FEFF 		bl	HAL_NVIC_EnableIRQ
 1166              	.LVL91:
 830:Core/Src/main.c ****   HAL_NVIC_EnableIRQ(SDIO_IRQn);
 1167              		.loc 1 830 3 view .LVU308
 1168 00b0 2246     		mov	r2, r4
 1169 00b2 0521     		movs	r1, #5
 1170 00b4 3120     		movs	r0, #49
 1171 00b6 FFF7FEFF 		bl	HAL_NVIC_SetPriority
 1172              	.LVL92:
 831:Core/Src/main.c **** 
 1173              		.loc 1 831 3 view .LVU309
 1174 00ba 3120     		movs	r0, #49
 1175 00bc FFF7FEFF 		bl	HAL_NVIC_EnableIRQ
 1176              	.LVL93:
 833:Core/Src/main.c **** 
 1177              		.loc 1 833 1 is_stmt 0 view .LVU310
 1178 00c0 02B0     		add	sp, sp, #8
 1179              	.LCFI18:
 1180              		.cfi_def_cfa_offset 8
 1181              		@ sp needed
 1182 00c2 10BD     		pop	{r4, pc}
 1183              	.L74:
 1184              		.align	2
 1185              	.L73:
 1186 00c4 00380240 		.word	1073887232
 1187              		.cfi_endproc
 1188              	.LFE258:
 1190              		.section	.text.StartDefaultTask,"ax",%progbits
 1191              		.align	1
 1192              		.global	StartDefaultTask
 1193              		.syntax unified
 1194              		.thumb
 1195              		.thumb_func
 1197              	StartDefaultTask:
ARM GAS  C:\Users\40918\AppData\Local\Temp\ccc2gyMS.s 			page 46


 1198              	.LVL94:
 1199              	.LFB273:
1129:Core/Src/main.c **** 
1130:Core/Src/main.c **** void HAL_UART_TxCpltCallback(UART_HandleTypeDef *huart)
1131:Core/Src/main.c **** {
1132:Core/Src/main.c ****   if (huart->Instance == USART1)
1133:Core/Src/main.c ****   {
1134:Core/Src/main.c ****     AppUsart1_OnTxCplt(&g_usart1_ctx);
1135:Core/Src/main.c ****   }
1136:Core/Src/main.c ****   else if (huart->Instance == USART2)
1137:Core/Src/main.c ****   {
1138:Core/Src/main.c ****     AppModbusU2_OnTxCplt(&g_modbus_u2_ctx);
1139:Core/Src/main.c ****   }
1140:Core/Src/main.c ****   else if (huart->Instance == USART3)
1141:Core/Src/main.c ****   {
1142:Core/Src/main.c ****     usart3_tx_done = 1U;
1143:Core/Src/main.c ****   }
1144:Core/Src/main.c **** }
1145:Core/Src/main.c **** 
1146:Core/Src/main.c **** void HAL_UARTEx_RxEventCallback(UART_HandleTypeDef *huart, uint16_t Size)
1147:Core/Src/main.c **** {
1148:Core/Src/main.c ****   if ((huart->Instance == USART1) && (Size > 0U))
1149:Core/Src/main.c ****   {
1150:Core/Src/main.c ****     // LOGE("[USART1] HAL RxEvent size=%u\r\n", (unsigned int)Size);
1151:Core/Src/main.c ****     AppUsart1_OnRxEvent(&g_usart1_ctx, Size);
1152:Core/Src/main.c ****   }
1153:Core/Src/main.c ****   else if ((huart->Instance == USART2) && (Size > 0U))
1154:Core/Src/main.c ****   {
1155:Core/Src/main.c ****     AppModbusU2_OnRxEvent(&g_modbus_u2_ctx, Size);
1156:Core/Src/main.c ****   }
1157:Core/Src/main.c **** }
1158:Core/Src/main.c **** 
1159:Core/Src/main.c **** void HAL_UART_ErrorCallback(UART_HandleTypeDef *huart)
1160:Core/Src/main.c **** {
1161:Core/Src/main.c ****   if (huart->Instance == USART1)
1162:Core/Src/main.c ****   {
1163:Core/Src/main.c ****     // LOGE("[USART1] HAL ErrorCallback err=0x%08lX\r\n", (unsigned long)huart->ErrorCode);
1164:Core/Src/main.c ****     AppUsart1_OnError(&g_usart1_ctx);
1165:Core/Src/main.c ****   }
1166:Core/Src/main.c ****   else if (huart->Instance == USART2)
1167:Core/Src/main.c ****   {
1168:Core/Src/main.c ****     AppModbusU2_OnError(&g_modbus_u2_ctx);
1169:Core/Src/main.c ****   }
1170:Core/Src/main.c **** }
1171:Core/Src/main.c **** 
1172:Core/Src/main.c **** /* USER CODE END 4 */
1173:Core/Src/main.c **** 
1174:Core/Src/main.c **** /* USER CODE BEGIN Header_StartDefaultTask */
1175:Core/Src/main.c **** /**
1176:Core/Src/main.c ****   * @brief  Function implementing the defaultTask thread.
1177:Core/Src/main.c ****   * @param  argument: Not used
1178:Core/Src/main.c ****   * @retval None
1179:Core/Src/main.c ****   */
1180:Core/Src/main.c **** /* USER CODE END Header_StartDefaultTask */
1181:Core/Src/main.c **** void StartDefaultTask(void *argument)
1182:Core/Src/main.c **** {
 1200              		.loc 1 1182 1 is_stmt 1 view -0
ARM GAS  C:\Users\40918\AppData\Local\Temp\ccc2gyMS.s 			page 47


 1201              		.cfi_startproc
 1202              		@ args = 0, pretend = 0, frame = 0
 1203              		@ frame_needed = 0, uses_anonymous_args = 0
 1204              		.loc 1 1182 1 is_stmt 0 view .LVU312
 1205 0000 10B5     		push	{r4, lr}
 1206              	.LCFI19:
 1207              		.cfi_def_cfa_offset 8
 1208              		.cfi_offset 4, -8
 1209              		.cfi_offset 14, -4
1183:Core/Src/main.c ****   /* USER CODE BEGIN 5 */
1184:Core/Src/main.c ****   uint32_t last_wake_tick = osKernelGetTickCount();
 1210              		.loc 1 1184 3 is_stmt 1 view .LVU313
 1211              		.loc 1 1184 29 is_stmt 0 view .LVU314
 1212 0002 FFF7FEFF 		bl	osKernelGetTickCount
 1213              	.LVL95:
 1214              		.loc 1 1184 29 view .LVU315
 1215 0006 0446     		mov	r4, r0
 1216              	.LVL96:
 1217              	.L76:
1185:Core/Src/main.c ****   (void)argument;
 1218              		.loc 1 1185 3 is_stmt 1 view .LVU316
1186:Core/Src/main.c **** 
1187:Core/Src/main.c ****   /* Infinite loop */
1188:Core/Src/main.c ****   for(;;)
 1219              		.loc 1 1188 3 view .LVU317
1189:Core/Src/main.c ****   {
1190:Core/Src/main.c ****     UpdatePc2LowVoltageState();
 1220              		.loc 1 1190 5 view .LVU318
 1221 0008 FFF7FEFF 		bl	UpdatePc2LowVoltageState
 1222              	.LVL97:
1191:Core/Src/main.c ****     last_wake_tick += PC2_ADC_SAMPLE_PERIOD_MS;
 1223              		.loc 1 1191 5 view .LVU319
 1224              		.loc 1 1191 20 is_stmt 0 view .LVU320
 1225 000c 0A34     		adds	r4, r4, #10
 1226              	.LVL98:
1192:Core/Src/main.c ****     osDelayUntil(last_wake_tick);
 1227              		.loc 1 1192 5 is_stmt 1 discriminator 1 view .LVU321
 1228 000e 2046     		mov	r0, r4
 1229 0010 FFF7FEFF 		bl	osDelayUntil
 1230              	.LVL99:
1188:Core/Src/main.c ****   {
 1231              		.loc 1 1188 3 view .LVU322
 1232 0014 F8E7     		b	.L76
 1233              		.cfi_endproc
 1234              	.LFE273:
 1236              		.section	.rodata.StartMonitorTask.str1.4,"aMS",%progbits,1
 1237              		.align	2
 1238              	.LC0:
 1239 0000 5B48425D 		.ascii	"[HB] alive sec=%lu rpm_x100=%ld valid=%u sd_ok=%lu "
 1239      20616C69 
 1239      76652073 
 1239      65633D25 
 1239      6C752072 
 1240 0033 73645F66 		.ascii	"sd_fail=%lu\015\012\000"
 1240      61696C3D 
 1240      256C750D 
 1240      0A00
ARM GAS  C:\Users\40918\AppData\Local\Temp\ccc2gyMS.s 			page 48


 1241              		.section	.text.StartMonitorTask,"ax",%progbits
 1242              		.align	1
 1243              		.global	StartMonitorTask
 1244              		.syntax unified
 1245              		.thumb
 1246              		.thumb_func
 1248              	StartMonitorTask:
 1249              	.LVL100:
 1250              	.LFB278:
1193:Core/Src/main.c ****   }
1194:Core/Src/main.c ****   /* USER CODE END 5 */
1195:Core/Src/main.c **** }
1196:Core/Src/main.c **** 
1197:Core/Src/main.c **** void StartWirelessTask(void *argument)
1198:Core/Src/main.c **** {
1199:Core/Src/main.c ****   uint32_t last_wake_tick = osKernelGetTickCount();
1200:Core/Src/main.c ****   (void)argument;
1201:Core/Src/main.c ****   for (;;)
1202:Core/Src/main.c ****   {
1203:Core/Src/main.c ****     AppUsart1_Process(&g_usart1_ctx, osKernelGetTickCount());
1204:Core/Src/main.c **** 
1205:Core/Src/main.c **** #if WDG_ENABLE_WIRELESS
1206:Core/Src/main.c ****     if (evtSystemFlagsHandle != NULL)
1207:Core/Src/main.c ****     {
1208:Core/Src/main.c ****       osEventFlagsSet(evtSystemFlagsHandle, EVT_HEALTH_WIRELESS);
1209:Core/Src/main.c ****     }
1210:Core/Src/main.c **** #endif
1211:Core/Src/main.c ****     last_wake_tick += 20U;
1212:Core/Src/main.c ****     osDelayUntil(last_wake_tick);
1213:Core/Src/main.c ****   }
1214:Core/Src/main.c **** }
1215:Core/Src/main.c **** 
1216:Core/Src/main.c **** void StartModbusU2Task(void *argument)
1217:Core/Src/main.c **** {
1218:Core/Src/main.c ****   uint32_t last_wake_tick = osKernelGetTickCount();
1219:Core/Src/main.c ****   (void)argument;
1220:Core/Src/main.c ****   for (;;)
1221:Core/Src/main.c ****   {
1222:Core/Src/main.c ****     AppModbusU2_Process1Hz(&g_modbus_u2_ctx);
1223:Core/Src/main.c ****     last_wake_tick += MODBUS_U2_PERIOD_MS;
1224:Core/Src/main.c ****     osDelayUntil(last_wake_tick);
1225:Core/Src/main.c ****   }
1226:Core/Src/main.c **** }
1227:Core/Src/main.c **** 
1228:Core/Src/main.c **** void StartCalcLogTask(void *argument)
1229:Core/Src/main.c **** {
1230:Core/Src/main.c ****   uint32_t last_wake_tick = osKernelGetTickCount();
1231:Core/Src/main.c ****   uint32_t mono_sec = 0U;
1232:Core/Src/main.c ****   rpm_calc_result_t rpm_res;
1233:Core/Src/main.c ****   result_1s_t result;
1234:Core/Src/main.c ****   uint8_t avg_ok = 0U;
1235:Core/Src/main.c ****   float query_hours = 0.1f;
1236:Core/Src/main.c ****   float avg_power = 0.0f;
1237:Core/Src/main.c ****   (void)argument;
1238:Core/Src/main.c ****   for (;;)
1239:Core/Src/main.c ****   {
1240:Core/Src/main.c ****     rpm_res = RPM_OnPeriodicCheck(__HAL_TIM_GET_COUNTER(&htim5));
ARM GAS  C:\Users\40918\AppData\Local\Temp\ccc2gyMS.s 			page 49


1241:Core/Src/main.c ****     RpmUpdateShared(&rpm_res);
1242:Core/Src/main.c ****     AppCalc_FeedRpm(rpm_res.rpm);
1243:Core/Src/main.c ****     AppCalc_Compute1s(&g_calc_ctx, &result);
1244:Core/Src/main.c ****     AppAvgPowerCache_Push1s(result.power, mono_sec);
1245:Core/Src/main.c ****     mono_sec++;
1246:Core/Src/main.c **** 
1247:Core/Src/main.c ****     if (mtxSharedDataHandle != NULL)
1248:Core/Src/main.c ****     {
1249:Core/Src/main.c ****       if (osMutexAcquire(mtxSharedDataHandle, 5U) == osOK)
1250:Core/Src/main.c ****       {
1251:Core/Src/main.c ****         query_hours = g_protocol_values.query_time_h;
1252:Core/Src/main.c ****         avg_power = AppAvgPowerCache_QueryHours(query_hours, &avg_ok);
1253:Core/Src/main.c ****         if (avg_ok == 0U)
1254:Core/Src/main.c ****         {
1255:Core/Src/main.c ****           avg_power = 0.0f;
1256:Core/Src/main.c ****         }
1257:Core/Src/main.c ****         g_protocol_values.torque_kNm = result.torque;
1258:Core/Src/main.c ****         g_protocol_values.power_kW = result.power;
1259:Core/Src/main.c ****         g_protocol_values.speed_rpm = result.rpm;
1260:Core/Src/main.c ****         g_protocol_values.thrust_kN = result.thrust;
1261:Core/Src/main.c ****         g_protocol_values.avg_power_kW = avg_power;
1262:Core/Src/main.c ****         g_result_latest = result;
1263:Core/Src/main.c ****         osMutexRelease(mtxSharedDataHandle);
1264:Core/Src/main.c ****       }
1265:Core/Src/main.c ****     }
1266:Core/Src/main.c ****     if (qResult1sHandle != NULL)
1267:Core/Src/main.c ****     {
1268:Core/Src/main.c ****       (void)osMessageQueuePut(qResult1sHandle, &result, 0U, 0U);
1269:Core/Src/main.c ****     }
1270:Core/Src/main.c ****     AppLogSd_Push1s(&g_sd_log_ctx, &result);
1271:Core/Src/main.c **** 
1272:Core/Src/main.c **** #if WDG_ENABLE_CALC
1273:Core/Src/main.c ****     if (evtSystemFlagsHandle != NULL)
1274:Core/Src/main.c ****     {
1275:Core/Src/main.c ****       osEventFlagsSet(evtSystemFlagsHandle, EVT_HEALTH_CALC);
1276:Core/Src/main.c ****     }
1277:Core/Src/main.c **** #endif
1278:Core/Src/main.c ****     last_wake_tick += 1000U;
1279:Core/Src/main.c ****     osDelayUntil(last_wake_tick);
1280:Core/Src/main.c ****   }
1281:Core/Src/main.c **** }
1282:Core/Src/main.c **** 
1283:Core/Src/main.c **** void StartSdLogTask(void *argument)
1284:Core/Src/main.c **** {
1285:Core/Src/main.c ****   uint32_t last_wake_tick = osKernelGetTickCount();
1286:Core/Src/main.c ****   (void)argument;
1287:Core/Src/main.c **** 
1288:Core/Src/main.c ****   for (;;)
1289:Core/Src/main.c ****   {
1290:Core/Src/main.c ****     AppLogSd_Process(&g_sd_log_ctx);
1291:Core/Src/main.c ****     last_wake_tick += 100U;
1292:Core/Src/main.c ****     osDelayUntil(last_wake_tick);
1293:Core/Src/main.c ****   }
1294:Core/Src/main.c **** }
1295:Core/Src/main.c **** 
1296:Core/Src/main.c **** void StartMonitorTask(void *argument)
1297:Core/Src/main.c **** {
ARM GAS  C:\Users\40918\AppData\Local\Temp\ccc2gyMS.s 			page 50


 1251              		.loc 1 1297 1 view -0
 1252              		.cfi_startproc
 1253              		@ args = 0, pretend = 0, frame = 0
 1254              		@ frame_needed = 0, uses_anonymous_args = 0
 1255              		.loc 1 1297 1 is_stmt 0 view .LVU324
 1256 0000 30B5     		push	{r4, r5, lr}
 1257              	.LCFI20:
 1258              		.cfi_def_cfa_offset 12
 1259              		.cfi_offset 4, -12
 1260              		.cfi_offset 5, -8
 1261              		.cfi_offset 14, -4
 1262 0002 83B0     		sub	sp, sp, #12
 1263              	.LCFI21:
 1264              		.cfi_def_cfa_offset 24
1298:Core/Src/main.c ****   uint32_t last_wake_tick = osKernelGetTickCount();
 1265              		.loc 1 1298 3 is_stmt 1 view .LVU325
 1266              		.loc 1 1298 29 is_stmt 0 view .LVU326
 1267 0004 FFF7FEFF 		bl	osKernelGetTickCount
 1268              	.LVL101:
 1269              		.loc 1 1298 29 view .LVU327
 1270 0008 0446     		mov	r4, r0
 1271              	.LVL102:
1299:Core/Src/main.c ****   uint32_t heartbeat_sec = 0U;
 1272              		.loc 1 1299 3 is_stmt 1 view .LVU328
 1273              		.loc 1 1299 12 is_stmt 0 view .LVU329
 1274 000a 0025     		movs	r5, #0
 1275              	.LVL103:
 1276              	.L79:
1300:Core/Src/main.c ****   (void)argument;
 1277              		.loc 1 1300 3 is_stmt 1 view .LVU330
1301:Core/Src/main.c **** 
1302:Core/Src/main.c ****   for (;;)
 1278              		.loc 1 1302 3 view .LVU331
1303:Core/Src/main.c ****   {
1304:Core/Src/main.c ****     heartbeat_sec += 5U;
 1279              		.loc 1 1304 5 view .LVU332
 1280              		.loc 1 1304 19 is_stmt 0 view .LVU333
 1281 000c 0535     		adds	r5, r5, #5
 1282              	.LVL104:
1305:Core/Src/main.c ****     LOGI("[HB] alive sec=%lu rpm_x100=%ld valid=%u sd_ok=%lu sd_fail=%lu\r\n",
 1283              		.loc 1 1305 5 is_stmt 1 view .LVU334
 1284 000e 0E4B     		ldr	r3, .L81
 1285 0010 D3ED007A 		vldr.32	s15, [r3]
 1286 0014 9FED0D7A 		vldr.32	s14, .L81+4
 1287 0018 67EE877A 		vmul.f32	s15, s15, s14
 1288 001c 1B7A     		ldrb	r3, [r3, #8]	@ zero_extendqisi2
 1289 001e 0C4A     		ldr	r2, .L81+8
 1290 0020 9169     		ldr	r1, [r2, #24]
 1291 0022 D269     		ldr	r2, [r2, #28]
 1292 0024 0192     		str	r2, [sp, #4]
 1293 0026 0091     		str	r1, [sp]
 1294 0028 FDEEE77A 		vcvt.s32.f32	s15, s15
 1295 002c 17EE902A 		vmov	r2, s15	@ int
 1296 0030 2946     		mov	r1, r5
 1297 0032 0848     		ldr	r0, .L81+12
 1298 0034 FFF7FEFF 		bl	printf
 1299              	.LVL105:
ARM GAS  C:\Users\40918\AppData\Local\Temp\ccc2gyMS.s 			page 51


1306:Core/Src/main.c ****          (unsigned long)heartbeat_sec,
1307:Core/Src/main.c ****          (long)(g_rpm_latest.rpm * 100.0f),
1308:Core/Src/main.c ****          (unsigned int)g_rpm_latest.valid,
1309:Core/Src/main.c ****          (unsigned long)g_diag_counters.sd_write_ok,
1310:Core/Src/main.c ****          (unsigned long)g_diag_counters.sd_write_fail);
1311:Core/Src/main.c **** 
1312:Core/Src/main.c ****     last_wake_tick += 5000U;
 1300              		.loc 1 1312 5 view .LVU335
 1301              		.loc 1 1312 20 is_stmt 0 view .LVU336
 1302 0038 04F59C54 		add	r4, r4, #4992
 1303              	.LVL106:
 1304              		.loc 1 1312 20 view .LVU337
 1305 003c 0834     		adds	r4, r4, #8
 1306              	.LVL107:
1313:Core/Src/main.c ****     osDelayUntil(last_wake_tick);
 1307              		.loc 1 1313 5 is_stmt 1 discriminator 1 view .LVU338
 1308 003e 2046     		mov	r0, r4
 1309 0040 FFF7FEFF 		bl	osDelayUntil
 1310              	.LVL108:
1302:Core/Src/main.c ****   {
 1311              		.loc 1 1302 3 view .LVU339
 1312 0044 E2E7     		b	.L79
 1313              	.L82:
 1314 0046 00BF     		.align	2
 1315              	.L81:
 1316 0048 00000000 		.word	g_rpm_latest
 1317 004c 0000C842 		.word	1120403456
 1318 0050 00000000 		.word	g_diag_counters
 1319 0054 00000000 		.word	.LC0
 1320              		.cfi_endproc
 1321              	.LFE278:
 1323              		.section	.text.StartWirelessTask,"ax",%progbits
 1324              		.align	1
 1325              		.global	StartWirelessTask
 1326              		.syntax unified
 1327              		.thumb
 1328              		.thumb_func
 1330              	StartWirelessTask:
 1331              	.LVL109:
 1332              	.LFB274:
1198:Core/Src/main.c ****   uint32_t last_wake_tick = osKernelGetTickCount();
 1333              		.loc 1 1198 1 view -0
 1334              		.cfi_startproc
 1335              		@ args = 0, pretend = 0, frame = 0
 1336              		@ frame_needed = 0, uses_anonymous_args = 0
1198:Core/Src/main.c ****   uint32_t last_wake_tick = osKernelGetTickCount();
 1337              		.loc 1 1198 1 is_stmt 0 view .LVU341
 1338 0000 10B5     		push	{r4, lr}
 1339              	.LCFI22:
 1340              		.cfi_def_cfa_offset 8
 1341              		.cfi_offset 4, -8
 1342              		.cfi_offset 14, -4
1199:Core/Src/main.c ****   (void)argument;
 1343              		.loc 1 1199 3 is_stmt 1 view .LVU342
1199:Core/Src/main.c ****   (void)argument;
 1344              		.loc 1 1199 29 is_stmt 0 view .LVU343
 1345 0002 FFF7FEFF 		bl	osKernelGetTickCount
ARM GAS  C:\Users\40918\AppData\Local\Temp\ccc2gyMS.s 			page 52


 1346              	.LVL110:
1199:Core/Src/main.c ****   (void)argument;
 1347              		.loc 1 1199 29 view .LVU344
 1348 0006 0446     		mov	r4, r0
 1349              	.LVL111:
 1350              	.L84:
1200:Core/Src/main.c ****   for (;;)
 1351              		.loc 1 1200 3 is_stmt 1 view .LVU345
1201:Core/Src/main.c ****   {
 1352              		.loc 1 1201 3 view .LVU346
1203:Core/Src/main.c **** 
 1353              		.loc 1 1203 5 view .LVU347
 1354 0008 FFF7FEFF 		bl	osKernelGetTickCount
 1355              	.LVL112:
 1356 000c 0146     		mov	r1, r0
1203:Core/Src/main.c **** 
 1357              		.loc 1 1203 5 is_stmt 0 discriminator 1 view .LVU348
 1358 000e 0448     		ldr	r0, .L86
 1359 0010 FFF7FEFF 		bl	AppUsart1_Process
 1360              	.LVL113:
1211:Core/Src/main.c ****     osDelayUntil(last_wake_tick);
 1361              		.loc 1 1211 5 is_stmt 1 view .LVU349
1211:Core/Src/main.c ****     osDelayUntil(last_wake_tick);
 1362              		.loc 1 1211 20 is_stmt 0 view .LVU350
 1363 0014 1434     		adds	r4, r4, #20
 1364              	.LVL114:
1212:Core/Src/main.c ****   }
 1365              		.loc 1 1212 5 is_stmt 1 discriminator 1 view .LVU351
 1366 0016 2046     		mov	r0, r4
 1367 0018 FFF7FEFF 		bl	osDelayUntil
 1368              	.LVL115:
1201:Core/Src/main.c ****   {
 1369              		.loc 1 1201 3 view .LVU352
 1370 001c F4E7     		b	.L84
 1371              	.L87:
 1372 001e 00BF     		.align	2
 1373              	.L86:
 1374 0020 00000000 		.word	g_usart1_ctx
 1375              		.cfi_endproc
 1376              	.LFE274:
 1378              		.section	.text.StartModbusU2Task,"ax",%progbits
 1379              		.align	1
 1380              		.global	StartModbusU2Task
 1381              		.syntax unified
 1382              		.thumb
 1383              		.thumb_func
 1385              	StartModbusU2Task:
 1386              	.LVL116:
 1387              	.LFB275:
1217:Core/Src/main.c ****   uint32_t last_wake_tick = osKernelGetTickCount();
 1388              		.loc 1 1217 1 view -0
 1389              		.cfi_startproc
 1390              		@ args = 0, pretend = 0, frame = 0
 1391              		@ frame_needed = 0, uses_anonymous_args = 0
1217:Core/Src/main.c ****   uint32_t last_wake_tick = osKernelGetTickCount();
 1392              		.loc 1 1217 1 is_stmt 0 view .LVU354
 1393 0000 10B5     		push	{r4, lr}
ARM GAS  C:\Users\40918\AppData\Local\Temp\ccc2gyMS.s 			page 53


 1394              	.LCFI23:
 1395              		.cfi_def_cfa_offset 8
 1396              		.cfi_offset 4, -8
 1397              		.cfi_offset 14, -4
1218:Core/Src/main.c ****   (void)argument;
 1398              		.loc 1 1218 3 is_stmt 1 view .LVU355
1218:Core/Src/main.c ****   (void)argument;
 1399              		.loc 1 1218 29 is_stmt 0 view .LVU356
 1400 0002 FFF7FEFF 		bl	osKernelGetTickCount
 1401              	.LVL117:
1218:Core/Src/main.c ****   (void)argument;
 1402              		.loc 1 1218 29 view .LVU357
 1403 0006 0446     		mov	r4, r0
 1404              	.LVL118:
 1405              	.L89:
1219:Core/Src/main.c ****   for (;;)
 1406              		.loc 1 1219 3 is_stmt 1 view .LVU358
1220:Core/Src/main.c ****   {
 1407              		.loc 1 1220 3 view .LVU359
1222:Core/Src/main.c ****     last_wake_tick += MODBUS_U2_PERIOD_MS;
 1408              		.loc 1 1222 5 view .LVU360
 1409 0008 0448     		ldr	r0, .L91
 1410 000a FFF7FEFF 		bl	AppModbusU2_Process1Hz
 1411              	.LVL119:
1223:Core/Src/main.c ****     osDelayUntil(last_wake_tick);
 1412              		.loc 1 1223 5 view .LVU361
1223:Core/Src/main.c ****     osDelayUntil(last_wake_tick);
 1413              		.loc 1 1223 20 is_stmt 0 view .LVU362
 1414 000e 04F57A74 		add	r4, r4, #1000
 1415              	.LVL120:
1224:Core/Src/main.c ****   }
 1416              		.loc 1 1224 5 is_stmt 1 discriminator 1 view .LVU363
 1417 0012 2046     		mov	r0, r4
 1418 0014 FFF7FEFF 		bl	osDelayUntil
 1419              	.LVL121:
1220:Core/Src/main.c ****   {
 1420              		.loc 1 1220 3 view .LVU364
 1421 0018 F6E7     		b	.L89
 1422              	.L92:
 1423 001a 00BF     		.align	2
 1424              	.L91:
 1425 001c 00000000 		.word	g_modbus_u2_ctx
 1426              		.cfi_endproc
 1427              	.LFE275:
 1429              		.section	.text.StartCalcLogTask,"ax",%progbits
 1430              		.align	1
 1431              		.global	StartCalcLogTask
 1432              		.syntax unified
 1433              		.thumb
 1434              		.thumb_func
 1436              	StartCalcLogTask:
 1437              	.LVL122:
 1438              	.LFB276:
1229:Core/Src/main.c ****   uint32_t last_wake_tick = osKernelGetTickCount();
 1439              		.loc 1 1229 1 view -0
 1440              		.cfi_startproc
 1441              		@ args = 0, pretend = 0, frame = 56
ARM GAS  C:\Users\40918\AppData\Local\Temp\ccc2gyMS.s 			page 54


 1442              		@ frame_needed = 0, uses_anonymous_args = 0
1229:Core/Src/main.c ****   uint32_t last_wake_tick = osKernelGetTickCount();
 1443              		.loc 1 1229 1 is_stmt 0 view .LVU366
 1444 0000 70B5     		push	{r4, r5, r6, lr}
 1445              	.LCFI24:
 1446              		.cfi_def_cfa_offset 16
 1447              		.cfi_offset 4, -16
 1448              		.cfi_offset 5, -12
 1449              		.cfi_offset 6, -8
 1450              		.cfi_offset 14, -4
 1451 0002 8EB0     		sub	sp, sp, #56
 1452              	.LCFI25:
 1453              		.cfi_def_cfa_offset 72
1230:Core/Src/main.c ****   uint32_t mono_sec = 0U;
 1454              		.loc 1 1230 3 is_stmt 1 view .LVU367
1230:Core/Src/main.c ****   uint32_t mono_sec = 0U;
 1455              		.loc 1 1230 29 is_stmt 0 view .LVU368
 1456 0004 FFF7FEFF 		bl	osKernelGetTickCount
 1457              	.LVL123:
1230:Core/Src/main.c ****   uint32_t mono_sec = 0U;
 1458              		.loc 1 1230 29 view .LVU369
 1459 0008 0646     		mov	r6, r0
 1460              	.LVL124:
1231:Core/Src/main.c ****   rpm_calc_result_t rpm_res;
 1461              		.loc 1 1231 3 is_stmt 1 view .LVU370
1232:Core/Src/main.c ****   result_1s_t result;
 1462              		.loc 1 1232 3 view .LVU371
1233:Core/Src/main.c ****   uint8_t avg_ok = 0U;
 1463              		.loc 1 1233 3 view .LVU372
1234:Core/Src/main.c ****   float query_hours = 0.1f;
 1464              		.loc 1 1234 3 view .LVU373
1234:Core/Src/main.c ****   float query_hours = 0.1f;
 1465              		.loc 1 1234 11 is_stmt 0 view .LVU374
 1466 000a 0025     		movs	r5, #0
 1467 000c 8DF81350 		strb	r5, [sp, #19]
1235:Core/Src/main.c ****   float avg_power = 0.0f;
 1468              		.loc 1 1235 3 is_stmt 1 view .LVU375
 1469              	.LVL125:
1236:Core/Src/main.c ****   (void)argument;
 1470              		.loc 1 1236 3 view .LVU376
1236:Core/Src/main.c ****   (void)argument;
 1471              		.loc 1 1236 3 is_stmt 0 view .LVU377
 1472 0010 29E0     		b	.L97
 1473              	.LVL126:
 1474              	.L95:
1257:Core/Src/main.c ****         g_protocol_values.power_kW = result.power;
 1475              		.loc 1 1257 9 is_stmt 1 view .LVU378
1257:Core/Src/main.c ****         g_protocol_values.power_kW = result.power;
 1476              		.loc 1 1257 38 is_stmt 0 view .LVU379
 1477 0012 2F4B     		ldr	r3, .L100
 1478 0014 069A     		ldr	r2, [sp, #24]	@ float
 1479 0016 1A60     		str	r2, [r3]	@ float
1258:Core/Src/main.c ****         g_protocol_values.speed_rpm = result.rpm;
 1480              		.loc 1 1258 9 is_stmt 1 view .LVU380
1258:Core/Src/main.c ****         g_protocol_values.speed_rpm = result.rpm;
 1481              		.loc 1 1258 44 is_stmt 0 view .LVU381
 1482 0018 099A     		ldr	r2, [sp, #36]	@ float
ARM GAS  C:\Users\40918\AppData\Local\Temp\ccc2gyMS.s 			page 55


1258:Core/Src/main.c ****         g_protocol_values.speed_rpm = result.rpm;
 1483              		.loc 1 1258 36 view .LVU382
 1484 001a 5A60     		str	r2, [r3, #4]	@ float
1259:Core/Src/main.c ****         g_protocol_values.thrust_kN = result.thrust;
 1485              		.loc 1 1259 9 is_stmt 1 view .LVU383
1259:Core/Src/main.c ****         g_protocol_values.thrust_kN = result.thrust;
 1486              		.loc 1 1259 45 is_stmt 0 view .LVU384
 1487 001c 089A     		ldr	r2, [sp, #32]	@ float
1259:Core/Src/main.c ****         g_protocol_values.thrust_kN = result.thrust;
 1488              		.loc 1 1259 37 view .LVU385
 1489 001e 9A60     		str	r2, [r3, #8]	@ float
1260:Core/Src/main.c ****         g_protocol_values.avg_power_kW = avg_power;
 1490              		.loc 1 1260 9 is_stmt 1 view .LVU386
1260:Core/Src/main.c ****         g_protocol_values.avg_power_kW = avg_power;
 1491              		.loc 1 1260 45 is_stmt 0 view .LVU387
 1492 0020 079A     		ldr	r2, [sp, #28]	@ float
1260:Core/Src/main.c ****         g_protocol_values.avg_power_kW = avg_power;
 1493              		.loc 1 1260 37 view .LVU388
 1494 0022 DA60     		str	r2, [r3, #12]	@ float
1261:Core/Src/main.c ****         g_result_latest = result;
 1495              		.loc 1 1261 9 is_stmt 1 view .LVU389
1261:Core/Src/main.c ****         g_result_latest = result;
 1496              		.loc 1 1261 40 is_stmt 0 view .LVU390
 1497 0024 83ED050A 		vstr.32	s0, [r3, #20]
1262:Core/Src/main.c ****         osMutexRelease(mtxSharedDataHandle);
 1498              		.loc 1 1262 9 is_stmt 1 view .LVU391
1262:Core/Src/main.c ****         osMutexRelease(mtxSharedDataHandle);
 1499              		.loc 1 1262 25 is_stmt 0 view .LVU392
 1500 0028 2A4C     		ldr	r4, .L100+4
 1501 002a 0DF1140C 		add	ip, sp, #20
 1502 002e BCE80F00 		ldmia	ip!, {r0, r1, r2, r3}
 1503 0032 0FC4     		stmia	r4!, {r0, r1, r2, r3}
 1504 0034 9CE80300 		ldm	ip, {r0, r1}
 1505 0038 84E80300 		stm	r4, {r0, r1}
1263:Core/Src/main.c ****       }
 1506              		.loc 1 1263 9 is_stmt 1 view .LVU393
 1507 003c 264B     		ldr	r3, .L100+8
 1508 003e 1868     		ldr	r0, [r3]
 1509 0040 FFF7FEFF 		bl	osMutexRelease
 1510              	.LVL127:
 1511              	.L94:
1266:Core/Src/main.c ****     {
 1512              		.loc 1 1266 5 view .LVU394
1266:Core/Src/main.c ****     {
 1513              		.loc 1 1266 25 is_stmt 0 view .LVU395
 1514 0044 254B     		ldr	r3, .L100+12
 1515 0046 1868     		ldr	r0, [r3]
1266:Core/Src/main.c ****     {
 1516              		.loc 1 1266 8 view .LVU396
 1517 0048 20B1     		cbz	r0, .L96
1268:Core/Src/main.c ****     }
 1518              		.loc 1 1268 7 is_stmt 1 view .LVU397
1268:Core/Src/main.c ****     }
 1519              		.loc 1 1268 13 is_stmt 0 view .LVU398
 1520 004a 0023     		movs	r3, #0
 1521 004c 1A46     		mov	r2, r3
 1522 004e 05A9     		add	r1, sp, #20
ARM GAS  C:\Users\40918\AppData\Local\Temp\ccc2gyMS.s 			page 56


 1523 0050 FFF7FEFF 		bl	osMessageQueuePut
 1524              	.LVL128:
 1525              	.L96:
1270:Core/Src/main.c **** 
 1526              		.loc 1 1270 5 is_stmt 1 view .LVU399
 1527 0054 05A9     		add	r1, sp, #20
 1528 0056 2248     		ldr	r0, .L100+16
 1529 0058 FFF7FEFF 		bl	AppLogSd_Push1s
 1530              	.LVL129:
1278:Core/Src/main.c ****     osDelayUntil(last_wake_tick);
 1531              		.loc 1 1278 5 view .LVU400
1278:Core/Src/main.c ****     osDelayUntil(last_wake_tick);
 1532              		.loc 1 1278 20 is_stmt 0 view .LVU401
 1533 005c 06F57A76 		add	r6, r6, #1000
 1534              	.LVL130:
1279:Core/Src/main.c ****   }
 1535              		.loc 1 1279 5 is_stmt 1 view .LVU402
 1536 0060 3046     		mov	r0, r6
 1537 0062 FFF7FEFF 		bl	osDelayUntil
 1538              	.LVL131:
1238:Core/Src/main.c ****   {
 1539              		.loc 1 1238 3 view .LVU403
 1540              	.L97:
1237:Core/Src/main.c ****   for (;;)
 1541              		.loc 1 1237 3 view .LVU404
1238:Core/Src/main.c ****   {
 1542              		.loc 1 1238 3 view .LVU405
1240:Core/Src/main.c ****     RpmUpdateShared(&rpm_res);
 1543              		.loc 1 1240 5 view .LVU406
1240:Core/Src/main.c ****     RpmUpdateShared(&rpm_res);
 1544              		.loc 1 1240 35 is_stmt 0 view .LVU407
 1545 0066 1F4B     		ldr	r3, .L100+20
 1546 0068 1B68     		ldr	r3, [r3]
 1547 006a 596A     		ldr	r1, [r3, #36]
1240:Core/Src/main.c ****     RpmUpdateShared(&rpm_res);
 1548              		.loc 1 1240 15 view .LVU408
 1549 006c 6C46     		mov	r4, sp
 1550 006e 2046     		mov	r0, r4
 1551 0070 FFF7FEFF 		bl	RPM_OnPeriodicCheck
 1552              	.LVL132:
 1553 0074 0BAB     		add	r3, sp, #44
 1554 0076 94E80700 		ldm	r4, {r0, r1, r2}
 1555 007a 83E80700 		stm	r3, {r0, r1, r2}
1241:Core/Src/main.c ****     AppCalc_FeedRpm(rpm_res.rpm);
 1556              		.loc 1 1241 5 is_stmt 1 view .LVU409
 1557 007e 1846     		mov	r0, r3
 1558 0080 FFF7FEFF 		bl	RpmUpdateShared
 1559              	.LVL133:
1242:Core/Src/main.c ****     AppCalc_Compute1s(&g_calc_ctx, &result);
 1560              		.loc 1 1242 5 view .LVU410
 1561 0084 9DED0B0A 		vldr.32	s0, [sp, #44]
 1562 0088 FFF7FEFF 		bl	AppCalc_FeedRpm
 1563              	.LVL134:
1243:Core/Src/main.c ****     AppAvgPowerCache_Push1s(result.power, mono_sec);
 1564              		.loc 1 1243 5 view .LVU411
 1565 008c 05A9     		add	r1, sp, #20
 1566 008e 1648     		ldr	r0, .L100+24
ARM GAS  C:\Users\40918\AppData\Local\Temp\ccc2gyMS.s 			page 57


 1567 0090 FFF7FEFF 		bl	AppCalc_Compute1s
 1568              	.LVL135:
1244:Core/Src/main.c ****     mono_sec++;
 1569              		.loc 1 1244 5 view .LVU412
 1570 0094 2846     		mov	r0, r5
 1571 0096 9DED090A 		vldr.32	s0, [sp, #36]
 1572 009a FFF7FEFF 		bl	AppAvgPowerCache_Push1s
 1573              	.LVL136:
1245:Core/Src/main.c **** 
 1574              		.loc 1 1245 5 view .LVU413
1245:Core/Src/main.c **** 
 1575              		.loc 1 1245 13 is_stmt 0 view .LVU414
 1576 009e 0135     		adds	r5, r5, #1
 1577              	.LVL137:
1247:Core/Src/main.c ****     {
 1578              		.loc 1 1247 5 is_stmt 1 view .LVU415
1247:Core/Src/main.c ****     {
 1579              		.loc 1 1247 29 is_stmt 0 view .LVU416
 1580 00a0 0D4B     		ldr	r3, .L100+8
 1581 00a2 1868     		ldr	r0, [r3]
1247:Core/Src/main.c ****     {
 1582              		.loc 1 1247 8 view .LVU417
 1583 00a4 0028     		cmp	r0, #0
 1584 00a6 CDD0     		beq	.L94
1249:Core/Src/main.c ****       {
 1585              		.loc 1 1249 7 is_stmt 1 view .LVU418
1249:Core/Src/main.c ****       {
 1586              		.loc 1 1249 11 is_stmt 0 view .LVU419
 1587 00a8 0521     		movs	r1, #5
 1588 00aa FFF7FEFF 		bl	osMutexAcquire
 1589              	.LVL138:
1249:Core/Src/main.c ****       {
 1590              		.loc 1 1249 10 discriminator 1 view .LVU420
 1591 00ae 0028     		cmp	r0, #0
 1592 00b0 C8D1     		bne	.L94
1251:Core/Src/main.c ****         avg_power = AppAvgPowerCache_QueryHours(query_hours, &avg_ok);
 1593              		.loc 1 1251 9 is_stmt 1 view .LVU421
 1594              	.LVL139:
1252:Core/Src/main.c ****         if (avg_ok == 0U)
 1595              		.loc 1 1252 9 view .LVU422
1252:Core/Src/main.c ****         if (avg_ok == 0U)
 1596              		.loc 1 1252 21 is_stmt 0 view .LVU423
 1597 00b2 0DF11300 		add	r0, sp, #19
 1598 00b6 064B     		ldr	r3, .L100
 1599 00b8 93ED070A 		vldr.32	s0, [r3, #28]
 1600 00bc FFF7FEFF 		bl	AppAvgPowerCache_QueryHours
 1601              	.LVL140:
1253:Core/Src/main.c ****         {
 1602              		.loc 1 1253 9 is_stmt 1 view .LVU424
1253:Core/Src/main.c ****         {
 1603              		.loc 1 1253 20 is_stmt 0 view .LVU425
 1604 00c0 9DF81330 		ldrb	r3, [sp, #19]	@ zero_extendqisi2
1253:Core/Src/main.c ****         {
 1605              		.loc 1 1253 12 view .LVU426
 1606 00c4 002B     		cmp	r3, #0
 1607 00c6 A4D1     		bne	.L95
1255:Core/Src/main.c ****         }
ARM GAS  C:\Users\40918\AppData\Local\Temp\ccc2gyMS.s 			page 58


 1608              		.loc 1 1255 21 view .LVU427
 1609 00c8 9FED080A 		vldr.32	s0, .L100+28
 1610              	.LVL141:
1255:Core/Src/main.c ****         }
 1611              		.loc 1 1255 21 view .LVU428
 1612 00cc A1E7     		b	.L95
 1613              	.L101:
 1614 00ce 00BF     		.align	2
 1615              	.L100:
 1616 00d0 00000000 		.word	g_protocol_values
 1617 00d4 00000000 		.word	g_result_latest
 1618 00d8 00000000 		.word	mtxSharedDataHandle
 1619 00dc 00000000 		.word	qResult1sHandle
 1620 00e0 00000000 		.word	g_sd_log_ctx
 1621 00e4 00000000 		.word	htim5
 1622 00e8 00000000 		.word	g_calc_ctx
 1623 00ec 00000000 		.word	0
 1624              		.cfi_endproc
 1625              	.LFE276:
 1627              		.section	.text.StartSdLogTask,"ax",%progbits
 1628              		.align	1
 1629              		.global	StartSdLogTask
 1630              		.syntax unified
 1631              		.thumb
 1632              		.thumb_func
 1634              	StartSdLogTask:
 1635              	.LVL142:
 1636              	.LFB277:
1284:Core/Src/main.c ****   uint32_t last_wake_tick = osKernelGetTickCount();
 1637              		.loc 1 1284 1 is_stmt 1 view -0
 1638              		.cfi_startproc
 1639              		@ args = 0, pretend = 0, frame = 0
 1640              		@ frame_needed = 0, uses_anonymous_args = 0
1284:Core/Src/main.c ****   uint32_t last_wake_tick = osKernelGetTickCount();
 1641              		.loc 1 1284 1 is_stmt 0 view .LVU430
 1642 0000 10B5     		push	{r4, lr}
 1643              	.LCFI26:
 1644              		.cfi_def_cfa_offset 8
 1645              		.cfi_offset 4, -8
 1646              		.cfi_offset 14, -4
1285:Core/Src/main.c ****   (void)argument;
 1647              		.loc 1 1285 3 is_stmt 1 view .LVU431
1285:Core/Src/main.c ****   (void)argument;
 1648              		.loc 1 1285 29 is_stmt 0 view .LVU432
 1649 0002 FFF7FEFF 		bl	osKernelGetTickCount
 1650              	.LVL143:
1285:Core/Src/main.c ****   (void)argument;
 1651              		.loc 1 1285 29 view .LVU433
 1652 0006 0446     		mov	r4, r0
 1653              	.LVL144:
 1654              	.L103:
1286:Core/Src/main.c **** 
 1655              		.loc 1 1286 3 is_stmt 1 view .LVU434
1288:Core/Src/main.c ****   {
 1656              		.loc 1 1288 3 view .LVU435
1290:Core/Src/main.c ****     last_wake_tick += 100U;
 1657              		.loc 1 1290 5 view .LVU436
ARM GAS  C:\Users\40918\AppData\Local\Temp\ccc2gyMS.s 			page 59


 1658 0008 0348     		ldr	r0, .L105
 1659 000a FFF7FEFF 		bl	AppLogSd_Process
 1660              	.LVL145:
1291:Core/Src/main.c ****     osDelayUntil(last_wake_tick);
 1661              		.loc 1 1291 5 view .LVU437
1291:Core/Src/main.c ****     osDelayUntil(last_wake_tick);
 1662              		.loc 1 1291 20 is_stmt 0 view .LVU438
 1663 000e 6434     		adds	r4, r4, #100
 1664              	.LVL146:
1292:Core/Src/main.c ****   }
 1665              		.loc 1 1292 5 is_stmt 1 discriminator 1 view .LVU439
 1666 0010 2046     		mov	r0, r4
 1667 0012 FFF7FEFF 		bl	osDelayUntil
 1668              	.LVL147:
1288:Core/Src/main.c ****   {
 1669              		.loc 1 1288 3 view .LVU440
 1670 0016 F7E7     		b	.L103
 1671              	.L106:
 1672              		.align	2
 1673              	.L105:
 1674 0018 00000000 		.word	g_sd_log_ctx
 1675              		.cfi_endproc
 1676              	.LFE277:
 1678              		.section	.text.StartTxResultTask,"ax",%progbits
 1679              		.align	1
 1680              		.global	StartTxResultTask
 1681              		.syntax unified
 1682              		.thumb
 1683              		.thumb_func
 1685              	StartTxResultTask:
 1686              	.LVL148:
 1687              	.LFB279:
1314:Core/Src/main.c ****   }
1315:Core/Src/main.c **** }
1316:Core/Src/main.c **** 
1317:Core/Src/main.c **** void StartTxResultTask(void *argument)
1318:Core/Src/main.c **** {
 1688              		.loc 1 1318 1 view -0
 1689              		.cfi_startproc
 1690              		@ args = 0, pretend = 0, frame = 192
 1691              		@ frame_needed = 0, uses_anonymous_args = 0
 1692              		.loc 1 1318 1 is_stmt 0 view .LVU442
 1693 0000 70B5     		push	{r4, r5, r6, lr}
 1694              	.LCFI27:
 1695              		.cfi_def_cfa_offset 16
 1696              		.cfi_offset 4, -16
 1697              		.cfi_offset 5, -12
 1698              		.cfi_offset 6, -8
 1699              		.cfi_offset 14, -4
 1700 0002 B2B0     		sub	sp, sp, #200
 1701              	.LCFI28:
 1702              		.cfi_def_cfa_offset 216
1319:Core/Src/main.c ****   uint32_t last_wake_tick = osKernelGetTickCount();
 1703              		.loc 1 1319 3 is_stmt 1 view .LVU443
 1704              		.loc 1 1319 29 is_stmt 0 view .LVU444
 1705 0004 FFF7FEFF 		bl	osKernelGetTickCount
 1706              	.LVL149:
ARM GAS  C:\Users\40918\AppData\Local\Temp\ccc2gyMS.s 			page 60


 1707              		.loc 1 1319 29 view .LVU445
 1708 0008 0446     		mov	r4, r0
 1709              	.LVL150:
1320:Core/Src/main.c ****   result_1s_t result = {0};
 1710              		.loc 1 1320 3 is_stmt 1 view .LVU446
 1711              		.loc 1 1320 15 is_stmt 0 view .LVU447
 1712 000a 0023     		movs	r3, #0
 1713 000c 2C93     		str	r3, [sp, #176]
 1714 000e 2D93     		str	r3, [sp, #180]
 1715 0010 2E93     		str	r3, [sp, #184]
 1716 0012 2F93     		str	r3, [sp, #188]
 1717 0014 3093     		str	r3, [sp, #192]
 1718 0016 3193     		str	r3, [sp, #196]
1321:Core/Src/main.c ****   uint8_t frame[32];
 1719              		.loc 1 1321 3 is_stmt 1 view .LVU448
1322:Core/Src/main.c ****   uint16_t frame_len;
 1720              		.loc 1 1322 3 view .LVU449
1323:Core/Src/main.c ****   protocol_values_t values_snap;
 1721              		.loc 1 1323 3 view .LVU450
1324:Core/Src/main.c ****   app_tx_result_ctx_t tx_ctx;
 1722              		.loc 1 1324 3 view .LVU451
1325:Core/Src/main.c ****   (void)argument;
 1723              		.loc 1 1325 3 view .LVU452
1326:Core/Src/main.c **** 
1327:Core/Src/main.c ****   tx_ctx.huart3 = &huart3;
 1724              		.loc 1 1327 3 view .LVU453
 1725              		.loc 1 1327 17 is_stmt 0 view .LVU454
 1726 0018 314B     		ldr	r3, .L116
 1727 001a 0393     		str	r3, [sp, #12]
1328:Core/Src/main.c ****   tx_ctx.huart6 = &huart6;
 1728              		.loc 1 1328 3 is_stmt 1 view .LVU455
 1729              		.loc 1 1328 17 is_stmt 0 view .LVU456
 1730 001c 314B     		ldr	r3, .L116+4
 1731 001e 0493     		str	r3, [sp, #16]
1329:Core/Src/main.c ****   tx_ctx.usart3_tx_done = &usart3_tx_done;
 1732              		.loc 1 1329 3 is_stmt 1 view .LVU457
 1733              		.loc 1 1329 25 is_stmt 0 view .LVU458
 1734 0020 314B     		ldr	r3, .L116+8
 1735 0022 0593     		str	r3, [sp, #20]
1330:Core/Src/main.c ****   tx_ctx.tx_enable_usart3 = &g_tx_enable_usart3;
 1736              		.loc 1 1330 3 is_stmt 1 view .LVU459
 1737              		.loc 1 1330 27 is_stmt 0 view .LVU460
 1738 0024 314B     		ldr	r3, .L116+12
 1739 0026 0693     		str	r3, [sp, #24]
1331:Core/Src/main.c ****   tx_ctx.tx_enable_uart6 = &g_tx_enable_uart6;
 1740              		.loc 1 1331 3 is_stmt 1 view .LVU461
 1741              		.loc 1 1331 26 is_stmt 0 view .LVU462
 1742 0028 314B     		ldr	r3, .L116+16
 1743 002a 0793     		str	r3, [sp, #28]
1332:Core/Src/main.c ****   tx_ctx.protocol_values = &g_protocol_values;
 1744              		.loc 1 1332 3 is_stmt 1 view .LVU463
 1745              		.loc 1 1332 26 is_stmt 0 view .LVU464
 1746 002c 314B     		ldr	r3, .L116+20
 1747 002e 0893     		str	r3, [sp, #32]
1333:Core/Src/main.c ****   tx_ctx.mtx_shared_data = mtxSharedDataHandle;
 1748              		.loc 1 1333 3 is_stmt 1 view .LVU465
 1749              		.loc 1 1333 26 is_stmt 0 view .LVU466
ARM GAS  C:\Users\40918\AppData\Local\Temp\ccc2gyMS.s 			page 61


 1750 0030 314B     		ldr	r3, .L116+24
 1751 0032 1B68     		ldr	r3, [r3]
 1752 0034 0993     		str	r3, [sp, #36]
 1753 0036 1CE0     		b	.L112
 1754              	.LVL151:
 1755              	.L108:
1334:Core/Src/main.c **** 
1335:Core/Src/main.c ****   for (;;)
1336:Core/Src/main.c ****   {
1337:Core/Src/main.c ****     if ((qResult1sHandle != NULL) &&
1338:Core/Src/main.c ****         (osMessageQueueGet(qResult1sHandle, &result, NULL, 0U) != osOK))
1339:Core/Src/main.c ****     {
1340:Core/Src/main.c ****       if ((mtxSharedDataHandle != NULL) && (osMutexAcquire(mtxSharedDataHandle, 5U) == osOK))
1341:Core/Src/main.c ****       {
1342:Core/Src/main.c ****         result = g_result_latest;
1343:Core/Src/main.c ****         osMutexRelease(mtxSharedDataHandle);
1344:Core/Src/main.c ****       }
1345:Core/Src/main.c ****     }
1346:Core/Src/main.c **** 
1347:Core/Src/main.c ****     frame_len = AppTxResult_BuildWriteFrame(TX_RESULT_SLAVE_ID, TX_RESULT_START_ADDR, &result, fram
 1756              		.loc 1 1347 5 is_stmt 1 view .LVU467
 1757              		.loc 1 1347 17 is_stmt 0 view .LVU468
 1758 0038 2023     		movs	r3, #32
 1759 003a 0093     		str	r3, [sp]
 1760 003c 24AB     		add	r3, sp, #144
 1761 003e 2CAA     		add	r2, sp, #176
 1762 0040 0021     		movs	r1, #0
 1763 0042 0120     		movs	r0, #1
 1764 0044 FFF7FEFF 		bl	AppTxResult_BuildWriteFrame
 1765              	.LVL152:
1348:Core/Src/main.c ****     if (frame_len > 0U)
 1766              		.loc 1 1348 5 is_stmt 1 view .LVU469
 1767              		.loc 1 1348 8 is_stmt 0 view .LVU470
 1768 0048 0546     		mov	r5, r0
 1769 004a 68B1     		cbz	r0, .L109
1349:Core/Src/main.c ****     {
1350:Core/Src/main.c ****       if ((mtxSharedDataHandle != NULL) && (osMutexAcquire(mtxSharedDataHandle, 5U) == osOK))
 1770              		.loc 1 1350 7 is_stmt 1 view .LVU471
 1771              		.loc 1 1350 32 is_stmt 0 view .LVU472
 1772 004c 2A4B     		ldr	r3, .L116+24
 1773 004e 1868     		ldr	r0, [r3]
 1774              	.LVL153:
 1775              		.loc 1 1350 10 view .LVU473
 1776 0050 20B1     		cbz	r0, .L110
 1777              		.loc 1 1350 45 discriminator 1 view .LVU474
 1778 0052 0521     		movs	r1, #5
 1779 0054 FFF7FEFF 		bl	osMutexAcquire
 1780              	.LVL154:
 1781              		.loc 1 1350 41 discriminator 1 view .LVU475
 1782 0058 0028     		cmp	r0, #0
 1783 005a 2BD0     		beq	.L114
 1784              	.L110:
1351:Core/Src/main.c ****       {
1352:Core/Src/main.c ****         values_snap = g_protocol_values;
1353:Core/Src/main.c ****         osMutexRelease(mtxSharedDataHandle);
1354:Core/Src/main.c ****         AppTxResult_UpdateEnableFromConfig(&values_snap, &g_tx_enable_usart3, &g_tx_enable_uart6);
1355:Core/Src/main.c ****       }
ARM GAS  C:\Users\40918\AppData\Local\Temp\ccc2gyMS.s 			page 62


1356:Core/Src/main.c **** 
1357:Core/Src/main.c ****       if (g_tx_enable_usart3 != 0U)
 1785              		.loc 1 1357 7 is_stmt 1 view .LVU476
 1786              		.loc 1 1357 30 is_stmt 0 view .LVU477
 1787 005c 234B     		ldr	r3, .L116+12
 1788 005e 1B78     		ldrb	r3, [r3]	@ zero_extendqisi2
 1789              		.loc 1 1357 10 view .LVU478
 1790 0060 002B     		cmp	r3, #0
 1791 0062 36D1     		bne	.L115
 1792              	.L111:
1358:Core/Src/main.c ****       {
1359:Core/Src/main.c ****         (void)AppTxResult_SendUsart3(&tx_ctx, frame, frame_len, 100U);
1360:Core/Src/main.c ****       }
1361:Core/Src/main.c ****       if (g_tx_enable_uart6 != 0U)
 1793              		.loc 1 1361 7 is_stmt 1 view .LVU479
 1794              		.loc 1 1361 29 is_stmt 0 view .LVU480
 1795 0064 224B     		ldr	r3, .L116+16
 1796 0066 1B78     		ldrb	r3, [r3]	@ zero_extendqisi2
 1797              	.L109:
1362:Core/Src/main.c ****       {
1363:Core/Src/main.c **** #if !DEBUG_UART_ENABLE
1364:Core/Src/main.c ****         (void)AppTxResult_SendUsart6(&tx_ctx, frame, frame_len, 100U);
1365:Core/Src/main.c **** #endif
1366:Core/Src/main.c ****       }
 1798              		.loc 1 1366 7 is_stmt 1 view .LVU481
1367:Core/Src/main.c ****     }
1368:Core/Src/main.c **** 
1369:Core/Src/main.c **** #if WDG_ENABLE_TX
1370:Core/Src/main.c ****     if (evtSystemFlagsHandle != NULL)
1371:Core/Src/main.c ****     {
1372:Core/Src/main.c ****       osEventFlagsSet(evtSystemFlagsHandle, EVT_HEALTH_TX);
1373:Core/Src/main.c ****     }
1374:Core/Src/main.c **** #endif
1375:Core/Src/main.c ****     last_wake_tick += TX_RESULT_PERIOD_MS;
 1799              		.loc 1 1375 5 view .LVU482
 1800              		.loc 1 1375 20 is_stmt 0 view .LVU483
 1801 0068 04F57A74 		add	r4, r4, #1000
 1802              	.LVL155:
1376:Core/Src/main.c ****     osDelayUntil(last_wake_tick);
 1803              		.loc 1 1376 5 is_stmt 1 view .LVU484
 1804 006c 2046     		mov	r0, r4
 1805 006e FFF7FEFF 		bl	osDelayUntil
 1806              	.LVL156:
1335:Core/Src/main.c ****   {
 1807              		.loc 1 1335 3 view .LVU485
 1808              	.L112:
1335:Core/Src/main.c ****   {
 1809              		.loc 1 1335 3 view .LVU486
1337:Core/Src/main.c ****         (osMessageQueueGet(qResult1sHandle, &result, NULL, 0U) != osOK))
 1810              		.loc 1 1337 5 view .LVU487
1337:Core/Src/main.c ****         (osMessageQueueGet(qResult1sHandle, &result, NULL, 0U) != osOK))
 1811              		.loc 1 1337 26 is_stmt 0 view .LVU488
 1812 0072 224B     		ldr	r3, .L116+28
 1813 0074 1868     		ldr	r0, [r3]
1337:Core/Src/main.c ****         (osMessageQueueGet(qResult1sHandle, &result, NULL, 0U) != osOK))
 1814              		.loc 1 1337 8 view .LVU489
 1815 0076 0028     		cmp	r0, #0
ARM GAS  C:\Users\40918\AppData\Local\Temp\ccc2gyMS.s 			page 63


 1816 0078 DED0     		beq	.L108
1338:Core/Src/main.c ****     {
 1817              		.loc 1 1338 10 view .LVU490
 1818 007a 0023     		movs	r3, #0
 1819 007c 1A46     		mov	r2, r3
 1820 007e 2CA9     		add	r1, sp, #176
 1821 0080 FFF7FEFF 		bl	osMessageQueueGet
 1822              	.LVL157:
1337:Core/Src/main.c ****         (osMessageQueueGet(qResult1sHandle, &result, NULL, 0U) != osOK))
 1823              		.loc 1 1337 35 discriminator 1 view .LVU491
 1824 0084 0028     		cmp	r0, #0
 1825 0086 D7D0     		beq	.L108
1340:Core/Src/main.c ****       {
 1826              		.loc 1 1340 7 is_stmt 1 view .LVU492
1340:Core/Src/main.c ****       {
 1827              		.loc 1 1340 32 is_stmt 0 view .LVU493
 1828 0088 1B4B     		ldr	r3, .L116+24
 1829 008a 1868     		ldr	r0, [r3]
1340:Core/Src/main.c ****       {
 1830              		.loc 1 1340 10 view .LVU494
 1831 008c 0028     		cmp	r0, #0
 1832 008e D3D0     		beq	.L108
1340:Core/Src/main.c ****       {
 1833              		.loc 1 1340 45 discriminator 1 view .LVU495
 1834 0090 0521     		movs	r1, #5
 1835 0092 FFF7FEFF 		bl	osMutexAcquire
 1836              	.LVL158:
1340:Core/Src/main.c ****       {
 1837              		.loc 1 1340 41 discriminator 1 view .LVU496
 1838 0096 0028     		cmp	r0, #0
 1839 0098 CED1     		bne	.L108
1342:Core/Src/main.c ****         osMutexRelease(mtxSharedDataHandle);
 1840              		.loc 1 1342 9 is_stmt 1 view .LVU497
1342:Core/Src/main.c ****         osMutexRelease(mtxSharedDataHandle);
 1841              		.loc 1 1342 16 is_stmt 0 view .LVU498
 1842 009a 2CAD     		add	r5, sp, #176
 1843 009c 184E     		ldr	r6, .L116+32
 1844 009e 0FCE     		ldmia	r6!, {r0, r1, r2, r3}
 1845 00a0 0FC5     		stmia	r5!, {r0, r1, r2, r3}
 1846 00a2 96E80300 		ldm	r6, {r0, r1}
 1847 00a6 85E80300 		stm	r5, {r0, r1}
1343:Core/Src/main.c ****       }
 1848              		.loc 1 1343 9 is_stmt 1 view .LVU499
 1849 00aa 134B     		ldr	r3, .L116+24
 1850 00ac 1868     		ldr	r0, [r3]
 1851 00ae FFF7FEFF 		bl	osMutexRelease
 1852              	.LVL159:
 1853 00b2 C1E7     		b	.L108
 1854              	.LVL160:
 1855              	.L114:
1352:Core/Src/main.c ****         osMutexRelease(mtxSharedDataHandle);
 1856              		.loc 1 1352 9 view .LVU500
1352:Core/Src/main.c ****         osMutexRelease(mtxSharedDataHandle);
 1857              		.loc 1 1352 21 is_stmt 0 view .LVU501
 1858 00b4 6822     		movs	r2, #104
 1859 00b6 0F49     		ldr	r1, .L116+20
 1860 00b8 0AA8     		add	r0, sp, #40
ARM GAS  C:\Users\40918\AppData\Local\Temp\ccc2gyMS.s 			page 64


 1861 00ba FFF7FEFF 		bl	memcpy
 1862              	.LVL161:
1353:Core/Src/main.c ****         AppTxResult_UpdateEnableFromConfig(&values_snap, &g_tx_enable_usart3, &g_tx_enable_uart6);
 1863              		.loc 1 1353 9 is_stmt 1 view .LVU502
 1864 00be 0E4B     		ldr	r3, .L116+24
 1865 00c0 1868     		ldr	r0, [r3]
 1866 00c2 FFF7FEFF 		bl	osMutexRelease
 1867              	.LVL162:
1354:Core/Src/main.c ****       }
 1868              		.loc 1 1354 9 view .LVU503
 1869 00c6 0A4A     		ldr	r2, .L116+16
 1870 00c8 0849     		ldr	r1, .L116+12
 1871 00ca 0AA8     		add	r0, sp, #40
 1872 00cc FFF7FEFF 		bl	AppTxResult_UpdateEnableFromConfig
 1873              	.LVL163:
 1874 00d0 C4E7     		b	.L110
 1875              	.L115:
1359:Core/Src/main.c ****       }
 1876              		.loc 1 1359 9 view .LVU504
1359:Core/Src/main.c ****       }
 1877              		.loc 1 1359 15 is_stmt 0 view .LVU505
 1878 00d2 6423     		movs	r3, #100
 1879 00d4 2A46     		mov	r2, r5
 1880 00d6 24A9     		add	r1, sp, #144
 1881 00d8 03A8     		add	r0, sp, #12
 1882 00da FFF7FEFF 		bl	AppTxResult_SendUsart3
 1883              	.LVL164:
 1884 00de C1E7     		b	.L111
 1885              	.L117:
 1886              		.align	2
 1887              	.L116:
 1888 00e0 00000000 		.word	huart3
 1889 00e4 00000000 		.word	huart6
 1890 00e8 00000000 		.word	usart3_tx_done
 1891 00ec 00000000 		.word	g_tx_enable_usart3
 1892 00f0 00000000 		.word	g_tx_enable_uart6
 1893 00f4 00000000 		.word	g_protocol_values
 1894 00f8 00000000 		.word	mtxSharedDataHandle
 1895 00fc 00000000 		.word	qResult1sHandle
 1896 0100 00000000 		.word	g_result_latest
 1897              		.cfi_endproc
 1898              	.LFE279:
 1900              		.section	.text.StartWatchdogTask,"ax",%progbits
 1901              		.align	1
 1902              		.global	StartWatchdogTask
 1903              		.syntax unified
 1904              		.thumb
 1905              		.thumb_func
 1907              	StartWatchdogTask:
 1908              	.LVL165:
 1909              	.LFB280:
1377:Core/Src/main.c ****   }
1378:Core/Src/main.c **** }
1379:Core/Src/main.c **** 
1380:Core/Src/main.c **** void StartWatchdogTask(void *argument)
1381:Core/Src/main.c **** {
 1910              		.loc 1 1381 1 is_stmt 1 view -0
ARM GAS  C:\Users\40918\AppData\Local\Temp\ccc2gyMS.s 			page 65


 1911              		.cfi_startproc
 1912              		@ args = 0, pretend = 0, frame = 0
 1913              		@ frame_needed = 0, uses_anonymous_args = 0
 1914              		.loc 1 1381 1 is_stmt 0 view .LVU507
 1915 0000 10B5     		push	{r4, lr}
 1916              	.LCFI29:
 1917              		.cfi_def_cfa_offset 8
 1918              		.cfi_offset 4, -8
 1919              		.cfi_offset 14, -4
1382:Core/Src/main.c ****   uint32_t last_wake_tick = osKernelGetTickCount();
 1920              		.loc 1 1382 3 is_stmt 1 view .LVU508
 1921              		.loc 1 1382 29 is_stmt 0 view .LVU509
 1922 0002 FFF7FEFF 		bl	osKernelGetTickCount
 1923              	.LVL166:
 1924              		.loc 1 1382 29 view .LVU510
 1925 0006 0446     		mov	r4, r0
 1926              	.LVL167:
 1927              		.loc 1 1382 29 view .LVU511
 1928 0008 08E0     		b	.L121
 1929              	.LVL168:
 1930              	.L123:
 1931              	.LBB11:
1383:Core/Src/main.c ****   (void)argument;
1384:Core/Src/main.c **** 
1385:Core/Src/main.c ****   for (;;)
1386:Core/Src/main.c ****   {
1387:Core/Src/main.c **** #if WDG_HW_ENABLE
1388:Core/Src/main.c ****     HAL_StatusTypeDef wdg_ret = HAL_IWDG_Refresh(&hiwdg);
1389:Core/Src/main.c ****     if (wdg_ret == HAL_OK)
1390:Core/Src/main.c ****     {
1391:Core/Src/main.c ****       g_diag_counters.wdg_refresh_ok++;
 1932              		.loc 1 1391 7 is_stmt 1 view .LVU512
 1933              		.loc 1 1391 22 is_stmt 0 view .LVU513
 1934 000a 094A     		ldr	r2, .L124
 1935 000c 136A     		ldr	r3, [r2, #32]
 1936              		.loc 1 1391 37 view .LVU514
 1937 000e 0133     		adds	r3, r3, #1
 1938 0010 1362     		str	r3, [r2, #32]
 1939              	.L120:
1392:Core/Src/main.c ****     }
1393:Core/Src/main.c ****     else
1394:Core/Src/main.c ****     {
1395:Core/Src/main.c ****       g_diag_counters.wdg_refresh_skip++;
1396:Core/Src/main.c ****     }
1397:Core/Src/main.c **** #endif
1398:Core/Src/main.c **** 
1399:Core/Src/main.c ****     last_wake_tick += WDG_CHECK_PERIOD_MS;
 1940              		.loc 1 1399 5 is_stmt 1 view .LVU515
 1941              		.loc 1 1399 20 is_stmt 0 view .LVU516
 1942 0012 04F57A74 		add	r4, r4, #1000
 1943              	.LVL169:
1400:Core/Src/main.c ****     osDelayUntil(last_wake_tick);
 1944              		.loc 1 1400 5 is_stmt 1 view .LVU517
 1945 0016 2046     		mov	r0, r4
 1946              	.LVL170:
 1947              		.loc 1 1400 5 is_stmt 0 view .LVU518
 1948 0018 FFF7FEFF 		bl	osDelayUntil
ARM GAS  C:\Users\40918\AppData\Local\Temp\ccc2gyMS.s 			page 66


 1949              	.LVL171:
 1950              	.LBE11:
1385:Core/Src/main.c ****   {
 1951              		.loc 1 1385 3 is_stmt 1 view .LVU519
 1952              	.L121:
1383:Core/Src/main.c **** 
 1953              		.loc 1 1383 3 view .LVU520
1385:Core/Src/main.c ****   {
 1954              		.loc 1 1385 3 view .LVU521
 1955              	.LBB12:
1388:Core/Src/main.c ****     if (wdg_ret == HAL_OK)
 1956              		.loc 1 1388 5 view .LVU522
1388:Core/Src/main.c ****     if (wdg_ret == HAL_OK)
 1957              		.loc 1 1388 33 is_stmt 0 view .LVU523
 1958 001c 0548     		ldr	r0, .L124+4
 1959 001e FFF7FEFF 		bl	HAL_IWDG_Refresh
 1960              	.LVL172:
1389:Core/Src/main.c ****     {
 1961              		.loc 1 1389 5 is_stmt 1 view .LVU524
1389:Core/Src/main.c ****     {
 1962              		.loc 1 1389 8 is_stmt 0 view .LVU525
 1963 0022 0028     		cmp	r0, #0
 1964 0024 F1D0     		beq	.L123
1395:Core/Src/main.c ****     }
 1965              		.loc 1 1395 7 is_stmt 1 view .LVU526
1395:Core/Src/main.c ****     }
 1966              		.loc 1 1395 22 is_stmt 0 view .LVU527
 1967 0026 024A     		ldr	r2, .L124
 1968 0028 536A     		ldr	r3, [r2, #36]
1395:Core/Src/main.c ****     }
 1969              		.loc 1 1395 39 view .LVU528
 1970 002a 0133     		adds	r3, r3, #1
 1971 002c 5362     		str	r3, [r2, #36]
 1972 002e F0E7     		b	.L120
 1973              	.L125:
 1974              		.align	2
 1975              	.L124:
 1976 0030 00000000 		.word	g_diag_counters
 1977 0034 00000000 		.word	hiwdg
 1978              	.LBE12:
 1979              		.cfi_endproc
 1980              	.LFE280:
 1982              		.section	.rodata.AppDebug_PrintResetCause.str1.4,"aMS",%progbits,1
 1983              		.align	2
 1984              	.LC1:
 1985 0000 5B525354 		.ascii	"[RST] IWDG reset\015\000"
 1985      5D204957 
 1985      44472072 
 1985      65736574 
 1985      0D00
 1986 0012 0000     		.align	2
 1987              	.LC2:
 1988 0014 5B525354 		.ascii	"[RST] WWDG reset\015\000"
 1988      5D205757 
 1988      44472072 
 1988      65736574 
 1988      0D00
ARM GAS  C:\Users\40918\AppData\Local\Temp\ccc2gyMS.s 			page 67


 1989 0026 0000     		.align	2
 1990              	.LC3:
 1991 0028 5B525354 		.ascii	"[RST] software reset\015\000"
 1991      5D20736F 
 1991      66747761 
 1991      72652072 
 1991      65736574 
 1992 003e 0000     		.align	2
 1993              	.LC4:
 1994 0040 5B525354 		.ascii	"[RST] power-on reset\015\000"
 1994      5D20706F 
 1994      7765722D 
 1994      6F6E2072 
 1994      65736574 
 1995 0056 0000     		.align	2
 1996              	.LC5:
 1997 0058 5B525354 		.ascii	"[RST] pin reset\015\000"
 1997      5D207069 
 1997      6E207265 
 1997      7365740D 
 1997      00
 1998              		.section	.text.AppDebug_PrintResetCause,"ax",%progbits
 1999              		.align	1
 2000              		.global	AppDebug_PrintResetCause
 2001              		.syntax unified
 2002              		.thumb
 2003              		.thumb_func
 2005              	AppDebug_PrintResetCause:
 2006              	.LFB246:
 242:Core/Src/main.c ****   if (__HAL_RCC_GET_FLAG(RCC_FLAG_IWDGRST) != RESET)
 2007              		.loc 1 242 1 is_stmt 1 view -0
 2008              		.cfi_startproc
 2009              		@ args = 0, pretend = 0, frame = 0
 2010              		@ frame_needed = 0, uses_anonymous_args = 0
 2011 0000 08B5     		push	{r3, lr}
 2012              	.LCFI30:
 2013              		.cfi_def_cfa_offset 8
 2014              		.cfi_offset 3, -8
 2015              		.cfi_offset 14, -4
 243:Core/Src/main.c ****   {
 2016              		.loc 1 243 3 view .LVU530
 243:Core/Src/main.c ****   {
 2017              		.loc 1 243 7 is_stmt 0 view .LVU531
 2018 0002 194B     		ldr	r3, .L138
 2019 0004 5B6F     		ldr	r3, [r3, #116]
 243:Core/Src/main.c ****   {
 2020              		.loc 1 243 6 view .LVU532
 2021 0006 13F0005F 		tst	r3, #536870912
 2022 000a 19D1     		bne	.L133
 2023              	.L127:
 247:Core/Src/main.c ****   {
 2024              		.loc 1 247 3 is_stmt 1 view .LVU533
 247:Core/Src/main.c ****   {
 2025              		.loc 1 247 7 is_stmt 0 view .LVU534
 2026 000c 164B     		ldr	r3, .L138
 2027 000e 5B6F     		ldr	r3, [r3, #116]
 247:Core/Src/main.c ****   {
ARM GAS  C:\Users\40918\AppData\Local\Temp\ccc2gyMS.s 			page 68


 2028              		.loc 1 247 6 view .LVU535
 2029 0010 13F0804F 		tst	r3, #1073741824
 2030 0014 18D1     		bne	.L134
 2031              	.L128:
 251:Core/Src/main.c ****   {
 2032              		.loc 1 251 3 is_stmt 1 view .LVU536
 251:Core/Src/main.c ****   {
 2033              		.loc 1 251 7 is_stmt 0 view .LVU537
 2034 0016 144B     		ldr	r3, .L138
 2035 0018 5B6F     		ldr	r3, [r3, #116]
 251:Core/Src/main.c ****   {
 2036              		.loc 1 251 6 view .LVU538
 2037 001a 13F0805F 		tst	r3, #268435456
 2038 001e 17D1     		bne	.L135
 2039              	.L129:
 255:Core/Src/main.c ****   {
 2040              		.loc 1 255 3 is_stmt 1 view .LVU539
 255:Core/Src/main.c ****   {
 2041              		.loc 1 255 7 is_stmt 0 view .LVU540
 2042 0020 114B     		ldr	r3, .L138
 2043 0022 5B6F     		ldr	r3, [r3, #116]
 255:Core/Src/main.c ****   {
 2044              		.loc 1 255 6 view .LVU541
 2045 0024 13F0006F 		tst	r3, #134217728
 2046 0028 16D1     		bne	.L136
 2047              	.L130:
 259:Core/Src/main.c ****   {
 2048              		.loc 1 259 3 is_stmt 1 view .LVU542
 259:Core/Src/main.c ****   {
 2049              		.loc 1 259 7 is_stmt 0 view .LVU543
 2050 002a 0F4B     		ldr	r3, .L138
 2051 002c 5B6F     		ldr	r3, [r3, #116]
 259:Core/Src/main.c ****   {
 2052              		.loc 1 259 6 view .LVU544
 2053 002e 13F0806F 		tst	r3, #67108864
 2054 0032 15D1     		bne	.L137
 2055              	.L131:
 263:Core/Src/main.c **** }
 2056              		.loc 1 263 3 is_stmt 1 view .LVU545
 2057 0034 0C4A     		ldr	r2, .L138
 2058 0036 536F     		ldr	r3, [r2, #116]
 2059 0038 43F08073 		orr	r3, r3, #16777216
 2060 003c 5367     		str	r3, [r2, #116]
 264:Core/Src/main.c **** 
 2061              		.loc 1 264 1 is_stmt 0 view .LVU546
 2062 003e 08BD     		pop	{r3, pc}
 2063              	.L133:
 245:Core/Src/main.c ****   }
 2064              		.loc 1 245 5 is_stmt 1 view .LVU547
 2065 0040 0A48     		ldr	r0, .L138+4
 2066 0042 FFF7FEFF 		bl	puts
 2067              	.LVL173:
 2068 0046 E1E7     		b	.L127
 2069              	.L134:
 249:Core/Src/main.c ****   }
 2070              		.loc 1 249 5 view .LVU548
 2071 0048 0948     		ldr	r0, .L138+8
ARM GAS  C:\Users\40918\AppData\Local\Temp\ccc2gyMS.s 			page 69


 2072 004a FFF7FEFF 		bl	puts
 2073              	.LVL174:
 2074 004e E2E7     		b	.L128
 2075              	.L135:
 253:Core/Src/main.c ****   }
 2076              		.loc 1 253 5 view .LVU549
 2077 0050 0848     		ldr	r0, .L138+12
 2078 0052 FFF7FEFF 		bl	puts
 2079              	.LVL175:
 2080 0056 E3E7     		b	.L129
 2081              	.L136:
 257:Core/Src/main.c ****   }
 2082              		.loc 1 257 5 view .LVU550
 2083 0058 0748     		ldr	r0, .L138+16
 2084 005a FFF7FEFF 		bl	puts
 2085              	.LVL176:
 2086 005e E4E7     		b	.L130
 2087              	.L137:
 261:Core/Src/main.c ****   }
 2088              		.loc 1 261 5 view .LVU551
 2089 0060 0648     		ldr	r0, .L138+20
 2090 0062 FFF7FEFF 		bl	puts
 2091              	.LVL177:
 2092 0066 E5E7     		b	.L131
 2093              	.L139:
 2094              		.align	2
 2095              	.L138:
 2096 0068 00380240 		.word	1073887232
 2097 006c 00000000 		.word	.LC1
 2098 0070 14000000 		.word	.LC2
 2099 0074 28000000 		.word	.LC3
 2100 0078 40000000 		.word	.LC4
 2101 007c 58000000 		.word	.LC5
 2102              		.cfi_endproc
 2103              	.LFE246:
 2105              		.section	.text.__io_putchar,"ax",%progbits
 2106              		.align	1
 2107              		.global	__io_putchar
 2108              		.syntax unified
 2109              		.thumb
 2110              		.thumb_func
 2112              	__io_putchar:
 2113              	.LVL178:
 2114              	.LFB247:
 267:Core/Src/main.c **** #if DEBUG_UART_ENABLE
 2115              		.loc 1 267 1 view -0
 2116              		.cfi_startproc
 2117              		@ args = 0, pretend = 0, frame = 8
 2118              		@ frame_needed = 0, uses_anonymous_args = 0
 267:Core/Src/main.c **** #if DEBUG_UART_ENABLE
 2119              		.loc 1 267 1 is_stmt 0 view .LVU553
 2120 0000 10B5     		push	{r4, lr}
 2121              	.LCFI31:
 2122              		.cfi_def_cfa_offset 8
 2123              		.cfi_offset 4, -8
 2124              		.cfi_offset 14, -4
 2125 0002 82B0     		sub	sp, sp, #8
ARM GAS  C:\Users\40918\AppData\Local\Temp\ccc2gyMS.s 			page 70


 2126              	.LCFI32:
 2127              		.cfi_def_cfa_offset 16
 2128 0004 0446     		mov	r4, r0
 269:Core/Src/main.c **** #if DEBUG_UART_USE_RS485_DIR
 2129              		.loc 1 269 3 is_stmt 1 view .LVU554
 269:Core/Src/main.c **** #if DEBUG_UART_USE_RS485_DIR
 2130              		.loc 1 269 11 is_stmt 0 view .LVU555
 2131 0006 8DF80700 		strb	r0, [sp, #7]
 271:Core/Src/main.c ****   if (ch == '\n')
 2132              		.loc 1 271 3 is_stmt 1 view .LVU556
 2133 000a 0120     		movs	r0, #1
 2134              	.LVL179:
 271:Core/Src/main.c ****   if (ch == '\n')
 2135              		.loc 1 271 3 is_stmt 0 view .LVU557
 2136 000c FFF7FEFF 		bl	AppTxResult_SetRs485Usart6
 2137              	.LVL180:
 272:Core/Src/main.c ****   {
 2138              		.loc 1 272 3 is_stmt 1 view .LVU558
 272:Core/Src/main.c ****   {
 2139              		.loc 1 272 6 is_stmt 0 view .LVU559
 2140 0010 0A2C     		cmp	r4, #10
 2141 0012 0CD0     		beq	.L143
 2142              	.L141:
 277:Core/Src/main.c ****   AppTxResult_SetRs485Usart6(0U);
 2143              		.loc 1 277 3 is_stmt 1 view .LVU560
 277:Core/Src/main.c ****   AppTxResult_SetRs485Usart6(0U);
 2144              		.loc 1 277 9 is_stmt 0 view .LVU561
 2145 0014 0A23     		movs	r3, #10
 2146 0016 0122     		movs	r2, #1
 2147 0018 0DF10701 		add	r1, sp, #7
 2148 001c 0948     		ldr	r0, .L144
 2149 001e FFF7FEFF 		bl	HAL_UART_Transmit
 2150              	.LVL181:
 278:Core/Src/main.c **** #else
 2151              		.loc 1 278 3 is_stmt 1 view .LVU562
 2152 0022 0020     		movs	r0, #0
 2153 0024 FFF7FEFF 		bl	AppTxResult_SetRs485Usart6
 2154              	.LVL182:
 287:Core/Src/main.c **** #else
 2155              		.loc 1 287 3 view .LVU563
 292:Core/Src/main.c **** 
 2156              		.loc 1 292 1 is_stmt 0 view .LVU564
 2157 0028 2046     		mov	r0, r4
 2158 002a 02B0     		add	sp, sp, #8
 2159              	.LCFI33:
 2160              		.cfi_remember_state
 2161              		.cfi_def_cfa_offset 8
 2162              		@ sp needed
 2163 002c 10BD     		pop	{r4, pc}
 2164              	.LVL183:
 2165              	.L143:
 2166              	.LCFI34:
 2167              		.cfi_restore_state
 2168              	.LBB13:
 274:Core/Src/main.c ****     (void)HAL_UART_Transmit(&huart6, &cr, 1U, 10U);
 2169              		.loc 1 274 5 is_stmt 1 view .LVU565
 274:Core/Src/main.c ****     (void)HAL_UART_Transmit(&huart6, &cr, 1U, 10U);
ARM GAS  C:\Users\40918\AppData\Local\Temp\ccc2gyMS.s 			page 71


 2170              		.loc 1 274 13 is_stmt 0 view .LVU566
 2171 002e 0D23     		movs	r3, #13
 2172 0030 8DF80630 		strb	r3, [sp, #6]
 275:Core/Src/main.c ****   }
 2173              		.loc 1 275 5 is_stmt 1 view .LVU567
 275:Core/Src/main.c ****   }
 2174              		.loc 1 275 11 is_stmt 0 view .LVU568
 2175 0034 0A23     		movs	r3, #10
 2176 0036 0122     		movs	r2, #1
 2177 0038 0DF10601 		add	r1, sp, #6
 2178 003c 0148     		ldr	r0, .L144
 2179 003e FFF7FEFF 		bl	HAL_UART_Transmit
 2180              	.LVL184:
 2181 0042 E7E7     		b	.L141
 2182              	.L145:
 2183              		.align	2
 2184              	.L144:
 2185 0044 00000000 		.word	huart6
 2186              	.LBE13:
 2187              		.cfi_endproc
 2188              	.LFE247:
 2190              		.section	.text.HAL_UART_TxCpltCallback,"ax",%progbits
 2191              		.align	1
 2192              		.global	HAL_UART_TxCpltCallback
 2193              		.syntax unified
 2194              		.thumb
 2195              		.thumb_func
 2197              	HAL_UART_TxCpltCallback:
 2198              	.LVL185:
 2199              	.LFB270:
1131:Core/Src/main.c ****   if (huart->Instance == USART1)
 2200              		.loc 1 1131 1 is_stmt 1 view -0
 2201              		.cfi_startproc
 2202              		@ args = 0, pretend = 0, frame = 0
 2203              		@ frame_needed = 0, uses_anonymous_args = 0
1131:Core/Src/main.c ****   if (huart->Instance == USART1)
 2204              		.loc 1 1131 1 is_stmt 0 view .LVU570
 2205 0000 08B5     		push	{r3, lr}
 2206              	.LCFI35:
 2207              		.cfi_def_cfa_offset 8
 2208              		.cfi_offset 3, -8
 2209              		.cfi_offset 14, -4
1132:Core/Src/main.c ****   {
 2210              		.loc 1 1132 3 is_stmt 1 view .LVU571
1132:Core/Src/main.c ****   {
 2211              		.loc 1 1132 12 is_stmt 0 view .LVU572
 2212 0002 0368     		ldr	r3, [r0]
1132:Core/Src/main.c ****   {
 2213              		.loc 1 1132 6 view .LVU573
 2214 0004 0A4A     		ldr	r2, .L154
 2215 0006 9342     		cmp	r3, r2
 2216 0008 06D0     		beq	.L151
1136:Core/Src/main.c ****   {
 2217              		.loc 1 1136 8 is_stmt 1 view .LVU574
1136:Core/Src/main.c ****   {
 2218              		.loc 1 1136 11 is_stmt 0 view .LVU575
 2219 000a 0A4A     		ldr	r2, .L154+4
ARM GAS  C:\Users\40918\AppData\Local\Temp\ccc2gyMS.s 			page 72


 2220 000c 9342     		cmp	r3, r2
 2221 000e 07D0     		beq	.L152
1140:Core/Src/main.c ****   {
 2222              		.loc 1 1140 8 is_stmt 1 view .LVU576
1140:Core/Src/main.c ****   {
 2223              		.loc 1 1140 11 is_stmt 0 view .LVU577
 2224 0010 094A     		ldr	r2, .L154+8
 2225 0012 9342     		cmp	r3, r2
 2226 0014 08D0     		beq	.L153
 2227              	.LVL186:
 2228              	.L146:
1144:Core/Src/main.c **** 
 2229              		.loc 1 1144 1 view .LVU578
 2230 0016 08BD     		pop	{r3, pc}
 2231              	.LVL187:
 2232              	.L151:
1134:Core/Src/main.c ****   }
 2233              		.loc 1 1134 5 is_stmt 1 view .LVU579
 2234 0018 0848     		ldr	r0, .L154+12
 2235              	.LVL188:
1134:Core/Src/main.c ****   }
 2236              		.loc 1 1134 5 is_stmt 0 view .LVU580
 2237 001a FFF7FEFF 		bl	AppUsart1_OnTxCplt
 2238              	.LVL189:
 2239 001e FAE7     		b	.L146
 2240              	.LVL190:
 2241              	.L152:
1138:Core/Src/main.c ****   }
 2242              		.loc 1 1138 5 is_stmt 1 view .LVU581
 2243 0020 0748     		ldr	r0, .L154+16
 2244              	.LVL191:
1138:Core/Src/main.c ****   }
 2245              		.loc 1 1138 5 is_stmt 0 view .LVU582
 2246 0022 FFF7FEFF 		bl	AppModbusU2_OnTxCplt
 2247              	.LVL192:
 2248 0026 F6E7     		b	.L146
 2249              	.LVL193:
 2250              	.L153:
1142:Core/Src/main.c ****   }
 2251              		.loc 1 1142 5 is_stmt 1 view .LVU583
1142:Core/Src/main.c ****   }
 2252              		.loc 1 1142 20 is_stmt 0 view .LVU584
 2253 0028 064B     		ldr	r3, .L154+20
 2254 002a 0122     		movs	r2, #1
 2255 002c 1A70     		strb	r2, [r3]
1144:Core/Src/main.c **** 
 2256              		.loc 1 1144 1 view .LVU585
 2257 002e F2E7     		b	.L146
 2258              	.L155:
 2259              		.align	2
 2260              	.L154:
 2261 0030 00100140 		.word	1073811456
 2262 0034 00440040 		.word	1073759232
 2263 0038 00480040 		.word	1073760256
 2264 003c 00000000 		.word	g_usart1_ctx
 2265 0040 00000000 		.word	g_modbus_u2_ctx
 2266 0044 00000000 		.word	usart3_tx_done
ARM GAS  C:\Users\40918\AppData\Local\Temp\ccc2gyMS.s 			page 73


 2267              		.cfi_endproc
 2268              	.LFE270:
 2270              		.section	.text.HAL_UARTEx_RxEventCallback,"ax",%progbits
 2271              		.align	1
 2272              		.global	HAL_UARTEx_RxEventCallback
 2273              		.syntax unified
 2274              		.thumb
 2275              		.thumb_func
 2277              	HAL_UARTEx_RxEventCallback:
 2278              	.LVL194:
 2279              	.LFB271:
1147:Core/Src/main.c ****   if ((huart->Instance == USART1) && (Size > 0U))
 2280              		.loc 1 1147 1 is_stmt 1 view -0
 2281              		.cfi_startproc
 2282              		@ args = 0, pretend = 0, frame = 0
 2283              		@ frame_needed = 0, uses_anonymous_args = 0
1147:Core/Src/main.c ****   if ((huart->Instance == USART1) && (Size > 0U))
 2284              		.loc 1 1147 1 is_stmt 0 view .LVU587
 2285 0000 08B5     		push	{r3, lr}
 2286              	.LCFI36:
 2287              		.cfi_def_cfa_offset 8
 2288              		.cfi_offset 3, -8
 2289              		.cfi_offset 14, -4
1148:Core/Src/main.c ****   {
 2290              		.loc 1 1148 3 is_stmt 1 view .LVU588
1148:Core/Src/main.c ****   {
 2291              		.loc 1 1148 13 is_stmt 0 view .LVU589
 2292 0002 0368     		ldr	r3, [r0]
1148:Core/Src/main.c ****   {
 2293              		.loc 1 1148 6 view .LVU590
 2294 0004 094A     		ldr	r2, .L162
 2295 0006 9342     		cmp	r3, r2
 2296 0008 03D0     		beq	.L160
 2297              	.L157:
1153:Core/Src/main.c ****   {
 2298              		.loc 1 1153 8 is_stmt 1 view .LVU591
1153:Core/Src/main.c ****   {
 2299              		.loc 1 1153 11 is_stmt 0 view .LVU592
 2300 000a 094A     		ldr	r2, .L162+4
 2301 000c 9342     		cmp	r3, r2
 2302 000e 06D0     		beq	.L161
 2303              	.LVL195:
 2304              	.L156:
1157:Core/Src/main.c **** 
 2305              		.loc 1 1157 1 view .LVU593
 2306 0010 08BD     		pop	{r3, pc}
 2307              	.LVL196:
 2308              	.L160:
1148:Core/Src/main.c ****   {
 2309              		.loc 1 1148 35 discriminator 1 view .LVU594
 2310 0012 0029     		cmp	r1, #0
 2311 0014 F9D0     		beq	.L157
1151:Core/Src/main.c ****   }
 2312              		.loc 1 1151 5 is_stmt 1 view .LVU595
 2313 0016 0748     		ldr	r0, .L162+8
 2314              	.LVL197:
1151:Core/Src/main.c ****   }
ARM GAS  C:\Users\40918\AppData\Local\Temp\ccc2gyMS.s 			page 74


 2315              		.loc 1 1151 5 is_stmt 0 view .LVU596
 2316 0018 FFF7FEFF 		bl	AppUsart1_OnRxEvent
 2317              	.LVL198:
1151:Core/Src/main.c ****   }
 2318              		.loc 1 1151 5 view .LVU597
 2319 001c F8E7     		b	.L156
 2320              	.LVL199:
 2321              	.L161:
1153:Core/Src/main.c ****   {
 2322              		.loc 1 1153 40 discriminator 1 view .LVU598
 2323 001e 0029     		cmp	r1, #0
 2324 0020 F6D0     		beq	.L156
1155:Core/Src/main.c ****   }
 2325              		.loc 1 1155 5 is_stmt 1 view .LVU599
 2326 0022 0548     		ldr	r0, .L162+12
 2327              	.LVL200:
1155:Core/Src/main.c ****   }
 2328              		.loc 1 1155 5 is_stmt 0 view .LVU600
 2329 0024 FFF7FEFF 		bl	AppModbusU2_OnRxEvent
 2330              	.LVL201:
1157:Core/Src/main.c **** 
 2331              		.loc 1 1157 1 view .LVU601
 2332 0028 F2E7     		b	.L156
 2333              	.L163:
 2334 002a 00BF     		.align	2
 2335              	.L162:
 2336 002c 00100140 		.word	1073811456
 2337 0030 00440040 		.word	1073759232
 2338 0034 00000000 		.word	g_usart1_ctx
 2339 0038 00000000 		.word	g_modbus_u2_ctx
 2340              		.cfi_endproc
 2341              	.LFE271:
 2343              		.section	.text.HAL_UART_ErrorCallback,"ax",%progbits
 2344              		.align	1
 2345              		.global	HAL_UART_ErrorCallback
 2346              		.syntax unified
 2347              		.thumb
 2348              		.thumb_func
 2350              	HAL_UART_ErrorCallback:
 2351              	.LVL202:
 2352              	.LFB272:
1160:Core/Src/main.c ****   if (huart->Instance == USART1)
 2353              		.loc 1 1160 1 is_stmt 1 view -0
 2354              		.cfi_startproc
 2355              		@ args = 0, pretend = 0, frame = 0
 2356              		@ frame_needed = 0, uses_anonymous_args = 0
1160:Core/Src/main.c ****   if (huart->Instance == USART1)
 2357              		.loc 1 1160 1 is_stmt 0 view .LVU603
 2358 0000 08B5     		push	{r3, lr}
 2359              	.LCFI37:
 2360              		.cfi_def_cfa_offset 8
 2361              		.cfi_offset 3, -8
 2362              		.cfi_offset 14, -4
1161:Core/Src/main.c ****   {
 2363              		.loc 1 1161 3 is_stmt 1 view .LVU604
1161:Core/Src/main.c ****   {
 2364              		.loc 1 1161 12 is_stmt 0 view .LVU605
ARM GAS  C:\Users\40918\AppData\Local\Temp\ccc2gyMS.s 			page 75


 2365 0002 0368     		ldr	r3, [r0]
1161:Core/Src/main.c ****   {
 2366              		.loc 1 1161 6 view .LVU606
 2367 0004 074A     		ldr	r2, .L170
 2368 0006 9342     		cmp	r3, r2
 2369 0008 03D0     		beq	.L168
1166:Core/Src/main.c ****   {
 2370              		.loc 1 1166 8 is_stmt 1 view .LVU607
1166:Core/Src/main.c ****   {
 2371              		.loc 1 1166 11 is_stmt 0 view .LVU608
 2372 000a 074A     		ldr	r2, .L170+4
 2373 000c 9342     		cmp	r3, r2
 2374 000e 04D0     		beq	.L169
 2375              	.LVL203:
 2376              	.L164:
1170:Core/Src/main.c **** 
 2377              		.loc 1 1170 1 view .LVU609
 2378 0010 08BD     		pop	{r3, pc}
 2379              	.LVL204:
 2380              	.L168:
1164:Core/Src/main.c ****   }
 2381              		.loc 1 1164 5 is_stmt 1 view .LVU610
 2382 0012 0648     		ldr	r0, .L170+8
 2383              	.LVL205:
1164:Core/Src/main.c ****   }
 2384              		.loc 1 1164 5 is_stmt 0 view .LVU611
 2385 0014 FFF7FEFF 		bl	AppUsart1_OnError
 2386              	.LVL206:
 2387 0018 FAE7     		b	.L164
 2388              	.LVL207:
 2389              	.L169:
1168:Core/Src/main.c ****   }
 2390              		.loc 1 1168 5 is_stmt 1 view .LVU612
 2391 001a 0548     		ldr	r0, .L170+12
 2392              	.LVL208:
1168:Core/Src/main.c ****   }
 2393              		.loc 1 1168 5 is_stmt 0 view .LVU613
 2394 001c FFF7FEFF 		bl	AppModbusU2_OnError
 2395              	.LVL209:
1170:Core/Src/main.c **** 
 2396              		.loc 1 1170 1 view .LVU614
 2397 0020 F6E7     		b	.L164
 2398              	.L171:
 2399 0022 00BF     		.align	2
 2400              	.L170:
 2401 0024 00100140 		.word	1073811456
 2402 0028 00440040 		.word	1073759232
 2403 002c 00000000 		.word	g_usart1_ctx
 2404 0030 00000000 		.word	g_modbus_u2_ctx
 2405              		.cfi_endproc
 2406              	.LFE272:
 2408              		.section	.text.HAL_GPIO_EXTI_Callback,"ax",%progbits
 2409              		.align	1
 2410              		.global	HAL_GPIO_EXTI_Callback
 2411              		.syntax unified
 2412              		.thumb
 2413              		.thumb_func
ARM GAS  C:\Users\40918\AppData\Local\Temp\ccc2gyMS.s 			page 76


 2415              	HAL_GPIO_EXTI_Callback:
 2416              	.LVL210:
 2417              	.LFB281:
1401:Core/Src/main.c ****   }
1402:Core/Src/main.c **** }
1403:Core/Src/main.c **** 
1404:Core/Src/main.c **** void HAL_GPIO_EXTI_Callback(uint16_t GPIO_Pin)
1405:Core/Src/main.c **** {
 2418              		.loc 1 1405 1 is_stmt 1 view -0
 2419              		.cfi_startproc
 2420              		@ args = 0, pretend = 0, frame = 32
 2421              		@ frame_needed = 0, uses_anonymous_args = 0
1406:Core/Src/main.c ****   rpm_calc_result_t rpm_res;
 2422              		.loc 1 1406 3 view .LVU616
1407:Core/Src/main.c ****   if (GPIO_Pin == GPIO_PIN_1)
 2423              		.loc 1 1407 3 view .LVU617
 2424              		.loc 1 1407 6 is_stmt 0 view .LVU618
 2425 0000 0228     		cmp	r0, #2
 2426 0002 00D0     		beq	.L178
 2427 0004 7047     		bx	lr
 2428              	.L178:
1405:Core/Src/main.c ****   rpm_calc_result_t rpm_res;
 2429              		.loc 1 1405 1 view .LVU619
 2430 0006 10B5     		push	{r4, lr}
 2431              	.LCFI38:
 2432              		.cfi_def_cfa_offset 8
 2433              		.cfi_offset 4, -8
 2434              		.cfi_offset 14, -4
 2435 0008 88B0     		sub	sp, sp, #32
 2436              	.LCFI39:
 2437              		.cfi_def_cfa_offset 40
1408:Core/Src/main.c ****   {
1409:Core/Src/main.c ****     rpm_res = RPM_OnPulse(__HAL_TIM_GET_COUNTER(&htim5));
 2438              		.loc 1 1409 5 is_stmt 1 view .LVU620
 2439              		.loc 1 1409 27 is_stmt 0 view .LVU621
 2440 000a 0A4B     		ldr	r3, .L179
 2441 000c 1B68     		ldr	r3, [r3]
 2442 000e 596A     		ldr	r1, [r3, #36]
 2443              		.loc 1 1409 15 view .LVU622
 2444 0010 6C46     		mov	r4, sp
 2445 0012 2046     		mov	r0, r4
 2446              	.LVL211:
 2447              		.loc 1 1409 15 view .LVU623
 2448 0014 FFF7FEFF 		bl	RPM_OnPulse
 2449              	.LVL212:
 2450 0018 05AB     		add	r3, sp, #20
 2451 001a 94E80700 		ldm	r4, {r0, r1, r2}
 2452 001e 83E80700 		stm	r3, {r0, r1, r2}
1410:Core/Src/main.c ****     RpmUpdateSharedFromIsr(&rpm_res);
 2453              		.loc 1 1410 5 is_stmt 1 view .LVU624
 2454 0022 1846     		mov	r0, r3
 2455 0024 FFF7FEFF 		bl	RpmUpdateSharedFromIsr
 2456              	.LVL213:
1411:Core/Src/main.c ****     AppCalc_FeedRpm(rpm_res.rpm);
 2457              		.loc 1 1411 5 view .LVU625
 2458 0028 9DED050A 		vldr.32	s0, [sp, #20]
 2459 002c FFF7FEFF 		bl	AppCalc_FeedRpm
ARM GAS  C:\Users\40918\AppData\Local\Temp\ccc2gyMS.s 			page 77


 2460              	.LVL214:
1412:Core/Src/main.c ****   }
1413:Core/Src/main.c **** }
 2461              		.loc 1 1413 1 is_stmt 0 view .LVU626
 2462 0030 08B0     		add	sp, sp, #32
 2463              	.LCFI40:
 2464              		.cfi_def_cfa_offset 8
 2465              		@ sp needed
 2466 0032 10BD     		pop	{r4, pc}
 2467              	.L180:
 2468              		.align	2
 2469              	.L179:
 2470 0034 00000000 		.word	htim5
 2471              		.cfi_endproc
 2472              	.LFE281:
 2474              		.section	.text.HAL_TIM_PeriodElapsedCallback,"ax",%progbits
 2475              		.align	1
 2476              		.global	HAL_TIM_PeriodElapsedCallback
 2477              		.syntax unified
 2478              		.thumb
 2479              		.thumb_func
 2481              	HAL_TIM_PeriodElapsedCallback:
 2482              	.LVL215:
 2483              	.LFB282:
1414:Core/Src/main.c **** 
1415:Core/Src/main.c **** /**
1416:Core/Src/main.c ****   * @brief  Period elapsed callback in non blocking mode
1417:Core/Src/main.c ****   * @note   This function is called  when TIM6 interrupt took place, inside
1418:Core/Src/main.c ****   * HAL_TIM_IRQHandler(). It makes a direct call to HAL_IncTick() to increment
1419:Core/Src/main.c ****   * a global variable "uwTick" used as application time base.
1420:Core/Src/main.c ****   * @param  htim : TIM handle
1421:Core/Src/main.c ****   * @retval None
1422:Core/Src/main.c ****   */
1423:Core/Src/main.c **** void HAL_TIM_PeriodElapsedCallback(TIM_HandleTypeDef *htim)
1424:Core/Src/main.c **** {
 2484              		.loc 1 1424 1 is_stmt 1 view -0
 2485              		.cfi_startproc
 2486              		@ args = 0, pretend = 0, frame = 0
 2487              		@ frame_needed = 0, uses_anonymous_args = 0
 2488              		.loc 1 1424 1 is_stmt 0 view .LVU628
 2489 0000 08B5     		push	{r3, lr}
 2490              	.LCFI41:
 2491              		.cfi_def_cfa_offset 8
 2492              		.cfi_offset 3, -8
 2493              		.cfi_offset 14, -4
1425:Core/Src/main.c ****   /* USER CODE BEGIN Callback 0 */
1426:Core/Src/main.c **** 
1427:Core/Src/main.c ****   /* USER CODE END Callback 0 */
1428:Core/Src/main.c ****   if (htim->Instance == TIM6)
 2494              		.loc 1 1428 3 is_stmt 1 view .LVU629
 2495              		.loc 1 1428 11 is_stmt 0 view .LVU630
 2496 0002 0268     		ldr	r2, [r0]
 2497              		.loc 1 1428 6 view .LVU631
 2498 0004 034B     		ldr	r3, .L185
 2499 0006 9A42     		cmp	r2, r3
 2500 0008 00D0     		beq	.L184
 2501              	.LVL216:
ARM GAS  C:\Users\40918\AppData\Local\Temp\ccc2gyMS.s 			page 78


 2502              	.L181:
1429:Core/Src/main.c ****   {
1430:Core/Src/main.c ****     HAL_IncTick();
1431:Core/Src/main.c ****   }
1432:Core/Src/main.c ****   /* USER CODE BEGIN Callback 1 */
1433:Core/Src/main.c **** 
1434:Core/Src/main.c ****   /* USER CODE END Callback 1 */
1435:Core/Src/main.c **** }
 2503              		.loc 1 1435 1 view .LVU632
 2504 000a 08BD     		pop	{r3, pc}
 2505              	.LVL217:
 2506              	.L184:
1430:Core/Src/main.c ****   }
 2507              		.loc 1 1430 5 is_stmt 1 view .LVU633
 2508 000c FFF7FEFF 		bl	HAL_IncTick
 2509              	.LVL218:
 2510              		.loc 1 1435 1 is_stmt 0 view .LVU634
 2511 0010 FBE7     		b	.L181
 2512              	.L186:
 2513 0012 00BF     		.align	2
 2514              	.L185:
 2515 0014 00100040 		.word	1073745920
 2516              		.cfi_endproc
 2517              	.LFE282:
 2519              		.section	.text.Error_Handler,"ax",%progbits
 2520              		.align	1
 2521              		.global	Error_Handler
 2522              		.syntax unified
 2523              		.thumb
 2524              		.thumb_func
 2526              	Error_Handler:
 2527              	.LFB283:
1436:Core/Src/main.c **** 
1437:Core/Src/main.c **** /**
1438:Core/Src/main.c ****   * @brief  This function is executed in case of error occurrence.
1439:Core/Src/main.c ****   * @retval None
1440:Core/Src/main.c ****   */
1441:Core/Src/main.c **** void Error_Handler(void)
1442:Core/Src/main.c **** {
 2528              		.loc 1 1442 1 is_stmt 1 view -0
 2529              		.cfi_startproc
 2530              		@ Volatile: function does not return.
 2531              		@ args = 0, pretend = 0, frame = 0
 2532              		@ frame_needed = 0, uses_anonymous_args = 0
 2533              		@ link register save eliminated.
1443:Core/Src/main.c ****   /* USER CODE BEGIN Error_Handler_Debug */
1444:Core/Src/main.c ****   /* User can add his own implementation to report the HAL error return state */
1445:Core/Src/main.c ****   __disable_irq();
 2534              		.loc 1 1445 3 view .LVU636
 2535              	.LBB14:
 2536              	.LBI14:
 2537              		.file 2 "Drivers/CMSIS/Include/cmsis_gcc.h"
   1:Drivers/CMSIS/Include/cmsis_gcc.h **** /**************************************************************************//**
   2:Drivers/CMSIS/Include/cmsis_gcc.h ****  * @file     cmsis_gcc.h
   3:Drivers/CMSIS/Include/cmsis_gcc.h ****  * @brief    CMSIS compiler GCC header file
   4:Drivers/CMSIS/Include/cmsis_gcc.h ****  * @version  V5.4.1
   5:Drivers/CMSIS/Include/cmsis_gcc.h ****  * @date     27. May 2021
ARM GAS  C:\Users\40918\AppData\Local\Temp\ccc2gyMS.s 			page 79


   6:Drivers/CMSIS/Include/cmsis_gcc.h ****  ******************************************************************************/
   7:Drivers/CMSIS/Include/cmsis_gcc.h **** /*
   8:Drivers/CMSIS/Include/cmsis_gcc.h ****  * Copyright (c) 2009-2021 Arm Limited. All rights reserved.
   9:Drivers/CMSIS/Include/cmsis_gcc.h ****  *
  10:Drivers/CMSIS/Include/cmsis_gcc.h ****  * SPDX-License-Identifier: Apache-2.0
  11:Drivers/CMSIS/Include/cmsis_gcc.h ****  *
  12:Drivers/CMSIS/Include/cmsis_gcc.h ****  * Licensed under the Apache License, Version 2.0 (the License); you may
  13:Drivers/CMSIS/Include/cmsis_gcc.h ****  * not use this file except in compliance with the License.
  14:Drivers/CMSIS/Include/cmsis_gcc.h ****  * You may obtain a copy of the License at
  15:Drivers/CMSIS/Include/cmsis_gcc.h ****  *
  16:Drivers/CMSIS/Include/cmsis_gcc.h ****  * www.apache.org/licenses/LICENSE-2.0
  17:Drivers/CMSIS/Include/cmsis_gcc.h ****  *
  18:Drivers/CMSIS/Include/cmsis_gcc.h ****  * Unless required by applicable law or agreed to in writing, software
  19:Drivers/CMSIS/Include/cmsis_gcc.h ****  * distributed under the License is distributed on an AS IS BASIS, WITHOUT
  20:Drivers/CMSIS/Include/cmsis_gcc.h ****  * WARRANTIES OR CONDITIONS OF ANY KIND, either express or implied.
  21:Drivers/CMSIS/Include/cmsis_gcc.h ****  * See the License for the specific language governing permissions and
  22:Drivers/CMSIS/Include/cmsis_gcc.h ****  * limitations under the License.
  23:Drivers/CMSIS/Include/cmsis_gcc.h ****  */
  24:Drivers/CMSIS/Include/cmsis_gcc.h **** 
  25:Drivers/CMSIS/Include/cmsis_gcc.h **** #ifndef __CMSIS_GCC_H
  26:Drivers/CMSIS/Include/cmsis_gcc.h **** #define __CMSIS_GCC_H
  27:Drivers/CMSIS/Include/cmsis_gcc.h **** 
  28:Drivers/CMSIS/Include/cmsis_gcc.h **** /* ignore some GCC warnings */
  29:Drivers/CMSIS/Include/cmsis_gcc.h **** #pragma GCC diagnostic push
  30:Drivers/CMSIS/Include/cmsis_gcc.h **** #pragma GCC diagnostic ignored "-Wsign-conversion"
  31:Drivers/CMSIS/Include/cmsis_gcc.h **** #pragma GCC diagnostic ignored "-Wconversion"
  32:Drivers/CMSIS/Include/cmsis_gcc.h **** #pragma GCC diagnostic ignored "-Wunused-parameter"
  33:Drivers/CMSIS/Include/cmsis_gcc.h **** 
  34:Drivers/CMSIS/Include/cmsis_gcc.h **** /* Fallback for __has_builtin */
  35:Drivers/CMSIS/Include/cmsis_gcc.h **** #ifndef __has_builtin
  36:Drivers/CMSIS/Include/cmsis_gcc.h ****   #define __has_builtin(x) (0)
  37:Drivers/CMSIS/Include/cmsis_gcc.h **** #endif
  38:Drivers/CMSIS/Include/cmsis_gcc.h **** 
  39:Drivers/CMSIS/Include/cmsis_gcc.h **** /* CMSIS compiler specific defines */
  40:Drivers/CMSIS/Include/cmsis_gcc.h **** #ifndef   __ASM
  41:Drivers/CMSIS/Include/cmsis_gcc.h ****   #define __ASM                                  __asm
  42:Drivers/CMSIS/Include/cmsis_gcc.h **** #endif
  43:Drivers/CMSIS/Include/cmsis_gcc.h **** #ifndef   __INLINE
  44:Drivers/CMSIS/Include/cmsis_gcc.h ****   #define __INLINE                               inline
  45:Drivers/CMSIS/Include/cmsis_gcc.h **** #endif
  46:Drivers/CMSIS/Include/cmsis_gcc.h **** #ifndef   __STATIC_INLINE
  47:Drivers/CMSIS/Include/cmsis_gcc.h ****   #define __STATIC_INLINE                        static inline
  48:Drivers/CMSIS/Include/cmsis_gcc.h **** #endif
  49:Drivers/CMSIS/Include/cmsis_gcc.h **** #ifndef   __STATIC_FORCEINLINE
  50:Drivers/CMSIS/Include/cmsis_gcc.h ****   #define __STATIC_FORCEINLINE                   __attribute__((always_inline)) static inline
  51:Drivers/CMSIS/Include/cmsis_gcc.h **** #endif
  52:Drivers/CMSIS/Include/cmsis_gcc.h **** #ifndef   __NO_RETURN
  53:Drivers/CMSIS/Include/cmsis_gcc.h ****   #define __NO_RETURN                            __attribute__((__noreturn__))
  54:Drivers/CMSIS/Include/cmsis_gcc.h **** #endif
  55:Drivers/CMSIS/Include/cmsis_gcc.h **** #ifndef   __USED
  56:Drivers/CMSIS/Include/cmsis_gcc.h ****   #define __USED                                 __attribute__((used))
  57:Drivers/CMSIS/Include/cmsis_gcc.h **** #endif
  58:Drivers/CMSIS/Include/cmsis_gcc.h **** #ifndef   __WEAK
  59:Drivers/CMSIS/Include/cmsis_gcc.h ****   #define __WEAK                                 __attribute__((weak))
  60:Drivers/CMSIS/Include/cmsis_gcc.h **** #endif
  61:Drivers/CMSIS/Include/cmsis_gcc.h **** #ifndef   __PACKED
  62:Drivers/CMSIS/Include/cmsis_gcc.h ****   #define __PACKED                               __attribute__((packed, aligned(1)))
ARM GAS  C:\Users\40918\AppData\Local\Temp\ccc2gyMS.s 			page 80


  63:Drivers/CMSIS/Include/cmsis_gcc.h **** #endif
  64:Drivers/CMSIS/Include/cmsis_gcc.h **** #ifndef   __PACKED_STRUCT
  65:Drivers/CMSIS/Include/cmsis_gcc.h ****   #define __PACKED_STRUCT                        struct __attribute__((packed, aligned(1)))
  66:Drivers/CMSIS/Include/cmsis_gcc.h **** #endif
  67:Drivers/CMSIS/Include/cmsis_gcc.h **** #ifndef   __PACKED_UNION
  68:Drivers/CMSIS/Include/cmsis_gcc.h ****   #define __PACKED_UNION                         union __attribute__((packed, aligned(1)))
  69:Drivers/CMSIS/Include/cmsis_gcc.h **** #endif
  70:Drivers/CMSIS/Include/cmsis_gcc.h **** #ifndef   __UNALIGNED_UINT32        /* deprecated */
  71:Drivers/CMSIS/Include/cmsis_gcc.h ****   #pragma GCC diagnostic push
  72:Drivers/CMSIS/Include/cmsis_gcc.h ****   #pragma GCC diagnostic ignored "-Wpacked"
  73:Drivers/CMSIS/Include/cmsis_gcc.h ****   #pragma GCC diagnostic ignored "-Wattributes"
  74:Drivers/CMSIS/Include/cmsis_gcc.h ****   struct __attribute__((packed)) T_UINT32 { uint32_t v; };
  75:Drivers/CMSIS/Include/cmsis_gcc.h ****   #pragma GCC diagnostic pop
  76:Drivers/CMSIS/Include/cmsis_gcc.h ****   #define __UNALIGNED_UINT32(x)                  (((struct T_UINT32 *)(x))->v)
  77:Drivers/CMSIS/Include/cmsis_gcc.h **** #endif
  78:Drivers/CMSIS/Include/cmsis_gcc.h **** #ifndef   __UNALIGNED_UINT16_WRITE
  79:Drivers/CMSIS/Include/cmsis_gcc.h ****   #pragma GCC diagnostic push
  80:Drivers/CMSIS/Include/cmsis_gcc.h ****   #pragma GCC diagnostic ignored "-Wpacked"
  81:Drivers/CMSIS/Include/cmsis_gcc.h ****   #pragma GCC diagnostic ignored "-Wattributes"
  82:Drivers/CMSIS/Include/cmsis_gcc.h ****   __PACKED_STRUCT T_UINT16_WRITE { uint16_t v; };
  83:Drivers/CMSIS/Include/cmsis_gcc.h ****   #pragma GCC diagnostic pop
  84:Drivers/CMSIS/Include/cmsis_gcc.h ****   #define __UNALIGNED_UINT16_WRITE(addr, val)    (void)((((struct T_UINT16_WRITE *)(void *)(addr))-
  85:Drivers/CMSIS/Include/cmsis_gcc.h **** #endif
  86:Drivers/CMSIS/Include/cmsis_gcc.h **** #ifndef   __UNALIGNED_UINT16_READ
  87:Drivers/CMSIS/Include/cmsis_gcc.h ****   #pragma GCC diagnostic push
  88:Drivers/CMSIS/Include/cmsis_gcc.h ****   #pragma GCC diagnostic ignored "-Wpacked"
  89:Drivers/CMSIS/Include/cmsis_gcc.h ****   #pragma GCC diagnostic ignored "-Wattributes"
  90:Drivers/CMSIS/Include/cmsis_gcc.h ****   __PACKED_STRUCT T_UINT16_READ { uint16_t v; };
  91:Drivers/CMSIS/Include/cmsis_gcc.h ****   #pragma GCC diagnostic pop
  92:Drivers/CMSIS/Include/cmsis_gcc.h ****   #define __UNALIGNED_UINT16_READ(addr)          (((const struct T_UINT16_READ *)(const void *)(add
  93:Drivers/CMSIS/Include/cmsis_gcc.h **** #endif
  94:Drivers/CMSIS/Include/cmsis_gcc.h **** #ifndef   __UNALIGNED_UINT32_WRITE
  95:Drivers/CMSIS/Include/cmsis_gcc.h ****   #pragma GCC diagnostic push
  96:Drivers/CMSIS/Include/cmsis_gcc.h ****   #pragma GCC diagnostic ignored "-Wpacked"
  97:Drivers/CMSIS/Include/cmsis_gcc.h ****   #pragma GCC diagnostic ignored "-Wattributes"
  98:Drivers/CMSIS/Include/cmsis_gcc.h ****   __PACKED_STRUCT T_UINT32_WRITE { uint32_t v; };
  99:Drivers/CMSIS/Include/cmsis_gcc.h ****   #pragma GCC diagnostic pop
 100:Drivers/CMSIS/Include/cmsis_gcc.h ****   #define __UNALIGNED_UINT32_WRITE(addr, val)    (void)((((struct T_UINT32_WRITE *)(void *)(addr))-
 101:Drivers/CMSIS/Include/cmsis_gcc.h **** #endif
 102:Drivers/CMSIS/Include/cmsis_gcc.h **** #ifndef   __UNALIGNED_UINT32_READ
 103:Drivers/CMSIS/Include/cmsis_gcc.h ****   #pragma GCC diagnostic push
 104:Drivers/CMSIS/Include/cmsis_gcc.h ****   #pragma GCC diagnostic ignored "-Wpacked"
 105:Drivers/CMSIS/Include/cmsis_gcc.h ****   #pragma GCC diagnostic ignored "-Wattributes"
 106:Drivers/CMSIS/Include/cmsis_gcc.h ****   __PACKED_STRUCT T_UINT32_READ { uint32_t v; };
 107:Drivers/CMSIS/Include/cmsis_gcc.h ****   #pragma GCC diagnostic pop
 108:Drivers/CMSIS/Include/cmsis_gcc.h ****   #define __UNALIGNED_UINT32_READ(addr)          (((const struct T_UINT32_READ *)(const void *)(add
 109:Drivers/CMSIS/Include/cmsis_gcc.h **** #endif
 110:Drivers/CMSIS/Include/cmsis_gcc.h **** #ifndef   __ALIGNED
 111:Drivers/CMSIS/Include/cmsis_gcc.h ****   #define __ALIGNED(x)                           __attribute__((aligned(x)))
 112:Drivers/CMSIS/Include/cmsis_gcc.h **** #endif
 113:Drivers/CMSIS/Include/cmsis_gcc.h **** #ifndef   __RESTRICT
 114:Drivers/CMSIS/Include/cmsis_gcc.h ****   #define __RESTRICT                             __restrict
 115:Drivers/CMSIS/Include/cmsis_gcc.h **** #endif
 116:Drivers/CMSIS/Include/cmsis_gcc.h **** #ifndef   __COMPILER_BARRIER
 117:Drivers/CMSIS/Include/cmsis_gcc.h ****   #define __COMPILER_BARRIER()                   __ASM volatile("":::"memory")
 118:Drivers/CMSIS/Include/cmsis_gcc.h **** #endif
 119:Drivers/CMSIS/Include/cmsis_gcc.h **** 
ARM GAS  C:\Users\40918\AppData\Local\Temp\ccc2gyMS.s 			page 81


 120:Drivers/CMSIS/Include/cmsis_gcc.h **** /* #########################  Startup and Lowlevel Init  ######################## */
 121:Drivers/CMSIS/Include/cmsis_gcc.h **** 
 122:Drivers/CMSIS/Include/cmsis_gcc.h **** #ifndef __PROGRAM_START
 123:Drivers/CMSIS/Include/cmsis_gcc.h **** 
 124:Drivers/CMSIS/Include/cmsis_gcc.h **** /**
 125:Drivers/CMSIS/Include/cmsis_gcc.h ****   \brief   Initializes data and bss sections
 126:Drivers/CMSIS/Include/cmsis_gcc.h ****   \details This default implementations initialized all data and additional bss
 127:Drivers/CMSIS/Include/cmsis_gcc.h ****            sections relying on .copy.table and .zero.table specified properly
 128:Drivers/CMSIS/Include/cmsis_gcc.h ****            in the used linker script.
 129:Drivers/CMSIS/Include/cmsis_gcc.h **** 
 130:Drivers/CMSIS/Include/cmsis_gcc.h ****  */
 131:Drivers/CMSIS/Include/cmsis_gcc.h **** __STATIC_FORCEINLINE __NO_RETURN void __cmsis_start(void)
 132:Drivers/CMSIS/Include/cmsis_gcc.h **** {
 133:Drivers/CMSIS/Include/cmsis_gcc.h ****   extern void _start(void) __NO_RETURN;
 134:Drivers/CMSIS/Include/cmsis_gcc.h **** 
 135:Drivers/CMSIS/Include/cmsis_gcc.h ****   typedef struct {
 136:Drivers/CMSIS/Include/cmsis_gcc.h ****     uint32_t const* src;
 137:Drivers/CMSIS/Include/cmsis_gcc.h ****     uint32_t* dest;
 138:Drivers/CMSIS/Include/cmsis_gcc.h ****     uint32_t  wlen;
 139:Drivers/CMSIS/Include/cmsis_gcc.h ****   } __copy_table_t;
 140:Drivers/CMSIS/Include/cmsis_gcc.h **** 
 141:Drivers/CMSIS/Include/cmsis_gcc.h ****   typedef struct {
 142:Drivers/CMSIS/Include/cmsis_gcc.h ****     uint32_t* dest;
 143:Drivers/CMSIS/Include/cmsis_gcc.h ****     uint32_t  wlen;
 144:Drivers/CMSIS/Include/cmsis_gcc.h ****   } __zero_table_t;
 145:Drivers/CMSIS/Include/cmsis_gcc.h **** 
 146:Drivers/CMSIS/Include/cmsis_gcc.h ****   extern const __copy_table_t __copy_table_start__;
 147:Drivers/CMSIS/Include/cmsis_gcc.h ****   extern const __copy_table_t __copy_table_end__;
 148:Drivers/CMSIS/Include/cmsis_gcc.h ****   extern const __zero_table_t __zero_table_start__;
 149:Drivers/CMSIS/Include/cmsis_gcc.h ****   extern const __zero_table_t __zero_table_end__;
 150:Drivers/CMSIS/Include/cmsis_gcc.h **** 
 151:Drivers/CMSIS/Include/cmsis_gcc.h ****   for (__copy_table_t const* pTable = &__copy_table_start__; pTable < &__copy_table_end__; ++pTable
 152:Drivers/CMSIS/Include/cmsis_gcc.h ****     for(uint32_t i=0u; i<pTable->wlen; ++i) {
 153:Drivers/CMSIS/Include/cmsis_gcc.h ****       pTable->dest[i] = pTable->src[i];
 154:Drivers/CMSIS/Include/cmsis_gcc.h ****     }
 155:Drivers/CMSIS/Include/cmsis_gcc.h ****   }
 156:Drivers/CMSIS/Include/cmsis_gcc.h **** 
 157:Drivers/CMSIS/Include/cmsis_gcc.h ****   for (__zero_table_t const* pTable = &__zero_table_start__; pTable < &__zero_table_end__; ++pTable
 158:Drivers/CMSIS/Include/cmsis_gcc.h ****     for(uint32_t i=0u; i<pTable->wlen; ++i) {
 159:Drivers/CMSIS/Include/cmsis_gcc.h ****       pTable->dest[i] = 0u;
 160:Drivers/CMSIS/Include/cmsis_gcc.h ****     }
 161:Drivers/CMSIS/Include/cmsis_gcc.h ****   }
 162:Drivers/CMSIS/Include/cmsis_gcc.h **** 
 163:Drivers/CMSIS/Include/cmsis_gcc.h ****   _start();
 164:Drivers/CMSIS/Include/cmsis_gcc.h **** }
 165:Drivers/CMSIS/Include/cmsis_gcc.h **** 
 166:Drivers/CMSIS/Include/cmsis_gcc.h **** #define __PROGRAM_START           __cmsis_start
 167:Drivers/CMSIS/Include/cmsis_gcc.h **** #endif
 168:Drivers/CMSIS/Include/cmsis_gcc.h **** 
 169:Drivers/CMSIS/Include/cmsis_gcc.h **** #ifndef __INITIAL_SP
 170:Drivers/CMSIS/Include/cmsis_gcc.h **** #define __INITIAL_SP              __StackTop
 171:Drivers/CMSIS/Include/cmsis_gcc.h **** #endif
 172:Drivers/CMSIS/Include/cmsis_gcc.h **** 
 173:Drivers/CMSIS/Include/cmsis_gcc.h **** #ifndef __STACK_LIMIT
 174:Drivers/CMSIS/Include/cmsis_gcc.h **** #define __STACK_LIMIT             __StackLimit
 175:Drivers/CMSIS/Include/cmsis_gcc.h **** #endif
 176:Drivers/CMSIS/Include/cmsis_gcc.h **** 
ARM GAS  C:\Users\40918\AppData\Local\Temp\ccc2gyMS.s 			page 82


 177:Drivers/CMSIS/Include/cmsis_gcc.h **** #ifndef __VECTOR_TABLE
 178:Drivers/CMSIS/Include/cmsis_gcc.h **** #define __VECTOR_TABLE            __Vectors
 179:Drivers/CMSIS/Include/cmsis_gcc.h **** #endif
 180:Drivers/CMSIS/Include/cmsis_gcc.h **** 
 181:Drivers/CMSIS/Include/cmsis_gcc.h **** #ifndef __VECTOR_TABLE_ATTRIBUTE
 182:Drivers/CMSIS/Include/cmsis_gcc.h **** #define __VECTOR_TABLE_ATTRIBUTE  __attribute__((used, section(".vectors")))
 183:Drivers/CMSIS/Include/cmsis_gcc.h **** #endif
 184:Drivers/CMSIS/Include/cmsis_gcc.h **** 
 185:Drivers/CMSIS/Include/cmsis_gcc.h **** #if defined (__ARM_FEATURE_CMSE) && (__ARM_FEATURE_CMSE == 3U)
 186:Drivers/CMSIS/Include/cmsis_gcc.h **** #ifndef __STACK_SEAL
 187:Drivers/CMSIS/Include/cmsis_gcc.h **** #define __STACK_SEAL              __StackSeal
 188:Drivers/CMSIS/Include/cmsis_gcc.h **** #endif
 189:Drivers/CMSIS/Include/cmsis_gcc.h **** 
 190:Drivers/CMSIS/Include/cmsis_gcc.h **** #ifndef __TZ_STACK_SEAL_SIZE
 191:Drivers/CMSIS/Include/cmsis_gcc.h **** #define __TZ_STACK_SEAL_SIZE      8U
 192:Drivers/CMSIS/Include/cmsis_gcc.h **** #endif
 193:Drivers/CMSIS/Include/cmsis_gcc.h **** 
 194:Drivers/CMSIS/Include/cmsis_gcc.h **** #ifndef __TZ_STACK_SEAL_VALUE
 195:Drivers/CMSIS/Include/cmsis_gcc.h **** #define __TZ_STACK_SEAL_VALUE     0xFEF5EDA5FEF5EDA5ULL
 196:Drivers/CMSIS/Include/cmsis_gcc.h **** #endif
 197:Drivers/CMSIS/Include/cmsis_gcc.h **** 
 198:Drivers/CMSIS/Include/cmsis_gcc.h **** 
 199:Drivers/CMSIS/Include/cmsis_gcc.h **** __STATIC_FORCEINLINE void __TZ_set_STACKSEAL_S (uint32_t* stackTop) {
 200:Drivers/CMSIS/Include/cmsis_gcc.h ****   *((uint64_t *)stackTop) = __TZ_STACK_SEAL_VALUE;
 201:Drivers/CMSIS/Include/cmsis_gcc.h **** }
 202:Drivers/CMSIS/Include/cmsis_gcc.h **** #endif
 203:Drivers/CMSIS/Include/cmsis_gcc.h **** 
 204:Drivers/CMSIS/Include/cmsis_gcc.h **** 
 205:Drivers/CMSIS/Include/cmsis_gcc.h **** /* ##########################  Core Instruction Access  ######################### */
 206:Drivers/CMSIS/Include/cmsis_gcc.h **** /** \defgroup CMSIS_Core_InstructionInterface CMSIS Core Instruction Interface
 207:Drivers/CMSIS/Include/cmsis_gcc.h ****   Access to dedicated instructions
 208:Drivers/CMSIS/Include/cmsis_gcc.h ****   @{
 209:Drivers/CMSIS/Include/cmsis_gcc.h **** */
 210:Drivers/CMSIS/Include/cmsis_gcc.h **** 
 211:Drivers/CMSIS/Include/cmsis_gcc.h **** /* Define macros for porting to both thumb1 and thumb2.
 212:Drivers/CMSIS/Include/cmsis_gcc.h ****  * For thumb1, use low register (r0-r7), specified by constraint "l"
 213:Drivers/CMSIS/Include/cmsis_gcc.h ****  * Otherwise, use general registers, specified by constraint "r" */
 214:Drivers/CMSIS/Include/cmsis_gcc.h **** #if defined (__thumb__) && !defined (__thumb2__)
 215:Drivers/CMSIS/Include/cmsis_gcc.h **** #define __CMSIS_GCC_OUT_REG(r) "=l" (r)
 216:Drivers/CMSIS/Include/cmsis_gcc.h **** #define __CMSIS_GCC_RW_REG(r) "+l" (r)
 217:Drivers/CMSIS/Include/cmsis_gcc.h **** #define __CMSIS_GCC_USE_REG(r) "l" (r)
 218:Drivers/CMSIS/Include/cmsis_gcc.h **** #else
 219:Drivers/CMSIS/Include/cmsis_gcc.h **** #define __CMSIS_GCC_OUT_REG(r) "=r" (r)
 220:Drivers/CMSIS/Include/cmsis_gcc.h **** #define __CMSIS_GCC_RW_REG(r) "+r" (r)
 221:Drivers/CMSIS/Include/cmsis_gcc.h **** #define __CMSIS_GCC_USE_REG(r) "r" (r)
 222:Drivers/CMSIS/Include/cmsis_gcc.h **** #endif
 223:Drivers/CMSIS/Include/cmsis_gcc.h **** 
 224:Drivers/CMSIS/Include/cmsis_gcc.h **** /**
 225:Drivers/CMSIS/Include/cmsis_gcc.h ****   \brief   No Operation
 226:Drivers/CMSIS/Include/cmsis_gcc.h ****   \details No Operation does nothing. This instruction can be used for code alignment purposes.
 227:Drivers/CMSIS/Include/cmsis_gcc.h ****  */
 228:Drivers/CMSIS/Include/cmsis_gcc.h **** #define __NOP()                             __ASM volatile ("nop")
 229:Drivers/CMSIS/Include/cmsis_gcc.h **** 
 230:Drivers/CMSIS/Include/cmsis_gcc.h **** /**
 231:Drivers/CMSIS/Include/cmsis_gcc.h ****   \brief   Wait For Interrupt
 232:Drivers/CMSIS/Include/cmsis_gcc.h ****   \details Wait For Interrupt is a hint instruction that suspends execution until one of a number o
 233:Drivers/CMSIS/Include/cmsis_gcc.h ****  */
ARM GAS  C:\Users\40918\AppData\Local\Temp\ccc2gyMS.s 			page 83


 234:Drivers/CMSIS/Include/cmsis_gcc.h **** #define __WFI()                             __ASM volatile ("wfi":::"memory")
 235:Drivers/CMSIS/Include/cmsis_gcc.h **** 
 236:Drivers/CMSIS/Include/cmsis_gcc.h **** 
 237:Drivers/CMSIS/Include/cmsis_gcc.h **** /**
 238:Drivers/CMSIS/Include/cmsis_gcc.h ****   \brief   Wait For Event
 239:Drivers/CMSIS/Include/cmsis_gcc.h ****   \details Wait For Event is a hint instruction that permits the processor to enter
 240:Drivers/CMSIS/Include/cmsis_gcc.h ****            a low-power state until one of a number of events occurs.
 241:Drivers/CMSIS/Include/cmsis_gcc.h ****  */
 242:Drivers/CMSIS/Include/cmsis_gcc.h **** #define __WFE()                             __ASM volatile ("wfe":::"memory")
 243:Drivers/CMSIS/Include/cmsis_gcc.h **** 
 244:Drivers/CMSIS/Include/cmsis_gcc.h **** 
 245:Drivers/CMSIS/Include/cmsis_gcc.h **** /**
 246:Drivers/CMSIS/Include/cmsis_gcc.h ****   \brief   Send Event
 247:Drivers/CMSIS/Include/cmsis_gcc.h ****   \details Send Event is a hint instruction. It causes an event to be signaled to the CPU.
 248:Drivers/CMSIS/Include/cmsis_gcc.h ****  */
 249:Drivers/CMSIS/Include/cmsis_gcc.h **** #define __SEV()                             __ASM volatile ("sev")
 250:Drivers/CMSIS/Include/cmsis_gcc.h **** 
 251:Drivers/CMSIS/Include/cmsis_gcc.h **** 
 252:Drivers/CMSIS/Include/cmsis_gcc.h **** /**
 253:Drivers/CMSIS/Include/cmsis_gcc.h ****   \brief   Instruction Synchronization Barrier
 254:Drivers/CMSIS/Include/cmsis_gcc.h ****   \details Instruction Synchronization Barrier flushes the pipeline in the processor,
 255:Drivers/CMSIS/Include/cmsis_gcc.h ****            so that all instructions following the ISB are fetched from cache or memory,
 256:Drivers/CMSIS/Include/cmsis_gcc.h ****            after the instruction has been completed.
 257:Drivers/CMSIS/Include/cmsis_gcc.h ****  */
 258:Drivers/CMSIS/Include/cmsis_gcc.h **** __STATIC_FORCEINLINE void __ISB(void)
 259:Drivers/CMSIS/Include/cmsis_gcc.h **** {
 260:Drivers/CMSIS/Include/cmsis_gcc.h ****   __ASM volatile ("isb 0xF":::"memory");
 261:Drivers/CMSIS/Include/cmsis_gcc.h **** }
 262:Drivers/CMSIS/Include/cmsis_gcc.h **** 
 263:Drivers/CMSIS/Include/cmsis_gcc.h **** 
 264:Drivers/CMSIS/Include/cmsis_gcc.h **** /**
 265:Drivers/CMSIS/Include/cmsis_gcc.h ****   \brief   Data Synchronization Barrier
 266:Drivers/CMSIS/Include/cmsis_gcc.h ****   \details Acts as a special kind of Data Memory Barrier.
 267:Drivers/CMSIS/Include/cmsis_gcc.h ****            It completes when all explicit memory accesses before this instruction complete.
 268:Drivers/CMSIS/Include/cmsis_gcc.h ****  */
 269:Drivers/CMSIS/Include/cmsis_gcc.h **** __STATIC_FORCEINLINE void __DSB(void)
 270:Drivers/CMSIS/Include/cmsis_gcc.h **** {
 271:Drivers/CMSIS/Include/cmsis_gcc.h ****   __ASM volatile ("dsb 0xF":::"memory");
 272:Drivers/CMSIS/Include/cmsis_gcc.h **** }
 273:Drivers/CMSIS/Include/cmsis_gcc.h **** 
 274:Drivers/CMSIS/Include/cmsis_gcc.h **** 
 275:Drivers/CMSIS/Include/cmsis_gcc.h **** /**
 276:Drivers/CMSIS/Include/cmsis_gcc.h ****   \brief   Data Memory Barrier
 277:Drivers/CMSIS/Include/cmsis_gcc.h ****   \details Ensures the apparent order of the explicit memory operations before
 278:Drivers/CMSIS/Include/cmsis_gcc.h ****            and after the instruction, without ensuring their completion.
 279:Drivers/CMSIS/Include/cmsis_gcc.h ****  */
 280:Drivers/CMSIS/Include/cmsis_gcc.h **** __STATIC_FORCEINLINE void __DMB(void)
 281:Drivers/CMSIS/Include/cmsis_gcc.h **** {
 282:Drivers/CMSIS/Include/cmsis_gcc.h ****   __ASM volatile ("dmb 0xF":::"memory");
 283:Drivers/CMSIS/Include/cmsis_gcc.h **** }
 284:Drivers/CMSIS/Include/cmsis_gcc.h **** 
 285:Drivers/CMSIS/Include/cmsis_gcc.h **** 
 286:Drivers/CMSIS/Include/cmsis_gcc.h **** /**
 287:Drivers/CMSIS/Include/cmsis_gcc.h ****   \brief   Reverse byte order (32 bit)
 288:Drivers/CMSIS/Include/cmsis_gcc.h ****   \details Reverses the byte order in unsigned integer value. For example, 0x12345678 becomes 0x785
 289:Drivers/CMSIS/Include/cmsis_gcc.h ****   \param [in]    value  Value to reverse
 290:Drivers/CMSIS/Include/cmsis_gcc.h ****   \return               Reversed value
ARM GAS  C:\Users\40918\AppData\Local\Temp\ccc2gyMS.s 			page 84


 291:Drivers/CMSIS/Include/cmsis_gcc.h ****  */
 292:Drivers/CMSIS/Include/cmsis_gcc.h **** __STATIC_FORCEINLINE uint32_t __REV(uint32_t value)
 293:Drivers/CMSIS/Include/cmsis_gcc.h **** {
 294:Drivers/CMSIS/Include/cmsis_gcc.h **** #if (__GNUC__ > 4) || (__GNUC__ == 4 && __GNUC_MINOR__ >= 5)
 295:Drivers/CMSIS/Include/cmsis_gcc.h ****   return __builtin_bswap32(value);
 296:Drivers/CMSIS/Include/cmsis_gcc.h **** #else
 297:Drivers/CMSIS/Include/cmsis_gcc.h ****   uint32_t result;
 298:Drivers/CMSIS/Include/cmsis_gcc.h **** 
 299:Drivers/CMSIS/Include/cmsis_gcc.h ****   __ASM ("rev %0, %1" : __CMSIS_GCC_OUT_REG (result) : __CMSIS_GCC_USE_REG (value) );
 300:Drivers/CMSIS/Include/cmsis_gcc.h ****   return result;
 301:Drivers/CMSIS/Include/cmsis_gcc.h **** #endif
 302:Drivers/CMSIS/Include/cmsis_gcc.h **** }
 303:Drivers/CMSIS/Include/cmsis_gcc.h **** 
 304:Drivers/CMSIS/Include/cmsis_gcc.h **** 
 305:Drivers/CMSIS/Include/cmsis_gcc.h **** /**
 306:Drivers/CMSIS/Include/cmsis_gcc.h ****   \brief   Reverse byte order (16 bit)
 307:Drivers/CMSIS/Include/cmsis_gcc.h ****   \details Reverses the byte order within each halfword of a word. For example, 0x12345678 becomes 
 308:Drivers/CMSIS/Include/cmsis_gcc.h ****   \param [in]    value  Value to reverse
 309:Drivers/CMSIS/Include/cmsis_gcc.h ****   \return               Reversed value
 310:Drivers/CMSIS/Include/cmsis_gcc.h ****  */
 311:Drivers/CMSIS/Include/cmsis_gcc.h **** __STATIC_FORCEINLINE uint32_t __REV16(uint32_t value)
 312:Drivers/CMSIS/Include/cmsis_gcc.h **** {
 313:Drivers/CMSIS/Include/cmsis_gcc.h ****   uint32_t result;
 314:Drivers/CMSIS/Include/cmsis_gcc.h **** 
 315:Drivers/CMSIS/Include/cmsis_gcc.h ****   __ASM ("rev16 %0, %1" : __CMSIS_GCC_OUT_REG (result) : __CMSIS_GCC_USE_REG (value) );
 316:Drivers/CMSIS/Include/cmsis_gcc.h ****   return result;
 317:Drivers/CMSIS/Include/cmsis_gcc.h **** }
 318:Drivers/CMSIS/Include/cmsis_gcc.h **** 
 319:Drivers/CMSIS/Include/cmsis_gcc.h **** 
 320:Drivers/CMSIS/Include/cmsis_gcc.h **** /**
 321:Drivers/CMSIS/Include/cmsis_gcc.h ****   \brief   Reverse byte order (16 bit)
 322:Drivers/CMSIS/Include/cmsis_gcc.h ****   \details Reverses the byte order in a 16-bit value and returns the signed 16-bit result. For exam
 323:Drivers/CMSIS/Include/cmsis_gcc.h ****   \param [in]    value  Value to reverse
 324:Drivers/CMSIS/Include/cmsis_gcc.h ****   \return               Reversed value
 325:Drivers/CMSIS/Include/cmsis_gcc.h ****  */
 326:Drivers/CMSIS/Include/cmsis_gcc.h **** __STATIC_FORCEINLINE int16_t __REVSH(int16_t value)
 327:Drivers/CMSIS/Include/cmsis_gcc.h **** {
 328:Drivers/CMSIS/Include/cmsis_gcc.h **** #if (__GNUC__ > 4) || (__GNUC__ == 4 && __GNUC_MINOR__ >= 8)
 329:Drivers/CMSIS/Include/cmsis_gcc.h ****   return (int16_t)__builtin_bswap16(value);
 330:Drivers/CMSIS/Include/cmsis_gcc.h **** #else
 331:Drivers/CMSIS/Include/cmsis_gcc.h ****   int16_t result;
 332:Drivers/CMSIS/Include/cmsis_gcc.h **** 
 333:Drivers/CMSIS/Include/cmsis_gcc.h ****   __ASM ("revsh %0, %1" : __CMSIS_GCC_OUT_REG (result) : __CMSIS_GCC_USE_REG (value) );
 334:Drivers/CMSIS/Include/cmsis_gcc.h ****   return result;
 335:Drivers/CMSIS/Include/cmsis_gcc.h **** #endif
 336:Drivers/CMSIS/Include/cmsis_gcc.h **** }
 337:Drivers/CMSIS/Include/cmsis_gcc.h **** 
 338:Drivers/CMSIS/Include/cmsis_gcc.h **** 
 339:Drivers/CMSIS/Include/cmsis_gcc.h **** /**
 340:Drivers/CMSIS/Include/cmsis_gcc.h ****   \brief   Rotate Right in unsigned value (32 bit)
 341:Drivers/CMSIS/Include/cmsis_gcc.h ****   \details Rotate Right (immediate) provides the value of the contents of a register rotated by a v
 342:Drivers/CMSIS/Include/cmsis_gcc.h ****   \param [in]    op1  Value to rotate
 343:Drivers/CMSIS/Include/cmsis_gcc.h ****   \param [in]    op2  Number of Bits to rotate
 344:Drivers/CMSIS/Include/cmsis_gcc.h ****   \return               Rotated value
 345:Drivers/CMSIS/Include/cmsis_gcc.h ****  */
 346:Drivers/CMSIS/Include/cmsis_gcc.h **** __STATIC_FORCEINLINE uint32_t __ROR(uint32_t op1, uint32_t op2)
 347:Drivers/CMSIS/Include/cmsis_gcc.h **** {
ARM GAS  C:\Users\40918\AppData\Local\Temp\ccc2gyMS.s 			page 85


 348:Drivers/CMSIS/Include/cmsis_gcc.h ****   op2 %= 32U;
 349:Drivers/CMSIS/Include/cmsis_gcc.h ****   if (op2 == 0U)
 350:Drivers/CMSIS/Include/cmsis_gcc.h ****   {
 351:Drivers/CMSIS/Include/cmsis_gcc.h ****     return op1;
 352:Drivers/CMSIS/Include/cmsis_gcc.h ****   }
 353:Drivers/CMSIS/Include/cmsis_gcc.h ****   return (op1 >> op2) | (op1 << (32U - op2));
 354:Drivers/CMSIS/Include/cmsis_gcc.h **** }
 355:Drivers/CMSIS/Include/cmsis_gcc.h **** 
 356:Drivers/CMSIS/Include/cmsis_gcc.h **** 
 357:Drivers/CMSIS/Include/cmsis_gcc.h **** /**
 358:Drivers/CMSIS/Include/cmsis_gcc.h ****   \brief   Breakpoint
 359:Drivers/CMSIS/Include/cmsis_gcc.h ****   \details Causes the processor to enter Debug state.
 360:Drivers/CMSIS/Include/cmsis_gcc.h ****            Debug tools can use this to investigate system state when the instruction at a particula
 361:Drivers/CMSIS/Include/cmsis_gcc.h ****   \param [in]    value  is ignored by the processor.
 362:Drivers/CMSIS/Include/cmsis_gcc.h ****                  If required, a debugger can use it to store additional information about the break
 363:Drivers/CMSIS/Include/cmsis_gcc.h ****  */
 364:Drivers/CMSIS/Include/cmsis_gcc.h **** #define __BKPT(value)                       __ASM volatile ("bkpt "#value)
 365:Drivers/CMSIS/Include/cmsis_gcc.h **** 
 366:Drivers/CMSIS/Include/cmsis_gcc.h **** 
 367:Drivers/CMSIS/Include/cmsis_gcc.h **** /**
 368:Drivers/CMSIS/Include/cmsis_gcc.h ****   \brief   Reverse bit order of value
 369:Drivers/CMSIS/Include/cmsis_gcc.h ****   \details Reverses the bit order of the given value.
 370:Drivers/CMSIS/Include/cmsis_gcc.h ****   \param [in]    value  Value to reverse
 371:Drivers/CMSIS/Include/cmsis_gcc.h ****   \return               Reversed value
 372:Drivers/CMSIS/Include/cmsis_gcc.h ****  */
 373:Drivers/CMSIS/Include/cmsis_gcc.h **** __STATIC_FORCEINLINE uint32_t __RBIT(uint32_t value)
 374:Drivers/CMSIS/Include/cmsis_gcc.h **** {
 375:Drivers/CMSIS/Include/cmsis_gcc.h ****   uint32_t result;
 376:Drivers/CMSIS/Include/cmsis_gcc.h **** 
 377:Drivers/CMSIS/Include/cmsis_gcc.h **** #if ((defined (__ARM_ARCH_7M__      ) && (__ARM_ARCH_7M__      == 1)) || \
 378:Drivers/CMSIS/Include/cmsis_gcc.h ****      (defined (__ARM_ARCH_7EM__     ) && (__ARM_ARCH_7EM__     == 1)) || \
 379:Drivers/CMSIS/Include/cmsis_gcc.h ****      (defined (__ARM_ARCH_8M_MAIN__ ) && (__ARM_ARCH_8M_MAIN__ == 1))    )
 380:Drivers/CMSIS/Include/cmsis_gcc.h ****    __ASM ("rbit %0, %1" : "=r" (result) : "r" (value) );
 381:Drivers/CMSIS/Include/cmsis_gcc.h **** #else
 382:Drivers/CMSIS/Include/cmsis_gcc.h ****   uint32_t s = (4U /*sizeof(v)*/ * 8U) - 1U; /* extra shift needed at end */
 383:Drivers/CMSIS/Include/cmsis_gcc.h **** 
 384:Drivers/CMSIS/Include/cmsis_gcc.h ****   result = value;                      /* r will be reversed bits of v; first get LSB of v */
 385:Drivers/CMSIS/Include/cmsis_gcc.h ****   for (value >>= 1U; value != 0U; value >>= 1U)
 386:Drivers/CMSIS/Include/cmsis_gcc.h ****   {
 387:Drivers/CMSIS/Include/cmsis_gcc.h ****     result <<= 1U;
 388:Drivers/CMSIS/Include/cmsis_gcc.h ****     result |= value & 1U;
 389:Drivers/CMSIS/Include/cmsis_gcc.h ****     s--;
 390:Drivers/CMSIS/Include/cmsis_gcc.h ****   }
 391:Drivers/CMSIS/Include/cmsis_gcc.h ****   result <<= s;                        /* shift when v's highest bits are zero */
 392:Drivers/CMSIS/Include/cmsis_gcc.h **** #endif
 393:Drivers/CMSIS/Include/cmsis_gcc.h ****   return result;
 394:Drivers/CMSIS/Include/cmsis_gcc.h **** }
 395:Drivers/CMSIS/Include/cmsis_gcc.h **** 
 396:Drivers/CMSIS/Include/cmsis_gcc.h **** 
 397:Drivers/CMSIS/Include/cmsis_gcc.h **** /**
 398:Drivers/CMSIS/Include/cmsis_gcc.h ****   \brief   Count leading zeros
 399:Drivers/CMSIS/Include/cmsis_gcc.h ****   \details Counts the number of leading zeros of a data value.
 400:Drivers/CMSIS/Include/cmsis_gcc.h ****   \param [in]  value  Value to count the leading zeros
 401:Drivers/CMSIS/Include/cmsis_gcc.h ****   \return             number of leading zeros in value
 402:Drivers/CMSIS/Include/cmsis_gcc.h ****  */
 403:Drivers/CMSIS/Include/cmsis_gcc.h **** __STATIC_FORCEINLINE uint8_t __CLZ(uint32_t value)
 404:Drivers/CMSIS/Include/cmsis_gcc.h **** {
ARM GAS  C:\Users\40918\AppData\Local\Temp\ccc2gyMS.s 			page 86


 405:Drivers/CMSIS/Include/cmsis_gcc.h ****   /* Even though __builtin_clz produces a CLZ instruction on ARM, formally
 406:Drivers/CMSIS/Include/cmsis_gcc.h ****      __builtin_clz(0) is undefined behaviour, so handle this case specially.
 407:Drivers/CMSIS/Include/cmsis_gcc.h ****      This guarantees ARM-compatible results if happening to compile on a non-ARM
 408:Drivers/CMSIS/Include/cmsis_gcc.h ****      target, and ensures the compiler doesn't decide to activate any
 409:Drivers/CMSIS/Include/cmsis_gcc.h ****      optimisations using the logic "value was passed to __builtin_clz, so it
 410:Drivers/CMSIS/Include/cmsis_gcc.h ****      is non-zero".
 411:Drivers/CMSIS/Include/cmsis_gcc.h ****      ARM GCC 7.3 and possibly earlier will optimise this test away, leaving a
 412:Drivers/CMSIS/Include/cmsis_gcc.h ****      single CLZ instruction.
 413:Drivers/CMSIS/Include/cmsis_gcc.h ****    */
 414:Drivers/CMSIS/Include/cmsis_gcc.h ****   if (value == 0U)
 415:Drivers/CMSIS/Include/cmsis_gcc.h ****   {
 416:Drivers/CMSIS/Include/cmsis_gcc.h ****     return 32U;
 417:Drivers/CMSIS/Include/cmsis_gcc.h ****   }
 418:Drivers/CMSIS/Include/cmsis_gcc.h ****   return __builtin_clz(value);
 419:Drivers/CMSIS/Include/cmsis_gcc.h **** }
 420:Drivers/CMSIS/Include/cmsis_gcc.h **** 
 421:Drivers/CMSIS/Include/cmsis_gcc.h **** 
 422:Drivers/CMSIS/Include/cmsis_gcc.h **** #if ((defined (__ARM_ARCH_7M__      ) && (__ARM_ARCH_7M__      == 1)) || \
 423:Drivers/CMSIS/Include/cmsis_gcc.h ****      (defined (__ARM_ARCH_7EM__     ) && (__ARM_ARCH_7EM__     == 1)) || \
 424:Drivers/CMSIS/Include/cmsis_gcc.h ****      (defined (__ARM_ARCH_8M_MAIN__ ) && (__ARM_ARCH_8M_MAIN__ == 1)) || \
 425:Drivers/CMSIS/Include/cmsis_gcc.h ****      (defined (__ARM_ARCH_8M_BASE__ ) && (__ARM_ARCH_8M_BASE__ == 1))    )
 426:Drivers/CMSIS/Include/cmsis_gcc.h **** /**
 427:Drivers/CMSIS/Include/cmsis_gcc.h ****   \brief   LDR Exclusive (8 bit)
 428:Drivers/CMSIS/Include/cmsis_gcc.h ****   \details Executes a exclusive LDR instruction for 8 bit value.
 429:Drivers/CMSIS/Include/cmsis_gcc.h ****   \param [in]    ptr  Pointer to data
 430:Drivers/CMSIS/Include/cmsis_gcc.h ****   \return             value of type uint8_t at (*ptr)
 431:Drivers/CMSIS/Include/cmsis_gcc.h ****  */
 432:Drivers/CMSIS/Include/cmsis_gcc.h **** __STATIC_FORCEINLINE uint8_t __LDREXB(volatile uint8_t *addr)
 433:Drivers/CMSIS/Include/cmsis_gcc.h **** {
 434:Drivers/CMSIS/Include/cmsis_gcc.h ****     uint32_t result;
 435:Drivers/CMSIS/Include/cmsis_gcc.h **** 
 436:Drivers/CMSIS/Include/cmsis_gcc.h **** #if (__GNUC__ > 4) || (__GNUC__ == 4 && __GNUC_MINOR__ >= 8)
 437:Drivers/CMSIS/Include/cmsis_gcc.h ****    __ASM volatile ("ldrexb %0, %1" : "=r" (result) : "Q" (*addr) );
 438:Drivers/CMSIS/Include/cmsis_gcc.h **** #else
 439:Drivers/CMSIS/Include/cmsis_gcc.h ****     /* Prior to GCC 4.8, "Q" will be expanded to [rx, #0] which is not
 440:Drivers/CMSIS/Include/cmsis_gcc.h ****        accepted by assembler. So has to use following less efficient pattern.
 441:Drivers/CMSIS/Include/cmsis_gcc.h ****     */
 442:Drivers/CMSIS/Include/cmsis_gcc.h ****    __ASM volatile ("ldrexb %0, [%1]" : "=r" (result) : "r" (addr) : "memory" );
 443:Drivers/CMSIS/Include/cmsis_gcc.h **** #endif
 444:Drivers/CMSIS/Include/cmsis_gcc.h ****    return ((uint8_t) result);    /* Add explicit type cast here */
 445:Drivers/CMSIS/Include/cmsis_gcc.h **** }
 446:Drivers/CMSIS/Include/cmsis_gcc.h **** 
 447:Drivers/CMSIS/Include/cmsis_gcc.h **** 
 448:Drivers/CMSIS/Include/cmsis_gcc.h **** /**
 449:Drivers/CMSIS/Include/cmsis_gcc.h ****   \brief   LDR Exclusive (16 bit)
 450:Drivers/CMSIS/Include/cmsis_gcc.h ****   \details Executes a exclusive LDR instruction for 16 bit values.
 451:Drivers/CMSIS/Include/cmsis_gcc.h ****   \param [in]    ptr  Pointer to data
 452:Drivers/CMSIS/Include/cmsis_gcc.h ****   \return        value of type uint16_t at (*ptr)
 453:Drivers/CMSIS/Include/cmsis_gcc.h ****  */
 454:Drivers/CMSIS/Include/cmsis_gcc.h **** __STATIC_FORCEINLINE uint16_t __LDREXH(volatile uint16_t *addr)
 455:Drivers/CMSIS/Include/cmsis_gcc.h **** {
 456:Drivers/CMSIS/Include/cmsis_gcc.h ****     uint32_t result;
 457:Drivers/CMSIS/Include/cmsis_gcc.h **** 
 458:Drivers/CMSIS/Include/cmsis_gcc.h **** #if (__GNUC__ > 4) || (__GNUC__ == 4 && __GNUC_MINOR__ >= 8)
 459:Drivers/CMSIS/Include/cmsis_gcc.h ****    __ASM volatile ("ldrexh %0, %1" : "=r" (result) : "Q" (*addr) );
 460:Drivers/CMSIS/Include/cmsis_gcc.h **** #else
 461:Drivers/CMSIS/Include/cmsis_gcc.h ****     /* Prior to GCC 4.8, "Q" will be expanded to [rx, #0] which is not
ARM GAS  C:\Users\40918\AppData\Local\Temp\ccc2gyMS.s 			page 87


 462:Drivers/CMSIS/Include/cmsis_gcc.h ****        accepted by assembler. So has to use following less efficient pattern.
 463:Drivers/CMSIS/Include/cmsis_gcc.h ****     */
 464:Drivers/CMSIS/Include/cmsis_gcc.h ****    __ASM volatile ("ldrexh %0, [%1]" : "=r" (result) : "r" (addr) : "memory" );
 465:Drivers/CMSIS/Include/cmsis_gcc.h **** #endif
 466:Drivers/CMSIS/Include/cmsis_gcc.h ****    return ((uint16_t) result);    /* Add explicit type cast here */
 467:Drivers/CMSIS/Include/cmsis_gcc.h **** }
 468:Drivers/CMSIS/Include/cmsis_gcc.h **** 
 469:Drivers/CMSIS/Include/cmsis_gcc.h **** 
 470:Drivers/CMSIS/Include/cmsis_gcc.h **** /**
 471:Drivers/CMSIS/Include/cmsis_gcc.h ****   \brief   LDR Exclusive (32 bit)
 472:Drivers/CMSIS/Include/cmsis_gcc.h ****   \details Executes a exclusive LDR instruction for 32 bit values.
 473:Drivers/CMSIS/Include/cmsis_gcc.h ****   \param [in]    ptr  Pointer to data
 474:Drivers/CMSIS/Include/cmsis_gcc.h ****   \return        value of type uint32_t at (*ptr)
 475:Drivers/CMSIS/Include/cmsis_gcc.h ****  */
 476:Drivers/CMSIS/Include/cmsis_gcc.h **** __STATIC_FORCEINLINE uint32_t __LDREXW(volatile uint32_t *addr)
 477:Drivers/CMSIS/Include/cmsis_gcc.h **** {
 478:Drivers/CMSIS/Include/cmsis_gcc.h ****     uint32_t result;
 479:Drivers/CMSIS/Include/cmsis_gcc.h **** 
 480:Drivers/CMSIS/Include/cmsis_gcc.h ****    __ASM volatile ("ldrex %0, %1" : "=r" (result) : "Q" (*addr) );
 481:Drivers/CMSIS/Include/cmsis_gcc.h ****    return(result);
 482:Drivers/CMSIS/Include/cmsis_gcc.h **** }
 483:Drivers/CMSIS/Include/cmsis_gcc.h **** 
 484:Drivers/CMSIS/Include/cmsis_gcc.h **** 
 485:Drivers/CMSIS/Include/cmsis_gcc.h **** /**
 486:Drivers/CMSIS/Include/cmsis_gcc.h ****   \brief   STR Exclusive (8 bit)
 487:Drivers/CMSIS/Include/cmsis_gcc.h ****   \details Executes a exclusive STR instruction for 8 bit values.
 488:Drivers/CMSIS/Include/cmsis_gcc.h ****   \param [in]  value  Value to store
 489:Drivers/CMSIS/Include/cmsis_gcc.h ****   \param [in]    ptr  Pointer to location
 490:Drivers/CMSIS/Include/cmsis_gcc.h ****   \return          0  Function succeeded
 491:Drivers/CMSIS/Include/cmsis_gcc.h ****   \return          1  Function failed
 492:Drivers/CMSIS/Include/cmsis_gcc.h ****  */
 493:Drivers/CMSIS/Include/cmsis_gcc.h **** __STATIC_FORCEINLINE uint32_t __STREXB(uint8_t value, volatile uint8_t *addr)
 494:Drivers/CMSIS/Include/cmsis_gcc.h **** {
 495:Drivers/CMSIS/Include/cmsis_gcc.h ****    uint32_t result;
 496:Drivers/CMSIS/Include/cmsis_gcc.h **** 
 497:Drivers/CMSIS/Include/cmsis_gcc.h ****    __ASM volatile ("strexb %0, %2, %1" : "=&r" (result), "=Q" (*addr) : "r" ((uint32_t)value) );
 498:Drivers/CMSIS/Include/cmsis_gcc.h ****    return(result);
 499:Drivers/CMSIS/Include/cmsis_gcc.h **** }
 500:Drivers/CMSIS/Include/cmsis_gcc.h **** 
 501:Drivers/CMSIS/Include/cmsis_gcc.h **** 
 502:Drivers/CMSIS/Include/cmsis_gcc.h **** /**
 503:Drivers/CMSIS/Include/cmsis_gcc.h ****   \brief   STR Exclusive (16 bit)
 504:Drivers/CMSIS/Include/cmsis_gcc.h ****   \details Executes a exclusive STR instruction for 16 bit values.
 505:Drivers/CMSIS/Include/cmsis_gcc.h ****   \param [in]  value  Value to store
 506:Drivers/CMSIS/Include/cmsis_gcc.h ****   \param [in]    ptr  Pointer to location
 507:Drivers/CMSIS/Include/cmsis_gcc.h ****   \return          0  Function succeeded
 508:Drivers/CMSIS/Include/cmsis_gcc.h ****   \return          1  Function failed
 509:Drivers/CMSIS/Include/cmsis_gcc.h ****  */
 510:Drivers/CMSIS/Include/cmsis_gcc.h **** __STATIC_FORCEINLINE uint32_t __STREXH(uint16_t value, volatile uint16_t *addr)
 511:Drivers/CMSIS/Include/cmsis_gcc.h **** {
 512:Drivers/CMSIS/Include/cmsis_gcc.h ****    uint32_t result;
 513:Drivers/CMSIS/Include/cmsis_gcc.h **** 
 514:Drivers/CMSIS/Include/cmsis_gcc.h ****    __ASM volatile ("strexh %0, %2, %1" : "=&r" (result), "=Q" (*addr) : "r" ((uint32_t)value) );
 515:Drivers/CMSIS/Include/cmsis_gcc.h ****    return(result);
 516:Drivers/CMSIS/Include/cmsis_gcc.h **** }
 517:Drivers/CMSIS/Include/cmsis_gcc.h **** 
 518:Drivers/CMSIS/Include/cmsis_gcc.h **** 
ARM GAS  C:\Users\40918\AppData\Local\Temp\ccc2gyMS.s 			page 88


 519:Drivers/CMSIS/Include/cmsis_gcc.h **** /**
 520:Drivers/CMSIS/Include/cmsis_gcc.h ****   \brief   STR Exclusive (32 bit)
 521:Drivers/CMSIS/Include/cmsis_gcc.h ****   \details Executes a exclusive STR instruction for 32 bit values.
 522:Drivers/CMSIS/Include/cmsis_gcc.h ****   \param [in]  value  Value to store
 523:Drivers/CMSIS/Include/cmsis_gcc.h ****   \param [in]    ptr  Pointer to location
 524:Drivers/CMSIS/Include/cmsis_gcc.h ****   \return          0  Function succeeded
 525:Drivers/CMSIS/Include/cmsis_gcc.h ****   \return          1  Function failed
 526:Drivers/CMSIS/Include/cmsis_gcc.h ****  */
 527:Drivers/CMSIS/Include/cmsis_gcc.h **** __STATIC_FORCEINLINE uint32_t __STREXW(uint32_t value, volatile uint32_t *addr)
 528:Drivers/CMSIS/Include/cmsis_gcc.h **** {
 529:Drivers/CMSIS/Include/cmsis_gcc.h ****    uint32_t result;
 530:Drivers/CMSIS/Include/cmsis_gcc.h **** 
 531:Drivers/CMSIS/Include/cmsis_gcc.h ****    __ASM volatile ("strex %0, %2, %1" : "=&r" (result), "=Q" (*addr) : "r" (value) );
 532:Drivers/CMSIS/Include/cmsis_gcc.h ****    return(result);
 533:Drivers/CMSIS/Include/cmsis_gcc.h **** }
 534:Drivers/CMSIS/Include/cmsis_gcc.h **** 
 535:Drivers/CMSIS/Include/cmsis_gcc.h **** 
 536:Drivers/CMSIS/Include/cmsis_gcc.h **** /**
 537:Drivers/CMSIS/Include/cmsis_gcc.h ****   \brief   Remove the exclusive lock
 538:Drivers/CMSIS/Include/cmsis_gcc.h ****   \details Removes the exclusive lock which is created by LDREX.
 539:Drivers/CMSIS/Include/cmsis_gcc.h ****  */
 540:Drivers/CMSIS/Include/cmsis_gcc.h **** __STATIC_FORCEINLINE void __CLREX(void)
 541:Drivers/CMSIS/Include/cmsis_gcc.h **** {
 542:Drivers/CMSIS/Include/cmsis_gcc.h ****   __ASM volatile ("clrex" ::: "memory");
 543:Drivers/CMSIS/Include/cmsis_gcc.h **** }
 544:Drivers/CMSIS/Include/cmsis_gcc.h **** 
 545:Drivers/CMSIS/Include/cmsis_gcc.h **** #endif /* ((defined (__ARM_ARCH_7M__      ) && (__ARM_ARCH_7M__      == 1)) || \
 546:Drivers/CMSIS/Include/cmsis_gcc.h ****            (defined (__ARM_ARCH_7EM__     ) && (__ARM_ARCH_7EM__     == 1)) || \
 547:Drivers/CMSIS/Include/cmsis_gcc.h ****            (defined (__ARM_ARCH_8M_MAIN__ ) && (__ARM_ARCH_8M_MAIN__ == 1)) || \
 548:Drivers/CMSIS/Include/cmsis_gcc.h ****            (defined (__ARM_ARCH_8M_BASE__ ) && (__ARM_ARCH_8M_BASE__ == 1))    ) */
 549:Drivers/CMSIS/Include/cmsis_gcc.h **** 
 550:Drivers/CMSIS/Include/cmsis_gcc.h **** 
 551:Drivers/CMSIS/Include/cmsis_gcc.h **** #if ((defined (__ARM_ARCH_7M__      ) && (__ARM_ARCH_7M__      == 1)) || \
 552:Drivers/CMSIS/Include/cmsis_gcc.h ****      (defined (__ARM_ARCH_7EM__     ) && (__ARM_ARCH_7EM__     == 1)) || \
 553:Drivers/CMSIS/Include/cmsis_gcc.h ****      (defined (__ARM_ARCH_8M_MAIN__ ) && (__ARM_ARCH_8M_MAIN__ == 1))    )
 554:Drivers/CMSIS/Include/cmsis_gcc.h **** /**
 555:Drivers/CMSIS/Include/cmsis_gcc.h ****   \brief   Signed Saturate
 556:Drivers/CMSIS/Include/cmsis_gcc.h ****   \details Saturates a signed value.
 557:Drivers/CMSIS/Include/cmsis_gcc.h ****   \param [in]  ARG1  Value to be saturated
 558:Drivers/CMSIS/Include/cmsis_gcc.h ****   \param [in]  ARG2  Bit position to saturate to (1..32)
 559:Drivers/CMSIS/Include/cmsis_gcc.h ****   \return             Saturated value
 560:Drivers/CMSIS/Include/cmsis_gcc.h ****  */
 561:Drivers/CMSIS/Include/cmsis_gcc.h **** #define __SSAT(ARG1, ARG2) \
 562:Drivers/CMSIS/Include/cmsis_gcc.h **** __extension__ \
 563:Drivers/CMSIS/Include/cmsis_gcc.h **** ({                          \
 564:Drivers/CMSIS/Include/cmsis_gcc.h ****   int32_t __RES, __ARG1 = (ARG1); \
 565:Drivers/CMSIS/Include/cmsis_gcc.h ****   __ASM volatile ("ssat %0, %1, %2" : "=r" (__RES) :  "I" (ARG2), "r" (__ARG1) : "cc" ); \
 566:Drivers/CMSIS/Include/cmsis_gcc.h ****   __RES; \
 567:Drivers/CMSIS/Include/cmsis_gcc.h ****  })
 568:Drivers/CMSIS/Include/cmsis_gcc.h **** 
 569:Drivers/CMSIS/Include/cmsis_gcc.h **** 
 570:Drivers/CMSIS/Include/cmsis_gcc.h **** /**
 571:Drivers/CMSIS/Include/cmsis_gcc.h ****   \brief   Unsigned Saturate
 572:Drivers/CMSIS/Include/cmsis_gcc.h ****   \details Saturates an unsigned value.
 573:Drivers/CMSIS/Include/cmsis_gcc.h ****   \param [in]  ARG1  Value to be saturated
 574:Drivers/CMSIS/Include/cmsis_gcc.h ****   \param [in]  ARG2  Bit position to saturate to (0..31)
 575:Drivers/CMSIS/Include/cmsis_gcc.h ****   \return             Saturated value
ARM GAS  C:\Users\40918\AppData\Local\Temp\ccc2gyMS.s 			page 89


 576:Drivers/CMSIS/Include/cmsis_gcc.h ****  */
 577:Drivers/CMSIS/Include/cmsis_gcc.h **** #define __USAT(ARG1, ARG2) \
 578:Drivers/CMSIS/Include/cmsis_gcc.h **** __extension__ \
 579:Drivers/CMSIS/Include/cmsis_gcc.h **** ({                          \
 580:Drivers/CMSIS/Include/cmsis_gcc.h ****   uint32_t __RES, __ARG1 = (ARG1); \
 581:Drivers/CMSIS/Include/cmsis_gcc.h ****   __ASM volatile ("usat %0, %1, %2" : "=r" (__RES) :  "I" (ARG2), "r" (__ARG1) : "cc" ); \
 582:Drivers/CMSIS/Include/cmsis_gcc.h ****   __RES; \
 583:Drivers/CMSIS/Include/cmsis_gcc.h ****  })
 584:Drivers/CMSIS/Include/cmsis_gcc.h **** 
 585:Drivers/CMSIS/Include/cmsis_gcc.h **** 
 586:Drivers/CMSIS/Include/cmsis_gcc.h **** /**
 587:Drivers/CMSIS/Include/cmsis_gcc.h ****   \brief   Rotate Right with Extend (32 bit)
 588:Drivers/CMSIS/Include/cmsis_gcc.h ****   \details Moves each bit of a bitstring right by one bit.
 589:Drivers/CMSIS/Include/cmsis_gcc.h ****            The carry input is shifted in at the left end of the bitstring.
 590:Drivers/CMSIS/Include/cmsis_gcc.h ****   \param [in]    value  Value to rotate
 591:Drivers/CMSIS/Include/cmsis_gcc.h ****   \return               Rotated value
 592:Drivers/CMSIS/Include/cmsis_gcc.h ****  */
 593:Drivers/CMSIS/Include/cmsis_gcc.h **** __STATIC_FORCEINLINE uint32_t __RRX(uint32_t value)
 594:Drivers/CMSIS/Include/cmsis_gcc.h **** {
 595:Drivers/CMSIS/Include/cmsis_gcc.h ****   uint32_t result;
 596:Drivers/CMSIS/Include/cmsis_gcc.h **** 
 597:Drivers/CMSIS/Include/cmsis_gcc.h ****   __ASM volatile ("rrx %0, %1" : __CMSIS_GCC_OUT_REG (result) : __CMSIS_GCC_USE_REG (value) );
 598:Drivers/CMSIS/Include/cmsis_gcc.h ****   return(result);
 599:Drivers/CMSIS/Include/cmsis_gcc.h **** }
 600:Drivers/CMSIS/Include/cmsis_gcc.h **** 
 601:Drivers/CMSIS/Include/cmsis_gcc.h **** 
 602:Drivers/CMSIS/Include/cmsis_gcc.h **** /**
 603:Drivers/CMSIS/Include/cmsis_gcc.h ****   \brief   LDRT Unprivileged (8 bit)
 604:Drivers/CMSIS/Include/cmsis_gcc.h ****   \details Executes a Unprivileged LDRT instruction for 8 bit value.
 605:Drivers/CMSIS/Include/cmsis_gcc.h ****   \param [in]    ptr  Pointer to data
 606:Drivers/CMSIS/Include/cmsis_gcc.h ****   \return             value of type uint8_t at (*ptr)
 607:Drivers/CMSIS/Include/cmsis_gcc.h ****  */
 608:Drivers/CMSIS/Include/cmsis_gcc.h **** __STATIC_FORCEINLINE uint8_t __LDRBT(volatile uint8_t *ptr)
 609:Drivers/CMSIS/Include/cmsis_gcc.h **** {
 610:Drivers/CMSIS/Include/cmsis_gcc.h ****     uint32_t result;
 611:Drivers/CMSIS/Include/cmsis_gcc.h **** 
 612:Drivers/CMSIS/Include/cmsis_gcc.h **** #if (__GNUC__ > 4) || (__GNUC__ == 4 && __GNUC_MINOR__ >= 8)
 613:Drivers/CMSIS/Include/cmsis_gcc.h ****    __ASM volatile ("ldrbt %0, %1" : "=r" (result) : "Q" (*ptr) );
 614:Drivers/CMSIS/Include/cmsis_gcc.h **** #else
 615:Drivers/CMSIS/Include/cmsis_gcc.h ****     /* Prior to GCC 4.8, "Q" will be expanded to [rx, #0] which is not
 616:Drivers/CMSIS/Include/cmsis_gcc.h ****        accepted by assembler. So has to use following less efficient pattern.
 617:Drivers/CMSIS/Include/cmsis_gcc.h ****     */
 618:Drivers/CMSIS/Include/cmsis_gcc.h ****    __ASM volatile ("ldrbt %0, [%1]" : "=r" (result) : "r" (ptr) : "memory" );
 619:Drivers/CMSIS/Include/cmsis_gcc.h **** #endif
 620:Drivers/CMSIS/Include/cmsis_gcc.h ****    return ((uint8_t) result);    /* Add explicit type cast here */
 621:Drivers/CMSIS/Include/cmsis_gcc.h **** }
 622:Drivers/CMSIS/Include/cmsis_gcc.h **** 
 623:Drivers/CMSIS/Include/cmsis_gcc.h **** 
 624:Drivers/CMSIS/Include/cmsis_gcc.h **** /**
 625:Drivers/CMSIS/Include/cmsis_gcc.h ****   \brief   LDRT Unprivileged (16 bit)
 626:Drivers/CMSIS/Include/cmsis_gcc.h ****   \details Executes a Unprivileged LDRT instruction for 16 bit values.
 627:Drivers/CMSIS/Include/cmsis_gcc.h ****   \param [in]    ptr  Pointer to data
 628:Drivers/CMSIS/Include/cmsis_gcc.h ****   \return        value of type uint16_t at (*ptr)
 629:Drivers/CMSIS/Include/cmsis_gcc.h ****  */
 630:Drivers/CMSIS/Include/cmsis_gcc.h **** __STATIC_FORCEINLINE uint16_t __LDRHT(volatile uint16_t *ptr)
 631:Drivers/CMSIS/Include/cmsis_gcc.h **** {
 632:Drivers/CMSIS/Include/cmsis_gcc.h ****     uint32_t result;
ARM GAS  C:\Users\40918\AppData\Local\Temp\ccc2gyMS.s 			page 90


 633:Drivers/CMSIS/Include/cmsis_gcc.h **** 
 634:Drivers/CMSIS/Include/cmsis_gcc.h **** #if (__GNUC__ > 4) || (__GNUC__ == 4 && __GNUC_MINOR__ >= 8)
 635:Drivers/CMSIS/Include/cmsis_gcc.h ****    __ASM volatile ("ldrht %0, %1" : "=r" (result) : "Q" (*ptr) );
 636:Drivers/CMSIS/Include/cmsis_gcc.h **** #else
 637:Drivers/CMSIS/Include/cmsis_gcc.h ****     /* Prior to GCC 4.8, "Q" will be expanded to [rx, #0] which is not
 638:Drivers/CMSIS/Include/cmsis_gcc.h ****        accepted by assembler. So has to use following less efficient pattern.
 639:Drivers/CMSIS/Include/cmsis_gcc.h ****     */
 640:Drivers/CMSIS/Include/cmsis_gcc.h ****    __ASM volatile ("ldrht %0, [%1]" : "=r" (result) : "r" (ptr) : "memory" );
 641:Drivers/CMSIS/Include/cmsis_gcc.h **** #endif
 642:Drivers/CMSIS/Include/cmsis_gcc.h ****    return ((uint16_t) result);    /* Add explicit type cast here */
 643:Drivers/CMSIS/Include/cmsis_gcc.h **** }
 644:Drivers/CMSIS/Include/cmsis_gcc.h **** 
 645:Drivers/CMSIS/Include/cmsis_gcc.h **** 
 646:Drivers/CMSIS/Include/cmsis_gcc.h **** /**
 647:Drivers/CMSIS/Include/cmsis_gcc.h ****   \brief   LDRT Unprivileged (32 bit)
 648:Drivers/CMSIS/Include/cmsis_gcc.h ****   \details Executes a Unprivileged LDRT instruction for 32 bit values.
 649:Drivers/CMSIS/Include/cmsis_gcc.h ****   \param [in]    ptr  Pointer to data
 650:Drivers/CMSIS/Include/cmsis_gcc.h ****   \return        value of type uint32_t at (*ptr)
 651:Drivers/CMSIS/Include/cmsis_gcc.h ****  */
 652:Drivers/CMSIS/Include/cmsis_gcc.h **** __STATIC_FORCEINLINE uint32_t __LDRT(volatile uint32_t *ptr)
 653:Drivers/CMSIS/Include/cmsis_gcc.h **** {
 654:Drivers/CMSIS/Include/cmsis_gcc.h ****     uint32_t result;
 655:Drivers/CMSIS/Include/cmsis_gcc.h **** 
 656:Drivers/CMSIS/Include/cmsis_gcc.h ****    __ASM volatile ("ldrt %0, %1" : "=r" (result) : "Q" (*ptr) );
 657:Drivers/CMSIS/Include/cmsis_gcc.h ****    return(result);
 658:Drivers/CMSIS/Include/cmsis_gcc.h **** }
 659:Drivers/CMSIS/Include/cmsis_gcc.h **** 
 660:Drivers/CMSIS/Include/cmsis_gcc.h **** 
 661:Drivers/CMSIS/Include/cmsis_gcc.h **** /**
 662:Drivers/CMSIS/Include/cmsis_gcc.h ****   \brief   STRT Unprivileged (8 bit)
 663:Drivers/CMSIS/Include/cmsis_gcc.h ****   \details Executes a Unprivileged STRT instruction for 8 bit values.
 664:Drivers/CMSIS/Include/cmsis_gcc.h ****   \param [in]  value  Value to store
 665:Drivers/CMSIS/Include/cmsis_gcc.h ****   \param [in]    ptr  Pointer to location
 666:Drivers/CMSIS/Include/cmsis_gcc.h ****  */
 667:Drivers/CMSIS/Include/cmsis_gcc.h **** __STATIC_FORCEINLINE void __STRBT(uint8_t value, volatile uint8_t *ptr)
 668:Drivers/CMSIS/Include/cmsis_gcc.h **** {
 669:Drivers/CMSIS/Include/cmsis_gcc.h ****    __ASM volatile ("strbt %1, %0" : "=Q" (*ptr) : "r" ((uint32_t)value) );
 670:Drivers/CMSIS/Include/cmsis_gcc.h **** }
 671:Drivers/CMSIS/Include/cmsis_gcc.h **** 
 672:Drivers/CMSIS/Include/cmsis_gcc.h **** 
 673:Drivers/CMSIS/Include/cmsis_gcc.h **** /**
 674:Drivers/CMSIS/Include/cmsis_gcc.h ****   \brief   STRT Unprivileged (16 bit)
 675:Drivers/CMSIS/Include/cmsis_gcc.h ****   \details Executes a Unprivileged STRT instruction for 16 bit values.
 676:Drivers/CMSIS/Include/cmsis_gcc.h ****   \param [in]  value  Value to store
 677:Drivers/CMSIS/Include/cmsis_gcc.h ****   \param [in]    ptr  Pointer to location
 678:Drivers/CMSIS/Include/cmsis_gcc.h ****  */
 679:Drivers/CMSIS/Include/cmsis_gcc.h **** __STATIC_FORCEINLINE void __STRHT(uint16_t value, volatile uint16_t *ptr)
 680:Drivers/CMSIS/Include/cmsis_gcc.h **** {
 681:Drivers/CMSIS/Include/cmsis_gcc.h ****    __ASM volatile ("strht %1, %0" : "=Q" (*ptr) : "r" ((uint32_t)value) );
 682:Drivers/CMSIS/Include/cmsis_gcc.h **** }
 683:Drivers/CMSIS/Include/cmsis_gcc.h **** 
 684:Drivers/CMSIS/Include/cmsis_gcc.h **** 
 685:Drivers/CMSIS/Include/cmsis_gcc.h **** /**
 686:Drivers/CMSIS/Include/cmsis_gcc.h ****   \brief   STRT Unprivileged (32 bit)
 687:Drivers/CMSIS/Include/cmsis_gcc.h ****   \details Executes a Unprivileged STRT instruction for 32 bit values.
 688:Drivers/CMSIS/Include/cmsis_gcc.h ****   \param [in]  value  Value to store
 689:Drivers/CMSIS/Include/cmsis_gcc.h ****   \param [in]    ptr  Pointer to location
ARM GAS  C:\Users\40918\AppData\Local\Temp\ccc2gyMS.s 			page 91


 690:Drivers/CMSIS/Include/cmsis_gcc.h ****  */
 691:Drivers/CMSIS/Include/cmsis_gcc.h **** __STATIC_FORCEINLINE void __STRT(uint32_t value, volatile uint32_t *ptr)
 692:Drivers/CMSIS/Include/cmsis_gcc.h **** {
 693:Drivers/CMSIS/Include/cmsis_gcc.h ****    __ASM volatile ("strt %1, %0" : "=Q" (*ptr) : "r" (value) );
 694:Drivers/CMSIS/Include/cmsis_gcc.h **** }
 695:Drivers/CMSIS/Include/cmsis_gcc.h **** 
 696:Drivers/CMSIS/Include/cmsis_gcc.h **** #else  /* ((defined (__ARM_ARCH_7M__      ) && (__ARM_ARCH_7M__      == 1)) || \
 697:Drivers/CMSIS/Include/cmsis_gcc.h ****            (defined (__ARM_ARCH_7EM__     ) && (__ARM_ARCH_7EM__     == 1)) || \
 698:Drivers/CMSIS/Include/cmsis_gcc.h ****            (defined (__ARM_ARCH_8M_MAIN__ ) && (__ARM_ARCH_8M_MAIN__ == 1))    ) */
 699:Drivers/CMSIS/Include/cmsis_gcc.h **** 
 700:Drivers/CMSIS/Include/cmsis_gcc.h **** /**
 701:Drivers/CMSIS/Include/cmsis_gcc.h ****   \brief   Signed Saturate
 702:Drivers/CMSIS/Include/cmsis_gcc.h ****   \details Saturates a signed value.
 703:Drivers/CMSIS/Include/cmsis_gcc.h ****   \param [in]  value  Value to be saturated
 704:Drivers/CMSIS/Include/cmsis_gcc.h ****   \param [in]    sat  Bit position to saturate to (1..32)
 705:Drivers/CMSIS/Include/cmsis_gcc.h ****   \return             Saturated value
 706:Drivers/CMSIS/Include/cmsis_gcc.h ****  */
 707:Drivers/CMSIS/Include/cmsis_gcc.h **** __STATIC_FORCEINLINE int32_t __SSAT(int32_t val, uint32_t sat)
 708:Drivers/CMSIS/Include/cmsis_gcc.h **** {
 709:Drivers/CMSIS/Include/cmsis_gcc.h ****   if ((sat >= 1U) && (sat <= 32U))
 710:Drivers/CMSIS/Include/cmsis_gcc.h ****   {
 711:Drivers/CMSIS/Include/cmsis_gcc.h ****     const int32_t max = (int32_t)((1U << (sat - 1U)) - 1U);
 712:Drivers/CMSIS/Include/cmsis_gcc.h ****     const int32_t min = -1 - max ;
 713:Drivers/CMSIS/Include/cmsis_gcc.h ****     if (val > max)
 714:Drivers/CMSIS/Include/cmsis_gcc.h ****     {
 715:Drivers/CMSIS/Include/cmsis_gcc.h ****       return max;
 716:Drivers/CMSIS/Include/cmsis_gcc.h ****     }
 717:Drivers/CMSIS/Include/cmsis_gcc.h ****     else if (val < min)
 718:Drivers/CMSIS/Include/cmsis_gcc.h ****     {
 719:Drivers/CMSIS/Include/cmsis_gcc.h ****       return min;
 720:Drivers/CMSIS/Include/cmsis_gcc.h ****     }
 721:Drivers/CMSIS/Include/cmsis_gcc.h ****   }
 722:Drivers/CMSIS/Include/cmsis_gcc.h ****   return val;
 723:Drivers/CMSIS/Include/cmsis_gcc.h **** }
 724:Drivers/CMSIS/Include/cmsis_gcc.h **** 
 725:Drivers/CMSIS/Include/cmsis_gcc.h **** /**
 726:Drivers/CMSIS/Include/cmsis_gcc.h ****   \brief   Unsigned Saturate
 727:Drivers/CMSIS/Include/cmsis_gcc.h ****   \details Saturates an unsigned value.
 728:Drivers/CMSIS/Include/cmsis_gcc.h ****   \param [in]  value  Value to be saturated
 729:Drivers/CMSIS/Include/cmsis_gcc.h ****   \param [in]    sat  Bit position to saturate to (0..31)
 730:Drivers/CMSIS/Include/cmsis_gcc.h ****   \return             Saturated value
 731:Drivers/CMSIS/Include/cmsis_gcc.h ****  */
 732:Drivers/CMSIS/Include/cmsis_gcc.h **** __STATIC_FORCEINLINE uint32_t __USAT(int32_t val, uint32_t sat)
 733:Drivers/CMSIS/Include/cmsis_gcc.h **** {
 734:Drivers/CMSIS/Include/cmsis_gcc.h ****   if (sat <= 31U)
 735:Drivers/CMSIS/Include/cmsis_gcc.h ****   {
 736:Drivers/CMSIS/Include/cmsis_gcc.h ****     const uint32_t max = ((1U << sat) - 1U);
 737:Drivers/CMSIS/Include/cmsis_gcc.h ****     if (val > (int32_t)max)
 738:Drivers/CMSIS/Include/cmsis_gcc.h ****     {
 739:Drivers/CMSIS/Include/cmsis_gcc.h ****       return max;
 740:Drivers/CMSIS/Include/cmsis_gcc.h ****     }
 741:Drivers/CMSIS/Include/cmsis_gcc.h ****     else if (val < 0)
 742:Drivers/CMSIS/Include/cmsis_gcc.h ****     {
 743:Drivers/CMSIS/Include/cmsis_gcc.h ****       return 0U;
 744:Drivers/CMSIS/Include/cmsis_gcc.h ****     }
 745:Drivers/CMSIS/Include/cmsis_gcc.h ****   }
 746:Drivers/CMSIS/Include/cmsis_gcc.h ****   return (uint32_t)val;
ARM GAS  C:\Users\40918\AppData\Local\Temp\ccc2gyMS.s 			page 92


 747:Drivers/CMSIS/Include/cmsis_gcc.h **** }
 748:Drivers/CMSIS/Include/cmsis_gcc.h **** 
 749:Drivers/CMSIS/Include/cmsis_gcc.h **** #endif /* ((defined (__ARM_ARCH_7M__      ) && (__ARM_ARCH_7M__      == 1)) || \
 750:Drivers/CMSIS/Include/cmsis_gcc.h ****            (defined (__ARM_ARCH_7EM__     ) && (__ARM_ARCH_7EM__     == 1)) || \
 751:Drivers/CMSIS/Include/cmsis_gcc.h ****            (defined (__ARM_ARCH_8M_MAIN__ ) && (__ARM_ARCH_8M_MAIN__ == 1))    ) */
 752:Drivers/CMSIS/Include/cmsis_gcc.h **** 
 753:Drivers/CMSIS/Include/cmsis_gcc.h **** 
 754:Drivers/CMSIS/Include/cmsis_gcc.h **** #if ((defined (__ARM_ARCH_8M_MAIN__ ) && (__ARM_ARCH_8M_MAIN__ == 1)) || \
 755:Drivers/CMSIS/Include/cmsis_gcc.h ****      (defined (__ARM_ARCH_8M_BASE__ ) && (__ARM_ARCH_8M_BASE__ == 1))    )
 756:Drivers/CMSIS/Include/cmsis_gcc.h **** /**
 757:Drivers/CMSIS/Include/cmsis_gcc.h ****   \brief   Load-Acquire (8 bit)
 758:Drivers/CMSIS/Include/cmsis_gcc.h ****   \details Executes a LDAB instruction for 8 bit value.
 759:Drivers/CMSIS/Include/cmsis_gcc.h ****   \param [in]    ptr  Pointer to data
 760:Drivers/CMSIS/Include/cmsis_gcc.h ****   \return             value of type uint8_t at (*ptr)
 761:Drivers/CMSIS/Include/cmsis_gcc.h ****  */
 762:Drivers/CMSIS/Include/cmsis_gcc.h **** __STATIC_FORCEINLINE uint8_t __LDAB(volatile uint8_t *ptr)
 763:Drivers/CMSIS/Include/cmsis_gcc.h **** {
 764:Drivers/CMSIS/Include/cmsis_gcc.h ****     uint32_t result;
 765:Drivers/CMSIS/Include/cmsis_gcc.h **** 
 766:Drivers/CMSIS/Include/cmsis_gcc.h ****    __ASM volatile ("ldab %0, %1" : "=r" (result) : "Q" (*ptr) : "memory" );
 767:Drivers/CMSIS/Include/cmsis_gcc.h ****    return ((uint8_t) result);
 768:Drivers/CMSIS/Include/cmsis_gcc.h **** }
 769:Drivers/CMSIS/Include/cmsis_gcc.h **** 
 770:Drivers/CMSIS/Include/cmsis_gcc.h **** 
 771:Drivers/CMSIS/Include/cmsis_gcc.h **** /**
 772:Drivers/CMSIS/Include/cmsis_gcc.h ****   \brief   Load-Acquire (16 bit)
 773:Drivers/CMSIS/Include/cmsis_gcc.h ****   \details Executes a LDAH instruction for 16 bit values.
 774:Drivers/CMSIS/Include/cmsis_gcc.h ****   \param [in]    ptr  Pointer to data
 775:Drivers/CMSIS/Include/cmsis_gcc.h ****   \return        value of type uint16_t at (*ptr)
 776:Drivers/CMSIS/Include/cmsis_gcc.h ****  */
 777:Drivers/CMSIS/Include/cmsis_gcc.h **** __STATIC_FORCEINLINE uint16_t __LDAH(volatile uint16_t *ptr)
 778:Drivers/CMSIS/Include/cmsis_gcc.h **** {
 779:Drivers/CMSIS/Include/cmsis_gcc.h ****     uint32_t result;
 780:Drivers/CMSIS/Include/cmsis_gcc.h **** 
 781:Drivers/CMSIS/Include/cmsis_gcc.h ****    __ASM volatile ("ldah %0, %1" : "=r" (result) : "Q" (*ptr) : "memory" );
 782:Drivers/CMSIS/Include/cmsis_gcc.h ****    return ((uint16_t) result);
 783:Drivers/CMSIS/Include/cmsis_gcc.h **** }
 784:Drivers/CMSIS/Include/cmsis_gcc.h **** 
 785:Drivers/CMSIS/Include/cmsis_gcc.h **** 
 786:Drivers/CMSIS/Include/cmsis_gcc.h **** /**
 787:Drivers/CMSIS/Include/cmsis_gcc.h ****   \brief   Load-Acquire (32 bit)
 788:Drivers/CMSIS/Include/cmsis_gcc.h ****   \details Executes a LDA instruction for 32 bit values.
 789:Drivers/CMSIS/Include/cmsis_gcc.h ****   \param [in]    ptr  Pointer to data
 790:Drivers/CMSIS/Include/cmsis_gcc.h ****   \return        value of type uint32_t at (*ptr)
 791:Drivers/CMSIS/Include/cmsis_gcc.h ****  */
 792:Drivers/CMSIS/Include/cmsis_gcc.h **** __STATIC_FORCEINLINE uint32_t __LDA(volatile uint32_t *ptr)
 793:Drivers/CMSIS/Include/cmsis_gcc.h **** {
 794:Drivers/CMSIS/Include/cmsis_gcc.h ****     uint32_t result;
 795:Drivers/CMSIS/Include/cmsis_gcc.h **** 
 796:Drivers/CMSIS/Include/cmsis_gcc.h ****    __ASM volatile ("lda %0, %1" : "=r" (result) : "Q" (*ptr) : "memory" );
 797:Drivers/CMSIS/Include/cmsis_gcc.h ****    return(result);
 798:Drivers/CMSIS/Include/cmsis_gcc.h **** }
 799:Drivers/CMSIS/Include/cmsis_gcc.h **** 
 800:Drivers/CMSIS/Include/cmsis_gcc.h **** 
 801:Drivers/CMSIS/Include/cmsis_gcc.h **** /**
 802:Drivers/CMSIS/Include/cmsis_gcc.h ****   \brief   Store-Release (8 bit)
 803:Drivers/CMSIS/Include/cmsis_gcc.h ****   \details Executes a STLB instruction for 8 bit values.
ARM GAS  C:\Users\40918\AppData\Local\Temp\ccc2gyMS.s 			page 93


 804:Drivers/CMSIS/Include/cmsis_gcc.h ****   \param [in]  value  Value to store
 805:Drivers/CMSIS/Include/cmsis_gcc.h ****   \param [in]    ptr  Pointer to location
 806:Drivers/CMSIS/Include/cmsis_gcc.h ****  */
 807:Drivers/CMSIS/Include/cmsis_gcc.h **** __STATIC_FORCEINLINE void __STLB(uint8_t value, volatile uint8_t *ptr)
 808:Drivers/CMSIS/Include/cmsis_gcc.h **** {
 809:Drivers/CMSIS/Include/cmsis_gcc.h ****    __ASM volatile ("stlb %1, %0" : "=Q" (*ptr) : "r" ((uint32_t)value) : "memory" );
 810:Drivers/CMSIS/Include/cmsis_gcc.h **** }
 811:Drivers/CMSIS/Include/cmsis_gcc.h **** 
 812:Drivers/CMSIS/Include/cmsis_gcc.h **** 
 813:Drivers/CMSIS/Include/cmsis_gcc.h **** /**
 814:Drivers/CMSIS/Include/cmsis_gcc.h ****   \brief   Store-Release (16 bit)
 815:Drivers/CMSIS/Include/cmsis_gcc.h ****   \details Executes a STLH instruction for 16 bit values.
 816:Drivers/CMSIS/Include/cmsis_gcc.h ****   \param [in]  value  Value to store
 817:Drivers/CMSIS/Include/cmsis_gcc.h ****   \param [in]    ptr  Pointer to location
 818:Drivers/CMSIS/Include/cmsis_gcc.h ****  */
 819:Drivers/CMSIS/Include/cmsis_gcc.h **** __STATIC_FORCEINLINE void __STLH(uint16_t value, volatile uint16_t *ptr)
 820:Drivers/CMSIS/Include/cmsis_gcc.h **** {
 821:Drivers/CMSIS/Include/cmsis_gcc.h ****    __ASM volatile ("stlh %1, %0" : "=Q" (*ptr) : "r" ((uint32_t)value) : "memory" );
 822:Drivers/CMSIS/Include/cmsis_gcc.h **** }
 823:Drivers/CMSIS/Include/cmsis_gcc.h **** 
 824:Drivers/CMSIS/Include/cmsis_gcc.h **** 
 825:Drivers/CMSIS/Include/cmsis_gcc.h **** /**
 826:Drivers/CMSIS/Include/cmsis_gcc.h ****   \brief   Store-Release (32 bit)
 827:Drivers/CMSIS/Include/cmsis_gcc.h ****   \details Executes a STL instruction for 32 bit values.
 828:Drivers/CMSIS/Include/cmsis_gcc.h ****   \param [in]  value  Value to store
 829:Drivers/CMSIS/Include/cmsis_gcc.h ****   \param [in]    ptr  Pointer to location
 830:Drivers/CMSIS/Include/cmsis_gcc.h ****  */
 831:Drivers/CMSIS/Include/cmsis_gcc.h **** __STATIC_FORCEINLINE void __STL(uint32_t value, volatile uint32_t *ptr)
 832:Drivers/CMSIS/Include/cmsis_gcc.h **** {
 833:Drivers/CMSIS/Include/cmsis_gcc.h ****    __ASM volatile ("stl %1, %0" : "=Q" (*ptr) : "r" ((uint32_t)value) : "memory" );
 834:Drivers/CMSIS/Include/cmsis_gcc.h **** }
 835:Drivers/CMSIS/Include/cmsis_gcc.h **** 
 836:Drivers/CMSIS/Include/cmsis_gcc.h **** 
 837:Drivers/CMSIS/Include/cmsis_gcc.h **** /**
 838:Drivers/CMSIS/Include/cmsis_gcc.h ****   \brief   Load-Acquire Exclusive (8 bit)
 839:Drivers/CMSIS/Include/cmsis_gcc.h ****   \details Executes a LDAB exclusive instruction for 8 bit value.
 840:Drivers/CMSIS/Include/cmsis_gcc.h ****   \param [in]    ptr  Pointer to data
 841:Drivers/CMSIS/Include/cmsis_gcc.h ****   \return             value of type uint8_t at (*ptr)
 842:Drivers/CMSIS/Include/cmsis_gcc.h ****  */
 843:Drivers/CMSIS/Include/cmsis_gcc.h **** __STATIC_FORCEINLINE uint8_t __LDAEXB(volatile uint8_t *ptr)
 844:Drivers/CMSIS/Include/cmsis_gcc.h **** {
 845:Drivers/CMSIS/Include/cmsis_gcc.h ****     uint32_t result;
 846:Drivers/CMSIS/Include/cmsis_gcc.h **** 
 847:Drivers/CMSIS/Include/cmsis_gcc.h ****    __ASM volatile ("ldaexb %0, %1" : "=r" (result) : "Q" (*ptr) : "memory" );
 848:Drivers/CMSIS/Include/cmsis_gcc.h ****    return ((uint8_t) result);
 849:Drivers/CMSIS/Include/cmsis_gcc.h **** }
 850:Drivers/CMSIS/Include/cmsis_gcc.h **** 
 851:Drivers/CMSIS/Include/cmsis_gcc.h **** 
 852:Drivers/CMSIS/Include/cmsis_gcc.h **** /**
 853:Drivers/CMSIS/Include/cmsis_gcc.h ****   \brief   Load-Acquire Exclusive (16 bit)
 854:Drivers/CMSIS/Include/cmsis_gcc.h ****   \details Executes a LDAH exclusive instruction for 16 bit values.
 855:Drivers/CMSIS/Include/cmsis_gcc.h ****   \param [in]    ptr  Pointer to data
 856:Drivers/CMSIS/Include/cmsis_gcc.h ****   \return        value of type uint16_t at (*ptr)
 857:Drivers/CMSIS/Include/cmsis_gcc.h ****  */
 858:Drivers/CMSIS/Include/cmsis_gcc.h **** __STATIC_FORCEINLINE uint16_t __LDAEXH(volatile uint16_t *ptr)
 859:Drivers/CMSIS/Include/cmsis_gcc.h **** {
 860:Drivers/CMSIS/Include/cmsis_gcc.h ****     uint32_t result;
ARM GAS  C:\Users\40918\AppData\Local\Temp\ccc2gyMS.s 			page 94


 861:Drivers/CMSIS/Include/cmsis_gcc.h **** 
 862:Drivers/CMSIS/Include/cmsis_gcc.h ****    __ASM volatile ("ldaexh %0, %1" : "=r" (result) : "Q" (*ptr) : "memory" );
 863:Drivers/CMSIS/Include/cmsis_gcc.h ****    return ((uint16_t) result);
 864:Drivers/CMSIS/Include/cmsis_gcc.h **** }
 865:Drivers/CMSIS/Include/cmsis_gcc.h **** 
 866:Drivers/CMSIS/Include/cmsis_gcc.h **** 
 867:Drivers/CMSIS/Include/cmsis_gcc.h **** /**
 868:Drivers/CMSIS/Include/cmsis_gcc.h ****   \brief   Load-Acquire Exclusive (32 bit)
 869:Drivers/CMSIS/Include/cmsis_gcc.h ****   \details Executes a LDA exclusive instruction for 32 bit values.
 870:Drivers/CMSIS/Include/cmsis_gcc.h ****   \param [in]    ptr  Pointer to data
 871:Drivers/CMSIS/Include/cmsis_gcc.h ****   \return        value of type uint32_t at (*ptr)
 872:Drivers/CMSIS/Include/cmsis_gcc.h ****  */
 873:Drivers/CMSIS/Include/cmsis_gcc.h **** __STATIC_FORCEINLINE uint32_t __LDAEX(volatile uint32_t *ptr)
 874:Drivers/CMSIS/Include/cmsis_gcc.h **** {
 875:Drivers/CMSIS/Include/cmsis_gcc.h ****     uint32_t result;
 876:Drivers/CMSIS/Include/cmsis_gcc.h **** 
 877:Drivers/CMSIS/Include/cmsis_gcc.h ****    __ASM volatile ("ldaex %0, %1" : "=r" (result) : "Q" (*ptr) : "memory" );
 878:Drivers/CMSIS/Include/cmsis_gcc.h ****    return(result);
 879:Drivers/CMSIS/Include/cmsis_gcc.h **** }
 880:Drivers/CMSIS/Include/cmsis_gcc.h **** 
 881:Drivers/CMSIS/Include/cmsis_gcc.h **** 
 882:Drivers/CMSIS/Include/cmsis_gcc.h **** /**
 883:Drivers/CMSIS/Include/cmsis_gcc.h ****   \brief   Store-Release Exclusive (8 bit)
 884:Drivers/CMSIS/Include/cmsis_gcc.h ****   \details Executes a STLB exclusive instruction for 8 bit values.
 885:Drivers/CMSIS/Include/cmsis_gcc.h ****   \param [in]  value  Value to store
 886:Drivers/CMSIS/Include/cmsis_gcc.h ****   \param [in]    ptr  Pointer to location
 887:Drivers/CMSIS/Include/cmsis_gcc.h ****   \return          0  Function succeeded
 888:Drivers/CMSIS/Include/cmsis_gcc.h ****   \return          1  Function failed
 889:Drivers/CMSIS/Include/cmsis_gcc.h ****  */
 890:Drivers/CMSIS/Include/cmsis_gcc.h **** __STATIC_FORCEINLINE uint32_t __STLEXB(uint8_t value, volatile uint8_t *ptr)
 891:Drivers/CMSIS/Include/cmsis_gcc.h **** {
 892:Drivers/CMSIS/Include/cmsis_gcc.h ****    uint32_t result;
 893:Drivers/CMSIS/Include/cmsis_gcc.h **** 
 894:Drivers/CMSIS/Include/cmsis_gcc.h ****    __ASM volatile ("stlexb %0, %2, %1" : "=&r" (result), "=Q" (*ptr) : "r" ((uint32_t)value) : "mem
 895:Drivers/CMSIS/Include/cmsis_gcc.h ****    return(result);
 896:Drivers/CMSIS/Include/cmsis_gcc.h **** }
 897:Drivers/CMSIS/Include/cmsis_gcc.h **** 
 898:Drivers/CMSIS/Include/cmsis_gcc.h **** 
 899:Drivers/CMSIS/Include/cmsis_gcc.h **** /**
 900:Drivers/CMSIS/Include/cmsis_gcc.h ****   \brief   Store-Release Exclusive (16 bit)
 901:Drivers/CMSIS/Include/cmsis_gcc.h ****   \details Executes a STLH exclusive instruction for 16 bit values.
 902:Drivers/CMSIS/Include/cmsis_gcc.h ****   \param [in]  value  Value to store
 903:Drivers/CMSIS/Include/cmsis_gcc.h ****   \param [in]    ptr  Pointer to location
 904:Drivers/CMSIS/Include/cmsis_gcc.h ****   \return          0  Function succeeded
 905:Drivers/CMSIS/Include/cmsis_gcc.h ****   \return          1  Function failed
 906:Drivers/CMSIS/Include/cmsis_gcc.h ****  */
 907:Drivers/CMSIS/Include/cmsis_gcc.h **** __STATIC_FORCEINLINE uint32_t __STLEXH(uint16_t value, volatile uint16_t *ptr)
 908:Drivers/CMSIS/Include/cmsis_gcc.h **** {
 909:Drivers/CMSIS/Include/cmsis_gcc.h ****    uint32_t result;
 910:Drivers/CMSIS/Include/cmsis_gcc.h **** 
 911:Drivers/CMSIS/Include/cmsis_gcc.h ****    __ASM volatile ("stlexh %0, %2, %1" : "=&r" (result), "=Q" (*ptr) : "r" ((uint32_t)value) : "mem
 912:Drivers/CMSIS/Include/cmsis_gcc.h ****    return(result);
 913:Drivers/CMSIS/Include/cmsis_gcc.h **** }
 914:Drivers/CMSIS/Include/cmsis_gcc.h **** 
 915:Drivers/CMSIS/Include/cmsis_gcc.h **** 
 916:Drivers/CMSIS/Include/cmsis_gcc.h **** /**
 917:Drivers/CMSIS/Include/cmsis_gcc.h ****   \brief   Store-Release Exclusive (32 bit)
ARM GAS  C:\Users\40918\AppData\Local\Temp\ccc2gyMS.s 			page 95


 918:Drivers/CMSIS/Include/cmsis_gcc.h ****   \details Executes a STL exclusive instruction for 32 bit values.
 919:Drivers/CMSIS/Include/cmsis_gcc.h ****   \param [in]  value  Value to store
 920:Drivers/CMSIS/Include/cmsis_gcc.h ****   \param [in]    ptr  Pointer to location
 921:Drivers/CMSIS/Include/cmsis_gcc.h ****   \return          0  Function succeeded
 922:Drivers/CMSIS/Include/cmsis_gcc.h ****   \return          1  Function failed
 923:Drivers/CMSIS/Include/cmsis_gcc.h ****  */
 924:Drivers/CMSIS/Include/cmsis_gcc.h **** __STATIC_FORCEINLINE uint32_t __STLEX(uint32_t value, volatile uint32_t *ptr)
 925:Drivers/CMSIS/Include/cmsis_gcc.h **** {
 926:Drivers/CMSIS/Include/cmsis_gcc.h ****    uint32_t result;
 927:Drivers/CMSIS/Include/cmsis_gcc.h **** 
 928:Drivers/CMSIS/Include/cmsis_gcc.h ****    __ASM volatile ("stlex %0, %2, %1" : "=&r" (result), "=Q" (*ptr) : "r" ((uint32_t)value) : "memo
 929:Drivers/CMSIS/Include/cmsis_gcc.h ****    return(result);
 930:Drivers/CMSIS/Include/cmsis_gcc.h **** }
 931:Drivers/CMSIS/Include/cmsis_gcc.h **** 
 932:Drivers/CMSIS/Include/cmsis_gcc.h **** #endif /* ((defined (__ARM_ARCH_8M_MAIN__ ) && (__ARM_ARCH_8M_MAIN__ == 1)) || \
 933:Drivers/CMSIS/Include/cmsis_gcc.h ****            (defined (__ARM_ARCH_8M_BASE__ ) && (__ARM_ARCH_8M_BASE__ == 1))    ) */
 934:Drivers/CMSIS/Include/cmsis_gcc.h **** 
 935:Drivers/CMSIS/Include/cmsis_gcc.h **** /*@}*/ /* end of group CMSIS_Core_InstructionInterface */
 936:Drivers/CMSIS/Include/cmsis_gcc.h **** 
 937:Drivers/CMSIS/Include/cmsis_gcc.h **** 
 938:Drivers/CMSIS/Include/cmsis_gcc.h **** /* ###########################  Core Function Access  ########################### */
 939:Drivers/CMSIS/Include/cmsis_gcc.h **** /** \ingroup  CMSIS_Core_FunctionInterface
 940:Drivers/CMSIS/Include/cmsis_gcc.h ****     \defgroup CMSIS_Core_RegAccFunctions CMSIS Core Register Access Functions
 941:Drivers/CMSIS/Include/cmsis_gcc.h ****   @{
 942:Drivers/CMSIS/Include/cmsis_gcc.h ****  */
 943:Drivers/CMSIS/Include/cmsis_gcc.h **** 
 944:Drivers/CMSIS/Include/cmsis_gcc.h **** /**
 945:Drivers/CMSIS/Include/cmsis_gcc.h ****   \brief   Enable IRQ Interrupts
 946:Drivers/CMSIS/Include/cmsis_gcc.h ****   \details Enables IRQ interrupts by clearing special-purpose register PRIMASK.
 947:Drivers/CMSIS/Include/cmsis_gcc.h ****            Can only be executed in Privileged modes.
 948:Drivers/CMSIS/Include/cmsis_gcc.h ****  */
 949:Drivers/CMSIS/Include/cmsis_gcc.h **** __STATIC_FORCEINLINE void __enable_irq(void)
 950:Drivers/CMSIS/Include/cmsis_gcc.h **** {
 951:Drivers/CMSIS/Include/cmsis_gcc.h ****   __ASM volatile ("cpsie i" : : : "memory");
 952:Drivers/CMSIS/Include/cmsis_gcc.h **** }
 953:Drivers/CMSIS/Include/cmsis_gcc.h **** 
 954:Drivers/CMSIS/Include/cmsis_gcc.h **** 
 955:Drivers/CMSIS/Include/cmsis_gcc.h **** /**
 956:Drivers/CMSIS/Include/cmsis_gcc.h ****   \brief   Disable IRQ Interrupts
 957:Drivers/CMSIS/Include/cmsis_gcc.h ****   \details Disables IRQ interrupts by setting special-purpose register PRIMASK.
 958:Drivers/CMSIS/Include/cmsis_gcc.h ****            Can only be executed in Privileged modes.
 959:Drivers/CMSIS/Include/cmsis_gcc.h ****  */
 960:Drivers/CMSIS/Include/cmsis_gcc.h **** __STATIC_FORCEINLINE void __disable_irq(void)
 2538              		.loc 2 960 27 view .LVU637
 2539              	.LBB15:
 961:Drivers/CMSIS/Include/cmsis_gcc.h **** {
 962:Drivers/CMSIS/Include/cmsis_gcc.h ****   __ASM volatile ("cpsid i" : : : "memory");
 2540              		.loc 2 962 3 view .LVU638
 2541              		.syntax unified
 2542              	@ 962 "Drivers/CMSIS/Include/cmsis_gcc.h" 1
 2543 0000 72B6     		cpsid i
 2544              	@ 0 "" 2
 2545              		.thumb
 2546              		.syntax unified
 2547              	.L188:
 2548              	.LBE15:
 2549              	.LBE14:
ARM GAS  C:\Users\40918\AppData\Local\Temp\ccc2gyMS.s 			page 96


1446:Core/Src/main.c ****   while (1)
 2550              		.loc 1 1446 3 view .LVU639
1447:Core/Src/main.c ****   {
1448:Core/Src/main.c ****   }
 2551              		.loc 1 1448 3 view .LVU640
1446:Core/Src/main.c ****   while (1)
 2552              		.loc 1 1446 9 view .LVU641
 2553 0002 FEE7     		b	.L188
 2554              		.cfi_endproc
 2555              	.LFE283:
 2557              		.section	.text.MX_USART1_UART_Init,"ax",%progbits
 2558              		.align	1
 2559              		.syntax unified
 2560              		.thumb
 2561              		.thumb_func
 2563              	MX_USART1_UART_Init:
 2564              	.LFB254:
 660:Core/Src/main.c **** 
 2565              		.loc 1 660 1 view -0
 2566              		.cfi_startproc
 2567              		@ args = 0, pretend = 0, frame = 0
 2568              		@ frame_needed = 0, uses_anonymous_args = 0
 2569 0000 08B5     		push	{r3, lr}
 2570              	.LCFI42:
 2571              		.cfi_def_cfa_offset 8
 2572              		.cfi_offset 3, -8
 2573              		.cfi_offset 14, -4
 669:Core/Src/main.c ****   huart1.Init.BaudRate = 115200;
 2574              		.loc 1 669 3 view .LVU643
 669:Core/Src/main.c ****   huart1.Init.BaudRate = 115200;
 2575              		.loc 1 669 19 is_stmt 0 view .LVU644
 2576 0002 0A48     		ldr	r0, .L193
 2577 0004 0A4B     		ldr	r3, .L193+4
 2578 0006 0360     		str	r3, [r0]
 670:Core/Src/main.c ****   huart1.Init.WordLength = UART_WORDLENGTH_8B;
 2579              		.loc 1 670 3 is_stmt 1 view .LVU645
 670:Core/Src/main.c ****   huart1.Init.WordLength = UART_WORDLENGTH_8B;
 2580              		.loc 1 670 24 is_stmt 0 view .LVU646
 2581 0008 4FF4E133 		mov	r3, #115200
 2582 000c 4360     		str	r3, [r0, #4]
 671:Core/Src/main.c ****   huart1.Init.StopBits = UART_STOPBITS_1;
 2583              		.loc 1 671 3 is_stmt 1 view .LVU647
 671:Core/Src/main.c ****   huart1.Init.StopBits = UART_STOPBITS_1;
 2584              		.loc 1 671 26 is_stmt 0 view .LVU648
 2585 000e 0023     		movs	r3, #0
 2586 0010 8360     		str	r3, [r0, #8]
 672:Core/Src/main.c ****   huart1.Init.Parity = UART_PARITY_NONE;
 2587              		.loc 1 672 3 is_stmt 1 view .LVU649
 672:Core/Src/main.c ****   huart1.Init.Parity = UART_PARITY_NONE;
 2588              		.loc 1 672 24 is_stmt 0 view .LVU650
 2589 0012 C360     		str	r3, [r0, #12]
 673:Core/Src/main.c ****   huart1.Init.Mode = UART_MODE_TX_RX;
 2590              		.loc 1 673 3 is_stmt 1 view .LVU651
 673:Core/Src/main.c ****   huart1.Init.Mode = UART_MODE_TX_RX;
 2591              		.loc 1 673 22 is_stmt 0 view .LVU652
 2592 0014 0361     		str	r3, [r0, #16]
 674:Core/Src/main.c ****   huart1.Init.HwFlowCtl = UART_HWCONTROL_NONE;
ARM GAS  C:\Users\40918\AppData\Local\Temp\ccc2gyMS.s 			page 97


 2593              		.loc 1 674 3 is_stmt 1 view .LVU653
 674:Core/Src/main.c ****   huart1.Init.HwFlowCtl = UART_HWCONTROL_NONE;
 2594              		.loc 1 674 20 is_stmt 0 view .LVU654
 2595 0016 0C22     		movs	r2, #12
 2596 0018 4261     		str	r2, [r0, #20]
 675:Core/Src/main.c ****   huart1.Init.OverSampling = UART_OVERSAMPLING_16;
 2597              		.loc 1 675 3 is_stmt 1 view .LVU655
 675:Core/Src/main.c ****   huart1.Init.OverSampling = UART_OVERSAMPLING_16;
 2598              		.loc 1 675 25 is_stmt 0 view .LVU656
 2599 001a 8361     		str	r3, [r0, #24]
 676:Core/Src/main.c ****   if (HAL_UART_Init(&huart1) != HAL_OK)
 2600              		.loc 1 676 3 is_stmt 1 view .LVU657
 676:Core/Src/main.c ****   if (HAL_UART_Init(&huart1) != HAL_OK)
 2601              		.loc 1 676 28 is_stmt 0 view .LVU658
 2602 001c C361     		str	r3, [r0, #28]
 677:Core/Src/main.c ****   {
 2603              		.loc 1 677 3 is_stmt 1 view .LVU659
 677:Core/Src/main.c ****   {
 2604              		.loc 1 677 7 is_stmt 0 view .LVU660
 2605 001e FFF7FEFF 		bl	HAL_UART_Init
 2606              	.LVL219:
 677:Core/Src/main.c ****   {
 2607              		.loc 1 677 6 discriminator 1 view .LVU661
 2608 0022 00B9     		cbnz	r0, .L192
 685:Core/Src/main.c **** 
 2609              		.loc 1 685 1 view .LVU662
 2610 0024 08BD     		pop	{r3, pc}
 2611              	.L192:
 679:Core/Src/main.c ****   }
 2612              		.loc 1 679 5 is_stmt 1 view .LVU663
 2613 0026 FFF7FEFF 		bl	Error_Handler
 2614              	.LVL220:
 2615              	.L194:
 2616 002a 00BF     		.align	2
 2617              	.L193:
 2618 002c 00000000 		.word	huart1
 2619 0030 00100140 		.word	1073811456
 2620              		.cfi_endproc
 2621              	.LFE254:
 2623              		.section	.text.MX_USART2_UART_Init,"ax",%progbits
 2624              		.align	1
 2625              		.syntax unified
 2626              		.thumb
 2627              		.thumb_func
 2629              	MX_USART2_UART_Init:
 2630              	.LFB255:
 693:Core/Src/main.c **** 
 2631              		.loc 1 693 1 view -0
 2632              		.cfi_startproc
 2633              		@ args = 0, pretend = 0, frame = 0
 2634              		@ frame_needed = 0, uses_anonymous_args = 0
 2635 0000 08B5     		push	{r3, lr}
 2636              	.LCFI43:
 2637              		.cfi_def_cfa_offset 8
 2638              		.cfi_offset 3, -8
 2639              		.cfi_offset 14, -4
 702:Core/Src/main.c ****   huart2.Init.BaudRate = MODBUS_U2_BAUDRATE;
ARM GAS  C:\Users\40918\AppData\Local\Temp\ccc2gyMS.s 			page 98


 2640              		.loc 1 702 3 view .LVU665
 702:Core/Src/main.c ****   huart2.Init.BaudRate = MODBUS_U2_BAUDRATE;
 2641              		.loc 1 702 19 is_stmt 0 view .LVU666
 2642 0002 0A48     		ldr	r0, .L199
 2643 0004 0A4B     		ldr	r3, .L199+4
 2644 0006 0360     		str	r3, [r0]
 703:Core/Src/main.c **** #if MODBUS_U2_USE_8E1
 2645              		.loc 1 703 3 is_stmt 1 view .LVU667
 703:Core/Src/main.c **** #if MODBUS_U2_USE_8E1
 2646              		.loc 1 703 24 is_stmt 0 view .LVU668
 2647 0008 4FF41653 		mov	r3, #9600
 2648 000c 4360     		str	r3, [r0, #4]
 707:Core/Src/main.c **** #endif
 2649              		.loc 1 707 3 is_stmt 1 view .LVU669
 707:Core/Src/main.c **** #endif
 2650              		.loc 1 707 26 is_stmt 0 view .LVU670
 2651 000e 0023     		movs	r3, #0
 2652 0010 8360     		str	r3, [r0, #8]
 709:Core/Src/main.c **** #if MODBUS_U2_USE_8E1
 2653              		.loc 1 709 3 is_stmt 1 view .LVU671
 709:Core/Src/main.c **** #if MODBUS_U2_USE_8E1
 2654              		.loc 1 709 24 is_stmt 0 view .LVU672
 2655 0012 C360     		str	r3, [r0, #12]
 713:Core/Src/main.c **** #endif
 2656              		.loc 1 713 3 is_stmt 1 view .LVU673
 713:Core/Src/main.c **** #endif
 2657              		.loc 1 713 22 is_stmt 0 view .LVU674
 2658 0014 0361     		str	r3, [r0, #16]
 715:Core/Src/main.c ****   huart2.Init.HwFlowCtl = UART_HWCONTROL_NONE;
 2659              		.loc 1 715 3 is_stmt 1 view .LVU675
 715:Core/Src/main.c ****   huart2.Init.HwFlowCtl = UART_HWCONTROL_NONE;
 2660              		.loc 1 715 20 is_stmt 0 view .LVU676
 2661 0016 0C22     		movs	r2, #12
 2662 0018 4261     		str	r2, [r0, #20]
 716:Core/Src/main.c ****   huart2.Init.OverSampling = UART_OVERSAMPLING_16;
 2663              		.loc 1 716 3 is_stmt 1 view .LVU677
 716:Core/Src/main.c ****   huart2.Init.OverSampling = UART_OVERSAMPLING_16;
 2664              		.loc 1 716 25 is_stmt 0 view .LVU678
 2665 001a 8361     		str	r3, [r0, #24]
 717:Core/Src/main.c ****   if (HAL_UART_Init(&huart2) != HAL_OK)
 2666              		.loc 1 717 3 is_stmt 1 view .LVU679
 717:Core/Src/main.c ****   if (HAL_UART_Init(&huart2) != HAL_OK)
 2667              		.loc 1 717 28 is_stmt 0 view .LVU680
 2668 001c C361     		str	r3, [r0, #28]
 718:Core/Src/main.c ****   {
 2669              		.loc 1 718 3 is_stmt 1 view .LVU681
 718:Core/Src/main.c ****   {
 2670              		.loc 1 718 7 is_stmt 0 view .LVU682
 2671 001e FFF7FEFF 		bl	HAL_UART_Init
 2672              	.LVL221:
 718:Core/Src/main.c ****   {
 2673              		.loc 1 718 6 discriminator 1 view .LVU683
 2674 0022 00B9     		cbnz	r0, .L198
 726:Core/Src/main.c **** 
 2675              		.loc 1 726 1 view .LVU684
 2676 0024 08BD     		pop	{r3, pc}
 2677              	.L198:
ARM GAS  C:\Users\40918\AppData\Local\Temp\ccc2gyMS.s 			page 99


 720:Core/Src/main.c ****   }
 2678              		.loc 1 720 5 is_stmt 1 view .LVU685
 2679 0026 FFF7FEFF 		bl	Error_Handler
 2680              	.LVL222:
 2681              	.L200:
 2682 002a 00BF     		.align	2
 2683              	.L199:
 2684 002c 00000000 		.word	huart2
 2685 0030 00440040 		.word	1073759232
 2686              		.cfi_endproc
 2687              	.LFE255:
 2689              		.section	.text.MX_USART3_UART_Init,"ax",%progbits
 2690              		.align	1
 2691              		.syntax unified
 2692              		.thumb
 2693              		.thumb_func
 2695              	MX_USART3_UART_Init:
 2696              	.LFB256:
 734:Core/Src/main.c **** 
 2697              		.loc 1 734 1 view -0
 2698              		.cfi_startproc
 2699              		@ args = 0, pretend = 0, frame = 0
 2700              		@ frame_needed = 0, uses_anonymous_args = 0
 2701 0000 08B5     		push	{r3, lr}
 2702              	.LCFI44:
 2703              		.cfi_def_cfa_offset 8
 2704              		.cfi_offset 3, -8
 2705              		.cfi_offset 14, -4
 743:Core/Src/main.c ****   huart3.Init.BaudRate = 57600;
 2706              		.loc 1 743 3 view .LVU687
 743:Core/Src/main.c ****   huart3.Init.BaudRate = 57600;
 2707              		.loc 1 743 19 is_stmt 0 view .LVU688
 2708 0002 0A48     		ldr	r0, .L205
 2709 0004 0A4B     		ldr	r3, .L205+4
 2710 0006 0360     		str	r3, [r0]
 744:Core/Src/main.c ****   huart3.Init.WordLength = UART_WORDLENGTH_8B;
 2711              		.loc 1 744 3 is_stmt 1 view .LVU689
 744:Core/Src/main.c ****   huart3.Init.WordLength = UART_WORDLENGTH_8B;
 2712              		.loc 1 744 24 is_stmt 0 view .LVU690
 2713 0008 4FF46143 		mov	r3, #57600
 2714 000c 4360     		str	r3, [r0, #4]
 745:Core/Src/main.c ****   huart3.Init.StopBits = UART_STOPBITS_1;
 2715              		.loc 1 745 3 is_stmt 1 view .LVU691
 745:Core/Src/main.c ****   huart3.Init.StopBits = UART_STOPBITS_1;
 2716              		.loc 1 745 26 is_stmt 0 view .LVU692
 2717 000e 0023     		movs	r3, #0
 2718 0010 8360     		str	r3, [r0, #8]
 746:Core/Src/main.c ****   huart3.Init.Parity = UART_PARITY_NONE;
 2719              		.loc 1 746 3 is_stmt 1 view .LVU693
 746:Core/Src/main.c ****   huart3.Init.Parity = UART_PARITY_NONE;
 2720              		.loc 1 746 24 is_stmt 0 view .LVU694
 2721 0012 C360     		str	r3, [r0, #12]
 747:Core/Src/main.c ****   huart3.Init.Mode = UART_MODE_TX_RX;
 2722              		.loc 1 747 3 is_stmt 1 view .LVU695
 747:Core/Src/main.c ****   huart3.Init.Mode = UART_MODE_TX_RX;
 2723              		.loc 1 747 22 is_stmt 0 view .LVU696
 2724 0014 0361     		str	r3, [r0, #16]
ARM GAS  C:\Users\40918\AppData\Local\Temp\ccc2gyMS.s 			page 100


 748:Core/Src/main.c ****   huart3.Init.HwFlowCtl = UART_HWCONTROL_NONE;
 2725              		.loc 1 748 3 is_stmt 1 view .LVU697
 748:Core/Src/main.c ****   huart3.Init.HwFlowCtl = UART_HWCONTROL_NONE;
 2726              		.loc 1 748 20 is_stmt 0 view .LVU698
 2727 0016 0C22     		movs	r2, #12
 2728 0018 4261     		str	r2, [r0, #20]
 749:Core/Src/main.c ****   huart3.Init.OverSampling = UART_OVERSAMPLING_16;
 2729              		.loc 1 749 3 is_stmt 1 view .LVU699
 749:Core/Src/main.c ****   huart3.Init.OverSampling = UART_OVERSAMPLING_16;
 2730              		.loc 1 749 25 is_stmt 0 view .LVU700
 2731 001a 8361     		str	r3, [r0, #24]
 750:Core/Src/main.c ****   if (HAL_UART_Init(&huart3) != HAL_OK)
 2732              		.loc 1 750 3 is_stmt 1 view .LVU701
 750:Core/Src/main.c ****   if (HAL_UART_Init(&huart3) != HAL_OK)
 2733              		.loc 1 750 28 is_stmt 0 view .LVU702
 2734 001c C361     		str	r3, [r0, #28]
 751:Core/Src/main.c ****   {
 2735              		.loc 1 751 3 is_stmt 1 view .LVU703
 751:Core/Src/main.c ****   {
 2736              		.loc 1 751 7 is_stmt 0 view .LVU704
 2737 001e FFF7FEFF 		bl	HAL_UART_Init
 2738              	.LVL223:
 751:Core/Src/main.c ****   {
 2739              		.loc 1 751 6 discriminator 1 view .LVU705
 2740 0022 00B9     		cbnz	r0, .L204
 759:Core/Src/main.c **** 
 2741              		.loc 1 759 1 view .LVU706
 2742 0024 08BD     		pop	{r3, pc}
 2743              	.L204:
 753:Core/Src/main.c ****   }
 2744              		.loc 1 753 5 is_stmt 1 view .LVU707
 2745 0026 FFF7FEFF 		bl	Error_Handler
 2746              	.LVL224:
 2747              	.L206:
 2748 002a 00BF     		.align	2
 2749              	.L205:
 2750 002c 00000000 		.word	huart3
 2751 0030 00480040 		.word	1073760256
 2752              		.cfi_endproc
 2753              	.LFE256:
 2755              		.section	.text.MX_USART6_UART_Init,"ax",%progbits
 2756              		.align	1
 2757              		.syntax unified
 2758              		.thumb
 2759              		.thumb_func
 2761              	MX_USART6_UART_Init:
 2762              	.LFB257:
 767:Core/Src/main.c **** 
 2763              		.loc 1 767 1 view -0
 2764              		.cfi_startproc
 2765              		@ args = 0, pretend = 0, frame = 0
 2766              		@ frame_needed = 0, uses_anonymous_args = 0
 2767 0000 08B5     		push	{r3, lr}
 2768              	.LCFI45:
 2769              		.cfi_def_cfa_offset 8
 2770              		.cfi_offset 3, -8
 2771              		.cfi_offset 14, -4
ARM GAS  C:\Users\40918\AppData\Local\Temp\ccc2gyMS.s 			page 101


 776:Core/Src/main.c ****   huart6.Init.BaudRate = 57600;
 2772              		.loc 1 776 3 view .LVU709
 776:Core/Src/main.c ****   huart6.Init.BaudRate = 57600;
 2773              		.loc 1 776 19 is_stmt 0 view .LVU710
 2774 0002 0A48     		ldr	r0, .L211
 2775 0004 0A4B     		ldr	r3, .L211+4
 2776 0006 0360     		str	r3, [r0]
 777:Core/Src/main.c ****   huart6.Init.WordLength = UART_WORDLENGTH_8B;
 2777              		.loc 1 777 3 is_stmt 1 view .LVU711
 777:Core/Src/main.c ****   huart6.Init.WordLength = UART_WORDLENGTH_8B;
 2778              		.loc 1 777 24 is_stmt 0 view .LVU712
 2779 0008 4FF46143 		mov	r3, #57600
 2780 000c 4360     		str	r3, [r0, #4]
 778:Core/Src/main.c ****   huart6.Init.StopBits = UART_STOPBITS_1;
 2781              		.loc 1 778 3 is_stmt 1 view .LVU713
 778:Core/Src/main.c ****   huart6.Init.StopBits = UART_STOPBITS_1;
 2782              		.loc 1 778 26 is_stmt 0 view .LVU714
 2783 000e 0023     		movs	r3, #0
 2784 0010 8360     		str	r3, [r0, #8]
 779:Core/Src/main.c ****   huart6.Init.Parity = UART_PARITY_NONE;
 2785              		.loc 1 779 3 is_stmt 1 view .LVU715
 779:Core/Src/main.c ****   huart6.Init.Parity = UART_PARITY_NONE;
 2786              		.loc 1 779 24 is_stmt 0 view .LVU716
 2787 0012 C360     		str	r3, [r0, #12]
 780:Core/Src/main.c ****   huart6.Init.Mode = UART_MODE_TX_RX;
 2788              		.loc 1 780 3 is_stmt 1 view .LVU717
 780:Core/Src/main.c ****   huart6.Init.Mode = UART_MODE_TX_RX;
 2789              		.loc 1 780 22 is_stmt 0 view .LVU718
 2790 0014 0361     		str	r3, [r0, #16]
 781:Core/Src/main.c ****   huart6.Init.HwFlowCtl = UART_HWCONTROL_NONE;
 2791              		.loc 1 781 3 is_stmt 1 view .LVU719
 781:Core/Src/main.c ****   huart6.Init.HwFlowCtl = UART_HWCONTROL_NONE;
 2792              		.loc 1 781 20 is_stmt 0 view .LVU720
 2793 0016 0C22     		movs	r2, #12
 2794 0018 4261     		str	r2, [r0, #20]
 782:Core/Src/main.c ****   huart6.Init.OverSampling = UART_OVERSAMPLING_16;
 2795              		.loc 1 782 3 is_stmt 1 view .LVU721
 782:Core/Src/main.c ****   huart6.Init.OverSampling = UART_OVERSAMPLING_16;
 2796              		.loc 1 782 25 is_stmt 0 view .LVU722
 2797 001a 8361     		str	r3, [r0, #24]
 783:Core/Src/main.c ****   if (HAL_UART_Init(&huart6) != HAL_OK)
 2798              		.loc 1 783 3 is_stmt 1 view .LVU723
 783:Core/Src/main.c ****   if (HAL_UART_Init(&huart6) != HAL_OK)
 2799              		.loc 1 783 28 is_stmt 0 view .LVU724
 2800 001c C361     		str	r3, [r0, #28]
 784:Core/Src/main.c ****   {
 2801              		.loc 1 784 3 is_stmt 1 view .LVU725
 784:Core/Src/main.c ****   {
 2802              		.loc 1 784 7 is_stmt 0 view .LVU726
 2803 001e FFF7FEFF 		bl	HAL_UART_Init
 2804              	.LVL225:
 784:Core/Src/main.c ****   {
 2805              		.loc 1 784 6 discriminator 1 view .LVU727
 2806 0022 00B9     		cbnz	r0, .L210
 792:Core/Src/main.c **** 
 2807              		.loc 1 792 1 view .LVU728
 2808 0024 08BD     		pop	{r3, pc}
ARM GAS  C:\Users\40918\AppData\Local\Temp\ccc2gyMS.s 			page 102


 2809              	.L210:
 786:Core/Src/main.c ****   }
 2810              		.loc 1 786 5 is_stmt 1 view .LVU729
 2811 0026 FFF7FEFF 		bl	Error_Handler
 2812              	.LVL226:
 2813              	.L212:
 2814 002a 00BF     		.align	2
 2815              	.L211:
 2816 002c 00000000 		.word	huart6
 2817 0030 00140140 		.word	1073812480
 2818              		.cfi_endproc
 2819              	.LFE257:
 2821              		.section	.text.MX_ADC1_Init,"ax",%progbits
 2822              		.align	1
 2823              		.syntax unified
 2824              		.thumb
 2825              		.thumb_func
 2827              	MX_ADC1_Init:
 2828              	.LFB251:
 544:Core/Src/main.c ****   ADC_ChannelConfTypeDef sConfig = {0};
 2829              		.loc 1 544 1 view -0
 2830              		.cfi_startproc
 2831              		@ args = 0, pretend = 0, frame = 16
 2832              		@ frame_needed = 0, uses_anonymous_args = 0
 2833 0000 00B5     		push	{lr}
 2834              	.LCFI46:
 2835              		.cfi_def_cfa_offset 4
 2836              		.cfi_offset 14, -4
 2837 0002 85B0     		sub	sp, sp, #20
 2838              	.LCFI47:
 2839              		.cfi_def_cfa_offset 24
 545:Core/Src/main.c **** 
 2840              		.loc 1 545 3 view .LVU731
 545:Core/Src/main.c **** 
 2841              		.loc 1 545 26 is_stmt 0 view .LVU732
 2842 0004 0023     		movs	r3, #0
 2843 0006 0093     		str	r3, [sp]
 2844 0008 0193     		str	r3, [sp, #4]
 2845 000a 0293     		str	r3, [sp, #8]
 2846 000c 0393     		str	r3, [sp, #12]
 547:Core/Src/main.c ****   hadc1.Init.ClockPrescaler = ADC_CLOCK_SYNC_PCLK_DIV8;
 2847              		.loc 1 547 3 is_stmt 1 view .LVU733
 547:Core/Src/main.c ****   hadc1.Init.ClockPrescaler = ADC_CLOCK_SYNC_PCLK_DIV8;
 2848              		.loc 1 547 18 is_stmt 0 view .LVU734
 2849 000e 1848     		ldr	r0, .L221
 2850 0010 184A     		ldr	r2, .L221+4
 2851 0012 0260     		str	r2, [r0]
 548:Core/Src/main.c ****   hadc1.Init.Resolution = ADC_RESOLUTION_12B;
 2852              		.loc 1 548 3 is_stmt 1 view .LVU735
 548:Core/Src/main.c ****   hadc1.Init.Resolution = ADC_RESOLUTION_12B;
 2853              		.loc 1 548 29 is_stmt 0 view .LVU736
 2854 0014 4FF44032 		mov	r2, #196608
 2855 0018 4260     		str	r2, [r0, #4]
 549:Core/Src/main.c ****   hadc1.Init.ScanConvMode = DISABLE;
 2856              		.loc 1 549 3 is_stmt 1 view .LVU737
 549:Core/Src/main.c ****   hadc1.Init.ScanConvMode = DISABLE;
 2857              		.loc 1 549 25 is_stmt 0 view .LVU738
ARM GAS  C:\Users\40918\AppData\Local\Temp\ccc2gyMS.s 			page 103


 2858 001a 8360     		str	r3, [r0, #8]
 550:Core/Src/main.c ****   hadc1.Init.ContinuousConvMode = ENABLE;
 2859              		.loc 1 550 3 is_stmt 1 view .LVU739
 550:Core/Src/main.c ****   hadc1.Init.ContinuousConvMode = ENABLE;
 2860              		.loc 1 550 27 is_stmt 0 view .LVU740
 2861 001c 0361     		str	r3, [r0, #16]
 551:Core/Src/main.c ****   hadc1.Init.DiscontinuousConvMode = DISABLE;
 2862              		.loc 1 551 3 is_stmt 1 view .LVU741
 551:Core/Src/main.c ****   hadc1.Init.DiscontinuousConvMode = DISABLE;
 2863              		.loc 1 551 33 is_stmt 0 view .LVU742
 2864 001e 0122     		movs	r2, #1
 2865 0020 0276     		strb	r2, [r0, #24]
 552:Core/Src/main.c ****   hadc1.Init.ExternalTrigConvEdge = ADC_EXTERNALTRIGCONVEDGE_NONE;
 2866              		.loc 1 552 3 is_stmt 1 view .LVU743
 552:Core/Src/main.c ****   hadc1.Init.ExternalTrigConvEdge = ADC_EXTERNALTRIGCONVEDGE_NONE;
 2867              		.loc 1 552 36 is_stmt 0 view .LVU744
 2868 0022 80F82030 		strb	r3, [r0, #32]
 553:Core/Src/main.c ****   hadc1.Init.ExternalTrigConv = ADC_SOFTWARE_START;
 2869              		.loc 1 553 3 is_stmt 1 view .LVU745
 553:Core/Src/main.c ****   hadc1.Init.ExternalTrigConv = ADC_SOFTWARE_START;
 2870              		.loc 1 553 35 is_stmt 0 view .LVU746
 2871 0026 C362     		str	r3, [r0, #44]
 554:Core/Src/main.c ****   hadc1.Init.DataAlign = ADC_DATAALIGN_RIGHT;
 2872              		.loc 1 554 3 is_stmt 1 view .LVU747
 554:Core/Src/main.c ****   hadc1.Init.DataAlign = ADC_DATAALIGN_RIGHT;
 2873              		.loc 1 554 31 is_stmt 0 view .LVU748
 2874 0028 1349     		ldr	r1, .L221+8
 2875 002a 8162     		str	r1, [r0, #40]
 555:Core/Src/main.c ****   hadc1.Init.NbrOfConversion = 1;
 2876              		.loc 1 555 3 is_stmt 1 view .LVU749
 555:Core/Src/main.c ****   hadc1.Init.NbrOfConversion = 1;
 2877              		.loc 1 555 24 is_stmt 0 view .LVU750
 2878 002c C360     		str	r3, [r0, #12]
 556:Core/Src/main.c ****   hadc1.Init.DMAContinuousRequests = ENABLE;
 2879              		.loc 1 556 3 is_stmt 1 view .LVU751
 556:Core/Src/main.c ****   hadc1.Init.DMAContinuousRequests = ENABLE;
 2880              		.loc 1 556 30 is_stmt 0 view .LVU752
 2881 002e C261     		str	r2, [r0, #28]
 557:Core/Src/main.c ****   hadc1.Init.EOCSelection = ADC_EOC_SINGLE_CONV;
 2882              		.loc 1 557 3 is_stmt 1 view .LVU753
 557:Core/Src/main.c ****   hadc1.Init.EOCSelection = ADC_EOC_SINGLE_CONV;
 2883              		.loc 1 557 36 is_stmt 0 view .LVU754
 2884 0030 80F83020 		strb	r2, [r0, #48]
 558:Core/Src/main.c ****   if (HAL_ADC_Init(&hadc1) != HAL_OK)
 2885              		.loc 1 558 3 is_stmt 1 view .LVU755
 558:Core/Src/main.c ****   if (HAL_ADC_Init(&hadc1) != HAL_OK)
 2886              		.loc 1 558 27 is_stmt 0 view .LVU756
 2887 0034 4261     		str	r2, [r0, #20]
 559:Core/Src/main.c ****   {
 2888              		.loc 1 559 3 is_stmt 1 view .LVU757
 559:Core/Src/main.c ****   {
 2889              		.loc 1 559 7 is_stmt 0 view .LVU758
 2890 0036 FFF7FEFF 		bl	HAL_ADC_Init
 2891              	.LVL227:
 559:Core/Src/main.c ****   {
 2892              		.loc 1 559 6 discriminator 1 view .LVU759
 2893 003a 98B9     		cbnz	r0, .L218
ARM GAS  C:\Users\40918\AppData\Local\Temp\ccc2gyMS.s 			page 104


 564:Core/Src/main.c ****   sConfig.Rank = 1;
 2894              		.loc 1 564 3 is_stmt 1 view .LVU760
 564:Core/Src/main.c ****   sConfig.Rank = 1;
 2895              		.loc 1 564 19 is_stmt 0 view .LVU761
 2896 003c 0C23     		movs	r3, #12
 2897 003e 0093     		str	r3, [sp]
 565:Core/Src/main.c ****   sConfig.SamplingTime = ADC_SAMPLETIME_480CYCLES;
 2898              		.loc 1 565 3 is_stmt 1 view .LVU762
 565:Core/Src/main.c ****   sConfig.SamplingTime = ADC_SAMPLETIME_480CYCLES;
 2899              		.loc 1 565 16 is_stmt 0 view .LVU763
 2900 0040 0123     		movs	r3, #1
 2901 0042 0193     		str	r3, [sp, #4]
 566:Core/Src/main.c ****   if (HAL_ADC_ConfigChannel(&hadc1, &sConfig) != HAL_OK)
 2902              		.loc 1 566 3 is_stmt 1 view .LVU764
 566:Core/Src/main.c ****   if (HAL_ADC_ConfigChannel(&hadc1, &sConfig) != HAL_OK)
 2903              		.loc 1 566 24 is_stmt 0 view .LVU765
 2904 0044 0723     		movs	r3, #7
 2905 0046 0293     		str	r3, [sp, #8]
 567:Core/Src/main.c ****   {
 2906              		.loc 1 567 3 is_stmt 1 view .LVU766
 567:Core/Src/main.c ****   {
 2907              		.loc 1 567 7 is_stmt 0 view .LVU767
 2908 0048 6946     		mov	r1, sp
 2909 004a 0948     		ldr	r0, .L221
 2910 004c FFF7FEFF 		bl	HAL_ADC_ConfigChannel
 2911              	.LVL228:
 567:Core/Src/main.c ****   {
 2912              		.loc 1 567 6 discriminator 1 view .LVU768
 2913 0050 50B9     		cbnz	r0, .L219
 572:Core/Src/main.c ****   {
 2914              		.loc 1 572 3 is_stmt 1 view .LVU769
 572:Core/Src/main.c ****   {
 2915              		.loc 1 572 7 is_stmt 0 view .LVU770
 2916 0052 0122     		movs	r2, #1
 2917 0054 0949     		ldr	r1, .L221+12
 2918 0056 0648     		ldr	r0, .L221
 2919 0058 FFF7FEFF 		bl	HAL_ADC_Start_DMA
 2920              	.LVL229:
 572:Core/Src/main.c ****   {
 2921              		.loc 1 572 6 discriminator 1 view .LVU771
 2922 005c 30B9     		cbnz	r0, .L220
 576:Core/Src/main.c **** 
 2923              		.loc 1 576 1 view .LVU772
 2924 005e 05B0     		add	sp, sp, #20
 2925              	.LCFI48:
 2926              		.cfi_remember_state
 2927              		.cfi_def_cfa_offset 4
 2928              		@ sp needed
 2929 0060 5DF804FB 		ldr	pc, [sp], #4
 2930              	.L218:
 2931              	.LCFI49:
 2932              		.cfi_restore_state
 561:Core/Src/main.c ****   }
 2933              		.loc 1 561 5 is_stmt 1 view .LVU773
 2934 0064 FFF7FEFF 		bl	Error_Handler
 2935              	.LVL230:
 2936              	.L219:
ARM GAS  C:\Users\40918\AppData\Local\Temp\ccc2gyMS.s 			page 105


 569:Core/Src/main.c ****   }
 2937              		.loc 1 569 5 view .LVU774
 2938 0068 FFF7FEFF 		bl	Error_Handler
 2939              	.LVL231:
 2940              	.L220:
 574:Core/Src/main.c ****   }
 2941              		.loc 1 574 5 view .LVU775
 2942 006c FFF7FEFF 		bl	Error_Handler
 2943              	.LVL232:
 2944              	.L222:
 2945              		.align	2
 2946              	.L221:
 2947 0070 00000000 		.word	hadc1
 2948 0074 00200140 		.word	1073815552
 2949 0078 0100000F 		.word	251658241
 2950 007c 00000000 		.word	g_pc2_adc_raw
 2951              		.cfi_endproc
 2952              	.LFE251:
 2954              		.section	.text.MX_IWDG_Init,"ax",%progbits
 2955              		.align	1
 2956              		.syntax unified
 2957              		.thumb
 2958              		.thumb_func
 2960              	MX_IWDG_Init:
 2961              	.LFB250:
 512:Core/Src/main.c **** 
 2962              		.loc 1 512 1 view -0
 2963              		.cfi_startproc
 2964              		@ args = 0, pretend = 0, frame = 0
 2965              		@ frame_needed = 0, uses_anonymous_args = 0
 2966 0000 08B5     		push	{r3, lr}
 2967              	.LCFI50:
 2968              		.cfi_def_cfa_offset 8
 2969              		.cfi_offset 3, -8
 2970              		.cfi_offset 14, -4
 521:Core/Src/main.c ****   /* IWDG timeout ~= (Reload + 1) * Prescaler / LSI.
 2971              		.loc 1 521 3 view .LVU777
 521:Core/Src/main.c ****   /* IWDG timeout ~= (Reload + 1) * Prescaler / LSI.
 2972              		.loc 1 521 18 is_stmt 0 view .LVU778
 2973 0002 0748     		ldr	r0, .L227
 2974 0004 074B     		ldr	r3, .L227+4
 2975 0006 0360     		str	r3, [r0]
 526:Core/Src/main.c ****   hiwdg.Init.Reload = 1874;
 2976              		.loc 1 526 3 is_stmt 1 view .LVU779
 526:Core/Src/main.c ****   hiwdg.Init.Reload = 1874;
 2977              		.loc 1 526 24 is_stmt 0 view .LVU780
 2978 0008 0623     		movs	r3, #6
 2979 000a 4360     		str	r3, [r0, #4]
 527:Core/Src/main.c ****   if (HAL_IWDG_Init(&hiwdg) != HAL_OK)
 2980              		.loc 1 527 3 is_stmt 1 view .LVU781
 527:Core/Src/main.c ****   if (HAL_IWDG_Init(&hiwdg) != HAL_OK)
 2981              		.loc 1 527 21 is_stmt 0 view .LVU782
 2982 000c 40F25273 		movw	r3, #1874
 2983 0010 8360     		str	r3, [r0, #8]
 528:Core/Src/main.c ****   {
 2984              		.loc 1 528 3 is_stmt 1 view .LVU783
 528:Core/Src/main.c ****   {
ARM GAS  C:\Users\40918\AppData\Local\Temp\ccc2gyMS.s 			page 106


 2985              		.loc 1 528 7 is_stmt 0 view .LVU784
 2986 0012 FFF7FEFF 		bl	HAL_IWDG_Init
 2987              	.LVL233:
 528:Core/Src/main.c ****   {
 2988              		.loc 1 528 6 discriminator 1 view .LVU785
 2989 0016 00B9     		cbnz	r0, .L226
 536:Core/Src/main.c **** 
 2990              		.loc 1 536 1 view .LVU786
 2991 0018 08BD     		pop	{r3, pc}
 2992              	.L226:
 530:Core/Src/main.c ****   }
 2993              		.loc 1 530 5 is_stmt 1 view .LVU787
 2994 001a FFF7FEFF 		bl	Error_Handler
 2995              	.LVL234:
 2996              	.L228:
 2997 001e 00BF     		.align	2
 2998              	.L227:
 2999 0020 00000000 		.word	hiwdg
 3000 0024 00300040 		.word	1073754112
 3001              		.cfi_endproc
 3002              	.LFE250:
 3004              		.section	.text.MX_RTC_Init,"ax",%progbits
 3005              		.align	1
 3006              		.syntax unified
 3007              		.thumb
 3008              		.thumb_func
 3010              	MX_RTC_Init:
 3011              	.LFB260:
 917:Core/Src/main.c ****   RTC_TimeTypeDef sTime = {0};
 3012              		.loc 1 917 1 view -0
 3013              		.cfi_startproc
 3014              		@ args = 0, pretend = 0, frame = 24
 3015              		@ frame_needed = 0, uses_anonymous_args = 0
 3016 0000 00B5     		push	{lr}
 3017              	.LCFI51:
 3018              		.cfi_def_cfa_offset 4
 3019              		.cfi_offset 14, -4
 3020 0002 87B0     		sub	sp, sp, #28
 3021              	.LCFI52:
 3022              		.cfi_def_cfa_offset 32
 918:Core/Src/main.c ****   RTC_DateTypeDef sDate = {0};
 3023              		.loc 1 918 3 view .LVU789
 918:Core/Src/main.c ****   RTC_DateTypeDef sDate = {0};
 3024              		.loc 1 918 19 is_stmt 0 view .LVU790
 3025 0004 0023     		movs	r3, #0
 3026 0006 0193     		str	r3, [sp, #4]
 3027 0008 0293     		str	r3, [sp, #8]
 3028 000a 0393     		str	r3, [sp, #12]
 3029 000c 0493     		str	r3, [sp, #16]
 3030 000e 0593     		str	r3, [sp, #20]
 919:Core/Src/main.c ****   uint32_t marker = 0U;
 3031              		.loc 1 919 3 is_stmt 1 view .LVU791
 919:Core/Src/main.c ****   uint32_t marker = 0U;
 3032              		.loc 1 919 19 is_stmt 0 view .LVU792
 3033 0010 0093     		str	r3, [sp]
 920:Core/Src/main.c **** 
 3034              		.loc 1 920 3 is_stmt 1 view .LVU793
ARM GAS  C:\Users\40918\AppData\Local\Temp\ccc2gyMS.s 			page 107


 3035              	.LVL235:
 922:Core/Src/main.c ****   hrtc.Init.HourFormat = RTC_HOURFORMAT_24;
 3036              		.loc 1 922 3 view .LVU794
 922:Core/Src/main.c ****   hrtc.Init.HourFormat = RTC_HOURFORMAT_24;
 3037              		.loc 1 922 17 is_stmt 0 view .LVU795
 3038 0012 2148     		ldr	r0, .L239
 3039 0014 214A     		ldr	r2, .L239+4
 3040 0016 0260     		str	r2, [r0]
 923:Core/Src/main.c ****   hrtc.Init.AsynchPrediv = 127;
 3041              		.loc 1 923 3 is_stmt 1 view .LVU796
 923:Core/Src/main.c ****   hrtc.Init.AsynchPrediv = 127;
 3042              		.loc 1 923 24 is_stmt 0 view .LVU797
 3043 0018 4360     		str	r3, [r0, #4]
 924:Core/Src/main.c ****   hrtc.Init.SynchPrediv = 255;
 3044              		.loc 1 924 3 is_stmt 1 view .LVU798
 924:Core/Src/main.c ****   hrtc.Init.SynchPrediv = 255;
 3045              		.loc 1 924 26 is_stmt 0 view .LVU799
 3046 001a 7F22     		movs	r2, #127
 3047 001c 8260     		str	r2, [r0, #8]
 925:Core/Src/main.c ****   hrtc.Init.OutPut = RTC_OUTPUT_DISABLE;
 3048              		.loc 1 925 3 is_stmt 1 view .LVU800
 925:Core/Src/main.c ****   hrtc.Init.OutPut = RTC_OUTPUT_DISABLE;
 3049              		.loc 1 925 25 is_stmt 0 view .LVU801
 3050 001e FF22     		movs	r2, #255
 3051 0020 C260     		str	r2, [r0, #12]
 926:Core/Src/main.c ****   hrtc.Init.OutPutPolarity = RTC_OUTPUT_POLARITY_HIGH;
 3052              		.loc 1 926 3 is_stmt 1 view .LVU802
 926:Core/Src/main.c ****   hrtc.Init.OutPutPolarity = RTC_OUTPUT_POLARITY_HIGH;
 3053              		.loc 1 926 20 is_stmt 0 view .LVU803
 3054 0022 0361     		str	r3, [r0, #16]
 927:Core/Src/main.c ****   hrtc.Init.OutPutType = RTC_OUTPUT_TYPE_OPENDRAIN;
 3055              		.loc 1 927 3 is_stmt 1 view .LVU804
 927:Core/Src/main.c ****   hrtc.Init.OutPutType = RTC_OUTPUT_TYPE_OPENDRAIN;
 3056              		.loc 1 927 28 is_stmt 0 view .LVU805
 3057 0024 4361     		str	r3, [r0, #20]
 928:Core/Src/main.c ****   if (HAL_RTC_Init(&hrtc) != HAL_OK)
 3058              		.loc 1 928 3 is_stmt 1 view .LVU806
 928:Core/Src/main.c ****   if (HAL_RTC_Init(&hrtc) != HAL_OK)
 3059              		.loc 1 928 24 is_stmt 0 view .LVU807
 3060 0026 8361     		str	r3, [r0, #24]
 929:Core/Src/main.c ****   {
 3061              		.loc 1 929 3 is_stmt 1 view .LVU808
 929:Core/Src/main.c ****   {
 3062              		.loc 1 929 7 is_stmt 0 view .LVU809
 3063 0028 FFF7FEFF 		bl	HAL_RTC_Init
 3064              	.LVL236:
 929:Core/Src/main.c ****   {
 3065              		.loc 1 929 6 discriminator 1 view .LVU810
 3066 002c 48B9     		cbnz	r0, .L235
 934:Core/Src/main.c ****   if (marker != RTC_INIT_MARKER_VALUE)
 3067              		.loc 1 934 3 is_stmt 1 view .LVU811
 934:Core/Src/main.c ****   if (marker != RTC_INIT_MARKER_VALUE)
 3068              		.loc 1 934 12 is_stmt 0 view .LVU812
 3069 002e 0021     		movs	r1, #0
 3070 0030 1948     		ldr	r0, .L239
 3071 0032 FFF7FEFF 		bl	HAL_RTCEx_BKUPRead
 3072              	.LVL237:
ARM GAS  C:\Users\40918\AppData\Local\Temp\ccc2gyMS.s 			page 108


 935:Core/Src/main.c ****   {
 3073              		.loc 1 935 3 is_stmt 1 view .LVU813
 935:Core/Src/main.c ****   {
 3074              		.loc 1 935 6 is_stmt 0 view .LVU814
 3075 0036 1A4B     		ldr	r3, .L239+8
 3076 0038 9842     		cmp	r0, r3
 3077 003a 04D1     		bne	.L236
 3078              	.LVL238:
 3079              	.L229:
 958:Core/Src/main.c **** 
 3080              		.loc 1 958 1 view .LVU815
 3081 003c 07B0     		add	sp, sp, #28
 3082              	.LCFI53:
 3083              		.cfi_remember_state
 3084              		.cfi_def_cfa_offset 4
 3085              		@ sp needed
 3086 003e 5DF804FB 		ldr	pc, [sp], #4
 3087              	.LVL239:
 3088              	.L235:
 3089              	.LCFI54:
 3090              		.cfi_restore_state
 931:Core/Src/main.c ****   }
 3091              		.loc 1 931 5 is_stmt 1 view .LVU816
 3092 0042 FFF7FEFF 		bl	Error_Handler
 3093              	.LVL240:
 3094              	.L236:
 937:Core/Src/main.c ****     sTime.Minutes = 0;
 3095              		.loc 1 937 5 view .LVU817
 937:Core/Src/main.c ****     sTime.Minutes = 0;
 3096              		.loc 1 937 17 is_stmt 0 view .LVU818
 3097 0046 0022     		movs	r2, #0
 3098 0048 8DF80420 		strb	r2, [sp, #4]
 938:Core/Src/main.c ****     sTime.Seconds = 0;
 3099              		.loc 1 938 5 is_stmt 1 view .LVU819
 938:Core/Src/main.c ****     sTime.Seconds = 0;
 3100              		.loc 1 938 19 is_stmt 0 view .LVU820
 3101 004c 8DF80520 		strb	r2, [sp, #5]
 939:Core/Src/main.c ****     sTime.DayLightSaving = RTC_DAYLIGHTSAVING_NONE;
 3102              		.loc 1 939 5 is_stmt 1 view .LVU821
 939:Core/Src/main.c ****     sTime.DayLightSaving = RTC_DAYLIGHTSAVING_NONE;
 3103              		.loc 1 939 19 is_stmt 0 view .LVU822
 3104 0050 8DF80620 		strb	r2, [sp, #6]
 940:Core/Src/main.c ****     sTime.StoreOperation = RTC_STOREOPERATION_RESET;
 3105              		.loc 1 940 5 is_stmt 1 view .LVU823
 940:Core/Src/main.c ****     sTime.StoreOperation = RTC_STOREOPERATION_RESET;
 3106              		.loc 1 940 26 is_stmt 0 view .LVU824
 3107 0054 0492     		str	r2, [sp, #16]
 941:Core/Src/main.c ****     if (HAL_RTC_SetTime(&hrtc, &sTime, RTC_FORMAT_BIN) != HAL_OK)
 3108              		.loc 1 941 5 is_stmt 1 view .LVU825
 941:Core/Src/main.c ****     if (HAL_RTC_SetTime(&hrtc, &sTime, RTC_FORMAT_BIN) != HAL_OK)
 3109              		.loc 1 941 26 is_stmt 0 view .LVU826
 3110 0056 0592     		str	r2, [sp, #20]
 942:Core/Src/main.c ****     {
 3111              		.loc 1 942 5 is_stmt 1 view .LVU827
 942:Core/Src/main.c ****     {
 3112              		.loc 1 942 9 is_stmt 0 view .LVU828
 3113 0058 01A9     		add	r1, sp, #4
ARM GAS  C:\Users\40918\AppData\Local\Temp\ccc2gyMS.s 			page 109


 3114 005a 0F48     		ldr	r0, .L239
 3115              	.LVL241:
 942:Core/Src/main.c ****     {
 3116              		.loc 1 942 9 view .LVU829
 3117 005c FFF7FEFF 		bl	HAL_RTC_SetTime
 3118              	.LVL242:
 942:Core/Src/main.c ****     {
 3119              		.loc 1 942 8 discriminator 1 view .LVU830
 3120 0060 A8B9     		cbnz	r0, .L237
 947:Core/Src/main.c ****     sDate.Month = RTC_MONTH_JANUARY;
 3121              		.loc 1 947 5 is_stmt 1 view .LVU831
 947:Core/Src/main.c ****     sDate.Month = RTC_MONTH_JANUARY;
 3122              		.loc 1 947 19 is_stmt 0 view .LVU832
 3123 0062 0123     		movs	r3, #1
 3124 0064 8DF80030 		strb	r3, [sp]
 948:Core/Src/main.c ****     sDate.Date = 1;
 3125              		.loc 1 948 5 is_stmt 1 view .LVU833
 948:Core/Src/main.c ****     sDate.Date = 1;
 3126              		.loc 1 948 17 is_stmt 0 view .LVU834
 3127 0068 8DF80130 		strb	r3, [sp, #1]
 949:Core/Src/main.c ****     sDate.Year = 26;
 3128              		.loc 1 949 5 is_stmt 1 view .LVU835
 949:Core/Src/main.c ****     sDate.Year = 26;
 3129              		.loc 1 949 16 is_stmt 0 view .LVU836
 3130 006c 8DF80230 		strb	r3, [sp, #2]
 950:Core/Src/main.c ****     if (HAL_RTC_SetDate(&hrtc, &sDate, RTC_FORMAT_BIN) != HAL_OK)
 3131              		.loc 1 950 5 is_stmt 1 view .LVU837
 950:Core/Src/main.c ****     if (HAL_RTC_SetDate(&hrtc, &sDate, RTC_FORMAT_BIN) != HAL_OK)
 3132              		.loc 1 950 16 is_stmt 0 view .LVU838
 3133 0070 1A23     		movs	r3, #26
 3134 0072 8DF80330 		strb	r3, [sp, #3]
 951:Core/Src/main.c ****     {
 3135              		.loc 1 951 5 is_stmt 1 view .LVU839
 951:Core/Src/main.c ****     {
 3136              		.loc 1 951 9 is_stmt 0 view .LVU840
 3137 0076 0022     		movs	r2, #0
 3138 0078 6946     		mov	r1, sp
 3139 007a 0748     		ldr	r0, .L239
 3140 007c FFF7FEFF 		bl	HAL_RTC_SetDate
 3141              	.LVL243:
 951:Core/Src/main.c ****     {
 3142              		.loc 1 951 8 discriminator 1 view .LVU841
 3143 0080 38B9     		cbnz	r0, .L238
 956:Core/Src/main.c ****   }
 3144              		.loc 1 956 5 is_stmt 1 view .LVU842
 3145 0082 074A     		ldr	r2, .L239+8
 3146 0084 0021     		movs	r1, #0
 3147 0086 0448     		ldr	r0, .L239
 3148 0088 FFF7FEFF 		bl	HAL_RTCEx_BKUPWrite
 3149              	.LVL244:
 958:Core/Src/main.c **** 
 3150              		.loc 1 958 1 is_stmt 0 view .LVU843
 3151 008c D6E7     		b	.L229
 3152              	.L237:
 944:Core/Src/main.c ****     }
 3153              		.loc 1 944 7 is_stmt 1 view .LVU844
 3154 008e FFF7FEFF 		bl	Error_Handler
ARM GAS  C:\Users\40918\AppData\Local\Temp\ccc2gyMS.s 			page 110


 3155              	.LVL245:
 3156              	.L238:
 953:Core/Src/main.c ****     }
 3157              		.loc 1 953 7 view .LVU845
 3158 0092 FFF7FEFF 		bl	Error_Handler
 3159              	.LVL246:
 3160              	.L240:
 3161 0096 00BF     		.align	2
 3162              	.L239:
 3163 0098 00000000 		.word	hrtc
 3164 009c 00280040 		.word	1073752064
 3165 00a0 5A5AA5A5 		.word	-1515890086
 3166              		.cfi_endproc
 3167              	.LFE260:
 3169              		.section	.text.MX_TIM5_Init,"ax",%progbits
 3170              		.align	1
 3171              		.syntax unified
 3172              		.thumb
 3173              		.thumb_func
 3175              	MX_TIM5_Init:
 3176              	.LFB253:
 612:Core/Src/main.c **** 
 3177              		.loc 1 612 1 view -0
 3178              		.cfi_startproc
 3179              		@ args = 0, pretend = 0, frame = 32
 3180              		@ frame_needed = 0, uses_anonymous_args = 0
 3181 0000 00B5     		push	{lr}
 3182              	.LCFI55:
 3183              		.cfi_def_cfa_offset 4
 3184              		.cfi_offset 14, -4
 3185 0002 89B0     		sub	sp, sp, #36
 3186              	.LCFI56:
 3187              		.cfi_def_cfa_offset 40
 618:Core/Src/main.c ****   TIM_MasterConfigTypeDef sMasterConfig = {0};
 3188              		.loc 1 618 3 view .LVU847
 618:Core/Src/main.c ****   TIM_MasterConfigTypeDef sMasterConfig = {0};
 3189              		.loc 1 618 26 is_stmt 0 view .LVU848
 3190 0004 0023     		movs	r3, #0
 3191 0006 0393     		str	r3, [sp, #12]
 3192 0008 0493     		str	r3, [sp, #16]
 3193 000a 0593     		str	r3, [sp, #20]
 3194 000c 0693     		str	r3, [sp, #24]
 3195 000e 0793     		str	r3, [sp, #28]
 619:Core/Src/main.c **** 
 3196              		.loc 1 619 3 is_stmt 1 view .LVU849
 619:Core/Src/main.c **** 
 3197              		.loc 1 619 27 is_stmt 0 view .LVU850
 3198 0010 0193     		str	r3, [sp, #4]
 3199 0012 0293     		str	r3, [sp, #8]
 624:Core/Src/main.c ****   htim5.Init.Prescaler = 84 - 1;
 3200              		.loc 1 624 3 is_stmt 1 view .LVU851
 624:Core/Src/main.c ****   htim5.Init.Prescaler = 84 - 1;
 3201              		.loc 1 624 18 is_stmt 0 view .LVU852
 3202 0014 1448     		ldr	r0, .L249
 3203 0016 154A     		ldr	r2, .L249+4
 3204 0018 0260     		str	r2, [r0]
 625:Core/Src/main.c ****   htim5.Init.CounterMode = TIM_COUNTERMODE_UP;
ARM GAS  C:\Users\40918\AppData\Local\Temp\ccc2gyMS.s 			page 111


 3205              		.loc 1 625 3 is_stmt 1 view .LVU853
 625:Core/Src/main.c ****   htim5.Init.CounterMode = TIM_COUNTERMODE_UP;
 3206              		.loc 1 625 24 is_stmt 0 view .LVU854
 3207 001a 5322     		movs	r2, #83
 3208 001c 4260     		str	r2, [r0, #4]
 626:Core/Src/main.c ****   htim5.Init.Period = 4294967295;
 3209              		.loc 1 626 3 is_stmt 1 view .LVU855
 626:Core/Src/main.c ****   htim5.Init.Period = 4294967295;
 3210              		.loc 1 626 26 is_stmt 0 view .LVU856
 3211 001e 8360     		str	r3, [r0, #8]
 627:Core/Src/main.c ****   htim5.Init.ClockDivision = TIM_CLOCKDIVISION_DIV1;
 3212              		.loc 1 627 3 is_stmt 1 view .LVU857
 627:Core/Src/main.c ****   htim5.Init.ClockDivision = TIM_CLOCKDIVISION_DIV1;
 3213              		.loc 1 627 21 is_stmt 0 view .LVU858
 3214 0020 4FF0FF32 		mov	r2, #-1
 3215 0024 C260     		str	r2, [r0, #12]
 628:Core/Src/main.c ****   htim5.Init.AutoReloadPreload = TIM_AUTORELOAD_PRELOAD_DISABLE;
 3216              		.loc 1 628 3 is_stmt 1 view .LVU859
 628:Core/Src/main.c ****   htim5.Init.AutoReloadPreload = TIM_AUTORELOAD_PRELOAD_DISABLE;
 3217              		.loc 1 628 28 is_stmt 0 view .LVU860
 3218 0026 0361     		str	r3, [r0, #16]
 629:Core/Src/main.c ****   if (HAL_TIM_Base_Init(&htim5) != HAL_OK)
 3219              		.loc 1 629 3 is_stmt 1 view .LVU861
 629:Core/Src/main.c ****   if (HAL_TIM_Base_Init(&htim5) != HAL_OK)
 3220              		.loc 1 629 32 is_stmt 0 view .LVU862
 3221 0028 8361     		str	r3, [r0, #24]
 630:Core/Src/main.c ****   {
 3222              		.loc 1 630 3 is_stmt 1 view .LVU863
 630:Core/Src/main.c ****   {
 3223              		.loc 1 630 7 is_stmt 0 view .LVU864
 3224 002a FFF7FEFF 		bl	HAL_TIM_Base_Init
 3225              	.LVL247:
 630:Core/Src/main.c ****   {
 3226              		.loc 1 630 6 discriminator 1 view .LVU865
 3227 002e A0B9     		cbnz	r0, .L246
 634:Core/Src/main.c ****   sSlaveConfig.InputTrigger = TIM_TS_ITR0;
 3228              		.loc 1 634 3 is_stmt 1 view .LVU866
 634:Core/Src/main.c ****   sSlaveConfig.InputTrigger = TIM_TS_ITR0;
 3229              		.loc 1 634 26 is_stmt 0 view .LVU867
 3230 0030 0023     		movs	r3, #0
 3231 0032 0393     		str	r3, [sp, #12]
 635:Core/Src/main.c ****   sSlaveConfig.TriggerPolarity = TIM_TRIGGERPOLARITY_NONINVERTED;
 3232              		.loc 1 635 3 is_stmt 1 view .LVU868
 635:Core/Src/main.c ****   sSlaveConfig.TriggerPolarity = TIM_TRIGGERPOLARITY_NONINVERTED;
 3233              		.loc 1 635 29 is_stmt 0 view .LVU869
 3234 0034 0493     		str	r3, [sp, #16]
 636:Core/Src/main.c ****   sSlaveConfig.TriggerFilter = 0;
 3235              		.loc 1 636 3 is_stmt 1 view .LVU870
 636:Core/Src/main.c ****   sSlaveConfig.TriggerFilter = 0;
 3236              		.loc 1 636 32 is_stmt 0 view .LVU871
 3237 0036 0593     		str	r3, [sp, #20]
 637:Core/Src/main.c ****   if (HAL_TIM_SlaveConfigSynchro(&htim5, &sSlaveConfig) != HAL_OK)
 3238              		.loc 1 637 3 is_stmt 1 view .LVU872
 637:Core/Src/main.c ****   if (HAL_TIM_SlaveConfigSynchro(&htim5, &sSlaveConfig) != HAL_OK)
 3239              		.loc 1 637 30 is_stmt 0 view .LVU873
 3240 0038 0793     		str	r3, [sp, #28]
 638:Core/Src/main.c ****   {
ARM GAS  C:\Users\40918\AppData\Local\Temp\ccc2gyMS.s 			page 112


 3241              		.loc 1 638 3 is_stmt 1 view .LVU874
 638:Core/Src/main.c ****   {
 3242              		.loc 1 638 7 is_stmt 0 view .LVU875
 3243 003a 03A9     		add	r1, sp, #12
 3244 003c 0A48     		ldr	r0, .L249
 3245 003e FFF7FEFF 		bl	HAL_TIM_SlaveConfigSynchro
 3246              	.LVL248:
 638:Core/Src/main.c ****   {
 3247              		.loc 1 638 6 discriminator 1 view .LVU876
 3248 0042 60B9     		cbnz	r0, .L247
 642:Core/Src/main.c ****   sMasterConfig.MasterSlaveMode = TIM_MASTERSLAVEMODE_DISABLE;
 3249              		.loc 1 642 3 is_stmt 1 view .LVU877
 642:Core/Src/main.c ****   sMasterConfig.MasterSlaveMode = TIM_MASTERSLAVEMODE_DISABLE;
 3250              		.loc 1 642 37 is_stmt 0 view .LVU878
 3251 0044 0023     		movs	r3, #0
 3252 0046 0193     		str	r3, [sp, #4]
 643:Core/Src/main.c ****   if (HAL_TIMEx_MasterConfigSynchronization(&htim5, &sMasterConfig) != HAL_OK)
 3253              		.loc 1 643 3 is_stmt 1 view .LVU879
 643:Core/Src/main.c ****   if (HAL_TIMEx_MasterConfigSynchronization(&htim5, &sMasterConfig) != HAL_OK)
 3254              		.loc 1 643 33 is_stmt 0 view .LVU880
 3255 0048 0293     		str	r3, [sp, #8]
 644:Core/Src/main.c ****   {
 3256              		.loc 1 644 3 is_stmt 1 view .LVU881
 644:Core/Src/main.c ****   {
 3257              		.loc 1 644 7 is_stmt 0 view .LVU882
 3258 004a 01A9     		add	r1, sp, #4
 3259 004c 0648     		ldr	r0, .L249
 3260 004e FFF7FEFF 		bl	HAL_TIMEx_MasterConfigSynchronization
 3261              	.LVL249:
 644:Core/Src/main.c ****   {
 3262              		.loc 1 644 6 discriminator 1 view .LVU883
 3263 0052 30B9     		cbnz	r0, .L248
 652:Core/Src/main.c **** 
 3264              		.loc 1 652 1 view .LVU884
 3265 0054 09B0     		add	sp, sp, #36
 3266              	.LCFI57:
 3267              		.cfi_remember_state
 3268              		.cfi_def_cfa_offset 4
 3269              		@ sp needed
 3270 0056 5DF804FB 		ldr	pc, [sp], #4
 3271              	.L246:
 3272              	.LCFI58:
 3273              		.cfi_restore_state
 632:Core/Src/main.c ****   }
 3274              		.loc 1 632 5 is_stmt 1 view .LVU885
 3275 005a FFF7FEFF 		bl	Error_Handler
 3276              	.LVL250:
 3277              	.L247:
 640:Core/Src/main.c ****   }
 3278              		.loc 1 640 5 view .LVU886
 3279 005e FFF7FEFF 		bl	Error_Handler
 3280              	.LVL251:
 3281              	.L248:
 646:Core/Src/main.c ****   }
 3282              		.loc 1 646 5 view .LVU887
 3283 0062 FFF7FEFF 		bl	Error_Handler
 3284              	.LVL252:
ARM GAS  C:\Users\40918\AppData\Local\Temp\ccc2gyMS.s 			page 113


 3285              	.L250:
 3286 0066 00BF     		.align	2
 3287              	.L249:
 3288 0068 00000000 		.word	htim5
 3289 006c 000C0040 		.word	1073744896
 3290              		.cfi_endproc
 3291              	.LFE253:
 3293              		.section	.text.SystemClock_Config,"ax",%progbits
 3294              		.align	1
 3295              		.global	SystemClock_Config
 3296              		.syntax unified
 3297              		.thumb
 3298              		.thumb_func
 3300              	SystemClock_Config:
 3301              	.LFB249:
 465:Core/Src/main.c ****   RCC_OscInitTypeDef RCC_OscInitStruct = {0};
 3302              		.loc 1 465 1 view -0
 3303              		.cfi_startproc
 3304              		@ args = 0, pretend = 0, frame = 80
 3305              		@ frame_needed = 0, uses_anonymous_args = 0
 3306 0000 00B5     		push	{lr}
 3307              	.LCFI59:
 3308              		.cfi_def_cfa_offset 4
 3309              		.cfi_offset 14, -4
 3310 0002 95B0     		sub	sp, sp, #84
 3311              	.LCFI60:
 3312              		.cfi_def_cfa_offset 88
 466:Core/Src/main.c ****   RCC_ClkInitTypeDef RCC_ClkInitStruct = {0};
 3313              		.loc 1 466 3 view .LVU889
 466:Core/Src/main.c ****   RCC_ClkInitTypeDef RCC_ClkInitStruct = {0};
 3314              		.loc 1 466 22 is_stmt 0 view .LVU890
 3315 0004 3022     		movs	r2, #48
 3316 0006 0021     		movs	r1, #0
 3317 0008 08A8     		add	r0, sp, #32
 3318 000a FFF7FEFF 		bl	memset
 3319              	.LVL253:
 467:Core/Src/main.c **** 
 3320              		.loc 1 467 3 is_stmt 1 view .LVU891
 467:Core/Src/main.c **** 
 3321              		.loc 1 467 22 is_stmt 0 view .LVU892
 3322 000e 0023     		movs	r3, #0
 3323 0010 0393     		str	r3, [sp, #12]
 3324 0012 0493     		str	r3, [sp, #16]
 3325 0014 0593     		str	r3, [sp, #20]
 3326 0016 0693     		str	r3, [sp, #24]
 3327 0018 0793     		str	r3, [sp, #28]
 471:Core/Src/main.c ****   __HAL_PWR_VOLTAGESCALING_CONFIG(PWR_REGULATOR_VOLTAGE_SCALE1);
 3328              		.loc 1 471 3 is_stmt 1 view .LVU893
 3329              	.LBB16:
 471:Core/Src/main.c ****   __HAL_PWR_VOLTAGESCALING_CONFIG(PWR_REGULATOR_VOLTAGE_SCALE1);
 3330              		.loc 1 471 3 view .LVU894
 3331 001a 0193     		str	r3, [sp, #4]
 471:Core/Src/main.c ****   __HAL_PWR_VOLTAGESCALING_CONFIG(PWR_REGULATOR_VOLTAGE_SCALE1);
 3332              		.loc 1 471 3 view .LVU895
 3333 001c 224A     		ldr	r2, .L257
 3334 001e 116C     		ldr	r1, [r2, #64]
 3335 0020 41F08051 		orr	r1, r1, #268435456
ARM GAS  C:\Users\40918\AppData\Local\Temp\ccc2gyMS.s 			page 114


 3336 0024 1164     		str	r1, [r2, #64]
 471:Core/Src/main.c ****   __HAL_PWR_VOLTAGESCALING_CONFIG(PWR_REGULATOR_VOLTAGE_SCALE1);
 3337              		.loc 1 471 3 view .LVU896
 3338 0026 126C     		ldr	r2, [r2, #64]
 3339 0028 02F08052 		and	r2, r2, #268435456
 3340 002c 0192     		str	r2, [sp, #4]
 471:Core/Src/main.c ****   __HAL_PWR_VOLTAGESCALING_CONFIG(PWR_REGULATOR_VOLTAGE_SCALE1);
 3341              		.loc 1 471 3 view .LVU897
 3342 002e 019A     		ldr	r2, [sp, #4]
 3343              	.LBE16:
 471:Core/Src/main.c ****   __HAL_PWR_VOLTAGESCALING_CONFIG(PWR_REGULATOR_VOLTAGE_SCALE1);
 3344              		.loc 1 471 3 view .LVU898
 472:Core/Src/main.c **** 
 3345              		.loc 1 472 3 view .LVU899
 3346              	.LBB17:
 472:Core/Src/main.c **** 
 3347              		.loc 1 472 3 view .LVU900
 3348 0030 0293     		str	r3, [sp, #8]
 472:Core/Src/main.c **** 
 3349              		.loc 1 472 3 view .LVU901
 3350 0032 1E4B     		ldr	r3, .L257+4
 3351 0034 1A68     		ldr	r2, [r3]
 3352 0036 42F48042 		orr	r2, r2, #16384
 3353 003a 1A60     		str	r2, [r3]
 472:Core/Src/main.c **** 
 3354              		.loc 1 472 3 view .LVU902
 3355 003c 1B68     		ldr	r3, [r3]
 3356 003e 03F48043 		and	r3, r3, #16384
 3357 0042 0293     		str	r3, [sp, #8]
 472:Core/Src/main.c **** 
 3358              		.loc 1 472 3 view .LVU903
 3359 0044 029B     		ldr	r3, [sp, #8]
 3360              	.LBE17:
 472:Core/Src/main.c **** 
 3361              		.loc 1 472 3 view .LVU904
 477:Core/Src/main.c ****   RCC_OscInitStruct.HSEState = RCC_HSE_ON;
 3362              		.loc 1 477 3 view .LVU905
 477:Core/Src/main.c ****   RCC_OscInitStruct.HSEState = RCC_HSE_ON;
 3363              		.loc 1 477 36 is_stmt 0 view .LVU906
 3364 0046 0923     		movs	r3, #9
 3365 0048 0893     		str	r3, [sp, #32]
 478:Core/Src/main.c ****   RCC_OscInitStruct.LSIState = RCC_LSI_ON;
 3366              		.loc 1 478 3 is_stmt 1 view .LVU907
 478:Core/Src/main.c ****   RCC_OscInitStruct.LSIState = RCC_LSI_ON;
 3367              		.loc 1 478 30 is_stmt 0 view .LVU908
 3368 004a 4FF48033 		mov	r3, #65536
 3369 004e 0993     		str	r3, [sp, #36]
 479:Core/Src/main.c ****   RCC_OscInitStruct.PLL.PLLState = RCC_PLL_ON;
 3370              		.loc 1 479 3 is_stmt 1 view .LVU909
 479:Core/Src/main.c ****   RCC_OscInitStruct.PLL.PLLState = RCC_PLL_ON;
 3371              		.loc 1 479 30 is_stmt 0 view .LVU910
 3372 0050 0123     		movs	r3, #1
 3373 0052 0D93     		str	r3, [sp, #52]
 480:Core/Src/main.c ****   RCC_OscInitStruct.PLL.PLLSource = RCC_PLLSOURCE_HSE;
 3374              		.loc 1 480 3 is_stmt 1 view .LVU911
 480:Core/Src/main.c ****   RCC_OscInitStruct.PLL.PLLSource = RCC_PLLSOURCE_HSE;
 3375              		.loc 1 480 34 is_stmt 0 view .LVU912
ARM GAS  C:\Users\40918\AppData\Local\Temp\ccc2gyMS.s 			page 115


 3376 0054 0223     		movs	r3, #2
 3377 0056 0E93     		str	r3, [sp, #56]
 481:Core/Src/main.c ****   RCC_OscInitStruct.PLL.PLLM = 25;
 3378              		.loc 1 481 3 is_stmt 1 view .LVU913
 481:Core/Src/main.c ****   RCC_OscInitStruct.PLL.PLLM = 25;
 3379              		.loc 1 481 35 is_stmt 0 view .LVU914
 3380 0058 4FF48002 		mov	r2, #4194304
 3381 005c 0F92     		str	r2, [sp, #60]
 482:Core/Src/main.c ****   RCC_OscInitStruct.PLL.PLLN = 336;
 3382              		.loc 1 482 3 is_stmt 1 view .LVU915
 482:Core/Src/main.c ****   RCC_OscInitStruct.PLL.PLLN = 336;
 3383              		.loc 1 482 30 is_stmt 0 view .LVU916
 3384 005e 1922     		movs	r2, #25
 3385 0060 1092     		str	r2, [sp, #64]
 483:Core/Src/main.c ****   RCC_OscInitStruct.PLL.PLLP = RCC_PLLP_DIV2;
 3386              		.loc 1 483 3 is_stmt 1 view .LVU917
 483:Core/Src/main.c ****   RCC_OscInitStruct.PLL.PLLP = RCC_PLLP_DIV2;
 3387              		.loc 1 483 30 is_stmt 0 view .LVU918
 3388 0062 4FF4A872 		mov	r2, #336
 3389 0066 1192     		str	r2, [sp, #68]
 484:Core/Src/main.c ****   RCC_OscInitStruct.PLL.PLLQ = 8;
 3390              		.loc 1 484 3 is_stmt 1 view .LVU919
 484:Core/Src/main.c ****   RCC_OscInitStruct.PLL.PLLQ = 8;
 3391              		.loc 1 484 30 is_stmt 0 view .LVU920
 3392 0068 1293     		str	r3, [sp, #72]
 485:Core/Src/main.c ****   if (HAL_RCC_OscConfig(&RCC_OscInitStruct) != HAL_OK)
 3393              		.loc 1 485 3 is_stmt 1 view .LVU921
 485:Core/Src/main.c ****   if (HAL_RCC_OscConfig(&RCC_OscInitStruct) != HAL_OK)
 3394              		.loc 1 485 30 is_stmt 0 view .LVU922
 3395 006a 0823     		movs	r3, #8
 3396 006c 1393     		str	r3, [sp, #76]
 486:Core/Src/main.c ****   {
 3397              		.loc 1 486 3 is_stmt 1 view .LVU923
 486:Core/Src/main.c ****   {
 3398              		.loc 1 486 7 is_stmt 0 view .LVU924
 3399 006e 08A8     		add	r0, sp, #32
 3400 0070 FFF7FEFF 		bl	HAL_RCC_OscConfig
 3401              	.LVL254:
 486:Core/Src/main.c ****   {
 3402              		.loc 1 486 6 discriminator 1 view .LVU925
 3403 0074 98B9     		cbnz	r0, .L255
 493:Core/Src/main.c ****                               |RCC_CLOCKTYPE_PCLK1|RCC_CLOCKTYPE_PCLK2;
 3404              		.loc 1 493 3 is_stmt 1 view .LVU926
 493:Core/Src/main.c ****                               |RCC_CLOCKTYPE_PCLK1|RCC_CLOCKTYPE_PCLK2;
 3405              		.loc 1 493 31 is_stmt 0 view .LVU927
 3406 0076 0F23     		movs	r3, #15
 3407 0078 0393     		str	r3, [sp, #12]
 495:Core/Src/main.c ****   RCC_ClkInitStruct.AHBCLKDivider = RCC_SYSCLK_DIV1;
 3408              		.loc 1 495 3 is_stmt 1 view .LVU928
 495:Core/Src/main.c ****   RCC_ClkInitStruct.AHBCLKDivider = RCC_SYSCLK_DIV1;
 3409              		.loc 1 495 34 is_stmt 0 view .LVU929
 3410 007a 0223     		movs	r3, #2
 3411 007c 0493     		str	r3, [sp, #16]
 496:Core/Src/main.c ****   RCC_ClkInitStruct.APB1CLKDivider = RCC_HCLK_DIV4;
 3412              		.loc 1 496 3 is_stmt 1 view .LVU930
 496:Core/Src/main.c ****   RCC_ClkInitStruct.APB1CLKDivider = RCC_HCLK_DIV4;
 3413              		.loc 1 496 35 is_stmt 0 view .LVU931
ARM GAS  C:\Users\40918\AppData\Local\Temp\ccc2gyMS.s 			page 116


 3414 007e 0023     		movs	r3, #0
 3415 0080 0593     		str	r3, [sp, #20]
 497:Core/Src/main.c ****   RCC_ClkInitStruct.APB2CLKDivider = RCC_HCLK_DIV2;
 3416              		.loc 1 497 3 is_stmt 1 view .LVU932
 497:Core/Src/main.c ****   RCC_ClkInitStruct.APB2CLKDivider = RCC_HCLK_DIV2;
 3417              		.loc 1 497 36 is_stmt 0 view .LVU933
 3418 0082 4FF4A053 		mov	r3, #5120
 3419 0086 0693     		str	r3, [sp, #24]
 498:Core/Src/main.c **** 
 3420              		.loc 1 498 3 is_stmt 1 view .LVU934
 498:Core/Src/main.c **** 
 3421              		.loc 1 498 36 is_stmt 0 view .LVU935
 3422 0088 4FF48053 		mov	r3, #4096
 3423 008c 0793     		str	r3, [sp, #28]
 500:Core/Src/main.c ****   {
 3424              		.loc 1 500 3 is_stmt 1 view .LVU936
 500:Core/Src/main.c ****   {
 3425              		.loc 1 500 7 is_stmt 0 view .LVU937
 3426 008e 0521     		movs	r1, #5
 3427 0090 03A8     		add	r0, sp, #12
 3428 0092 FFF7FEFF 		bl	HAL_RCC_ClockConfig
 3429              	.LVL255:
 500:Core/Src/main.c ****   {
 3430              		.loc 1 500 6 discriminator 1 view .LVU938
 3431 0096 20B9     		cbnz	r0, .L256
 504:Core/Src/main.c **** 
 3432              		.loc 1 504 1 view .LVU939
 3433 0098 15B0     		add	sp, sp, #84
 3434              	.LCFI61:
 3435              		.cfi_remember_state
 3436              		.cfi_def_cfa_offset 4
 3437              		@ sp needed
 3438 009a 5DF804FB 		ldr	pc, [sp], #4
 3439              	.L255:
 3440              	.LCFI62:
 3441              		.cfi_restore_state
 488:Core/Src/main.c ****   }
 3442              		.loc 1 488 5 is_stmt 1 view .LVU940
 3443 009e FFF7FEFF 		bl	Error_Handler
 3444              	.LVL256:
 3445              	.L256:
 502:Core/Src/main.c ****   }
 3446              		.loc 1 502 5 view .LVU941
 3447 00a2 FFF7FEFF 		bl	Error_Handler
 3448              	.LVL257:
 3449              	.L258:
 3450 00a6 00BF     		.align	2
 3451              	.L257:
 3452 00a8 00380240 		.word	1073887232
 3453 00ac 00700040 		.word	1073770496
 3454              		.cfi_endproc
 3455              	.LFE249:
 3457              		.section	.rodata.main.str1.4,"aMS",%progbits,1
 3458              		.align	2
 3459              	.LC6:
 3460 0000 0D0A5B42 		.ascii	"\015\012[BOOT] ShaftPower start\015\000"
 3460      4F4F545D 
ARM GAS  C:\Users\40918\AppData\Local\Temp\ccc2gyMS.s 			page 117


 3460      20536861 
 3460      6674506F 
 3460      77657220 
 3461 001b 00       		.align	2
 3462              	.LC7:
 3463 001c 5B424F4F 		.ascii	"[BOOT] USART6 debug ready, baud=%lu\015\012\000"
 3463      545D2055 
 3463      53415254 
 3463      36206465 
 3463      62756720 
 3464 0042 0000     		.align	2
 3465              	.LC8:
 3466 0044 5B424F4F 		.ascii	"[BOOT] USART1/U2/U3/U6 init done\015\000"
 3466      545D2055 
 3466      53415254 
 3466      312F5532 
 3466      2F55332F 
 3467              		.section	.text.main,"ax",%progbits
 3468              		.align	1
 3469              		.global	main
 3470              		.syntax unified
 3471              		.thumb
 3472              		.thumb_func
 3474              	main:
 3475              	.LFB248:
 301:Core/Src/main.c **** 
 3476              		.loc 1 301 1 view -0
 3477              		.cfi_startproc
 3478              		@ Volatile: function does not return.
 3479              		@ args = 0, pretend = 0, frame = 0
 3480              		@ frame_needed = 0, uses_anonymous_args = 0
 3481 0000 2DE98048 		push	{r7, fp, lr}
 3482              	.LCFI63:
 3483              		.cfi_def_cfa_offset 12
 3484              		.cfi_offset 7, -12
 3485              		.cfi_offset 11, -8
 3486              		.cfi_offset 14, -4
 3487 0004 83B0     		sub	sp, sp, #12
 3488              	.LCFI64:
 3489              		.cfi_def_cfa_offset 24
 310:Core/Src/main.c **** 
 3490              		.loc 1 310 3 view .LVU943
 3491 0006 FFF7FEFF 		bl	HAL_Init
 3492              	.LVL258:
 317:Core/Src/main.c **** 
 3493              		.loc 1 317 3 view .LVU944
 3494 000a FFF7FEFF 		bl	SystemClock_Config
 3495              	.LVL259:
 324:Core/Src/main.c ****   MX_DMA_Init();
 3496              		.loc 1 324 3 view .LVU945
 3497 000e FFF7FEFF 		bl	MX_GPIO_Init
 3498              	.LVL260:
 325:Core/Src/main.c ****   MX_USART1_UART_Init();
 3499              		.loc 1 325 3 view .LVU946
 3500 0012 FFF7FEFF 		bl	MX_DMA_Init
 3501              	.LVL261:
 326:Core/Src/main.c ****   MX_USART2_UART_Init();
ARM GAS  C:\Users\40918\AppData\Local\Temp\ccc2gyMS.s 			page 118


 3502              		.loc 1 326 3 view .LVU947
 3503 0016 FFF7FEFF 		bl	MX_USART1_UART_Init
 3504              	.LVL262:
 327:Core/Src/main.c ****   MX_USART3_UART_Init();
 3505              		.loc 1 327 3 view .LVU948
 3506 001a FFF7FEFF 		bl	MX_USART2_UART_Init
 3507              	.LVL263:
 328:Core/Src/main.c ****   MX_USART6_UART_Init();
 3508              		.loc 1 328 3 view .LVU949
 3509 001e FFF7FEFF 		bl	MX_USART3_UART_Init
 3510              	.LVL264:
 329:Core/Src/main.c ****   MX_ADC1_Init();
 3511              		.loc 1 329 3 view .LVU950
 3512 0022 FFF7FEFF 		bl	MX_USART6_UART_Init
 3513              	.LVL265:
 330:Core/Src/main.c ****   MX_SDIO_SD_Init();
 3514              		.loc 1 330 3 view .LVU951
 3515 0026 FFF7FEFF 		bl	MX_ADC1_Init
 3516              	.LVL266:
 331:Core/Src/main.c **** #if WDG_HW_ENABLE
 3517              		.loc 1 331 3 view .LVU952
 3518 002a FFF7FEFF 		bl	MX_SDIO_SD_Init
 3519              	.LVL267:
 333:Core/Src/main.c **** #endif
 3520              		.loc 1 333 3 view .LVU953
 3521 002e FFF7FEFF 		bl	MX_IWDG_Init
 3522              	.LVL268:
 335:Core/Src/main.c ****   MX_FATFS_Init();
 3523              		.loc 1 335 3 view .LVU954
 3524 0032 FFF7FEFF 		bl	MX_RTC_Init
 3525              	.LVL269:
 336:Core/Src/main.c ****   MX_TIM5_Init();
 3526              		.loc 1 336 3 view .LVU955
 3527 0036 FFF7FEFF 		bl	MX_FATFS_Init
 3528              	.LVL270:
 337:Core/Src/main.c ****   /* USER CODE BEGIN 2 */
 3529              		.loc 1 337 3 view .LVU956
 3530 003a FFF7FEFF 		bl	MX_TIM5_Init
 3531              	.LVL271:
 339:Core/Src/main.c ****   memset((void *)&g_rpm_latest, 0, sizeof(g_rpm_latest));
 3532              		.loc 1 339 3 view .LVU957
 3533 003e DFF82C93 		ldr	r9, .L262+244
 3534 0042 0024     		movs	r4, #0
 3535 0044 C9F80040 		str	r4, [r9]
 3536 0048 C9F80440 		str	r4, [r9, #4]
 3537 004c C9F80840 		str	r4, [r9, #8]
 3538 0050 C9F80C40 		str	r4, [r9, #12]
 3539 0054 C9F81040 		str	r4, [r9, #16]
 3540 0058 C9F81440 		str	r4, [r9, #20]
 340:Core/Src/main.c ****   memset((void *)&g_result_latest, 0, sizeof(g_result_latest));
 3541              		.loc 1 340 3 view .LVU958
 3542 005c 864B     		ldr	r3, .L262
 3543 005e 1C60     		str	r4, [r3]
 3544 0060 5C60     		str	r4, [r3, #4]
 3545 0062 9C60     		str	r4, [r3, #8]
 341:Core/Src/main.c ****   memset((void *)&g_diag_counters, 0, sizeof(g_diag_counters));
 3546              		.loc 1 341 3 view .LVU959
ARM GAS  C:\Users\40918\AppData\Local\Temp\ccc2gyMS.s 			page 119


 3547 0064 DFF80883 		ldr	r8, .L262+248
 3548 0068 C8F80040 		str	r4, [r8]
 3549 006c C8F80440 		str	r4, [r8, #4]
 3550 0070 C8F80840 		str	r4, [r8, #8]
 3551 0074 C8F80C40 		str	r4, [r8, #12]
 3552 0078 C8F81040 		str	r4, [r8, #16]
 3553 007c C8F81440 		str	r4, [r8, #20]
 342:Core/Src/main.c ****   memset((void *)&g_protocol_values, 0, sizeof(g_protocol_values));
 3554              		.loc 1 342 3 view .LVU960
 3555 0080 DFF8F0B2 		ldr	fp, .L262+252
 3556 0084 2822     		movs	r2, #40
 3557 0086 2146     		mov	r1, r4
 3558 0088 5846     		mov	r0, fp
 3559 008a FFF7FEFF 		bl	memset
 3560              	.LVL272:
 343:Core/Src/main.c ****   memset((void *)&g_usart1_ctx, 0, sizeof(g_usart1_ctx));
 3561              		.loc 1 343 3 view .LVU961
 3562 008e 7B4E     		ldr	r6, .L262+4
 3563 0090 6822     		movs	r2, #104
 3564 0092 2146     		mov	r1, r4
 3565 0094 3046     		mov	r0, r6
 3566 0096 FFF7FEFF 		bl	memset
 3567              	.LVL273:
 344:Core/Src/main.c ****   memset((void *)&g_calc_ctx, 0, sizeof(g_calc_ctx));
 3568              		.loc 1 344 3 view .LVU962
 3569 009a 794D     		ldr	r5, .L262+8
 3570 009c 3822     		movs	r2, #56
 3571 009e 2146     		mov	r1, r4
 3572 00a0 2846     		mov	r0, r5
 3573 00a2 FFF7FEFF 		bl	memset
 3574              	.LVL274:
 345:Core/Src/main.c ****   g_protocol_values.torque_kNm = 123.0f; /* 0x07D0 */
 3575              		.loc 1 345 3 view .LVU963
 3576 00a6 774F     		ldr	r7, .L262+12
 3577 00a8 3C60     		str	r4, [r7]
 3578 00aa 7C60     		str	r4, [r7, #4]
 3579 00ac BC60     		str	r4, [r7, #8]
 3580 00ae FC60     		str	r4, [r7, #12]
 346:Core/Src/main.c ****   g_protocol_values.power_kW = 222.0f;   /* 0x07D2 */
 3581              		.loc 1 346 3 view .LVU964
 346:Core/Src/main.c ****   g_protocol_values.power_kW = 222.0f;   /* 0x07D2 */
 3582              		.loc 1 346 32 is_stmt 0 view .LVU965
 3583 00b0 754B     		ldr	r3, .L262+16
 3584 00b2 3360     		str	r3, [r6]	@ float
 347:Core/Src/main.c ****   g_protocol_values.speed_rpm = 333.3f;  /* 0x07D4 */
 3585              		.loc 1 347 3 is_stmt 1 view .LVU966
 347:Core/Src/main.c ****   g_protocol_values.speed_rpm = 333.3f;  /* 0x07D4 */
 3586              		.loc 1 347 30 is_stmt 0 view .LVU967
 3587 00b4 754B     		ldr	r3, .L262+20
 3588 00b6 7360     		str	r3, [r6, #4]	@ float
 348:Core/Src/main.c ****   g_protocol_values.thrust_kN = 444.4f;  /* 0x07D6 */
 3589              		.loc 1 348 3 is_stmt 1 view .LVU968
 348:Core/Src/main.c ****   g_protocol_values.thrust_kN = 444.4f;  /* 0x07D6 */
 3590              		.loc 1 348 31 is_stmt 0 view .LVU969
 3591 00b8 754B     		ldr	r3, .L262+24
 3592 00ba B360     		str	r3, [r6, #8]	@ float
 349:Core/Src/main.c ****   (void)AppParamStore_Load((protocol_values_t *)&g_protocol_values);
ARM GAS  C:\Users\40918\AppData\Local\Temp\ccc2gyMS.s 			page 120


 3593              		.loc 1 349 3 is_stmt 1 view .LVU970
 349:Core/Src/main.c ****   (void)AppParamStore_Load((protocol_values_t *)&g_protocol_values);
 3594              		.loc 1 349 31 is_stmt 0 view .LVU971
 3595 00bc 754B     		ldr	r3, .L262+28
 3596 00be F360     		str	r3, [r6, #12]	@ float
 350:Core/Src/main.c ****   RPM_Init(RPM_PULSES_PER_REV, RPM_MIN_PERIOD_US, RPM_TIMEOUT_US, RPM_AVG_WINDOW_US, RPM_AVG_ENABLE
 3597              		.loc 1 350 3 is_stmt 1 view .LVU972
 350:Core/Src/main.c ****   RPM_Init(RPM_PULSES_PER_REV, RPM_MIN_PERIOD_US, RPM_TIMEOUT_US, RPM_AVG_WINDOW_US, RPM_AVG_ENABLE
 3598              		.loc 1 350 9 is_stmt 0 view .LVU973
 3599 00c0 3046     		mov	r0, r6
 3600 00c2 FFF7FEFF 		bl	AppParamStore_Load
 3601              	.LVL275:
 351:Core/Src/main.c ****   HAL_TIM_Base_Start(&htim5);
 3602              		.loc 1 351 3 is_stmt 1 view .LVU974
 3603 00c6 0123     		movs	r3, #1
 3604 00c8 0093     		str	r3, [sp]
 3605 00ca 734B     		ldr	r3, .L262+32
 3606 00cc 734A     		ldr	r2, .L262+36
 3607 00ce C821     		movs	r1, #200
 3608 00d0 0120     		movs	r0, #1
 3609 00d2 FFF7FEFF 		bl	RPM_Init
 3610              	.LVL276:
 352:Core/Src/main.c ****   AppDebug_PrintResetCause();
 3611              		.loc 1 352 3 view .LVU975
 3612 00d6 7248     		ldr	r0, .L262+40
 3613 00d8 FFF7FEFF 		bl	HAL_TIM_Base_Start
 3614              	.LVL277:
 353:Core/Src/main.c ****   LOGI("\r\n[BOOT] ShaftPower start\r\n");
 3615              		.loc 1 353 3 view .LVU976
 3616 00dc FFF7FEFF 		bl	AppDebug_PrintResetCause
 3617              	.LVL278:
 354:Core/Src/main.c ****   LOGI("[BOOT] USART6 debug ready, baud=%lu\r\n", (unsigned long)huart6.Init.BaudRate);
 3618              		.loc 1 354 3 view .LVU977
 3619 00e0 7048     		ldr	r0, .L262+44
 3620 00e2 FFF7FEFF 		bl	puts
 3621              	.LVL279:
 355:Core/Src/main.c ****   LOGI("[BOOT] USART1/U2/U3/U6 init done\r\n");
 3622              		.loc 1 355 3 view .LVU978
 3623 00e6 704B     		ldr	r3, .L262+48
 3624 00e8 5968     		ldr	r1, [r3, #4]
 3625 00ea 7048     		ldr	r0, .L262+52
 3626 00ec FFF7FEFF 		bl	printf
 3627              	.LVL280:
 356:Core/Src/main.c **** 
 3628              		.loc 1 356 3 view .LVU979
 3629 00f0 6F48     		ldr	r0, .L262+56
 3630 00f2 FFF7FEFF 		bl	puts
 3631              	.LVL281:
 361:Core/Src/main.c **** 
 3632              		.loc 1 361 3 view .LVU980
 3633 00f6 FFF7FEFF 		bl	osKernelInitialize
 3634              	.LVL282:
 364:Core/Src/main.c ****   /* USER CODE END RTOS_MUTEX */
 3635              		.loc 1 364 3 view .LVU981
 364:Core/Src/main.c ****   /* USER CODE END RTOS_MUTEX */
 3636              		.loc 1 364 25 is_stmt 0 view .LVU982
 3637 00fa 2046     		mov	r0, r4
ARM GAS  C:\Users\40918\AppData\Local\Temp\ccc2gyMS.s 			page 121


 3638 00fc FFF7FEFF 		bl	osMutexNew
 3639              	.LVL283:
 364:Core/Src/main.c ****   /* USER CODE END RTOS_MUTEX */
 3640              		.loc 1 364 23 discriminator 1 view .LVU983
 3641 0100 DFF874A2 		ldr	r10, .L262+256
 3642 0104 CAF80000 		str	r0, [r10]
 376:Core/Src/main.c ****   qModbusU2EventsHandle = osMessageQueueNew(8, sizeof(modbus_event_msg_t), NULL);
 3643              		.loc 1 376 3 is_stmt 1 view .LVU984
 376:Core/Src/main.c ****   qModbusU2EventsHandle = osMessageQueueNew(8, sizeof(modbus_event_msg_t), NULL);
 3644              		.loc 1 376 27 is_stmt 0 view .LVU985
 3645 0108 2246     		mov	r2, r4
 3646 010a 8821     		movs	r1, #136
 3647 010c 0820     		movs	r0, #8
 3648 010e FFF7FEFF 		bl	osMessageQueueNew
 3649              	.LVL284:
 376:Core/Src/main.c ****   qModbusU2EventsHandle = osMessageQueueNew(8, sizeof(modbus_event_msg_t), NULL);
 3650              		.loc 1 376 25 discriminator 1 view .LVU986
 3651 0112 684B     		ldr	r3, .L262+60
 3652 0114 1860     		str	r0, [r3]
 377:Core/Src/main.c ****   qResult1sHandle = osMessageQueueNew(4, sizeof(result_1s_t), NULL);
 3653              		.loc 1 377 3 is_stmt 1 view .LVU987
 377:Core/Src/main.c ****   qResult1sHandle = osMessageQueueNew(4, sizeof(result_1s_t), NULL);
 3654              		.loc 1 377 27 is_stmt 0 view .LVU988
 3655 0116 2246     		mov	r2, r4
 3656 0118 8821     		movs	r1, #136
 3657 011a 0820     		movs	r0, #8
 3658 011c FFF7FEFF 		bl	osMessageQueueNew
 3659              	.LVL285:
 377:Core/Src/main.c ****   qResult1sHandle = osMessageQueueNew(4, sizeof(result_1s_t), NULL);
 3660              		.loc 1 377 25 discriminator 1 view .LVU989
 3661 0120 654A     		ldr	r2, .L262+64
 3662 0122 1060     		str	r0, [r2]
 378:Core/Src/main.c ****   /* USER CODE END RTOS_QUEUES */
 3663              		.loc 1 378 3 is_stmt 1 view .LVU990
 378:Core/Src/main.c ****   /* USER CODE END RTOS_QUEUES */
 3664              		.loc 1 378 21 is_stmt 0 view .LVU991
 3665 0124 2246     		mov	r2, r4
 3666 0126 1821     		movs	r1, #24
 3667 0128 0420     		movs	r0, #4
 3668 012a FFF7FEFF 		bl	osMessageQueueNew
 3669              	.LVL286:
 378:Core/Src/main.c ****   /* USER CODE END RTOS_QUEUES */
 3670              		.loc 1 378 19 discriminator 1 view .LVU992
 3671 012e 634B     		ldr	r3, .L262+68
 3672 0130 1860     		str	r0, [r3]
 382:Core/Src/main.c ****   /* USER CODE END RTOS_EVENTS */
 3673              		.loc 1 382 3 is_stmt 1 view .LVU993
 382:Core/Src/main.c ****   /* USER CODE END RTOS_EVENTS */
 3674              		.loc 1 382 26 is_stmt 0 view .LVU994
 3675 0132 2046     		mov	r0, r4
 3676 0134 FFF7FEFF 		bl	osEventFlagsNew
 3677              	.LVL287:
 382:Core/Src/main.c ****   /* USER CODE END RTOS_EVENTS */
 3678              		.loc 1 382 24 discriminator 1 view .LVU995
 3679 0138 6149     		ldr	r1, .L262+72
 3680 013a 0860     		str	r0, [r1]
 386:Core/Src/main.c ****   g_usart1_ctx.hdma_rx = &hdma_usart1_rx;
ARM GAS  C:\Users\40918\AppData\Local\Temp\ccc2gyMS.s 			page 122


 3681              		.loc 1 386 3 is_stmt 1 view .LVU996
 386:Core/Src/main.c ****   g_usart1_ctx.hdma_rx = &hdma_usart1_rx;
 3682              		.loc 1 386 22 is_stmt 0 view .LVU997
 3683 013c 614B     		ldr	r3, .L262+76
 3684 013e 2B60     		str	r3, [r5]
 387:Core/Src/main.c ****   g_usart1_ctx.rx_dma_buf = usart1_rx_dma_buf;
 3685              		.loc 1 387 3 is_stmt 1 view .LVU998
 387:Core/Src/main.c ****   g_usart1_ctx.rx_dma_buf = usart1_rx_dma_buf;
 3686              		.loc 1 387 24 is_stmt 0 view .LVU999
 3687 0140 614B     		ldr	r3, .L262+80
 3688 0142 6B60     		str	r3, [r5, #4]
 388:Core/Src/main.c ****   g_usart1_ctx.rx_dma_buf_size = USART1_RX_DMA_BUF_SIZE;
 3689              		.loc 1 388 3 is_stmt 1 view .LVU1000
 388:Core/Src/main.c ****   g_usart1_ctx.rx_dma_buf_size = USART1_RX_DMA_BUF_SIZE;
 3690              		.loc 1 388 27 is_stmt 0 view .LVU1001
 3691 0144 614B     		ldr	r3, .L262+84
 3692 0146 AB60     		str	r3, [r5, #8]
 389:Core/Src/main.c ****   g_usart1_ctx.q_rx_frames = qUsart1RxFramesHandle;
 3693              		.loc 1 389 3 is_stmt 1 view .LVU1002
 389:Core/Src/main.c ****   g_usart1_ctx.q_rx_frames = qUsart1RxFramesHandle;
 3694              		.loc 1 389 32 is_stmt 0 view .LVU1003
 3695 0148 4FF0800C 		mov	ip, #128	@ movhi
 3696 014c A5F80CC0 		strh	ip, [r5, #12]	@ movhi
 390:Core/Src/main.c ****   g_usart1_ctx.mtx_shared_data = mtxSharedDataHandle;
 3697              		.loc 1 390 3 is_stmt 1 view .LVU1004
 390:Core/Src/main.c ****   g_usart1_ctx.mtx_shared_data = mtxSharedDataHandle;
 3698              		.loc 1 390 28 is_stmt 0 view .LVU1005
 3699 0150 584B     		ldr	r3, .L262+60
 3700 0152 1B68     		ldr	r3, [r3]
 3701 0154 2B61     		str	r3, [r5, #16]
 391:Core/Src/main.c ****   g_usart1_ctx.evt_system_flags = evtSystemFlagsHandle;
 3702              		.loc 1 391 3 is_stmt 1 view .LVU1006
 391:Core/Src/main.c ****   g_usart1_ctx.evt_system_flags = evtSystemFlagsHandle;
 3703              		.loc 1 391 32 is_stmt 0 view .LVU1007
 3704 0156 DAF80030 		ldr	r3, [r10]
 3705 015a 6B61     		str	r3, [r5, #20]
 392:Core/Src/main.c ****   g_usart1_ctx.wireless_latest = &g_wireless_latest;
 3706              		.loc 1 392 3 is_stmt 1 view .LVU1008
 392:Core/Src/main.c ****   g_usart1_ctx.wireless_latest = &g_wireless_latest;
 3707              		.loc 1 392 33 is_stmt 0 view .LVU1009
 3708 015c A861     		str	r0, [r5, #24]
 393:Core/Src/main.c ****   g_usart1_ctx.diag = &g_diag_counters;
 3709              		.loc 1 393 3 is_stmt 1 view .LVU1010
 393:Core/Src/main.c ****   g_usart1_ctx.diag = &g_diag_counters;
 3710              		.loc 1 393 32 is_stmt 0 view .LVU1011
 3711 015e C5F81C90 		str	r9, [r5, #28]
 394:Core/Src/main.c ****   g_usart1_ctx.on_sample = OnWirelessSampleReceived;
 3712              		.loc 1 394 3 is_stmt 1 view .LVU1012
 394:Core/Src/main.c ****   g_usart1_ctx.on_sample = OnWirelessSampleReceived;
 3713              		.loc 1 394 21 is_stmt 0 view .LVU1013
 3714 0162 C5F820B0 		str	fp, [r5, #32]
 395:Core/Src/main.c ****   g_usart1_ctx.on_board_sample = OnWirelessBoardSampleReceived;
 3715              		.loc 1 395 3 is_stmt 1 view .LVU1014
 395:Core/Src/main.c ****   g_usart1_ctx.on_board_sample = OnWirelessBoardSampleReceived;
 3716              		.loc 1 395 26 is_stmt 0 view .LVU1015
 3717 0166 5A4B     		ldr	r3, .L262+88
 3718 0168 6B62     		str	r3, [r5, #36]
ARM GAS  C:\Users\40918\AppData\Local\Temp\ccc2gyMS.s 			page 123


 396:Core/Src/main.c ****   g_usart1_ctx.on_frame_no = OnWirelessFrameNoReceived;
 3719              		.loc 1 396 3 is_stmt 1 view .LVU1016
 396:Core/Src/main.c ****   g_usart1_ctx.on_frame_no = OnWirelessFrameNoReceived;
 3720              		.loc 1 396 32 is_stmt 0 view .LVU1017
 3721 016a 5A4B     		ldr	r3, .L262+92
 3722 016c AB62     		str	r3, [r5, #40]
 397:Core/Src/main.c ****   g_usart1_ctx.on_rx_interrupt = OnWirelessRxInterrupted;
 3723              		.loc 1 397 3 is_stmt 1 view .LVU1018
 397:Core/Src/main.c ****   g_usart1_ctx.on_rx_interrupt = OnWirelessRxInterrupted;
 3724              		.loc 1 397 28 is_stmt 0 view .LVU1019
 3725 016e 5A4B     		ldr	r3, .L262+96
 3726 0170 EB62     		str	r3, [r5, #44]
 398:Core/Src/main.c ****   g_usart1_ctx.get_sample_freq_hz = GetWirelessSampleFreqHz;
 3727              		.loc 1 398 3 is_stmt 1 view .LVU1020
 398:Core/Src/main.c ****   g_usart1_ctx.get_sample_freq_hz = GetWirelessSampleFreqHz;
 3728              		.loc 1 398 32 is_stmt 0 view .LVU1021
 3729 0172 5A4B     		ldr	r3, .L262+100
 3730 0174 2B63     		str	r3, [r5, #48]
 399:Core/Src/main.c ****   AppUsart1_Init(&g_usart1_ctx);
 3731              		.loc 1 399 3 is_stmt 1 view .LVU1022
 399:Core/Src/main.c ****   AppUsart1_Init(&g_usart1_ctx);
 3732              		.loc 1 399 35 is_stmt 0 view .LVU1023
 3733 0176 5A4B     		ldr	r3, .L262+104
 3734 0178 6B63     		str	r3, [r5, #52]
 400:Core/Src/main.c **** 
 3735              		.loc 1 400 3 is_stmt 1 view .LVU1024
 3736 017a 2846     		mov	r0, r5
 3737 017c FFF7FEFF 		bl	AppUsart1_Init
 3738              	.LVL288:
 402:Core/Src/main.c ****   g_calc_ctx.protocol_values = &g_protocol_values;
 3739              		.loc 1 402 3 view .LVU1025
 402:Core/Src/main.c ****   g_calc_ctx.protocol_values = &g_protocol_values;
 3740              		.loc 1 402 30 is_stmt 0 view .LVU1026
 3741 0180 DAF80030 		ldr	r3, [r10]
 3742 0184 3B60     		str	r3, [r7]
 403:Core/Src/main.c ****   g_calc_ctx.result_latest = &g_result_latest;
 3743              		.loc 1 403 3 is_stmt 1 view .LVU1027
 403:Core/Src/main.c ****   g_calc_ctx.result_latest = &g_result_latest;
 3744              		.loc 1 403 30 is_stmt 0 view .LVU1028
 3745 0186 7E60     		str	r6, [r7, #4]
 404:Core/Src/main.c ****   g_calc_ctx.diag = &g_diag_counters;
 3746              		.loc 1 404 3 is_stmt 1 view .LVU1029
 404:Core/Src/main.c ****   g_calc_ctx.diag = &g_diag_counters;
 3747              		.loc 1 404 28 is_stmt 0 view .LVU1030
 3748 0188 C7F80880 		str	r8, [r7, #8]
 405:Core/Src/main.c ****   AppCalc_Init(&g_calc_ctx);
 3749              		.loc 1 405 3 is_stmt 1 view .LVU1031
 405:Core/Src/main.c ****   AppCalc_Init(&g_calc_ctx);
 3750              		.loc 1 405 19 is_stmt 0 view .LVU1032
 3751 018c C7F80CB0 		str	fp, [r7, #12]
 406:Core/Src/main.c ****   AppCalc_RecomputeCoeffs((const protocol_values_t *)&g_protocol_values);
 3752              		.loc 1 406 3 is_stmt 1 view .LVU1033
 3753 0190 3846     		mov	r0, r7
 3754 0192 FFF7FEFF 		bl	AppCalc_Init
 3755              	.LVL289:
 407:Core/Src/main.c ****   AppAvgPowerCache_Init();
 3756              		.loc 1 407 3 view .LVU1034
ARM GAS  C:\Users\40918\AppData\Local\Temp\ccc2gyMS.s 			page 124


 3757 0196 3046     		mov	r0, r6
 3758 0198 FFF7FEFF 		bl	AppCalc_RecomputeCoeffs
 3759              	.LVL290:
 408:Core/Src/main.c ****   AppLogSd_Init(&g_sd_log_ctx, &hrtc, &SDFatFS, SDPath, (diag_counters_t *)&g_diag_counters);
 3760              		.loc 1 408 3 view .LVU1035
 3761 019c FFF7FEFF 		bl	AppAvgPowerCache_Init
 3762              	.LVL291:
 409:Core/Src/main.c **** 
 3763              		.loc 1 409 3 view .LVU1036
 3764 01a0 CDF800B0 		str	fp, [sp]
 3765 01a4 4F4B     		ldr	r3, .L262+108
 3766 01a6 504A     		ldr	r2, .L262+112
 3767 01a8 5049     		ldr	r1, .L262+116
 3768 01aa 5148     		ldr	r0, .L262+120
 3769 01ac FFF7FEFF 		bl	AppLogSd_Init
 3770              	.LVL292:
 411:Core/Src/main.c ****   g_modbus_u2_ctx.huart2 = &huart2;
 3771              		.loc 1 411 3 view .LVU1037
 3772 01b0 504D     		ldr	r5, .L262+124
 3773 01b2 3422     		movs	r2, #52
 3774 01b4 2146     		mov	r1, r4
 3775 01b6 2846     		mov	r0, r5
 3776 01b8 FFF7FEFF 		bl	memset
 3777              	.LVL293:
 412:Core/Src/main.c ****   g_modbus_u2_ctx.hdma_usart2_rx = &hdma_usart2_rx;
 3778              		.loc 1 412 3 view .LVU1038
 412:Core/Src/main.c ****   g_modbus_u2_ctx.hdma_usart2_rx = &hdma_usart2_rx;
 3779              		.loc 1 412 26 is_stmt 0 view .LVU1039
 3780 01bc 4E4B     		ldr	r3, .L262+128
 3781 01be 2B60     		str	r3, [r5]
 413:Core/Src/main.c ****   g_modbus_u2_ctx.rx_dma_buf = usart2_rx_dma_buf;
 3782              		.loc 1 413 3 is_stmt 1 view .LVU1040
 413:Core/Src/main.c ****   g_modbus_u2_ctx.rx_dma_buf = usart2_rx_dma_buf;
 3783              		.loc 1 413 34 is_stmt 0 view .LVU1041
 3784 01c0 4E4B     		ldr	r3, .L262+132
 3785 01c2 6B60     		str	r3, [r5, #4]
 414:Core/Src/main.c ****   g_modbus_u2_ctx.rx_dma_size = MODBUS_U2_RX_DMA_SIZE;
 3786              		.loc 1 414 3 is_stmt 1 view .LVU1042
 414:Core/Src/main.c ****   g_modbus_u2_ctx.rx_dma_size = MODBUS_U2_RX_DMA_SIZE;
 3787              		.loc 1 414 30 is_stmt 0 view .LVU1043
 3788 01c4 4E4B     		ldr	r3, .L262+136
 3789 01c6 AB60     		str	r3, [r5, #8]
 415:Core/Src/main.c ****   g_modbus_u2_ctx.q_modbus_events = qModbusU2EventsHandle;
 3790              		.loc 1 415 3 is_stmt 1 view .LVU1044
 415:Core/Src/main.c ****   g_modbus_u2_ctx.q_modbus_events = qModbusU2EventsHandle;
 3791              		.loc 1 415 31 is_stmt 0 view .LVU1045
 3792 01c8 4FF0800C 		mov	ip, #128	@ movhi
 3793 01cc A5F80CC0 		strh	ip, [r5, #12]	@ movhi
 416:Core/Src/main.c ****   g_modbus_u2_ctx.mtx_shared_data = mtxSharedDataHandle;
 3794              		.loc 1 416 3 is_stmt 1 view .LVU1046
 416:Core/Src/main.c ****   g_modbus_u2_ctx.mtx_shared_data = mtxSharedDataHandle;
 3795              		.loc 1 416 35 is_stmt 0 view .LVU1047
 3796 01d0 394A     		ldr	r2, .L262+64
 3797 01d2 1368     		ldr	r3, [r2]
 3798 01d4 2B61     		str	r3, [r5, #16]
 417:Core/Src/main.c ****   g_modbus_u2_ctx.evt_system_flags = evtSystemFlagsHandle;
 3799              		.loc 1 417 3 is_stmt 1 view .LVU1048
ARM GAS  C:\Users\40918\AppData\Local\Temp\ccc2gyMS.s 			page 125


 417:Core/Src/main.c ****   g_modbus_u2_ctx.evt_system_flags = evtSystemFlagsHandle;
 3800              		.loc 1 417 35 is_stmt 0 view .LVU1049
 3801 01d6 DAF80030 		ldr	r3, [r10]
 3802 01da 6B61     		str	r3, [r5, #20]
 418:Core/Src/main.c ****   g_modbus_u2_ctx.protocol_values = &g_protocol_values;
 3803              		.loc 1 418 3 is_stmt 1 view .LVU1050
 418:Core/Src/main.c ****   g_modbus_u2_ctx.protocol_values = &g_protocol_values;
 3804              		.loc 1 418 36 is_stmt 0 view .LVU1051
 3805 01dc 3849     		ldr	r1, .L262+72
 3806 01de 0B68     		ldr	r3, [r1]
 3807 01e0 AB61     		str	r3, [r5, #24]
 419:Core/Src/main.c ****   g_modbus_u2_ctx.diag = &g_diag_counters;
 3808              		.loc 1 419 3 is_stmt 1 view .LVU1052
 419:Core/Src/main.c ****   g_modbus_u2_ctx.diag = &g_diag_counters;
 3809              		.loc 1 419 35 is_stmt 0 view .LVU1053
 3810 01e2 EE61     		str	r6, [r5, #28]
 420:Core/Src/main.c ****   g_modbus_u2_ctx.slave_id = MODBUS_U2_SLAVE_ID;
 3811              		.loc 1 420 3 is_stmt 1 view .LVU1054
 420:Core/Src/main.c ****   g_modbus_u2_ctx.slave_id = MODBUS_U2_SLAVE_ID;
 3812              		.loc 1 420 24 is_stmt 0 view .LVU1055
 3813 01e4 C5F820B0 		str	fp, [r5, #32]
 421:Core/Src/main.c ****   g_modbus_u2_ctx.poll_list = s_modbus_07xx_poll_list;
 3814              		.loc 1 421 3 is_stmt 1 view .LVU1056
 421:Core/Src/main.c ****   g_modbus_u2_ctx.poll_list = s_modbus_07xx_poll_list;
 3815              		.loc 1 421 28 is_stmt 0 view .LVU1057
 3816 01e8 4FF00103 		mov	r3, #1
 3817 01ec 85F82430 		strb	r3, [r5, #36]
 422:Core/Src/main.c ****   g_modbus_u2_ctx.poll_list_count = sizeof(s_modbus_07xx_poll_list) / sizeof(s_modbus_07xx_poll_lis
 3818              		.loc 1 422 3 is_stmt 1 view .LVU1058
 422:Core/Src/main.c ****   g_modbus_u2_ctx.poll_list_count = sizeof(s_modbus_07xx_poll_list) / sizeof(s_modbus_07xx_poll_lis
 3819              		.loc 1 422 29 is_stmt 0 view .LVU1059
 3820 01f0 444B     		ldr	r3, .L262+140
 3821 01f2 AB62     		str	r3, [r5, #40]
 423:Core/Src/main.c ****   g_modbus_u2_ctx.rs485_set_tx_usart2 = AppTxResult_SetRs485Usart2;
 3822              		.loc 1 423 3 is_stmt 1 view .LVU1060
 423:Core/Src/main.c ****   g_modbus_u2_ctx.rs485_set_tx_usart2 = AppTxResult_SetRs485Usart2;
 3823              		.loc 1 423 35 is_stmt 0 view .LVU1061
 3824 01f4 0823     		movs	r3, #8
 3825 01f6 EB62     		str	r3, [r5, #44]
 424:Core/Src/main.c ****   AppModbusU2_Init(&g_modbus_u2_ctx);
 3826              		.loc 1 424 3 is_stmt 1 view .LVU1062
 424:Core/Src/main.c ****   AppModbusU2_Init(&g_modbus_u2_ctx);
 3827              		.loc 1 424 39 is_stmt 0 view .LVU1063
 3828 01f8 434B     		ldr	r3, .L262+144
 3829 01fa 2B63     		str	r3, [r5, #48]
 425:Core/Src/main.c ****   /* USER CODE END RTOS_INIT2 */
 3830              		.loc 1 425 3 is_stmt 1 view .LVU1064
 3831 01fc 2846     		mov	r0, r5
 3832 01fe FFF7FEFF 		bl	AppModbusU2_Init
 3833              	.LVL294:
 430:Core/Src/main.c **** 
 3834              		.loc 1 430 3 view .LVU1065
 430:Core/Src/main.c **** 
 3835              		.loc 1 430 23 is_stmt 0 view .LVU1066
 3836 0202 424A     		ldr	r2, .L262+148
 3837 0204 2146     		mov	r1, r4
 3838 0206 4248     		ldr	r0, .L262+152
ARM GAS  C:\Users\40918\AppData\Local\Temp\ccc2gyMS.s 			page 126


 3839 0208 FFF7FEFF 		bl	osThreadNew
 3840              	.LVL295:
 430:Core/Src/main.c **** 
 3841              		.loc 1 430 21 discriminator 1 view .LVU1067
 3842 020c 414B     		ldr	r3, .L262+156
 3843 020e 1860     		str	r0, [r3]
 433:Core/Src/main.c ****   modbusU2TaskHandle = osThreadNew(StartModbusU2Task, NULL, &modbusU2Task_attributes);
 3844              		.loc 1 433 3 is_stmt 1 view .LVU1068
 433:Core/Src/main.c ****   modbusU2TaskHandle = osThreadNew(StartModbusU2Task, NULL, &modbusU2Task_attributes);
 3845              		.loc 1 433 24 is_stmt 0 view .LVU1069
 3846 0210 414A     		ldr	r2, .L262+160
 3847 0212 2146     		mov	r1, r4
 3848 0214 4148     		ldr	r0, .L262+164
 3849 0216 FFF7FEFF 		bl	osThreadNew
 3850              	.LVL296:
 433:Core/Src/main.c ****   modbusU2TaskHandle = osThreadNew(StartModbusU2Task, NULL, &modbusU2Task_attributes);
 3851              		.loc 1 433 22 discriminator 1 view .LVU1070
 3852 021a 414B     		ldr	r3, .L262+168
 3853 021c 1860     		str	r0, [r3]
 434:Core/Src/main.c ****   calcLogTaskHandle = osThreadNew(StartCalcLogTask, NULL, &calcLogTask_attributes);
 3854              		.loc 1 434 3 is_stmt 1 view .LVU1071
 434:Core/Src/main.c ****   calcLogTaskHandle = osThreadNew(StartCalcLogTask, NULL, &calcLogTask_attributes);
 3855              		.loc 1 434 24 is_stmt 0 view .LVU1072
 3856 021e 414A     		ldr	r2, .L262+172
 3857 0220 2146     		mov	r1, r4
 3858 0222 4148     		ldr	r0, .L262+176
 3859 0224 FFF7FEFF 		bl	osThreadNew
 3860              	.LVL297:
 434:Core/Src/main.c ****   calcLogTaskHandle = osThreadNew(StartCalcLogTask, NULL, &calcLogTask_attributes);
 3861              		.loc 1 434 22 discriminator 1 view .LVU1073
 3862 0228 404B     		ldr	r3, .L262+180
 3863 022a 1860     		str	r0, [r3]
 435:Core/Src/main.c ****   txResultTaskHandle = osThreadNew(StartTxResultTask, NULL, &txResultTask_attributes);
 3864              		.loc 1 435 3 is_stmt 1 view .LVU1074
 435:Core/Src/main.c ****   txResultTaskHandle = osThreadNew(StartTxResultTask, NULL, &txResultTask_attributes);
 3865              		.loc 1 435 23 is_stmt 0 view .LVU1075
 3866 022c 404A     		ldr	r2, .L262+184
 3867 022e 2146     		mov	r1, r4
 3868 0230 4048     		ldr	r0, .L262+188
 3869 0232 FFF7FEFF 		bl	osThreadNew
 3870              	.LVL298:
 435:Core/Src/main.c ****   txResultTaskHandle = osThreadNew(StartTxResultTask, NULL, &txResultTask_attributes);
 3871              		.loc 1 435 21 discriminator 1 view .LVU1076
 3872 0236 404B     		ldr	r3, .L262+192
 3873 0238 1860     		str	r0, [r3]
 436:Core/Src/main.c ****   watchdogTaskHandle = osThreadNew(StartWatchdogTask, NULL, &watchdogTask_attributes);
 3874              		.loc 1 436 3 is_stmt 1 view .LVU1077
 436:Core/Src/main.c ****   watchdogTaskHandle = osThreadNew(StartWatchdogTask, NULL, &watchdogTask_attributes);
 3875              		.loc 1 436 24 is_stmt 0 view .LVU1078
 3876 023a 404A     		ldr	r2, .L262+196
 3877 023c 2146     		mov	r1, r4
 3878 023e 4048     		ldr	r0, .L262+200
 3879 0240 FFF7FEFF 		bl	osThreadNew
 3880              	.LVL299:
 436:Core/Src/main.c ****   watchdogTaskHandle = osThreadNew(StartWatchdogTask, NULL, &watchdogTask_attributes);
 3881              		.loc 1 436 22 discriminator 1 view .LVU1079
 3882 0244 3F4B     		ldr	r3, .L262+204
ARM GAS  C:\Users\40918\AppData\Local\Temp\ccc2gyMS.s 			page 127


 3883 0246 1860     		str	r0, [r3]
 437:Core/Src/main.c ****   sdLogTaskHandle = osThreadNew(StartSdLogTask, NULL, &sdLogTask_attributes);
 3884              		.loc 1 437 3 is_stmt 1 view .LVU1080
 437:Core/Src/main.c ****   sdLogTaskHandle = osThreadNew(StartSdLogTask, NULL, &sdLogTask_attributes);
 3885              		.loc 1 437 24 is_stmt 0 view .LVU1081
 3886 0248 3F4A     		ldr	r2, .L262+208
 3887 024a 2146     		mov	r1, r4
 3888 024c 3F48     		ldr	r0, .L262+212
 3889 024e FFF7FEFF 		bl	osThreadNew
 3890              	.LVL300:
 437:Core/Src/main.c ****   sdLogTaskHandle = osThreadNew(StartSdLogTask, NULL, &sdLogTask_attributes);
 3891              		.loc 1 437 22 discriminator 1 view .LVU1082
 3892 0252 3F4B     		ldr	r3, .L262+216
 3893 0254 1860     		str	r0, [r3]
 438:Core/Src/main.c ****   monitorTaskHandle = osThreadNew(StartMonitorTask, NULL, &monitorTask_attributes);
 3894              		.loc 1 438 3 is_stmt 1 view .LVU1083
 438:Core/Src/main.c ****   monitorTaskHandle = osThreadNew(StartMonitorTask, NULL, &monitorTask_attributes);
 3895              		.loc 1 438 21 is_stmt 0 view .LVU1084
 3896 0256 3F4A     		ldr	r2, .L262+220
 3897 0258 2146     		mov	r1, r4
 3898 025a 3F48     		ldr	r0, .L262+224
 3899 025c FFF7FEFF 		bl	osThreadNew
 3900              	.LVL301:
 438:Core/Src/main.c ****   monitorTaskHandle = osThreadNew(StartMonitorTask, NULL, &monitorTask_attributes);
 3901              		.loc 1 438 19 discriminator 1 view .LVU1085
 3902 0260 3E4B     		ldr	r3, .L262+228
 3903 0262 1860     		str	r0, [r3]
 439:Core/Src/main.c ****   /* USER CODE END RTOS_THREADS */
 3904              		.loc 1 439 3 is_stmt 1 view .LVU1086
 439:Core/Src/main.c ****   /* USER CODE END RTOS_THREADS */
 3905              		.loc 1 439 23 is_stmt 0 view .LVU1087
 3906 0264 3E4A     		ldr	r2, .L262+232
 3907 0266 2146     		mov	r1, r4
 3908 0268 3E48     		ldr	r0, .L262+236
 3909 026a FFF7FEFF 		bl	osThreadNew
 3910              	.LVL302:
 439:Core/Src/main.c ****   /* USER CODE END RTOS_THREADS */
 3911              		.loc 1 439 21 discriminator 1 view .LVU1088
 3912 026e 3E4B     		ldr	r3, .L262+240
 3913 0270 1860     		str	r0, [r3]
 447:Core/Src/main.c **** 
 3914              		.loc 1 447 3 is_stmt 1 view .LVU1089
 3915 0272 FFF7FEFF 		bl	osKernelStart
 3916              	.LVL303:
 3917              	.L260:
 451:Core/Src/main.c ****   {
 3918              		.loc 1 451 3 view .LVU1090
 456:Core/Src/main.c ****   /* USER CODE END 3 */
 3919              		.loc 1 456 3 view .LVU1091
 451:Core/Src/main.c ****   {
 3920              		.loc 1 451 9 view .LVU1092
 3921 0276 FEE7     		b	.L260
 3922              	.L263:
 3923              		.align	2
 3924              	.L262:
 3925 0278 00000000 		.word	g_rpm_latest
 3926 027c 00000000 		.word	g_protocol_values
ARM GAS  C:\Users\40918\AppData\Local\Temp\ccc2gyMS.s 			page 128


 3927 0280 00000000 		.word	g_usart1_ctx
 3928 0284 00000000 		.word	g_calc_ctx
 3929 0288 0000F642 		.word	1123418112
 3930 028c 00005E43 		.word	1130233856
 3931 0290 66A6A643 		.word	1134995046
 3932 0294 3333DE43 		.word	1138635571
 3933 0298 C0C62D00 		.word	3000000
 3934 029c 80969800 		.word	10000000
 3935 02a0 00000000 		.word	htim5
 3936 02a4 00000000 		.word	.LC6
 3937 02a8 00000000 		.word	huart6
 3938 02ac 1C000000 		.word	.LC7
 3939 02b0 44000000 		.word	.LC8
 3940 02b4 00000000 		.word	qUsart1RxFramesHandle
 3941 02b8 00000000 		.word	qModbusU2EventsHandle
 3942 02bc 00000000 		.word	qResult1sHandle
 3943 02c0 00000000 		.word	evtSystemFlagsHandle
 3944 02c4 00000000 		.word	huart1
 3945 02c8 00000000 		.word	hdma_usart1_rx
 3946 02cc 00000000 		.word	usart1_rx_dma_buf
 3947 02d0 00000000 		.word	OnWirelessSampleReceived
 3948 02d4 00000000 		.word	OnWirelessBoardSampleReceived
 3949 02d8 00000000 		.word	OnWirelessFrameNoReceived
 3950 02dc 00000000 		.word	OnWirelessRxInterrupted
 3951 02e0 00000000 		.word	GetWirelessSampleFreqHz
 3952 02e4 00000000 		.word	SDPath
 3953 02e8 00000000 		.word	SDFatFS
 3954 02ec 00000000 		.word	hrtc
 3955 02f0 00000000 		.word	g_sd_log_ctx
 3956 02f4 00000000 		.word	g_modbus_u2_ctx
 3957 02f8 00000000 		.word	huart2
 3958 02fc 00000000 		.word	hdma_usart2_rx
 3959 0300 00000000 		.word	usart2_rx_dma_buf
 3960 0304 00000000 		.word	s_modbus_07xx_poll_list
 3961 0308 00000000 		.word	AppTxResult_SetRs485Usart2
 3962 030c 00000000 		.word	defaultTask_attributes
 3963 0310 00000000 		.word	StartDefaultTask
 3964 0314 00000000 		.word	defaultTaskHandle
 3965 0318 00000000 		.word	wirelessTask_attributes
 3966 031c 00000000 		.word	StartWirelessTask
 3967 0320 00000000 		.word	wirelessTaskHandle
 3968 0324 00000000 		.word	modbusU2Task_attributes
 3969 0328 00000000 		.word	StartModbusU2Task
 3970 032c 00000000 		.word	modbusU2TaskHandle
 3971 0330 00000000 		.word	calcLogTask_attributes
 3972 0334 00000000 		.word	StartCalcLogTask
 3973 0338 00000000 		.word	calcLogTaskHandle
 3974 033c 00000000 		.word	txResultTask_attributes
 3975 0340 00000000 		.word	StartTxResultTask
 3976 0344 00000000 		.word	txResultTaskHandle
 3977 0348 00000000 		.word	watchdogTask_attributes
 3978 034c 00000000 		.word	StartWatchdogTask
 3979 0350 00000000 		.word	watchdogTaskHandle
 3980 0354 00000000 		.word	sdLogTask_attributes
 3981 0358 00000000 		.word	StartSdLogTask
 3982 035c 00000000 		.word	sdLogTaskHandle
 3983 0360 00000000 		.word	monitorTask_attributes
ARM GAS  C:\Users\40918\AppData\Local\Temp\ccc2gyMS.s 			page 129


 3984 0364 00000000 		.word	StartMonitorTask
 3985 0368 00000000 		.word	monitorTaskHandle
 3986 036c 00000000 		.word	g_wireless_latest
 3987 0370 00000000 		.word	g_result_latest
 3988 0374 00000000 		.word	g_diag_counters
 3989 0378 00000000 		.word	mtxSharedDataHandle
 3990              		.cfi_endproc
 3991              	.LFE248:
 3993              		.section	.rodata.s_modbus_07xx_poll_list,"a"
 3994              		.align	2
 3997              	s_modbus_07xx_poll_list:
 3998 0000 D007     		.short	2000
 3999 0002 0200     		.short	2
 4000 0004 D207     		.short	2002
 4001 0006 0200     		.short	2
 4002 0008 D407     		.short	2004
 4003 000a 0200     		.short	2
 4004 000c D607     		.short	2006
 4005 000e 0200     		.short	2
 4006 0010 D807     		.short	2008
 4007 0012 0100     		.short	1
 4008 0014 D907     		.short	2009
 4009 0016 0100     		.short	1
 4010 0018 DA07     		.short	2010
 4011 001a 0200     		.short	2
 4012 001c DC07     		.short	2012
 4013 001e 0100     		.short	1
 4014              		.section	.bss.g_protocol_values,"aw",%nobits
 4015              		.align	2
 4018              	g_protocol_values:
 4019 0000 00000000 		.space	104
 4019      00000000 
 4019      00000000 
 4019      00000000 
 4019      00000000 
 4020              		.section	.bss.g_sd_log_ctx,"aw",%nobits
 4021              		.align	2
 4024              	g_sd_log_ctx:
 4025 0000 00000000 		.space	6412
 4025      00000000 
 4025      00000000 
 4025      00000000 
 4025      00000000 
 4026              		.section	.bss.g_calc_ctx,"aw",%nobits
 4027              		.align	2
 4030              	g_calc_ctx:
 4031 0000 00000000 		.space	16
 4031      00000000 
 4031      00000000 
 4031      00000000 
 4032              		.section	.bss.g_modbus_u2_ctx,"aw",%nobits
 4033              		.align	2
 4036              	g_modbus_u2_ctx:
 4037 0000 00000000 		.space	52
 4037      00000000 
 4037      00000000 
 4037      00000000 
ARM GAS  C:\Users\40918\AppData\Local\Temp\ccc2gyMS.s 			page 130


 4037      00000000 
 4038              		.section	.bss.g_usart1_ctx,"aw",%nobits
 4039              		.align	2
 4042              	g_usart1_ctx:
 4043 0000 00000000 		.space	56
 4043      00000000 
 4043      00000000 
 4043      00000000 
 4043      00000000 
 4044              		.section	.bss.g_board_low_count,"aw",%nobits
 4047              	g_board_low_count:
 4048 0000 00       		.space	1
 4049              		.section	.bss.g_pc2_adc_low_count,"aw",%nobits
 4052              	g_pc2_adc_low_count:
 4053 0000 00       		.space	1
 4054              		.section	.data.g_pc2_adc_raw,"aw"
 4055              		.align	2
 4058              	g_pc2_adc_raw:
 4059 0000 FF0F0000 		.word	4095
 4060              		.section	.bss.g_tx_enable_uart6,"aw",%nobits
 4063              	g_tx_enable_uart6:
 4064 0000 00       		.space	1
 4065              		.section	.bss.g_tx_enable_usart3,"aw",%nobits
 4068              	g_tx_enable_usart3:
 4069 0000 00       		.space	1
 4070              		.section	.data.usart3_tx_done,"aw"
 4073              	usart3_tx_done:
 4074 0000 01       		.byte	1
 4075              		.section	.bss.usart2_rx_dma_buf,"aw",%nobits
 4076              		.align	2
 4079              	usart2_rx_dma_buf:
 4080 0000 00000000 		.space	128
 4080      00000000 
 4080      00000000 
 4080      00000000 
 4080      00000000 
 4081              		.section	.bss.usart1_rx_dma_buf,"aw",%nobits
 4082              		.align	2
 4085              	usart1_rx_dma_buf:
 4086 0000 00000000 		.space	128
 4086      00000000 
 4086      00000000 
 4086      00000000 
 4086      00000000 
 4087              		.global	monitorTask_attributes
 4088              		.section	.rodata.str1.4,"aMS",%progbits,1
 4089              		.align	2
 4090              	.LC9:
 4091 0000 6D6F6E69 		.ascii	"monitorTask\000"
 4091      746F7254 
 4091      61736B00 
 4092              		.section	.rodata.monitorTask_attributes,"a"
 4093              		.align	2
 4096              	monitorTask_attributes:
 4097 0000 00000000 		.word	.LC9
 4098 0004 00000000 		.space	16
 4098      00000000 
ARM GAS  C:\Users\40918\AppData\Local\Temp\ccc2gyMS.s 			page 131


 4098      00000000 
 4098      00000000 
 4099 0014 00040000 		.word	1024
 4100 0018 08000000 		.word	8
 4101 001c 00000000 		.space	8
 4101      00000000 
 4102              		.global	sdLogTask_attributes
 4103              		.section	.rodata.str1.4
 4104              		.align	2
 4105              	.LC10:
 4106 000c 73644C6F 		.ascii	"sdLogTask\000"
 4106      67546173 
 4106      6B00
 4107              		.section	.rodata.sdLogTask_attributes,"a"
 4108              		.align	2
 4111              	sdLogTask_attributes:
 4112 0000 0C000000 		.word	.LC10
 4113 0004 00000000 		.space	16
 4113      00000000 
 4113      00000000 
 4113      00000000 
 4114 0014 00080000 		.word	2048
 4115 0018 10000000 		.word	16
 4116 001c 00000000 		.space	8
 4116      00000000 
 4117              		.global	watchdogTask_attributes
 4118              		.section	.rodata.str1.4
 4119 0016 0000     		.align	2
 4120              	.LC11:
 4121 0018 77617463 		.ascii	"watchdogTask\000"
 4121      68646F67 
 4121      5461736B 
 4121      00
 4122              		.section	.rodata.watchdogTask_attributes,"a"
 4123              		.align	2
 4126              	watchdogTask_attributes:
 4127 0000 18000000 		.word	.LC11
 4128 0004 00000000 		.space	16
 4128      00000000 
 4128      00000000 
 4128      00000000 
 4129 0014 00040000 		.word	1024
 4130 0018 20000000 		.word	32
 4131 001c 00000000 		.space	8
 4131      00000000 
 4132              		.global	txResultTask_attributes
 4133              		.section	.rodata.str1.4
 4134 0025 000000   		.align	2
 4135              	.LC12:
 4136 0028 74785265 		.ascii	"txResultTask\000"
 4136      73756C74 
 4136      5461736B 
 4136      00
 4137              		.section	.rodata.txResultTask_attributes,"a"
 4138              		.align	2
 4141              	txResultTask_attributes:
 4142 0000 28000000 		.word	.LC12
ARM GAS  C:\Users\40918\AppData\Local\Temp\ccc2gyMS.s 			page 132


 4143 0004 00000000 		.space	16
 4143      00000000 
 4143      00000000 
 4143      00000000 
 4144 0014 00040000 		.word	1024
 4145 0018 10000000 		.word	16
 4146 001c 00000000 		.space	8
 4146      00000000 
 4147              		.global	calcLogTask_attributes
 4148              		.section	.rodata.str1.4
 4149 0035 000000   		.align	2
 4150              	.LC13:
 4151 0038 63616C63 		.ascii	"calcLogTask\000"
 4151      4C6F6754 
 4151      61736B00 
 4152              		.section	.rodata.calcLogTask_attributes,"a"
 4153              		.align	2
 4156              	calcLogTask_attributes:
 4157 0000 38000000 		.word	.LC13
 4158 0004 00000000 		.space	16
 4158      00000000 
 4158      00000000 
 4158      00000000 
 4159 0014 00060000 		.word	1536
 4160 0018 18000000 		.word	24
 4161 001c 00000000 		.space	8
 4161      00000000 
 4162              		.global	modbusU2Task_attributes
 4163              		.section	.rodata.str1.4
 4164              		.align	2
 4165              	.LC14:
 4166 0044 6D6F6462 		.ascii	"modbusU2Task\000"
 4166      75735532 
 4166      5461736B 
 4166      00
 4167              		.section	.rodata.modbusU2Task_attributes,"a"
 4168              		.align	2
 4171              	modbusU2Task_attributes:
 4172 0000 44000000 		.word	.LC14
 4173 0004 00000000 		.space	16
 4173      00000000 
 4173      00000000 
 4173      00000000 
 4174 0014 00080000 		.word	2048
 4175 0018 18000000 		.word	24
 4176 001c 00000000 		.space	8
 4176      00000000 
 4177              		.global	wirelessTask_attributes
 4178              		.section	.rodata.str1.4
 4179 0051 000000   		.align	2
 4180              	.LC15:
 4181 0054 77697265 		.ascii	"wirelessTask\000"
 4181      6C657373 
 4181      5461736B 
 4181      00
 4182              		.section	.rodata.wirelessTask_attributes,"a"
 4183              		.align	2
ARM GAS  C:\Users\40918\AppData\Local\Temp\ccc2gyMS.s 			page 133


 4186              	wirelessTask_attributes:
 4187 0000 54000000 		.word	.LC15
 4188 0004 00000000 		.space	16
 4188      00000000 
 4188      00000000 
 4188      00000000 
 4189 0014 00040000 		.word	1024
 4190 0018 18000000 		.word	24
 4191 001c 00000000 		.space	8
 4191      00000000 
 4192              		.global	g_diag_counters
 4193              		.section	.bss.g_diag_counters,"aw",%nobits
 4194              		.align	2
 4197              	g_diag_counters:
 4198 0000 00000000 		.space	40
 4198      00000000 
 4198      00000000 
 4198      00000000 
 4198      00000000 
 4199              		.global	g_result_latest
 4200              		.section	.bss.g_result_latest,"aw",%nobits
 4201              		.align	2
 4204              	g_result_latest:
 4205 0000 00000000 		.space	24
 4205      00000000 
 4205      00000000 
 4205      00000000 
 4205      00000000 
 4206              		.global	g_rpm_latest
 4207              		.section	.bss.g_rpm_latest,"aw",%nobits
 4208              		.align	2
 4211              	g_rpm_latest:
 4212 0000 00000000 		.space	12
 4212      00000000 
 4212      00000000 
 4213              		.global	g_wireless_latest
 4214              		.section	.bss.g_wireless_latest,"aw",%nobits
 4215              		.align	2
 4218              	g_wireless_latest:
 4219 0000 00000000 		.space	24
 4219      00000000 
 4219      00000000 
 4219      00000000 
 4219      00000000 
 4220              		.global	mtxSharedDataHandle
 4221              		.section	.bss.mtxSharedDataHandle,"aw",%nobits
 4222              		.align	2
 4225              	mtxSharedDataHandle:
 4226 0000 00000000 		.space	4
 4227              		.global	evtSystemFlagsHandle
 4228              		.section	.bss.evtSystemFlagsHandle,"aw",%nobits
 4229              		.align	2
 4232              	evtSystemFlagsHandle:
 4233 0000 00000000 		.space	4
 4234              		.global	qResult1sHandle
 4235              		.section	.bss.qResult1sHandle,"aw",%nobits
 4236              		.align	2
ARM GAS  C:\Users\40918\AppData\Local\Temp\ccc2gyMS.s 			page 134


 4239              	qResult1sHandle:
 4240 0000 00000000 		.space	4
 4241              		.global	qModbusU2EventsHandle
 4242              		.section	.bss.qModbusU2EventsHandle,"aw",%nobits
 4243              		.align	2
 4246              	qModbusU2EventsHandle:
 4247 0000 00000000 		.space	4
 4248              		.global	qUsart1RxFramesHandle
 4249              		.section	.bss.qUsart1RxFramesHandle,"aw",%nobits
 4250              		.align	2
 4253              	qUsart1RxFramesHandle:
 4254 0000 00000000 		.space	4
 4255              		.global	monitorTaskHandle
 4256              		.section	.bss.monitorTaskHandle,"aw",%nobits
 4257              		.align	2
 4260              	monitorTaskHandle:
 4261 0000 00000000 		.space	4
 4262              		.global	sdLogTaskHandle
 4263              		.section	.bss.sdLogTaskHandle,"aw",%nobits
 4264              		.align	2
 4267              	sdLogTaskHandle:
 4268 0000 00000000 		.space	4
 4269              		.global	watchdogTaskHandle
 4270              		.section	.bss.watchdogTaskHandle,"aw",%nobits
 4271              		.align	2
 4274              	watchdogTaskHandle:
 4275 0000 00000000 		.space	4
 4276              		.global	txResultTaskHandle
 4277              		.section	.bss.txResultTaskHandle,"aw",%nobits
 4278              		.align	2
 4281              	txResultTaskHandle:
 4282 0000 00000000 		.space	4
 4283              		.global	calcLogTaskHandle
 4284              		.section	.bss.calcLogTaskHandle,"aw",%nobits
 4285              		.align	2
 4288              	calcLogTaskHandle:
 4289 0000 00000000 		.space	4
 4290              		.global	modbusU2TaskHandle
 4291              		.section	.bss.modbusU2TaskHandle,"aw",%nobits
 4292              		.align	2
 4295              	modbusU2TaskHandle:
 4296 0000 00000000 		.space	4
 4297              		.global	wirelessTaskHandle
 4298              		.section	.bss.wirelessTaskHandle,"aw",%nobits
 4299              		.align	2
 4302              	wirelessTaskHandle:
 4303 0000 00000000 		.space	4
 4304              		.global	defaultTask_attributes
 4305              		.section	.rodata.str1.4
 4306 0061 000000   		.align	2
 4307              	.LC16:
 4308 0064 64656661 		.ascii	"defaultTask\000"
 4308      756C7454 
 4308      61736B00 
 4309              		.section	.rodata.defaultTask_attributes,"a"
 4310              		.align	2
 4313              	defaultTask_attributes:
ARM GAS  C:\Users\40918\AppData\Local\Temp\ccc2gyMS.s 			page 135


 4314 0000 64000000 		.word	.LC16
 4315 0004 00000000 		.space	16
 4315      00000000 
 4315      00000000 
 4315      00000000 
 4316 0014 00060000 		.word	1536
 4317 0018 08000000 		.word	8
 4318 001c 00000000 		.space	8
 4318      00000000 
 4319              		.global	defaultTaskHandle
 4320              		.section	.bss.defaultTaskHandle,"aw",%nobits
 4321              		.align	2
 4324              	defaultTaskHandle:
 4325 0000 00000000 		.space	4
 4326              		.global	hdma_usart3_tx
 4327              		.section	.bss.hdma_usart3_tx,"aw",%nobits
 4328              		.align	2
 4331              	hdma_usart3_tx:
 4332 0000 00000000 		.space	96
 4332      00000000 
 4332      00000000 
 4332      00000000 
 4332      00000000 
 4333              		.global	hdma_usart3_rx
 4334              		.section	.bss.hdma_usart3_rx,"aw",%nobits
 4335              		.align	2
 4338              	hdma_usart3_rx:
 4339 0000 00000000 		.space	96
 4339      00000000 
 4339      00000000 
 4339      00000000 
 4339      00000000 
 4340              		.global	hdma_usart2_tx
 4341              		.section	.bss.hdma_usart2_tx,"aw",%nobits
 4342              		.align	2
 4345              	hdma_usart2_tx:
 4346 0000 00000000 		.space	96
 4346      00000000 
 4346      00000000 
 4346      00000000 
 4346      00000000 
 4347              		.global	hdma_usart2_rx
 4348              		.section	.bss.hdma_usart2_rx,"aw",%nobits
 4349              		.align	2
 4352              	hdma_usart2_rx:
 4353 0000 00000000 		.space	96
 4353      00000000 
 4353      00000000 
 4353      00000000 
 4353      00000000 
 4354              		.global	hdma_usart1_tx
 4355              		.section	.bss.hdma_usart1_tx,"aw",%nobits
 4356              		.align	2
 4359              	hdma_usart1_tx:
 4360 0000 00000000 		.space	96
 4360      00000000 
 4360      00000000 
ARM GAS  C:\Users\40918\AppData\Local\Temp\ccc2gyMS.s 			page 136


 4360      00000000 
 4360      00000000 
 4361              		.global	hdma_usart1_rx
 4362              		.section	.bss.hdma_usart1_rx,"aw",%nobits
 4363              		.align	2
 4366              	hdma_usart1_rx:
 4367 0000 00000000 		.space	96
 4367      00000000 
 4367      00000000 
 4367      00000000 
 4367      00000000 
 4368              		.global	huart6
 4369              		.section	.bss.huart6,"aw",%nobits
 4370              		.align	2
 4373              	huart6:
 4374 0000 00000000 		.space	72
 4374      00000000 
 4374      00000000 
 4374      00000000 
 4374      00000000 
 4375              		.global	huart3
 4376              		.section	.bss.huart3,"aw",%nobits
 4377              		.align	2
 4380              	huart3:
 4381 0000 00000000 		.space	72
 4381      00000000 
 4381      00000000 
 4381      00000000 
 4381      00000000 
 4382              		.global	huart2
 4383              		.section	.bss.huart2,"aw",%nobits
 4384              		.align	2
 4387              	huart2:
 4388 0000 00000000 		.space	72
 4388      00000000 
 4388      00000000 
 4388      00000000 
 4388      00000000 
 4389              		.global	huart1
 4390              		.section	.bss.huart1,"aw",%nobits
 4391              		.align	2
 4394              	huart1:
 4395 0000 00000000 		.space	72
 4395      00000000 
 4395      00000000 
 4395      00000000 
 4395      00000000 
 4396              		.global	htim5
 4397              		.section	.bss.htim5,"aw",%nobits
 4398              		.align	2
 4401              	htim5:
 4402 0000 00000000 		.space	72
 4402      00000000 
 4402      00000000 
 4402      00000000 
 4402      00000000 
 4403              		.global	hdma_sdio_tx
ARM GAS  C:\Users\40918\AppData\Local\Temp\ccc2gyMS.s 			page 137


 4404              		.section	.bss.hdma_sdio_tx,"aw",%nobits
 4405              		.align	2
 4408              	hdma_sdio_tx:
 4409 0000 00000000 		.space	96
 4409      00000000 
 4409      00000000 
 4409      00000000 
 4409      00000000 
 4410              		.global	hdma_sdio_rx
 4411              		.section	.bss.hdma_sdio_rx,"aw",%nobits
 4412              		.align	2
 4415              	hdma_sdio_rx:
 4416 0000 00000000 		.space	96
 4416      00000000 
 4416      00000000 
 4416      00000000 
 4416      00000000 
 4417              		.global	hsd
 4418              		.section	.bss.hsd,"aw",%nobits
 4419              		.align	2
 4422              	hsd:
 4423 0000 00000000 		.space	132
 4423      00000000 
 4423      00000000 
 4423      00000000 
 4423      00000000 
 4424              		.global	hrtc
 4425              		.section	.bss.hrtc,"aw",%nobits
 4426              		.align	2
 4429              	hrtc:
 4430 0000 00000000 		.space	32
 4430      00000000 
 4430      00000000 
 4430      00000000 
 4430      00000000 
 4431              		.global	hiwdg
 4432              		.section	.bss.hiwdg,"aw",%nobits
 4433              		.align	2
 4436              	hiwdg:
 4437 0000 00000000 		.space	12
 4437      00000000 
 4437      00000000 
 4438              		.global	hdma_adc1
 4439              		.section	.bss.hdma_adc1,"aw",%nobits
 4440              		.align	2
 4443              	hdma_adc1:
 4444 0000 00000000 		.space	96
 4444      00000000 
 4444      00000000 
 4444      00000000 
 4444      00000000 
 4445              		.global	hadc1
 4446              		.section	.bss.hadc1,"aw",%nobits
 4447              		.align	2
 4450              	hadc1:
 4451 0000 00000000 		.space	72
 4451      00000000 
ARM GAS  C:\Users\40918\AppData\Local\Temp\ccc2gyMS.s 			page 138


 4451      00000000 
 4451      00000000 
 4451      00000000 
 4452              		.text
 4453              	.Letext0:
 4454              		.file 3 "Drivers/CMSIS/Device/ST/STM32F4xx/Include/stm32f407xx.h"
 4455              		.file 4 "D:/Tools/Arm GNU Toolchain arm-none-eabi/13.3 rel1/arm-none-eabi/include/machine/_default
 4456              		.file 5 "D:/Tools/Arm GNU Toolchain arm-none-eabi/13.3 rel1/arm-none-eabi/include/sys/_stdint.h"
 4457              		.file 6 "Drivers/CMSIS/Device/ST/STM32F4xx/Include/stm32f4xx.h"
 4458              		.file 7 "D:/Tools/Arm GNU Toolchain arm-none-eabi/13.3 rel1/lib/gcc/arm-none-eabi/13.3.1/include/s
 4459              		.file 8 "Drivers/STM32F4xx_HAL_Driver/Inc/stm32f4xx_hal_def.h"
 4460              		.file 9 "Drivers/STM32F4xx_HAL_Driver/Inc/stm32f4xx_hal_rcc_ex.h"
 4461              		.file 10 "Drivers/STM32F4xx_HAL_Driver/Inc/stm32f4xx_hal_rcc.h"
 4462              		.file 11 "Drivers/STM32F4xx_HAL_Driver/Inc/stm32f4xx_hal_gpio.h"
 4463              		.file 12 "Drivers/STM32F4xx_HAL_Driver/Inc/stm32f4xx_hal_dma.h"
 4464              		.file 13 "Drivers/STM32F4xx_HAL_Driver/Inc/stm32f4xx_hal_adc.h"
 4465              		.file 14 "Drivers/STM32F4xx_HAL_Driver/Inc/stm32f4xx_hal_iwdg.h"
 4466              		.file 15 "Drivers/STM32F4xx_HAL_Driver/Inc/stm32f4xx_hal_rtc.h"
 4467              		.file 16 "Drivers/STM32F4xx_HAL_Driver/Inc/stm32f4xx_ll_sdmmc.h"
 4468              		.file 17 "Drivers/STM32F4xx_HAL_Driver/Inc/stm32f4xx_hal_sd.h"
 4469              		.file 18 "Drivers/STM32F4xx_HAL_Driver/Inc/stm32f4xx_hal_tim.h"
 4470              		.file 19 "Drivers/STM32F4xx_HAL_Driver/Inc/stm32f4xx_hal_uart.h"
 4471              		.file 20 "Core/Inc/main.h"
 4472              		.file 21 "Middlewares/Third_Party/FreeRTOS/Source/CMSIS_RTOS_V2/cmsis_os2.h"
 4473              		.file 22 "Middlewares/Third_Party/FatFs/src/integer.h"
 4474              		.file 23 "Middlewares/Third_Party/FatFs/src/ff.h"
 4475              		.file 24 "FATFS/App/fatfs.h"
 4476              		.file 25 "Core/Inc/rpm.h"
 4477              		.file 26 "Core/Inc/protocol_values.h"
 4478              		.file 27 "Core/Inc/app_log_sd.h"
 4479              		.file 28 "Core/Inc/app_tx_result.h"
 4480              		.file 29 "Core/Inc/app_usart1.h"
 4481              		.file 30 "Core/Inc/app_modbus_u2.h"
 4482              		.file 31 "Core/Inc/app_calc.h"
 4483              		.file 32 "Core/Inc/app_avg_power_cache.h"
 4484              		.file 33 "Drivers/STM32F4xx_HAL_Driver/Inc/stm32f4xx_hal_tim_ex.h"
 4485              		.file 34 "Drivers/STM32F4xx_HAL_Driver/Inc/stm32f4xx_hal_rtc_ex.h"
 4486              		.file 35 "Drivers/STM32F4xx_HAL_Driver/Inc/stm32f4xx_hal_cortex.h"
 4487              		.file 36 "Drivers/STM32F4xx_HAL_Driver/Inc/stm32f4xx_hal.h"
 4488              		.file 37 "D:/Tools/Arm GNU Toolchain arm-none-eabi/13.3 rel1/arm-none-eabi/include/stdio.h"
 4489              		.file 38 "Core/Inc/app_param_store.h"
 4490              		.file 39 "D:/Tools/Arm GNU Toolchain arm-none-eabi/13.3 rel1/arm-none-eabi/include/string.h"
 4491              		.file 40 "<built-in>"
ARM GAS  C:\Users\40918\AppData\Local\Temp\ccc2gyMS.s 			page 139


DEFINED SYMBOLS
                            *ABS*:00000000 main.c
C:\Users\40918\AppData\Local\Temp\ccc2gyMS.s:21     .text.MX_SDIO_SD_Init:00000000 $t
C:\Users\40918\AppData\Local\Temp\ccc2gyMS.s:26     .text.MX_SDIO_SD_Init:00000000 MX_SDIO_SD_Init
C:\Users\40918\AppData\Local\Temp\ccc2gyMS.s:63     .text.MX_SDIO_SD_Init:00000018 $d
C:\Users\40918\AppData\Local\Temp\ccc2gyMS.s:4422   .bss.hsd:00000000 hsd
C:\Users\40918\AppData\Local\Temp\ccc2gyMS.s:69     .text.ReadPc2AdcVoltageMv:00000000 $t
C:\Users\40918\AppData\Local\Temp\ccc2gyMS.s:74     .text.ReadPc2AdcVoltageMv:00000000 ReadPc2AdcVoltageMv
C:\Users\40918\AppData\Local\Temp\ccc2gyMS.s:129    .text.ReadPc2AdcVoltageMv:00000038 $d
C:\Users\40918\AppData\Local\Temp\ccc2gyMS.s:4058   .data.g_pc2_adc_raw:00000000 g_pc2_adc_raw
C:\Users\40918\AppData\Local\Temp\ccc2gyMS.s:135    .text.RpmUpdateSharedFromIsr:00000000 $t
C:\Users\40918\AppData\Local\Temp\ccc2gyMS.s:140    .text.RpmUpdateSharedFromIsr:00000000 RpmUpdateSharedFromIsr
C:\Users\40918\AppData\Local\Temp\ccc2gyMS.s:173    .text.RpmUpdateSharedFromIsr:00000014 $d
C:\Users\40918\AppData\Local\Temp\ccc2gyMS.s:4211   .bss.g_rpm_latest:00000000 g_rpm_latest
C:\Users\40918\AppData\Local\Temp\ccc2gyMS.s:178    .text.GetWirelessSampleFreqHz:00000000 $t
C:\Users\40918\AppData\Local\Temp\ccc2gyMS.s:183    .text.GetWirelessSampleFreqHz:00000000 GetWirelessSampleFreqHz
C:\Users\40918\AppData\Local\Temp\ccc2gyMS.s:295    .text.GetWirelessSampleFreqHz:00000074 $d
C:\Users\40918\AppData\Local\Temp\ccc2gyMS.s:4225   .bss.mtxSharedDataHandle:00000000 mtxSharedDataHandle
C:\Users\40918\AppData\Local\Temp\ccc2gyMS.s:4018   .bss.g_protocol_values:00000000 g_protocol_values
C:\Users\40918\AppData\Local\Temp\ccc2gyMS.s:303    .text.OnWirelessFrameNoReceived:00000000 $t
C:\Users\40918\AppData\Local\Temp\ccc2gyMS.s:308    .text.OnWirelessFrameNoReceived:00000000 OnWirelessFrameNoReceived
C:\Users\40918\AppData\Local\Temp\ccc2gyMS.s:354    .text.OnWirelessFrameNoReceived:00000024 $d
C:\Users\40918\AppData\Local\Temp\ccc2gyMS.s:360    .text.OnWirelessBoardSampleReceived:00000000 $t
C:\Users\40918\AppData\Local\Temp\ccc2gyMS.s:365    .text.OnWirelessBoardSampleReceived:00000000 OnWirelessBoardSampleReceived
C:\Users\40918\AppData\Local\Temp\ccc2gyMS.s:448    .text.OnWirelessBoardSampleReceived:00000050 $d
C:\Users\40918\AppData\Local\Temp\ccc2gyMS.s:4047   .bss.g_board_low_count:00000000 g_board_low_count
C:\Users\40918\AppData\Local\Temp\ccc2gyMS.s:455    .text.UpdatePc2LowVoltageState:00000000 $t
C:\Users\40918\AppData\Local\Temp\ccc2gyMS.s:460    .text.UpdatePc2LowVoltageState:00000000 UpdatePc2LowVoltageState
C:\Users\40918\AppData\Local\Temp\ccc2gyMS.s:544    .text.UpdatePc2LowVoltageState:0000004c $d
C:\Users\40918\AppData\Local\Temp\ccc2gyMS.s:4052   .bss.g_pc2_adc_low_count:00000000 g_pc2_adc_low_count
C:\Users\40918\AppData\Local\Temp\ccc2gyMS.s:551    .text.RpmUpdateShared:00000000 $t
C:\Users\40918\AppData\Local\Temp\ccc2gyMS.s:556    .text.RpmUpdateShared:00000000 RpmUpdateShared
C:\Users\40918\AppData\Local\Temp\ccc2gyMS.s:624    .text.RpmUpdateShared:00000030 $d
C:\Users\40918\AppData\Local\Temp\ccc2gyMS.s:630    .text.OnWirelessRxInterrupted:00000000 $t
C:\Users\40918\AppData\Local\Temp\ccc2gyMS.s:635    .text.OnWirelessRxInterrupted:00000000 OnWirelessRxInterrupted
C:\Users\40918\AppData\Local\Temp\ccc2gyMS.s:725    .text.OnWirelessRxInterrupted:00000058 $d
C:\Users\40918\AppData\Local\Temp\ccc2gyMS.s:4218   .bss.g_wireless_latest:00000000 g_wireless_latest
C:\Users\40918\AppData\Local\Temp\ccc2gyMS.s:733    .text.OnWirelessSampleReceived:00000000 $t
C:\Users\40918\AppData\Local\Temp\ccc2gyMS.s:738    .text.OnWirelessSampleReceived:00000000 OnWirelessSampleReceived
C:\Users\40918\AppData\Local\Temp\ccc2gyMS.s:780    .text.MX_GPIO_Init:00000000 $t
C:\Users\40918\AppData\Local\Temp\ccc2gyMS.s:785    .text.MX_GPIO_Init:00000000 MX_GPIO_Init
C:\Users\40918\AppData\Local\Temp\ccc2gyMS.s:1026   .text.MX_GPIO_Init:00000120 $d
C:\Users\40918\AppData\Local\Temp\ccc2gyMS.s:1034   .text.MX_DMA_Init:00000000 $t
C:\Users\40918\AppData\Local\Temp\ccc2gyMS.s:1039   .text.MX_DMA_Init:00000000 MX_DMA_Init
C:\Users\40918\AppData\Local\Temp\ccc2gyMS.s:1186   .text.MX_DMA_Init:000000c4 $d
C:\Users\40918\AppData\Local\Temp\ccc2gyMS.s:1191   .text.StartDefaultTask:00000000 $t
C:\Users\40918\AppData\Local\Temp\ccc2gyMS.s:1197   .text.StartDefaultTask:00000000 StartDefaultTask
C:\Users\40918\AppData\Local\Temp\ccc2gyMS.s:1237   .rodata.StartMonitorTask.str1.4:00000000 $d
C:\Users\40918\AppData\Local\Temp\ccc2gyMS.s:1242   .text.StartMonitorTask:00000000 $t
C:\Users\40918\AppData\Local\Temp\ccc2gyMS.s:1248   .text.StartMonitorTask:00000000 StartMonitorTask
C:\Users\40918\AppData\Local\Temp\ccc2gyMS.s:1316   .text.StartMonitorTask:00000048 $d
C:\Users\40918\AppData\Local\Temp\ccc2gyMS.s:4197   .bss.g_diag_counters:00000000 g_diag_counters
C:\Users\40918\AppData\Local\Temp\ccc2gyMS.s:1324   .text.StartWirelessTask:00000000 $t
C:\Users\40918\AppData\Local\Temp\ccc2gyMS.s:1330   .text.StartWirelessTask:00000000 StartWirelessTask
C:\Users\40918\AppData\Local\Temp\ccc2gyMS.s:1374   .text.StartWirelessTask:00000020 $d
C:\Users\40918\AppData\Local\Temp\ccc2gyMS.s:4042   .bss.g_usart1_ctx:00000000 g_usart1_ctx
C:\Users\40918\AppData\Local\Temp\ccc2gyMS.s:1379   .text.StartModbusU2Task:00000000 $t
ARM GAS  C:\Users\40918\AppData\Local\Temp\ccc2gyMS.s 			page 140


C:\Users\40918\AppData\Local\Temp\ccc2gyMS.s:1385   .text.StartModbusU2Task:00000000 StartModbusU2Task
C:\Users\40918\AppData\Local\Temp\ccc2gyMS.s:1425   .text.StartModbusU2Task:0000001c $d
C:\Users\40918\AppData\Local\Temp\ccc2gyMS.s:4036   .bss.g_modbus_u2_ctx:00000000 g_modbus_u2_ctx
C:\Users\40918\AppData\Local\Temp\ccc2gyMS.s:1430   .text.StartCalcLogTask:00000000 $t
C:\Users\40918\AppData\Local\Temp\ccc2gyMS.s:1436   .text.StartCalcLogTask:00000000 StartCalcLogTask
C:\Users\40918\AppData\Local\Temp\ccc2gyMS.s:1616   .text.StartCalcLogTask:000000d0 $d
C:\Users\40918\AppData\Local\Temp\ccc2gyMS.s:4204   .bss.g_result_latest:00000000 g_result_latest
C:\Users\40918\AppData\Local\Temp\ccc2gyMS.s:4239   .bss.qResult1sHandle:00000000 qResult1sHandle
C:\Users\40918\AppData\Local\Temp\ccc2gyMS.s:4024   .bss.g_sd_log_ctx:00000000 g_sd_log_ctx
C:\Users\40918\AppData\Local\Temp\ccc2gyMS.s:4401   .bss.htim5:00000000 htim5
C:\Users\40918\AppData\Local\Temp\ccc2gyMS.s:4030   .bss.g_calc_ctx:00000000 g_calc_ctx
C:\Users\40918\AppData\Local\Temp\ccc2gyMS.s:1628   .text.StartSdLogTask:00000000 $t
C:\Users\40918\AppData\Local\Temp\ccc2gyMS.s:1634   .text.StartSdLogTask:00000000 StartSdLogTask
C:\Users\40918\AppData\Local\Temp\ccc2gyMS.s:1674   .text.StartSdLogTask:00000018 $d
C:\Users\40918\AppData\Local\Temp\ccc2gyMS.s:1679   .text.StartTxResultTask:00000000 $t
C:\Users\40918\AppData\Local\Temp\ccc2gyMS.s:1685   .text.StartTxResultTask:00000000 StartTxResultTask
C:\Users\40918\AppData\Local\Temp\ccc2gyMS.s:1888   .text.StartTxResultTask:000000e0 $d
C:\Users\40918\AppData\Local\Temp\ccc2gyMS.s:4380   .bss.huart3:00000000 huart3
C:\Users\40918\AppData\Local\Temp\ccc2gyMS.s:4373   .bss.huart6:00000000 huart6
C:\Users\40918\AppData\Local\Temp\ccc2gyMS.s:4073   .data.usart3_tx_done:00000000 usart3_tx_done
C:\Users\40918\AppData\Local\Temp\ccc2gyMS.s:4068   .bss.g_tx_enable_usart3:00000000 g_tx_enable_usart3
C:\Users\40918\AppData\Local\Temp\ccc2gyMS.s:4063   .bss.g_tx_enable_uart6:00000000 g_tx_enable_uart6
C:\Users\40918\AppData\Local\Temp\ccc2gyMS.s:1901   .text.StartWatchdogTask:00000000 $t
C:\Users\40918\AppData\Local\Temp\ccc2gyMS.s:1907   .text.StartWatchdogTask:00000000 StartWatchdogTask
C:\Users\40918\AppData\Local\Temp\ccc2gyMS.s:1976   .text.StartWatchdogTask:00000030 $d
C:\Users\40918\AppData\Local\Temp\ccc2gyMS.s:4436   .bss.hiwdg:00000000 hiwdg
C:\Users\40918\AppData\Local\Temp\ccc2gyMS.s:1983   .rodata.AppDebug_PrintResetCause.str1.4:00000000 $d
C:\Users\40918\AppData\Local\Temp\ccc2gyMS.s:1999   .text.AppDebug_PrintResetCause:00000000 $t
C:\Users\40918\AppData\Local\Temp\ccc2gyMS.s:2005   .text.AppDebug_PrintResetCause:00000000 AppDebug_PrintResetCause
C:\Users\40918\AppData\Local\Temp\ccc2gyMS.s:2096   .text.AppDebug_PrintResetCause:00000068 $d
C:\Users\40918\AppData\Local\Temp\ccc2gyMS.s:2106   .text.__io_putchar:00000000 $t
C:\Users\40918\AppData\Local\Temp\ccc2gyMS.s:2112   .text.__io_putchar:00000000 __io_putchar
C:\Users\40918\AppData\Local\Temp\ccc2gyMS.s:2185   .text.__io_putchar:00000044 $d
C:\Users\40918\AppData\Local\Temp\ccc2gyMS.s:2191   .text.HAL_UART_TxCpltCallback:00000000 $t
C:\Users\40918\AppData\Local\Temp\ccc2gyMS.s:2197   .text.HAL_UART_TxCpltCallback:00000000 HAL_UART_TxCpltCallback
C:\Users\40918\AppData\Local\Temp\ccc2gyMS.s:2261   .text.HAL_UART_TxCpltCallback:00000030 $d
C:\Users\40918\AppData\Local\Temp\ccc2gyMS.s:2271   .text.HAL_UARTEx_RxEventCallback:00000000 $t
C:\Users\40918\AppData\Local\Temp\ccc2gyMS.s:2277   .text.HAL_UARTEx_RxEventCallback:00000000 HAL_UARTEx_RxEventCallback
C:\Users\40918\AppData\Local\Temp\ccc2gyMS.s:2336   .text.HAL_UARTEx_RxEventCallback:0000002c $d
C:\Users\40918\AppData\Local\Temp\ccc2gyMS.s:2344   .text.HAL_UART_ErrorCallback:00000000 $t
C:\Users\40918\AppData\Local\Temp\ccc2gyMS.s:2350   .text.HAL_UART_ErrorCallback:00000000 HAL_UART_ErrorCallback
C:\Users\40918\AppData\Local\Temp\ccc2gyMS.s:2401   .text.HAL_UART_ErrorCallback:00000024 $d
C:\Users\40918\AppData\Local\Temp\ccc2gyMS.s:2409   .text.HAL_GPIO_EXTI_Callback:00000000 $t
C:\Users\40918\AppData\Local\Temp\ccc2gyMS.s:2415   .text.HAL_GPIO_EXTI_Callback:00000000 HAL_GPIO_EXTI_Callback
C:\Users\40918\AppData\Local\Temp\ccc2gyMS.s:2470   .text.HAL_GPIO_EXTI_Callback:00000034 $d
C:\Users\40918\AppData\Local\Temp\ccc2gyMS.s:2475   .text.HAL_TIM_PeriodElapsedCallback:00000000 $t
C:\Users\40918\AppData\Local\Temp\ccc2gyMS.s:2481   .text.HAL_TIM_PeriodElapsedCallback:00000000 HAL_TIM_PeriodElapsedCallback
C:\Users\40918\AppData\Local\Temp\ccc2gyMS.s:2515   .text.HAL_TIM_PeriodElapsedCallback:00000014 $d
C:\Users\40918\AppData\Local\Temp\ccc2gyMS.s:2520   .text.Error_Handler:00000000 $t
C:\Users\40918\AppData\Local\Temp\ccc2gyMS.s:2526   .text.Error_Handler:00000000 Error_Handler
C:\Users\40918\AppData\Local\Temp\ccc2gyMS.s:2558   .text.MX_USART1_UART_Init:00000000 $t
C:\Users\40918\AppData\Local\Temp\ccc2gyMS.s:2563   .text.MX_USART1_UART_Init:00000000 MX_USART1_UART_Init
C:\Users\40918\AppData\Local\Temp\ccc2gyMS.s:2618   .text.MX_USART1_UART_Init:0000002c $d
C:\Users\40918\AppData\Local\Temp\ccc2gyMS.s:4394   .bss.huart1:00000000 huart1
C:\Users\40918\AppData\Local\Temp\ccc2gyMS.s:2624   .text.MX_USART2_UART_Init:00000000 $t
C:\Users\40918\AppData\Local\Temp\ccc2gyMS.s:2629   .text.MX_USART2_UART_Init:00000000 MX_USART2_UART_Init
C:\Users\40918\AppData\Local\Temp\ccc2gyMS.s:2684   .text.MX_USART2_UART_Init:0000002c $d
ARM GAS  C:\Users\40918\AppData\Local\Temp\ccc2gyMS.s 			page 141


C:\Users\40918\AppData\Local\Temp\ccc2gyMS.s:4387   .bss.huart2:00000000 huart2
C:\Users\40918\AppData\Local\Temp\ccc2gyMS.s:2690   .text.MX_USART3_UART_Init:00000000 $t
C:\Users\40918\AppData\Local\Temp\ccc2gyMS.s:2695   .text.MX_USART3_UART_Init:00000000 MX_USART3_UART_Init
C:\Users\40918\AppData\Local\Temp\ccc2gyMS.s:2750   .text.MX_USART3_UART_Init:0000002c $d
C:\Users\40918\AppData\Local\Temp\ccc2gyMS.s:2756   .text.MX_USART6_UART_Init:00000000 $t
C:\Users\40918\AppData\Local\Temp\ccc2gyMS.s:2761   .text.MX_USART6_UART_Init:00000000 MX_USART6_UART_Init
C:\Users\40918\AppData\Local\Temp\ccc2gyMS.s:2816   .text.MX_USART6_UART_Init:0000002c $d
C:\Users\40918\AppData\Local\Temp\ccc2gyMS.s:2822   .text.MX_ADC1_Init:00000000 $t
C:\Users\40918\AppData\Local\Temp\ccc2gyMS.s:2827   .text.MX_ADC1_Init:00000000 MX_ADC1_Init
C:\Users\40918\AppData\Local\Temp\ccc2gyMS.s:2947   .text.MX_ADC1_Init:00000070 $d
C:\Users\40918\AppData\Local\Temp\ccc2gyMS.s:4450   .bss.hadc1:00000000 hadc1
C:\Users\40918\AppData\Local\Temp\ccc2gyMS.s:2955   .text.MX_IWDG_Init:00000000 $t
C:\Users\40918\AppData\Local\Temp\ccc2gyMS.s:2960   .text.MX_IWDG_Init:00000000 MX_IWDG_Init
C:\Users\40918\AppData\Local\Temp\ccc2gyMS.s:2999   .text.MX_IWDG_Init:00000020 $d
C:\Users\40918\AppData\Local\Temp\ccc2gyMS.s:3005   .text.MX_RTC_Init:00000000 $t
C:\Users\40918\AppData\Local\Temp\ccc2gyMS.s:3010   .text.MX_RTC_Init:00000000 MX_RTC_Init
C:\Users\40918\AppData\Local\Temp\ccc2gyMS.s:3163   .text.MX_RTC_Init:00000098 $d
C:\Users\40918\AppData\Local\Temp\ccc2gyMS.s:4429   .bss.hrtc:00000000 hrtc
C:\Users\40918\AppData\Local\Temp\ccc2gyMS.s:3170   .text.MX_TIM5_Init:00000000 $t
C:\Users\40918\AppData\Local\Temp\ccc2gyMS.s:3175   .text.MX_TIM5_Init:00000000 MX_TIM5_Init
C:\Users\40918\AppData\Local\Temp\ccc2gyMS.s:3288   .text.MX_TIM5_Init:00000068 $d
C:\Users\40918\AppData\Local\Temp\ccc2gyMS.s:3294   .text.SystemClock_Config:00000000 $t
C:\Users\40918\AppData\Local\Temp\ccc2gyMS.s:3300   .text.SystemClock_Config:00000000 SystemClock_Config
C:\Users\40918\AppData\Local\Temp\ccc2gyMS.s:3452   .text.SystemClock_Config:000000a8 $d
C:\Users\40918\AppData\Local\Temp\ccc2gyMS.s:3458   .rodata.main.str1.4:00000000 $d
C:\Users\40918\AppData\Local\Temp\ccc2gyMS.s:3468   .text.main:00000000 $t
C:\Users\40918\AppData\Local\Temp\ccc2gyMS.s:3474   .text.main:00000000 main
C:\Users\40918\AppData\Local\Temp\ccc2gyMS.s:3925   .text.main:00000278 $d
C:\Users\40918\AppData\Local\Temp\ccc2gyMS.s:4253   .bss.qUsart1RxFramesHandle:00000000 qUsart1RxFramesHandle
C:\Users\40918\AppData\Local\Temp\ccc2gyMS.s:4246   .bss.qModbusU2EventsHandle:00000000 qModbusU2EventsHandle
C:\Users\40918\AppData\Local\Temp\ccc2gyMS.s:4232   .bss.evtSystemFlagsHandle:00000000 evtSystemFlagsHandle
C:\Users\40918\AppData\Local\Temp\ccc2gyMS.s:4366   .bss.hdma_usart1_rx:00000000 hdma_usart1_rx
C:\Users\40918\AppData\Local\Temp\ccc2gyMS.s:4085   .bss.usart1_rx_dma_buf:00000000 usart1_rx_dma_buf
C:\Users\40918\AppData\Local\Temp\ccc2gyMS.s:4352   .bss.hdma_usart2_rx:00000000 hdma_usart2_rx
C:\Users\40918\AppData\Local\Temp\ccc2gyMS.s:4079   .bss.usart2_rx_dma_buf:00000000 usart2_rx_dma_buf
C:\Users\40918\AppData\Local\Temp\ccc2gyMS.s:3997   .rodata.s_modbus_07xx_poll_list:00000000 s_modbus_07xx_poll_list
C:\Users\40918\AppData\Local\Temp\ccc2gyMS.s:4313   .rodata.defaultTask_attributes:00000000 defaultTask_attributes
C:\Users\40918\AppData\Local\Temp\ccc2gyMS.s:4324   .bss.defaultTaskHandle:00000000 defaultTaskHandle
C:\Users\40918\AppData\Local\Temp\ccc2gyMS.s:4186   .rodata.wirelessTask_attributes:00000000 wirelessTask_attributes
C:\Users\40918\AppData\Local\Temp\ccc2gyMS.s:4302   .bss.wirelessTaskHandle:00000000 wirelessTaskHandle
C:\Users\40918\AppData\Local\Temp\ccc2gyMS.s:4171   .rodata.modbusU2Task_attributes:00000000 modbusU2Task_attributes
C:\Users\40918\AppData\Local\Temp\ccc2gyMS.s:4295   .bss.modbusU2TaskHandle:00000000 modbusU2TaskHandle
C:\Users\40918\AppData\Local\Temp\ccc2gyMS.s:4156   .rodata.calcLogTask_attributes:00000000 calcLogTask_attributes
C:\Users\40918\AppData\Local\Temp\ccc2gyMS.s:4288   .bss.calcLogTaskHandle:00000000 calcLogTaskHandle
C:\Users\40918\AppData\Local\Temp\ccc2gyMS.s:4141   .rodata.txResultTask_attributes:00000000 txResultTask_attributes
C:\Users\40918\AppData\Local\Temp\ccc2gyMS.s:4281   .bss.txResultTaskHandle:00000000 txResultTaskHandle
C:\Users\40918\AppData\Local\Temp\ccc2gyMS.s:4126   .rodata.watchdogTask_attributes:00000000 watchdogTask_attributes
C:\Users\40918\AppData\Local\Temp\ccc2gyMS.s:4274   .bss.watchdogTaskHandle:00000000 watchdogTaskHandle
C:\Users\40918\AppData\Local\Temp\ccc2gyMS.s:4111   .rodata.sdLogTask_attributes:00000000 sdLogTask_attributes
C:\Users\40918\AppData\Local\Temp\ccc2gyMS.s:4267   .bss.sdLogTaskHandle:00000000 sdLogTaskHandle
C:\Users\40918\AppData\Local\Temp\ccc2gyMS.s:4096   .rodata.monitorTask_attributes:00000000 monitorTask_attributes
C:\Users\40918\AppData\Local\Temp\ccc2gyMS.s:4260   .bss.monitorTaskHandle:00000000 monitorTaskHandle
C:\Users\40918\AppData\Local\Temp\ccc2gyMS.s:3994   .rodata.s_modbus_07xx_poll_list:00000000 $d
C:\Users\40918\AppData\Local\Temp\ccc2gyMS.s:4015   .bss.g_protocol_values:00000000 $d
C:\Users\40918\AppData\Local\Temp\ccc2gyMS.s:4021   .bss.g_sd_log_ctx:00000000 $d
C:\Users\40918\AppData\Local\Temp\ccc2gyMS.s:4027   .bss.g_calc_ctx:00000000 $d
C:\Users\40918\AppData\Local\Temp\ccc2gyMS.s:4033   .bss.g_modbus_u2_ctx:00000000 $d
ARM GAS  C:\Users\40918\AppData\Local\Temp\ccc2gyMS.s 			page 142


C:\Users\40918\AppData\Local\Temp\ccc2gyMS.s:4039   .bss.g_usart1_ctx:00000000 $d
C:\Users\40918\AppData\Local\Temp\ccc2gyMS.s:4048   .bss.g_board_low_count:00000000 $d
C:\Users\40918\AppData\Local\Temp\ccc2gyMS.s:4053   .bss.g_pc2_adc_low_count:00000000 $d
C:\Users\40918\AppData\Local\Temp\ccc2gyMS.s:4055   .data.g_pc2_adc_raw:00000000 $d
C:\Users\40918\AppData\Local\Temp\ccc2gyMS.s:4064   .bss.g_tx_enable_uart6:00000000 $d
C:\Users\40918\AppData\Local\Temp\ccc2gyMS.s:4069   .bss.g_tx_enable_usart3:00000000 $d
C:\Users\40918\AppData\Local\Temp\ccc2gyMS.s:4076   .bss.usart2_rx_dma_buf:00000000 $d
C:\Users\40918\AppData\Local\Temp\ccc2gyMS.s:4082   .bss.usart1_rx_dma_buf:00000000 $d
C:\Users\40918\AppData\Local\Temp\ccc2gyMS.s:4089   .rodata.str1.4:00000000 $d
C:\Users\40918\AppData\Local\Temp\ccc2gyMS.s:4093   .rodata.monitorTask_attributes:00000000 $d
C:\Users\40918\AppData\Local\Temp\ccc2gyMS.s:4108   .rodata.sdLogTask_attributes:00000000 $d
C:\Users\40918\AppData\Local\Temp\ccc2gyMS.s:4123   .rodata.watchdogTask_attributes:00000000 $d
C:\Users\40918\AppData\Local\Temp\ccc2gyMS.s:4138   .rodata.txResultTask_attributes:00000000 $d
C:\Users\40918\AppData\Local\Temp\ccc2gyMS.s:4153   .rodata.calcLogTask_attributes:00000000 $d
C:\Users\40918\AppData\Local\Temp\ccc2gyMS.s:4168   .rodata.modbusU2Task_attributes:00000000 $d
C:\Users\40918\AppData\Local\Temp\ccc2gyMS.s:4183   .rodata.wirelessTask_attributes:00000000 $d
C:\Users\40918\AppData\Local\Temp\ccc2gyMS.s:4194   .bss.g_diag_counters:00000000 $d
C:\Users\40918\AppData\Local\Temp\ccc2gyMS.s:4201   .bss.g_result_latest:00000000 $d
C:\Users\40918\AppData\Local\Temp\ccc2gyMS.s:4208   .bss.g_rpm_latest:00000000 $d
C:\Users\40918\AppData\Local\Temp\ccc2gyMS.s:4215   .bss.g_wireless_latest:00000000 $d
C:\Users\40918\AppData\Local\Temp\ccc2gyMS.s:4222   .bss.mtxSharedDataHandle:00000000 $d
C:\Users\40918\AppData\Local\Temp\ccc2gyMS.s:4229   .bss.evtSystemFlagsHandle:00000000 $d
C:\Users\40918\AppData\Local\Temp\ccc2gyMS.s:4236   .bss.qResult1sHandle:00000000 $d
C:\Users\40918\AppData\Local\Temp\ccc2gyMS.s:4243   .bss.qModbusU2EventsHandle:00000000 $d
C:\Users\40918\AppData\Local\Temp\ccc2gyMS.s:4250   .bss.qUsart1RxFramesHandle:00000000 $d
C:\Users\40918\AppData\Local\Temp\ccc2gyMS.s:4257   .bss.monitorTaskHandle:00000000 $d
C:\Users\40918\AppData\Local\Temp\ccc2gyMS.s:4264   .bss.sdLogTaskHandle:00000000 $d
C:\Users\40918\AppData\Local\Temp\ccc2gyMS.s:4271   .bss.watchdogTaskHandle:00000000 $d
C:\Users\40918\AppData\Local\Temp\ccc2gyMS.s:4278   .bss.txResultTaskHandle:00000000 $d
C:\Users\40918\AppData\Local\Temp\ccc2gyMS.s:4285   .bss.calcLogTaskHandle:00000000 $d
C:\Users\40918\AppData\Local\Temp\ccc2gyMS.s:4292   .bss.modbusU2TaskHandle:00000000 $d
C:\Users\40918\AppData\Local\Temp\ccc2gyMS.s:4299   .bss.wirelessTaskHandle:00000000 $d
C:\Users\40918\AppData\Local\Temp\ccc2gyMS.s:4310   .rodata.defaultTask_attributes:00000000 $d
C:\Users\40918\AppData\Local\Temp\ccc2gyMS.s:4321   .bss.defaultTaskHandle:00000000 $d
C:\Users\40918\AppData\Local\Temp\ccc2gyMS.s:4331   .bss.hdma_usart3_tx:00000000 hdma_usart3_tx
C:\Users\40918\AppData\Local\Temp\ccc2gyMS.s:4328   .bss.hdma_usart3_tx:00000000 $d
C:\Users\40918\AppData\Local\Temp\ccc2gyMS.s:4338   .bss.hdma_usart3_rx:00000000 hdma_usart3_rx
C:\Users\40918\AppData\Local\Temp\ccc2gyMS.s:4335   .bss.hdma_usart3_rx:00000000 $d
C:\Users\40918\AppData\Local\Temp\ccc2gyMS.s:4345   .bss.hdma_usart2_tx:00000000 hdma_usart2_tx
C:\Users\40918\AppData\Local\Temp\ccc2gyMS.s:4342   .bss.hdma_usart2_tx:00000000 $d
C:\Users\40918\AppData\Local\Temp\ccc2gyMS.s:4349   .bss.hdma_usart2_rx:00000000 $d
C:\Users\40918\AppData\Local\Temp\ccc2gyMS.s:4359   .bss.hdma_usart1_tx:00000000 hdma_usart1_tx
C:\Users\40918\AppData\Local\Temp\ccc2gyMS.s:4356   .bss.hdma_usart1_tx:00000000 $d
C:\Users\40918\AppData\Local\Temp\ccc2gyMS.s:4363   .bss.hdma_usart1_rx:00000000 $d
C:\Users\40918\AppData\Local\Temp\ccc2gyMS.s:4370   .bss.huart6:00000000 $d
C:\Users\40918\AppData\Local\Temp\ccc2gyMS.s:4377   .bss.huart3:00000000 $d
C:\Users\40918\AppData\Local\Temp\ccc2gyMS.s:4384   .bss.huart2:00000000 $d
C:\Users\40918\AppData\Local\Temp\ccc2gyMS.s:4391   .bss.huart1:00000000 $d
C:\Users\40918\AppData\Local\Temp\ccc2gyMS.s:4398   .bss.htim5:00000000 $d
C:\Users\40918\AppData\Local\Temp\ccc2gyMS.s:4408   .bss.hdma_sdio_tx:00000000 hdma_sdio_tx
C:\Users\40918\AppData\Local\Temp\ccc2gyMS.s:4405   .bss.hdma_sdio_tx:00000000 $d
C:\Users\40918\AppData\Local\Temp\ccc2gyMS.s:4415   .bss.hdma_sdio_rx:00000000 hdma_sdio_rx
C:\Users\40918\AppData\Local\Temp\ccc2gyMS.s:4412   .bss.hdma_sdio_rx:00000000 $d
C:\Users\40918\AppData\Local\Temp\ccc2gyMS.s:4419   .bss.hsd:00000000 $d
C:\Users\40918\AppData\Local\Temp\ccc2gyMS.s:4426   .bss.hrtc:00000000 $d
C:\Users\40918\AppData\Local\Temp\ccc2gyMS.s:4433   .bss.hiwdg:00000000 $d
C:\Users\40918\AppData\Local\Temp\ccc2gyMS.s:4443   .bss.hdma_adc1:00000000 hdma_adc1
ARM GAS  C:\Users\40918\AppData\Local\Temp\ccc2gyMS.s 			page 143


C:\Users\40918\AppData\Local\Temp\ccc2gyMS.s:4440   .bss.hdma_adc1:00000000 $d
C:\Users\40918\AppData\Local\Temp\ccc2gyMS.s:4447   .bss.hadc1:00000000 $d

UNDEFINED SYMBOLS
osMutexAcquire
osMutexRelease
AppCalc_SetForceZeroInput
HAL_GPIO_WritePin
osDelay
HAL_GetTick
AppCalc_FeedSample
HAL_GPIO_Init
HAL_NVIC_SetPriority
HAL_NVIC_EnableIRQ
osKernelGetTickCount
osDelayUntil
printf
AppUsart1_Process
AppModbusU2_Process1Hz
osMessageQueuePut
AppLogSd_Push1s
RPM_OnPeriodicCheck
AppCalc_FeedRpm
AppCalc_Compute1s
AppAvgPowerCache_Push1s
AppAvgPowerCache_QueryHours
AppLogSd_Process
AppTxResult_BuildWriteFrame
osMessageQueueGet
memcpy
AppTxResult_UpdateEnableFromConfig
AppTxResult_SendUsart3
HAL_IWDG_Refresh
puts
AppTxResult_SetRs485Usart6
HAL_UART_Transmit
AppUsart1_OnTxCplt
AppModbusU2_OnTxCplt
AppUsart1_OnRxEvent
AppModbusU2_OnRxEvent
AppUsart1_OnError
AppModbusU2_OnError
RPM_OnPulse
HAL_IncTick
HAL_UART_Init
HAL_ADC_Init
HAL_ADC_ConfigChannel
HAL_ADC_Start_DMA
HAL_IWDG_Init
HAL_RTC_Init
HAL_RTCEx_BKUPRead
HAL_RTC_SetTime
HAL_RTC_SetDate
HAL_RTCEx_BKUPWrite
HAL_TIM_Base_Init
HAL_TIM_SlaveConfigSynchro
HAL_TIMEx_MasterConfigSynchronization
ARM GAS  C:\Users\40918\AppData\Local\Temp\ccc2gyMS.s 			page 144


memset
HAL_RCC_OscConfig
HAL_RCC_ClockConfig
HAL_Init
MX_FATFS_Init
AppParamStore_Load
RPM_Init
HAL_TIM_Base_Start
osKernelInitialize
osMutexNew
osMessageQueueNew
osEventFlagsNew
AppUsart1_Init
AppCalc_Init
AppCalc_RecomputeCoeffs
AppAvgPowerCache_Init
AppLogSd_Init
AppModbusU2_Init
osThreadNew
osKernelStart
SDPath
SDFatFS
AppTxResult_SetRs485Usart2
