:020000040800F2
:100000000000022069ED00080155000803550008B2
:1000100005550008075500080955000800000000B4
:10002000000000000000000000000000E1E90008FE
:100030000B5500080000000081EA0008D5DF000829
:10004000B9ED0008B9ED0008B9ED0008B9ED0008F8
:10005000B9ED0008B9ED0008B9ED00080D5500082C
:10006000B9ED0008B9ED0008B9ED0008B9ED0008D8
:1000700019550008B9ED000829550008B9ED000828
:100080003955000849550008B9ED0008B9ED0008D8
:10009000B9ED0008B9ED0008B9ED0008B9ED0008A8
:1000A000B9ED0008B9ED0008B9ED0008B9ED000898
:1000B000B9ED0008B9ED0008B9ED0008B9ED000888
:1000C000B9ED0008B9ED0008B9ED0008B9ED000878
:1000D000B9ED000859550008695500087955000820
:1000E000B9ED0008B9ED0008B9ED0008B9ED000858
:1000F000B9ED0008B9ED0008B9ED0008B9ED000848
:10010000B9ED0008D9550008B9ED0008B9ED0008AF
:10011000B9ED0008B9ED000889550008B9ED0008EF
:10012000B9ED0008B9ED000899550008A955000877
:10013000B9ED0008B9ED0008B9ED0008B9ED000807
:10014000B9ED0008B9ED0008B9ED0008B9ED0008F7
:10015000B9ED0008B9550008C9550008E155000877
:10016000B9ED0008B9ED0008B9ED0008B9ED0008D7
:10017000B9ED0008B9ED0008B9ED00080000000075
:08018000B9ED0008B9ED00081B
:1001900001F0FF01102A2BDB10F0070F08D010F838
:1001A000013B013A8B422DD010F0070F42B3F6D13C
:1001B000F0B441EA012141EA014122F007047FF055
:1001C00000070023F0E80256083C85EA010586EAAC
:1001D000010685FA47F5A3FA87F586FA47F6A5FAE8
:1001E00087F68EB9EED1F0BC01F0FF0102F00702F4
:1001F00032B110F8013B013A83EA010313B1F8D19F
:100200000020704701387047002D06BF354603387F
:10021000073815F0010F07D1013015F4807F02BFB8
:10022000013015F4C03F0130F0BC0138704700BF09
:10023000034613F8012B002AFBD1181A0138704726
:1002400081F0004102E000BF83F0004330B54FEA87
:1002500041044FEA430594EA050F08BF90EA020FF4
:100260001FBF54EA000C55EA020C7FEA645C7FEA87
:10027000655C00F0E2804FEA5454D4EB5555B8BFAA
:100280006D420CDD2C4480EA020281EA030382EA1B
:10029000000083EA010180EA020281EA0303362DAD
:1002A00088BF30BD11F0004F4FEA01314FF4801C80
:1002B0004CEA113102D0404261EB410113F0004F92
:1002C0004FEA03334CEA133302D0524263EB430349
:1002D00094EA050F00F0A780A4F10104D5F1200EE7
:1002E0000DDB02FA0EFC22FA05F2801841F1000142
:1002F00003FA0EF2801843FA05F359410EE0A5F116
:1003000020050EF1200E012A03FA0EFC28BF4CF046
:10031000020C43FA05F3C01851EBE37101F00045FC
:1003200007D54FF0000EDCF1000C7EEB00006EEB09
:100330000101B1F5801F1BD3B1F5001F0CD3490893
:100340005FEA30004FEA3C0C04F101044FEA4452EA
:1003500012F5800F80F09A80BCF1004F08BF5FEA71
:10036000500C50F1000041EB045141EA050130BD51
:100370005FEA4C0C404141EB0101013C28BFB1F563
:10038000801FE9D291F0000F04BF01460020B1FAAE
:1003900081F308BF2033A3F10B03B3F120020CDA81
:1003A0000C3208DD02F1140CC2F10C0201FA0CF05F
:1003B00021FA02F10CE002F11402D8BFC2F1200CC4
:1003C00001FA02F120FA0CFCDCBF41EA0C0190407A
:1003D000E41AA2BF01EB0451294330BD6FEA0404C3
:1003E0001F3C1CDA0C340EDC04F11404C4F12002AE
:1003F00020FA04F001FA02F340EA030021FA04F3C0
:1004000045EA030130BDC4F10C04C4F1200220FA16
:1004100002F001FA04F340EA0300294630BD21FA54
:1004200004F0294630BD94F0000F83F4801306BF1A
:1004300081F480110134013D4EE77FEA645C18BF0E
:100440007FEA655C29D094EA050F08BF90EA020FA5
:1004500005D054EA000C04BF1946104630BD91EA9D
:10046000030F1EBF0021002030BD5FEA545C05D1A0
:100470004000494128BF41F0004130BD14F58004DF
:100480003CBF01F5801130BD01F0004545F0FE4153
:1004900041F470014FF0000030BD7FEA645C1ABF88
:1004A000194610467FEA655C1CBF0B46024650EABF
:1004B000013406BF52EA033591EA030F41F40021EB
:1004C00030BD00BF90F0000F04BF0021704730B571
:1004D0004FF4806404F132044FF000054FF0000146
:1004E00050E700BF90F0000F04BF0021704730B507
:1004F0004FF4806404F1320410F0004548BF4042DC
:100500004FF000013EE700BF42004FEAE2014FEA30
:1005100031014FEA02701FBF12F07F4393F07F4F0B
:1005200081F06051704732F07F4208BF704793F00E
:100530007F4F04BF41F40021704730B54FF4607421
:1005400001F0004521F000411CE700BF50EA010224
:1005500008BF704730B54FF000050AE050EA0102CD
:1005600008BF704730B511F0004502D5404261EB3D
:1005700041014FF4806404F132045FEA915C3FF47E
:10058000D8AE4FF003025FEADC0C18BF03325FEA1B
:10059000DC0C18BF033202EBDC02C2F1200300FACC
:1005A00003FC20FA02F001FA03FE40EA0E0021FAF1
:1005B00002F11444BDE600BF70B54FF0FF0C4CF4DF
:1005C000E06C1CEA11541DBF1CEA135594EA0C0F91
:1005D00095EA0C0F00F0DEF82C4481EA030621EACC
:1005E0004C5123EA4C5350EA013518BF52EA033507
:1005F00041F4801143F4801338D0A0FB02CE4FF0B9
:100600000005E1FB02E506F00042E0FB03E54FF0E8
:100610000006E1FB03569CF0000F18BF4EF0010EE0
:10062000A4F1FF04B6F5007F64F5407404D25FEADC
:100630004E0E6D4146EB060642EAC62141EA55518F
:100640004FEAC52040EA5E504FEACE2EB4F1FD0CD1
:1006500088BFBCF5E06F1ED8BEF1004F08BF5FEA4F
:10066000500E50F1000041EB045170BD06F0004601
:1006700046EA010140EA020081EA0301B4EB5C04AE
:10068000C2BFD4EB0C0541EA045170BD41F48011A6
:100690004FF0000E013C00F3AB8014F1360FDEBFCB
:1006A000002001F0004170BDC4F10004203C35DAA7
:1006B0000C341BDC04F11404C4F1200500FA05F32A
:1006C00020FA04F001FA05F240EA020001F00042CB
:1006D00021F0004110EBD37021FA04F642EB060141
:1006E0005EEA430E08BF20EAD37070BDC4F10C046B
:1006F000C4F1200500FA04F320FA05F001FA04F22F
:1007000040EA020001F0004110EBD37041F100011A
:100710005EEA430E08BF20EAD37070BDC4F1200525
:1007200000FA05F24EEA020E20FA04F301FA05F28D
:1007300043EA020321FA04F001F0004121FA04F235
:1007400020EA020000EBD3705EEA430E08BF20EA05
:10075000D37070BD94F0000F0FD101F0004640003F
:1007600041EB010111F4801F08BF013CF7D041EAC1
:10077000060195F0000F18BF704703F000465200C5
:1007800043EB030313F4801F08BF013DF7D043EA96
:100790000603704794EA0C0F0CEA135518BF95EA4C
:1007A0000C0F0CD050EA410618BF52EA4306D1D1D3
:1007B00081EA030101F000414FF0000070BD50EAF2
:1007C000410606BF1046194652EA430619D094EA7C
:1007D0000C0F02D150EA013613D195EA0C0F05D166
:1007E00052EA03361CBF104619460AD181EA0301BA
:1007F00001F0004141F0FE4141F470014FF0000072
:1008000070BD41F0FE4141F4780170BD70B54FF00C
:10081000FF0C4CF4E06C1CEA11541DBF1CEA13558C
:1008200094EA0C0F95EA0C0F00F0A7F8A4EB05046E
:1008300081EA030E52EA03354FEA013100F0888065
:100840004FEA03334FF0805545EA131343EA12632E
:100850004FEA022245EA111545EA10654FEA0026E3
:100860000EF000419D4208BF964244F1FD0404F59C
:10087000407402D25B084FEA3202B61A65EB0305F8
:100880005B084FEA32024FF480104FF4002CB6EBB5
:10089000020E75EB030E22BFB61A754640EA0C0035
:1008A0005B084FEA3202B6EB020E75EB030E22BF75
:1008B000B61A754640EA5C005B084FEA3202B6EBB6
:1008C000020E75EB030E22BFB61A754640EA9C0075
:1008D0005B084FEA3202B6EB020E75EB030E22BF45
:1008E000B61A754640EADC0055EA060E18D04FEA03
:1008F000051545EA16754FEA06164FEAC30343EAA3
:1009000052734FEAC2025FEA1C1CC0D111F4801F6F
:100910000BD141EA00014FF000004FF0004CB6E768
:1009200011F4801F04BF01430020B4F1FD0C88BF07
:10093000BCF5E06F3FF6AFAEB5EB030C04BFB6EB12
:10094000020C5FEA500C50F1000041EB045170BD05
:100950000EF0004E4EEA113114EB5C04C2BFD4EB32
:100960000C0541EA045170BD41F480114FF0000EB6
:10097000013C90E645EA060E8DE60CEA135594EA32
:100980000C0F08BF95EA0C0F3FF43BAF94EA0C0F35
:100990000AD150EA01347FF434AF95EA0C0F7FF4AA
:1009A00025AF104619462CE795EA0C0F06D152EAFE
:1009B00003353FF4FDAE1046194622E750EA4106E2
:1009C00018BF52EA43067FF4C5AE50EA41047FF4F3
:1009D0000DAF52EA43057FF4EBAE12E74FF0FF3C58
:1009E00006E000BF4FF0010C02E000BF4FF0010C29
:1009F0004DF804CD4FEA410C7FEA6C5C4FEA430CA2
:100A000018BF7FEA6C5C1BD001B050EA410C0CBFF0
:100A100052EA430C91EA030F02BF90EA020F002052
:100A2000704710F1000F91EA030F58BF994208BFB9
:100A300090422CBFD8176FEAE37040F00100704776
:100A40004FEA410C7FEA6C5C02D150EA013C07D1CD
:100A50004FEA430C7FEA6C5CD6D152EA033CD3D018
:100A60005DF8040B704700BF8446104662468C4612
:100A70001946634600E000BF01B5FFF7B7FF002845
:100A800048BF10F1000F01BD4DF808EDFFF7F4FF6E
:100A90000CBF012000205DF808FB00BF4DF808EDF9
:100AA000FFF7EAFF34BF012000205DF808FB00BF1C
:100AB0004DF808EDFFF7E0FF94BF012000205DF83E
:100AC00008FB00BF4DF808EDFFF7CEFF94BF0120F3
:100AD00000205DF808FB00BF4DF808EDFFF7C4FFEC
:100AE00034BF012000205DF808FB00BF4FEA410C35
:100AF0007FEA6C5C02D150EA013C0AD14FEA430C18
:100B00007FEA6C5C02D152EA033C02D14FF0000054
:100B100070474FF0010070474FEA410212F5001292
:100B200015D211D56FF47873B3EB625212D94FEA34
:100B3000C12343F0004343EA505311F0004F23FA1E
:100B400002F018BF404270474FF00000704750EA73
:100B5000013005D111F0004008BF6FF00040704730
:100B60004FF00000704700BF4FEA4102B2F1E0438E
:100B700024BFB3F5001CDCF1FE5C0DD901F0004C84
:100B80004FEAC0024CEA5070B2F1004F40EB8300D4
:100B900008BF20F00100704711F0804F21D113F100
:100BA0003872BCBF01F00040704741F480114FEA39
:100BB0005252C2F11802C2F1200C10FA0CF320FAC2
:100BC00002F018BF40F001004FEAC1234FEAD323DF
:100BD00003FA0CFC40EA0C0023FA02F34FEA430349
:100BE000CCE77FEA625307D150EA01331EBF4FF0D2
:100BF000FE4040F44000704701F0004040F0FE40ED
:100C000040F40000704700BF53B94AB9002908BF3B
:100C100000281CBF4FF0FF314FF0FF3000F00CB840
:100C2000ADF1080C6DE904CE10F0F4FFDDF804E03E
:100C3000DDE9022304B07047704700BF0348044B4E
:100C4000834202D0034B03B11847704710020020C3
:100C500010020020000000000548064B1B1AD90FA7
:100C600001EBA301491002D0034B03B118477047B1
:100C700010020020100200200000000010B5064CF9
:100C8000237843B9FFF7DAFF044B13B10448AFF3FD
:100C900000800123237010BD10020020000000001E
:100CA000D01E010808B5054B1BB105490548AFF337
:100CB0000080BDE80840FFF7CFBF00BF0000000084
:100CC00014020020D01E0108054B064A1A600022BB
:100CD0005A609A60DA601A615A6176229A617047A6
:100CE00020220020002C01400D4B1B68B3F5805FD3
:100CF00012D240F6E44202FB03F303F2FF73094A07
:100D0000A2FB03129B1A02EB5303D80AB3F1006F44
:100D100004D34FF6FF7001E040F6E44080B2704724
:100D2000000000200101100030B10168034A116089
:100D300041685160037A1372704700BF601D002044
:100D400008B52DED028B1B4B1868B8B102210DF0D0
:100D5000B3FA10B19FED188A12E0184B93ED0E8A8A
:100D6000144B18680DF0D7FAF7EE007AB4EEE78A64
:100D7000F1EE10FA04D59FED108A08E09FED0E8A7F
:100D8000DFED0F7AB4EEE78AF1EE10FA0CDCF6EE46
:100D9000007A38EE278ABCEEC88A18EE103A98B26C
:100DA00028B1BDEC028B08BD9FED058AEFE7C82096
:100DB000F7E700BF841D0020000048432C020020FC
:100DC00000FF7F4710B50446074B186818B105218E
:100DD0000DF072FA00B110BD044B1C83024B186871
:100DE0000DF099FAF7E700BF841D00202C020020C7
:100DF00008B5F7EE007AB4EE670AF1EE10FA07D103
:100E00000F4B1B78012B06D801330D4A137002E0FB
:100E10000B4B00221A700A4B1B78012B06D9094B89
:100E2000186818B105210DF047FA00B108BD064B4E
:100E300001225A82034B18680DF06DFAF6E700BFE5
:100E40001C1C0020841D00202C02002008B5FFF788
:100E50004BFF40F2DB53984207D80F4B1B78012B16
:100E600006D801330C4A137002E00B4B00221A70B3
:100E7000094B1B78012B06D9084B186818B10521BE
:100E80000DF01AFA00B108BD054B01221A82034B7E
:100E900018680DF040FAF6E71D1C0020841D0020A4
:100EA0002C020020A8B110B504460A4B186818B1EE
:100EB00002210DF001FA00B110BD2268064B1A6044
:100EC00062685A60227A1A72024B18680DF023FA8F
:100ED000F2E77047841D0020601D002010B5154BFF
:100EE000186818B105210DF0E7F990B1012003F061
:100EF00089FE114C00220821204606F057FA40F6E0
:100F0000B8300DF01BF901220821204606F04EFAF8
:100F100010BD0A4B5A6D9B6D094C6260A3600023A3
:100F2000237506F049FD2061024B18680DF0F3F9B6
:100F3000DCE700BF841D0020000802402C020020D6
:100F40006C1D002008B52DED028BB0EE408AF0EE4E
:100F5000608A002003F056FEF0EE680AB0EE480A00
:100F600003F0BAFDBDEC028B08BD00002DE9F04195
:100F70008AB0002405940694079408940994009478
:100F8000424B1A6B42F004021A631A6B02F004021D
:100F90000092009A01941A6B42F080021A631A6B55
:100FA00002F080020192019A02941A6B42F001024F
:100FB0001A631A6B02F001020292029A03941A6BEE
:100FC00042F002021A631A6B02F002020392039AC1
:100FD00004941A6B42F008021A631B6B03F00803B7
:100FE0000493049BDFF8B08022460221404606F0BD
:100FF000DDF9274D22462021284606F0D7F90122A7
:101000000821284606F0D2F9224F22464FF480519B
:10101000384606F0CBF9022605964FF4881306935E
:10102000079405A9284606F0CBF8059601260696F2
:101030000794089405A9404606F0C2F820230593BA
:1010400006960794089405A9284606F0B9F80823DF
:10105000059306960794089405A9284606F0B0F86B
:101060004FF48053059306960794089405A93846D3
:1010700006F0A6F822462146072006F063FC07206A
:1010800006F070FC0AB0BDE8F08100BF00380240F5
:1010900000080240000402400000024010B582B087
:1010A000002400942E4B1A6B42F480021A631A6BD0
:1010B00002F480020092009A01941A6B42F400122A
:1010C0001A631B6B03F400130193019B2246052155
:1010D0000C2006F037FC0C2006F044FC22460521CB
:1010E0000E2006F02FFC0E2006F03CFC22460521C7
:1010F000102006F027FC102006F034FC22460521C3
:10110000112006F01FFC112006F02CFC22460521C0
:101110003A2006F017FC3A2006F024FC224605216E
:101120003B2006F00FFC3B2006F01CFC224605216C
:10113000452006F007FC452006F014FC2246052158
:10114000462006F0FFFB462006F00CFC2246052157
:10115000312006F0F7FB312006F004FC02B010BD90
:101160000038024010B50CF081FF0446FFF76EFE18
:101170000A3420460CF0F0FFF8E7000030B583B0E9
:101180000CF074FF0446002505350E4BD3ED007AB4
:101190009FED0D7A67EE877A1B7A0C4A9169D269C6
:1011A00001920091FDEEE77A17EE902A2946084851
:1011B0000EF01AFB04F59C54083420460CF0CCFFCA
:1011C000E2E700BF601D00200000C842201D002093
:1011D000E81E010810B50CF049FF04460CF046FF6C
:1011E0000146044801F084FF143420460CF0B4FF9B
:1011F000F4E700BFE41B002010B50CF037FF0446F5
:10120000044803F083F904F57A7420460CF0A4FF37
:10121000F6E700BFB01B002070B58EB00CF026FFC3
:10122000064600258DF8135029E02F4B069A1A60C8
:10123000099A5A60089A9A60079ADA6083ED050A5B
:101240002A4C0DF1140CBCE80F000FC49CE80300FD
:1012500084E80300264B18680DF05DF8254B1868EC
:1012600020B100231A4605A90DF096F905A92248D8
:1012700001F08CF906F57A7630460CF06DFF1F4BC5
:101280001B68596A6C46204600F034FE0BAB94E8AC
:10129000070083E807001846FFF704FE9DED0B0AE0
:1012A00003F0B8FC05A9164803F07CFD28469DED27
:1012B000090A03F0B3FE01350D4B18680028CDD0A4
:1012C00005210CF0F9FF0028C8D10DF11300064BE1
:1012D00093ED070A03F02CFF9DF81330002BA4D1E7
:1012E0009FED080AA1E700BF2C020020481D002046
:1012F000841D00208C1D0020940200201821002055
:10130000A01B00200000000010B50CF0AFFE04464A
:10131000034801F0BDF9643420460CF01DFFF7E7E7
:101320009402002070B5B2B00CF0A0FE0446002379
:101330002C932D932E932F9330933193314B039312
:10134000314B0493314B0593314B0693314B07934B
:10135000314B0893314B1B6809931CE02023009309
:1013600024AB2CAA0021012001F065FA054668B1E2
:101370002A4B186820B105210CF09EFF00282BD0C5
:10138000234B1B78002B36D1224B1B7804F57A7443
:1013900020460CF0E1FE224B18680028DED0002326
:1013A0001A462CA90DF03AF90028D7D01B4B186823
:1013B0000028D3D005210CF07FFF0028CED12CAD22
:1013C000184E0FCE0FC596E8030085E80300134BB7
:1013D00018680CF0A0FFC1E768220F490AA80EF0B8
:1013E00032FC0E4B18680CF096FF0A4A08490AA80E
:1013F00001F006FAC4E764232A4624A903A801F0F1
:101400005DFAC1E740200020F81F00200400002002
:101410001F1C00201E1C00202C020020841D002008
:101420008C1D0020481D002010B50CF01FFE044646
:1014300008E0094A136A0133136204F57A742046FE
:101440000CF08AFE054806F09FFD0028F1D0024A04
:10145000536A01335362F0E7201D0020C4220020AC
:1014600008B5194B5B6F13F0005F19D1164B5B6F1A
:1014700013F0804F18D1144B5B6F13F0805F17D1BE
:10148000114B5B6F13F0006F16D10F4B5B6F13F0B6
:10149000806F15D10C4A536F43F08073536708BDBA
:1014A0000A480EF011FAE1E709480EF00DFAE2E7FA
:1014B00008480EF009FAE3E707480EF005FAE4E7FA
:1014C00006480EF001FAE5E7003802402C1F01083B
:1014D000401F0108541F01086C1F0108841F0108E8
:1014E00010B582B004468DF80700012001F07CF9A8
:1014F0000A2C0CD00A2301220DF10701094808F03B
:1015000088FA002001F070F9204602B010BD0D23CA
:101510008DF806300A2301220DF10601014808F07A
:1015200078FAE7E7F81F002008B503680A4A9342F3
:1015300006D00A4A934207D0094A934208D008BD10
:10154000084801F057FCFAE7074802F0D9FFF6E730
:10155000064B01221A70F2E70010014000440040DF
:1015600000480040E41B0020B01B002004000020C5
:1015700008B50368094A934203D0094A934206D04A
:1015800008BD0029F9D0074801F03AFCF8E7002926
:10159000F6D0054802F0BCFEF2E700BF00100140A3
:1015A00000440040E41B0020B01B002008B5036885
:1015B000074A934203D0074A934204D008BD064825
:1015C00001F09AFCFAE7054802F070FFF6E700BF69
:1015D0000010014000440040E41B0020B01B00202C
:1015E000022800D0704710B588B00A4B1B68596AB2
:1015F0006C46204600F006FC05AB94E8070083E843
:1016000007001846FFF790FB9DED050A03F002FB6B
:1016100008B010BD1821002008B50268034B9A429B
:1016200000D008BD06F0BCF9FBE700BF0010004089
:1016300072B6FEE708B50A480A4B03604FF4E1337F
:10164000436000238360C36003610C2242618361B5
:10165000C36108F0AEF900B908BDFFF7E9FF00BFAC
:10166000D02000200010014008B50A480A4B036052
:101670004FF41653436000238360C36003610C2260
:1016800042618361C36108F094F900B908BDFFF7B6
:10169000CFFF00BF882000200044004008B50A4862
:1016A0000A4B03604FF46143436000238360C360CF
:1016B00003610C2242618361C36108F07AF900B9C9
:1016C00008BDFFF7B5FF00BF4020002000480040E4
:1016D00008B50A480A4B03604FF461434360002396
:1016E0008360C36003610C2242618361C36108F0BF
:1016F00060F900B908BDFFF79BFF00BFF81F00208D
:101700000014014000B585B00023009301930293BB
:1017100003931848184A02604FF4403242608360D5
:1017200003610122027680F82030C362134981628E
:10173000C360C26180F83020426106F0F1F998B9C7
:101740000C23009301230193072302936946094860
:1017500006F022FB50B901220949064806F00CFAAE
:1017600030B905B05DF804FBFFF762FFFFF760FFDB
:10177000FFF75EFF30230020002001400100000F32
:101780000000002008B50748074B036006234360AC
:1017900040F25273836006F0C9FB00B908BDFFF741
:1017A00047FF00BFC42200200030004000B587B0D2
:1017B000002301930293039304930593009321481C
:1017C000214A026043607F228260FF22C26003617F
:1017D0004361836106F030FC48B90021194806F0E6
:1017E00085FD1A4B984204D107B05DF804FBFFF762
:1017F0001FFF00228DF804208DF805208DF80620AB
:101800000492059201A90F4806F070FCA8B90123C3
:101810008DF800308DF801308DF802301A238DF8E4
:10182000033000226946074806F0C0FC38B9074A71
:101830000021044806F055FDD6E7FFF7F9FEFFF753
:10184000F7FE00BFA4220020002800405A5AA5A598
:1018500000B589B00023039304930593069307937F
:10186000019302931448154A026053224260836038
:101870004FF0FF32C2600361836104F0D9FDA0B96B
:101880000023039304930593079303A90A4804F0E4
:1018900064FE60B900230193029301A9064804F095
:1018A00085FE30B909B05DF804FBFFF7C1FEFFF714
:1018B000BFFEFFF7BDFE00BF18210020000C004056
:1018C00000B595B03022002108A80EF03DF90023A4
:1018D000039304930593069307930193224A116C93
:1018E00041F080511164126C02F080520192019A11
:1018F00002931E4B1A6842F480421A601B6803F47C
:1019000080430293029B092308934FF48033099389
:1019100001230D9302230E934FF480020F9219229C
:1019200010924FF4A872119212930823139308A8EF
:1019300004F084FE98B90F23039302230493002339
:1019400005934FF4A05306934FF48053079305215A
:1019500003A805F0C3F820B915B05DF804FBFFF744
:1019600067FEFFF765FE00BF0038024000700040D0
:101970002DE9804883B005F0F9FFFFF7A1FFFFF7DD
:10198000F5FAFFF78BFBFFF755FEFFF76DFEFFF74C
:1019900085FEFFF79DFEFFF7B5FEFFF795F9FFF710
:1019A000F1FEFFF703FF04F02BFBFFF751FFDFF819
:1019B0002C930024C9F80040C9F80440C9F8084035
:1019C000C9F80C40C9F81040C9F81440864B1C6097
:1019D0005C609C60DFF80883C8F80040C8F80440E9
:1019E000C8F80840C8F80C40C8F81040C8F81440BF
:1019F000DFF8F0B22822214658460EF0A5F87B4EBB
:101A00006822214630460EF09FF8794D3822214653
:101A100028460EF099F8774F3C607C60BC60FC6013
:101A2000754B3360754B7360754BB360754BF360EA
:101A3000304603F06BFC01230093734B734AC821BB
:101A4000012000F0B1F9724804F054FBFFF708FDE3
:101A500070480DF039FF704B596870480DF0C4FEA6
:101A60006F480DF031FF0CF0C1FA20460CF0DBFBA3
:101A7000DFF874A2CAF800002246882108200CF082
:101A800040FD684B18602246882108200CF039FD83
:101A9000654A10602246182104200CF032FD634B89
:101AA000186020460CF070FB61490860614B2B60A8
:101AB000614B6B60614BAB604FF0800CA5F80CC0C4
:101AC000584B1B682B61DAF800306B61A861C5F8D0
:101AD0001C90C5F820B05A4B6B625A4BAB625A4B04
:101AE000EB625A4B2B635A4B6B63284601F04CF95F
:101AF000DAF800303B607E60C7F80880C7F80CB0A9
:101B0000384602F07DFF304602F076FF03F05EFAC1
:101B1000CDF800B04F4B504A5049514800F024FDD9
:101B2000504D3422214628460EF00EF84E4B2B60C5
:101B30004E4B6B604E4BAB604FF0800CA5F80CC069
:101B4000394A13682B61DAF800306B6138490B6849
:101B5000AB61EE61C5F820B04FF0010385F8243089
:101B6000444BAB620823EB62434B2B63284602F0E5
:101B7000ADFB424A214642480CF082FA414B1860C4
:101B8000414A214641480CF07BFA414B1860414ADA
:101B9000214641480CF074FA404B1860404A2146F7
:101BA00040480CF06DFA404B1860404A21464048CE
:101BB0000CF066FA3F4B18603F4A21463F480CF054
:101BC0005FFA3F4B18603F4A21463F480CF058FAF5
:101BD0003E4B18603E4A21463E480CF051FA3E4BBF
:101BE00018600CF027FAFEE7601D00202C02002090
:101BF000E41B0020A01B00200000F64200005E4312
:101C000066A6A6433333DE43C0C62D0080969800F7
:101C100018210020981F0108F81F0020B41F010898
:101C2000DC1F0108941D0020901D00208C1D002049
:101C3000881D0020D0200020981F0020A01C00201C
:101C4000450F0008F10D0008C50D0008DD0E000865
:101C5000410D0008583F0020203D0020A422002014
:101C600094020020B01B002088200020D81E0020F5
:101C7000201C002074300108B927000890310108A9
:101C800065110008B41D00206C310108D511000851
:101C9000B01D002048310108F9110008AC1D0020DA
:101CA0002431010819120008A81D00200031010884
:101CB00025130008A41D0020DC30010829140008A9
:101CC000A01D0020B8300108091300089C1D002049
:101CD000943001087D110008981D00206C1D002023
:101CE000481D0020201D0020841D00200A4AB2F853
:101CF0002434191D02EBC101486081ED020A013351
:101D000003F07F03A2F82434B2F826347F2B02D8E4
:101D10000133A2F826347047782300202DE9F041E2
:101D20008046002637460024002512E004331D4A71
:101D300002EBC3039868FEF7E7FB02460B4620461A
:101D40002946FEF783FA04460D460137BFB2013635
:101D5000B6B2144BB3F82634B3420FD91149B1F8D7
:101D600024349B1B7F3303F07F031A1D01EBC20257
:101D70005268A8EB020209699142D7D277B138467E
:101D8000FEF7A0FB02460B4620462946FEF73EFD25
:101D9000FEF7EAFE00EE100ABDE8F081014B93ED7C
:101DA000060AF9E77823002070B49DF80C40124D24
:101DB00000262E60054600B901250F48456001B98F
:101DC000C8210D48816002B90C4A0B49CA6003B9A9
:101DD0000B4B094A136104B10124074B1C75002207
:101DE0005A7500219961DA6183F82020A3F8242430
:101DF000A3F8262470BC70477823002040420F00CF
:101E0000C0C62D002DE9F0472DED028B86B00446AB
:101E10000D46344B5B7D002B47D0324A1368CB1AFA
:101E2000116092689A424AD82E4AD36107EE903ADE
:101E3000F8EE677A92ED017AB8EE477A67EE877A24
:101E40009FED297A87EE278A137D002B3DD1254B04
:101E500083ED068A234D012385F82030D5F81C80B8
:101E600095F81490D5F810A0A869FEF74DFB06462A
:101E70000F46CDF810A0CDF80C90CDF8088018EEE4
:101E8000100AFEF741FBCDE9000132463B461748F8
:101E90000DF0AAFC183595E8070084E807002046F5
:101EA00006B0BDEC028BBDE8F0870E4B1960012235
:101EB0005A75183393E8070084E80700EFE70C4BE6
:101EC00093E8070084E80700E9E7B0EE480A08460F
:101ED000FFF70CFF2846FFF721FF024B83ED060AB0
:101EE000B8E700BF78230020C0E1644C70200108EF
:101EF0009023002038B50446124B5B7D6BB1114B2B
:101F00001A688A1ADB689A4207D90E49D1ED067A17
:101F1000F5EE407AF1EE10FA06D10B4B93E807008C
:101F200084E80700204638BD0D46C96907480DF012
:101F30005BFC0023AB610023EB61012385F82030BB
:101F4000EBE700BF7823002090230020B820010891
:101F500000B586464FF0000C4FF6FF7010E04008C9
:101F60000133DBB2072B07D810F0010FF7D04AF28C
:101F7000010282EA5000F3E70CF1010C1FFA8CFC1D
:101F80008C4504D21EF80C3058400023EAE75DF877
:101F900004FBE0B110B50C46D9B1072A1BD9027871
:101FA0000A7042784A704288120A8A708278CA702F
:101FB0008288120A0A7103794B7106212046FFF7C5
:101FC000C7FFA071C0F30720E071082010BD0020FA
:101FD00070470020FAE70020F8E7B8B370B50D4667
:101FE00014460646A2B3042934D9023989B2FFF750
:101FF000AFFF721912F8023C12F8012C43EA0223D7
:10200000984229D13378237073786370B278A270C4
:10201000032B23D1531D9D4222D15508412A21D89B
:10202000A4F8445000230BE05A00D11C705C991CAA
:1020300016F8111041EA00212244918001339BB22D
:10204000AB42F1D3012084F8460004E00020704741
:10205000002000E0002070BD0020FCE70020FAE72F
:102060000020F8E70020F6E700231E2B09D81A010C
:1020700005498A5A824201D00133F6E701EB031089
:1020800070470020704700BFB43101080346A8B173
:10209000B1B1C078CA78904202D00020C0B2704777
:1020A00058784A78904201D00020F7E79A788B78E8
:1020B0009A4201D00020F1E70120EFE700207047AD
:1020C000002070470138C0B2082807D840F2051335
:1020D000C34013F0010F01D00120704709B900205F
:1020E0007047012070470000014680B1002347F28D
:1020F00030504A7E9A4206D9084A90420AD8400097
:102100000133DBB2F5E7064B984205D8704747F23A
:1021100030507047024870470148F7E7EF49020026
:10212000E093040010B582B000230193B8B10446D7
:10213000437CB3B1837C13B1002002B010BD01AB6E
:1021400025220949543009F04BFC0028F5D1019BA8
:10215000252B01D00120F0E70123A374EDE709202E
:10216000EBE70920E9E700BFFC22010888B110B5C0
:102170000446406878B1A16879B1237C0BB1002096
:1021800010BD012209F0C8FA0028F9D101232374F7
:10219000F6E7092070470920F2E70920F0E778B157
:1021A00010B50446437C3BB9002323746374A374C5
:1021B000A37584F8243010BD543009F074FDF3E7A2
:1021C0007047000038B598B10546FFF7E8FF0948A9
:1021D00006F0DBFE03F0B8FD044610B100242046F3
:1021E00038BD03F089FD0028F9D101242C76F6E7EB
:1021F0000024F4E7202200202DE9F04186B00028D9
:102200004CD00C46054600294AD0467C36B1837D29
:1022100023B12030FFF73AFF002843D1F6B905F18A
:1022200024066378A27821796079A77904970390CE
:10223000029101920093E3781B4A302130460DF061
:102240004BFB05F1540712223146384609F0A6FA35
:10225000064658B1304606B0BDE8F08105F154009D
:1022600009F021FD00236B74AB74D8E7D5F86080CA
:102270004146384609F034FD064658B901236B74CF
:10228000B8F1000F00D10346AB7423682B62012321
:10229000AB75DFE7384609F006FDDBE70926D9E72D
:1022A0000926D7E70026D5E7242301082DE9F04FBA
:1022B0002DED048BBFB0984600233D93002800F01D
:1022C000E4800E4617460546002900F0E080B1F88C
:1022D000403B002B00F0DD800AB100231370B8F101
:1022E000000F02D00023C8F800302846FFF73EFF59
:1022F000034620B900241297CDF84C8069E0002FE6
:1023000000F0C88001223A70C4E004EB440106EBFF
:1023100001112846FFF770FF034600286ED12846BA
:10232000FFF700FF0346002874D104EB440306EBDB
:102330000313DA7811925F7893F8028093F804908F
:1023400093F805A093F806B093ED078AD3ED088AB9
:1023500093ED099A986A04EB440306EB0313DB6AD6
:102360000E93FEF7D1F8CDE90C0119EE100AFEF735
:10237000CBF8CDE90A0118EE900AFEF7C5F8CDE9D1
:10238000080118EE100AFEF7BFF8CDE90601CDF8F6
:1023900010B0CDF80CA0CDF80890CDF804800097CF
:1023A000119B3F4AA02115A80DF096FA0746431E3F
:1023B0009E2B3BD83DAB024615A905F1540009F010
:1023C0000FFB034600283ED13D9A97423BD1013492
:1023D000A4B2B6F8403BA34243D96B7C002B94D007
:1023E000AB7D002B91D004EB440106EB011105F10C
:1023F0002000FFF74BFE002897D186E7129FDDF8FB
:102400004C800FB102223A70B8F1000F42D0C8F8E8
:1024100000403FE0129FDDF84C800FB104223A707B
:10242000B8F1000F36D0C8F8004033E0129FDDF855
:102430004C800FB105233B70B8F1000F01D0C8F8F4
:102440000040132326E0129FDDF84C800FB10522D7
:102450003A70B8F1000F01D0C8F80040D3B9012399
:1024600018E0129FDDF84C8005F1540009F0C3FB21
:10247000034678B10FB106223A70B8F1000F09D0C7
:10248000B6F8402BC8F8002004E0002302E0002347
:1024900000E0002318463FB0BDEC048BBDE8F08F90
:1024A0004C23010800284AD02DE9F04786B0154694
:1024B0001E4604460139052904D8DFE801F0150657
:1024C000090C0F12DFF8809010E0DFF880900DE02B
:1024D000DFF87C900AE0DFF87C9007E0DFF8789086
:1024E00004E0DFF8789001E0DFF87490237C8BB98A
:1024F0004FF0FF38DFF86CA0504606F046FD074667
:10250000504606F03FFD237C627C94F8241029B1EC
:10251000243404E003F0F0FB8046EBE7084C05941C
:1025200004900397CDF808800192009333462A4621
:10253000494604480DF058F906B0BDE8F0877047E9
:10254000C0230108C8230108B8230108902301080B
:1025500098230108A0230108A8230108B02301083B
:10256000882301082022002078B1F8B50F461646CE
:102570001D46044641F60C1200210DF0E5FA2760D5
:102580006660A560069BE360F8BD704700287ED0BA
:10259000F0B587B00C46054659B1006848B1002235
:1025A00001A905F05AFE30B1EB6813B1DA690132C6
:1025B000DA6107B0F0BD00226946286805F073FEB5
:1025C0000028F1D1EA7C40F6443302FB03F303F523
:1025D00020762E4404362B44B3F8C43D3B2B13D94C
:1025E0002B7D002B4CD16A7501232B755A40EA7460
:1025F00040F6443303FB02F202F520762E44043603
:102600002A440023A2F8C43DB6F8407B07EB470CF0
:102610004FEA0C1306EB0C1C009AF2500CF1040C60
:102620000DF1040EBEE80F00ACE80F00DEF800303C
:10263000CCF8003007EB470E06EB0E1E0EF1180E1D
:10264000A446BCE80F00AEE80F009CE803008EE84B
:1026500003000137BFB2A6F8407B3B2FA9D92B7DE1
:10266000002BA6D1EB7C6B7501222A755340EB74CD
:1026700040F6443202FB03530022A3F8C42D98E72E
:10268000EB68002B95D0DA690132DA6191E7704787
:10269000F0B583B000238DF80730009310B10446E5
:1026A000037D0BB903B0F0BD05F086F90546E3697B
:1026B00013B1C31A002BF5DBE37D3BBB237E0BB1CB
:1026C00000232376667D40F6443106FB01F101F5D7
:1026D000207121446B460DF1070204312046FFF7BB
:1026E000E5FD074630BB40F6443303FB06460023B6
:1026F000A6F8C43D2375E37523766376E361E3684A
:10270000002BCFD09A6901329A61CBE72046FFF7C0
:1027100059FD50B9637E032B01D8013363762046FF
:10272000FFF7E2FC2844E061BCE70023E375643571
:10273000E561B7E7174806F028FC0646009B3A46D5
:102740009DF807102046FFF7ADFE2046FFF727FD56
:1027500031463846FFF7B6FC60B90023637605F5CD
:102760009C550835E561E368002B9BD0DA6901329E
:10277000DA6197E70123E375002323762046FFF70C
:10278000B3FC2844E061637E032BECD8013363760D
:10279000E9E700BF2022002082B08DED010A019BF5
:1027A0001A0E0270C3F307424270C3F307220A7085
:1027B0004B7002B07047000008B5021E18BF01221E
:1027C0004FF48051014804F0F1FD08BD00040240BF
:1027D00008B5021E18BF01222021024804F0E6FDC0
:1027E00008BD00BF0008024008B5021E18BF012244
:1027F0000221024804F0DAFD08BD00BF00000240DB
:10280000034688B181B17AB1B0F8660001280ED0D4
:1028100003280AD000200870B3F86630023B9BB250
:10282000012B06D90023137070470120F3E7012024
:10283000F1E70123F7E7EAB338B51C461546DBB3E9
:10284000BDF81030182B01D8002038BD207010239F
:1028500063700A0AA270E17000222271082262717C
:10286000A37104F10901E01D95ED010AFFF794FF42
:1028700004F10D0104F10B0095ED040AFFF78CFF44
:1028800004F1110104F10F0095ED030AFFF784FF35
:1028900004F1150104F1130095ED020AFFF77CFF26
:1028A00017212046FFF754FBE075C0F30720207680
:1028B0001920CAE7002070470020C6E72DE9F84339
:1028C000002843D0884691461E4605460368002BE3
:1028D0003ED08368002B3DD005F06EF80746AC680B
:1028E000237843B905F068F8C01BB04234D8012002
:1028F0000BF024FCF3E7002323700120FFF768FFAF
:102900004A464146286807F0EBF8044618B905F036
:1029100053F8074609E00020FFF75AFFAB6801248F
:102920001C701AE001200BF009FCAB681B784BB956
:1029300005F042F8C01BB042F4D90020FFF748FF71
:1029400003240AE00020FFF743FF06E0012404E02F
:10295000012402E0012400E003242046BDE8F883BE
:1029600000EE100A7047034600B901234FF4964069
:10297000B0FBF3F000B90120704720B108B5036B3C
:1029800003B1984708BD704728B108B5436B23B120
:10299000984720B108BDC8207047C820FAE7C82072
:1029A000F8E7000008B50A46014602480CF01CFF93
:1029B00008BD00BF2C24010810B5029C4FF0320C5A
:1029C00084F800C04FF0330C84F801C04FF0060CBF
:1029D00084F802C0E07021716271A3710721204662
:1029E000FFF7B6FAE071C0F30720207210BD0000B7
:1029F00070B52DED048B86B00546122A0CD8114611
:102A0000036A13B19A6801329A6053480CF0ECFEE5
:102A100006B0BDEC048B70BD0C4611212046FFF7BB
:102A200097FA0146627CA37C42EA0322904208D0D6
:102A30002B6A13B198680130986048480CF0D4FEB6
:102A4000E6E7E378267946EA0326454B1B78002B18
:102A500068D1444B1E80424B01221A70227AE379DE
:102A60001B0443EA0263A27943EA02236079184314
:102A7000FFF776FFF0EE408A8DED010A227BE37AC4
:102A80001B0443EA0263A27A43EA0223607A1843F2
:102A9000FFF766FFB0EE409A8DED020A227CE37BE1
:102AA0001B0443EA0263A27B43EA0223607B1843D0
:102AB000FFF756FFB0EE408A8DED030AADF80060D7
:102AC00004F07AFF049001238DF81430264B18602F
:102AD000264B00221A70686928B1EB691BB10221EC
:102AE0000BF0EAFB58B3A86910B101210BF06EFBA3
:102AF0006B6A23B1F0EE490AB0EE680A9847AB6AF8
:102B000013B1B0EE480A9847EB6A0BB130469847CC
:102B10002B6A13B15A6801325A60154A136801339F
:102B2000136075E70F4B1888431C9BB29E4202D17D
:102B30000C4B1E8092E73146FFF734FFF8E7EC6953
:102B4000EC46BCE80F000FC49CE8030084E80300D7
:102B500068690BF0E0FBC6E75C24010888240108E3
:102B6000B4280020B6280020B8280020A427002080
:102B7000B0280020002866D02DE9F0411646054611
:102B8000002953D0002A51D02F4B1B88FF2B02D98C
:102B90002D4B00221A802C4B1C88A3199BB2B3F535
:102BA000807F07D9C4F58077BFB22FB94FF00008F6
:102BB00044460CE03746F8E73A46244820440DF0F6
:102BC00042F83C44204B1C80F0E70134A4B220467C
:102BD00004F113031C4A11888B421AD821461B4B5F
:102BE0001B5D322BF1D1431C184AD35C332BECD143
:102BF0000230135C052BE8D11322144B19442846EC
:102C0000FFF7F6FE1334A4B208F101081FFA88F8A2
:102C1000DDE724B1091B8DB255B90B4B1D80B8F10E
:102C2000000F03D117B1084B1B883BB1BDE8F08101
:102C300006482A4601190CF06DFFEEE731460448BC
:102C40000CF0D2FDF2E77047A8270020AC27002047
:102C5000C024010810B504460BF0DAF9022803D0AD
:102C6000204604F0AFFE10BD20460BF067FAFAE7ED
:102C700008B50BF0CDF9022803D0012004F0A2FE24
:102C800008BD01200BF05AFAFAE700002DE9F843DD
:102C90000746884691461D4604F08EFE064601E032
:102CA000FFF7E6FF1B4B1C7864B904F085FE801B20
:102CB000A842F5D9294618480CF096FD032630465F
:102CC000BDE8F88300221A704A464146386806F08B
:102CD00007FF064618B904F06FFE04460AE0012615
:102CE0000C4B1E703B68596C0C480CF07DFDE6E700
:102CF000FFF7BEFF074B1B78002BE0D104F05CFE12
:102D0000001BA842F4D9294605480CF06DFD0326A6
:102D1000D5E700BF05000020F424010818250108AC
:102D20004425010820B370B50C4616461D460146E1
:102D3000EAB110480CF058FD1CB121460E480CF0C9
:102D400053FD29460D480CF04FFD0024AC420BD238
:102D5000315D0B480CF048FD0134A4B2AC42F5D211
:102D600020200CF053FDF1E706480CF0ADFD70BDDE
:102D7000704700BF64250108702501087C25010803
:102D80008C250108A02F010850B310B582B004466D
:102D90000368EBB14368DBB18368CBB1114B00939F
:102DA0000123002206211846FFF706FEA289A1682A
:102DB000206807F01FFA68B963681A68136823F07F
:102DC00008031360084B01221A70084B00221A8076
:102DD00002B010BD2368596C05480CF005FDF7E7FB
:102DE000704700BFC0280020AC280020A627002084
:102DF00094250108014B01221A707047050000203C
:102E0000002873D02DE9F043A3B00D460446816835
:102E100000293AD00368002B37D04368002B34D008
:102E200025B38789AF4221D3314B1E88AE421DD0D6
:102E30002ED2AF1BBFB2802F00D980273A46314433
:102E400001A80CF000FFADF88470294B1D80236AA7
:102E500013B11A6801321A6004F0AEFD00902069C7
:102E600020B100231A4669460BF096FBA289A1689F
:102E7000206807F0BFF9014608B102282ED1636827
:102E80001A68136823F00803136023B0BDE8F083C9
:102E9000A7EB06091FFA89F905EB09081FFA88F85C
:102EA000B8F1800F01D94FF08008C84507D84246D5
:102EB000314401A80CF0C7FEADF88480C5E74A464E
:102EC000314401A80CF0BFFE0DEB0900F21B424497
:102ED00092B2A16804300CF0B6FEEDE7236893F8D7
:102EE00042205B6C03480CF07FFCC8E7704700BFD2
:102EF000A6270020C0250108F0B110B504460368DC
:102F00009BB142688AB182687AB1596C0B480CF067
:102F10006BFCA289A168206807F06CF930B963687E
:102F20001A68136823F00803136010BD2368596CF6
:102F300003480CF059FCF2E7704700BF0026010877
:102F40002426010830B587B0044603AD009501235F
:102F5000002203211846FFF72FFD6423092229468A
:102F60002046FFF793FE88B90C4B01221A7004F03B
:102F700023FD0B4B186000230A4A13700A4A138082
:102F80000A4A13600A4A138007B030BD0146034B5A
:102F900000221A7007480CF027FCF5E7BC28002037
:102FA000B8280020B4280020B6280020B02800202F
:102FB000A82700205426010870B586B005460C46A7
:102FC00003AE00960123002203211846FFF7F4FC0C
:102FD0000923324621461448FFF7A4FE6423092240
:102FE00031462846FFF752FE50B101460F4B0022F2
:102FF0001A70B4B122460E480CF0F6FB06B070BD54
:103000000A4B01221A7004F0D7FC0A4B1860002307
:10301000094A1370094A1380094A1360094A138048
:10302000ECE7094CE6E700BF80260108BC28002039
:1030300094260108B8280020B4280020B6280020D3
:10304000B0280020A8270020BC24010870B586B055
:1030500004460E4603AD00950123002204211846C4
:10306000FFF7AAFC09232A4631460748FFF75AFE14
:103070006423092229462046FFF708FE034B00225D
:103080001A7006B070BD00BFC8260108BC28002019
:10309000F0B587B007460E4615460846FFF763FCB5
:1030A000044603AB0093C3B2C0F3072205210020FE
:1030B000FFF782FC9DB12B462246314609480CF0B1
:1030C00093FB092303AA29460748FFF72BFE642335
:1030D000092203A93846FFF7D9FD07B0F0BD034B1D
:1030E000EAE700BFDC26010810270108BC2401081C
:1030F000002800F09180F0B5A3B0044604F05CFC19
:103100000546464B1B7863B1444B00221A7020469B
:10311000FFF718FF05E0BDF8842001A92046FFF75E
:1031200029FD206930B100231A4669460BF076FA72
:103130000028F0D03A4B1B68AB4201D9384B1D60D8
:10314000384B1B7833B1364B19686B1A40F6B832DE
:10315000934207D8344B1B68EB1AB3F5FA6F52D27F
:1031600023B0F0BD2A4631480CF03EFB304B1B78B3
:10317000FF2B02D001332E4A13702D4B19780329EF
:1031800020D82046FFF700FC06460246284B197857
:1031900028480CF029FB284F39462046FFF756FFF8
:1031A0006420FFF757FD3A4631462046FFF770FF8F
:1031B0006420FFF74FFD39462046FFF7FDFE184B10
:1031C0001D60C7E71D480CF00FFB194B00221A7059
:1031D0002046FFF7D2FB6420FFF73CFD2046FFF7B7
:1031E000D3FB0146164E32462046FFF751FF6420BE
:1031F000FFF730FD31462046FFF7DEFE04F0DCFB32
:10320000074B1860A6E7642309220E492046FFF702
:103210003DFD054B1D60A3E7704700BFAC280020B3
:10322000B8280020BC280020A0270020242701085F
:10323000A4270020602701089C270108B027010867
:10324000FC270108C028002010EE103A10B10380BE
:103250001B0C43807047C0B10346B1B1AAB1888945
:1032600003EB000C097A11B912881A52704700B5A5
:10327000B2F802E0128842EA0E42012903D0CCF8EB
:1032800000205DF804FB1A50FBE77047A8B110B5A9
:103290000446006898B163689BB1A16899B10B4B73
:1032A00000221A80A28906F0A5FF28B963681A686F
:1032B000136823F00803136010BD0120704701203C
:1032C000FAE70120F8E70120F6E700BFCC2800204C
:1032D000F0B58BB00D4614461E46002847D0074671
:1032E0000068002846D006F023FF3B685B6C002C8A
:1032F00043D0234A126823490968234F3F68DFF807
:10330000BCC0DCF800C008930790CDF818C0059742
:10331000049103921D4B1B680293BDF84430019346
:10332000BDF84030009333462246294618480CF039
:103330005BFA184B1968184B1A88184B1B881848E9
:10334000008880B2174C2488A4B2174D2D68174E00
:103350003668174F3F6804970396029501940090D2
:103360009BB292B213480CF03FFA0BB0F0BD0023B1
:103370001846BCE700231846B9E70F4CB9E700BF71
:10338000FC2A0020F82A0020F42A0020002B00202C
:1033900018280108E42A0020E22A0020E02A002060
:1033A000DE2A0020DC2A0020D82A0020EC2A002077
:1033B000E82A0020B428010814280108F02A002077
:1033C000D8B170B50E4615460446C269BAB1C5B14A
:1033D000012B18D94069C0B105210AF06DFF08B171
:1033E000002070BDE36933441E6860690AF093FFF2
:1033F0002E80330C6B800220F3E700207047002002
:10340000EFE70020EDE70020EBE70020E9E7B8B1A7
:1034100070B50E4615460446C2699AB1A5B1ABB166
:103420004069A8B105210AF047FF08B100200EE06D
:10343000E3699E5B60690AF06EFF2E80012006E062
:1034400000207047002002E0002000E0184670BD18
:103450000020FCE70A4428B370B50D4694B2064636
:10346000C36943B1406930B140F2D973994202D87F
:10347000B4F5FB6F00D870BD05210AF01DFF0028D0
:10348000F9D1B5F5FB6F02D8F36900221A8240F238
:10349000D9739C4202D9F36900225A8270690AF0FA
:1034A0003AFFE8E770470000E0B110B5A2B004466B
:1034B00003693BB100231A46694620690BF0AEF858
:1034C0000028F7D00023084A1380084A1380084ACE
:1034D0001380084A1380084A13602046FFF7D6FE7F
:1034E00022B010BD01207047E22A0020E02A00200F
:1034F000DE2A0020DC2A0020D82A0020F8B5069C0D
:10350000C8B38446CBB3D4B35500ADB2CAB305F14A
:103510000906B6B2BDF81C00864234D89CF82400D7
:10352000207010206070080AA070E170110A2171EB
:103530006271A571002110E04FEA410C33F811E0EF
:103540000CF1070C4FEA1E2E04F80CE0081D13F8CE
:1035500011C004F810C0013189B29142ECD3EF1DC3
:10356000B9B22046FEF7F4FCE0550835C0F3072059
:1035700060553046F8BD0026FBE70026F9E7002637
:10358000F7E71646F5E70026F3E72DE9F047BDF823
:103590002090002839D00E46174698460546072940
:1035A00035D9002401E00134A4B204F1080080B24E
:1035B000B04227D8A24628192B5DBB42F3D14378ED
:1035C000102BF0D18378B3EB182FECD1C2785FFACF
:1035D00088F39A42E7D10379B3EB192FE3D142790B
:1035E0005FFA89F39A42DED10621FEF7B1FCAA44C4
:1035F0009AF806309AF8072043EA02239842D2D17B
:10360000012000E00020BDE8F0870020FBE700205B
:10361000F9E7000040B108B5006820B106F0A8FA4B
:10362000024B00221A8008BD704700BFCC28002042
:1036300000283AD070B582B00446006840B3636891
:1036400033B3A36823B3194A13680133136006F038
:103650008FFA2046FFF71AFE054628B1022819D135
:10366000134A136801331360104B1E68206806F07C
:103670005FFD03462268526C0092324629460D488F
:103680000CF0B2F863681A68136823F0080313603B
:1036900002B070BD084A13680133136023685A6C86
:1036A000014606480CF0A0F8DEE77047F02A00203B
:1036B000F42A002054290108F82A002018290108BA
:1036C00008B50AF0A5FC022803D0012004F07AF91D
:1036D00008BD01200AF032FDFAE70000D0B170B554
:1036E0000E4615460146A6B10B480CF07DF80024A5
:1036F000AC420BD2315D09480CF076F80134A4B22B
:10370000AC42F5D220200CF081F8F1E704480CF02F
:10371000DBF870BD704700BF9C2901088C250108AB
:10372000A02F01082DE9F04FB5B004460D4616460E
:10373000984604F041F9002C00F066810746B8F184
:10374000000F00F063814023019324AB00934346B4
:10375000324629462046FFF7D1FE8146F0B19E4B06
:103760001A6802F10108C3F8008023693BB1002305
:103770001A4602A920690AF051FF0028F7D0204616
:10378000FFF748FF954B1B78FBB904F015F9C31BF5
:10379000B3F5FA7F0ED8FFF793FFF3E7236A13B16F
:1037A0001A6901321A61324629468D480CF01CF81C
:1037B00001272CE1236A13B15A6901325A6141464B
:1037C00088480CF011F8032721E1844B00221A707D
:1037D000236B0BB1012098474A4624A9206806F0C4
:1037E0007FF998B1236B0BB1002098477B4B0122E6
:1037F0001A70236A13B11A6901321A6123685A6C6C
:10380000414679480BF0F0FF012700E104F0D4F8BD
:103810000746724B1B78BBB904F0CEF8C01BB0F55D
:10382000FA7F02D8FFF74CFFF3E7236B0BB10020C0
:103830009847236A13B15A6901325A6141466B486D
:103840000BF0D2FF0327E2E004F0B6F80746236846
:103850001B681B6813F0400F17D104F0ADF8C01BB4
:10386000B0F5FA7F02D8FFF72BFFF0E7236B0BB11F
:1038700000209847236A13B15A6901325A614146C0
:103880005B480BF0B1FF0327C1E0FFF719FF236B83
:103890000BB1002098472046FFF706FE074638B9CF
:1038A000236993B104F088F883464FF0000A61E081
:1038B000236A13B11A6901321A6123685B6C3A46B4
:1038C00041464C480BF090FFA1E0236A13B11A69FE
:1038D00001321A61414648480BF086FF012796E005
:1038E000236A13B15A6901325A61CDF804A00096D7
:1038F0002B46424A41462046FFF7EAFCBAF1000F48
:1039000004D12046FFF794FE032780E052463C494D
:103910003C48FFF7E3FEF4E7236A13B15A6901322A
:103920005A61CDF804A000962B46344A4146204601
:10393000FFF7CEFCBAF1000F04D12046FFF778FE66
:10394000032764E052462E492E48FFF7C7FEF4E7EE
:103950004A4603A92A4850440CF075F9D1441FFA8D
:1039600089FA00962B4694F8242051462448FFF704
:103970000CFE58BB04F020F8A0EB0B03B3F5FA7F64
:10398000AED2ABEB000303F5FA73002202A9206963
:103990000AF044FE0028BFD1BDF88C90B9F5007F35
:1039A00011D809EB0A039BB2B3F5007FD0D9C9F552
:1039B00000739BB2AAEB030111489A461A460144D0
:1039C0000CF0A8F8C4E74FF0000ACAE7236AF3B185
:1039D000DA680132DA601AE0042B002006000020C9
:1039E000B8290108EC290108182A0108542A0108FD
:1039F000842A0108B02A0108002B0108242B0108A1
:103A0000D0280020302B0108012700E0012738468C
:103A100035B0BDE8F08F00BF2DE9F04F91B0814681
:103A200000244FF0010B062C72D8504B04EB4402DB
:103A300003EB420133F812A0B1F802800AEB08024E
:103A400092B2651C062D13D805EB4503474931F8A2
:103A5000133093420CD105EB4501444B03EB41037A
:103A60005B8898441FFA88F813449AB20135E9E755
:103A7000B8F1200F01D800261CE0D9F8203013B18E
:103A80001A6901321A614246514639480BF0ACFEC0
:103A90004FF0000B3CE0354901EB420102230DEBF6
:103AA000460289884846FFF78BFC02285AD13E44DB
:103AB000B6B20134AC422FD204EB44022B4B03EBE1
:103AC00042035F88022FE6D0012F10D104EB44039C
:103AD000264901EB430101230DEB46028988484644
:103AE000FFF795FC0128E2D04FF0000B10E0D9F869
:103AF000203013B11A6901321A6104EB44041B4BE4
:103B000033F8142039461B480BF06EFE4FF0000BC3
:103B1000584611B0BDE8F08F6B46424651464846C4
:103B2000FFF700FE032805D058B1032813D04FF04B
:103B3000000B78E76B46424651464846FFF7F2FDD8
:103B4000F2E70D4A13680133136042465146484676
:103B5000FFF780FC67E7094A1368013313604FF0F1
:103B6000000B60E74FF0000BD2E700BFA433010861
:103B7000482B0108802B0108D42A0020D02A0020DD
:103B800010B582B00023ADF80030ADF80230ADF8CA
:103B9000043048B104466B4603224FF42F61FFF70F
:103BA000C1FD032802D048B902B010BD6B46032204
:103BB0004FF42F612046FFF7B5FDF4E701460248B8
:103BC0000BF012FEF0E700BFB42B0108002847D02D
:103BD0002DE9F0470E4617460546089A002A41D0BF
:103BE000042941D9DBB24FEA43085FFA88F808F1AB
:103BF000050949453AD3002401E00134A4B204EB9D
:103C000009039BB2B34228D805EB040A2B5DBB42E3
:103C1000F3D19AF80130032BEFD19AF802304345E3
:103C2000EBD108F103015046FEF792F904EB0903CA
:103C30002B4413F8022C13F8013C42EA0323984268
:103C4000DBD1089A49465046FEF7C7F90128D4D17E
:103C5000099B1BB1A3F8009000E00020BDE8F087AD
:103C6000002070470020F9E70020F7E70020F5E783
:103C70002DE9F04FADB004460F4616461D4603F041
:103C80009BFE0023ADF81630002C00F080818046AA
:103C9000002D00F07F814822194628460BF054FF82
:103CA00094F824308DF8A83003238DF8A930ADF8AE
:103CB000AA70ADF8AC60082228A92AA8FEF769F915
:103CC0008246F8B1A14B1A6802F10109C3F80090CD
:103CD00023693BB100231A4606A920690AF09EFC1D
:103CE0000028F7D02046FFF795FC994B1B7813BBB3
:103CF00003F062FEA0EB0803B3F5FA7F0FD8FFF7DD
:103D0000DFFCF2E7236A13B11A6901321A61324605
:103D1000394690480BF068FD4FF001083CE1236AFA
:103D200013B15A6901325A6149468B480BF05CFD68
:103D30004FF0030830E1864B00221A70236B0BB161
:103D400001209847524628A9206805F0C9FEA0B175
:103D5000236B0BB1002098477D4B01221A70236A18
:103D600013B11A6901321A6123685A6C49467B48BB
:103D70000BF03AFD4FF001080EE103F01DFE804606
:103D8000734B1B78CBB903F017FEA0EB0800B0F51E
:103D9000FA7F02D8FFF794FCF2E7236B0BB1002007
:103DA0009847236A13B15A6901325A6149466C48EF
:103DB0000BF01AFD4FF00308EEE003F0FDFD804626
:103DC00023681B681B6813F0400F19D103F0F4FD42
:103DD000A0EB0800B0F5FA7F02D8FFF771FCEFE71F
:103DE000236B0BB100209847236A13B15A69013243
:103DF0005A6149465B480BF0F7FC4FF00308CBE0F3
:103E0000FFF75EFC236B0BB1002098472046FFF7BD
:103E10004BFB804638B9236993B103F0CDFD039085
:103E20004FF0000B68E0236A13B11A6901321A617E
:103E300023685B6C424649464B480BF0D5FCABE02F
:103E4000236A13B11A6901321A61494647480BF0D7
:103E5000CBFC4FF001089FE0236A13B15A6901328D
:103E60005A61CDF804B000963B46414A4946204687
:103E7000FFF72EFABBF1000F05D12046FFF7D8FB64
:103E80004FF0030888E05A463A493B48FFF726FCC2
:103E9000F3E7236A13B15A6901325A61CDF804B0CD
:103EA00000963B46324A49462046FFF711FABBF1DD
:103EB000000F05D12046FFF7BBFB4FF003086BE076
:103EC0005A462C492C48FFF709FCF3E7524607A94C
:103ED000284858440BF0B7FEDA441FFA8AFB0DF16C
:103EE00016030193009533469DF8A82059462148B2
:103EF000FFF76CFE002844D103F05EFD039BC31A5C
:103F0000B3F5FA7FA8D2039B1B1A03F5FA730022BC
:103F100006A920690AF082FB0028BAD1BDF89CA04E
:103F2000BAF5007F2AD80AEB0B039BB2B3F5007FEA
:103F3000CCD9CAF500739BB2ABEB03010D489B468D
:103F40001A4601440BF0E6FDC0E700BF042B002039
:103F500006000020E82B0108EC2901081C2C0108B0
:103F6000542C0108802C0108A42C0108002B010806
:103F7000F02C0108D0280020F82C01084FF0000B8D
:103F8000ADE7236A43B1DA680132DA6004E04FF04A
:103F9000010801E04FF0010840462DB0BDE8F08F68
:103FA00000286BD0F0B59BB00E46144607467AB198
:103FB00092F8463063B1B2F844304BB1406938B141
:103FC000FB692BB105210AF077F968B9002527E0D4
:103FD0003B6A4BB144B194F846202AB1B4F844206E
:103FE00012B91A6901321A611BB0F0BD3B6A13B1F4
:103FF0001A6901321A6140F6E4139E422AD8B4F8D5
:10400000443033449BB240F6C412934234D9682200
:10401000F96968460BF017FE01241CE00135ADB2CA
:10402000B4F84430AB42E6D9A81980B2FEF71CF8C8
:1040300001460028F2D0437A5B08D7D02B44B4F86D
:1040400044209342D2DC04EB45020432F869FFF7C6
:1040500002F9E3E7002478690AF05DF9B86910B164
:1040600002210AF0B3F8002CBED0684600F0C4FC70
:10407000684601F093F9B7E70024ECE770470000C9
:10408000F0B52DED028BB5B006460D4600248DF837
:104090001F4006948DF8174000230493039300E01B
:1040A0000134022C19D804EB4403844A32F813304B
:1040B0002B42F5D004EB440302EB4302578822ABBA
:1040C000928839463046FFF7D3FD0028E8D122AA6E
:1040D00039463046FFF764FFE2E705F0040415F0C7
:1040E000010F0BD03EB1706928B1F3691BB10521F6
:1040F0000AF0E2F888B172480BF0E6FB4CB146B129
:10410000706930B1F36923B105210AF0D5F80028B0
:1041100033D035B0BDEC028BF0BD6822F16908A840
:104120000BF091FD70690AF0F6F80DF117009DEDA6
:104130000F0A00F0FDFFB0EE408A9DF817300BB972
:104140009FED608A01A8B0EE480AFFF77DF801AB49
:10415000022240F2DA713046FFF7E4FA0028CDD1AE
:10416000052170690AF0A8F80028C7D1F36983ED2A
:10417000058A70690AF0CFF8C0E76822F16908A8DB
:104180000BF061FD70690AF0C6F806A90DF11F0079
:1041900000F0F4FDBDF87C30002B3FD10023BDF8CA
:1041A0007E20002A45D10024002B44D1002CB0D021
:1041B00006A90DF11F0000F0E1FD03A904A800F01D
:1041C00063FD00285CD001A89DED040AFFF73CF8D0
:1041D00002A89DED030AFFF737F801AB042240F671
:1041E000DF113046FFF79EFA00283CD005217069A8
:1041F0000AF062F8002848D1F369049A5A65F36915
:10420000039A9A656822F16908A80BF01CFD706991
:104210000AF081F808A801F0C1F836E0BDF86000A6
:1042200000F006FD06A90DF11F0000F0A7FD012317
:10423000B5E70124B8E70023ADF8043001AB012253
:1042400040F6E3113046FFF76DFA052170690AF078
:1042500033F80028AAD1F3690022A3F85C20706922
:104260000AF059F8A2E722AB042240F6DF113046EB
:10427000FFF7FEFC0028B9D013480BF025FBB5E78B
:1042800006A90DF11F0000F079FD0023ADF8043000
:1042900001AB012240F6E4113046FFF743FA052155
:1042A00070690AF009F800287FF433AFF36900223F
:1042B000A3F85E2070690AF02EF82AE7DC330108C3
:1042C0000C2D010800000000402D0108D8B110B5E8
:1042D0000446006880B1636873B1A16861B1A289C6
:1042E00005F088FF48B9084B00221A8063681A68F5
:1042F000136823F00803136010BD2368596C03484A
:104300000BF072FAF8E77047CC280020742D0108F2
:10431000002800F0B0802DE9F043A3B00D4604461C
:10432000036813B3436803B38368F3B111B183899E
:104330008B421DD2206805F0FBFE2238C0B2012856
:1043400040F28D80A289A168206805F053FF30B14A
:10435000022800F08B80484A1368013313606368B9
:104360001A68136823F00803136023B0BDE8F083D4
:10437000424B1E8803F020FB414B1860414B1D80CF
:10438000414B1E80414B1D800023414A1380414A0E
:104390001360B542CED0404A13680133136003F076
:1043A0000BFB00900023ADF88630B54222D9AF1B3D
:1043B000BFB2802F00D98027A1683A46314401A8B6
:1043C0000BF041FCADF884702C4B1D80BDF88420AF
:1043D0002F4B1A802069002839D000231A466946DD
:1043E0000AF0DAF82B4B186060BB2C4A13680133D3
:1043F00013609FE7B4F80C90A9EB06081FFA88F841
:1044000005EB0807BFB2802F00D98027474508D8A1
:10441000A1683A46314401A80BF015FCADF8847050
:10442000D2E7A1684246314401A80BF00CFC0DEB29
:104430000800A6EB09023A4492B2A16804300BF0DE
:1044400002FCEBE7164A13680133136072E7114B65
:10445000144A1A60124A1368013313606AE76368EA
:104460001A68136823F0080313607EE70E4A136886
:104470000133136073E77047F82A0020CC2800202E
:10448000E42A0020E22A0020E02A0020DE2A002080
:10449000DC2A0020D82A0020002B0020EC2A002053
:1044A000E82A002018FCFFFFF42A002000B310B512
:1044B00004460368B3B14368A3B1836893B10D4A5E
:1044C000136801331360FEF7E1FE28B102280AD019
:1044D000094A13680133136063681A68136823F08C
:1044E0000803136010BD054A136801331360F3E736
:1044F000704700BFFC2A0020F82A0020F42A002080
:10450000014B01221A7070470600002000284BD092
:1045100070B592B00446FFF77FFA05466B46042259
:104520004FF42F612046FFF7A3FB38B1A06918B103
:104530004FF4007109F04AFE12B070BD6A464FF4A4
:104540002F612046FFF72CFD00231E4600E00133BB
:10455000022B13D8BDF84410144A12F823209142BC
:10456000F5D912A901EB420232F8442C002AEED010
:104570000E4A02EB830252881643E8E70C4B198877
:1045800026EA01011E800DB131B94EB9002DCDD101
:1045900008480BF099F9C9E72046FFF771FDF4E7E9
:1045A0002046FFF7EDFAC1E7704700BFD03301089E
:1045B000CA280020A42D010800286CD02DE9F04F56
:1045C00091B00446456AD0F82880C66A076BB0F8F7
:1045D0003490B0F836A0B0F840B0006AFBF794FF12
:1045E000CDE90E01CDF828B0CDF824A0CDF820906B
:1045F0003846FBF789FFCDE906013046FBF784FF1B
:10460000CDE904014046FBF77FFFCDE902012846D2
:10461000FBF77AFFCDE90001DDE90E231E480BF020
:10462000E3F8A66CE76CD4F85080D4F85490D4F832
:1046300058A0606CFBF768FF04460D46174B1868DE
:10464000FBF762FFCDE90C01154B1868FBF75CFF27
:10465000CDE90A015046FBF757FFCDE9080148466E
:10466000FBF752FFCDE906014046FBF74DFFCDE9D0
:1046700004013846FBF748FFCDE902013046FBF75D
:1046800043FFCDE9000122462B4606480BF0ACF86B
:1046900011B0BDE8F08F7047E02D0108342B0020E9
:1046A000382B0020402E0108002800F07A8108B540
:1046B000034690ED115ABB4AD2ED007AB4EE675A28
:1046C000F1EE10FA52D190ED127AD2ED017AB4EEF9
:1046D000677AF1EE10FA49D190ED137AB24AD2ED31
:1046E000007AB4EE677AF1EE10FA3FD190ED147AC9
:1046F000D2ED017AB4EE677AF1EE10FA36D190ED90
:104700000A7AAA4AD2ED007AB4EE677AF1EE10FA8C
:104710002CD190ED0B7AA64AD2ED007AB4EE677AEE
:10472000F1EE10FA22D190ED0C7AA24AD2ED007A85
:10473000B4EE677AF1EE10FA18D190ED087A9E4A3D
:10474000D2ED007AB4EE677AF1EE10FA0ED190ED68
:10475000097A9A4AD2ED007AB4EE677AF1EE10FA4D
:1047600004D1818E964A128891423FD08D4A82EDC3
:10477000005AD3ED124AC2ED014AD3ED133A8A4AE8
:10478000C2ED003A93ED144A82ED014AD3ED0A5A84
:10479000864AC2ED005A93ED0B6A854A82ED006AA3
:1047A000D3ED0C6A834AC2ED006A93ED087A824A1F
:1047B00082ED007AD3ED097A804AC2ED007A998EB3
:1047C0007F4A1180DA8E7F480280B5EE405AF1EEC2
:1047D00010FA11D0F5EE403AF1EE10FA22D025EEA3
:1047E000235AB7EE003AC3EE053A07E0C18E754A88
:1047F00012889142BAD1D3E0DFED733A7348C0ED2D
:10480000003AF5EE404AF1EE10FA0ED0B5EE404A0D
:10481000F1EE10FA1DD064EE844AB0EE004A84EE48
:10482000245A04E0DFED683AE8E79FED675A6748ED
:1048300080ED015AB7EE005A76EE856A76EEA66AEA
:1048400052B9F5EEC05AF1EE10FA05DD25EEA66A72
:1048500008E09FED5D5AEAE7012A63D09FED5A6AAE
:10486000F0EE465A5A4AC2ED005A5A4A82ED006AA0
:10487000DFED596A27EE267A67EEA67AB5EEC07AA2
:10488000F1EE10FA63D9F5EEC07AF1EE10FA5ED4CB
:10489000B4EEE77AF1EE10FA03D8DFED507A67EE66
:1048A000277ADFED4F6A65EEA65A27EE075A65EEC6
:1048B000076A66EE876A27EEA74A64EE274A64EE27
:1048C000A77A76EEE76A35EE445AF5EEC05AF1EE75
:1048D00010FA06D9DFED437AF4EEE76AF1EE10FA4A
:1048E0003ED8414A00211160B5EEC06AF1EE10FADF
:1048F00050DDDFED3C7AB4EEE75AF1EE10FA49DD17
:10490000DFED377A66EE277A9FED387A67EE877AA1
:1049100067EE857AB5EE007A67EE877A344AC2EDA3
:10492000007A3AE0B5EEC06AF1EE10FA07DDF5EE76
:10493000406AF1EE10FA07D0C6EE265A92E79FEDD4
:10494000226AF0EE465A8DE7DFED1F5A8AE7002211
:1049500025490A6026490A601846FFF72DFE1FE028
:10496000A9B9FFEE007A77EEA77A67EEA57ADFEDB8
:104970001F5A67EEA57A67EEA67AC7EE876ADFED63
:104980001D7A66EEA77A184AC2ED007AACE7F7EE18
:10499000007AE8E7164A002111601846FFF70CFE7E
:1049A00008BD70472C2B0020242B0020202B00203A
:1049B0001C2B0020182B0020142B0020102B002073
:1049C0000A00002008000020000000000C00002069
:1049D0000C2B0020082B00206F12833A77BE7F3FFC
:1049E000286B6E4E5F708930382B0020DB0F4940FA
:1049F000342B00200000803D08B5FFF755FE08BDB0
:104A000008B5302200211E480BF09EF800211D4BF6
:104A10001970002200231C48C0E900231B48C0E98C
:104A200000231B48C0E900231A48C0E900231A4BA1
:104A300019601A4B19801A4B4FF07E521A605A6057
:104A40000023184A1360184A1360184A1360536011
:104A5000174A13605360174A1360174A1360174AC6
:104A60001360174A1360174A13604FF6FF72164916
:104A70000A8016490A80164A1360164A136008BD58
:104A8000702B0020682B0020602B0020582B00206A
:104A9000502B0020482B0020402B00203E2B0020D4
:104AA0000C000020382B0020342B00202C2B002061
:104AB000242B0020202B00201C2B0020182B002052
:104AC000142B0020102B00200A00002008000020DA
:104AD0000C2B0020082B00202DE9F0472DED028B38
:104AE00082B010EE105A10EE904A09F08BFFDFF8FA
:104AF0000CA1DAE900892846FBF706FD06460F46B9
:104B000002460B4640464946FBF7A0FBCAE90001B6
:104B1000DAE902892046FBF7F7FC04460D46024617
:104B20000B4640464946FBF791FBCAE90201DAE928
:104B3000048932463B4630463946FBF73DFDCDE918
:104B4000000102460B4640464946FBF77FFBCAE997
:104B500004019AED068B22462B4620462946FBF798
:104B60002BFD8046894602460B4651EC180BFBF79D
:104B70006DFBCAE90601DAF824300133CAF82430A3
:104B8000194B1B78002B28D0DFF874A032463B4627
:104B9000DAE90001FBF75AFBCAE90001134E22468D
:104BA0002B46D6E90001FBF751FBC6E90001104C8A
:104BB000DDE90023D4E90001FBF748FBC4E900016B
:104BC0000C4C42464B46D4E90001FBF73FFBC4E9DD
:104BD0000001094A13680133136009F035FF02B080
:104BE000BDEC028BBDE8F087682B0020582B00201D
:104BF000502B0020482B0020402B0020702B002041
:104C0000602B0020034600B10123014A1370704756
:104C10003C2B0020054BD3ED087A77EE807AC3ED6C
:104C2000087A9A6A01329A62704700BF702B00209E
:104C300010B5044609F0E6FE0C4B01221A70002262
:104C400000230B49C1E900230A49C1E900230A49AD
:104C5000C1E900230949C1E90023094B00221A6078
:104C6000084B1C8009F0F0FE10BD00BF682B00202F
:104C7000602B0020582B0020502B0020482B0020B8
:104C8000402B00203E2B0020002862D02DE9F04D63
:104C90002DED068B0C46804600295CD009F0B2FE53
:104CA0002F4B93ED008B2F4BD3E900AB2E4B93EDA5
:104CB00000AB2E4B93ED009B2D4B1D682D4B1E889A
:104CC0002D4B00221A7009F0BFFE002D45D0012E99
:104CD0001CD02846FBF7F6FB06460F4602460B465D
:104CE00051EC180BFBF792FDFBF73EFFC8F80000F4
:104CF00032463B4650465946FBF788FDFBF734FFEA
:104D000020600120BDEC068BBDE8F08D2846FBF746
:104D1000D9FB06460F4602460B4651EC1A0BFBF731
:104D200075FDFBF721FF00EE100A0CF04DFF88ED3A
:104D3000000A32463B4651EC190BFBF767FDFBF7C7
:104D400013FF00EE100A0CF03FFF84ED000A012073
:104D5000D8E7002070470020D4E70020D2E700BF4A
:104D6000602B0020582B0020502B0020482B0020C7
:104D7000402B00203E2B0020682B002038B5054634
:104D80000C4609F03FFE15B1044B1B782B7014B193
:104D9000034B1B68236009F057FE38BD682B0020C9
:104DA000402B0020002800F0E780F0B52DED048BAB
:104DB000A7B00C460546002900F0D28009F022FE7B
:104DC0006E4F1AAEBC46BCE80F000FC6BCE80F0021
:104DD0000FC69CE80F0086E80F00302200213846FD
:104DE0000AF0B2FE09F030FE286830B16B6823B1DA
:104DF000022109F061FA002847D0682200216846A4
:104E00000AF0A2FEDDED159ADDED168A5C4B1B78EB
:104E1000002B43D12398002800F0A680FBF752FB1B
:104E200006460F4602460B46DDE91A01FBF7EEFC8B
:104E3000FBF79AFE08EE100A32463B46DDE91C01FC
:104E4000FBF7E4FCFBF790FE00EE100ABDF84030E3
:104E5000012B27D132463B46DDE91E01FBF7D6FC8C
:104E6000FBF782FE00EE100A0CF0AEFEB0EE408AB8
:104E700032463B46DDE92001FBF7C8FCFBF774FE38
:104E800000EE100A0CF0A0FE0CE06822696868468B
:104E90000AF0D9FE286809F03EFAB3E7B0EE680AD6
:104EA000B0EE698A249E002E63D007EE906AF8EE79
:104EB000677A9DED227A87EE279A38EE698A314B20
:104EC000D3ED007A28EE278A30EE680AD3ED017A16
:104ED00020EE270A2C4BD3ED007A28EE278ADFED4F
:104EE0002B7AC8EE278A2A4B93ED007A20EE070A28
:104EF000C0EE279A29EE288ADFED267A28EE278A47
:104F000002F05AFD2060C4ED018AC4ED029A84EDDE
:104F1000039A84ED048ABDF860301B0403F48033E7
:104F2000BDF86220520402F400321343BDF864203D
:104F3000920402F480221343239A120292B2134382
:104F4000F6B233436361EA6852B11269120602F0A5
:104F5000706213436361EA68D26943EA0273636172
:104F600027B0BDEC048BF0BDB0EE680AB0EE698AE4
:104F700098E79FED099AA0E7704700BF702B0020CB
:104F80003C2B00200C000020382B002000007A442D
:104F9000342B00205077D63D00000000F2EE047A5A
:104FA00020EE270AF7EE007AB4EEE70AF1EE10FAE7
:104FB00008D4F6EE007A30EE270AFCEEC07A17EE3F
:104FC000900A7047B0EE670AF3E7000008B509F0F1
:104FD00019FD4FF4B46200210A480AF0B5FD002122
:104FE000094B1960094B1960094B00221A60094BE3
:104FF00019604FF4346208480AF0A6FD09F024FD58
:1050000008BD00BFF0360020EC360020E836002056
:10501000E4360020E0360020A02B002010B52DED56
:10502000028BB0EE408A044609F0ECFC384B1B685A
:10503000B3F5B47F57D2374A1168374A02EB810281
:1050400082ED008A354AD2ED007A77EE887AC2ED99
:10505000007A01332E4A13602E4A11680131CB08C1
:105060002F48A0FB03C39B084FF4B47C0CFB131325
:105070001360E208A0FB020292082A4BA3FB021372
:10508000DB09C3EB0313A2EB031303EB4300264935
:1050900001EB80018968914207D0234901EB80012F
:1050A00000200860002088808A6003EB43011E4ACC
:1050B00002EB8102D2ED007A77EE887AC2ED007AB7
:1050C00092884FF6FF718A4206D003EB43031649DC
:1050D00001EB830301329A80144B1C6009F0B4FC8D
:1050E000BDEC028B10BD0B4B1A680B4B03EB82031C
:1050F00093ED007A094AD2ED007A77EEC77AC2EDD5
:10510000007A83ED008A77EE887AC2ED007AA3E711
:10511000E8360020EC360020F0360020E43600208F
:10512000176CC11689888888A02B0020E0360020E3
:1051300070B52DED028B0646DFED327AB4EEE70A4C
:10514000F1EE10FA09D4F3EE087AB4EEE70AF1EEC4
:1051500010FA04DDB3EE080A01E09FED2A0AFFF71A
:105160001DFF044618B1F02802D9F02400E0012404
:1051700009F048FC244B93ED008ADFED247A38EEE9
:10518000278A234B1D68234B1B684FEAD30C224B05
:10519000A3FB0C3C4FEA9C0C012200E0013294423C
:1051A0001BD9ACEB02011D4BA3FB0103DB09C3EBD5
:1051B0000313A1EB031303EB430E194800EB8E001E
:1051C00080688842EAD1164901EB8E00D0ED007A62
:1051D00038EE278A83881D44E0E709F035FC5DB18D
:1051E0000EB10123337007EE905AF8EE677A88EE1D
:1051F000270ABDEC028B70BD0EB1002333709FED0A
:10520000030AF6E7CDCCCC3DE436002000000000D8
:10521000E8360020E0360020176CC116898888889F
:10522000A02B0020F0B100B586464FF0000C4FF0E7
:10523000FF320DE052080133DBB2072B06D812F023
:10524000010FF7D0084880EA5202F4E70CF1010C94
:105250008C4504D21EF80C305A400023EDE7D043B1
:105260005DF804FB002070472083B8ED002824D0AF
:10527000002922D0C2690A60026A4A60426A8A60D2
:10528000826ACA60C26A0A61026B4A61828E0A83BC
:10529000C28E4A83826BCA61C26B0A62B0F8402038
:1052A0008A84426C8A62826CCA62C26C0A63026D32
:1052B0004A63426D8A63836DCB637047002824D0B4
:1052C000002922D00A68C2614A6802628A68426282
:1052D000CA6882620A69C2624A6902630A8B82866C
:1052E0004A8BC286CA6982630A6AC2638A8CA0F842
:1052F00040208A6A4264CA6A82640A6BC2644A6B4A
:1053000002658A6B4265CA6B82657047002837D098
:1053100070B504461B4B1A681B4B9A4207D1194BB8
:105320005B68012B03D1174B9B68402B03D00020F7
:10533000164B187070BD40211548FFF773FF114BD5
:10534000DB68834203D00020104B1870F2E7104D49
:1053500029462046FFF7B2FF0E4E2C460FCC0FC653
:105360000FCC0FC60FCC0FC694E80F0086E80F00D5
:105370000124064B1C7008480AF0A6FA2046D9E71B
:105380000020704700000E0850435053903C00200E
:1053900010000E08943C0020AC2E010870B5AAB095
:1053A00000230093002800F0818006A9FFF75EFF2C
:1053B000414B1B7833B14022404906A80AF09AFBC2
:1053C000002877D05022FF2116A80AF0BDFB3C4BE5
:1053D000169301231793402518951AAC0DF1180C5C
:1053E000BCE80F000FC4BCE80F000FC4BCE80F00FE
:1053F0000FC49CE80F0084E80F0029461AA8FFF7A5
:1054000011FF199001F09AFD044678B90023019329
:105410000B2303930123049302230593694601A8F8
:1054200001F084FE064638B900240FE00146254805
:105430000AF0DAF900263AE001F098FD009A3146C8
:1054400021480AF0D1F9264631E001344F2C18D812
:10545000002004F1A8030DEB030212F8502C0346C0
:1054600004F1006101F5602101F0BAFD0546002854
:10547000EBD001F07BFD2246294614480AF0B4F92E
:1054800015E001F073FD0D4C06AD0FCD0FC40FCD2F
:105490000FC40FCD0FC495E80F0084E80F0001265C
:1054A000054B1E700A480AF00FFA00E0002630464D
:1054B0002AB070BD0126FAE7903C0020943C002001
:1054C00050435053D42E0108FC2E0108302F010800
:1054D000642F010808B572B601480AF0F5F9FEE735
:1054E0008C2F010808B572B619B103480AF07CF98F
:1054F000FEE70249F9E700BFA42F0108B82301081D
:10550000FEE7FEE7FEE7FEE7FEE7704708B502208C
:1055100001F052FF08BD000008B5024802F0CEF8C5
:1055200008BD00BF181E002008B5024802F0C6F8EA
:1055300008BD00BFB81D002008B5024802F0BEF843
:1055400008BD00BFD81E002008B5024802F0B6F81A
:1055500008BD00BF781E002008B5024804F03CFCDE
:1055600008BD00BFD020002008B5024804F034FC7C
:1055700008BD00BF8820002008B5024804F02CFCBC
:1055800008BD00BF4020002008B5024800F038FEEA
:1055900008BD00BFD43C002008B5024802F08EF8D8
:1055A00008BD00BF981F002008B5024802F086F829
:1055B00008BD00BFC021002008B5024802F07EF8F7
:1055C00008BD00BF6021002008B5024802F076F84F
:1055D00008BD00BF381F002008B500F085FB08BDDE
:1055E00008B5024804F0F8FB08BD00BFF81F002012
:1055F00000B583B0002200920D4B596C41F48041FC
:105600005964596C01F48041009100990192196C20
:1056100041F0805119641B6C03F080530193019B8E
:105620000F216FF0010002F08DF903B05DF804FB6B
:105630000038024030B589B00023039304930593EA
:1056400006930793026803F1804303F590339A426F
:1056500001D009B030BD04460025019503F58C3317
:105660005A6C42F480725A645A6C02F4807201924D
:10567000019A02951A6B42F004021A631B6B03F045
:1056800004030293029B042303930323049303A9BB
:105690000F4801F095FD0F480F4B03604560856092
:1056A000C56005614FF4805343614FF480438361CB
:1056B0004FF48073C3610562456201F007FF18B9BA
:1056C000044BA3639C63C4E7FBF7B2FFF8E700BF9A
:1056D00000080240D0220020106402402DE9F0436F
:1056E00089B00023039304930593069307930268FC
:1056F0004A4B9A4202D009B0BDE8F0830446002527
:10570000009503F586335A6C42F400625A645A6C71
:1057100002F400620092009A01951A6B42F00402B2
:105720001A631A6B02F004020192019A02951A6B35
:1057300042F008021A631B6B03F008030293029BFA
:105740004FF4F85303934FF00209CDF8109003265D
:1057500006964FF00C08CDF81C800DEB0801304880
:1057600001F02EFD04270397CDF8109005950696BD
:10577000CDF81C800DEB08012A4801F021FD2A48D4
:105780002A4B03604FF0006343608560C5604FF4AF
:10579000806303614FF4805343614FF4804383611E
:1057A0002023C3610562476286624FF40003C3622F
:1057B0004FF40013036301F089FE48BB1A4B2364C6
:1057C0009C631B481B4B03604FF000634360402306
:1057D00083600023C3604FF4806202614FF4805203
:1057E00042614FF4804282612022C261036204233D
:1057F0004362032383624FF40003C3624FF4001338
:10580000036301F063FE30B9094BE3639C6372E705
:10581000FBF70EFFD2E7FBF70BFFF5E7002C01408B
:1058200000080240000C0240C021002058640240E1
:1058300060210020A064024000B589B000230393DA
:1058400004930593069307930268134B9A4202D080
:1058500009B05DF804FB0021019103F50B331A6CCC
:1058600042F008021A641A6C02F008020192019ACE
:1058700002911A6B42F001021A631B6B03F00103E1
:105880000293029B0123039302230493079303A92A
:10589000024801F095FCDBE7000C004000000240EC
:1058A00000B585B00023009301930293039302682F
:1058B0000B4B9A4202D005B05DF804FB0223009323
:1058C0004FF400730393684601F0FCF920B9054BCF
:1058D0000122C3F83C2EEEE7FBF7AAFEF7E700BF74
:1058E000002800400000474230B58FB00446002336
:1058F00009930A930B930C930D9303689A4A93426E
:105900000CD09A4A93426BD0994A934200F0C980D6
:10591000984A934200F04E810FB030BD00250195AA
:10592000954B5A6C42F010025A645A6C02F0100205
:105930000192019A02951A6B42F001021A631B6BE5
:1059400003F001030293029B4FF4C0630993022307
:105950000A9303230C9307230D9309A9874801F0A9
:105960002FFC8748874B03604FF0006343608560DE
:10597000C5604FF480630361456185614FF48073B6
:10598000C3610562456201F0A1FD18BB7C4BE36376
:105990009C637D487D4B03604FF000634360402370
:1059A00083600023C3604FF48062026143618361BE
:1059B000C3610362436201F089FD70B9724BA36356
:1059C0009C6300220521252001F0BCFF252001F069
:1059D000C9FFA1E7FBF72CFED8E7FBF729FEEDE7AF
:1059E00000250395644B1A6C42F400321A641A6C59
:1059F00002F400320392039A04951A6B42F00102FA
:105A00001A631B6B03F001030493049B0C2309939B
:105A100002230A9303230C9307230D9309A95748E4
:105A200001F0CEFB5A485B4B03604FF000634360CC
:105A30008560C5604FF480630361456185614FF403
:105A40008073C3610562456201F040FD18BB504B95
:105A5000E3639C635048514B03604FF00063436025
:105A6000402383600023C3604FF48062026143617E
:105A70008361C3610362436201F028FD70B9464B44
:105A8000A3639C6300220521262001F05BFF2620F2
:105A900001F068FF40E7FBF7CBFDD8E7FBF7C8FD57
:105AA000EDE700250595344B1A6C42F480221A6408
:105AB0001A6C02F480220592059A06951A6B42F040
:105AC00002021A631B6B03F002030693069B4FF45A
:105AD0004063099302230A9303230C9307230D9336
:105AE00009A92F4801F06CFB2E482F4B03604FF0A3
:105AF000006343608560C5604FF480630361456166
:105B000085614FF48073C3610562456201F0DEFC7C
:105B100018BB244BE3639C632448254B03604FF080
:105B200000634360402383600023C3604FF48062BE
:105B3000026143618361C3610362436201F0C6FC99
:105B400070B91A4BA3639C6300220521272001F042
:105B5000F9FE272001F006FFDEE6FBF769FDD8E736
:105B6000FBF766FDEDE700BF001001400044004078
:105B7000004800400014014000380240000002408C
:105B8000981F002040640240381F0020B864024083
:105B9000D81E002088600240781E0020A0600240CD
:105BA00000040240181E002028600240B81D00209A
:105BB0005860024000240794144B5A6C42F02002B3
:105BC0005A645A6C02F020020792079A08941A6BE2
:105BD00042F004021A631B6B03F004030893089B52
:105BE000C023099302230A9303230C9308230D93E4
:105BF00009A9074801F0E4FA22460521472001F0EF
:105C0000A1FE472001F0AEFE86E600BF003802404C
:105C10000008024030B589B0044600230193214BAF
:105C20001A6C42F010021A641B6C03F0100301930B
:105C3000019B02A903A801F027F8069BCBB901F04C
:105C400003F80346184AA2FB03239B0C013B1748A9
:105C5000174A026040F2E732C260436000230361EA
:105C60008360836100F0E4FB054630B1284609B04B
:105C700030BD00F0E9FF4300E4E70C4800F078FA9B
:105C800005460028F2D1362001F06CFE0F2C01D918
:105C90000125EBE700222146362001F053FE054B9B
:105CA0001C60E3E70038024083DE1B43D43C002045
:105CB000001000403C00002008B513460A4601468B
:105CC000024803F025F800B1012008BD2022002081
:105CD00008B513460A460146024803F0B5F800B17C
:105CE000012008BD2022002008B5024803F038FC3E
:105CF00008BD00BF2022002008B5034803F0A6FB22
:105D0000043818BF012008BD2022002008B5014634
:105D1000014803F028FB08BD20220020704708B589
:105D2000FFF7FCFF08BD08B500F046F908BD08B54F
:105D300000F054F908BD82B001238DF807309DF8BA
:105D4000070002B07047000070B5FFF7F4FF0128AC
:105D500005D0184809F0B8FD0125284670BD044655
:105D6000154803F0E5FA0546A8B94FF4006112485A
:105D700003F00CFB0028F0D00F4E304603F005F97D
:105D80000546304603F0FEF8024629460B4809F066
:105D90002BFD2546E1E7084E304603F0F6F80446B1
:105DA000304603F0EFF802462146054809F01CFD95
:105DB000D3E700BFC02F01082022002010300108C7
:105DC000DC2F010808B5074B01221A70FFF794FF7A
:105DD00020B9044A137803F0FE031370014B1878BE
:105DE00008BD00BF1400002010B50446164B012268
:105DF0001A7008F00DF9022802D0134B187810BD64
:105E0000FFF7A2FF88B1104B1B78DBB2012BF4D057
:105E10000E4B1B687BB10D4B1B68002BEDD10A4A62
:105E2000137843F001031370E7E72046FFF7CAFF3A
:105E3000054B1870E7E7002202210A2008F061FBF9
:105E4000024B1860E7E700BF140000201C3D002053
:105E500008B5FFF7B7FF08BD38B5054608F006F9E5
:105E6000044608F003F9001BA84205D2FFF744FFDF
:105E70000028F6D1002001E04FF0FF3038BD0000CF
:105E800070B582B00C4615461E463220FFF7E4FF7F
:105E9000002825DB324629462046FFF70DFF08B1D2
:105EA00001201EE0322300220DF106010F48006898
:105EB00008F0B4FBB8B9BDF80630012B01D00120C1
:105EC0000FE008F0D3F8044608F0D0F8001B3128A2
:105ED00004D8FFF711FF0028F6D102E0012000E00E
:105EE000012002B070BD0120FBE700BF1C3D002077
:105EF00070B582B00C4615461E463220FFF7ACFF47
:105F0000002825DB324629462046FFF7E1FE08B18E
:105F100001201EE0322300220DF106010F48006827
:105F200008F07CFBB8B9BDF80630022B01D0012087
:105F30000FE008F09BF8044608F098F8001B3128A1
:105F400004D8FFF7D9FE0028F6D102E0012000E0D6
:105F5000012002B070BD0120FBE700BF1C3D002006
:105F600030B589B0134B187810F001041BD11546D9
:105F700003291CD8DFE801F002040A100C4613E0E4
:105F80006846FFF7C3FE069B2B600DE06846FFF7EF
:105F9000BDFE079B2B8007E06846FFF7B7FE079B17
:105FA0005B0A2B6000E00324204609B030BD0424C6
:105FB000FAE700BF1400002000B583B00223ADF85B
:105FC000063000231A460DF106010348006808F068
:105FD000E3FA03B05DF804FB1C3D002000B583B07C
:105FE0000123ADF8063000231A460DF106010348DF
:105FF000006808F0D1FA03B05DF804FB1C3D0020F6
:1060000008B50349034806F015F8034B187008BD9E
:10601000583F0020F03301085C3F002000B587B0F6
:10602000002201A91E4802F018F918B1002007B09B
:106030005DF804FB00226946194802F034F968BB98
:106040009DF8033003F5FA6340F2BB72934201D826
:1060500040F2BC739DF8012012B901228DF8012095
:106060009DF8022012B901228DF80220A3F2BC7320
:106070009DF80100400540EA43609DF8023040EA87
:1060800003409DF8043040EAC3209DF8053040EA03
:1060900043109DF8063040EA5300C8E70020C6E7E9
:1060A000A422002010B4036A046A24F001040462EC
:1060B000846924F0F00C4CEA021223F00A030B432B
:1060C000826103625DF8044B704710B4036A046A8E
:1060D00024F010040462846924F4704C4CEA023207
:1060E00023F0A00343EA0113826103625DF8044BCD
:1060F0007047000090F83D30DBB2012B32D1022313
:1061000080F83D300368194A934220D0B3F1804FA4
:106110001DD0A2F57C42934219D002F580629342D1
:1061200015D002F58062934211D002F57842934275
:106130000DD002F57052934209D0A2F594329342E9
:1061400005D01A6842F001021A60002070479A6870
:1061500002F00702062A07D01A6842F001021A600C
:106160000020704701207047002070470000014068
:1061700090F83D30DBB2012B37D1022380F83D305F
:106180000268D36843F00103D3600368194A93425D
:1061900020D0B3F1804F1DD0A2F57C42934219D09C
:1061A00002F58062934215D002F58062934211D0CD
:1061B00002F5784293420DD002F57052934209D015
:1061C000A2F59432934205D01A6842F001021A6097
:1061D000002070479A6802F00702062A07D01A6862
:1061E00042F001021A600020704701207047002031
:1061F000704700BF0000014070477047704770470C
:1062000070B504460368DE681D6915F0020F10D0F2
:1062100016F0020F0DD06FF002021A61012303770E
:1062200003689B6913F0030F5ED0FFF7E6FF0023BE
:10623000237715F0040F12D016F0040F0FD0236847
:106240006FF004021A610223237723689B6913F419
:10625000407F4FD02046FFF7D0FF0023237715F073
:10626000080F12D016F0080F0FD023686FF0080245
:106270001A61042323772368DB6913F0030F40D0EE
:106280002046FFF7BAFF0023237715F0100F12D036
:1062900016F0100F0FD023686FF010021A61082358
:1062A00023772368DB6913F4407F31D02046FFF762
:1062B000A4FF0023237715F0010F02D016F0010F81
:1062C0002DD115F0800F02D016F0800F2FD115F0D0
:1062D000400F02D016F0400F31D115F0200F02D040
:1062E00016F0200F33D170BDFFF786FF2046FFF771
:1062F00085FF9CE72046FFF77FFF2046FFF77EFFE4
:10630000ABE72046FFF778FF2046FFF777FFBAE7B5
:106310002046FFF771FF2046FFF770FFC9E72368AB
:106320006FF001021A612046FBF776F9C9E723688E
:106330006FF080021A61204600F07FF9C7E72368FA
:106340006FF040021A612046FFF759FFC5E7236846
:106350006FF020021A61204600F06EF9C3E70000DA
:106360000368324A904212D0B0F1804F0FD0A2F5AC
:106370007C4290420BD002F58062904207D002F539
:106380008062904203D002F57842904203D123F01C
:1063900070034A681343254A90422AD0B0F1804FD7
:1063A00027D0A2F57C42904223D002F58062904231
:1063B0001FD002F5806290421BD002F578429042D5
:1063C00017D002F57052904213D002F580629042CD
:1063D0000FD002F5806290420BD0A2F59832904225
:1063E00007D002F58062904203D002F580629042AD
:1063F00003D123F44073CA68134323F080034A692E
:1064000013438A68C2620A688262084A904203D0D3
:1064100002F58062904201D10A690263026842F08B
:1064200004020260012242610360704700000140E3
:1064300040B310B5044690F83D30F3B1022384F820
:106440003D30214651F8040BFFF78AFF012384F801
:10645000463084F83E3084F83F3084F8403084F889
:10646000413084F8423084F8433084F8443084F872
:10647000453084F83D30002010BD80F83C30FFF7F7
:10648000DBF9DBE70120704710B4846824F47F4C0B
:1064900042EA03220A4342EA0C0282605DF8044B9E
:1064A000704710B50468A26822F070024B6813436D
:1064B00023F007030A681A43A2604B68502B30D0C0
:1064C0000BD9602B34D0702B43D10B698A68C96813
:1064D0000068FFF7D9FF002010BD402B0CD02ED84C
:1064E000202B2ED004D873B3102B2ED10020F3E72D
:1064F000302B2CD10020EFE70B68052B2BD0036845
:106500001C6A1A6A22F001021A620268936923F077
:10651000F003096943EA0113936103681C620020D8
:10652000DAE70A6989680068FFF7BCFD0020D3E755
:106530000A6989680068FFF7C8FD0020CCE70120E0
:10654000CAE70020C8E70020C6E70120C4E7012011
:10655000C2E70120C0E70120BEE790F83C30012BE4
:1065600022D010B50446012380F83C30022380F885
:106570003D30FFF796FF80B92268D36823F04003CF
:10658000D3602268D36823F48043D360012384F866
:106590003D30002384F83C3010BD012084F83D00DC
:1065A000002384F83C30F7E70220704790F83C2045
:1065B000012A3DD010B40346012280F83C2002227B
:1065C00080F83D2002685068946820F0700C0868DC
:1065D00040EA0C0050601A68164882421AD0B2F1A4
:1065E000804F17D0A0F57C40824213D000F5806028
:1065F00082420FD000F5806082420BD000F57840D7
:10660000824207D000F57050824203D0A0F594304A
:10661000824204D124F08004496821439160012220
:1066200083F83D20002083F83C005DF8044B704760
:10663000022070470000014070477047002800F0BA
:10664000E08170B582B00446036813F0010F3BD0BF
:106650009F4B9B6803F00C03042B2CD09C4B9B6836
:1066600003F00C03082B21D06368B3F5803F4FD0B3
:10667000B3F5A02F52D0964B1A6822F480321A60DC
:106680001A6822F480221A606368002B50D001F04F
:1066900093F905468E4B1B6813F4003F14D101F0AB
:1066A0008BF9401B6428F5D90320B1E1884B5B6866
:1066B00013F4800FD8D0864B1B6813F4003F03D02F
:1066C0006368002B00F09F81236813F0020F54D001
:1066D0007F4B9B6813F00C0F3ED07D4B9B6803F003
:1066E0000C03082B33D0E368002B68D0794B0122D0
:1066F0001A6001F061F90546754B1B6813F0020F33
:1067000054D101F059F9401B0228F5D903207FE14B
:106710006F4A136843F480331360B5E76C4B1A6813
:1067200042F480221A601A6842F480321A60ABE7A1
:1067300001F042F90546664B1B6813F4003FC3D0D5
:1067400001F03AF9401B6428F5D9032060E1604B61
:106750005B6813F4800FC6D15D4B1B6813F0020F0A
:1067600003D0E368012B40F05081594A136823F0AD
:10677000F803216943EAC1031360236813F0080F8B
:1067800042D063696BB3534B0122C3F8802E01F0F2
:1067900013F905464E4B5B6F13F0020F34D101F035
:1067A0000BF9401B0228F5D9032031E1484A136850
:1067B00023F0F803216943EAC1031360DDE7454B89
:1067C00000221A6001F0F8F80546414B1B6813F0EF
:1067D000020FD2D001F0F0F8401B0228F5D90320B7
:1067E00016E13C4B0022C3F8802E01F0E5F8054687
:1067F000374B5B6F13F0020F06D001F0DDF8401B42
:106800000228F5D9032003E1236813F0040F77D0A1
:106810002F4B1B6C13F0805F33D1002301932C4B63
:106820001A6C42F080521A641B6C03F0805301937F
:10683000019B0125284B1B6813F4807F23D0A3689C
:10684000012B34D0052B38D0214B1A6F22F00102D6
:106850001A671A6F22F004021A67A368002B3DD052
:1068600001F0AAF806461A4B1B6F13F0020F46D12F
:1068700001F0A2F8801B41F288339842F3D903203B
:10688000C6E00025D6E7144A136843F4807313600A
:1068900001F092F80646104B1B6813F4807FCED1AE
:1068A00001F08AF8801B0228F5D90320B0E0084ADD
:1068B000136F43F001031367CFE7054B1A6F42F0E4
:1068C00004021A671A6F42F001021A67C5E700BF97
:1068D00000380240000047420070004001F06CF8B0
:1068E0000646524B1B6F13F0020F08D001F064F8FC
:1068F000801B41F288339842F3D9032088E0EDB938
:10690000A369002B00F08380484A926802F00C02D1
:10691000082A51D0022B17D0454B00221A6601F0ED
:106920004BF80446414B1B6813F0007F42D001F046
:1069300043F8001B0228F5D9032069E03B4A136C99
:1069400023F080531364DBE7394B00221A6601F011
:1069500033F80546354B1B6813F0007F06D001F075
:106960002BF8401B0228F5D9032051E0E369226A85
:106970001343626A43EA8213A26A5208013A43EA65
:106980000243E26A43EA0263284A5360284B012229
:106990001A6601F011F80446244B1B6813F0007FBF
:1069A00006D101F009F8001B0228F5D903202FE0D9
:1069B00000202DE000202BE0012B2BD01B4B5B682F
:1069C00003F48001E269914226D103F03F02216A7B
:1069D0008A4223D1616A47F6C0721A40B2EB811F26
:1069E0001ED103F44031A26A5208013AB1EB024FC2
:1069F00018D103F07063E26AB3EB026F14D1002088
:106A000006E001207047012002E0012000E00020A4
:106A100002B070BD0120FBE70120F9E70120F7E794
:106A20000120F5E70120F3E70120F1E700380240FB
:106A30000000474208B5264B9B6803F00C03042B6B
:106A400041D0082B41D1224B5A6802F03F025B68CB
:106A500013F4800F12D01E4B5968C1F388111D48E2
:106A60000023A1FB0001FAF7CFF8194B5B68C3F3D1
:106A7000014301335B00B0FBF3F008BD144B5868D1
:106A8000C0F388104FEA401CBCEB000C6EEB0E0EFE
:106A90004FEA8E1343EA9C634FEA8C11B1EB0C0171
:106AA00063EB0E03DB0043EA5173C90011EB000CEA
:106AB00043F10003990200234FEA8C2041EA9C51E4
:106AC000FAF7A2F8D1E70348D7E70348D5E700BFB4
:106AD0000038024040787D010024F400002800F0D6
:106AE0009B8070B50D4604464F4B1B6803F00703AF
:106AF0008B4208D2CBB24C4A1370136803F00703E1
:106B00008B4240F08B80236813F0020F17D013F0F4
:106B1000040F04D0454A936843F4E053936023681C
:106B200013F0080F04D0414A936843F46043936024
:106B30003E4A936823F0F003A1680B4393602368F7
:106B400013F0010F32D06368012B21D09A1E012A65
:106B500025D9364A126812F0020F61D033498A688B
:106B600022F0030213438B6000F026FF06462F4BF2
:106B70009B6803F00C036268B3EB820F16D000F041
:106B80001BFF801B41F288339842F0D9032042E07A
:106B9000264A126812F4003FE0D101203BE0234A6C
:106BA000126812F0007FD9D1012034E01E4B1B681F
:106BB00003F00703AB4207D9EAB21B4B1A701B68FC
:106BC00003F00703AB422DD1236813F0040F06D066
:106BD000164A936823F4E053E1680B4393602368FB
:106BE00013F0080F07D0114A936823F4604321691A
:106BF00043EAC1039360FFF71DFF0C4B9B68C3F38F
:106C000003130B4AD35CD8400A4B18600A4B186830
:106C1000FFF700F8002070BD012070470120FAE75F
:106C20000120F8E70120F6E7003C0240003802406E
:106C300014340108400000203C000020014B18687B
:106C4000704700BF4000002008B5FFF7F7FF044B76
:106C50009B68C3F38223034AD35CD84008BD00BFBE
:106C6000003802400C34010808B5FFF7E7FF044B79
:106C70009B68C3F34233034AD35CD84008BD00BFCE
:106C8000003802400C3401080F2303600B4B9A6854
:106C900002F0030242609A6802F0F00282609A6891
:106CA00002F4E052C2609B68DB0803F4E053036126
:106CB000034B1B6803F007030B607047003802406A
:106CC000003C024030B583B00446036813F0050F62
:106CD00006D1236813F0020F2ED1002003B030BD7F
:106CE0004A4B00229A6600F067FE0546484B1B6837
:106CF00013F0006F06D000F05FFE431B022BF5D9A6
:106D00000320EBE76268A3681B0743EA8213404A4B
:106D1000C2F884303D4B01229A6600F04DFE0546D4
:106D20003B4B1B6813F0006FD3D100F045FE431BB3
:106D3000022BF5D90320D1E700230193344B1A6CC1
:106D400042F080521A641B6C03F080530193019B44
:106D5000304A136843F48073136000F02DFE05463B
:106D60002C4B1B6813F4807F06D100F025FE431BDB
:106D7000022BF5D90320B1E7254B1B6F13F44073A9
:106D800014D0E26802F440729A420FD0204B1A6F7E
:106D900022F440721D490120C1F8400E0020C1F8C4
:106DA000400E1A671B6F13F0010F13D1E36803F451
:106DB0004072B2F5407F1ED0154A936823F4F81351
:106DC000936013490B6FE268C2F30B0213430B6726
:106DD000002083E700F0F0FD05460D4B1B6F13F01C
:106DE000020FE3D100F0E8FD401B41F288339842E6
:106DF000F3D9032072E706498A6822F4F81223F0D7
:106E0000704323F4407313438B60DAE7000047427A
:106E1000003802400070004010B40A490C6924F4A4
:106E200040740C610C6944F440740C610C6944F0CA
:106E300001040C610260BFF36F8F43605DF8044B87
:106E4000704700BF003C0240074B1A6922F44072B1
:106E50001A611A6942F400721A611A6942F0010259
:106E60001A610160704700BF003C0240074B1A697D
:106E700022F440721A611A6942F480721A611A6926
:106E800042F001021A610180704700BF003C0240DD
:106E9000064B1A6922F440721A611A691A611A695A
:106EA00042F001021A610170704700BF003C0240CD
:106EB000204BDB6813F0100F07D01F4AD36943F053
:106EC0001003D3611B4B1022DA601A4BDB6813F0FE
:106ED000200F07D0184AD36943F00803D361154B3C
:106EE0002022DA60134BDB6813F0400F07D0124A00
:106EF000D36943F00403D3610E4B4022DA600D4B9B
:106F0000DB6813F0800F07D00B4AD36943F002030C
:106F1000D361084B8022DA60064BDB6813F0020F66
:106F200007D0054AD36943F02003D361014B022205
:106F3000DA607047003C024018000020094B1B69D2
:106F4000002B01DB00207047064B074A5A6002F114
:106F500088325A601B69002B01DB0020704701203A
:106F6000704700BF003C024023016745034A136994
:106F700043F0004313610020704700BF003C024013
:106F800038B50446144B0022DA6100F015FD0546C1
:106F9000124BDB6813F4803F0AD0B4F1FF3FF7D007
:106FA00024B100F009FD401BA042F1D903200DE0FF
:106FB0000A4BDB6813F0010F02D0084B0122DA60A4
:106FC000064BDB6813F0F20F01D1002038BDFFF74C
:106FD0006FFF0120FAE700BF18000020003C0240CC
:106FE000F8B516461B4A127E012A30D004460D46DB
:106FF0001F46184B01221A764CF25030FFF7C0FFA3
:1070000090B9ACB1012C18D0022C1BD032463B46B3
:107010002846FFF701FF4CF25030FFF7B1FF0E4A50
:10702000136923F0010313610A4B00221A76F8BD9D
:10703000F1B22846FFF72CFFEDE7B1B22846FFF783
:1070400015FFE8E731462846FFF7FEFEE3E702209A
:10705000EDE700BF18000020003C0240074B1A6912
:1070600022F440721A611A6942F004021A611A6924
:1070700042EA002242F480321A617047003C02402A
:10708000012905D0022906D039B14FF4407104E03E
:107090004FF4807101E04FF400710B4B1A6922F438
:1070A00040721A611A690A431A611A6922F0780259
:1070B0001A611A6942EAC00040F0020018611A69B8
:1070C00042F480321A617047003C0240164B1B6844
:1070D00013F4007F10D0144B1A6822F400721A6067
:1070E0001A6842F400621A601A6822F400621A6098
:1070F0001A6842F400721A600B4B1B6813F4806F1D
:1071000010D0094B1A6822F480621A601A6842F49F
:1071100080521A601A6822F480521A601A6842F487
:1071200080621A60704700BF003C0240F8B5224BF5
:107130001B7E012B3ED004460E461F4B01221A76C1
:107140004CF25030FFF71CFF074670BB4FF0FF3387
:1071500033602368012B16D0A568E368A268134446
:10716000AB4220D9217C2846FFF78AFF4CF25030F1
:10717000FFF706FF114A136923F07A0313610746EC
:1071800080B90135E9E76168207CFFF767FF4CF2C1
:107190005030FFF7F5FE0746084A136923F0040351
:1071A000136100E03560FFF791FF034B00221A7670
:1071B0003846F8BD0227FBE718000020003C0240DB
:1071C00000230F2B00F2E98070B582B065E085687E
:1071D0004FEA430E032404FA0EF425EA0405CC68B2
:1071E00004FA0EF42C438460446824EA02044A68DA
:1071F000C2F300129A40224342605CE0DC0808348B
:1072000050F8242003F00705AD004FF00F0E0EFAE2
:1072100005FE22EA0E0E0A69AA4042EA0E0240F872
:1072200024205CE0072200E0002202FA0EF22A434A
:1072300002345A4D45F82420594A94686FEA0C02EA
:1072400024EA0C054E6816F4801F01D04CEA0405B0
:10725000534CA560E46802EA04054E6816F4001F6A
:1072600001D04CEA04054E4CE560646802EA04056E
:107270004E6816F4003F01D04CEA0405484C6560A6
:10728000246822404D6815F4803F01D04CEA040286
:10729000434C226001330F2B7DD801229A400C68A9
:1072A00004EA020C32EA0404F4D14C6804F003044A
:1072B000013C012C8BD94A6802F00302032A09D051
:1072C000C4685D000322AA4024EA02048A68AA4036
:1072D0002243C2604A6802F00302022A8ED0046888
:1072E0004FEA430E032202FA0EF224EA02044A682D
:1072F00002F0030202FA0EF2224302604A6812F41C
:10730000403FC7D000220192264A546C44F4804486
:107310005464526C02F480420192019A9C08A51CAC
:107320001E4A52F8255003F0030E4FEA8E0E0F222C
:1073300002FA0EF225EA02051B4A90423FF474AFAE
:1073400002F5806290421AD002F58062904218D015
:1073500002F58062904216D002F58062904214D00D
:1073600002F58062904212D002F58062904210D005
:1073700002F5806290423FF455AF082255E70122A2
:1073800053E7022251E703224FE704224DE705228B
:107390004BE7062249E702B070BD70470038014054
:1073A000003C014000380240000002400AB1816107
:1073B000704709048161704708B5054B5B6903425A
:1073C00000D108BD024B5861FAF70AF9F9E700BF8E
:1073D000003C014030B405682C6824F480242C6003
:1073E000046863608368402B05D003689960036874
:1073F000DA6030BC704703689A600368D960F8E7C8
:1074000010B40368D9B210390A4AA2FB014212092A
:10741000094CA25CC2655F2907D96FF309030433E5
:107420008365806D5DF8044B70476FF309038365D6
:10743000F7E700BFABAAAAAA04340108836A8269ED
:1074400092B9012B0AD0022B02D00BB10020704759
:10745000C36A13F0807F28D100207047C36AB3F15C
:10746000C07F24D000207047B2F5005F09D0022B06
:1074700025D9032B25D1C36A13F0807F23D10020A7
:107480007047032B03D8DFE803F01404140A00202C
:107490007047C36A13F0807F0DD100207047C36A24
:1074A000B3F1C07F09D00020704701207047012050
:1074B000704701207047012070470120704701206C
:1074C00070470020704701207047000070B50446E7
:1074D00000F072FA002C5BD00546022384F83530A8
:1074E000002384F834302268136823F0010313600A
:1074F00023681A6812F0010F0AD000F05DFA431BEE
:10750000052BF5D920236365032084F8350070BD71
:107510001A68204911406268A0680243E06802438B
:107520002069024360690243A0690243E0690243A3
:10753000206A02430A43616A04291ED01A60266841
:10754000756925F00705636A1D43042B07D1A36AFB
:107550001D43E36A1BB12046FFF770FF90B97561C8
:107560002046FFF74DFFE26D3F23934083600020EC
:107570006065012384F83530C9E7E16A206B014377
:107580000A43DBE740236365012084F83500BEE74A
:107590000120BCE73F8010F038B50446856D90F8B7
:1075A000340001282BD0012084F8340094F83500F1
:1075B000C0B2012804D0002384F83430022038BD42
:1075C000022084F83500002060652046FFF702FFA6
:1075D000E26D3F239340AB602268136843F01603CB
:1075E0001360236C23B12268136843F0080313600F
:1075F0002268136843F0010313600020DFE70220D4
:10760000DDE770B50446866D00F0D6F994F83530A4
:10761000DBB2022B06D080236365002384F834306C
:10762000012070BD05462268136823F0160313601D
:107630002268536923F080035361236CE3B122680D
:10764000136823F0080313602268136823F0010312
:10765000136023681B6813F0010F11D000F0ACF920
:10766000431B052BF5D920236365032084F83500DF
:10767000002384F83430D4E7A36C002BDFD1E3E798
:10768000E26D3F239340B360012384F8353000203E
:1076900084F83400C5E790F83530DBB2022B03D014
:1076A0008023436501207047052380F83530026848
:1076B000136823F00103136000207047F0B583B016
:1076C000044600230193724B1D68724BA3FB0535E2
:1076D000AD0A876D3E68C26D08239340334210D0D7
:1076E00003681A6812F0040F0BD01A6822F0040223
:1076F0001A60C26D08239340BB60436D43F00103E1
:107700004365E26D01239340334209D022685269F8
:1077100012F0800F04D0BB60636D43F00203636519
:10772000E26D04239340334209D02268126812F0BC
:10773000020F04D0BB60636D43F004036365E26D28
:1077400010239340334224D02268126812F0080FAD
:107750001FD0BB6023681A6812F4802F0DD01B68FD
:1077600013F4002F04D1236C9BB12046984710E0FE
:10777000A36C73B1204698470BE01A6812F4807F1F
:1077800003D11A6822F008021A60236C0BB120465C
:107790009847E26D20239340334255D02268126807
:1077A00012F0100F50D0BB6094F83530DBB2052BCF
:1077B0000ED023681A6812F4802F33D01B6813F49C
:1077C000002F2AD1636C002B3ED0204698473BE027
:1077D0002268136823F0160313602268536923F0AC
:1077E00080035361236CA3B12268136823F008035C
:1077F0001360E26D3F239340BB60012384F8353072
:10780000002384F83430236D002B3FD02046984766
:107810003CE0A36C002BE7D1EBE7E36BA3B1204680
:10782000984711E01A6812F4807F09D11A6822F093
:1078300010021A60012384F83530002384F83430B4
:10784000E36B0BB120469847636DFBB1636D13F09A
:10785000010F17D0052384F835302268136823F010
:1078600001031360019B01330193AB4204D82368E9
:107870001B6813F0010FF5D1012384F83530002384
:1078800084F83430E36C0BB12046984703B0F0BD68
:1078900040000020B5814E1B406D7047002807DB7B
:1078A00000F01F02400901239340024A42F82030B1
:1078B000704700BF00E100E0002808DB0901C9B201
:1078C00000F1604000F5614080F80013704700F05F
:1078D0000F000901C9B2014B1954704714ED00E0C3
:1078E00000B500F00700C0F1070CBCF1040F28BF81
:1078F0004FF0040C031D062B0FD9C31E4FF0FF3EA3
:107900000EFA0CF021EA000199400EFA03FE22EA79
:107910000E0241EA02005DF804FB0023EEE70000DE
:10792000074AD36823F4E0631B041B0C000200F435
:10793000E060034343F0BF6343F40033D360704718
:1079400000ED00E010B50446054BD868C0F30220F6
:10795000FFF7C6FF01462046FFF7AEFF10BD00BF90
:1079600000ED00E008B5FFF799FF08BD08B50B4B27
:107970001A6842F400721A601A6842F480621A604F
:107980001A6842F480721A600320FFF7C9FF0F20C3
:10799000FEF740F9FDF72CFE002008BD003C024038
:1079A000034A1168034B1B780B441360704700BFF8
:1079B000603F002038000020014B1868704700BF6E
:1079C000603F002038B50446FFF7F6FF0546B4F1E6
:1079D000FF3F02D0044B1B781C44FFF7EDFF401B18
:1079E000A042FAD338BD00BF380000204A4B5A6885
:1079F00022F440325A605A6841680A435A60026869
:107A0000536823F48073536002685368016943EA42
:107A1000012353600268536823F040735360026887
:107A2000536881680B4353600268936823F40063D2
:107A3000936002689368C1680B439360826A374B16
:107A40009A4257D00268936823F07063936002688B
:107A50009368816A0B4393600268936823F04053F4
:107A6000936002689368C16A0B43936002689368ED
:107A700023F00203936002689368017E43EA4103A6
:107A8000936090F82030002B3FD00268536843F495
:107A9000006353600268536823F4604353600168D5
:107AA0004B68426A013A43EA42334B600268D36A48
:107AB00023F47003D3620168CB6AC269013A43EAD6
:107AC0000253CB620268936823F4007393600268E8
:107AD000936890F8301043EA4123936002689368FA
:107AE00023F48063936002689368416943EA8123C9
:107AF000936070470268936823F070639360026834
:107B0000936823F040539360B0E70268536823F40E
:107B100000635360CAE700BF002301400100000F6B
:107B200038B310B50446036C43B1236C13F0100F47
:107B30000BD00120002384F83C3010BDFDF77AFD06
:107B40000023636484F83C30EFE7236C23F488530C
:107B500023F0020343F0020323642046FFF746FFAD
:107B600000206064236C23F0030343F001032364CB
:107B7000E0E701207047000010B582B013460022F4
:107B8000019290F83C20012A00F0A78004460122CF
:107B900080F83C200268906810F0010F13D19068C3
:107BA00040F0010090604E4A10684E4AA2FB00204F
:107BB000800C00EB4000019002E001980138019038
:107BC00001980028F9D12268906810F4807F03D0D2
:107BD000906820F4807090602268906810F0010F27
:107BE00070D0206C20F4E06020F0010040F4807040
:107BF0002064526812F4806F05D0226C22F4405247
:107C000042F480522264226C12F4805F3BD0626C9A
:107C100022F006026264002284F83C20A26B324803
:107C2000D063A26B31481064A26B3148D0642268E3
:107C30006FF0220010602068426842F0806242606B
:107C40002068826842F48072826020680A4600F1EF
:107C50004C01A06BFFF7A0FC264B5B6813F01F0FD5
:107C600023D12368244A934216D002F580729342AE
:107C70000CD0224A93422ED102F58072526812F043
:107C8000100F28D108E000226264C4E702F50072F8
:107C9000526812F01F0FECD19A6812F0405F1AD1AF
:107CA0009A6842F080429A6015E02368124A934233
:107CB00011D19A6812F0405F0DD19A6842F080426B
:107CC0009A6008E0236C43F010032364636C43F074
:107CD00001036364002002B010BD0220FBE700BF77
:107CE0004000002083DE1B43277D0008057D00083F
:107CF000117D0008002301400020014000220140C6
:107D00007047704708B5806BFFF7FBFF08BD7047F1
:107D100008B5806B40230364436C43F00403436461
:107D2000FFF7F5FF08BD08B50346806B026C12F043
:107D3000500F25D1036C43F40073036403689A6801
:107D400012F0405F19D1027EBAB9DA6A12F4700FEC
:107D500003D09A6812F4806F0FD15A6822F0200283
:107D60005A60036C23F480730364036C13F4805F24
:107D700003D1036C43F001030364FFF7C1FF08BDA7
:107D8000026C12F0100F04D1826BD26C184690472F
:107D9000F5E7FFF7BCFFF2E730B482B000220192B2
:107DA00090F83C20012A00F0B6800346012280F8BA
:107DB0003C200A68092A40D90468E06892B202EBC4
:107DC00042021E3A4FF0070C0CFA02F220EA0202BD
:107DD000E2601C68E0680A8802EB42021E3A8D6885
:107DE00005FA02F20243E2604A68062A3CD81C689F
:107DF000606B02EB8202053A4FF01F0C0CFA02F2A4
:107E000020EA020262631C68606B4A6802EB82022D
:107E1000053AB1F800C00CFA02F202436263186836
:107E20003E4A904250D018683C4A904255D00020BB
:107E300083F83C0002B030BC70470468206992B2FD
:107E400002EB42024FF0070C0CFA02F220EA0202A7
:107E500022611C6820690A8802EB42028D6805FADB
:107E600002F202432261BFE70C2A16D81D68286B74
:107E700002EB8202233A1F2404FA02F220EA0202F1
:107E80002A631D68286B4A6802EB8202233A0C8839
:107E900004FA02F202432A63C1E71D68E86A02EBB2
:107EA0008202413A1F2404FA02F220EA0202EA6244
:107EB0001D68E86A4A6802EB8202413A0C8804FABB
:107EC00002F20243EA62AAE70A68122AABD1144816
:107ED000426842F480024260A5E70A68103A012A2B
:107EE000A5D80F48426842F4000242600A68102A8E
:107EF0009DD10C4A12680C49A1FB0212920C02EBB4
:107F000082025200019202E0019A013A0192019A22
:107F1000002AF9D18BE702208CE700BF0020014046
:107F2000002301404000002083DE1B4350B338B5DE
:107F3000044603684CF6CC421A60036845F2555279
:107F40001A60036842685A60036882689A60FFF7A3
:107F500033FD05462368DA6812F0030F0DD0FFF7F2
:107F60002BFD401B41F601039842F3D92368DB68DF
:107F700013F0030FEED0032003E04AF6AA221A60A2
:107F8000002038BD0120704703684AF6AA221A6013
:107F90000020704738B5044603680A4ADA60FFF7E4
:107FA0000BFD05462368DB6813F0200F07D1FFF7B0
:107FB00003FD401BB0F57A7FF4D9032000E00020D8
:107FC00038BD00BF5F7F010070B50368DA6812F04A
:107FD000400F02D00025284670BD0446DA6842F002
:107FE0008002DA60FFF7E8FC064600252368DB68BC
:107FF00013F0400FEFD1002DEDD1FFF7DDFC831B17
:10800000B3F57A7FF2D9042363770125EEE702689E
:10801000D36823F08003D36003689B6813F0200FBC
:1080200001D00020704710B50446FFF7B3FF10B130
:1080300004236377012010BD00284AD010B5044600
:10804000437F53B1022363772368DA6812F0100F7D
:1080500007D000200123637710BD0377FDF720FCD4
:10806000F0E7CA225A62236853225A622046FFF779
:10807000ABFF28B12368FF225A620028ECD1E9E760
:108080002268936823F4E00323F04003936021689F
:108090008A686368206903436069034313438B6004
:1080A0002368E2681A6122681369A16843EA014300
:1080B00013612046FFF7ABFF0028DBD12268136C69
:1080C00023F4802313642268136CA1690B431364A7
:1080D000D0E701207047002302E001330A38C0B224
:1080E0000928FAD81B01DBB218437047037F012B24
:1080F0005AD070B504460E46012303770223437716
:1081000032BB03689B6813F0400F01D10023CB7092
:108110003078FFF7E0FF05047078FFF7DCFF45EAF1
:108120000025B078FFF7D7FF0543F37845EA83557C
:108130002368CA225A62236853225A622046FFF7F4
:1081400043FFB8B12368FF225A620023237770BD32
:1081500003689B6813F0400F01D10023CB70337884
:1081600075782D0245EA0345B3781D43F37845EA57
:108170008355DDE7236805F07F3525F0FE451D605A
:108180002268936823F48023936021688B68F268E7
:108190003069024313438B602046FFF738FF002805
:1081A000D0D101236377CDE702207047037F012BF5
:1081B00048D070B504460E46012303770223437767
:1081C000CAB1CB784D782D0245EA03458B781D4323
:1081D0000B7845EA43352368CA225A622368532242
:1081E0005A622046FFF7F0FEF0B12368FF225A6280
:1081F0000023237770BD4B7813F0100F03D003F0EA
:10820000EF030A334B70F078FFF765FF05047078D1
:10821000FFF761FF45EA0025B078FFF75CFF0543F3
:10822000337845EA4335D6E7236825F07F4525F0C6
:10823000C0055D602046FFF7EAFE0028D5D1012386
:108240006377D2E702207047030903EB830300F052
:108250000F0000EB4300C0B2704770B503689B6A23
:108260004B6003681B69C3F30E038B6003681B68D4
:10827000C3F305400870C3F306264E7003F07F0574
:108280008D70C3F38053CB705AB90C46FFF7DCFFF7
:1082900020703046FFF7D8FF60702846FFF7D4FF04
:1082A000A070002070BD70B503685B68C3F3074021
:1082B000C870C3F304264E7003F03F058D70C3F3FE
:1082C00042330B705AB90C46FFF7BEFFE0703046E0
:1082D000FFF7BAFF60702846FFF7B6FFA0700020D6
:1082E00070BD0368503343F8212070470368503352
:1082F00053F82100704700000B4B1B680B4AA2FB90
:1083000003235B0A41F2883202FB03F31A46013B66
:108310003AB1426B12F0800FF8D0C523836300207E
:1083200070474FF00040704740000020D34D62106E
:1083300084B00DF1040C8CE80E000B461343039A35
:108340001343049A1343059A1343069A134342684E
:1083500022F4FD4222F07F0213434360002004B068
:108360007047D0F8800070470B68C0F8803000205C
:1083700070470323036000207047006800F003008B
:1083800070470B6883604B688A681343CA6813435D
:108390000A691343C2686FF30B021343C3600020E2
:1083A00070470069C0B270471430405870470B687E
:1083B00043624B6883628B68CA6813430A6913433C
:1083C0004A691343C26A22F0F7021343C3620020D2
:1083D000704710B586B004460023019302930393BF
:1083E00004934FF48063059301A9FFF7CAFF204669
:1083F000FFF782FF06B010BD38B504460D46504B5E
:108400001B685049A1FB03135B0A03FB02F21346EE
:10841000013A002B5DD0636B13F0450FF7D013F4D6
:10842000006FF4D1636B13F0040F06D1636B13F08C
:10843000010F05D00120A0634DE00420A0634AE0B5
:10844000C523A3632046FFF7ACFFA84201D001205B
:1084500041E000212046FFF7A7FF03463A481840B5
:10846000C8B3002B38DB13F0804F38D113F0005F16
:1084700037D113F0805F36D113F0006F36D113F08F
:10848000806F36D113F0807F36D113F4000F36D1D0
:1084900013F4800F36D113F4001F36D113F4801F6C
:1084A00036D113F4802F36D113F4003F36D113F4B4
:1084B000803F36D113F4004F36D113F4804F36D1BC
:1084C00013F4005F36D113F0080F36D04FF40000DC
:1084D00001E04FF0004038BD4FF00070FBE7402056
:1084E000F9E78020F7E74FF48070F4E74FF400706D
:1084F000F1E74FF48060EEE74FF40060EBE74FF4F4
:108500008050E8E74FF40050E5E74FF48040E2E7A1
:108510004FF40040DFE74FF40030DCE74FF48020F9
:10852000D9E74FF40020D6E74FF48010D3E74FF49B
:108530000010D0E74FF48000CDE74FF48030CAE759
:1085400040000020D34D621008E0FFFD30B587B039
:1085500004460191102502954023039300230493C0
:108560004FF48063059301A9FFF70BFF41F28832B6
:1085700029462046FFF740FF07B030BD30B587B031
:10858000044601911125029540230393002304938F
:108590004FF48063059301A9FFF7F3FE41F288329F
:1085A00029462046FFF728FF07B030BD30B587B019
:1085B000044601911225029540230393002304935E
:1085C0004FF48063059301A9FFF7DBFE41F2883287
:1085D00029462046FFF710FF07B030BD30B587B001
:1085E0000446019118250295402303930023049328
:1085F0004FF48063059301A9FFF7C3FE41F288326F
:1086000029462046FFF7F8FE07B030BD30B587B0E9
:1086100004460191192502954023039300230493F6
:108620004FF48063059301A9FFF7ABFE41F2883256
:1086300029462046FFF7E0FE07B030BD30B587B0D1
:108640000446002301930C250295402203920493D3
:108650004FF48063059301A9FFF793FE034A29466F
:108660002046FFF7C9FE07B030BD00BF00E1F505A9
:1086700030B587B004460192072502954023039345
:10868000002304934FF48063059301A9FFF779FE5B
:1086900041F2883229462046FFF7AEFE07B030BDD2
:1086A00030B587B0044601913725029540230393E6
:1086B000002304934FF48063059301A9FFF761FE43
:1086C00041F2883229462046FFF796FE07B030BDBA
:1086D00030B587B0044601910625029540230393E7
:1086E000002304934FF48063059301A9FFF749FE2B
:1086F00041F2883229462046FFF77EFE07B030BDA2
:1087000030B587B0044600230193332502954022FB
:10871000039204934FF48063059301A9FFF731FEA0
:1087200041F2883229462046FFF766FE07B030BD89
:1087300030B587B0044601910D250295402303937F
:10874000002304934FF48063059301A9FFF719FEFA
:1087500041F2883229462046FFF74EFE07B030BD71
:108760000146144B1B68144AA2FB03235B0A41F227
:10877000883202FB03F31A46013BBAB14A6B12F08E
:10878000450FF8D012F4006FF5D14B6B13F0040FC6
:1087900006D1486B10F0010005D1C5238B637047EB
:1087A0000420886370470120886370474FF00040C1
:1087B000704700BF40000020D34D621010B586B056
:1087C00004460023019302220292C02203920493E2
:1087D0004FF48063059301A9FFF7D3FD2046FFF70F
:1087E000BFFF06B010BD10B586B004460191092345
:1087F0000293C0230393002304934FF480630593F3
:1088000001A9FFF7BEFD2046FFF7AAFF06B010BD85
:108810000146104B1B68104AA2FB03235B0A41F27E
:10882000883202FB03F31A46013B82B14A6B12F015
:10883000450FF8D012F4006FF5D1486B10F004002A
:1088400002D1C5238B6370470420886370474FF0C3
:108850000040704740000020D34D621010B586B034
:10886000044641F0004141F4801101912923029313
:1088700040230393002304934FF48063059301A9DD
:10888000FFF77FFD2046FFF7C3FF06B010BD0000D5
:10889000F8B505460E461746234B1B68234AA2FB34
:1088A00003235B0A41F2883202FB03F31A46013BC1
:1088B0008AB36C6B14F0450FF8D014F4006FF5D147
:1088C0006B6B13F0040F06D16B6B13F0010F05D027
:1088D0000120A86321E00420A8631EE02846FFF7DA
:1088E00060FDB04201D0012017E0C523AB63002139
:1088F0002846FFF759FD034610F4604008D013F4F2
:10890000804F0BD113F4004F0BD04FF4805004E094
:108910001B0C3B8001E04FF00040F8BD4FF40050CD
:10892000FBE74FF48030F8E740000020D34D6210A1
:1089300070B586B004460D460023019303260296C7
:108940004022039204934FF48063059301A9FFF73B
:1089500018FD2A4631462046FFF79AFF06B070BD43
:108960000146164B1B68164AA2FB03235B0A41F221
:10897000883202FB03F31A46013BE2B14A6B12F064
:10898000450FF8D012F4006FF5D14B6B13F0040FC4
:108990000BD14B6B13F001030AD1486B10F0400070
:1089A0000BD040228A6318467047042088637047C2
:1089B0000120886370474FF000407047400000205E
:1089C000D34D621010B586B004464FF4D5730193B1
:1089D0000823029340230393002304934FF48063FE
:1089E000059301A9FFF7CDFC2046FFF7B9FF06B0BC
:1089F00010BD836B1A68D36B43F48073D3637047E5
:108A000070B582B00446002301930068FFF7E1FCD3
:108A1000054610B1284602B070BD2068FFF7D2FFAE
:108A200038B90123A364A36C012B0BD02E46284632
:108A300014E00023A3642068FFF7CBFC0028F2D0E9
:108A40000546E7E700212068FFF72AFE0028EDD061
:108A50004FF08055DEE7019B01330193019A4FF6F9
:108A6000FE739A4213D896B900212068FFF718FECA
:108A7000E0B912492068FFF7F1FE0646C0B90021AF
:108A80002068FFF791FCC30FE5D01E46E3E7019A8B
:108A90004FF6FE739A420ED810F0804302D00123A5
:108AA0006364B7E7002262641D46B3E70546B1E799
:108AB0004FF08055AEE74FF08075ABE7000010C176
:108AC000F8B5846AC66AA6B9F8BD3868FFF749FCEC
:108AD0002070C0F307236370C0F30743A370000E38
:108AE000E0700434043E0135072DEED9BC62FE620D
:108AF000EAE707460025F7E7F0B583B0046A466A5F
:108B0000DEB903B0F0BD23780193627843EA022313
:108B10000193A27843EA02430193E27843EA0263B5
:108B200001930434043E01A93868FFF71DFC0135A8
:108B3000072DE8D93C627E62E3E707460025F7E7A8
:108B4000F0B589B004460F46FEF736FF064600230F
:108B50000093019308212068FFF7F8FC054610B147
:108B6000284609B0F0BD216D09042068FFF798FD83
:108B700005460028F4D14FF0FF33029308230393F6
:108B800030230493022305930023069301230793C4
:108B900002A92068FFF70BFC2068FFF7B1FD05462E
:108BA00058B1DDE7FFF7DDFB4DF825000135FEF795
:108BB00003FF831BB3F1FF3F43D02068436B13F0E7
:108BC0002A0F07D1436B13F4001FEBD1436B13F44F
:108BD000005FECD1436B13F0080F29D1436B13F402
:108BE000007F25D1436B13F0020F24D1456B15F0A4
:108BF000200523D140F23A538363019A130203F410
:108C00007F0343EA0263110A01F47F410B4343EA05
:108C100012633B60009A130203F47F0343EA02638A
:108C2000110A01F47F410B4343EA12637B6097E72B
:108C30000825856394E70225856391E720258563F0
:108C40008EE74FF000458BE710B582B00446002157
:108C5000009101910068FFF7A7FB10F0007F13D18E
:108C600069462046FFF76CFF80B9019B13F4802F03
:108C70000ED0216D09042068FFF712FD30B90221E2
:108C80002068FFF725FD01E04FF4006002B010BD41
:108C90004FF08060FAE710B582B0044600210091E1
:108CA00001910068FFF780FB10F0007F13D1694647
:108CB0002046FFF745FF80B9019B13F4803F0ED09B
:108CC000216D09042068FFF7EBFC30B90021206812
:108CD000FFF7FEFC01E04FF4006002B010BD4FF062
:108CE0008060FAE770B581B104460E46016D090453
:108CF0000068FFF71DFD054608B1284670BD00213C
:108D00002068FFF751FB3060F7E74FF00065F4E7AC
:108D10002DE9F04387B0044691B116461F460A4636
:108D200090F83450EDB2012D7FD100238363F01908
:108D3000E36D98420AD9A36B43F00073A36375E017
:108D4000836B43F00063836301256FE0032384F8A2
:108D5000343023680021D9622068C36B43F44A731E
:108D600043F00203C363236C3348D863236C334856
:108D7000D864236C1965236C9960206C01680B68BA
:108D800023F0C003806803430B6021684FEA472942
:108D90004FEA99038031206CFEF7FEFB804668BBEA
:108DA000274B0122C3F88C25636C934200D07602D6
:108DB0004FF0FF330093CDF80490902302930223E9
:108DC0000393002304930123059369462068FFF76A
:108DD000EEFA012F22D98223236331462068FFF760
:108DE000E5FB38B32368174A9A63A36B0343A36375
:108DF000012384F834300023236317E02268D36B07
:108E000023F49573D36323680E4A9A63A36B43F0EC
:108E10008043A363012384F8343007E08123236374
:108E200031462068FFF7AAFBDBE70225284607B09A
:108E3000BDE8F0834546F9E7918F0008719400087A
:108E400000802542FF054000F0B587B004460029A8
:108E50003BD01E460F4690F83450EDB2012D40F045
:108E60008480002383639319C16D8B4233D803231D
:108E700080F8343003680021D9620068C36B43F482
:108E8000067343F00203C363E36B3A48D863E36BB2
:108E90003948D864E36B1965636C012B00D052022A
:108EA000012E1DD9A023236311462068FFF7AEFBD6
:108EB000E8B12368314A9A63A36B0343A363012398
:108EC00084F834300023236350E0836B43F0006365
:108ED000836301254AE0836B43F00073836345E0BD
:108EE0009023236311462068FFF778FBE0E7244BCB
:108EF0000122C3F88C25E36B40229A60E16B0A687B
:108F0000136823F0C00389680B431360226876025C
:108F1000B30880323946E06BFEF73EFB074698B156
:108F20002268D36B23F4067323F00203D363236810
:108F3000124A9A63A36B43F08043A363012384F82E
:108F400034300023236311E04FF0FF330093019688
:108F5000902302930023039304930123059369460E
:108F60002068FFF724FA3D4600E00225284607B0B6
:108F7000F0BD00BFF389000871940008FF054000B0
:108F80000080254290F834007047806B704770472E
:108F900010B5846B236B822B11D02268D36A23F027
:108FA0000803D362236840F23A529A63012384F89B
:108FB0003430002323632046FCF7B9FE10BD20683F
:108FC000FFF73CFB03460028E7D0A26B1343A363E3
:108FD0002046FFF7DCFFE0E70346426E920F0A707F
:108FE000426EC2F383624A7090F8672002F0030277
:108FF0008A7090F86620CA7090F865200A7190F81F
:1090000064204A71826E120DCA80B0F86A2002F0A4
:109010000F020A72826EC2F3C0324A72826EC2F3CB
:1090200080328A72826EC2F34032CA72826EC2F39A
:1090300000320A7300224A73426C002A40F0868094
:10904000806E40F6FC7202EA8002D86E42EA9072AC
:109050000A61DA6EC2F3C2620A7593F86F2002F0F9
:1090600007024A75DA6EC2F342528A75DA6EC2F3AB
:109070008242CA75DA6EC2F3C2320A760A690132D6
:109080005A65087E00F00700023082405A6591F868
:1090900008C00CF00F0C012000FA0CF09865400A93
:1090A00000FB02F2DA654FF400721A66DA6EC2F360
:1090B00080324A76DA6EC2F3C6128A76DA6E02F02F
:1090C0007F02CA761A6FD20F0A771A6FC2F3417203
:1090D0004A771A6FC2F382628A771A6FC2F3835299
:1090E000CA771A6FC2F3405281F82020002081F81D
:1090F0002100B3F8722002F0010281F822201A6FD9
:10910000C2F3C03281F823201A6FC2F3803281F893
:1091100024201A6FC2F3403281F825201A6FC2F35F
:10912000003281F826201A6FC2F3812281F82720AD
:109130001A6FC2F3012281F828201B6FC3F3460384
:1091400081F82930012381F82A307047012A11D192
:10915000826E120402F47C12B0F86E0002430A61BF
:109160000A69013292025A65DA654FF400729A6513
:109170001A669BE7026805499163826B42F0805250
:109180008263012083F83400704700BFFF05400070
:1091900070B590B004460123ADF812300068FFF7B7
:1091A000ECF800286CD0636C032B45D1636C032B67
:1091B0005DD1636C032B1DD0BDF81210216509042D
:1091C0002068FFF710FB054600285BD100212068CE
:1091D000FFF7EAF8606604212068FFF7E5F8A0666B
:1091E00008212068FFF7E0F8E0660C212068FFF70F
:1091F000DBF8206704212068FFF7D6F8000DE06453
:1092000005A92046FFF7E8FE00283ED1226D120492
:1092100000232068FFF72CFA054698BB234653F835
:10922000106B93E807008DE80700043494E80E0003
:109230003046FFF77DF825E02068FFF7BFFA0546C6
:1092400000BB00212068FFF7AFF8606704212068A9
:10925000FFF7AAF8A06708212068FFF7A5F8E067E4
:109260000C212068FFF7A0F8C4F880009EE70DF1FC
:1092700012012068FFF75CFB0546002899D001E049
:109280004FF08065284610B070BD4FF08055F9E76B
:1092900070B58AB004460025049505950695079596
:1092A0000895762309930AAB13E907008DE80700B8
:1092B00004AB0ECB2068FFF73BF81B4EC6F8A0505E
:1092C0002068FFF756F80123C6F8A0300220FEF709
:1092D00079FB2046FFF794FB40B10246012084F859
:1092E0003400A36B1343A3630AB070BD2046FFF79D
:1092F0004FFF024630B1012084F83400A36B1343C2
:10930000A363F1E74FF400712068FFF71FF908B974
:109310000020E9E7236805499963A36B0343A3632E
:10932000012084F83400DFE700802542FF0540007B
:10933000A8B110B5044690F8343063B1032384F823
:1093400034302046FFF7A4FF58B9A06320630123FF
:1093500084F8343010BD0377FCF7C0F9EEE7012044
:1093600070470120F6E7436C0B60836C4B60C36C65
:109370008B60036DCB60436D0B61836D4B61C36D7F
:109380008B61036ECB6100207047000030B58BB05D
:1093900004460D46032380F83430436C032B1CD065
:1093A000B1F5805F08D0B1F5006F0AD079B1836B59
:1093B00043F00063836314E0836B43F08053836363
:1093C0000FE0FFF741FCA36B0343A36309E0FFF742
:1093D00062FCA36B0343A36303E0836B43F08053FE
:1093E0008363A36BC3B12368174A9A63012584F88A
:1093F00034504FF400712068FFF7A8F830B12368AB
:1094000011499963A36B0343A3630125012384F8E6
:10941000343028460BB030BD63680493A3680593CD
:10942000E3680693079563690893A36909930AABF8
:1094300013E907008DE8070004AB0ECB2068FEF7A8
:1094400077FF0025D5E700BFFF05400010B582B0CB
:1094500004460023019301A9FFF744FC10B1A36B5C
:109460000343A3630198C0F3432002B010BD000082
:1094700010B5846BFEF710FA02280AD0236C5B6DDE
:10948000E26B526D012B05D0012A03D02046FFF775
:109490007EFD10BD23680F4A9A632268D36B23F4C4
:1094A0009D73D363A36B43F08043A3632046FFF710
:1094B000CDFF0538012805D9012384F83430002375
:1094C0002363E3E72068FFF7B9F8A36B0343A363C3
:1094D000F2E700BFFF05400010B5846B236840F23F
:1094E0003A529A632046FFF7B1FF012384F83430E3
:1094F000002323630538012805D9A36B53B92046FF
:10950000FCF70DFC10BD2068FFF798F8A36B034330
:10951000A363F2E72046FFF73AFDF3E710B5846B4B
:10952000236840F23A529A632046FFF78FFF0123E7
:1095300084F83430002323630538012805D9A36B50
:1095400053B92046FCF7EBFB10BD2068FFF776F817
:10955000A36B0343A363F2E72046FFF718FDF3E78D
:1095600038B50446056B03685A6B12F4004F02D0FD
:1095700015F0080F28D15A6B12F4807F5AD04FF49F
:1095800080729A632268D36B23F4434323F03A0337
:10959000D3632268D36A23F00103D36215F0080F66
:1095A00026D015F0220F12D1236840F23A529A6366
:1095B000012384F834300023236315F0030F13D004
:1095C0002046FCF7B4FB01E0FFF77AFA38BD2068CB
:1095D000FFF734F803460028E6D0A26B1343A363D9
:1095E0002046FFF7D4FCDFE72046FCF79CFBEDE7C5
:1095F00015F0800FEAD015F0200F0ED115F0030FF3
:10960000E4D12268D36A23F00803D362012384F8EB
:1096100034302046FCF787FBD8E72068FFF70EF8C8
:1096200003460028EAD0A26B1343A3632046FFF74A
:10963000AEFCE3E75A6B12F4804F02D015F0080F2E
:1096400055D1596B40F23A221142BFD05A6B12F0F9
:10965000020F03D0A26B42F00202A2635A6B12F017
:10966000080F03D0A26B42F00802A2635A6B12F0FB
:10967000200F03D0A26B42F02002A2635A6B12F0BB
:10968000100F03D0A26B42F01002A2635A6B12F4C7
:10969000007F03D0A26B42F00802A26340F23A724C
:1096A0009A632268D36B23F44E7323F00203D363CF
:1096B0002068FEF7C3FFA36B0343A36315F0080FF5
:1096C00019D115F0800F81D015F0300F1CD115F095
:1096D000030F26D0236C184A1A65206CFDF7DBFFB8
:1096E00000283FF473AF206CFFF718FF6EE72046A9
:1096F000FFF702FA6AE7012384F83430002323637A
:109700002046FFF744FC61E7E36B0C4A1A65E06B07
:10971000FDF7C1FF00283FF459AFE06BFFF7DCFE17
:1097200054E70023A363012284F8342023632046F6
:10973000FCF7F5FA4AE700BF1D950008D994000828
:10974000026802F10C0353E8003F23F0C0030C321F
:1097500042E800310029F3D1202380F841307047DE
:10976000026802F10C0353E8003F23F490730C32BB
:1097700042E800310029F3D1026802F1140353E8F2
:10978000003F23F00103143242E800310029F3D1F5
:10979000036B012B05D0202380F8423000230363A4
:1097A0007047026802F10C0353E8003F23F01003F6
:1097B0000C3242E800310029F3D1ECE790F8413057
:1097C000DBB2212B01D0022070478368B3F5805FA4
:1097D00017D0036A5A1C02621A7803685A60C38C55
:1097E0009BB2013B9BB2C3844BB90268D36823F0A0
:1097F0008003D3600268D36843F04003D360002045
:1098000070470369002BE4D1036A1B880268C3F325
:1098100008035360036A02330362E0E710B50446AD
:109820000268136923F44053C1680B4313618368D2
:1098300002691A4343691A43C3691A430168CB6832
:1098400023F4164323F00C031343CB6002685369DF
:1098500023F4407381690B4353610368314A934297
:1098600006D002F58062934202D0FDF7EDF901E0E7
:10987000FDF7FAF9E369B3F5004F29D00021031889
:1098800049411B1841F10001C90041EA5371DB0055
:10989000181863684FEA83024FEA937341F100019D
:1098A000F7F7B2F9204AA2FB00314909642303FB10
:1098B00011031B013233A2FB03235B0903F0F00207
:1098C00002EB011203F00F03216813448B6010BDFB
:1098D0000023021843EB0301121841F10001C900F3
:1098E00041EA5271D200101841F1000162689218E9
:1098F0005B41F7F789F90C4AA2FB0031490964235F
:1099000003FB1103DB003233A2FB03235B095A0084
:1099100002F4F87202EB011203F00703216813440A
:109920008B60D4E7001001401F85EB512DE9F04317
:1099300083B005460E4617469946DDF828802B6809
:109940001C6836EA04040CBF01240024BC4228D160
:10995000B8F1FF3FF3D0FEF72FF8A0EB0900404528
:1099600023D8B8F1000F22D02B68DA6812F0040F68
:10997000E5D0802EE3D0402EE1D01A6812F0080F17
:10998000DDD0002401941A6801925B680193019B69
:109990002846FFF7E5FE08236B6485F84040012068
:1099A00000E0002003B0BDE8F0830320FAE70320C5
:1099B000F8E760B310B5044690F8413013B32423A0
:1099C00084F841302268D36823F40053D3602046E2
:1099D000FFF724FF2268136923F490431361226880
:1099E000536923F02A0353612268D36843F4005378
:1099F000D36000206064202384F8413084F8423032
:109A0000606310BD80F84030FBF76EFFD7E70120A0
:109A100070472DE9F04182B01E4690F84130DBB22C
:109A2000202B56D104460D469046002955D00AB940
:109A300001204FE000234364212380F84130FDF7EB
:109A4000BBFF0746A4F82480A4F82680A368B3F5DA
:109A5000805F02D04FF0000814E023692BB34FF071
:109A600000080FE0202384F84130032032E038F86A
:109A7000023B2268C3F308035360E28C92B2013ABE
:109A800092B2E284E38C9BB293B100963B460022F3
:109A900080212046FFF74AFF0028E3D1002DE6D0C1
:109AA00015F8012B23685A60E7E7A8460025E9E787
:109AB00000963B46002240212046FFF737FF18B9A9
:109AC000202384F8413005E0202384F8413003202E
:109AD00000E0022002B0BDE8F0810120FAE70000BA
:109AE00038B5134690F84120D2B2202A36D1044628
:109AF000002935D00BB9012031E001628384C38491
:109B000000224264212084F84100A06B154DC563FA
:109B1000A06B154D0564A06B144DC564A06B026568
:109B200022680432A06BFDF737FD30B11023636467
:109B3000202384F84130012011E023686FF04002B7
:109B40001A60226802F1140353E8003F43F08003D7
:109B5000143242E800310029F3D100E0022038BD80
:109B60000120FCE7179C00087F9C00088D9C0008E2
:109B700010B50446226802F10C0353E8003F23F4B9
:109B800090730C3242E800310029F3D1226802F1CF
:109B9000140353E8003F23F00103143242E800317C
:109BA0000029F3D1236B012B1FD023685B6913F0CD
:109BB000400F13D0226802F1140353E8003F23F052
:109BC0004003143242E800310029F3D1E36B2BB19A
:109BD00000221A65E06BFDF714FD98B90020E085BE
:109BE000202384F84230206310BD226802F10C0368
:109BF00053E8003F23F010030C3242E80031002903
:109C0000F3D1D2E7E06BFDF747FE2028E6D1102321
:109C100063640320E8E708B50346806B1B681B6894
:109C200013F4807F1AD10023C384026802F1140365
:109C300053E8003F23F08003143242E8003100294A
:109C4000F3D1026802F10C0353E8003F43F04003F4
:109C50000C3242E800310029F3D108BDF7F764FC6B
:109C6000FBE708B50168CA6822F04002CA602022FA
:109C700080F84120F7F758FC002008BD704708B570
:109C8000806BFFF7FBFF08BD7047704710B5846B12
:109C900023685A6994F84130DBB2212B10D0236835
:109CA0005A6902F0400294F84230DBB2222B11D004
:109CB000636C43F0100363642046F7F777FC10BD34
:109CC00002F08002002AEAD00023E3842046FFF756
:109CD00037FDE4E7002AEBD00023E3852046FFF7B9
:109CE0003FFDE5E708B5806B0023C385F7F75EFC11
:109CF00008BD90F84230DBB2222B69D18368B3F5FE
:109D0000805F4FD0826AB3F5805F04D0002B56D1BC
:109D10000369002B53D103685B681370836A0133B6
:109D20008362C38D9BB2013B9BB2C385002B51D193
:109D300000B583B00268D36823F02003D3600268C3
:109D4000D36823F48073D3600268536923F001035E
:109D50005361202380F8423000234363036B012BBF
:109D600033D100230363026802F10C0353E8003F80
:109D700023F010030C3242E800310029F3D10368CC
:109D80001A6812F0100F06D0002201921A68019290
:109D90005B680193019B818DF7F7EAFB002003B01C
:109DA0005DF804FB0269002AACD1826A03685B6833
:109DB000C3F308031380836A02338362B1E7036845
:109DC0005B6803F07F031370A8E7FFF75DFFE5E72B
:109DD000022070470020704710B582B00446026828
:109DE0001368D068516913F00F0F09D113F0200FD9
:109DF0000CD010F0200F09D02046FFF77AFF16E0B4
:109E000011F0010115D110F4907F12D1216B0129BD
:109E100079D013F0800F03D010F0800F40F0218133
:109E200013F0400F03D010F0400F40F01E8102B03D
:109E300010BD13F0010F06D010F4807F03D0626CC8
:109E400042F00102626413F0040F04D019B1626C95
:109E500042F00202626413F0020F04D019B1626C86
:109E600042F00402626413F0080F07D010F0200FD4
:109E700000D119B1626C42F008026264626C002A7F
:109E8000D5D013F0200F02D010F0200F29D1236875
:109E90005B6903F04003626C12F0080F00D163B3FA
:109EA0002046FFF75DFC23685B6913F0400F20D06C
:109EB000226802F1140353E8003F23F040031432F8
:109EC00042E800310029F3D1E36B73B1694A1A65A6
:109ED000E06BFDF7E0FB0028A9D0E06B036D98472D
:109EE000A5E72046FFF705FFD1E72046F7F75EFB21
:109EF0009DE72046F7F75AFB99E72046F7F756FB10
:109F00000023636493E713F0100F82D010F0100F5A
:109F10003FF47FAF002301931368019353680193CB
:109F2000019B536913F0400F5FD0E26B13685B68CD
:109F30009BB2002B4AD0A18D994247D9E385D369C2
:109F4000B3F5807F37D0226802F10C0353E8003F5D
:109F500023F480730C3242E800310029F3D12268E7
:109F600002F1140353E8003F23F00103143242E8E6
:109F700000310029F3D1226802F1140353E8003FB5
:109F800023F04003143242E800310029F3D12023AA
:109F900084F8423000232363226802F10C0353E863
:109FA000003F23F010030C3242E800310029F3D1C6
:109FB000E06BFDF726FB02236363A18DE38D9BB26B
:109FC000C91A89B22046F7F7D3FA30E7A18D994232
:109FD0007FF42DAFD369B3F5807F7FF428AF0223E0
:109FE00063632046F7F7C4FA21E7A18DE38D9BB2A6
:109FF000C91A89B2E38D9BB2002B3FF418AF002938
:10A000003FF415AF226802F10C0353E8003F23F43C
:10A0100090730C3242E800300028F3D1226802F13C
:10A02000140353E8003F23F00103143242E80030E8
:10A030000028F3D1202384F84230002323632268D0
:10A0400002F10C0353E8003F23F010030C3242E806
:10A0500000300028F3D1022363632046F7F788FA23
:10A06000E5E62046FFF7AAFBE1E62046FFF7F9FD0B
:10A07000DDE600BFE59C000808B5806B0123436363
:10A08000036B012B02D0FFF700FE08BD818D49084C
:10A09000F7F76EFAF9E708B50346806B1B681B6893
:10A0A00013F4807F2BD10023C385026802F10C03D7
:10A0B00053E8003F23F480730C3242E8003100295A
:10A0C000F3D1026802F1140353E8003F23F00103C7
:10A0D000143242E800310029F3D1026802F114037E
:10A0E00053E8003F23F04003143242E800310029D6
:10A0F000F3D1202380F84230036B012B07D00023DB
:10A100004363036B012B0FD0FFF7BEFD08BD026850
:10A1100002F10C0353E8003F23F010030C3242E835
:10A1200000310029F3D1EAE7818DF7F721FAEDE755
:10A1300090F8413090F842001843704730B583B032
:10A14000044613468162828500224264222084F8FC
:10A150004200E06B244DC563E06B244D0564E06B69
:10A16000234DC564E06B026520680A46011DE06B63
:10A17000FDF712FA00282FD10023019323681A68F3
:10A1800001925B680193019B23695BB1226802F134
:10A190000C0353E8003F43F480730C3242E8003173
:10A1A0000029F3D1226802F1140353E8003F43F081
:10A1B0000103143242E800310029F3D1226802F190
:10A1C000140353E8003F43F04003143242E80031E7
:10A1D0000029F3D103B030BD10236364202384F839
:10A1E00042300120F6E700BF97A0000879A00008E0
:10A1F0008D9C000890F84230DBB2202B27D110B59F
:10A2000082B0044629B312B9012002B010BD012367
:10A21000036300234363FFF791FF236B012B01D0FE
:10A220000120F2E70023019323681A6801925B681A
:10A230000193019B226802F10C0353E8003F43F0B5
:10A2400010030C3242E800310029F3D1DDE702208F
:10A2500070470120D9E70000034AD2F8883043F460
:10A260007003C2F88830704700ED00E008B5044B79
:10A2700003EB8002526852680344187A904708BD85
:10A280008C3F0020094B1B5C73B910B50446074B8B
:10A2900003EB8002526812680344187A904710B9A1
:10A2A000024B01221A5510BD002070478C3F002040
:10A2B00038B5044C04EB80056D68AD680444207A21
:10A2C000A84738BD8C3F002038B5044C04EB80050E
:10A2D0006D68ED680444207AA84738BD8C3F0020A3
:10A2E00010B5044B03EB8004646824690344187AB6
:10A2F000A04710BD8C3F00204278007840EA022041
:10A300007047C378827842EA0322437843EA022303
:10A31000007840EA032070470170090A41707047D5
:10A320000170C1F307234370C1F307438370090E23
:10A33000C1707047944632B10A7801310270013021
:10A34000BCF1010CF8D1704701700130013AFBD12A
:10A35000704784469CF800000CF1010C0B78013129
:10A36000C01A013A01D00028F4D07047034600E03B
:10A370000133187808B18842FAD1704730B400250B
:10A380002B4601E001250133012B15D81A01174C8A
:10A39000A258002AF6D00468A242F4D1134A02EB74
:10A3A0000312546882689442EDD1104A02EB031202
:10A3B000946842699442E6D1022B0AD0A1B90B4AB3
:10A3C00002EB03139B89B3F5807F0BD0002030BCD8
:10A3D00070472DB9022901D01220F8E70020F6E7D6
:10A3E0000020F4E71020F2E71020F0E7643F00209F
:10A3F000002000E00130012804D80301034AD358AB
:10A40000002BF7D1023818BF01207047643F0020AD
:10A4100070B4002300E00133012B13D81A01234C40
:10A42000A45802689442F6D1204A02EB0312546801
:10A4300082689442EFD11D4A02EB0312946842698C
:10A440009442E8D1022B08D0F9B1184A02EB03126A
:10A4500092894ABB4FF480721DE00023012B05D87E
:10A460001A01124CA2580AB10133F7E7022B19D096
:10A470000E4D1C0105EB031206682E5184685460D2
:10A480004069906000209081DEE7084A02EB0312E9
:10A490009289013292B2054901EB03118A81581C5D
:10A4A00070BC70470020FBE70020F9E7643F002004
:10A4B0000138012815D80D4B03EB00139B89B3F528
:10A4C000807F03D043B1013B9BB200E00023074AE9
:10A4D00002EB0012938133B903010020034AD050EC
:10A4E0007047022070470020704700BF643F002083
:10A4F000002303E05DF8044B70470133012B11D8B2
:10A500001A0109498A588242F7D110B41A0100246D
:10A510008C500133012BEDD81A0103498A5882422D
:10A52000F7D1F3E7704700BF643F00200239C369E9
:10A53000023B8B4204D94389006B01FB0300704747
:10A54000002070470268C36A0433490A5289B1FB8C
:10A55000F2F101E0091A0833186818B18142F9D202
:10A5600058680844704770B506460D4601F11A0058
:10A57000FFF7C2FE3378032B00D070BD044605F10F
:10A580001400FFF7B9FE44EA0040F6E770B506464E
:10A590000C46154691B204F11A00FFF7BDFE337860
:10A5A000032B00D070BD290C04F11400FFF7B4FE9A
:10A5B000F8E700002DE9F84380460F4691464B73BB
:10A5C0000F23CB7200240C73214607F11A00FFF70A
:10A5D000A3FE09F1FF3606EB460306EB830625468C
:10A5E00002E001340C2C11D84FF6FF739D4202D0CB
:10A5F00038F8165001360C4B185D29463844FFF7E1
:10A600008BFE002DEDD14FF6FF75EAE74FF6FF7395
:10A610009D4202D038F816300BB949F0400987F84E
:10A620000090BDE8F88300BF2434010870B582B003
:10A63000054616461C460B22FFF77CFE052C11D85A
:10A6400007231FE001310F290CD803F0010C0CEB9C
:10A6500044045B0814F4803FF4D084F4883484F01C
:10A660002104EFE73388002BEAD002360021EAE725
:10A670005A1E08336B4403F8081C21090F2C0AD911
:10A6800013460C4604F00F0202F130013929EFD9CC
:10A6900002F13701ECE77E2102F108036B4403F875
:10A6A000081C002300E00133934209D2E95C202911
:10A6B000F9D105E02020591CE854072909D80B4698
:10A6C000072AF7D802F10801694411F8080C013291
:10A6D000F1E702B070BD01464FF00B0C0020C30142
:10A6E00043EA50030A78013152FA83F3D8B2BCF13D
:10A6F000010CF4D170470146006838B10246137866
:10A700001F2B06D93A2B04D00132F8E74FF0FF3067
:10A7100070473A2B01D00020704710B4034613F85D
:10A72000010B3038092808D89A4202D04FF0FF3088
:10A7300005E038B901320A6001E04FF0FF305DF802
:10A74000044B70474FF0FF30F9E730B108B50069AE
:10A7500001F086FC00B1012008BD002070472DE902
:10A76000F041C57815B92846BDE8F0810446476B2D
:10A7700000F1380801233A4641464078FFF7A4FD2E
:10A780000546A0B90023E370A36AFB1A226A93422C
:10A79000E9D2A67808E0236A1F4401233A464146DD
:10A7A0006078FFF791FD013E012EF4D8DBE701252B
:10A7B000D9E770B5436B8B4202D10026304670BD9D
:10A7C00004460D46FFF7CBFF06460028F6D10123CD
:10A7D0002A4604F138016078FFF76AFD10B10126BE
:10A7E0004FF0FF356563E9E738B504460023C370D1
:10A7F0004FF0FF334363FFF7DCFF30BB054604F245
:10A800003620FFF779FD4AF6552398421FD194F878
:10A810003830E92B07D0A36B03F0FF130D4A9342A6
:10A8200001D0022514E004F16E00FFF76AFD20F06C
:10A830007F40094B98420BD004F18A00FFF761FD7D
:10A84000064B984204D0022502E0042500E00325CF
:10A85000284638BDEB009000464154004641543331
:10A860002DE9F04F85B00C46154600230B60FFF72D
:10A8700042FF061EC0F24A81B94B53F82670002FE2
:10A8800000F046813846FFF760FF002800F0458160
:10A89000276005F0FE053B7873B17878FFF7E6FC9A
:10A8A00010F0010408D1002D00F0338110F0040FE6
:10A8B00000F02F810A242CE100233B70F0B2787065
:10A8C000FFF7E0FC10F0010440F029811DB110F009
:10A8D000040F40F0268100213846FFF785FF02284B
:10A8E0007ED00026042800F01E81012800F21D8180
:10A8F00007F14300FFF700FDB0F5007F40F017813E
:10A9000007F14E00FFF7F8FC054620B907F15C009F
:10A91000FFF7F7FC05463D6297F84820BA70531ED2
:10A92000DBB2012B00F2058105FB02F897F8459098
:10A93000A7F80A90B9F1000F00F0FD8009F1FF338C
:10A9400019EA030F40F0F98007F14900FFF7D4FC42
:10A950008246388110F00F0F40F0F18007F14B0074
:10A96000FFF7CAFC834620B907F15800FFF7C9FC7E
:10A97000834607F14600FFF7BFFC0246002800F0BF
:10A98000E08000EB080303EB1A139B45C0F0DB806B
:10A99000ABEB030BBBFBF9F1CB45C0F0D6804FF618
:10A9A000F570814234D840F6F570814268D94FF095
:10A9B000020B2FE0002004AB03EB850343F8100CDF
:10A9C0000135032D0ED807F138002B0103F5DF7395
:10A9D00018440379002BEDD00830FFF792FCEAE72A
:10A9E0000025EEE700250AE031463846FFF7FCFE79
:10A9F00001287FF677AF0135032D3FF673AF04AB27
:10AA000003EB850353F8106C002EEDD10320F2E721
:10AA10004FF0030B01F10209C7F81C907E6232442B
:10AA2000BA6233443B63BBF1030F2CD0BAF1000F81
:10AA300000F091804244FA62BBF1020F34D009EB7E
:10AA4000490309F0010909EB530909F2FF13B5EBBA
:10AA5000532FC0F082804FF0FF33BB617B618023B6
:10AA60003B71BBF1030F22D087F800B03D4A138839
:10AA700001339BB21380FB803846FFF739FD48E075
:10AA80004FF0010BC6E707F16200FFF735FC002825
:10AA90005DD1BAF1000F5CD107F16400FFF731FC22
:10AAA000F8624FEA8909D0E74FEA4909CDE707F193
:10AAB0006800FFF721FC0128D6D1711C3846FFF74A
:10AAC00078FE0028D0D100233B7107F23620FFF733
:10AAD00013FC4AF655239842C6D107F13800FFF718
:10AAE00010FC214B9842BFD107F50770FFF709FC16
:10AAF0001E4B9842B8D107F50870FFF702FCB86109
:10AB000007F50970FFF7FDFB7861ADE70B2400E066
:10AB10000C24204605B0BDE8F08F0F24F9E703248C
:10AB2000F7E70A24F5E70124F3E70D24F1E70D2404
:10AB3000EFE70D24EDE70D24EBE70D24E9E70D2405
:10AB4000E7E70D24E5E70D24E3E70D24E1E70D2415
:10AB5000DFE70D24DDE70D24DBE70D24D9E700BF97
:10AB6000883F0020843F002052526141727241614F
:10AB70002DE9F047012975D907460C461646C369E9
:10AB80008B4273D90378022B3ED0032B4FD0012B7D
:10AB90006ED101EB5108816A01EB5821FFF709FEE4
:10ABA000054600285FD107F1380A08F10109C8F30A
:10ABB000080814F001041DD01AF8083003F00F0340
:10ABC00043EA0613DBB20AF808300123FB70B96AC6
:10ABD00001EB59213846FFF7ECFD0546002842D12C
:10ABE000C9F3080944B1C6F307130AF80930012371
:10ABF000FB7038E0F3B2E6E71AF80930C6F3032237
:10AC000023F00F031343F0E7816A01EB1421FFF7F0
:10AC1000D0FD054638BB07F13800640004F4FF742A
:10AC2000B1B22044FFF778FB0123FB701BE0816A7F
:10AC300001EBD411FFF7BDFD0546A0B926F0704623
:10AC400007F13803A40004F4FE741C442046FFF707
:10AC500058FB00F0704131432046FFF761FB0123B0
:10AC6000FB7000E002252846BDE8F0870225FAE7E0
:10AC70000225F8E7F8B50568012954D90C46EB69B7
:10AC80008B4252D92B78022B2BD0032B39D0012B9E
:10AC90004DD101EB5106A96A01EB56212846FFF779
:10ACA00088FD10B14FF0FF303EE0771CC6F3080678
:10ACB0002E4496F83860A96A01EB57212846FFF721
:10ACC00078FDB0BBC7F308072F4497F8383046EA41
:10ACD000032014F0010F01D0000925E0C0F30B00A0
:10ACE00022E0A96A01EB14212846FFF762FD18BB98
:10ACF00005F13800640004F4FF742044FFF7FCFA07
:10AD000012E0A96A01EBD4112846FFF752FDB0B951
:10AD100005F13800A40004F4FE742044FFF7F1FAB2
:10AD200020F0704000E00120F8BD0120FCE7012088
:10AD3000FAE74FF0FF30F7E74FF0FF30F4E74FF05E
:10AD4000FF30F1E72DE9F041D0F80080B1F5001FA8
:10AD50003FD207460E4611F01F0F3DD14161846876
:10AD6000E4B998F80030022B01D9D8F82C40ACB9DE
:10AD7000B8F80830B3EB561F30D9D8F82C30FB6147
:10AD8000BC61FB6993B303EB5623FB6108F1380800
:10AD9000C6F308014144396200201BE0B8F80A50AC
:10ADA0006D02AE420FD321463846FFF763FF0446DB
:10ADB000B0F1FF3F14D0012814D9D8F81C308342D9
:10ADC00012D9761BEDE721464046FFF7AFFBF8614D
:10ADD000D6E70220BDE8F0810220FBE70220F9E778
:10ADE0000120F7E70220F5E70220F3E70220F1E770
:10ADF0002DE9F041054606680F4651B9D6F8148092
:10AE0000B8F1000F12D0F369434511D84FF0010893
:10AE10000EE0FFF72FFF0346012847D9B0F1FF3FAF
:10AE200049D0F269824246D8B84601E04FF00108A5
:10AE300044460CE021462846FFF71CFF034678B144
:10AE4000012838D0B0F1FF3F35D0444532D001342D
:10AE5000F369A342EED8B8F1010F29D90224E9E73A
:10AE60004FF0FF3221463046FFF782FE0346B0B96D
:10AE700077B9A3B97461B269F369023B9A4201D808
:10AE8000013AB261337943F001033371234612E092
:10AE9000224639463046FFF76BFE0346E9E7012BB1
:10AEA00001D0012307E04FF0FF3304E0012302E06B
:10AEB000002300E000231846BDE8F081F8B50C46F9
:10AEC000056801292ED906461146EB69A3422BD904
:10AED0004AB14FF0FF322846FFF74AFE074610B14D
:10AEE00023E0A24221D9274621463046FFF7C2FE81
:10AEF0000446E0B101281CD0B0F1FF3F1BD0002276
:10AF000039462846FFF734FE074670B9AB69EA694F
:10AF1000911E8B42E5D20133AB612B7943F00103E3
:10AF20002B71DEE7022700E002273846F8BD002734
:10AF3000FBE70227F9E70127F7E72DE9F047066865
:10AF40004569C369002B6CD0044688462035B5F5A9
:10AF5000001F68D2C5F308073FB90133C361816997
:10AF600079B93389B3EB551F07D9656106F1380309
:10AF70003B4423620020BDE8F0870023C361042026
:10AF8000F9E77389013B13EA5529EED1FFF772FE09
:10AF90008246012849D9B0F1FF3F48D0F369834286
:10AFA00037D8B8F1000F11D0A1692046FFF720FF74
:10AFB000824600283DD001283DD0B0F1FF3F3CD073
:10AFC0003046FFF7CCFB28B10120D4E70023E36132
:10AFD0000420D0E74FF40072002106F13800FFF79B
:10AFE000B3F951463046FFF7A1FA7063738999456A
:10AFF0000BD20123F3703046FFF7B1FBF8B909F12A
:10B000000109736B01337363F0E7736BA3EB0903FF
:10B010007363C4F818A051463046FFF787FAE06121
:10B02000A3E70420A7E70420A5E70220A3E7012067
:10B03000A1E707209FE702209DE701209BE7012071
:10B0400099E7F8B504460E4607680021FFF77AFE37
:10B050000246C0B9002508E00135B54213D00121F0
:10B060002046FFF76AFF024668B9E1693846FFF7F4
:10B07000A0FB024638B9236A1B78E52BECD0002BE5
:10B08000EAD00025EBE7042A01D01046F8BD0722DC
:10B09000FBE760B108B503460C2902D80B2902D39F
:10B0A00008BD0F29FCD0186900F0E4FFF8E77047ED
:10B0B00038B50D46044608B3006808B3037813B3E7
:10B0C000A288C3889A4203D0092000242C6038BD8E
:10B0D000FFF73BFB10B90F200024F7E723685878EF
:10B0E000FFF7C4F810F0010001D12468EEE7002159
:10B0F0002068FFF7CEFF09200024E7E70920E5E7F5
:10B1000004460920E2E709200024DFE72DE9F04F9B
:10B1100083B007468A46D1F800900368DD680024B2
:10B12000234612E0013619F806302F2BFAD05C2B9B
:10B13000F8D04E44CAF800601F2823D84FF0040806
:10B1400024E025F81480013433465E1C19F803000E
:10B150001F28EED92F28E6D05C28E4D0FE2C00F280
:10B16000DF80012100F092FF8046002800F0DA80A5
:10B170007F28E6D801466D48FFF7F8F80028E0D0B0
:10B18000062085E04FF0000800E0013C44B104F1E6
:10B190000043013B35F81330202BF6D02E2BF4D092
:10B1A000002325F81430002C00F0BE800B22202153
:10B1B00007F12400FFF7C8F8002300E0013335F859
:10B1C0001320202AFAD02E2AF8D01BB148F0030809
:10B1D00000E0013C6CB104F10042013A35F8122064
:10B1E0002E2AF6D14FF0080B4FF0000ACDF804A03C
:10B1F0000AE0A2464FF0080B0022019204E04C4501
:10B200000BD048F003084B4603F1010935F81360F1
:10B21000FEB1202EF5D02E2EF1D0DA4510D24C45BD
:10B220000ED07F2E44D8002E4FD148F003085F2661
:10B2300007EB0A0383F824604B460AF1010AE3E7AF
:10B24000BBF10B0F27D04C4501D048F003084C450B
:10B2500024D297F82430E52B53D0BBF1080F54D0FB
:10B26000019B03F00C020C2A03D003F00303032B11
:10B2700001D148F0020818F0020F06D1019B03F03B
:10B280000303012B46D0042A47D087F82F800020E3
:10B2900003B0BDE8F08F48F00308DAE7019B9B009C
:10B2A000DBB2019323464FF00B0B4FF0080AABE7DC
:10B2B0000021304600F0EAFE064618B1A0F18006F3
:10B2C0001B4B9E5D48F00208ADE731461948FFF779
:10B2D0004DF80028A9D1A6F141039BB2192B04D83F
:10B2E000019B43F002030193A2E7A6F161039BB225
:10B2F000192B9DD8019B43F001030193203EB6B268
:10B3000096E7052387F82430A7E7019B9B00DBB273
:10B310000193A5E748F01008B5E748F00808B4E73E
:10B320000620B5E70620B3E70620B1E7483001085C
:10B3300034340108543001082DE9F04781460F46A6
:10B3400001F11A00FEF7D8FFC8BB3E7806F03F06B1
:10B35000013E06EB460306EB83064FF0010800258D
:10B3600006E000202CE04FF6FF7398422AD1013509
:10B370000C2D18D8174B585D3844FEF7BDFF044616
:10B38000B8F1000FEFD0FE2EEBD800F09DFE804606
:10B3900006F1010A39F8160000F096FE8045E0D16A
:10B3A000A0465646E3E73B7813F0400F0CD0B8F1C7
:10B3B000000F0BD039F8163053B9012000E00020FF
:10B3C000BDE8F0870020FBE70120F9E70120F7E75F
:10B3D0000020F5E7243401082DE9F8430446D0F8AD
:10B3E00000800021FFF7AEFC0646002864D14FF034
:10B3F000FF3323634FF0FF094F460AE04FF0FF335E
:10B400002363FF2700212046FFF797FD064600280B
:10B4100052D1E1694046FFF7CCF9064600284BD1EE
:10B42000256A2B78002B46D0EA7A02F03F01A17101
:10B43000E52BE3D012F0080F14D00F29DED194F8D9
:10B440002F2012F0400FDDD113F0400F06D095F8F9
:10B450000D9003F0BF03626922631F46BB421AD0FE
:10B46000FF27CFE70F29EAD027B92846FFF733F99E
:10B47000484521D094F82F3013F0010F06D10B224C
:10B4800004F124012846FEF764FFA8B14FF0FF3312
:10B490002363FF27B6E76B7B4B4501D0FF27B1E75E
:10B4A0002946D8F80C00FFF747FF10B1013FFFB263
:10B4B000A8E7FF27A6E704263046BDE8F88330B5A5
:10B4C00083B004460191056801E001330193019BBB
:10B4D0001A782F2AF9D05C2AF7D00022A2601B78B4
:10B4E0001F2B1ED901A92046FFF710FE034600BB03
:10B4F0002046FFF771FF94F82F200346E0B912F0C1
:10B50000040F16D1A37913F0100F1CD005F13801E8
:10B510006369C3F3080319442846FFF724F8A060C1
:10B52000E0E7802384F82F3011462046FFF70AFC1D
:10B530000346184603B030BD0428FAD112F0040FB8
:10B54000F7D10523F5E70523F3E700002DE9F043E4
:10B5500085B0066890F82F3013F0A00F40F08A8075
:10B560000746002400E00134F36833F81430002B60
:10B57000F9D107F124080C22414601A8FEF7DAFEB2
:10B580009DF80F3013F0010F1CD0402387F82F30A7
:10B59000012500E00135632D0BD82B46F26801A987
:10B5A0004046FFF743F83846FFF716FF814600286C
:10B5B000F0D0642D64D0B9F1040F5DD19DF80F3047
:10B5C00087F82F309DF80F3013F0020F06D00C349F
:10B5D0002D4BA3FB0434A408013400E001242146D0
:10B5E0003846FFF72EFD8146002845D1013C1CD18D
:10B5F000B9F1000F40D1F9693046FFF7DAF881461A
:10B60000002839D120220021386AFEF79DFE0B2246
:10B610004146386AFEF78EFE97F82F303A6A03F0FB
:10B62000180313730123F37026E07969A1EB441129
:10B630003846FFF787FB8146F0B94046FFF74BF8E5
:10B640000546F9693046FFF7B4F881460028CFD1A6
:10B650002B46E2B2396AF068FEF7ACFF0123F370C3
:10B6600000213846FFF769FC81460028C0D1013C23
:10B67000E7D1BDE74FF00609484605B0BDE8F083C5
:10B680004FF00709F8E700BF4FECC44E70B5044611
:10B69000FFF765F8054648B92378032B08D0002248
:10B6A00011466078FEF71CFE00B10125284670BDEA
:10B6B0002379012BF3D104F138064FF400720021F5
:10B6C0003046FEF741FE4AF6552104F23620FEF7D9
:10B6D00023FE0F493046FEF723FE0E4904F507709E
:10B6E000FEF71EFEA16904F50870FEF719FE6169F8
:10B6F00004F50970FEF714FE626A013262630123E9
:10B7000031466078FEF7E0FD00232371C7E700BFF4
:10B71000525261417272416170B584B001900091E2
:10B720001646039103A8FEF7E6FF041E2CDB1A4B16
:10B7300053F8245045B12846FEF7DAFE286900F098
:10B740008AFC18B300232B70019B3BB100221A70B6
:10B7500001991031E0B200F072FCC8B1019B0E4AB1
:10B7600042F82430B3B1012E03D00024204604B0A7
:10B7700070BD002201A96846FFF772F80446014631
:10B780000198FFF786FCF1E70B24EFE70224EDE7D1
:10B790000224EBE70024E9E7883F00202DE9F04789
:10B7A00090B00191002800F019811546064602F07C
:10B7B0003F073A4602A901A8FFF752F8044648B1EC
:10B7C0000023336021460298FFF763FC204610B047
:10B7D000BDE8F087029B03934FF4007000F04EFC2D
:10B7E0008046002860D0029BD860019903A8FFF72B
:10B7F00066FE044660B99DF93B30002B5ADB15F01C
:10B800003E0F14BF0121002103A8FEF7B7FD044637
:10B8100015F01C0F64D0002C58D0042C4CD047F0ED
:10B820000807002C40F0D38017F0080F68D0FAF713
:10B83000F5FB054601460B980E30FEF771FD2946D3
:10B840000B981630FEF76CFD0B9B2022DA72DDF8A8
:10B850000890DDF82CA051464846FEF784FE0546C8
:10B86000002251464846FEF791FE00210B981C30FD
:10B87000FEF756FD029B0122DA70002D40D0029B9C
:10B88000D3F834900022294603A8FFF717FB04469B
:10B89000002840F09C8049460298FEF78AFF044643
:10B8A000013D029B5D612BE011210298FFF7F1FB46
:10B8B00011248BE70624ABE7FEF79AFD08B91224A2
:10B8C000ADE703A8FFF742FE0446A8E79DF8123053
:10B8D00013F0110F13D115F0040FA2D0082476E055
:10B8E000002C74D19DF8123013F0100F6ED115F0AA
:10B8F000020F05D013F0010F02D0072467E00724E0
:10B90000002C64D117F0080F01D047F04007029BCC
:10B910005B6B73620B9BB362012F94BF002101210B
:10B9200003A8FEF775FD306108B902244FE0029DBF
:10B93000DDF82C9049462846FEF715FEB06009F167
:10B940001C00FEF7DEFCF0600021F1623560EB8840
:10B95000B380377571753162B16106F130094FF40A
:10B9600000724846FEF7F0FC17F0200F2FD0F56864
:10B970006DB3B561029B5F897F02B16801E002246B
:10B98000ED1B64B9BD420AD93046FFF773F9014691
:10B990000128F4D9B0F1FF3FF2D10124F0E7F161C1
:10B9A000ACB9C5F3080393B1029F3846FEF7BEFD5C
:10B9B00008B902240BE000EB55223262012349460C
:10B9C0007878FEF775FC10B1012400E004244046AD
:10B9D00000F058FB002C3FF4F5AEF1E60924F5E643
:10B9E0002DE9F04F85B00446884616469946002357
:10B9F000C9F8003003A9FFF75BFB019060B9637DD4
:10BA000001934BB9237D13F0020F0DD0A369F342CC
:10BA1000C0F0BE80DE43BBE001990398FFF739FB1D
:10BA2000019805B0BDE8F08F07210398FFF731FBBF
:10BA300007230193F4E7E36A002B36D02046FEF794
:10BA400081FD002800F0CE80012833D0B0F1FF3F07
:10BA500038D0E061A36803B9A06094F91430002BDA
:10BA600038DBDDF80CB0E1695846FEF75FFD824631
:10BA7000002845D0BA44750AB6F5007F5DD37B191E
:10BA8000BBF80A20934200D9D51B2B4652464146AB
:10BA90009BF80100FEF718FC002839D1216AA1EBC0
:10BAA0000A01A9423CD36D0263E0E1692046FFF739
:10BAB0009FF9C6E70225657529460398FFF7E9FA5D
:10BAC0000195ADE70125657529460398FFF7E1FA71
:10BAD0000195A5E70123226A04F13001039840781B
:10BAE000FEF7F2FB20B9237D03F07F032375B8E74F
:10BAF0000125657529460398FFF7CBFA01958FE775
:10BB00000225657529465846FFF7C3FA019587E770
:10BB10000125657529460398FFF7BBFA01957FE774
:10BB20004FF4007208EB412104F13000FEF702FCF3
:10BB3000237D03F07F032375B5E7236A534503D0C4
:10BB4000A269E3689A423BD3C4F820A0A369C3F377
:10BB50000803C3F50075AE4200D2354604F130004B
:10BB60002A4641461844FEF7E5FB237D63F07F0338
:10BB70002375A844A3692B44A361E268934238BFAC
:10BB80001346E360D9F800302B44C9F80030761B27
:10BB900046B3A169C1F30803002BD7D1039B5F898A
:10BBA000013F17EA51277FF458AF00297FF443AFD4
:10BBB000A06800287FF448AF2046FFF719F940E756
:10BBC0000123524604F130019BF80100FEF770FB9F
:10BBD0000028B9D00125657529460398FFF759FA61
:10BBE00001951DE7237D43F0400323750021039851
:10BBF000FFF74FFA14E770B582B0044601A9FFF7CA
:10BC000057FA054678B9237D13F0400F0BD013F097
:10BC1000800F0FD1FAF702FA0646616A0198FEF723
:10BC2000C8FD0546D0B129460198FFF732FA2846EB
:10BC300002B070BD0123226A04F1300101984078FE
:10BC4000FEF742FB20B9237D03F07F032375E1E774
:10BC500001210198FFF71DFA0125E8E7A56AEB7AB3
:10BC600043F02003EB72A26829462068FEF78EFCA1
:10BC7000E16805F11C00FEF753FB314605F11600A3
:10BC8000FEF74EFB002105F11200FEF745FB019B7C
:10BC90000122DA700198FFF7F9FC0546237D23F0B5
:10BCA00040032375BFE730B583B00446FFF7A3FF19
:10BCB000054610B1284603B030BD01A92046FFF764
:10BCC000F7F905460028F5D12069FEF7F1FB054696
:10BCD00008B90023236000210198FFF7DAF9E9E7AA
:10BCE0002DE9F04F83B004460D4601A9FFF7E0F9B6
:10BCF0000646A0B9667D96B9E36A002B00F0A780DE
:10BD0000B5F1FF3F13D0E768AF4200D32F46A761DC
:10BD1000002F50D131460198FFF7BBF903E03146BF
:10BD20000198FFF7B6F9304603B0BDE8F08F9846AA
:10BD300058F804BBD4F808A0BAF1000F2FD04FF088
:10BD4000020909F102095146002701370D46204634
:10BD5000FEF790FF0146012813D9B0F1FF3F17D03D
:10BD600001358542F1D0CB4505D3434643F8087BE6
:10BD7000C8F804A09846019BDB698B4211D98A461A
:10BD8000DFE70226667531460198FFF782F9CAE7B8
:10BD90000126667531460198FFF77BF9C3E74FF03E
:10BDA0000209E36AC3F80090D94500F21781002325
:10BDB000C8F80030AEE707F1FF3949462046FEF7E4
:10BDC000C1FB0146E061DDF804804046FEF7AEFBB2
:10BDD000D8B1B8F80A50013D05EA59250544C7F322
:10BDE0000807002F96D0226AAA4293D094F9143003
:10BDF000002B11DB01232A4604F130010198407821
:10BE0000FEF756FAE0B9256284E7022666753146E8
:10BE10004046FFF73EF986E7012304F1300198F828
:10BE20000100FEF751FA20B9237D03F07F0323754B
:10BE3000E0E70126667531460198FFF72AF972E7B7
:10BE40000126667531460198FFF723F96BE7E36831
:10BE5000AB4204D2227D12F0020F00D11D46A3692D
:10BE60000022A261DDB1019AB2F80A804FEA4828A7
:10BE700073B16A1EB2FBF8F2013BB3FBF8F18A42E0
:10BE800006D3C8F100021340A361EF1AE56904E08C
:10BE9000A06830B3E0612F460546002D49D1A36963
:10BEA000E268934204D9E360227D42F040022275A9
:10BEB000C3F30803002B3FF42DAF226AAA423FF4DC
:10BEC00029AF94F91430002B6DDB01232A4604F1CD
:10BED000300101984078FEF7EBF9002877D1256210
:10BEE00018E700212046FEF783FF012804D0B0F1B7
:10BEF000FF3F08D0A060CDE7022666753146019865
:10BF0000FFF7C7F80FE70126667531460198FFF77E
:10BF1000C0F808E729462046FEF7ACFE0546B5F115
:10BF2000FF3F29D0012D2ED9019BDB69AB422AD9D5
:10BF3000E561474510D9A7EB0807A3694344A3610E
:10BF4000237D13F0020FE5D029462046FEF750FF6F
:10BF500005460028E3D10746A3693B44A361C7F324
:10BF60000803F3B1DDF8048029464046FEF7DEFA07
:10BF700080B100EB572592E701266675314601989E
:10BF8000FFF787F8CFE60226667531460198FFF77E
:10BF900080F8C8E60226667531464046FFF779F814
:10BFA000C1E61D467BE7012304F13001019840788A
:10BFB000FEF78AF920B9237D03F07F03237584E718
:10BFC0000126667531460198FFF763F8ABE6012656
:10BFD000667531460198FFF75CF8A4E6112699E6EC
:10BFE000134B5B7A13BB10B5044603F0FF00104BF4
:10BFF00093F809C05FFA8CFC4FF0000E03F80CE0D8
:10C0000093F809C003EB8C0CCCF804405C7A1C4418
:10C0100022725A7A541CE4B25C7230320A703A23AB
:10C020004B702F238B7081F803E010BD0120704707
:10C030008C3F002008B50022FFF7D2FF08BD10B5E5
:10C040000C4600220121084602F08CF920600038DD
:10C0500018BF012010BD08B502F040FA012008BD4C
:10C0600008B54FF47A7102F0D6F908B1002008BD86
:10C070000120FCE708B502F002FA08BD08B502F09D
:10C080008BFB08BD08B502F013FC08BD7F2817D94B
:10C0900031B1FF2813D880380A4B33F810007047AD
:10C0A00000237F2B07D8074A32F81320824202D0A0
:10C0B00001339BB2F5E703F18000C0B27047002066
:10C0C000704700BF64370108B0F5805F07D2234B8B
:10C0D0001A88002A41D090423FD310B506E0204B89
:10C0E000F6E773461A88DAB1904219D303F1040EC9
:10C0F0005B88190ADBB203EB020C604504DB002904
:10C10000EFD10EEB4303EDE7082909D8DFE801F092
:10C1100005090F1215181B1E2100841A3EF8140081
:10C1200010BD831A03F00103C01A80B2F8E710387B
:10C1300080B2F5E7203880B2F2E7303880B2EFE71E
:10C140001A3880B2ECE7083080B2E9E7503880B2A4
:10C15000E6E7A0F5E35080B2E2E7704770350108EA
:10C16000B434010880B110B582B004462023019395
:10C17000019B202B11D04FF0500383F31188BFF3A4
:10C180006F8FBFF34F8FFEE74FF0500383F311889B
:10C19000BFF36F8FBFF34F8FFEE7002340F8043BE0
:10C1A00000F068F801232377204602B010BD38B5AF
:10C1B000202002F0F1FA044628B1002540F8045B83
:10C1C00000F058F82577204638BDF8B568B10D461F
:10C1D0000446B1F1807F11D34FF0500383F31188EF
:10C1E000BFF36F8FBFF34F8FFEE74FF0500383F322
:10C1F0001188BFF36F8FBFF34F8FFEE700F10C067E
:10C2000001F094F8206923682B43236000270AE09B
:10C21000216832EA010105D111E0216841F0007185
:10C2200001F0FAFA2846B0420ED04568036823F0C0
:10C230007F4213F0806FEBD121681142F2D013F0EE
:10C24000807FEAD01743E8E7236823EA07032360E7
:10C2500001F00EF92068F8BD08B5FFF7B6FF08BD7C
:10C2600008B513460A460146014801F09FFE08BD85
:10C2700059C2000800F1080343604FF0FF328260AA
:10C28000C3600361002303607047002303617047AC
:10C2900043684B609A688A605160996008610368DE
:10C2A00001330360704730B40D68B5F1FF3F11D022
:10C2B00000F108031C465B681A68AA42FAD9636851
:10C2C0004B6099608C6061600861036801330360B2
:10C2D00030BC70470469F2E70369416882688A608C
:10C2E000416851605A68824206D0002202611A6891
:10C2F000013A1A601868704782685A60F5E7034689
:10C30000406A18B11B6B1868C0F13800704710B54F
:10C31000044602F077FBA26BE36B9A4204D0002440
:10C3200002F092FB204610BD0124F9E710B5044647
:10C3300002F068FBA36B23B9012402F085FB2046C1
:10C3400010BD0024F9E770B504461546866B026CF3
:10C350005AB903681BB100200136A66370BD80681E
:10C3600001F054FB0023A360F6E76DB9406803F0C9
:10C370006AFC6368226C13446360A268934219D319
:10C38000236863602846E7E7C06803F05CFCE36865
:10C39000226C51429B1AE3602268934202D2A36846
:10C3A0000B44E360022D01D00020D5E726B1013E09
:10C3B0000020D1E72846CFE70020CDE70346026CF6
:10C3C0006AB110B50846D9681144D9609C68A14289
:10C3D00001D31968D960D96803F035FC10BD7047E6
:10C3E00038B5054602F00EFB95F8454064B201E011
:10C3F000013C64B2002C0ADD6B6A43B105F12400F4
:10C4000001F0C4F90028F3D001F098FAF0E7FF2317
:10C4100085F8453002F018FB02F0F4FA95F8444034
:10C4200064B201E0013C64B2002C0ADD2B6943B127
:10C4300005F1100001F0AAF90028F3D001F07EFA0E
:10C44000F0E7FF2385F8443002F0FEFA38BD38B536
:10C45000E0B10D46044602F0D5FA2368E26B216C88
:10C4600001FB0230A0600020A0636360013A02FB80
:10C470000133E360FF2384F8443084F84530FDB98C
:10C48000236963B902F0E0FA012038BD4FF0500390
:10C4900083F31188BFF36F8FBFF34F8FFEE704F173
:10C4A000100001F073F90028ECD04FF0E0234FF0BA
:10C4B0008052C3F8042DBFF34F8FBFF36F8FE1E7B6
:10C4C00004F11000FFF7D6FE04F12400FFF7D2FEBE
:10C4D000D8E738B51D46049C0B4649B92460E06393
:10C4E000236401212046FFF7B2FF84F84C5038BD89
:10C4F0002260F4E740B94FF0500383F31188BFF393
:10C500006F8FBFF34F8FFEE710B584B01C46844693
:10C5100053B192B189B94FF0500383F31188BFF33F
:10C520006F8FBFF34F8FFEE74FF0500383F31188F7
:10C53000BFF36F8FBFF34F8FFEE76AB150230393B2
:10C54000039B502B13D04FF0500383F31188BFF39C
:10C550006F8FBFF34F8FFEE70029EFD04FF05003EE
:10C5600083F31188BFF36F8FBFF34F8FFEE7039BF9
:10C57000012384F8463000949DF818306046FFF798
:10C58000A8FF204604B010BD40B94FF0500383F31C
:10C590001188BFF36F8FBFF34F8FFEE7F0B583B005
:10C5A0000D461446064601FB00F0503002F0F4F848
:10C5B000074650B1002380F846300090234600F132
:10C5C000500229463046FFF784FF384603B0F0BDDD
:10C5D00040B94FF0500383F31188BFF36F8FBFF35F
:10C5E0004F8FFEE710B582B00C46884208D24FF05C
:10C5F000500383F31188BFF36F8FBFF34F8FFEE7B4
:10C6000002230093134600221146FFF773FF00B187
:10C61000846302B010BD40B94FF0500383F311881A
:10C62000BFF36F8FBFF34F8FFEE710B50C46884204
:10C6300008D24FF0500383F31188BFF36F8FBFF31D
:10C640004F8FFEE702220021FFF79EFF00B18463B7
:10C6500010BDF0B585B0019288B10F461D46044665
:10C66000B1B1022D20D1E36B012B1DD04FF050034F
:10C6700083F31188BFF36F8FBFF34F8FFEE74FF047
:10C68000500383F31188BFF36F8FBFF34F8FFEE723
:10C69000036C002BE5D04FF0500383F31188BFF3F8
:10C6A0006F8FBFF34F8FFEE701F054F9064658B97C
:10C6B000019B002B48D04FF0500383F31188BFF348
:10C6C0006F8FBFF34F8FFEE700263DE02A463946C5
:10C6D0002046FFF738FE636A7BB948B14FF0E0238C
:10C6E0004FF08052C3F8042DBFF34F8FBFF36F8F0D
:10C6F00002F0AAF9012005B0F0BD04F1240001F018
:10C7000045F80028F4D04FF0E0234FF08052C3F8F2
:10C71000042DBFF34F8FBFF36F8FE9E702F094F959
:10C720000020E8E702A801F0BBF8012619E0002389
:10C7300084F8443021E0002384F8453023E020468B
:10C74000FFF74EFE00F094FE02F05CF9A26BE36B83
:10C750009A42BBD3022DB9D0019B002BDED0002E14
:10C76000E0D002F071F900F0E1FD02F04BF994F82D
:10C77000442052B2B2F1FF3FD9D094F8452052B2D2
:10C78000B2F1FF3FD7D002F05FF901A902A801F092
:10C7900093F8D8B92046FFF7BAFD0028CFD0019909
:10C7A00004F1100000F0BEFF2046FFF719FE00F074
:10C7B0005FFE0028C8D14FF0E0234FF08052C3F84D
:10C7C000042DBFF34F8FBFF36F8FBDE72046FFF7F8
:10C7D00007FE00F04DFE00208DE748B108B50021AE
:10C7E00081600160C1600B460A46FFF732FF08BD59
:10C7F000704710B5024600210120FFF7C5FE044630
:10C80000FFF7EBFF204610BD10B582B00B4600903D
:10C81000002211460120FFF76DFE0446FFF7DDFF01
:10C82000204602B010BD38B538B10446856801F025
:10C830008BF885420AD0002038BD4FF0500383F3B7
:10C840001188BFF36F8FBFF34F8FFEE7E368013BA3
:10C85000E3600BB10120EFE71A4619462046FFF7C7
:10C86000F8FE0120E8E72DE9F84390B10F4616469F
:10C870001C460546B1B1022C20D1EB6B012B1DD01B
:10C880004FF0500383F31188BFF36F8FBFF34F8FC7
:10C89000FEE74FF0500383F31188BFF36F8FBFF3B0
:10C8A0004F8FFEE7036C002BE5D04FF0500383F36E
:10C8B0001188BFF36F8FBFF34F8FFEE702F0C8F907
:10C8C000EFF311884FF0500383F31188BFF36F8F9C
:10C8D000BFF34F8FAA6BEB6B9A4206D3022C04D0A6
:10C8E000002088F31188BDE8F88395F845904FFA49
:10C8F00089F9AB6B224639462846FFF724FDB9F18A
:10C90000FF3F06D009F101035BB285F845300120F5
:10C91000E7E76B6A0BB90120E3E705F1240000F0BB
:10C9200035FF18B126B101203060DAE70120D8E7E1
:10C930000120D6E768B170B50C460546036C8BB193
:10C940004FF0500383F31188BFF36F8FBFF34F8F06
:10C95000FEE74FF0500383F31188BFF36F8FBFF3EF
:10C960004F8FFEE70368EBB102F072F9EFF3118627
:10C970004FF0500383F31188BFF36F8FBFF34F8FD6
:10C98000AA6BEB6B934226D995F845305BB2013226
:10C99000AA63B3F1FF3F11D001335BB285F8453094
:10C9A000012019E08368002BDED04FF0500383F3A1
:10C9B0001188BFF36F8FBFF34F8FFEE76B6A0BB920
:10C9C000012009E005F1240000F0E0FE38B144B197
:10C9D0000120206000E0002086F3118870BD012056
:10C9E000FAE70120F8E7F0B585B0019290B10F4663
:10C9F0000446C1B100F0AEFF064600BB019B002B10
:10CA00005ED04FF0500383F31188BFF36F8FBFF3F5
:10CA10004F8FFEE74FF0500383F31188BFF36F8F02
:10CA2000BFF34F8FFEE7036C002BE3D04FF05003B2
:10CA300083F31188BFF36F8FBFF34F8FFEE700269C
:10CA40003EE039462046FFF7B9FC013DA563236966
:10CA500023B901F0F9FF012005B0F0BD04F1100089
:10CA600000F094FE0028F4D04FF0E0234FF0805205
:10CA7000C3F8042DBFF34F8FBFF36F8FE9E701F0C9
:10CA8000E3FF0020E8E702A800F00AFF012621E00A
:10CA9000002384F8443029E0002384F845302BE05B
:10CAA0002046FFF79DFC00F0E3FC09E02046FFF77D
:10CAB00097FC00F0DDFC2046FFF738FC00283FD152
:10CAC00001F0A0FFA56B002DBBD1019B002BD6D0A0
:10CAD000002ED8D001F0B8FF00F028FC01F092FF42
:10CAE00094F844305BB2B3F1FF3FD1D094F84530B5
:10CAF0005BB2B3F1FF3FCFD001F0A6FF01A902A8BE
:10CB000000F0DAFE0028D1D12046FFF70FFC002804
:10CB1000C6D0019904F1240000F004FE2046FFF77E
:10CB20005FFC00F0A5FC0028CAD14FF0E0234FF0D5
:10CB30008052C3F8042DBFF34F8FBFF36F8FBFE751
:10CB4000002089E770B584B0019158B10446036CA8
:10CB50008BB14FF0500383F31188BFF36F8FBFF396
:10CB60004F8FFEE74FF0500383F31188BFF36F8FB1
:10CB7000BFF34F8FFEE700F0EDFE054650B9019B75
:10CB80005BB14FF0500383F31188BFF36F8FBFF396
:10CB90004F8FFEE70026354655E0064653E0013B41
:10CBA000A36323683BB123694BB901F04DFF012614
:10CBB000304604B070BD00F0C1FFA060F3E704F19F
:10CBC000100000F0E3FD0028EFD04FF0E0234FF01D
:10CBD0008052C3F8042DBFF34F8FBFF36F8FE4E78C
:10CBE00046B14FF0500383F31188BFF36F8FBFF34B
:10CBF0004F8FFEE701F028FFDAE702A800F050FEB1
:10CC000001252AE0002384F8443032E0002384F830
:10CC1000453034E001F0F6FEA06800F0ABFE0646B9
:10CC200001F012FF3BE02046FFF7DAFB00F020FCAA
:10CC300009E02046FFF7D4FB00F01AFC2046FFF77E
:10CC400075FB002842D101F0DDFEA36B002BA6D1BD
:10CC5000019B002BC4D0002DCFD001F0F5FE00F0D9
:10CC600065FB01F0CFFE94F844305BB2B3F1FF3FB7
:10CC7000C8D094F845305BB2B3F1FF3FC6D001F0A5
:10CC8000E3FE01A902A800F017FE0028D1D120463A
:10CC9000FFF74CFB0028C6D02368002BBAD00199BF
:10CCA00004F1240000F03EFD2046FFF799FB00F060
:10CCB000DFFB0028C7D14FF0E0234FF08052C3F8CC
:10CCC000042DBFF34F8FBFF36F8FBCE70EB9002663
:10CCD0006EE701F097FE2046FFF711FB0146A068C2
:10CCE00000F0DCFE01F0B0FEF1E780B170B50C465B
:10CCF0000546866800F028FE864211D02146284667
:10CD0000FFF720FF80B1EB680133EB600CE04FF0E0
:10CD1000500383F31188BFF36F8FBFF34F8FFEE78C
:10CD2000EB680133EB60012070BD2DE9F843B0B131
:10CD30000D4690460446D9B101F08AFFEFF3118702
:10CD40004FF0500383F31188BFF36F8FBFF34F8F02
:10CD5000A66BCEB9002087F31188BDE8F8834FF0A9
:10CD6000500383F31188BFF36F8FBFF34F8FFEE73C
:10CD7000036C002BE0D04FF0500383F31188BFF316
:10CD80006F8FBFF34F8FFEE794F844904FFA89F905
:10CD900029462046FFF712FB731EA363B9F1FF3F3C
:10CDA00006D009F101035BB284F844300120D2E7D8
:10CDB00023690BB90120CEE704F1100000F0E6FC76
:10CDC00030B1B8F1000F05D00120C8F80000C2E76B
:10CDD0000120C0E70120BEE70023072B0CD8074A3B
:10CDE00052F833200AB10133F7E7044A42F833100E
:10CDF00002EBC30250607047704700BF983F0020AD
:10CE00000023072B0FD8084A02EBC3025268824264
:10CE100001D00133F5E7044A002142F8331002EB58
:10CE2000C302516070477047983F002038B110B579
:10CE30000446FFF7E5FF94F846304BB110BD4FF0C4
:10CE4000500383F31188BFF36F8FBFF34F8FFEE75B
:10CE5000204601F02DFDF1E770B504460D4616465B
:10CE600001F0D0FD94F844305BB2B3F1FF3F0DD038
:10CE700094F845305BB2B3F1FF3F0BD001F0E4FD15
:10CE8000A36B5BB12046FFF7ABFA70BD002384F8BB
:10CE90004430EDE7002384F84530EFE73246294679
:10CEA00004F1240000F056FCECE70000084B1B687E
:10CEB0001B6823B9074B4FF0FF321A607047044BD1
:10CEC0001B68DB68DB685A68024B1A60704700BF5A
:10CED00048400020E03F00202DE9F04780460D4605
:10CEE00017469946089EDDF824A00A9C9200A521C9
:10CEF000206B02F029FE236B07F18042013A03EB1D
:10CF0000820727F00707A5B34FF0000CBCF10F0F05
:10CF100009D815F80C3004EB0C0282F8343013B148
:10CF20000CF1010CF2E7002384F84330372E00D9CE
:10CF30003726E662E66400252565201DFFF7A5F982
:10CF400004F11800FFF7A1F92461C6F13806A661C3
:10CF50006462656584F858504A464146384601F097
:10CF600023FD2060BAF1000F01D0CAF80040BDE8EF
:10CF7000F087002384F83430D8E7000038B5002467
:10CF800007E004EB840293000E481844FFF772F99F
:10CF90000134372CF5D90C4D2846FFF76BF90B4CB3
:10CFA0002046FFF767F90A48FFF764F90948FFF7D9
:10CFB00061F90948FFF75EF9084B1D60084B1C60DA
:10CFC00038BD00BF74400020604000204C4000206D
:10CFD000304000201C400020044000204840002039
:10CFE0004440002010B5044601F00CFD224A1368AD
:10CFF00001331360214B1B685BB1214B1B686BB97C
:10D000001E4B1B68DA6AE36A9A4207D81B4B1C6006
:10D0100004E01A4B1C601368012B29D0194A1368CD
:10D02000013313606364E06A174B1B68984201D9AF
:10D03000154B186000EB8000211D144B03EB8000A2
:10D04000FFF726F901F000FD0D4B1B687BB10B4B80
:10D050001B68DA6AE36A9A4209D24FF0E0234FF084
:10D060008052C3F8042DBFF34F8FBFF36F8F10BDF5
:10D07000FFF784FFD2E700BF00400020D444002027
:10D08000F43F0020E43F0020F83F002074400020DF
:10D0900010B5044690F8593063B1012B11D0022B22
:10D0A0000ED04FF0500383F31188BFF36F8FBFF39F
:10D0B0004F8FFEE7006B01F0FBFB204601F0F8FB11
:10D0C00010BD01F0F5FBFBE70F4B1B68D3B110B5AA
:10D0D00001F098FC0D4BDB68DC68201DFFF7FCF8C5
:10D0E0000B4A1368013B1360074A1368013B136046
:10D0F00001F0AAFC2046FFF7CBFF034B1B68002B77
:10D10000E6D110BD704700BF184000201C40002031
:10D110000040002008B5FFF7D7FF074B1B68012B25
:10D12000F9D94FF0E0234FF08052C3F8042DBFF33C
:10D130004F8FBFF36F8FEEE77440002070B5044649
:10D140000D46174B1E68174B18680430FFF7C4F8DC
:10D15000B4F1FF3F0DD03444124B1B685C60A64213
:10D1600010D9114B18680F4B19680431FFF79BF861
:10D1700070BD002DEFD00B4B196804310B48FFF741
:10D1800087F8F5E70A4B1868064B19680431FFF772
:10D190008AF8084B1B68A342EAD9064B1C60E7E7F4
:10D1A000FC3F0020D44400204440002004400020E4
:10D1B00048400020E03F002030B587B00B9C7CB198
:10D1C0000C9DB5B15C250495049D5C2D1AD04FF0E3
:10D1D000500383F31188BFF36F8FBFF34F8FFEE7C8
:10D1E0004FF0500383F31188BFF36F8FBFF34F8F5E
:10D1F000FEE74FF0500383F31188BFF36F8FBFF347
:10D200004F8FFEE7049D0C9D2C63022485F8594046
:10D2100000240394029505AC01940A9C0094FFF746
:10D220005BFE0C98FFF7DEFE059807B030BD2DE9D8
:10D23000F04385B00746884614461E46900001F02C
:10D24000ABFA08B381465C2001F0A6FA0546A8B106
:10D25000C0F83090002380F85930039302900D9B62
:10D2600001930C9B00933346224641463846FFF714
:10D2700033FE2846FFF7B6FE012007E0484601F0DE
:10D2800017FB4FF0FF3001E04FF0FF3005B0BDE875
:10D29000F083000010B588B000240594069407AA16
:10D2A00006A905A801F0FCF9059B0293069B0193D2
:10D2B00000942346079A17491748FFF77DFF174B3D
:10D2C0001860C0B100F0B4FC012815D14FF0500334
:10D2D00083F31188BFF36F8FBFF34F8F104B4FF065
:10D2E000FF321A600F4B01221A600F4B00221A60A6
:10D2F00001F022FC03E00020B0F1FF3F01D008B0B4
:10D3000010BD4FF0500383F31188BFF36F8FBFF34D
:10D310004F8FFEE75C30010815D10008DC3F00208C
:10D32000E03F0020F43F0020FC3F0020024A136849
:10D3300001331360704700BFD83F0020014B1868CD
:10D34000704700BFFC3F002008B501F081FC014B95
:10D35000186808BDFC3F0020F8B53A4B1B68002B4D
:10D3600069D1394B1D6801351D60C5B9374B1B6844
:10D370001B6843B14FF0500383F31188BFF36F8FE5
:10D38000BFF34F8FFEE7314A1168314B18681060C8
:10D390001960304A136801331360FFF787FD2E4B85
:10D3A0001B68AB423DD900272C4B1B68DB6A03EBA3
:10D3B00083039A002A4B9B58012B00D90127294B44
:10D3C0001B68002B3CD001273AE001271F4B1B684C
:10D3D0001B6843B31D4B1B68DB68DC6863689D42B8
:10D3E00026D3261D3046FEF777FFA36A1BB104F152
:10D3F0001800FEF771FFE36A1B4A1268934201D9D5
:10D40000194A136003EB83039A0031461448104411
:10D41000FEF73EFFE26A114B1B68DB6A9A42D4D2E8
:10D42000D4E70027D2E70C4B4FF0FF321A60BBE77E
:10D43000094A1360B8E70D4A1368013313600027E7
:10D440003846F8BDD83F0020FC3F0020484000206F
:10D4500044400020E83F0020E03F0020D44400206A
:10D4600074400020EC3F0020F83F0020F03F0020F7
:10D4700038B5354B1B6843B94FF0500383F311881F
:10D48000BFF36F8FBFF34F8FFEE701F0BBFA2E4B58
:10D490001A68013A1A601B68002B4FD12B4B1B688E
:10D4A0000BB900244BE00024294B1B681BB3284B0D
:10D4B000DB68DC6804F11800FEF70EFF251D284626
:10D4C000FEF70AFFE06A234B1B68984201D9214B03
:10D4D000186000EB800029461F4B03EB8000FEF72D
:10D4E000D7FEE26A1D4B1B68DB6A9A42DCD31C4BF9
:10D4F00001221A60D8E70CB1FFF7D8FC194B1C6861
:10D5000084B9174B1C68D4B14FF0E0234FF0805220
:10D51000C3F8042DBFF34F8FBFF36F8F01240EE0CC
:10D52000013C07D0FFF718FF0028F9D00C4B01226F
:10D530001A60F5E70B4B00221A60E2E7002401F0C5
:10D5400083FA204638BD00BFD83F002000400020AD
:10D5500030400020F83F002074400020D4440020D8
:10D56000EC3F0020F03F002038B558B10C4605468E
:10D5700089B94FF0500383F31188BFF36F8FBFF366
:10D580004F8FFEE74FF0500383F31188BFF36F8F87
:10D59000BFF34F8FFEE71B4B1B6843B14FF05003A7
:10D5A00083F31188BFF36F8FBFF34F8FFEE7FFF751
:10D5B000BDFE154B18682B681C44834209D9A34251
:10D5C00001D82C600EE0A04201D32C600AE02C6050
:10D5D00004E0A34201D8A04212D22C600021201AFC
:10D5E000FFF7ACFDFFF744FF48B94FF0E0234FF0E1
:10D5F0008052C3F8042DBFF34F8FBFF36F8F38BD38
:10D600002C60EFE7D83F0020FC3F002010B5A8B108
:10D610000446104B1B6843B14FF0500383F311884D
:10D62000BFF36F8FBFF34F8FFEE7FFF77FFE002141
:10D630002046FFF783FDFFF71BFF48B94FF0E023BB
:10D640004FF08052C3F8042DBFF34F8FBFF36F8F9D
:10D6500010BD00BFD83F002008B52D4B1B681BB183
:10D660002C4B01221A6008BD2A4B00221A602A4B5B
:10D670001B681B6B1A68B2F1A53F03D15A68B2F15F
:10D68000A53F10D0244B186819683431F7F72AFFEA
:10D69000224B1B6803EB83018A0021498A58A2B9F7
:10D6A00053B1013BF6E79A68B2F1A53FEAD1DB68D6
:10D6B000B3F1A53FE6D1EBE74FF0500383F31188B8
:10D6C000BFF36F8FBFF34F8FFEE7084603EB830175
:10D6D0008A00024451684968516003EB830C4FEAA9
:10D6E0008C020832024491420BD003EB830291007A
:10D6F0000B4A0A445268D168074A1160074A13600E
:10D70000B1E7486862469100054A0A445060ECE778
:10D71000D83F0020EC3F0020D4440020F83F0020F8
:10D720007440002058B110B50C46094A11681831F0
:10D73000FEF7B9FD01212046FFF700FD10BD4FF0B7
:10D74000500383F31188BFF36F8FBFF34F8FFEE752
:10D75000D444002038B570B10D4614460A4A116809
:10D760001831FEF795FD0CB14FF0FF3521462846E4
:10D77000FFF7E4FC38BD4FF0500383F31188BFF38B
:10D780006F8FBFF34F8FFEE7D444002038B5C368D6
:10D79000DC6824B304F118052846FEF79DFD184BFC
:10D7A0001B682BBB251D2846FEF796FDE06A154B2E
:10D7B0001B68984201D9134B186000EB8000294682
:10D7C000114B03EB8000FEF763FDE26A0F4B1B6811
:10D7D000DB6A9A4211D901200D4B186038BD4FF019
:10D7E000500383F31188BFF36F8FBFF34F8FFEE7B2
:10D7F00029460848FEF74CFDE7E70020EEE700BFAA
:10D80000D83F0020F83F002074400020D44400207E
:10D81000EC3F00203040002038B51C4B1B6843B95A
:10D820004FF0500383F31188BFF36F8FBFF34F8F17
:10D83000FEE741F000410160C468F4B1FEF74CFD21
:10D84000251D2846FEF748FDE06A114B1B689842EB
:10D8500001D90F4B186000EB800029460D4B03EBFC
:10D860008000FEF715FDE26A0B4B1B68DB6A9A42EB
:10D8700002D90A4B01221A6038BD4FF0500383F3DE
:10D880001188BFF36F8FBFF34F8FFEE7D83F0020A3
:10D89000F83F002074400020D4440020EC3F0020DA
:10D8A000034B1B680360034B1B684360704700BF5A
:10D8B000E83F0020FC3F0020F8B5C8B10C46054603
:10D8C000F9B101F09FF81B4B19686B68C81A226800
:10D8D000B2F1FF3F26D0184E36682F68B74201D00C
:10D8E0008B4224D9824215D80023236001241AE0F8
:10D8F0004FF0500383F31188BFF36F8FBFF34F8F47
:10D90000FEE74FF0500383F31188BFF36F8FBFF32F
:10D910004F8FFEE75B1A134423602846FFF7C0FFD2
:10D92000002400E0002401F08FF82046F8BD012417
:10D93000F9E700BFFC3F0020E83F0020014B012237
:10D940001A607047EC3F0020014B1868704700BF19
:10D95000D4440020054B1B6833B1054B1B680BB149
:10D96000002070470220704701207047F43F0020DC
:10D97000D83F002000283ED038B50446C36A204A6C
:10D980001268D26A93422ED28269002A05DB1C4AB1
:10D990001268D26AC2F138028261616903EB8303C3
:10D9A000184A02EB8303994205D0154B1B68DB6ACA
:10D9B000E362012038BD251D2846FEF78DFC104B83
:10D9C0001B68D86AE062104B1B68984201D90E4B65
:10D9D000186000EB800029460A4B03EB8000FEF73D
:10D9E00057FC0120E6E7C26C054B1B68DB6A9A42D4
:10D9F00003D30020DEE7002070470120DAE700BFF4
:10DA0000D444002074400020F83F002000283BD080
:10DA100038B504461E4B1B68834208D04FF05003B4
:10DA200083F31188BFF36F8FBFF34F8FFEE7036D52
:10DA300043B94FF0500383F31188BFF36F8FBFF3E7
:10DA40004F8FFEE7013B0365C16AC26C91421DD056
:10DA50000BB1002038BD051D2846FEF73DFCE06CEB
:10DA6000E062C0F13803A3610A4B1B68984201D9F8
:10DA7000084B186000EB80002946074B03EB800041
:10DA8000FEF706FC0120E5E7002070470020E1E7F3
:10DA9000D4440020F83F002074400020002846D0E5
:10DAA00038B50446036D43B94FF0500383F3118832
:10DAB000BFF36F8FBFF34F8FFEE7C26C8A4200D275
:10DAC0000A46E16A914201D0012B00D038BD184BC3
:10DAD0001B68A34222D0E262A369002B02DBC2F1E1
:10DAE0003802A261626901EB8101124B03EB8103F1
:10DAF0009A42EBD1251D2846FEF7EEFBE06A0E4B5D
:10DB00001B68984201D90C4B186000EB8000294635
:10DB1000084B03EB8000FEF7BBFBD7E74FF0500349
:10DB200083F31188BFF36F8FBFF34F8FFEE770470A
:10DB3000D444002074400020F83F0020054B1B68AF
:10DB400023B1044B1A68136D01331365014B186838
:10DB5000704700BFD4440020064B1A6813682BB9E5
:10DB60000123036023B9D368186870470023F8E7DE
:10DB700000207047D845002008B5416000619142FF
:10DB80000CD8D21A83699A4201D3012008BD011D25
:10DB9000094B1868FEF787FB0020F7E79A4201D28D
:10DBA000994206D2011D054B1868FEF77CFB002048
:10DBB000ECE70120EAE700BFD4450020D84500206B
:10DBC00030B583B000F01EFF114B1B681BB100F095
:10DBD0003BFF03B030BD0F4D2846FEF74BFB0E4C0C
:10DBE0002046FEF747FB0D4B1D600D4B1C600023CC
:10DBF00000930C4B0C4A10210A20FEF77BFC044BCF
:10DC000018600028E3D00949FFF7E6F8DFE700BF16
:10DC1000D0450020F0450020DC450020D8450020FC
:10DC2000D4450020D8440020284500206430010855
:10DC300010B588B0FFF7C4FF124B1B68CBB10024AE
:10DC40000594069407AA06A905A800F035FD059BD2
:10DC50000293069B0193022300932346079A0A49E5
:10DC60000A48FFF7A9FA0A4B186010B1012008B062
:10DC700010BD4FF0500383F31188BFF36F8FBFF3D4
:10DC80004F8FFEE7D04500206C30010895DF00087B
:10DC9000CC450020B8B19C4603461848006858B3EC
:10DCA00000B585B000910192029305291CDCFFF7B5
:10DCB00051FE022810D000231A4669460F4800681A
:10DCC000FEF7C7FC15E04FF0500383F31188BFF354
:10DCD0006F8FBFF34F8FFEE70023069A6946074810
:10DCE0000068FEF7B6FC04E0002362466946FEF7D2
:10DCF000BAFD05B05DF804FB00207047D045002058
:10DD000070B582B01B4B1B681A6862B3DB681E6873
:10DD1000DC68251D2846FEF7DFFA236A204698476F
:10DD200094F8283013F0040FECD0A36933449E42DA
:10DD300007D26360246129460E4B1868FEF7B3FAD8
:10DD4000E0E7002100910B4632462046FFF7A2FF94
:10DD50000028D7D14FF0500383F31188BFF36F8FA2
:10DD6000BFF34F8FFEE7044A106802490860136052
:10DD700002B070BDD8450020D445002038B5054616
:10DD8000FFF7DCFA0446074B1B68834205D80023E3
:10DD90002B60044B1C60204638BDFFF7B1FF012308
:10DDA0002B60F6E7C845002070B582B006460D46E8
:10DDB00017490968C968CC68201DFEF78DFA94F8E8
:10DDC00028C01CF0040F08D12CF0010C84F828C0E6
:10DDD000236A2046984702B070BDA16933462A469F
:10DDE00031442046FFF7C8FE0028F1D00021009101
:10DDF0000B4632462046FFF74DFF0028E8D14FF092
:10DE0000500383F31188BFF36F8FBFF34F8FFEE78B
:10DE1000D845002070B582B006460C46FFF786FA5A
:10DE200001A8FFF7ABFF019B33BB0546E4B9B04245
:10DE300013D22246711B124B1868FFF70DF8FFF73B
:10DE400017FBD8B94FF0E0234FF08052C3F8042DF0
:10DE5000BFF34F8FBFF36F8F10E0FFF709FB294629
:10DE60003046FFF7A1FF09E0064A126812680AB9B6
:10DE70000124DEE71C46DCE7FFF7FAFA02B070BDCA
:10DE8000D0450020D445002010B588B002E0049BA6
:10DE9000002B0FDA002204A93D4B1868FEF7A3FD02
:10DEA000002873D0049B002BF1DA07990698059B94
:10DEB0009847ECE7069C636913B1201DFEF70CFA46
:10DEC00003A8FFF75BFF049B092BE3D8DFE803F00F
:10DED0000505053037500505303794F8283043F0F4
:10DEE000010384F82830059BA169024619442046A5
:10DEF000FFF742FE0028CDD0236A2046984794F8C9
:10DF0000283013F0040FC5D0A269002100910B4600
:10DF1000059802442046FFF7BDFE0028BAD14FF015
:10DF2000500383F31188BFF36F8FBFF34F8FFEE76A
:10DF300094F8283023F0010384F82830AAE794F8F5
:10DF4000283043F0010384F828300599A16131B1EC
:10DF50000346024601442046FFF70EFE9AE74FF0C3
:10DF6000500383F31188BFF36F8FBFF34F8FFEE72A
:10DF700094F8283013F0020F04D023F0010384F842
:10DF8000283087E7204600F093FC83E708B010BDF7
:10DF9000D045002000B583B001A8FFF7DDFD019951
:10DFA000FFF738FFFFF770FFF6E7000010B584B009
:10DFB00014461A466FF001030093019002910394F6
:10DFC0000023694602480068FEF74DFC04B010BD0E
:10DFD000D045002008B54FF0E0231B69FFF7BAFCDD
:10DFE000012800D108BD00F07DFDFBE7EFF30583BC
:10DFF0002BB9064B186828B901221A6070476FF0D8
:10E00000050070474FF0FF30704700BFBC4C002048
:10E0100008B5FFF79FFC40B10346022806D0044B29
:10E020001B68012B02D0002300E00323184608BD23
:10E03000BC4C0020EFF3058373B90A4B1B68012B1E
:10E040000DD110B50024084BDC77064B02221A6074
:10E05000FFF720F9204610BD6FF0050070474FF024
:10E06000FF307047BC4C002000ED00E008B5EFF336
:10E07000058313B1FFF768F908BDFFF75FF9FBE708
:10E08000F0B587B000240594EFF3058474BB68B342
:10E0900022B31568936903B918235C1E372C49D83D
:10E0A000546814F0010F47D156696EB14FEA960CCF
:10E0B00094682CB1D7685B2F02D9176907B1C6B92C
:10E0C0002CB14FF0FF340EE04FF0800CF0E7D46835
:10E0D0008CB9146994B14FF0FF3404E01546002464
:10E0E00018234FF0800C012C0AD0ACB1059807B072
:10E0F000F0BD0124F7E74FF0FF34F4E70024F2E726
:10E10000146992680292019400930B466246294674
:10E11000FFF752F80590E9E705AA019200930B4634
:10E120001FFA8CF22946FFF782F80128DED000237F
:10E130000593DBE70020DAE70020D8E708B5EFF326
:10E14000058333B908B9002008BDFFF75FFA002046
:10E15000FAE76FF00500F7E7EFF3058373B910B541
:10E1600082B00446FFF7EAF80190211A002908DD81
:10E1700001A8FFF7F9F9002002B010BD6FF005000B
:10E1800070476FF00300F7E708B5EFF30583CBB9ED
:10E19000A0B1836813B1C2681F2A0BD82BB14FF00E
:10E1A000FF338BB9FEF703F808BDC36843B14FF0E6
:10E1B000FF33F6E71846FDF7D5FFF5E70023F0E754
:10E1C0000023EEE70020EFE70020EDE7F8B110B5FF
:10E1D00082B00C46B1F1807F1CD2EFF305829AB178
:10E1E0000022019201AAFEF73BF8B8B1019BC3B12E
:10E1F0004FF0E0234FF08052C3F8042DBFF34F8F50
:10E20000BFF36F8F204607E0FDF7DFFF04E06FF0FC
:10E21000030070476FF0030002B010BD6FF0020002
:10E22000FAE72046F8E770B5EFF30583002B3CD101
:10E23000044600B1436813F0010600D0012613F034
:10E24000080F35D144B3A16811B1E3684F2B18D83A
:10E2500091B14FF0FF336BBB16B30420FEF7C9FA40
:10E2600005461DB304B1246821462846FEF7B4FDD7
:10E27000E6B145F0010519E0E3687BB14FF0FF33EB
:10E28000E9E726B10420FEF7BFFA0546E9E70120D9
:10E29000FEF7BAFA0546E4E70023DCE70023DAE7F5
:10E2A0000120FEF7A6FA0546DBE70025284670BDEB
:10E2B0000025FBE70025F9E7EFF30582DAB910B591
:10E2C00003460C4620F0010003F00101012B15D993
:10E2D00041B12146FEF709FD012812D09CB16FF033
:10E2E00001000FE02146FEF72DFC01280ED07CB185
:10E2F0006FF0010006E06FF0050070476FF003005B
:10E3000000E0002010BD6FF00200FBE70020F9E7FD
:10E310006FF00200F6E7EFF30582BAB908B50346DD
:10E3200020F0010003F00101012B12D929B1FEF701
:10E330007AFA012810D1002008BD00231A46194698
:10E34000FEF787F901280AD10020F5E76FF00500F4
:10E3500070476FF00300EFE76FF00200ECE76FF03B
:10E360000200E9E770B582B0EFF30583002B48D1D6
:10E370000E461446002848D0884248D34AB19568D2
:10E3800015B1D3684F2B14D8002D42D1E3680BB1DF
:10E3900038E0002301280ED06BBB3146FEF73BF975
:10E3A00005467DB304B1246821462846FEF714FDD6
:10E3B00028E00123EEE7ABB9032200210120FEF79C
:10E3C000E3F80546F5B1002EEBD000231A461946B6
:10E3D0002846FEF73EF90128E3D02846FEF726FD41
:10E3E00000250FE0A3680322009200221146FEF7E9
:10E3F00081F80546E6E7A2683146FEF7E9F80546EA
:10E40000CFE70025284602B070BD0025FAE70025B9
:10E41000F8E70025F6E720B310B582B00C46EFF31D
:10E420000583B3B101BB0021019101AAFEF77DFC78
:10E4300001281CD1019850B14FF0E0234FF08052D9
:10E44000C3F8042DBFF34F8FBFF36F8F002002B0CE
:10E4500010BDFEF777FB01280CD06CB16FF0010006
:10E46000F5E76FF0030070476FF00300EFE76FF020
:10E470000200ECE70020EAE76FF00200E7E720B3D4
:10E4800000B583B0EFF30583A3B10023019301A985
:10E49000FEF750FA01281BD1019898B14FF0E02304
:10E4A0004FF08052C3F8042DBFF34F8FBFF36F8F2F
:10E4B000002007E000231A461946FEF7CAF8012893
:10E4C00009D1002003B05DF804FB6FF00300704732
:10E4D0006FF00200F6E76FF00200F3E7EFF3058359
:10E4E0004BB910B5044648B1FEF78AFC2046FEF74A
:10E4F0009DFC002010BD6FF0050070476FF0030019
:10E50000F8E770B582B0EFF30583002B3AD11446DB
:10E5100000283BD000293BD06AB393684BB1D26846
:10E520004F2A06D9226922B101FB00F56669AE4285
:10E530001BD273B14FF0FF3363BB0022FEF724F808
:10E54000054605B304B1246821462846FEF744FC7D
:10E5500019E0E3688BB9236913B14FF0FF33EBE7A0
:10E5600063696BB14FF0FF33E6E700250095FDF7D7
:10E57000C1FF0546E5E70023DEE74FF0FF33DBE7A9
:10E580000023D9E70025284602B070BD0025FAE730
:10E590000025F8E70025F6E710B582B01C46EFF33A
:10E5A0000583C3B118B329B33CBB0023019301AA6F
:10E5B000FEF759F9012823D1019850B14FF0E0231B
:10E5C0004FF08052C3F8042DBFF34F8FBFF36F8F0E
:10E5D000002002B010BDB0B1C1B100232246FEF749
:10E5E00038F8012815D0B4B16FF00100F1E76FF0F1
:10E5F0000300EEE76FF00300EBE76FF00300E8E7DE
:10E600006FF00200E5E76FF00300E2E76FF0030050
:10E61000DFE70020DDE76FF00200DAE710B582B037
:10E620001C46EFF30583C3B110B321B334BB002301
:10E63000019301AAFEF779FB012822D1019850B17C
:10E640004FF0E0234FF08052C3F8042DBFF34F8FFB
:10E65000BFF36F8F002002B010BDA8B1B9B1224640
:10E66000FEF7C1F9012815D0B4B16FF00100F2E74F
:10E670006FF00300EFE76FF00300ECE76FF00300CB
:10E68000E9E76FF00200E6E76FF00300E3E76FF001
:10E690000300E0E70020DEE76FF00200DBE70000A8
:10E6A000034B0360034B0B6080231360704700BF74
:10E6B000604C0020604A0020034B0360034B0B605A
:10E6C0004FF4807313607047044A00200446002012
:10E6D000124A12F0070F1ED0D11D21F00701C1F51B
:10E6E000705313440A460E480260002141601344EF
:10E6F000083B23F007030B48036059601960991A1F
:10E7000051601360084B1960084B1960084B4FF0BB
:10E7100000421A6070474FF47053E4E7E04C002069
:10E72000D84C0020D44C0020CC4C0020D04C0020F1
:10E73000C04C0020164B1A461B688342FBD351681D
:10E7400002EB010C844509D0416800EB010C6345E4
:10E7500009D00360904219D01060704740680144AE
:10E7600051601046F0E710B40A4C2468A3420BD065
:10E770005B681944416013681B680360904200D0D5
:10E7800010605DF8044B70470460F7E7704700BF06
:10E79000D84C0020D44C002038B50446FEF7C6FD06
:10E7A0003D4B1B68ABB13D4B1B681C4214D1002C88
:10E7B0006AD004F1080214F0070F02D022F0070219
:10E7C0000832D2B1364B1B6893421AD335490C68D4
:10E7D0001DE0FFF77DFFE6E7FEF74AFE0025F6F7AE
:10E7E00079FE15F0070F55D04FF0500383F31188D1
:10E7F000BFF36F8FBFF34F8FFEE7FEF739FE0025A3
:10E80000EDE7FEF735FE0025E9E721461C46636883
:10E81000934202D22368002BF7D11F4B1B68A342FF
:10E8200014D00D68083523680B6063689B1A102BA1
:10E8300014D9A01810F0070F0CD04FF0500383F339
:10E840001188BFF36F8FBFF34F8FFEE7FEF710FE07
:10E850000025C4E743606260FFF76CFF62681049FF
:10E860000B689B1A0B60104909688B4201D20E4954
:10E870000B600A4B1B6813436360002323600B4A41
:10E8800013680133136000E00025FEF7F1FD002D51
:10E89000A7D1A4E7284638BDD44C0020C04C0020A6
:10E8A000D04C0020D84C0020CC4C0020C84C00207C
:10E8B000002834D038B50446A0F1080550F8043CCF
:10E8C000174A1268134208D14FF0500383F311889E
:10E8D000BFF36F8FBFF34F8FFEE750F8081C41B1B5
:10E8E0004FF0500383F31188BFF36F8FBFF34F8F47
:10E8F000FEE723EA020340F8043CFEF717FD54F854
:10E90000041C084A13680B4413602846FFF712FFE3
:10E91000054A136801331360FEF7AAFD38BD70473E
:10E92000C04C0020D04C0020C44C002082B00023FA
:10E9300001930D4B1B68B3F1FF3F08D04FF050031C
:10E9400083F31188BFF36F8FBFF34F8FFEE74FF054
:10E95000500383F31188BFF36F8FBFF34F8F019B79
:10E96000002BFCD002B0704744000020084800682B
:10E97000006880F308884FF0000080F3148862B6C6
:10E9800061B6BFF34F8FBFF36F8F00DF00BF000092
:10E9900008ED00E0DFF80C00016841F4700101604F
:10E9A0007047000088ED00E04FF0807340F8043CB1
:10E9B00021F0010140F8081C054B40F80C3C40F8E0
:10E9C000202C6FF0020340F8243C4438704700BF0D
:10E9D0002DE9000800000000000000000000000019
:10E9E000074B19680868B0E8F04F80F30988BFF357
:10E9F0006F8F4FF0000080F311887047AFF30080F5
:10EA0000D44400204FF0500383F31188BFF36F8F7D
:10EA1000BFF34F8F0B4A136801331360012B00D0F3
:10EA200070474FF0E023D3F8043D13F0FF0FF7D009
:10EA30004FF0500383F31188BFF36F8FBFF34F8FF5
:10EA4000FEE700BF44000020094B1B6843B94FF0AC
:10EA5000500383F31188BFF36F8FBFF34F8FFEE72F
:10EA6000013B034A13600BB983F31188704700BF61
:10EA70004400002000000000000000000000000032
:10EA8000EFF30980BFF36F8F154B1A681EF0100F5C
:10EA900008BF20ED108A20E9F04F10602DE9090031
:10EAA0004FF0500080F31188BFF34F8FBFF36F8F8B
:10EAB000FEF7D2FD4FF0000080F3118809BC196801
:10EAC0000868B0E8F04F1EF0100F08BFB0EC108AD5
:10EAD00080F30988BFF36F8F704700BFAFF30080EA
:10EAE000D444002008B54FF0500383F31188BFF3DE
:10EAF0006F8FBFF34F8FFEF72FFC28B14FF0E0234D
:10EB00004FF08052C3F8042D002383F3118808BD11
:10EB10004FF0E022002313619361054B1B68054908
:10EB2000A1FB03139B09013B53610723136170474A
:10EB300040000020D34D62104FF0E023D3F8002DA9
:10EB40003D4B9A421CD04FF0E023D3F8002D3B4BB5
:10EB50009A421ED030B583B0394B1A78D2B20192A6
:10EB6000FF221A701B78DBB28DF803309DF803305A
:10EB700003F05003334A1370334B07221A601BE033
:10EB80004FF0500383F31188BFF36F8FBFF34F8FA4
:10EB9000FEE74FF0500383F31188BFF36F8FBFF38D
:10EBA0004F8FFEE7284A1368013B13609DF803303E
:10EBB0005B00DBB28DF803309DF8033013F0800F5B
:10EBC000F0D1214B1B68032B08D04FF0500383F387
:10EBD0001188BFF36F8FBFF34F8FFEE71B021A4AF6
:10EBE000136003F4E0631360019BDBB2144A1370FB
:10EBF0004FF0E024D4F8203D43F47003C4F8203DE6
:10EC0000D4F8203D43F07043C4F8203DFFF780FF67
:10EC100000250E4B1D60FFF7BDFED4F8343F43F0D6
:10EC20004043C4F8343FFFF7A1FEFEF715FDFFF7A0
:10EC30007DFE284603B030BD71C20F4170C20F4146
:10EC400000E400E0E4880020E08800204400002088
:10EC5000EFF305830F2B0FD9114A9B5CDBB2114AEE
:10EC600012789A4208D94FF0500383F31188BFF30A
:10EC70006F8FBFF34F8FFEE74FF0E023D3F80C3DCB
:10EC800003F4E063084A1268934208D94FF0500336
:10EC900083F31188BFF36F8FBFF34F8FFEE7704789
:10ECA000F0E300E0E4880020E088002010B503468F
:10ECB0000C4A0D490D48006840B10C4800680344F7
:10ECC000521A934206D8094A136010BD0748084CEF
:10ECD0000460F2E700F08AFF0C2303604FF0FF307E
:10ECE000F3E700BF0000022000040000E8880020D5
:10ECF000388A00200120704708B500F077FF1623FE
:10ED000003604FF0FF3008BD08B54FF0FF31FFF74B
:10ED1000F3FFFEE770B50C461646002506E0AFF39C
:10ED20000080214601F8010B01350C46B542F6DBA7
:10ED3000304670BD70B50C461646002504E014F848
:10ED4000010BF2F7CDFB0135B542F8DB304670BD63
:10ED50004FF0FF3070474FF400534B600020704776
:10ED60000120704700207047DFF834D0FBF774FAB9
:10ED70000C480D490D4A002302E0D458C450043316
:10ED8000C4188C42F9D30A4A0A4C002301E01360EC
:10ED90000432A242FBD300F02FFFF2F7E9FD7047E7
:10EDA000000002200000002010020020EC3B0108BF
:10EDB00010020020388A0020FEE72DE9FF4757ECBB
:10EDC000106B002F0C4619463B46BBBF07F10043B2
:10EDD0001F4600232D230B700D9BDDF830A09146BC
:10EDE00023F02008BCBF32461646B8F1460F05D0C6
:10EDF000B8F1450F00D10134022100E0032103AB3B
:10EE0000019302AB009347EC106B5346224600F08F
:10EE1000B3FFB8F1470F054619D119F0010F0ED015
:10EE200000EB04090022002330463946F1F72CFE9E
:10EE300008B1CDF80C903022039B4B451ED3039BA9
:10EE40000E9A5B1B2846136004B0BDE8F087B8F14A
:10EE5000460F00EB0409E5D10378302B0AD10022DC
:10EE6000002330463946F1F70FFE18B9C4F101040A
:10EE7000CAF80040DAF800309944D3E7591C0391EE
:10EE80001A70D9E7F7B50029BABF49422D232B23C1
:10EE900009290270437029DD0DF107031D460A2779
:10EEA0001A46B1FBF7F607FB1614303402F8014C92
:10EEB0000C46632C03F1FF333146F1DC3031941EF4
:10EEC00003F8011C411C2346AB420AD30DF1090390
:10EED0009B1AAC4288BF002302330344181A03B0C4
:10EEE000F0BD13F8016B01F8016FEDE7302330310D
:10EEF0008370C170031DF1E72DE9F04F8DB00C4612
:10EF0000DDF8588016461F46054600F025FE0368CA
:10EF100004931846F1F78CF900230A93D8F80030CF
:10EF20000590073323F0070303F1080294F818A0B3
:10EF3000D4F800B0C8F80020D3E9008929F00043D4
:10EF40000793CDF81880C4E91289DDE906019C4BCE
:10EF50004FF0FF32F1F7CAFD70BBDDE90601984BB7
:10EF60004FF0FF32F1F7A4FD30BB002200234046F2
:10EF70004946F1F793FD10B12D2384F84330914AAF
:10EF8000914BBAF1470F8CBF9046984603232361FB
:10EF90002BF0040323604FF00009009733460BAABF
:10EFA0002146284600F0D2F9013040F08D804FF024
:10EFB000FF300DB0BDE8F08F42464B464046494613
:10EFC000F1F794FD40B14B46002BBCBF2D2384F8D4
:10EFD00043307E4A7E4BD4E763680AF0DF02069234
:10EFE0005A1C3BD1062363604BF4806200232260ED
:10EFF00003930AABCDE901A309AB0093616849EC27
:10F00000108B0DF123032846FFF7D7FE069B0999C5
:10F01000472B804629D1C81C02DB6368994241DD39
:10F02000AAF1020A5FFA8AFA0139524604F1500045
:10F030000991FFF727FF0A9A1318012A81462361D5
:10F0400002DC2268D20701D5013323619DF8233009
:10F05000002BA2D02D2384F843309EE7069A472A3E
:10F06000C2D1002BC0D10123BDE7BAF1650FDBD9B6
:10F07000BAF1660F18D1002963680BDD216113B95D
:10F080002268D00702D501330B442361A1654FF0FC
:10F090000009DBE713B92268D20701D50233F4E790
:10F0A0000123F2E74FF0670A0A9B994205DB2368C8
:10F0B0002161D807EAD54B1CE7E70029D4BFC1F18D
:10F0C000020201221344E0E723685A0507D42369AA
:10F0D000424631462846B84701302BD167E7BAF19E
:10F0E000650F40F2DD80D4E9120100220023F1F720
:10F0F000CBFC002833D0374A012331462846B84795
:10F1000001303FF454AFDDE90938434502DB2368A1
:10F11000D8070FD5DDE9042331462846B84701302A
:10F120003FF445AF4FF0000908F1FF3804F11A0A27
:10F13000C84509DC23689B0700F10381E0680B9B4D
:10F140009842B8BF184634E7012352463146284654
:10F15000B84701303FF42BAF09F10109E8E7099BFB
:10F16000002B39DC1B4A012331462846B8470130C1
:10F170003FF41DAFDDE9093959EA030302D12368E1
:10F18000D907D7D5DDE9042331462846B8470130F1
:10F190003FF40DAF4FF0000A04F11A0B099B5B42DC
:10F1A000534501DC4B4693E701235A463146284636
:10F1B000B84701303FF4FBAE0AF1010AEEE700BFA9
:10F1C000FFFFEF7F683801086438010870380108D4
:10F1D0006C38010874380108A36DDDF828A0534588
:10F1E000A8BF5346002B994636DC4FF0000B29EAA6
:10F1F000E97904F11A02A36D0693A3EB09035B45B9
:10F2000031DC099B9A453ADC2368DA0737D4099B3D
:10F21000AAEB0309069BAAEB03039945A8BF9946ED
:10F22000B9F1000F33DC4FF0000829EAE97904F165
:10F230001A0B099BAAEB0303A3EB090343457FF7D2
:10F2400079AF01235A4631462846B84701303FF48A
:10F25000AEAE08F10108ECE7424631462846B84711
:10F260000130C2D1A3E60123314628460692B847B1
:10F2700001303FF49CAE069A0BF1010BBBE7DDE9D0
:10F28000042331462846B8470130C0D18FE6069A9C
:10F290004B46424431462846B8470130C3D186E642
:10F2A000DDF828A0BAF1010F01DCDB0736D5012318
:10F2B000424631462846B84701303FF478AEDDE992
:10F2C000042331462846B84701303FF470AED4E9F4
:10F2D0001201002200230AF1FF3AF1F7D5FBC0B971
:10F2E000534608F1010231462846B84701300CD197
:10F2F0005DE601235A4631462846B84701303FF4BF
:10F3000056AE08F10108D045F3DB4B4604F150023C
:10F31000DFE64FF0000804F11A0BF4E70123424640
:10F32000E1E701234A4631462846B84701303FF419
:10F330003EAE08F10108E3680B995B1A4345F0DC27
:10F34000FCE64FF0000804F11909F4E72DE9F04755
:10F35000164698468A680B69DDF820909342B8BF3C
:10F360001346336091F8432007460C460AB1013337
:10F3700033602368990642BF3368023333602568DF
:10F3800015F0060506D104F1190AE36832689B1AE4
:10F39000AB4226DC94F843302268003B18BF0123BF
:10F3A00092062BD404F1430241463846C847013047
:10F3B0001ED02368226903F00603042B02BFE56810
:10F3C0003368ED1AA3680CBF25EAE5750025934262
:10F3D000C4BF9B1AED1800261A34B5421AD100207A
:10F3E00008E00123524641463846C847013003D160
:10F3F0004FF0FF30BDE8F0870135C6E7E1185A1C31
:10F40000302081F84300224494F8451082F84310DC
:10F410000233C7E70123224641463846C847013038
:10F42000E6D00136D9E700002DE9FF470F7E0C9E9C
:10F43000782F914680460C469A4601F1430207D840
:10F44000622F0AD8002F00F0D180582F00F0B8802A
:10F4500004F1420684F842703AE0A7F16303152BE9
:10F46000F6D801A151F823F0C1F40008D5F4000842
:10F4700051F4000851F4000851F4000851F4000858
:10F48000D5F4000851F4000851F4000851F40008C4
:10F4900051F40008D3F50008FFF400088DF50008CA
:10F4A00051F4000851F40008F5F5000851F4000883
:10F4B000FFF4000851F4000851F4000895F5000825
:10F4C00033681A1D1B68326004F1420684F842302A
:10F4D00001239CE033682068191D3160060601D5C0
:10F4E0001D6803E04506FBD5B3F90050002D03DA93
:10F4F0002D236D4284F8433058480A2311E02168D7
:10F500003368080653F8045B02D4490648BFADB21D
:10F510006F2F5248336014BF0A230823002184F858
:10F5200043106668A660002E05DB21682E4321F09B
:10F53000040121604BD01646B5FBF3F103FB1157D4
:10F54000C75D06F8017D2F46BB420D46F4D9082B56
:10F550000BD12368DF0708D5236961689942DEBFB4
:10F56000302306F8013C06F1FF36921B2261CDF8EC
:10F5700000A04B4603AA21464046FFF7E7FE0130B4
:10F580004AD14FF0FF3004B0BDE8F087236843F064
:10F59000200323603248782784F845702368316857
:10F5A0001F0651F8045B02D45F0648BFADB231605C
:10F5B000D90744BF43F0200323601DB11023ADE7FA
:10F5C0002648E9E7236823F020032360F6E7164680
:10F5D000BDE7336825686169181D30602E061B6819
:10F5E00001D5196002E06806FBD51980002323616C
:10F5F0001646BCE733681A1D32601E686268002137
:10F600003046F0F7C5FD08B1801B60606368236178
:10F61000002384F84330AAE723693246494640462E
:10F62000D0470130ADD023689B0713D4E068039B1B
:10F630009842B8BF1846A6E70123324649464046DD
:10F64000D04701309DD00135E36803995B1AAB4286
:10F65000F2DCEBE7002504F11906F5E7763801083E
:10F6600087380108002310B50446C0E90033C0E91B
:10F670000433836081814366C28183611946082215
:10F680005C3000F061FA0D4B63620D4BA3620D4BD1
:10F69000E3620D4B23630D4B24629C4206D003F1C1
:10F6A0006802944202D0D0339C4205D104F1580044
:10F6B000BDE8104000F0C4BA10BD00BF45F9000815
:10F6C00067F900089FF90008C3F90008EC880020DA
:10F6D000024A0349034800F069B800BF480000200F
:10F6E0001D1801085800002041680C4B994210B5C4
:10F6F000044601D002F092F8A168094B994202D069
:10F70000204602F08BF8E168064B994204D020466F
:10F71000BDE8104002F082B810BD00BFEC880020A8
:10F7200054890020BC89002010B50B4B0B4C0C4AAF
:10F730001A60204600220421FFF794FF04F16800BC
:10F7400001220921FFF78EFF04F1D0000222BDE85B
:10F7500010401221FFF786BF248A0020EC88002089
:10F76000D1F60008014800F06CBA00BF2D8A0020D5
:10F77000014800F067BA00BF2D8A002010B504468A
:10F78000FFF7F0FF236A1BB1BDE81040FFF7F0BFA1
:10F79000044B2362044B1B68002BF5D1FFF7C4FF19
:10F7A000F2E700BFE9F60008248A00202DE9F843BB
:10F7B0000746884614460026D4E90195B9F10109A7
:10F7C00005D52468002CF7D13046BDE8F883AB8915
:10F7D000012B07D9B5F90E30013303D0294638463D
:10F7E000C04706436835E9E70FB407B5064904ABDF
:10F7F000086853F8042B8168019301F073FE03B08D
:10F800005DF804EB04B0704754000020024B014641
:10F810001868826802F08CB854000020036A70B542
:10F82000846805460E460BB9FFF7A8FF636EDB0739
:10F8300005D4A389980502D4A06D00F002FAA3892B
:10F84000190702D52369002B35D12146284600F03F
:10F85000FBF880B34FF0FF35636EDA0705D4A38958
:10F860009B0502D4A06D00F0EDF9284670BD002B79
:10F8700004DAA2699A4217DC0A2915D023685A1CB7
:10F8800022601970A36816F8011F013BA3600029CC
:10F89000EDD1002B11DA22460A21284600F095F816
:10F8A0000130D7D00A25D7E72246284600F08DF848
:10F8B0000130E7D1CEE7013EE4E723685A1C22601D
:10F8C0000A221A70EEE70000024B01461868FFF7A3
:10F8D000A5BF00BF540000200CB430B5184B0C1E5F
:10F8E0001D689DB008DA8B232B604FF0FF301DB0F0
:10F8F000BDE8304002B070474FF40273ADF81430E9
:10F900004FF000031B9314BF04F1FF33234604930D
:10F9100007934FF6FF7302900690ADF81630209AC9
:10F9200021AB02A92846019301F0B6FC431CBCBFE1
:10F930008B232B60002CDAD0029B00221A70D6E7B2
:10F940005400002010B50C46B1F90E1000F02AF951
:10F950000028ABBF636DA3891B1823F48053ACBF91
:10F960006365A38110BD2DE9F0411F468B89DB053E
:10F9700005460C46164605D5B1F90E1002230022A5
:10F9800000F0FEF8A389B4F90E1023F48053A3818C
:10F9900032463B462846BDE8F04100F015B910B5A7
:10F9A0000C46B1F90E1000F0EBF8431CA38915BF0B
:10F9B000606523F4805343F48053A38118BFA3816F
:10F9C00010BDB1F90E1000F0CBB8F8B50E461446D4
:10F9D000054618B1036A0BB9FFF7D0FEA369A3600F
:10F9E000A3891A0701D5236943B92146284600F0A7
:10F9F0002BF818B14FF0FF373846F8BD236822695D
:10FA0000981A6369F6B28342374605DC21462846D8
:10FA100001F004FF0028EDD1A368013BA360236837
:10FA20005A1C22601E706269431C9A4204D0A3894A
:10FA3000DB07E1D50A2EDFD12146284601F0EEFE94
:10FA40000028D9D0D6E7000038B5294B05461868FC
:10FA50000C4618B1036A0BB9FFF790FEB4F90C30ED
:10FA6000190722D4DA0607D409222A6043F040039A
:10FA7000A3814FF0FF3033E0580712D5616B41B1DD
:10FA800004F14403994202D0284600F02FFF0023DE
:10FA90006363A38923F02403A381002363602369A4
:10FAA0002360A38943F00803A38123694BB9A38989
:10FAB00003F42073B3F5007F03D02146284601F0FC
:10FAC000FBFEB4F90C3013F001020AD00022A26050
:10FAD00062695242A261226942B913F08000C5D125
:10FAE00038BD990758BF6269A260F4E70020F7E7C4
:10FAF0005400002010B501390244904201D1002089
:10FB000005E0037811F8014FA34201D0181B10BD86
:10FB10000130F2E7884210B501EB020402D98442B9
:10FB2000234607D8431EA14208D011F8012B03F841
:10FB3000012FF8E7024401468A4200D110BD13F8B4
:10FB4000014D02F8014DF7E702440346934200D10C
:10FB5000704703F8011BF9E7004870479401002043
:10FB600038B5064D0023044608462B60FFF7F0F831
:10FB7000431C02D12B6803B1236038BD288A0020C2
:10FB800038B5074D04460846114600222A601A4639
:10FB9000FFF7E8F8431C02D12B6803B1236038BD9E
:10FBA000288A002038B5074D044608461146002231
:10FBB0002A601A46FFF7AEF8431C02D12B6803B146
:10FBC000236038BD288A002038B5074D0446084612
:10FBD000114600222A601A46FFF7ACF8431C02D1F6
:10FBE0002B6803B1236038BD288A0020014B1868B8
:10FBF000704700BF5400002070B50D4D0D4C641BC4
:10FC0000A4100026A64209D10B4D0C4C02F060F95D
:10FC1000641BA4100026A64205D170BD55F8043B14
:10FC200098470136EEE755F8043B98470136F2E76E
:10FC3000E43B0108E43B0108E43B0108E83B010820
:10FC40007047704770470A44914200F1FF3300D17A
:10FC5000704710B511F8014B03F8014F9142F9D1EB
:10FC600010BD2DE9F74F03690C69A34207467EDBFF
:10FC7000013C01F11408A30000F11405009305EB09
:10FC80008403019358F8243055F8242001339A4214
:10FC900008EB8409B2FBF3F62ED34FF0000AC446FA
:10FCA000AE46D3465CF8043B98B206FB00A0020CBB
:10FCB0001B0C06FB0323DEF8002080B292B2121A5E
:10FCC0005A44DEF800004FEA134A9BB2C3EB2243CA
:10FCD00003EB104392B242EA0342E1454EF8042B93
:10FCE0004FEA234BDED2009BEB582BB9019B043B20
:10FCF0009D421A462FD33C61384601F069F900282D
:10FD000025DB2946002058F8042BD1F800C01FFA43
:10FD100082FE1FFA8CF3A3EB0E030344120CC2EB1A
:10FD2000234202EB1C429BB243EA0243C14541F825
:10FD3000043B4FEA2240E6D255F8242005EB840329
:10FD400022B9043B9D421A460BD33C610136304632
:10FD500003B0BDE8F08F1268043B002ACBD1013C10
:10FD6000C6E71268043B002AEFD1013CEAE7002015
:10FD7000EEE70000000000002DE9F04FC76999B0E0
:10FD80008DED040B55EC104B229E099183460E928B
:10FD900013937FB9102000F0F3FD0246CBF81C004E
:10FDA00020B9A54BEF21A54801F028FEC0E9017755
:10FDB0000760C760DBF81C30196859B15A684A609F
:10FDC000012393408B60584600F0D0FEDBF81C30D6
:10FDD00000221A602B1EB9BF23F0004305930023B5
:10FDE0003360059F964BBCBF01223260BB4312D1EA
:10FDF000139A42F20F731360C7F31303234300F007
:10FE00004385239BDFF84CA2002B00F045850AF1C7
:10FE1000030300F03FBD9DED047B002251EC170B66
:10FE200000238DED0C7BF0F72FFE804658B1139A1E
:10FE300001231360239B13B1239A824B1360DFF8D5
:10FE400018A200F029BD9DED0C0B16AA17A9584663
:10FE500001F06EF9C7F30A568146002E77D00D9B4C
:10FE6000CDF85080C3F31303DDE90C0143F07F5359
:10FE700043F44013A6F2FF3619460022724BF0F706
:10FE8000E3F967A3D3E90023F0F796FB66A3D3E970
:10FE90000023F0F7DBF9044630460D46F0F722FB6D
:10FEA00063A3D3E90023F0F787FB02460B46204605
:10FEB0002946F0F7CBF904460D46F0F72DFE002257
:10FEC0000746002320462946F0F7E8FD40B13846B2
:10FED000F0F708FB22462B46F0F7D6FD00B9013FAC
:10FEE000162F51D8594B03EBC703D3E90023DDE9A3
:10FEF0000C01F0F7D3FD002848D0013F00231293F6
:10FF0000169B9B1B5A1E44BFC3F101080023089295
:10FF100054BF4FF000080893002F39DB089B0F9760
:10FF20003B44089300230A93099B092B61D8052BB6
:10FF3000C4BF043B0993099BA3F10203CCBF002477
:10FF40000124032B61D8DFE803F05052352ADDE9A4
:10FF500016631E4406F23243202BC1BFC3F1400397
:10FF60009F4006F2124324FA03F3D6BFC3F12003E5
:10FF700047EA030004FA03F0F0F7A4FA0122A1F122
:10FF8000F873013E149277E70123B8E71290B7E7C0
:10FF90007B420A930023A8EB07080F93C4E70123D1
:10FFA0000B930E9BFB1800930133012B0393B8BFF7
:10FFB000012306E001230B930E9B002B28DD009309
:10FFC0000393DBF81C000021042202F114059D427A
:10FFD00023D94160584600F089FD824600283DD172
:10FFE0001B4B024640F2AF11DDE60023E3E700239E
:10FFF000D6E70124002309930B944FF0FF330093BD
:020000040801F1
:100000000393002212230E92DBE701230B93F4E704
:100010000123009303931A46F5E701315200D4E718
:1000200061436F63A787D23FB3C8608B288AC63FFE
:10003000FB799F501344D33FA5380108BC38010811
:100040000000F07F753801080000F83F103A010801
:1000500015390108A138010874380108DBF81C3093
:100060001860039B0E2B00F2A180002C00F09E80F4
:10007000002F33DD9C4B07F00F0203EBC20393ED1F
:10008000007BF8058DED067B4FEA271416D5974BBC
:10009000DDE90C01D3E90823F0F7B8FBCDE9040151
:1000A00004F00F040326914D54B9DDE90623DDE980
:1000B0000401F0F7ABFBCDE9040128E00226F2E7EA
:1000C000E10708D5DDE90601D5E90023F0F774FA68
:1000D000CDE90601013664100835E5E700F0AF8090
:1000E0007C42814B814D04F00F0203EBC203D3E944
:1000F0000023DDE90C01F0F75FFACDE904012411DA
:1001000000230226002C40F08F80002BD3D1129BBD
:10011000DDE90445002B00F09480754B0022204659
:100120002946F0F7BBFC002800F08B80039B002BD6
:1001300000F08780009B002B34DD7B1E0693204659
:100140006C4B00222946F0F737FACDE90401009CF8
:1001500001363046F0F7C6F9DDE90423F0F72CFA52
:10016000654B0022F0F772F80546A1F15076002C9D
:100170006AD1DDE90401614B0022F0F765F802461F
:100180000B46CDE904232A463346F0F7A5FC0028A8
:1001900040F08782DDE904012A4606F10043F0F7CA
:1001A0007DFC38BBDDE90C34CDE90434179B002B12
:1001B000C0F258810E2F00F355814B4B03EBC70360
:1001C00093ED007B0E9B002B8DED007B80F2E58094
:1001D000039B002B00F3E1800CD1484B002251EC33
:1001E000170BF0F7E9F9DDE90423F0F76BFC0028C1
:1001F00000F05582002425460E9BDB4306935646AD
:1002000000272146584600F0B1FC002D00F0BD80CB
:100210002FB1AF4203D03946584600F0A7FC29461B
:10022000584600F0A3FCB0E0E20705D5D5E900236D
:10023000F0F7C2F9013601236410083562E702269F
:1002400065E7039C069784E7274B0B9903EBC403F0
:1002500053E902235444002954D029490020F0F7DF
:10026000D5FA33462A46EFF7EFFFCDE9100156469F
:10027000DDE90401F0F750FC0546F0F733F90246DA
:100280000B46DDE90401EFF7DFFF303502460B4690
:10029000CDE9042306F8015BDDE91023F0F7FEFB4E
:1002A000002872D1DDE9042311490020EFF7CCFFCB
:1002B000DDE91023F0F7F2FB002840F0B480A642FD
:1002C0003FF470AFDDE910010A4B0022F0F774F93A
:1002D000084BCDE910010022DDE90401F0F76CF9CB
:1002E000CDE90401C4E700BF103A0108E83901086C
:1002F0000000F03F0000244000001C4000001440BB
:100300000000E03F31462846F0F756F9CDE91001EC
:1003100015945646DDE90401F0F7FEFB0546F0F7BB
:10032000E1F802460B46DDE90401EFF78DFF3035B9
:1003300006F8015B02460B46A642CDE904234FF0C6
:10034000000224D1AB4BDDE91001EFF77FFF02463D
:100350000B46DDE90401F0F7BFFB002863D1DDE9BE
:100360001023A4490020EFF76FFF02460B46DDE99A
:100370000401F0F793FB00283FF414AF159E731EA1
:10038000159316F8013C302BF8D0069F3BE09A4BB2
:10039000F0F712F9CDE90401BCE7DDE90445564662
:1003A000DDE9002320462946F0F730FAF0F7B4FBE8
:1003B0008046F0F797F8DDE90023F0F7FDF80246F4
:1003C0000B462046294608F13004EFF73DFF06F8BA
:1003D000014B039DA6EB0A04A54202460B4634D10D
:1003E000EFF734FFDDE9002304460D46F0F774FB18
:1003F000C0B9DDE9002320462946F0F745FB10B1DE
:1004000018F0010F0ED14946584600F0AFFB00230B
:100410003370139B01371F60239B002B00F03C823D
:100420001E6039E2069733461E4613F8012D392A1D
:1004300007D19A45F8D1069A0132069230228AF8FD
:1004400000201A7801321A709FE76B4B0022F0F7F8
:10045000B3F80022002304460D46F0F715FB0028F0
:100460009ED0D0E70B9A002A00F0E180099A012A79
:1004700000F3C480149A002A00F0B78003F23343DB
:100480000A9C4646089A01211A4458469844089204
:1004900000F020FC05465EB1089B002B08DDB3424E
:1004A000089AA8BF3346A8EB0308F61AD31A089394
:1004B0000A9BF3B10B9B002B00F0BD808CB1294649
:1004C0002246584600F0BEFC4A46014605465846BC
:1004D00000F016FC49460690584600F047FB069B84
:1004E00099460A9B1A1B04D04946584600F0AAFCBC
:1004F00081460121584600F0EDFB0F9B0446002B7E
:1005000000F0CE811A460146584600F09BFC099B3C
:10051000012B044600F39580049B002B40F08D8056
:10052000059BC3F31303002B40F08980059B23F048
:1005300000431B0D1B052BB1089B0133089308F1E9
:10054000010801230A930F9B002B00F0AF81236960
:1005500004EB8303186900F071FBC0F12000089BD5
:10056000184410F01F0077D0C0F12003042B6BDD7E
:10057000089BC0F11C000344804406440893B8F172
:10058000000F05DD49464246584600F0B5FC81465D
:10059000089B002B05DD21461A46584600F0ACFCAE
:1005A0000446129B002B59D02146484600F010FD0E
:1005B000002853DA7B1E0693494600230A22584638
:1005C00000F0F6FA0B9B8146002B00F071810023AE
:1005D00029460A22584600F0EBFA009B002B0546FC
:1005E00067DC099B022B41DC63E0169BC3F13603F9
:1005F00046E700BF0000E03F00002440039B5C1E74
:100600000A9BA34209DB1C1B039B002BBFF639AFDF
:10061000039BA8EB0306002334E70A9B0F9A0A9476
:10062000E31A1A440F92039B464600242AE70A9CC9
:100630000B9D46462FE70A9A56E7002382E7049B64
:1006400080E700230A9382E799D0089A1C331A4462
:1006500098441E44089292E70346F6E7039B0697E8
:10066000002B20DC0093099B022B1EDD009B002B3E
:100670007FF4C2AD21460522584600F099FA0146A2
:100680000446484600F0A4FC00287FF7B5AD564666
:10069000312306F8013B069B01330693B0E5039C2A
:1006A00006972546F3E7039B00930B9B002B00F076
:1006B0000381002E05DD29463246584600F01CFC19
:1006C00005460A9B002B5AD06968584600F00EFA7E
:1006D000064628B9834B024640F2EF21FFF763BB81
:1006E0002A690232920005F10C010C30FFF7ABFAD7
:1006F00001223146584600F0FFFB0AF10103039343
:10070000009B53440B93049B03F001032F460A9371
:100710000546039B2146013B48460093FFF7A1FA9B
:100720003946049000F13008484600F051FC2A4652
:1007300008902146584600F067FCC268064602BB96
:100740000146484600F044FC0246314658460E92A7
:1007500000F00CFA099B0E9A039E42EA03010A9BE1
:10076000194310D1B8F1390F29D0089B002B02DDB5
:10077000049B03F13108009B83F8008041E5284683
:10078000BBE70122E1E7089B002B04DB09990B433F
:100790000A990B4320D1002AEDDD49460122584633
:1007A00000F0AAFB2146814600F012FC002803DC81
:1007B000E1D118F0010FDED0B8F1390FD8D1009A8D
:1007C0003923137033461E46013B16F8012C392A93
:1007D00051D001321A7014E5002A07DDB8F1390F43
:1007E000EDD0009A08F1010313700AE5039B0B9A00
:1007F00003F8018C934228D0494600230A22584628
:1008000000F0D6F9AF4281464FF000034FF00A02E4
:100810003946584607D100F0CBF907460546039BF9
:100820000133039375E700F0C3F929460746002317
:100830000A22584600F0BCF90546F0E7009B002B61
:10084000CCBF1E4601265644002749460122584681
:1008500000F052FB2146814600F0BAFB0028B1DCD3
:1008600002D118F0010FADD133461E4613F8012D09
:10087000302AFAD0C5E49A45A5D1069B01330693E8
:1008800031238AF80030BCE4239BDFF85CA01BB165
:100890000AF10803239A1360504619B0BDE8F08F9F
:1008A000099B012B7FF738AE0F9B0A93012056E678
:1008B000009B002B7FF7D7AE564621464846FFF7F0
:1008C000D0F900F1300806F8018B009BA6EB0A0274
:1008D0009342B3DD494600230A22584600F068F9E6
:1008E0008146EAE7153901089838010838B5054608
:1008F000002941D051F8043C0C1F002BB8BFE4186C
:1009000000F0E8F81D4A136833B9636014602846A4
:10091000BDE8384000F0E4B8A34208D920682118A7
:100920008B4201BF19685B6809182160EDE71A4620
:100930005B680BB1A342FAD911685018A0420BD1E1
:1009400020680144501883421160E0D118685B6848
:10095000536008441060DAE702D90C232B60D6E715
:10096000206821188B4204BF19685B68636004BF6C
:10097000091821605460CAE738BD00BF348A0020DE
:10098000024B0146186800F025B800BF5400002053
:1009900070B50F4E0C463168054611B901F01EF8CE
:1009A00030602146284601F019F8431C03D14FF06E
:1009B000FF34204670BDC41C24F00304A042F8D0CC
:1009C000211A284601F00AF80130F2D1EFE700BF02
:1009D000308A00202DE9F843CD1C25F003050835A9
:1009E0000C2D38BF0C25002D064601DBA94204D989
:1009F0000C2333600020BDE8F883DFF8D48000F0DA
:100A000069F8D8F800301C4644BB29463046FFF749
:100A1000BFFF431C044658D1D8F800402746002F9A
:100A200043D1002C4BD023683946304604EB0309F0
:100A300000F0D4FF814542D121686D1A2946304625
:100A4000FFF7A6FF01303AD023682B442360D8F883
:100A500000305A6862BBC8F800700FE02268521B71
:100A600020D40B2A17D96119A342256018BF5960F9
:100A7000636808BFC8F8001062514B60304600F050
:100A80002FF804F10B00231D20F00700C21A1CBF31
:100A90001B1AA350AFE76268A3420CBFC8F800203E
:100AA0005A60EBE723466468AEE73C467F68B6E7EA
:100AB0001A465B68A342FBD100235360DEE70C2398
:100AC0003360304600F00CF894E70560D6E700BFCD
:100AD000348A00200148FFF7B4B800BF2C8A0020F8
:100AE0000148FFF7AFB800BF2C8A002070B5C66977
:100AF00004460D4676B91020FFF742FF0246E0613A
:100B000020B9184B18486B2100F078FFC0E9016646
:100B10000660C660E669F36883B1E369DB6853F891
:100B20002500B8B9012101FA05F6721D9200204690
:100B300000F082FF60B1C0E901560EE021220421DD
:100B4000204600F079FFE369F060DB68002BE4D118
:100B5000002070BD026843F825200023C0E903335C
:100B6000F7E700BFA53801082639010870B5C66946
:100B700005460C4676B91020FFF702FF0246E861F1
:100B800020B9094B09488F2100F038FFC0E9016600
:100B90000660C6603CB1EB696268DB6853F82210FE
:100BA000216043F8224070BDA538010826390108AC
:100BB0002DE9F0410D6907460C461E4601F1140C63
:100BC0000020DCF8003099B202FB01611E0C0B0C16
:100BD00002FB063389B2013001EB034185424CF838
:100BE000041B4FEA1346ECDC0EB3A368AB4219DCDE
:100BF000616838460131FFF779FF804628B902461F
:100C00000C4B0D48BA2100F0F9FE2269023204F1C2
:100C10000C0192000C30FFF716F821463846FFF71A
:100C2000A5FF444604EB850301355E61256120463E
:100C3000BDE8F0811539010826390108B0F5803F7B
:100C4000034636BF030400201020B3F1807F3CBF71
:100C50001B020830B3F1805F3CBF1B010430B3F1CD
:100C6000804F3CBF9B000230002B05DB13F0804F10
:100C700000F1010008BF202070470368024613F00E
:100C800007000BD0D90721D4980749BF5B089B0800
:100C9000012013605CBF13600220704799B209B94C
:100CA0001B0C1020D9B209B908301B0A190704BF60
:100CB0001B090430990704BF9B080230D90703D4ED
:100CC0005B0800F1010003D01360704700207047FB
:100CD0002020704710B50C460121FFF707FF0246A0
:100CE00028B9054B054840F2451100F087FE012365
:100CF0004461036110BD00BF1539010826390108A0
:100D00002DE9F04F17460A693B699A42A8BF3B4656
:100D10008946A4BF0F4699463D69D9F810A0BB6823
:100D2000796805EB0A06B34285B0B8BF0131FFF719
:100D3000DDFE30B90246414B41484FF4B17100F03D
:100D40005DFE00F1140404EB860E23460022734579
:100D500020D307F1140809F1140108EB850501EB14
:100D60008A030293EB1B153B23F00303043315376F
:100D7000BD4238BF04230193029B03918B420CD8E0
:100D8000002E03DD5EF8043D002B55D0066105B052
:100D9000BDE8F08F43F8042BD9E7B1F800A0BAF111
:100DA000000F1FD0C446A14600275CF8042BD9F8D9
:100DB00000301FFA82FB9BB20AFB0B333B44D9F88D
:100DC0000070120C3F0C0AFB027202EB13429BB242
:100DD00043EA0243654549F8043B4FEA1247E4D829
:100DE000019BE750039BB3F802900431B9F1000F67
:100DF00020D023684746A4464FF0000AB7F800B059
:100E0000BCF8022009FB0B2252449BB243EA024386
:100E10004CF8043B57F8043B4FEA134ABCF8003047
:100E200009FB0A3303EB1243BD424FEA134AE5D8EC
:100E3000019AA35004349FE7013EA1E71539010848
:100E4000263901082DE9F843154612F0030207463A
:100E50000E4607D0254C013A002354F82220FFF714
:100E6000A7FE0646AD103DD0FC697CB91020FFF707
:100E700087FD0246F86128B91D4B1E4840F2B311A8
:100E800000F0BCFDC0E901440460C460D7F81C80D8
:100E9000D8F808404CB940F271213846FFF71AFFE4
:100EA0000023C8F80800044603604FF00009EB0770
:100EB0000AD5314622463846FFF722FF31468046A2
:100EC0003846FFF753FE46466D100BD0206838B900
:100ED000224621463846FFF713FF2060C0F80090F5
:100EE0000446E4E73046BDE8F88300BFD83901087E
:100EF000A5380108263901082DE9F0470C46496854
:100F0000236903EB6218A368074691464FEA621A09
:100F100008F10106B3420BDB3846FFF7E7FD054653
:100F200048B90246284B29484FF4EF7100F066FD9E
:100F300001315B00EEE7002300F1140100F1100223
:100F40001846534533DB20692AEAEA7A04F1140390
:100F500019F01F0901EB8A0103EB800C2BD0C9F1BA
:100F6000200E8A460022186800FA09F010434AF859
:100F7000040B53F8042B9C4522FA0EF2F3D8ACEB89
:100F80000403153B23F00303043304F1150060450B
:100F900088BF0423CA500AB108F10206013E384650
:100FA0002E612146FFF7E2FD2846BDE8F08742F8B2
:100FB000040F0133C5E7043953F8042B41F8042F1B
:100FC0009C45F9D8EAE700BF153901082639010820
:100FD0000A6903460069801A30B50ED11433143102
:100FE00003EB820401EB820154F8045D51F8042DF7
:100FF000954203D005D24FF0FF3030BDA342F3D36A
:10100000FBE70120F9E700002DE9F74F8946064686
:10101000114648461446FFF7DBFF051E12D129464C
:101020003046FFF763FD024628B93F4B40F23721B7
:101030003E4800F0E3FC0123C0E90435104603B04C
:10104000BDE8F08FBCBF4B46A1463046D9F804102E
:10105000BABF1C4601250025FFF748FD024618B916
:10106000314B40F24521E3E7D9F810702669C5609D
:1010700009F1100309F1140504F1140E00F1140B29
:1010800005EB87080EEB86060193D9464FF0000C5E
:10109000019B5EF8040B53F804AF01931FFA8AF327
:1010A000194683B2CB1A000C6344C0EB1A4000EB24
:1010B00023409BB243EA0043764549F8043B4FEA9C
:1010C000204CE5D8331B153B23F0030315340433C0
:1010D000A64238BF04231D445B441E462C464445AB
:1010E0000ED308F10301491B21F00301033DA8457C
:1010F00038BF00210B4453F8041D91B117619DE7DF
:1011000054F8041BE646080C1CFA81FC714400EB01
:101110002C4089B241EA004146F8041B4FEA204CBA
:10112000DDE7013FE7E700BF15390108263901086F
:101130002DE9F7430F46012159EC108B1646FFF7B6
:10114000D5FC044630B90246234B244840F20F3107
:1011500000F054FCC9F30A55C9F313030DB143F46D
:1011600080130193B8F1000323D068460093FFF782
:1011700084FDDDE90012D0B1C0F1200302FA03F3CF
:101180000B43C24063610192019BA361002B0CBF22
:10119000012202222261A5B1A5F2334505443D603A
:1011A000C0F135003060204603B0BDE8F0836161D6
:1011B000EAE701A8FFF761FD019B6361203001228E
:1011C000E8E704EB8203A0F2324038601869FFF7C9
:1011D00035FDC0EB4210E5E7153901082639010855
:1011E0002DE9F0478E681F46BE420B6882460C46CA
:1011F00090462DD8B1F90C2012F4906F26D0656975
:10120000096905EB4505A3EB010905EBD5757B1CC9
:101210004B446D109D4238BF1D46530527D52946C6
:10122000FFF7D8FB064660B321694A46FEF70BFD7F
:10123000A38923F4906343F08003A3812661656151
:101240004E44A5EB09052660A5603E46BE4200D986
:101250003E46206832464146FEF75CFCA3689B1B75
:10126000A3602368334423600020BDE8F0872A464A
:1012700000F008FC06460028E0D121695046FFF73F
:1012800035FB0C23CAF80030A38943F04003A38147
:101290004FF0FF30E9E700002DE9F04F98468B89C9
:1012A0001B069DB007460D46144610D50B6973B951
:1012B0004021FFF78FFB2860286130B90C233B6089
:1012C0004FF0FF301DB0BDE8F08F40236B6100236D
:1012D000099320238DF82930CDF80C803023DFF8D6
:1012E0009C818DF82A304FF0010923469A4613F865
:1012F000012B0AB1252AF9D1BAEB040B0BD05B46BE
:10130000224629463846FFF76BFF013000F0A780E0
:10131000099A5A4409929AF80030002B00F09F80F5
:1013200000234FF0FF32CDE905230AF1010A0493AF
:1013300007938DF853301A935446052214F8011B75
:101340004E48EEF725FF049AD8B9D00644BF2023B3
:101350008DF85330110744BF2B238DF853309AF882
:1013600000302A2B15D0079A544600204FF00A0C63
:10137000214611F8013B303B092B4BD9B0B1079204
:1013800014E0A0EB080309FA03F313430493A24605
:10139000D2E7039B191D1B680391002BBBBF5B4267
:1013A00042F0020207930793B8BF049223782E2BD2
:1013B0000AD163782A2B32D1039B1A1D1B68039232
:1013C00043EAE37302340593DFF8C0A021780322D7
:1013D0005046EEF7DDFE38B1049BA0EB0A00402238
:1013E000824013430134049314F8011B24488DF800
:1013F00028100622EEF7CCFE002836D0214B1BBB6E
:10140000039B073323F0070308330393099B3344FB
:1014100009936AE70CFB02320C460120A8E700237F
:101420000134059319464FF00A0C204610F8012BA1
:10143000303A092A03D9002BC6D00591C4E70CFB2A
:10144000012104460123F0E703AB00932A460E4B2B
:1014500004A93846FDF750FD421C0646D6D1AB899B
:101460005B063FF52DAF09982CE703AB00932A46A6
:10147000054B04A93846FDF7D7FFEDE78039010891
:101480008A390108F9EE0008E111010886390108DE
:101490009368013B002B10B4936008DA9469A3426F
:1014A00001DB0A2903D15DF8044BFEF78EBA1368FD
:1014B000581C1060197008465DF8044B7047F8B569
:1014C00006460F461446D518AC4201D1002007E06D
:1014D00014F8011B3A463046FFF7DAFF431CF3D1FC
:1014E000F8BD00002DE9F04F0D469DB0144698461A
:1014F000064618B1036A0BB9FEF740F96B6ED907BF
:1015000005D4AB899A0502D4A86DFEF79AFBAB8986
:101510001B0701D52B699BB929463046FEF794FA83
:1015200070B16B6EDC0704D54FF0FF301DB0BDE825
:10153000F08FAB899805F7D4A86DFEF783FBF3E72E
:101540000023099320238DF82930CDF80C80302317
:10155000DFF8AC818DF82A304FF0010923469A4616
:1015600013F8012B0AB1252AF9D1BAEB040B0BD0E1
:101570005B46224629463046FFF7A1FF013000F0C6
:10158000A780099A5A4409929AF80030002B00F07B
:101590009F8000234FF0FF32CDE905230AF1010AB5
:1015A000049307938DF853301A935446052214F888
:1015B000011B5348EEF7ECFD049AD8B9D10644BF9D
:1015C00020238DF85330130744BF2B238DF853305D
:1015D0009AF800302A2B15D0079A544600204FF075
:1015E0000A0C214611F8013B303B092B4BD9B0B115
:1015F000079214E0A0EB080309FA03F313430493E2
:10160000A246D2E7039B191D1B680391002BBBBFA9
:101610005B4242F0020207930793B8BF049223781B
:101620002E2B0AD163782A2B32D1039B1A1D1B68FB
:10163000039243EAE37302340593DFF8D4A02178E0
:1016400003225046EEF7A4FD38B1049BA0EB0A003C
:101650004022824013430134049314F8011B2948AB
:101660008DF828100622EEF793FD00283FD0264B78
:101670001BBB039B073323F0070308330393099B2A
:101680003B4409936AE70CFB02320C460120A8E7B1
:1016900000230134059319464FF00A0C204610F838
:1016A000012B303A092A03D9002BC6D00591C4E793
:1016B0000CFB012104460123F0E703AB00932A460B
:1016C000124B04A93046FDF717FC0746781CD6D10B
:1016D0006B6ED90705D4AB899A0502D4A86DFEF7C5
:1016E000B1FAAB895B063FF51FAF09981EE703AB64
:1016F00000932A46054B04A93046FDF795FEE4E722
:10170000803901088A390108F9EE0008BF14010880
:1017100086390108B1F90C202DE9F041160705467C
:101720000C4654D44B68002B02DC0B6C002B48DDBC
:10173000E66A002E45D0002312F480522F68216AF9
:101740002B6030D0626DA389590705D56368D21A22
:10175000636B0BB1236CD21A0023E66A216A284618
:10176000B047431CA38906D129681D292BD82A4AD2
:10177000CA40D60727D500226260D90422692260B8
:1017800004D5421C01D12B6803B96065616B2F60E1
:10179000B9B104F14403994202D02846FFF7A6F8F4
:1017A000002363630DE001232846B0470246501C26
:1017B000C9D12B68002BC6D01D2B01D0162B1ED1F2
:1017C0002F60002022E043F040031BB21BE00F69B2
:1017D000002FF6D093070E6808BF4B690F6018BF43
:1017E0000023A6EB07088B60B8F1000FE9DD216A42
:1017F000A66A43463A462846B047002808DCB4F9B2
:101800000C3043F04003A3814FF0FF30BDE8F0817E
:101810000744A8EB0008E7E70100402038B50B6952
:1018200005460C4613B90025284638BD18B1036A91
:101830000BB9FDF7A3FFB4F90C30002BF3D0626EA7
:10184000D00704D4990502D4A06DFEF7FAF9284612
:101850002146FFF75FFF636EDA070546E4D4A389EC
:101860009B05E1D4A06DFEF7EDF9DDE770B50C4600
:10187000B1F90E10002996B015461E460DDAA3895F
:1018800013F0800F4FF0000114BF40234FF480632A
:10189000002031602B6016B070BD6A4600F07CF805
:1018A0000028ECDB019901F47041A1F50053594285
:1018B00059414FF48063EBE78B89F7B59D070646E6
:1018C0000C4607D504F147032360236101236361BC
:1018D00003B0F0BD01AB6A46FFF7C8FF009F0546A5
:1018E00039463046FFF776F848B9B4F90C309A0516
:1018F000EED423F0030343F00203A381E2E7A389BC
:10190000206043F08003A381019BC4E904075BB11D
:10191000B4F90E10304600F051F828B1A38923F035
:10192000030343F00103A381A3891D43A581CFE7EE
:1019300070B50D461446064618B1036A0BB9FDF79B
:101940001DFF636ED80705D4A389990502D4A06D45
:10195000FEF777F9A368013B002BA36005DAA269C3
:10196000934212DBEBB20A2B0FD023685A1C226081
:101970001D70EDB2636EDA0705D4A3899B0502D40E
:10198000A06DFEF75FF9284670BD29462246304615
:10199000FEF71BF80546EDE738B5074D0023044672
:1019A000084611462B60FDF7D6F9431C02D12B687F
:1019B00003B1236038BD00BF288A002038B5064D2A
:1019C0000023044608462B60FDF7CAF9431C02D1E8
:1019D0002B6803B1236038BD288A002038B5064D36
:1019E0000023044608462B60FDF760F9431C02D132
:1019F0002B6803B1236038BD288A00201FB5144628
:101A00001A46094B1B680546D8684CB1074B009134
:101A1000CDE9013406492B4600F070F800F080F85B
:101A2000044B1C46F3E700BF540000209B3901081B
:101A3000A8390108D639010870B5A1FB025434B9A0
:101A40002946FEF7C7FF064628B9304670BD0C226E
:101A500002600026F9E72A462146FEF775F8F4E70A
:101A600082B001B901A942B14BB113780B60127871
:101A7000101E18BF012002B070471046FBE76FF040
:101A80000100F8E72DE9F041074614460D4621B95B
:101A9000BDE8F0411146FEF79DBF2AB9FEF726FFCB
:101AA00025462846BDE8F08100F041F8844206460C
:101AB00002D8B4EB500FF4D821463846FEF78AFF1F
:101AC000804608B94546ECE7B4422246294628BF7D
:101AD0003246FEF7B8F829463846FEF707FFF1E729
:101AE0000346084641B1FF2A04D98A221A604FF002
:101AF000FF3070470A700120704700000EB403B534
:101B0000014603AB054853F8042B00680193FFF727
:101B1000E9FC02B05DF804EB03B07047540000200C
:101B200008B5062000F034F80120FDF7EDF851F873
:101B3000043C181F002BBCBF0B58C01870471F294E
:101B400038B505460C4604D9162303604FF0FF3024
:101B500038BDC26B12B152F821304BB9284600F0A3
:101B600031F8224601462846BDE8384000F018B852
:101B7000012B0AD0591C03D1162303600120E7E78B
:101B8000002142F82410204698470020E0E700009A
:101B9000024B01461868FFF7D2BF00BF5400002077
:101BA00038B5074D00230446084611462B60FDF763
:101BB000A3F8431C02D12B6803B1236038BD00BFDA
:101BC000288A0020FDF796B808B52DED028BB0EEFF
:101BD000408A00F01BF8B4EE488AF1EE10FA06D6FF
:101BE000DFED098AB4EEE88AF1EE10FA02D4BDEC1A
:101BF000028B08BDFDF7FAFF88EEA80ABDEC028B48
:101C00002123036008BD00BF00000000B1EEC00A40
:101C1000704700BF2DE9F047089D0E4604460F4669
:101C2000002B4AD194468C45B2FA82F260D942B177
:101C3000C2F12003974020FA03F30CFA02FC1F4381
:101C400094404FEA1C4E1FFA8CF6B7FBFEF1230CB2
:101C50000EFB117743EA074301FB06F098420AD9CD
:101C60001CEB030301F1FF3780F01581984240F22D
:101C70001281023963441B1AA4B2B3FBFEF00EFBBF
:101C8000103344EA034400FB06F6A6420AD91CEBD3
:101C9000040400F1FF3380F00081A64240F2FD8091
:101CA0006444023840EA0140A41B00211DB1D44025
:101CB0000023C5E90043BDE8F0878B4205D90DB18B
:101CC000C5E9000100210846F5E7B3FA83F10029D0
:101CD00046D1B34202D3824200F2F580841A66EB09
:101CE000030201201746002DE5D0C5E90047E2E7D1
:101CF000002A40F09380A1EB0C034FEA1C471FFA27
:101D00008CFE0121B3FBF7F607FB1630230C43EAE8
:101D100000430EFB06F0984208D91CEB030306F1C2
:101D2000FF3802D2984200F2D08046461B1AA4B275
:101D3000B3FBF7F007FB103344EA03440EFB00FE4D
:101D4000A64508D91CEB040400F1FF3302D2A645D6
:101D500000F2B6801846A4EB0E0440EA0640A5E760
:101D6000C1F120078B4022FA07FC4CEA030C06FA6B
:101D700001FE20FA07F426FA07F344EA0E0400FAFB
:101D800001F84FEA1C404FEA1449B3FBF0FE1FFA7A
:101D90008CF600FB1E3349EA03430EFB06F9994516
:101DA00002FA01F20BD91CEB03030EF1FF3A80F0AB
:101DB0008580994540F28280AEF1020E6344A3EB28
:101DC0000909A4B2B9FBF0F300FB139944EA0944F2
:101DD00003FB06F6A64208D91CEB040403F1FF300E
:101DE00068D2A64266D9023B644443EA0E40A41B73
:101DF000A0FB02E6B4427346B14652D34FD05DB168
:101E0000B8EB030264EB090404FA07F722FA01F3C2
:101E10001F43CC40C5E9007400214CE7C2F120010A
:101E200020FA01F30CFA02FC26FA01F19640334342
:101E30004FEA1C471FFA8CFEB1FBF7F007FB1016A8
:101E4000190C41EA064100FB0EF68E4204FA02F438
:101E500008D91CEB010100F1FF382DD28E422BD99D
:101E600002386144891B9BB2B1FBF7F607FB1611E0
:101E700043EA014306FB0EF1994208D91CEB030328
:101E800006F1FF3814D2994212D9023E63445B1A1C
:101E900046EA004136E73946EDE6184602E7F045E6
:101EA000ADD2BEEB020366EB0C060138B146A6E7E5
:101EB0004646ECE7034698E74046D3E7D6467EE73A
:101EC0006444023847E708460DE7023E63442DE7C5
:101ED000F8B500BFF8BC08BC9E467047F8B500BF17
:081EE000F8BC08BC9E467047E7
:101EE8005B48425D20616C697665207365633D25BA
:101EF8006C752072706D5F783130303D256C6420D0
:101F080076616C69643D25752073645F6F6B3D2550
:101F18006C752073645F6661696C3D256C750D0A8C
:101F2800000000005B5253545D204957444720721B
:101F3800657365740D0000005B5253545D2057575C
:101F480044472072657365740D0000005B5253545A
:101F58005D20736F6674776172652072657365744E
:101F68000D0000005B5253545D20706F7765722D31
:101F78006F6E2072657365740D0000005B525354D8
:101F88005D2070696E2072657365740D0000000035
:101F98000D0A5B424F4F545D205368616674506F61
:101FA8007765722073746172740D00005B424F4F45
:101FB800545D20555341525436206465627567203C
:101FC80072656164792C20626175643D256C750DBC
:101FD8000A0000005B424F4F545D20555341525454
:101FE800312F55322F55332F553620696E6974209D
:101FF800646F6E650D0000006D6F6E69746F7254CA
:1020080061736B0073644C6F675461736B000000FD
:102018007761746368646F675461736B00000000D4
:102028007478526573756C745461736B00000000AA
:1020380063616C634C6F675461736B006D6F6462AE
:10204800757355325461736B0000000077697265CF
:102058006C6573735461736B00000000646566619E
:10206800756C745461736B0072706D3D25302E323F
:102078006620696E7374616E743D25302E32662059
:10208800706572696F645F75733D256C7520617644
:10209800675F656E61626C653D2575206176675F77
:1020A80077696E646F775F75733D256C750D0A00EF
:1020B80072706D2074696D656F7574206C617374CE
:1020C8005F706572696F645F75733D256C75206913
:1020D800646C655F75733D256C752074696D656FFB
:1020E80075745F75733D256C750D0A00746F727198
:1020F80075655F6B4E6D000073706565645F727027
:102108006D0000007468727573745F6B4E00000098
:102118007063325F6C6F775F766F6C746167655F51
:102128007374617465000000626F6172645F6C6F44
:10213800775F766F6C746167655F7374617465004F
:102148006176675F706F7765725F6B57000000009C
:10215800776972656C6573735F6672616D655F6ED2
:102168006F00000071756572795F74696D655F68ED
:102178000000000073686166745F6F757465725F54
:10218800645F6D6D0000000073686166745F696E5E
:102198006E65725F645F6D6D000000007368656155
:1021A800725F6D6F64756C75735F475061000000F6
:1021B800656C61737469635F6D6F64756C75735F6B
:1021C80047506100706F6973736F6E5F72617469F5
:1021D8006F00000070726F705F6469720000000029
:1021E8006D6F64756C75735F73656C6563740000FF
:1021F80073616D706C655F667265715F487A000027
:102208006176675F74696D655F6D73006176675F9E
:102218006D6F64650000000063616C69625F6661F0
:1022280063746F725F6368310000000063616C69FA
:10223800625F666163746F725F63683200000000FA
:1022480067617567655F73656E73697469766974CC
:10225800795F63683100000067617567655F736562
:102268006E73697469766974795F63683200000017
:102278007A65726F5F766F6C746167655F636831EA
:10228800000000007A65726F5F766F6C7461676535
:102298005F636832000000007A65726F5F73746173
:1022A800727400007A65726F5F656E6400000000EA
:1022B800666C61675F6176675F706F776572000053
:1022C800666C61675F617869735F706172616D00E8
:1022D800666C61675F6D6561735F706172616D00E7
:1022E800666C61675F756172745F656E61626C656B
:1022F8000000000074696D652C746F727175652C2F
:102308007468727573742C72706D2C706F77657247
:102318002C7374617475730D0A000000303A2F3203
:1023280030253032752D253032752D253032755FC8
:10233800253032752D253032752D253032752E63B6
:10234800737600003230253032752D253032752DE8
:102358002530327520253032753A253032753A25C8
:102368003032752C252E36662C252E36662C252ED9
:1023780033662C252E36662C256C750D0A00000058
:102388006D6F756E740000006F70656E0000000060
:102398006C7365656B0000006865616465720000B8
:1023A800777269746500000073796E63000000003D
:1023B800756E6B6E6F776E00286E6F6E6529000004
:1023C8005B53445D206661696C2073746167653D89
:1023D80025732066723D2575206C696E653D256CF8
:1023E80075206D6F756E7465643D2575206F706519
:1023F8006E65643D257520636172643D256C7520AA
:10240800686572723D30782530386C58206873746E
:102418006174653D256C7520706174683D25730D88
:102428000A0000005B5553415254315D20667261C9
:102438006D6520646973636F6E74696E756974790C
:1024480020707265763D257520637572723D25751D
:102458000D0A00005B5553415254315D2073616D84
:10246800706C65206672616D6520746F6F2073688B
:102478006F7274206C656E3D25750D0A00000000B2
:102488005B5553415254315D2073616D706C65200A
:10249800637263206D69736D617463682063616C36
:1024A800633D3078253034582072783D30782530B7
:1024B80034580D0A000000005B5553415254315DF9
:1024C800207278206368756E6B206E6F2076616C61
:1024D80069642073616D706C65206672616D65203A
:1024E8006C656E3D25750D0A000000005B55534173
:1024F8005254315D20747820776169742069646C66
:10250800652074696D656F75743D256C750D0A00DD
:102518005B5553415254315D20747820646D6120BD
:102528007374617274206661696C65642065727287
:102538003D30782530386C580D0A00005B55534102
:102548005254315D20747820646F6E652074696D13
:10255800656F75743D256C750D0A00005B55534118
:102568005254315D2025730020726561736F6E3D92
:1025780025730000206C656E3D25752064617461CB
:102588003D00000025303258000000005B555341E3
:102598005254315D20727820646D6120696E6974CF
:1025A800206661696C6564206572723D30782530FB
:1025B800386C580D0A0000005B5553415254315D88
:1025C80020727820646D6120726561726D20666189
:1025D800696C6564207265743D256C642073746150
:1025E80074653D256C75206572723D3078253038EC
:1025F8006C580D0A000000005B5553415254315D80
:102608002075617274206572726F72206572723DF6
:1026180030782530386C580D0A0000005B5553415E
:102628005254315D20727820646D61207265636F49
:10263800766572206661696C6564206572723D30EA
:10264800782530386C580D0A000000005B5553415E
:102658005254315D2073746172742073616D706CB3
:10266800696E67206661696C6564207265743D25D2
:102678006C640D0A0000000074782D737461727424
:102688002D73616D706C696E670000005B55534176
:102698005254315D2073746172742073616D706C73
:1026A800696E67206661696C6564207265743D2592
:1026B8006C6420726561736F6E3D25730D0A0000AE
:1026C80074782D73746F702D73616D706C696E679B
:1026D800000000005B5553415254315D207365740E
:1026E800206672657175656E63793D257520636D29
:1026F800645F76616C75653D257520726561736FE1
:102708006E3D25730D0A000074782D7365742D666F
:1027180072657175656E6379000000005B55534101
:102728005254315D2073616D706C652074696D65FC
:102738006F7574206C6173745F7469636B3D256C8D
:1027480075206E6F773D256C7520646966663D253A
:102758006C750D0A000000005B5553415254315D01
:102768002074696D656F7574207265636F76657224
:1027780079202325753A2073746F702D73657466FC
:102788007265712D737461727420667265713D256E
:10279800750D0A0074696D656F75742D7265636FC8
:1027A80076657279000000005B5553415254315DE3
:1027B8002073616D706C652074696D656F75742028
:1027C800726574727920657863656564656420282C
:1027D8002575292C207472696767657220727820C4
:1027E800696E746572727570742068616E646C6568
:1027F800720D0A00706F7765722D6379636C652DB1
:102808007265636F76657279000000007278000067
:102818005B4D4F444255532D55325D2072657123EF
:10282800256C752025732074696D656F757420613A
:102838006464723D307825303458207174793D25B0
:10284800752072785F6C656E3D25752072785F65BE
:1028580076743D256C7520756172745F6572723D82
:10286800256C7520726561726D5F6661696C3D25C6
:102878006C7520726561726D5F627573793D256C48
:1028880075207265636F7665723D256C752073746B
:102898006174653D30782530386C58206572723D1A
:1028A80030782530386C580D0A0000005B4D4F44D5
:1028B8004255532D55325D2072782D6C617374200A
:1028C8007469636B3D256C752073697A653D257560
:1028D80020707265763D257520637572723D257589
:1028E800206368756E6B3D2575207075745F726521
:1028F800743D256C64207075745F6F6B3D256C7535
:10290800207075745F6661696C3D256C750D0A00F1
:102918005B4D4F444255532D55325D2072782072DD
:1029280065636F76657220726561726D2066616994
:102938006C6564207265743D256C64206572723D17
:1029480030782530386C580D0A0000005B4D4F4434
:102958004255532D55325D207278207265636F762B
:102968006572207265743D256C64207265636F76AC
:1029780065723D256C752073746174653D307825EA
:1029880030386C58206572723D30782530386C5874
:102998000D0A00005B4D4F444255532D55325D20C2
:1029A8002573206C656E3D257520646174613D005A
:1029B8005B4D4F444255532D55325D206275696C0D
:1029C80064207772697465206661696C656420614A
:1029D8006464723D307825303458207174793D250F
:1029E800750D0A005B4D4F444255532D55325D20FD
:1029F80072657123256C7520776169742D70726515
:102A0800762D74782074696D656F75740D0A0000F1
:102A18005B4D4F444255532D55325D2072657123ED
:102A2800256C752074782D777269746520646D61E2
:102A3800207374617274206661696C6564206572C4
:102A4800723D30782530386C580D0A005B4D4F4484
:102A58004255532D55325D2072657123256C7520C2
:102A680074782D777269746520636F6D706C657406
:102A7800652074696D656F75740D0A005B4D4F4470
:102A88004255532D55325D2072657123256C752092
:102A980074782D77726974652074632074696D6524
:102AA8006F75740D0A0000005B4D4F444255532D5D
:102AB80055325D2072657123256C752072782D77EB
:102AC8007269746520726573706F6E7365207769BB
:102AD8006E646F77207374617274206661696C65C7
:102AE80064207265743D256C64206572723D30788F
:102AF8002530386C580D0A005B4D4F444255532D14
:102B080055325D2072657123256C75207175657568
:102B180065206E756C6C0D0A0000000072782D77C8
:102B2800726974650000000072782D7772697465A7
:102B38002D74696D656F75742D73747265616D00A0
:102B48005B4D4F444255532D55325D207772697461
:102B5800652067726F757020746F6F206C61726783
:102B6800652073746172743D307825303458207153
:102B780074793D25750D0A005B4D4F444255532D20
:102B880055325D20756E737570706F727465642050
:102B98007772697465207174793D25752061646464
:102BA800723D3078253034580D0A00005B4D4F4493
:102BB8004255532D55325D207472696767657220DE
:102BC800666C61677320636C656172206661696C0D
:102BD8006564207265743D256C640D0A0000000070
:102BE8005B4D4F444255532D55325D206275696CDB
:102BF8006420726571206661696C65642061646433
:102C0800723D307825303458207174793D25750D22
:102C18000A0000005B4D4F444255532D55325D204C
:102C280072657123256C7520747820646D6120733A
:102C380074617274206661696C6564206572723DA6
:102C480030782530386C580D0A0000005B4D4F4431
:102C58004255532D55325D2072657123256C7520C0
:102C6800747820636F6D706C6574652074696D6528
:102C78006F75740D0A0000005B4D4F444255532D8B
:102C880055325D2072657123256C75207478207427
:102C9800632074696D656F75740D0A005B4D4F4450
:102CA8004255532D55325D2072657123256C752070
:102CB800727820726573706F6E73652077696E64C1
:102CC8006F77207374617274206661696C65642023
:102CD8007265743D256C64206572723D30782530CC
:102CE800386C580D0A00000072782077616974000A
:102CF80072782D74696D656F75742D737472656162
:102D08006D0000005B4D4F444255532D55325D20F8
:102D18006176672D666C6F7720736B69703A2073E4
:102D28006861726564206461746120756E617661A2
:102D3800696C61626C650D005B4D4F444255532DC3
:102D480055325D207A65726F2D666C6F77207665D7
:102D5800726966792072656164203078303944463A
:102D6800206661696C65640D000000005B4D4F448E
:102D78004255532D55325D20727820646D6120696B
:102D88006E6974206661696C6564206572723D3095
:102D9800782530386C580D0A000000005B4D4F4410
:102DA8004255532D55325D20736B697020747269DA
:102DB8006767657220726561647320647565207445
:102DC8006F2030783037787820777269746520748E
:102DD800696D656F75740D005B43414C432D50411F
:102DE80052414D5D206F757465723D252E33662006
:102DF800696E6E65723D252E336620473D252E335C
:102E08006620453D252E336620706F6973736F6E9B
:102E18003D252E34662070726F703D2575206D6FCC
:102E2800645F73656C3D2575206176675F6D6F64BF
:102E3800653D25750D0A00005B43414C432D50410B
:102E480052414D5D2063616C6962313D252E3666C5
:102E58002063616C6962323D252E36662073656E8B
:102E680073313D252E36662073656E73323D252EEF
:102E78003666207A65726F313D252E3666207A6572
:102E8800726F323D252E366620636F656666543D47
:102E9800252E396620636F656666463D252E3966A0
:102EA8000D0A00005B504152414D5D206C6F61641A
:102EB800656420636F65666620706172616D73205A
:102EC80066726F6D20666C6173680D005B504152CD
:102ED800414D5D20666C61736820756E6C6F636B25
:102EE800206661696C6564207265743D256C640DAB
:102EF8000A0000005B504152414D5D20666C6173D1
:102F080068206572617365206661696C656420720A
:102F180065743D256C6420736563746F725F6572B8
:102F2800723D256C750D0A005B504152414D5D2084
:102F3800666C6173682070726F6772616D2066617C
:102F4800696C6564207265743D256C64206F6666E3
:102F58007365743D256C750D0A0000005B50415285
:102F6800414D5D20736176656420636F65666620F8
:102F7800706172616D7320746F20666C6173680D87
:102F8800000000005B52544F535D206D616C6C6F04
:102F980063206661696C65640D0000005B52544FE4
:102FA800535D20737461636B206F766572666C6F16
:102FB800773A2025730D0A005B5344494F5D20631F
:102FC800617264206E6F74206465746563746564EF
:102FD8000D0000005B5344494F5D2048414C5F534E
:102FE800445F496E6974206661696C656420657226
:102FF800723D30782530386C582073746174653DA3
:10300800256C750D0A0000005B5344494F5D207321
:10301800776974636820746F20342D626974206640
:1030280061696C6564206572723D30782530386C52
:10303800582073746174653D256C750D0A00000095
:10304800222A3A3C3E3F7C7F000000002B2C3B3D6F
:103058005B5D000049444C4500000000546D72510E
:1030680000000000546D722053766300D007020000
:10307800D2070200D4070200D6070200D8070100D1
:10308800D9070100DA070200DC0701000020010867
:103098000000000000000000000000000000000028
:1030A800000400000800000000000000000000000C
:1030B8000C200108000000000000000000000000D3
:1030C80000000000000800001000000000000000E0
:1030D80000000000182001080000000000000000A7
:1030E80000000000000000000004000020000000B4
:1030F8000000000000000000282001080000000077
:1031080000000000000000000000000000040000B3
:103118001000000000000000000000003820010836
:103128000000000000000000000000000000000097
:103138000006000018000000000000000000000069
:10314800442001080000000000000000000000000A
:103158000000000000080000180000000000000047
:1031680000000000542001080000000000000000DA
:10317800000000000000000000040000180000002B
:1031880000000000000000006420010800000000AA
:103198000000000000000000000000000006000021
:1031A800080000000000000000000000D007000038
:1031B800F42001080204010000000000D20700000A
:1031C8004C2101080204010004000000D40700009B
:1031D800002101080204020008000000D6070000D0
:1031E8000C210108020402000C000000D8070000AE
:1031F800182101080002000010000000D907000093
:10320800302101080002000012000000DA07000067
:10321800482101080204010014000000DC07000036
:10322800582101080002000018000000C40900002D
:103238006C210108020401001C000000C6090000FE
:103248007C2101080204020020000000C8090000D7
:10325800902101080204020024000000CA090000AD
:10326800A42101080204020028000000CC09000083
:10327800B8210108020402002C000000CE09000059
:10328800CC2101080204040030000000D00900002D
:10329800DC2101080002000034000000D109000010
:1032A800E82101080002000036000000D2090000F1
:1032B800F82101080204020038000000D4090000C7
:1032C80008220108010400003C000000D6090000A3
:1032D800142201080002000040000000D709000085
:1032E800202201080204040044000000D90900005B
:1032F800342201080204040048000000DB09000031
:1033080048220108020403004C000000DD09000007
:10331800602201080204030050000000DF090000D9
:10332800782201080204030054000000E1090000AB
:103338008C2201080204030058000000E309000081
:10334800A0220108000200005C000000E40900005F
:10335800AC220108000200005E000000F00A000034
:10336800B82201080002000060000000F10A000015
:10337800C82201080002000062000000F20A0000F2
:10338800D82201080002000064000000F30A0000CF
:10339800E82201080002000066000000D0070200D1
:1033A8000000D20702000400D40702000800D60774
:1033B80002000C00D80701001000D9070100120014
:1033C800DC070100180000000000010001000200F5
:1033D800020004000100C40902000200C6090C0032
:1033E8000400D20913000000E95D0008515E0008DE
:1033F800815E0008F15E0008615F00080006101693
:10340800000610160000000001020304000000007E
:10341800000000000102030406070809010305076C
:10342800090E10121416181C1E00000043554541C1
:103438004141414345454549494941414592924F9A
:103448004F4F5555594F554F9C4F9E9F41494F558A
:10345800A5A5A6A7A8A9AAABACADAEAFB0B1B2B3AB
:10346800B4414141B8B9BABBBCBDBEBFC0C1C2C3FB
:10347800C4C54141C8C9CACBCCCDCECFD1D14545B1
:103488004549494949D9DADBDCDD49DF4FE14F4F8E
:103498004F4FE6E8E85555555959EEEFF0F1F2F37C
:1034A800F4F5F6F7F8F9FAFBFCFDFEFF7D1D0100C7
:1034B800632C001E9601A01E5A01001F0806101F4B
:1034C8000606201F0806301F0806401F0606511F63
:1034D8000700591F521F5B1F541F5D1F561F5F1F98
:1034E800601F0806701F0E00BA1FBB1FC81FC91F28
:1034F800CA1FCB1FDA1FDB1FF81FF91FEA1FEB1FBC
:10350800FA1FFB1F801F0806901F0806A01F080649
:10351800B01F0400B81FB91FB21FBC1FCC1F010089
:10352800C31FD01F0206E01F0206E51F0100EC1FA3
:10353800F21F0100FC1F4E210100322170211002F0
:10354800842101008321D0241A05302C2F04602CFB
:103558000201672C0601752C0201802C6401002DE4
:10356800260841FF1A03000061001A03E000170350
:10357800F8000703FF000100780100013001320163
:103588000601390110014A012E0179010601800165
:103598004D00430281018201820184018401860178
:1035A8008701870189018A018B018B018D018E01B9
:1035B8008F0190019101910193019401F601960107
:1035C8009701980198013D029B019C019D012002F1
:1035D8009F01A001A001A201A201A401A401A601CA
:1035E800A701A701A901AA01AB01AC01AC01AE0179
:1035F800AF01AF01B101B201B301B301B501B5012A
:10360800B701B801B801BA01BB01BC01BC01BE01D8
:10361800F701C001C101C201C301C401C501C40150
:10362800C701C801C701CA01CB01CA01CD011001F8
:10363800DD0101008E01DE011201F3010300F10139
:10364800F401F401F8012801220212013A020900EA
:10365800652C3B023B023D02662C3F0240024102C0
:10366800410246020A0153024000810186015502C7
:1036780089018A0158028F015A0290015C025D0299
:103688005E025F02930161026202940164026502B4
:1036980066026702970196016A02622C6C026D024B
:1036A8006E029C01700271029D01730274029F01F7
:1036B80076027702780279027A027B027C02642C15
:1036C8007E027F02A60181028202A901840285028C
:1036D80086028702AE014402B101B20145028D02A1
:1036E8008E028F0290029102B7017B030300FD0353
:1036F800FE03FF03AC0304008603880389038A03DF
:10370800B1031103C2030200A303A303C403080304
:10371800CC0303008C038E038F03D8031801F20334
:103728000A00F903F303F403F503F603F703F703B9
:10373800F903FA03FA033004200350041007600465
:1037480022018A043601C1040E01CF040100C0041D
:10375800D00444016105260400000000C700FC00F5
:10376800E900E200E400E000E500E700EA00EB0021
:10377800E800EF00EE00EC00C400C500C900E60058
:10378800C600F400F600F200FB00F900FF00D600C6
:10379800DC00F800A300D800D7009201E100ED009A
:1037A800F300FA00F100D100AA00BA00BF00AE0091
:1037B800AC00BD00BC00A100AB00BB009125922568
:1037C800932502252425C100C200C000A900632555
:1037D800512557255D25A200A5001025142534255F
:1037E8002C251C2500253C25E300C3005A2554251B
:1037F80069256625602550256C25A400F000D000B9
:10380800CA00CB00C8003101CD00CE00CF0018257A
:103818000C2588258425A600CC008025D300DF0050
:10382800D400D200F500D500B500FE00DE00DA00B5
:10383800DB00D900FD00DD00AF00B400AD00B10031
:103848001720BE00B600A700F700B800B000A80017
:10385800B700B900B300B200A025A000494E460049
:10386800696E66004E414E006E616E003000303168
:1038780032333435363738394142434445460030CF
:1038880031323334353637383961626364656600FE
:10389800496E66696E697479004E614E00524545FD
:1038A8004E54206D616C6C6F63207375636365653E
:1038B800646564002F646174612F6A656E6B696E5C
:1038C800732F776F726B73706163652F474E552D39
:1038D800746F6F6C636861696E2F61726D2D31331F
:1038E8002F7372632F6E65776C69622D63796777C2
:1038F800696E2F6E65776C69622F6C6962632F73CE
:1039080074646C69622F64746F612E630042616C29
:103918006C6F6320737563636565646564002F6409
:103928006174612F6A656E6B696E732F776F726B46
:1039380073706163652F474E552D746F6F6C6368A4
:1039480061696E2F61726D2D31332F7372632F6E23
:1039580065776C69622D63796777696E2F6E657715
:103968006C69622F6C6962632F7374646C69622F6F
:103978006D707265632E6300232D302B2000686CF8
:103988004C00656667454647004300504F53495809
:10399800002E002C2066756E6374696F6E3A2000E5
:1039A800617373657274696F6E20222573222066B5
:1039B80061696C65643A2066696C6520222573220A
:1039C8002C206C696E65202564257325730A000018
:1039D80005000000190000007D0000000000000044
:1039E8000080E03779C34143176E05B5B5B89346F3
:1039F800F5F93FE9034F384D321D30F94877825ABF
:103A08003CBF737FDD4F1575000000000000F03FDC
:103A180000000000000024400000000000005940A1
:103A28000000000000408F40000000000088C340F4
:103A380000000000006AF8400000000080842E4169
:103A480000000000D01263410000000084D79741B5
:103A58000000000065CDCD41000000205FA00242BB
:103A6800000000E876483742000000A2941A6D4230
:103A7800000040E59C30A2420000901EC4BCD64223
:103A880000003426F56B0C430080E03779C34143CE
:103A980000A0D8855734764300C84E676DC1AB4344
:103AA800003D9160E458E143408CB5781DAF154462
:103AB80050EFE2D6E41A4B4492D54D06CFF080443D
:103AC800F64AE1C7022DB544B49DD9794378EA4452
:103AD80000202020202020202020282828282820D6
:103AE80020202020202020202020202020202020CE
:103AF8002088101010101010101010101010101036
:103B08001004040404040404040404101010101025
:103B180010104141414141410101010101010101EF
:103B28000101010101010101010101011010101041
:103B380010104242424242420202020202020202C1
:103B48000202020202020202020202021010101015
:103B5800200000000000000000000000000000003D
:103B6800000000000000000000000000000000004D
:103B7800000000000000000000000000000000003D
:103B8800000000000000000000000000000000002D
:103B9800000000000000000000000000000000001D
:103BA800000000000000000000000000000000000D
:103BB80000000000000000000000000000000000FD
:103BC80000000000000000000000000000000000ED
:043BD80000000000E9
:083BDC00B4C5FE7F01000000EA
:043BE400A50C000824
:043BE8007D0C000848
:103BEC00FF0F000001010100FFFFFFFF0000803FFD
:103BFC000000803F010000000000000000000000F9
:103C0C0000000000000000000100000000000000A7
:103C1C000000000000000000010000001000000087
:103C2C000024F400AAAAAAAA0000000003000000C5
:103C3C00EC8800205800002000000000EC880020D8
:103C4C0054890020BC890020000000000000000006
:103C5C000000000000000000000000000000000058
:103C6C000000000000000000000000000000000048
:103C7C000000000000000000000000000000000038
:103C8C0000000000430000000000000000000000E5
:103C9C000000000000000000000000000000000018
:103CAC0000000000430000000000000000000000C5
:103CBC0000000000000000000000000000000000F8
:103CCC0000000000430000000000000000000000A5
:103CDC0000000000000000000000000000000000D8
:103CEC000000000043000000000000000000000085
:103CFC0000000000000000000000000000000000B8
:103D0C000000000043000000000000000000000064
:103D1C000000000000000000000000000000000097
:103D2C000000000043000000000000000000000044
:103D3C000000000000000000000000000000000077
:103D4C000000000043000000000000000000000024
:103D5C000000000000000000000000000000000057
:103D6C0000000000E11A0108611A010800000000BF
:103D7C00D83A010899390108D6390108D639010811
:103D8C00D6390108D6390108D6390108D6390108C7
:103D9C00D6390108D6390108D6390108FFFFFFFFD3
:103DAC00FFFFFFFFFFFFFFFFFFFF0000010041537C
:103DBC004349490000000000000000000000000022
:103DCC000000000000000000000000000000415353
:103DDC004349490000000000000000000000000002
:103DEC0000000000000000000000000000000000C7
:040000050800ED6999
:00000001FF
