ARM GAS  C:\Users\40918\AppData\Local\Temp\cc17lxaj.s 			page 1


   1              		.cpu cortex-m4
   2              		.arch armv7e-m
   3              		.fpu fpv4-sp-d16
   4              		.eabi_attribute 27, 1
   5              		.eabi_attribute 28, 1
   6              		.eabi_attribute 20, 1
   7              		.eabi_attribute 21, 1
   8              		.eabi_attribute 23, 3
   9              		.eabi_attribute 24, 1
  10              		.eabi_attribute 25, 1
  11              		.eabi_attribute 26, 1
  12              		.eabi_attribute 30, 1
  13              		.eabi_attribute 34, 1
  14              		.eabi_attribute 18, 4
  15              		.file	"stm32f4xx_hal_rtc.c"
  16              		.text
  17              	.Ltext0:
  18              		.cfi_sections	.debug_frame
  19              		.file 1 "Drivers/STM32F4xx_HAL_Driver/Src/stm32f4xx_hal_rtc.c"
  20              		.section	.text.HAL_RTC_MspInit,"ax",%progbits
  21              		.align	1
  22              		.weak	HAL_RTC_MspInit
  23              		.syntax unified
  24              		.thumb
  25              		.thumb_func
  27              	HAL_RTC_MspInit:
  28              	.LVL0:
  29              	.LFB241:
   1:Drivers/STM32F4xx_HAL_Driver/Src/stm32f4xx_hal_rtc.c **** /**
   2:Drivers/STM32F4xx_HAL_Driver/Src/stm32f4xx_hal_rtc.c ****   ******************************************************************************
   3:Drivers/STM32F4xx_HAL_Driver/Src/stm32f4xx_hal_rtc.c ****   * @file    stm32f4xx_hal_rtc.c
   4:Drivers/STM32F4xx_HAL_Driver/Src/stm32f4xx_hal_rtc.c ****   * @author  MCD Application Team
   5:Drivers/STM32F4xx_HAL_Driver/Src/stm32f4xx_hal_rtc.c ****   * @brief   RTC HAL module driver.
   6:Drivers/STM32F4xx_HAL_Driver/Src/stm32f4xx_hal_rtc.c ****   *          This file provides firmware functions to manage the following
   7:Drivers/STM32F4xx_HAL_Driver/Src/stm32f4xx_hal_rtc.c ****   *          functionalities of the Real-Time Clock (RTC) peripheral:
   8:Drivers/STM32F4xx_HAL_Driver/Src/stm32f4xx_hal_rtc.c ****   *           + Initialization and de-initialization functions
   9:Drivers/STM32F4xx_HAL_Driver/Src/stm32f4xx_hal_rtc.c ****   *           + Calendar (Time and Date) configuration functions
  10:Drivers/STM32F4xx_HAL_Driver/Src/stm32f4xx_hal_rtc.c ****   *           + Alarms (Alarm A and Alarm B) configuration functions
  11:Drivers/STM32F4xx_HAL_Driver/Src/stm32f4xx_hal_rtc.c ****   *           + Peripheral Control functions
  12:Drivers/STM32F4xx_HAL_Driver/Src/stm32f4xx_hal_rtc.c ****   *           + Peripheral State functions
  13:Drivers/STM32F4xx_HAL_Driver/Src/stm32f4xx_hal_rtc.c ****   *
  14:Drivers/STM32F4xx_HAL_Driver/Src/stm32f4xx_hal_rtc.c ****   ******************************************************************************
  15:Drivers/STM32F4xx_HAL_Driver/Src/stm32f4xx_hal_rtc.c ****   * @attention
  16:Drivers/STM32F4xx_HAL_Driver/Src/stm32f4xx_hal_rtc.c ****   *
  17:Drivers/STM32F4xx_HAL_Driver/Src/stm32f4xx_hal_rtc.c ****   * Copyright (c) 2016 STMicroelectronics.
  18:Drivers/STM32F4xx_HAL_Driver/Src/stm32f4xx_hal_rtc.c ****   * All rights reserved.
  19:Drivers/STM32F4xx_HAL_Driver/Src/stm32f4xx_hal_rtc.c ****   *
  20:Drivers/STM32F4xx_HAL_Driver/Src/stm32f4xx_hal_rtc.c ****   * This software is licensed under terms that can be found in the LICENSE file
  21:Drivers/STM32F4xx_HAL_Driver/Src/stm32f4xx_hal_rtc.c ****   * in the root directory of this software component.
  22:Drivers/STM32F4xx_HAL_Driver/Src/stm32f4xx_hal_rtc.c ****   * If no LICENSE file comes with this software, it is provided AS-IS.
  23:Drivers/STM32F4xx_HAL_Driver/Src/stm32f4xx_hal_rtc.c ****   *
  24:Drivers/STM32F4xx_HAL_Driver/Src/stm32f4xx_hal_rtc.c ****   ******************************************************************************
  25:Drivers/STM32F4xx_HAL_Driver/Src/stm32f4xx_hal_rtc.c ****   @verbatim
  26:Drivers/STM32F4xx_HAL_Driver/Src/stm32f4xx_hal_rtc.c ****   ==============================================================================
  27:Drivers/STM32F4xx_HAL_Driver/Src/stm32f4xx_hal_rtc.c ****                ##### RTC and Backup Domain Operating Condition #####
  28:Drivers/STM32F4xx_HAL_Driver/Src/stm32f4xx_hal_rtc.c ****   ==============================================================================
  29:Drivers/STM32F4xx_HAL_Driver/Src/stm32f4xx_hal_rtc.c ****   [..] The real-time clock (RTC), the RTC backup registers, and the backup
ARM GAS  C:\Users\40918\AppData\Local\Temp\cc17lxaj.s 			page 2


  30:Drivers/STM32F4xx_HAL_Driver/Src/stm32f4xx_hal_rtc.c ****        SRAM (BKP SRAM) can be powered from the VBAT voltage when the main
  31:Drivers/STM32F4xx_HAL_Driver/Src/stm32f4xx_hal_rtc.c ****        VDD supply is powered off.
  32:Drivers/STM32F4xx_HAL_Driver/Src/stm32f4xx_hal_rtc.c ****        To retain the content of the RTC backup registers, BKP SRAM, and supply
  33:Drivers/STM32F4xx_HAL_Driver/Src/stm32f4xx_hal_rtc.c ****        the RTC when VDD is turned off, VBAT pin can be connected to an optional
  34:Drivers/STM32F4xx_HAL_Driver/Src/stm32f4xx_hal_rtc.c ****        standby voltage supplied by a battery or by another source.
  35:Drivers/STM32F4xx_HAL_Driver/Src/stm32f4xx_hal_rtc.c **** 
  36:Drivers/STM32F4xx_HAL_Driver/Src/stm32f4xx_hal_rtc.c ****   [..] To allow the RTC operating even when the main digital supply (VDD) is turned
  37:Drivers/STM32F4xx_HAL_Driver/Src/stm32f4xx_hal_rtc.c ****        off, the VBAT pin powers the following blocks:
  38:Drivers/STM32F4xx_HAL_Driver/Src/stm32f4xx_hal_rtc.c ****     (#) The RTC
  39:Drivers/STM32F4xx_HAL_Driver/Src/stm32f4xx_hal_rtc.c ****     (#) The LSE oscillator
  40:Drivers/STM32F4xx_HAL_Driver/Src/stm32f4xx_hal_rtc.c ****     (#) The BKP SRAM when the low power backup regulator is enabled
  41:Drivers/STM32F4xx_HAL_Driver/Src/stm32f4xx_hal_rtc.c ****     (#) PC13 to PC15 I/Os, plus PI8 I/O (when available)
  42:Drivers/STM32F4xx_HAL_Driver/Src/stm32f4xx_hal_rtc.c **** 
  43:Drivers/STM32F4xx_HAL_Driver/Src/stm32f4xx_hal_rtc.c ****   [..] When the backup domain is supplied by VDD (analog switch connected to VDD),
  44:Drivers/STM32F4xx_HAL_Driver/Src/stm32f4xx_hal_rtc.c ****        the following pins are available:
  45:Drivers/STM32F4xx_HAL_Driver/Src/stm32f4xx_hal_rtc.c ****     (#) PC14 and PC15 can be used as either GPIO or LSE pins
  46:Drivers/STM32F4xx_HAL_Driver/Src/stm32f4xx_hal_rtc.c ****     (#) PC13 can be used as a GPIO or as the RTC_AF1 pin
  47:Drivers/STM32F4xx_HAL_Driver/Src/stm32f4xx_hal_rtc.c ****     (#) PI8 can be used as a GPIO or as the RTC_AF2 pin
  48:Drivers/STM32F4xx_HAL_Driver/Src/stm32f4xx_hal_rtc.c **** 
  49:Drivers/STM32F4xx_HAL_Driver/Src/stm32f4xx_hal_rtc.c ****   [..] When the backup domain is supplied by VBAT (analog switch connected to VBAT
  50:Drivers/STM32F4xx_HAL_Driver/Src/stm32f4xx_hal_rtc.c ****        because VDD is not present), the following pins are available:
  51:Drivers/STM32F4xx_HAL_Driver/Src/stm32f4xx_hal_rtc.c ****     (#) PC14 and PC15 can be used as LSE pins only
  52:Drivers/STM32F4xx_HAL_Driver/Src/stm32f4xx_hal_rtc.c ****     (#) PC13 can be used as the RTC_AF1 pin
  53:Drivers/STM32F4xx_HAL_Driver/Src/stm32f4xx_hal_rtc.c ****     (#) PI8 can be used as the RTC_AF2 pin
  54:Drivers/STM32F4xx_HAL_Driver/Src/stm32f4xx_hal_rtc.c **** 
  55:Drivers/STM32F4xx_HAL_Driver/Src/stm32f4xx_hal_rtc.c ****                    ##### Backup Domain Reset #####
  56:Drivers/STM32F4xx_HAL_Driver/Src/stm32f4xx_hal_rtc.c ****   ==================================================================
  57:Drivers/STM32F4xx_HAL_Driver/Src/stm32f4xx_hal_rtc.c ****   [..] The backup domain reset sets all RTC registers and the RCC_BDCR register
  58:Drivers/STM32F4xx_HAL_Driver/Src/stm32f4xx_hal_rtc.c ****        to their reset values.
  59:Drivers/STM32F4xx_HAL_Driver/Src/stm32f4xx_hal_rtc.c ****        The BKP SRAM is not affected by this reset. The only way to reset the BKP
  60:Drivers/STM32F4xx_HAL_Driver/Src/stm32f4xx_hal_rtc.c ****        SRAM is through the Flash interface by requesting a protection level
  61:Drivers/STM32F4xx_HAL_Driver/Src/stm32f4xx_hal_rtc.c ****        change from 1 to 0.
  62:Drivers/STM32F4xx_HAL_Driver/Src/stm32f4xx_hal_rtc.c ****   [..] A backup domain reset is generated when one of the following events occurs:
  63:Drivers/STM32F4xx_HAL_Driver/Src/stm32f4xx_hal_rtc.c ****     (#) Software reset, triggered by setting the BDRST bit in the
  64:Drivers/STM32F4xx_HAL_Driver/Src/stm32f4xx_hal_rtc.c ****         RCC Backup domain control register (RCC_BDCR).
  65:Drivers/STM32F4xx_HAL_Driver/Src/stm32f4xx_hal_rtc.c ****     (#) VDD or VBAT power on, if both supplies have previously been powered off.
  66:Drivers/STM32F4xx_HAL_Driver/Src/stm32f4xx_hal_rtc.c **** 
  67:Drivers/STM32F4xx_HAL_Driver/Src/stm32f4xx_hal_rtc.c ****                    ##### Backup Domain Access #####
  68:Drivers/STM32F4xx_HAL_Driver/Src/stm32f4xx_hal_rtc.c ****   ==================================================================
  69:Drivers/STM32F4xx_HAL_Driver/Src/stm32f4xx_hal_rtc.c ****   [..] After reset, the backup domain (RTC registers, RTC backup data registers
  70:Drivers/STM32F4xx_HAL_Driver/Src/stm32f4xx_hal_rtc.c ****        and BKP SRAM) is protected against possible unwanted write accesses.
  71:Drivers/STM32F4xx_HAL_Driver/Src/stm32f4xx_hal_rtc.c ****   [..] To enable access to the RTC Domain and RTC registers, proceed as follows:
  72:Drivers/STM32F4xx_HAL_Driver/Src/stm32f4xx_hal_rtc.c ****     (+) Enable the Power Controller (PWR) APB1 interface clock using the
  73:Drivers/STM32F4xx_HAL_Driver/Src/stm32f4xx_hal_rtc.c ****         __HAL_RCC_PWR_CLK_ENABLE() macro.
  74:Drivers/STM32F4xx_HAL_Driver/Src/stm32f4xx_hal_rtc.c ****     (+) Enable access to RTC domain using the HAL_PWR_EnableBkUpAccess() function.
  75:Drivers/STM32F4xx_HAL_Driver/Src/stm32f4xx_hal_rtc.c ****     (+) Select the RTC clock source using the __HAL_RCC_RTC_CONFIG() macro.
  76:Drivers/STM32F4xx_HAL_Driver/Src/stm32f4xx_hal_rtc.c ****     (+) Enable RTC Clock using the __HAL_RCC_RTC_ENABLE() macro.
  77:Drivers/STM32F4xx_HAL_Driver/Src/stm32f4xx_hal_rtc.c **** 
  78:Drivers/STM32F4xx_HAL_Driver/Src/stm32f4xx_hal_rtc.c ****   ==============================================================================
  79:Drivers/STM32F4xx_HAL_Driver/Src/stm32f4xx_hal_rtc.c ****                         ##### How to use this driver #####
  80:Drivers/STM32F4xx_HAL_Driver/Src/stm32f4xx_hal_rtc.c ****   ==============================================================================
  81:Drivers/STM32F4xx_HAL_Driver/Src/stm32f4xx_hal_rtc.c ****   [..]
  82:Drivers/STM32F4xx_HAL_Driver/Src/stm32f4xx_hal_rtc.c ****     (+) Enable the RTC domain access (see description in the section above).
  83:Drivers/STM32F4xx_HAL_Driver/Src/stm32f4xx_hal_rtc.c ****     (+) Configure the RTC Prescaler (Asynchronous and Synchronous) and RTC hour
  84:Drivers/STM32F4xx_HAL_Driver/Src/stm32f4xx_hal_rtc.c ****         format using the HAL_RTC_Init() function.
  85:Drivers/STM32F4xx_HAL_Driver/Src/stm32f4xx_hal_rtc.c **** 
  86:Drivers/STM32F4xx_HAL_Driver/Src/stm32f4xx_hal_rtc.c ****   *** Time and Date configuration ***
ARM GAS  C:\Users\40918\AppData\Local\Temp\cc17lxaj.s 			page 3


  87:Drivers/STM32F4xx_HAL_Driver/Src/stm32f4xx_hal_rtc.c ****   ===================================
  88:Drivers/STM32F4xx_HAL_Driver/Src/stm32f4xx_hal_rtc.c ****   [..]
  89:Drivers/STM32F4xx_HAL_Driver/Src/stm32f4xx_hal_rtc.c ****     (+) To configure the RTC Calendar (Time and Date) use the HAL_RTC_SetTime()
  90:Drivers/STM32F4xx_HAL_Driver/Src/stm32f4xx_hal_rtc.c ****         and HAL_RTC_SetDate() functions.
  91:Drivers/STM32F4xx_HAL_Driver/Src/stm32f4xx_hal_rtc.c ****     (+) To read the RTC Calendar, use the HAL_RTC_GetTime() and HAL_RTC_GetDate()
  92:Drivers/STM32F4xx_HAL_Driver/Src/stm32f4xx_hal_rtc.c ****         functions.
  93:Drivers/STM32F4xx_HAL_Driver/Src/stm32f4xx_hal_rtc.c ****     (+) To manage the RTC summer or winter time change, use the following
  94:Drivers/STM32F4xx_HAL_Driver/Src/stm32f4xx_hal_rtc.c ****         functions:
  95:Drivers/STM32F4xx_HAL_Driver/Src/stm32f4xx_hal_rtc.c ****         (++) HAL_RTC_DST_Add1Hour() or HAL_RTC_DST_Sub1Hour to add or subtract
  96:Drivers/STM32F4xx_HAL_Driver/Src/stm32f4xx_hal_rtc.c ****              1 hour from the calendar time.
  97:Drivers/STM32F4xx_HAL_Driver/Src/stm32f4xx_hal_rtc.c ****         (++) HAL_RTC_DST_SetStoreOperation() or HAL_RTC_DST_ClearStoreOperation
  98:Drivers/STM32F4xx_HAL_Driver/Src/stm32f4xx_hal_rtc.c ****              to memorize whether the time change has been performed or not.
  99:Drivers/STM32F4xx_HAL_Driver/Src/stm32f4xx_hal_rtc.c **** 
 100:Drivers/STM32F4xx_HAL_Driver/Src/stm32f4xx_hal_rtc.c ****   *** Alarm configuration ***
 101:Drivers/STM32F4xx_HAL_Driver/Src/stm32f4xx_hal_rtc.c ****   ===========================
 102:Drivers/STM32F4xx_HAL_Driver/Src/stm32f4xx_hal_rtc.c ****   [..]
 103:Drivers/STM32F4xx_HAL_Driver/Src/stm32f4xx_hal_rtc.c ****     (+) To configure the RTC Alarm use the HAL_RTC_SetAlarm() function.
 104:Drivers/STM32F4xx_HAL_Driver/Src/stm32f4xx_hal_rtc.c ****         You can also configure the RTC Alarm with interrupt mode using the
 105:Drivers/STM32F4xx_HAL_Driver/Src/stm32f4xx_hal_rtc.c ****         HAL_RTC_SetAlarm_IT() function.
 106:Drivers/STM32F4xx_HAL_Driver/Src/stm32f4xx_hal_rtc.c ****     (+) To read the RTC Alarm, use the HAL_RTC_GetAlarm() function.
 107:Drivers/STM32F4xx_HAL_Driver/Src/stm32f4xx_hal_rtc.c **** 
 108:Drivers/STM32F4xx_HAL_Driver/Src/stm32f4xx_hal_rtc.c ****                   ##### RTC and low power modes #####
 109:Drivers/STM32F4xx_HAL_Driver/Src/stm32f4xx_hal_rtc.c ****   ==================================================================
 110:Drivers/STM32F4xx_HAL_Driver/Src/stm32f4xx_hal_rtc.c ****   [..] The MCU can be woken up from a low power mode by an RTC alternate
 111:Drivers/STM32F4xx_HAL_Driver/Src/stm32f4xx_hal_rtc.c ****        function.
 112:Drivers/STM32F4xx_HAL_Driver/Src/stm32f4xx_hal_rtc.c ****   [..] The RTC alternate functions are the RTC alarms (Alarm A and Alarm B),
 113:Drivers/STM32F4xx_HAL_Driver/Src/stm32f4xx_hal_rtc.c ****        RTC wakeup, RTC tamper event detection and RTC timestamp event detection.
 114:Drivers/STM32F4xx_HAL_Driver/Src/stm32f4xx_hal_rtc.c ****        These RTC alternate functions can wake up the system from the Stop and
 115:Drivers/STM32F4xx_HAL_Driver/Src/stm32f4xx_hal_rtc.c ****        Standby low power modes.
 116:Drivers/STM32F4xx_HAL_Driver/Src/stm32f4xx_hal_rtc.c ****   [..] The system can also wake up from low power modes without depending
 117:Drivers/STM32F4xx_HAL_Driver/Src/stm32f4xx_hal_rtc.c ****        on an external interrupt (Auto-wakeup mode), by using the RTC alarm
 118:Drivers/STM32F4xx_HAL_Driver/Src/stm32f4xx_hal_rtc.c ****        or the RTC wakeup events.
 119:Drivers/STM32F4xx_HAL_Driver/Src/stm32f4xx_hal_rtc.c ****   [..] The RTC provides a programmable time base for waking up from the
 120:Drivers/STM32F4xx_HAL_Driver/Src/stm32f4xx_hal_rtc.c ****        Stop or Standby mode at regular intervals.
 121:Drivers/STM32F4xx_HAL_Driver/Src/stm32f4xx_hal_rtc.c ****        Wakeup from STOP and STANDBY modes is possible only when the RTC clock
 122:Drivers/STM32F4xx_HAL_Driver/Src/stm32f4xx_hal_rtc.c ****        source is LSE or LSI.
 123:Drivers/STM32F4xx_HAL_Driver/Src/stm32f4xx_hal_rtc.c **** 
 124:Drivers/STM32F4xx_HAL_Driver/Src/stm32f4xx_hal_rtc.c ****   *** Callback registration ***
 125:Drivers/STM32F4xx_HAL_Driver/Src/stm32f4xx_hal_rtc.c ****   =============================================
 126:Drivers/STM32F4xx_HAL_Driver/Src/stm32f4xx_hal_rtc.c ****   [..]
 127:Drivers/STM32F4xx_HAL_Driver/Src/stm32f4xx_hal_rtc.c ****   When the compilation define USE_HAL_RTC_REGISTER_CALLBACKS is set to 0 or
 128:Drivers/STM32F4xx_HAL_Driver/Src/stm32f4xx_hal_rtc.c ****   not defined, the callback registration feature is not available and all
 129:Drivers/STM32F4xx_HAL_Driver/Src/stm32f4xx_hal_rtc.c ****   callbacks are set to the corresponding weak functions.
 130:Drivers/STM32F4xx_HAL_Driver/Src/stm32f4xx_hal_rtc.c ****   This is the recommended configuration in order to optimize memory/code
 131:Drivers/STM32F4xx_HAL_Driver/Src/stm32f4xx_hal_rtc.c ****   consumption footprint/performances.
 132:Drivers/STM32F4xx_HAL_Driver/Src/stm32f4xx_hal_rtc.c ****   [..]
 133:Drivers/STM32F4xx_HAL_Driver/Src/stm32f4xx_hal_rtc.c ****   The compilation define  USE_HAL_RTC_REGISTER_CALLBACKS when set to 1
 134:Drivers/STM32F4xx_HAL_Driver/Src/stm32f4xx_hal_rtc.c ****   allows the user to configure dynamically the driver callbacks.
 135:Drivers/STM32F4xx_HAL_Driver/Src/stm32f4xx_hal_rtc.c ****   Use Function HAL_RTC_RegisterCallback() to register an interrupt callback.
 136:Drivers/STM32F4xx_HAL_Driver/Src/stm32f4xx_hal_rtc.c ****   [..]
 137:Drivers/STM32F4xx_HAL_Driver/Src/stm32f4xx_hal_rtc.c ****   Function HAL_RTC_RegisterCallback() allows to register following callbacks:
 138:Drivers/STM32F4xx_HAL_Driver/Src/stm32f4xx_hal_rtc.c ****     (+) AlarmAEventCallback          : RTC Alarm A Event callback.
 139:Drivers/STM32F4xx_HAL_Driver/Src/stm32f4xx_hal_rtc.c ****     (+) AlarmBEventCallback          : RTC Alarm B Event callback.
 140:Drivers/STM32F4xx_HAL_Driver/Src/stm32f4xx_hal_rtc.c ****     (+) TimeStampEventCallback       : RTC Timestamp Event callback.
 141:Drivers/STM32F4xx_HAL_Driver/Src/stm32f4xx_hal_rtc.c ****     (+) WakeUpTimerEventCallback     : RTC WakeUpTimer Event callback.
 142:Drivers/STM32F4xx_HAL_Driver/Src/stm32f4xx_hal_rtc.c ****     (+) Tamper1EventCallback         : RTC Tamper 1 Event callback.
 143:Drivers/STM32F4xx_HAL_Driver/Src/stm32f4xx_hal_rtc.c ****     (+) Tamper2EventCallback         : RTC Tamper 2 Event callback. (*)
ARM GAS  C:\Users\40918\AppData\Local\Temp\cc17lxaj.s 			page 4


 144:Drivers/STM32F4xx_HAL_Driver/Src/stm32f4xx_hal_rtc.c ****     (+) MspInitCallback              : RTC MspInit callback.
 145:Drivers/STM32F4xx_HAL_Driver/Src/stm32f4xx_hal_rtc.c ****     (+) MspDeInitCallback            : RTC MspDeInit callback.
 146:Drivers/STM32F4xx_HAL_Driver/Src/stm32f4xx_hal_rtc.c **** 
 147:Drivers/STM32F4xx_HAL_Driver/Src/stm32f4xx_hal_rtc.c ****   (*) value not applicable to all devices.
 148:Drivers/STM32F4xx_HAL_Driver/Src/stm32f4xx_hal_rtc.c ****   [..]
 149:Drivers/STM32F4xx_HAL_Driver/Src/stm32f4xx_hal_rtc.c ****   This function takes as parameters the HAL peripheral handle, the Callback ID
 150:Drivers/STM32F4xx_HAL_Driver/Src/stm32f4xx_hal_rtc.c ****   and a pointer to the user callback function.
 151:Drivers/STM32F4xx_HAL_Driver/Src/stm32f4xx_hal_rtc.c ****   [..]
 152:Drivers/STM32F4xx_HAL_Driver/Src/stm32f4xx_hal_rtc.c ****   Use function HAL_RTC_UnRegisterCallback() to reset a callback to the default
 153:Drivers/STM32F4xx_HAL_Driver/Src/stm32f4xx_hal_rtc.c ****   weak function.
 154:Drivers/STM32F4xx_HAL_Driver/Src/stm32f4xx_hal_rtc.c ****   HAL_RTC_UnRegisterCallback() takes as parameters the HAL peripheral handle,
 155:Drivers/STM32F4xx_HAL_Driver/Src/stm32f4xx_hal_rtc.c ****   and the Callback ID.
 156:Drivers/STM32F4xx_HAL_Driver/Src/stm32f4xx_hal_rtc.c ****   This function allows to reset following callbacks:
 157:Drivers/STM32F4xx_HAL_Driver/Src/stm32f4xx_hal_rtc.c ****     (+) AlarmAEventCallback          : RTC Alarm A Event callback.
 158:Drivers/STM32F4xx_HAL_Driver/Src/stm32f4xx_hal_rtc.c ****     (+) AlarmBEventCallback          : RTC Alarm B Event callback.
 159:Drivers/STM32F4xx_HAL_Driver/Src/stm32f4xx_hal_rtc.c ****     (+) TimeStampEventCallback       : RTC Timestamp Event callback.
 160:Drivers/STM32F4xx_HAL_Driver/Src/stm32f4xx_hal_rtc.c ****     (+) WakeUpTimerEventCallback     : RTC WakeUpTimer Event callback.
 161:Drivers/STM32F4xx_HAL_Driver/Src/stm32f4xx_hal_rtc.c ****     (+) Tamper1EventCallback         : RTC Tamper 1 Event callback.
 162:Drivers/STM32F4xx_HAL_Driver/Src/stm32f4xx_hal_rtc.c ****     (+) Tamper2EventCallback         : RTC Tamper 2 Event callback. (*)
 163:Drivers/STM32F4xx_HAL_Driver/Src/stm32f4xx_hal_rtc.c ****     (+) MspInitCallback              : RTC MspInit callback.
 164:Drivers/STM32F4xx_HAL_Driver/Src/stm32f4xx_hal_rtc.c ****     (+) MspDeInitCallback            : RTC MspDeInit callback.
 165:Drivers/STM32F4xx_HAL_Driver/Src/stm32f4xx_hal_rtc.c **** 
 166:Drivers/STM32F4xx_HAL_Driver/Src/stm32f4xx_hal_rtc.c ****   (*) value not applicable to all devices.
 167:Drivers/STM32F4xx_HAL_Driver/Src/stm32f4xx_hal_rtc.c ****   [..]
 168:Drivers/STM32F4xx_HAL_Driver/Src/stm32f4xx_hal_rtc.c ****   By default, after the HAL_RTC_Init() and when the state is HAL_RTC_STATE_RESET,
 169:Drivers/STM32F4xx_HAL_Driver/Src/stm32f4xx_hal_rtc.c ****   all callbacks are set to the corresponding weak functions:
 170:Drivers/STM32F4xx_HAL_Driver/Src/stm32f4xx_hal_rtc.c ****   examples AlarmAEventCallback(), TimeStampEventCallback().
 171:Drivers/STM32F4xx_HAL_Driver/Src/stm32f4xx_hal_rtc.c ****   Exception done for MspInit() and MspDeInit() callbacks that are reset to the
 172:Drivers/STM32F4xx_HAL_Driver/Src/stm32f4xx_hal_rtc.c ****   legacy weak function in the HAL_RTC_Init()/HAL_RTC_DeInit() only when these
 173:Drivers/STM32F4xx_HAL_Driver/Src/stm32f4xx_hal_rtc.c ****   callbacks are null (not registered beforehand).
 174:Drivers/STM32F4xx_HAL_Driver/Src/stm32f4xx_hal_rtc.c ****   If not, MspInit() or MspDeInit() are not null, HAL_RTC_Init()/HAL_RTC_DeInit()
 175:Drivers/STM32F4xx_HAL_Driver/Src/stm32f4xx_hal_rtc.c ****   keep and use the user MspInit()/MspDeInit() callbacks (registered beforehand).
 176:Drivers/STM32F4xx_HAL_Driver/Src/stm32f4xx_hal_rtc.c ****   [..]
 177:Drivers/STM32F4xx_HAL_Driver/Src/stm32f4xx_hal_rtc.c ****   Callbacks can be registered/unregistered in HAL_RTC_STATE_READY state only.
 178:Drivers/STM32F4xx_HAL_Driver/Src/stm32f4xx_hal_rtc.c ****   Exception done for MspInit() and MspDeInit() that can be registered/unregistered
 179:Drivers/STM32F4xx_HAL_Driver/Src/stm32f4xx_hal_rtc.c ****   in HAL_RTC_STATE_READY or HAL_RTC_STATE_RESET state.
 180:Drivers/STM32F4xx_HAL_Driver/Src/stm32f4xx_hal_rtc.c ****   Thus registered (user) MspInit()/MspDeInit() callbacks can be used during the
 181:Drivers/STM32F4xx_HAL_Driver/Src/stm32f4xx_hal_rtc.c ****   Init/DeInit.
 182:Drivers/STM32F4xx_HAL_Driver/Src/stm32f4xx_hal_rtc.c ****   In that case first register the MspInit()/MspDeInit() user callbacks using
 183:Drivers/STM32F4xx_HAL_Driver/Src/stm32f4xx_hal_rtc.c ****   HAL_RTC_RegisterCallback() before calling HAL_RTC_DeInit() or HAL_RTC_Init()
 184:Drivers/STM32F4xx_HAL_Driver/Src/stm32f4xx_hal_rtc.c ****   functions.
 185:Drivers/STM32F4xx_HAL_Driver/Src/stm32f4xx_hal_rtc.c **** 
 186:Drivers/STM32F4xx_HAL_Driver/Src/stm32f4xx_hal_rtc.c ****   @endverbatim
 187:Drivers/STM32F4xx_HAL_Driver/Src/stm32f4xx_hal_rtc.c ****   ******************************************************************************
 188:Drivers/STM32F4xx_HAL_Driver/Src/stm32f4xx_hal_rtc.c ****   */
 189:Drivers/STM32F4xx_HAL_Driver/Src/stm32f4xx_hal_rtc.c **** 
 190:Drivers/STM32F4xx_HAL_Driver/Src/stm32f4xx_hal_rtc.c **** /* Includes ------------------------------------------------------------------*/
 191:Drivers/STM32F4xx_HAL_Driver/Src/stm32f4xx_hal_rtc.c **** #include "stm32f4xx_hal.h"
 192:Drivers/STM32F4xx_HAL_Driver/Src/stm32f4xx_hal_rtc.c **** 
 193:Drivers/STM32F4xx_HAL_Driver/Src/stm32f4xx_hal_rtc.c **** /** @addtogroup STM32F4xx_HAL_Driver
 194:Drivers/STM32F4xx_HAL_Driver/Src/stm32f4xx_hal_rtc.c ****   * @{
 195:Drivers/STM32F4xx_HAL_Driver/Src/stm32f4xx_hal_rtc.c ****   */
 196:Drivers/STM32F4xx_HAL_Driver/Src/stm32f4xx_hal_rtc.c **** 
 197:Drivers/STM32F4xx_HAL_Driver/Src/stm32f4xx_hal_rtc.c **** /** @defgroup RTC RTC
 198:Drivers/STM32F4xx_HAL_Driver/Src/stm32f4xx_hal_rtc.c ****   * @brief    RTC HAL module driver
 199:Drivers/STM32F4xx_HAL_Driver/Src/stm32f4xx_hal_rtc.c ****   * @{
 200:Drivers/STM32F4xx_HAL_Driver/Src/stm32f4xx_hal_rtc.c ****   */
ARM GAS  C:\Users\40918\AppData\Local\Temp\cc17lxaj.s 			page 5


 201:Drivers/STM32F4xx_HAL_Driver/Src/stm32f4xx_hal_rtc.c **** 
 202:Drivers/STM32F4xx_HAL_Driver/Src/stm32f4xx_hal_rtc.c **** #ifdef HAL_RTC_MODULE_ENABLED
 203:Drivers/STM32F4xx_HAL_Driver/Src/stm32f4xx_hal_rtc.c **** 
 204:Drivers/STM32F4xx_HAL_Driver/Src/stm32f4xx_hal_rtc.c **** /* Private typedef -----------------------------------------------------------*/
 205:Drivers/STM32F4xx_HAL_Driver/Src/stm32f4xx_hal_rtc.c **** /* Private define ------------------------------------------------------------*/
 206:Drivers/STM32F4xx_HAL_Driver/Src/stm32f4xx_hal_rtc.c **** /* Private macro -------------------------------------------------------------*/
 207:Drivers/STM32F4xx_HAL_Driver/Src/stm32f4xx_hal_rtc.c **** /* Private variables ---------------------------------------------------------*/
 208:Drivers/STM32F4xx_HAL_Driver/Src/stm32f4xx_hal_rtc.c **** /* Private function prototypes -----------------------------------------------*/
 209:Drivers/STM32F4xx_HAL_Driver/Src/stm32f4xx_hal_rtc.c **** /* Exported functions --------------------------------------------------------*/
 210:Drivers/STM32F4xx_HAL_Driver/Src/stm32f4xx_hal_rtc.c **** 
 211:Drivers/STM32F4xx_HAL_Driver/Src/stm32f4xx_hal_rtc.c **** /** @defgroup RTC_Exported_Functions RTC Exported Functions
 212:Drivers/STM32F4xx_HAL_Driver/Src/stm32f4xx_hal_rtc.c ****   * @{
 213:Drivers/STM32F4xx_HAL_Driver/Src/stm32f4xx_hal_rtc.c ****   */
 214:Drivers/STM32F4xx_HAL_Driver/Src/stm32f4xx_hal_rtc.c **** 
 215:Drivers/STM32F4xx_HAL_Driver/Src/stm32f4xx_hal_rtc.c **** /** @defgroup RTC_Exported_Functions_Group1 Initialization and de-initialization functions
 216:Drivers/STM32F4xx_HAL_Driver/Src/stm32f4xx_hal_rtc.c ****   * @brief    Initialization and Configuration functions
 217:Drivers/STM32F4xx_HAL_Driver/Src/stm32f4xx_hal_rtc.c ****   *
 218:Drivers/STM32F4xx_HAL_Driver/Src/stm32f4xx_hal_rtc.c **** @verbatim
 219:Drivers/STM32F4xx_HAL_Driver/Src/stm32f4xx_hal_rtc.c ****  ===============================================================================
 220:Drivers/STM32F4xx_HAL_Driver/Src/stm32f4xx_hal_rtc.c ****               ##### Initialization and de-initialization functions #####
 221:Drivers/STM32F4xx_HAL_Driver/Src/stm32f4xx_hal_rtc.c ****  ===============================================================================
 222:Drivers/STM32F4xx_HAL_Driver/Src/stm32f4xx_hal_rtc.c ****    [..] This section provides functions allowing to initialize and configure the
 223:Drivers/STM32F4xx_HAL_Driver/Src/stm32f4xx_hal_rtc.c ****          RTC Prescaler (Synchronous and Asynchronous), RTC Hour format, disable
 224:Drivers/STM32F4xx_HAL_Driver/Src/stm32f4xx_hal_rtc.c ****          RTC registers Write protection, enter and exit the RTC initialization mode,
 225:Drivers/STM32F4xx_HAL_Driver/Src/stm32f4xx_hal_rtc.c ****          RTC registers synchronization check and reference clock detection enable.
 226:Drivers/STM32F4xx_HAL_Driver/Src/stm32f4xx_hal_rtc.c ****          (#) The RTC Prescaler is programmed to generate the RTC 1Hz time base.
 227:Drivers/STM32F4xx_HAL_Driver/Src/stm32f4xx_hal_rtc.c ****              It is split into 2 programmable prescalers to minimize power consumption.
 228:Drivers/STM32F4xx_HAL_Driver/Src/stm32f4xx_hal_rtc.c ****              (++) A 7-bit asynchronous prescaler and a 15-bit synchronous prescaler.
 229:Drivers/STM32F4xx_HAL_Driver/Src/stm32f4xx_hal_rtc.c ****              (++) When both prescalers are used, it is recommended to configure the
 230:Drivers/STM32F4xx_HAL_Driver/Src/stm32f4xx_hal_rtc.c ****                  asynchronous prescaler to a high value to minimize power consumption.
 231:Drivers/STM32F4xx_HAL_Driver/Src/stm32f4xx_hal_rtc.c ****          (#) All RTC registers are Write protected. Writing to the RTC registers
 232:Drivers/STM32F4xx_HAL_Driver/Src/stm32f4xx_hal_rtc.c ****              is enabled by writing a key into the Write Protection register, RTC_WPR.
 233:Drivers/STM32F4xx_HAL_Driver/Src/stm32f4xx_hal_rtc.c ****          (#) To configure the RTC Calendar, user application should enter
 234:Drivers/STM32F4xx_HAL_Driver/Src/stm32f4xx_hal_rtc.c ****              initialization mode. In this mode, the calendar counter is stopped
 235:Drivers/STM32F4xx_HAL_Driver/Src/stm32f4xx_hal_rtc.c ****              and its value can be updated. When the initialization sequence is
 236:Drivers/STM32F4xx_HAL_Driver/Src/stm32f4xx_hal_rtc.c ****              complete, the calendar restarts counting after 4 RTCCLK cycles.
 237:Drivers/STM32F4xx_HAL_Driver/Src/stm32f4xx_hal_rtc.c ****          (#) To read the calendar through the shadow registers after Calendar
 238:Drivers/STM32F4xx_HAL_Driver/Src/stm32f4xx_hal_rtc.c ****              initialization, calendar update or after wakeup from low power modes
 239:Drivers/STM32F4xx_HAL_Driver/Src/stm32f4xx_hal_rtc.c ****              the software must first clear the RSF flag. The software must then
 240:Drivers/STM32F4xx_HAL_Driver/Src/stm32f4xx_hal_rtc.c ****              wait until it is set again before reading the calendar, which means
 241:Drivers/STM32F4xx_HAL_Driver/Src/stm32f4xx_hal_rtc.c ****              that the calendar registers have been correctly copied into the
 242:Drivers/STM32F4xx_HAL_Driver/Src/stm32f4xx_hal_rtc.c ****              RTC_TR and RTC_DR shadow registers. The HAL_RTC_WaitForSynchro() function
 243:Drivers/STM32F4xx_HAL_Driver/Src/stm32f4xx_hal_rtc.c ****              implements the above software sequence (RSF clear and RSF check).
 244:Drivers/STM32F4xx_HAL_Driver/Src/stm32f4xx_hal_rtc.c **** 
 245:Drivers/STM32F4xx_HAL_Driver/Src/stm32f4xx_hal_rtc.c **** @endverbatim
 246:Drivers/STM32F4xx_HAL_Driver/Src/stm32f4xx_hal_rtc.c ****   * @{
 247:Drivers/STM32F4xx_HAL_Driver/Src/stm32f4xx_hal_rtc.c ****   */
 248:Drivers/STM32F4xx_HAL_Driver/Src/stm32f4xx_hal_rtc.c **** 
 249:Drivers/STM32F4xx_HAL_Driver/Src/stm32f4xx_hal_rtc.c **** /**
 250:Drivers/STM32F4xx_HAL_Driver/Src/stm32f4xx_hal_rtc.c ****   * @brief  Initializes the RTC peripheral
 251:Drivers/STM32F4xx_HAL_Driver/Src/stm32f4xx_hal_rtc.c ****   * @param  hrtc pointer to a RTC_HandleTypeDef structure that contains
 252:Drivers/STM32F4xx_HAL_Driver/Src/stm32f4xx_hal_rtc.c ****   *                the configuration information for RTC.
 253:Drivers/STM32F4xx_HAL_Driver/Src/stm32f4xx_hal_rtc.c ****   * @retval HAL status
 254:Drivers/STM32F4xx_HAL_Driver/Src/stm32f4xx_hal_rtc.c ****   */
 255:Drivers/STM32F4xx_HAL_Driver/Src/stm32f4xx_hal_rtc.c **** HAL_StatusTypeDef HAL_RTC_Init(RTC_HandleTypeDef *hrtc)
 256:Drivers/STM32F4xx_HAL_Driver/Src/stm32f4xx_hal_rtc.c **** {
 257:Drivers/STM32F4xx_HAL_Driver/Src/stm32f4xx_hal_rtc.c ****   HAL_StatusTypeDef status;
ARM GAS  C:\Users\40918\AppData\Local\Temp\cc17lxaj.s 			page 6


 258:Drivers/STM32F4xx_HAL_Driver/Src/stm32f4xx_hal_rtc.c **** 
 259:Drivers/STM32F4xx_HAL_Driver/Src/stm32f4xx_hal_rtc.c ****   /* Check RTC handler validity */
 260:Drivers/STM32F4xx_HAL_Driver/Src/stm32f4xx_hal_rtc.c ****   if (hrtc == NULL)
 261:Drivers/STM32F4xx_HAL_Driver/Src/stm32f4xx_hal_rtc.c ****   {
 262:Drivers/STM32F4xx_HAL_Driver/Src/stm32f4xx_hal_rtc.c ****     return HAL_ERROR;
 263:Drivers/STM32F4xx_HAL_Driver/Src/stm32f4xx_hal_rtc.c ****   }
 264:Drivers/STM32F4xx_HAL_Driver/Src/stm32f4xx_hal_rtc.c **** 
 265:Drivers/STM32F4xx_HAL_Driver/Src/stm32f4xx_hal_rtc.c ****   /* Check the parameters */
 266:Drivers/STM32F4xx_HAL_Driver/Src/stm32f4xx_hal_rtc.c ****   assert_param(IS_RTC_ALL_INSTANCE(hrtc->Instance));
 267:Drivers/STM32F4xx_HAL_Driver/Src/stm32f4xx_hal_rtc.c ****   assert_param(IS_RTC_HOUR_FORMAT(hrtc->Init.HourFormat));
 268:Drivers/STM32F4xx_HAL_Driver/Src/stm32f4xx_hal_rtc.c ****   assert_param(IS_RTC_ASYNCH_PREDIV(hrtc->Init.AsynchPrediv));
 269:Drivers/STM32F4xx_HAL_Driver/Src/stm32f4xx_hal_rtc.c ****   assert_param(IS_RTC_SYNCH_PREDIV(hrtc->Init.SynchPrediv));
 270:Drivers/STM32F4xx_HAL_Driver/Src/stm32f4xx_hal_rtc.c ****   assert_param(IS_RTC_OUTPUT(hrtc->Init.OutPut));
 271:Drivers/STM32F4xx_HAL_Driver/Src/stm32f4xx_hal_rtc.c ****   assert_param(IS_RTC_OUTPUT_POL(hrtc->Init.OutPutPolarity));
 272:Drivers/STM32F4xx_HAL_Driver/Src/stm32f4xx_hal_rtc.c ****   assert_param(IS_RTC_OUTPUT_TYPE(hrtc->Init.OutPutType));
 273:Drivers/STM32F4xx_HAL_Driver/Src/stm32f4xx_hal_rtc.c **** 
 274:Drivers/STM32F4xx_HAL_Driver/Src/stm32f4xx_hal_rtc.c **** #if (USE_HAL_RTC_REGISTER_CALLBACKS == 1)
 275:Drivers/STM32F4xx_HAL_Driver/Src/stm32f4xx_hal_rtc.c ****   if (hrtc->State == HAL_RTC_STATE_RESET)
 276:Drivers/STM32F4xx_HAL_Driver/Src/stm32f4xx_hal_rtc.c ****   {
 277:Drivers/STM32F4xx_HAL_Driver/Src/stm32f4xx_hal_rtc.c ****     /* Allocate lock resource and initialize it */
 278:Drivers/STM32F4xx_HAL_Driver/Src/stm32f4xx_hal_rtc.c ****     hrtc->Lock = HAL_UNLOCKED;
 279:Drivers/STM32F4xx_HAL_Driver/Src/stm32f4xx_hal_rtc.c **** 
 280:Drivers/STM32F4xx_HAL_Driver/Src/stm32f4xx_hal_rtc.c ****     hrtc->AlarmAEventCallback          =  HAL_RTC_AlarmAEventCallback;        /* Legacy weak AlarmA
 281:Drivers/STM32F4xx_HAL_Driver/Src/stm32f4xx_hal_rtc.c ****     hrtc->AlarmBEventCallback          =  HAL_RTCEx_AlarmBEventCallback;      /* Legacy weak AlarmB
 282:Drivers/STM32F4xx_HAL_Driver/Src/stm32f4xx_hal_rtc.c ****     hrtc->TimeStampEventCallback       =  HAL_RTCEx_TimeStampEventCallback;   /* Legacy weak TimeSt
 283:Drivers/STM32F4xx_HAL_Driver/Src/stm32f4xx_hal_rtc.c ****     hrtc->WakeUpTimerEventCallback     =  HAL_RTCEx_WakeUpTimerEventCallback; /* Legacy weak WakeUp
 284:Drivers/STM32F4xx_HAL_Driver/Src/stm32f4xx_hal_rtc.c ****     hrtc->Tamper1EventCallback         =  HAL_RTCEx_Tamper1EventCallback;     /* Legacy weak Tamper
 285:Drivers/STM32F4xx_HAL_Driver/Src/stm32f4xx_hal_rtc.c **** #if defined(RTC_TAMPER2_SUPPORT)
 286:Drivers/STM32F4xx_HAL_Driver/Src/stm32f4xx_hal_rtc.c ****     hrtc->Tamper2EventCallback         =  HAL_RTCEx_Tamper2EventCallback;     /* Legacy weak Tamper
 287:Drivers/STM32F4xx_HAL_Driver/Src/stm32f4xx_hal_rtc.c **** #endif /* RTC_TAMPER2_SUPPORT */
 288:Drivers/STM32F4xx_HAL_Driver/Src/stm32f4xx_hal_rtc.c **** 
 289:Drivers/STM32F4xx_HAL_Driver/Src/stm32f4xx_hal_rtc.c ****     if (hrtc->MspInitCallback == NULL)
 290:Drivers/STM32F4xx_HAL_Driver/Src/stm32f4xx_hal_rtc.c ****     {
 291:Drivers/STM32F4xx_HAL_Driver/Src/stm32f4xx_hal_rtc.c ****       hrtc->MspInitCallback = HAL_RTC_MspInit;
 292:Drivers/STM32F4xx_HAL_Driver/Src/stm32f4xx_hal_rtc.c ****     }
 293:Drivers/STM32F4xx_HAL_Driver/Src/stm32f4xx_hal_rtc.c ****     /* Init the low level hardware */
 294:Drivers/STM32F4xx_HAL_Driver/Src/stm32f4xx_hal_rtc.c ****     hrtc->MspInitCallback(hrtc);
 295:Drivers/STM32F4xx_HAL_Driver/Src/stm32f4xx_hal_rtc.c **** 
 296:Drivers/STM32F4xx_HAL_Driver/Src/stm32f4xx_hal_rtc.c ****     if (hrtc->MspDeInitCallback == NULL)
 297:Drivers/STM32F4xx_HAL_Driver/Src/stm32f4xx_hal_rtc.c ****     {
 298:Drivers/STM32F4xx_HAL_Driver/Src/stm32f4xx_hal_rtc.c ****       hrtc->MspDeInitCallback = HAL_RTC_MspDeInit;
 299:Drivers/STM32F4xx_HAL_Driver/Src/stm32f4xx_hal_rtc.c ****     }
 300:Drivers/STM32F4xx_HAL_Driver/Src/stm32f4xx_hal_rtc.c ****   }
 301:Drivers/STM32F4xx_HAL_Driver/Src/stm32f4xx_hal_rtc.c **** #else /* USE_HAL_RTC_REGISTER_CALLBACKS */
 302:Drivers/STM32F4xx_HAL_Driver/Src/stm32f4xx_hal_rtc.c ****   if (hrtc->State == HAL_RTC_STATE_RESET)
 303:Drivers/STM32F4xx_HAL_Driver/Src/stm32f4xx_hal_rtc.c ****   {
 304:Drivers/STM32F4xx_HAL_Driver/Src/stm32f4xx_hal_rtc.c ****     /* Allocate lock resource and initialize it */
 305:Drivers/STM32F4xx_HAL_Driver/Src/stm32f4xx_hal_rtc.c ****     hrtc->Lock = HAL_UNLOCKED;
 306:Drivers/STM32F4xx_HAL_Driver/Src/stm32f4xx_hal_rtc.c **** 
 307:Drivers/STM32F4xx_HAL_Driver/Src/stm32f4xx_hal_rtc.c ****     /* Initialize RTC MSP */
 308:Drivers/STM32F4xx_HAL_Driver/Src/stm32f4xx_hal_rtc.c ****     HAL_RTC_MspInit(hrtc);
 309:Drivers/STM32F4xx_HAL_Driver/Src/stm32f4xx_hal_rtc.c ****   }
 310:Drivers/STM32F4xx_HAL_Driver/Src/stm32f4xx_hal_rtc.c **** #endif /* USE_HAL_RTC_REGISTER_CALLBACKS */
 311:Drivers/STM32F4xx_HAL_Driver/Src/stm32f4xx_hal_rtc.c **** 
 312:Drivers/STM32F4xx_HAL_Driver/Src/stm32f4xx_hal_rtc.c ****   /* Set RTC state */
 313:Drivers/STM32F4xx_HAL_Driver/Src/stm32f4xx_hal_rtc.c ****   hrtc->State = HAL_RTC_STATE_BUSY;
 314:Drivers/STM32F4xx_HAL_Driver/Src/stm32f4xx_hal_rtc.c **** 
ARM GAS  C:\Users\40918\AppData\Local\Temp\cc17lxaj.s 			page 7


 315:Drivers/STM32F4xx_HAL_Driver/Src/stm32f4xx_hal_rtc.c ****   /* Check whether the calendar needs to be initialized */
 316:Drivers/STM32F4xx_HAL_Driver/Src/stm32f4xx_hal_rtc.c ****   if (__HAL_RTC_IS_CALENDAR_INITIALIZED(hrtc) == 0U)
 317:Drivers/STM32F4xx_HAL_Driver/Src/stm32f4xx_hal_rtc.c ****   {
 318:Drivers/STM32F4xx_HAL_Driver/Src/stm32f4xx_hal_rtc.c ****     /* Disable the write protection for RTC registers */
 319:Drivers/STM32F4xx_HAL_Driver/Src/stm32f4xx_hal_rtc.c ****     __HAL_RTC_WRITEPROTECTION_DISABLE(hrtc);
 320:Drivers/STM32F4xx_HAL_Driver/Src/stm32f4xx_hal_rtc.c **** 
 321:Drivers/STM32F4xx_HAL_Driver/Src/stm32f4xx_hal_rtc.c ****     /* Enter Initialization mode */
 322:Drivers/STM32F4xx_HAL_Driver/Src/stm32f4xx_hal_rtc.c ****     status = RTC_EnterInitMode(hrtc);
 323:Drivers/STM32F4xx_HAL_Driver/Src/stm32f4xx_hal_rtc.c **** 
 324:Drivers/STM32F4xx_HAL_Driver/Src/stm32f4xx_hal_rtc.c ****     if (status == HAL_OK)
 325:Drivers/STM32F4xx_HAL_Driver/Src/stm32f4xx_hal_rtc.c ****     {
 326:Drivers/STM32F4xx_HAL_Driver/Src/stm32f4xx_hal_rtc.c ****       /* Clear RTC_CR FMT, OSEL and POL Bits */
 327:Drivers/STM32F4xx_HAL_Driver/Src/stm32f4xx_hal_rtc.c ****       hrtc->Instance->CR &= ((uint32_t)~(RTC_CR_FMT | RTC_CR_OSEL | RTC_CR_POL));
 328:Drivers/STM32F4xx_HAL_Driver/Src/stm32f4xx_hal_rtc.c ****       /* Set RTC_CR register */
 329:Drivers/STM32F4xx_HAL_Driver/Src/stm32f4xx_hal_rtc.c ****       hrtc->Instance->CR |= (uint32_t)(hrtc->Init.HourFormat | hrtc->Init.OutPut | hrtc->Init.OutPu
 330:Drivers/STM32F4xx_HAL_Driver/Src/stm32f4xx_hal_rtc.c **** 
 331:Drivers/STM32F4xx_HAL_Driver/Src/stm32f4xx_hal_rtc.c ****       /* Configure the RTC PRER */
 332:Drivers/STM32F4xx_HAL_Driver/Src/stm32f4xx_hal_rtc.c ****       hrtc->Instance->PRER = (uint32_t)(hrtc->Init.SynchPrediv);
 333:Drivers/STM32F4xx_HAL_Driver/Src/stm32f4xx_hal_rtc.c ****       hrtc->Instance->PRER |= (uint32_t)(hrtc->Init.AsynchPrediv << RTC_PRER_PREDIV_A_Pos);
 334:Drivers/STM32F4xx_HAL_Driver/Src/stm32f4xx_hal_rtc.c **** 
 335:Drivers/STM32F4xx_HAL_Driver/Src/stm32f4xx_hal_rtc.c ****       /* Exit Initialization mode */
 336:Drivers/STM32F4xx_HAL_Driver/Src/stm32f4xx_hal_rtc.c ****       status = RTC_ExitInitMode(hrtc);
 337:Drivers/STM32F4xx_HAL_Driver/Src/stm32f4xx_hal_rtc.c ****     }
 338:Drivers/STM32F4xx_HAL_Driver/Src/stm32f4xx_hal_rtc.c **** 
 339:Drivers/STM32F4xx_HAL_Driver/Src/stm32f4xx_hal_rtc.c ****     if (status == HAL_OK)
 340:Drivers/STM32F4xx_HAL_Driver/Src/stm32f4xx_hal_rtc.c ****     {
 341:Drivers/STM32F4xx_HAL_Driver/Src/stm32f4xx_hal_rtc.c ****       hrtc->Instance->TAFCR &= (uint32_t)~RTC_OUTPUT_TYPE_PUSHPULL;
 342:Drivers/STM32F4xx_HAL_Driver/Src/stm32f4xx_hal_rtc.c ****       hrtc->Instance->TAFCR |= (uint32_t)(hrtc->Init.OutPutType);
 343:Drivers/STM32F4xx_HAL_Driver/Src/stm32f4xx_hal_rtc.c ****     }
 344:Drivers/STM32F4xx_HAL_Driver/Src/stm32f4xx_hal_rtc.c **** 
 345:Drivers/STM32F4xx_HAL_Driver/Src/stm32f4xx_hal_rtc.c ****     /* Enable the write protection for RTC registers */
 346:Drivers/STM32F4xx_HAL_Driver/Src/stm32f4xx_hal_rtc.c ****     __HAL_RTC_WRITEPROTECTION_ENABLE(hrtc);
 347:Drivers/STM32F4xx_HAL_Driver/Src/stm32f4xx_hal_rtc.c ****   }
 348:Drivers/STM32F4xx_HAL_Driver/Src/stm32f4xx_hal_rtc.c ****   else
 349:Drivers/STM32F4xx_HAL_Driver/Src/stm32f4xx_hal_rtc.c ****   {
 350:Drivers/STM32F4xx_HAL_Driver/Src/stm32f4xx_hal_rtc.c ****     /* The calendar is already initialized */
 351:Drivers/STM32F4xx_HAL_Driver/Src/stm32f4xx_hal_rtc.c ****     status = HAL_OK;
 352:Drivers/STM32F4xx_HAL_Driver/Src/stm32f4xx_hal_rtc.c ****   }
 353:Drivers/STM32F4xx_HAL_Driver/Src/stm32f4xx_hal_rtc.c **** 
 354:Drivers/STM32F4xx_HAL_Driver/Src/stm32f4xx_hal_rtc.c ****   if (status == HAL_OK)
 355:Drivers/STM32F4xx_HAL_Driver/Src/stm32f4xx_hal_rtc.c ****   {
 356:Drivers/STM32F4xx_HAL_Driver/Src/stm32f4xx_hal_rtc.c ****     hrtc->State = HAL_RTC_STATE_READY;
 357:Drivers/STM32F4xx_HAL_Driver/Src/stm32f4xx_hal_rtc.c ****   }
 358:Drivers/STM32F4xx_HAL_Driver/Src/stm32f4xx_hal_rtc.c **** 
 359:Drivers/STM32F4xx_HAL_Driver/Src/stm32f4xx_hal_rtc.c ****   return status;
 360:Drivers/STM32F4xx_HAL_Driver/Src/stm32f4xx_hal_rtc.c **** }
 361:Drivers/STM32F4xx_HAL_Driver/Src/stm32f4xx_hal_rtc.c **** 
 362:Drivers/STM32F4xx_HAL_Driver/Src/stm32f4xx_hal_rtc.c **** /**
 363:Drivers/STM32F4xx_HAL_Driver/Src/stm32f4xx_hal_rtc.c ****   * @brief  DeInitializes the RTC peripheral
 364:Drivers/STM32F4xx_HAL_Driver/Src/stm32f4xx_hal_rtc.c ****   * @param  hrtc pointer to a RTC_HandleTypeDef structure that contains
 365:Drivers/STM32F4xx_HAL_Driver/Src/stm32f4xx_hal_rtc.c ****   *                the configuration information for RTC.
 366:Drivers/STM32F4xx_HAL_Driver/Src/stm32f4xx_hal_rtc.c ****   * @note   This function does not reset the RTC Backup Data registers.
 367:Drivers/STM32F4xx_HAL_Driver/Src/stm32f4xx_hal_rtc.c ****   * @retval HAL status
 368:Drivers/STM32F4xx_HAL_Driver/Src/stm32f4xx_hal_rtc.c ****   */
 369:Drivers/STM32F4xx_HAL_Driver/Src/stm32f4xx_hal_rtc.c **** HAL_StatusTypeDef HAL_RTC_DeInit(RTC_HandleTypeDef *hrtc)
 370:Drivers/STM32F4xx_HAL_Driver/Src/stm32f4xx_hal_rtc.c **** {
 371:Drivers/STM32F4xx_HAL_Driver/Src/stm32f4xx_hal_rtc.c ****   HAL_StatusTypeDef status;
ARM GAS  C:\Users\40918\AppData\Local\Temp\cc17lxaj.s 			page 8


 372:Drivers/STM32F4xx_HAL_Driver/Src/stm32f4xx_hal_rtc.c **** 
 373:Drivers/STM32F4xx_HAL_Driver/Src/stm32f4xx_hal_rtc.c ****   /* Check the parameters */
 374:Drivers/STM32F4xx_HAL_Driver/Src/stm32f4xx_hal_rtc.c ****   assert_param(IS_RTC_ALL_INSTANCE(hrtc->Instance));
 375:Drivers/STM32F4xx_HAL_Driver/Src/stm32f4xx_hal_rtc.c **** 
 376:Drivers/STM32F4xx_HAL_Driver/Src/stm32f4xx_hal_rtc.c ****   /* Set RTC state */
 377:Drivers/STM32F4xx_HAL_Driver/Src/stm32f4xx_hal_rtc.c ****   hrtc->State = HAL_RTC_STATE_BUSY;
 378:Drivers/STM32F4xx_HAL_Driver/Src/stm32f4xx_hal_rtc.c **** 
 379:Drivers/STM32F4xx_HAL_Driver/Src/stm32f4xx_hal_rtc.c ****   /* Disable the write protection for RTC registers */
 380:Drivers/STM32F4xx_HAL_Driver/Src/stm32f4xx_hal_rtc.c ****   __HAL_RTC_WRITEPROTECTION_DISABLE(hrtc);
 381:Drivers/STM32F4xx_HAL_Driver/Src/stm32f4xx_hal_rtc.c **** 
 382:Drivers/STM32F4xx_HAL_Driver/Src/stm32f4xx_hal_rtc.c ****   /* Enter Initialization mode */
 383:Drivers/STM32F4xx_HAL_Driver/Src/stm32f4xx_hal_rtc.c ****   status = RTC_EnterInitMode(hrtc);
 384:Drivers/STM32F4xx_HAL_Driver/Src/stm32f4xx_hal_rtc.c **** 
 385:Drivers/STM32F4xx_HAL_Driver/Src/stm32f4xx_hal_rtc.c ****   if (status == HAL_OK)
 386:Drivers/STM32F4xx_HAL_Driver/Src/stm32f4xx_hal_rtc.c ****   {
 387:Drivers/STM32F4xx_HAL_Driver/Src/stm32f4xx_hal_rtc.c ****     /* Reset RTC registers */
 388:Drivers/STM32F4xx_HAL_Driver/Src/stm32f4xx_hal_rtc.c ****     hrtc->Instance->TR = 0x00000000U;
 389:Drivers/STM32F4xx_HAL_Driver/Src/stm32f4xx_hal_rtc.c ****     hrtc->Instance->DR = (RTC_DR_WDU_0 | RTC_DR_MU_0 | RTC_DR_DU_0);
 390:Drivers/STM32F4xx_HAL_Driver/Src/stm32f4xx_hal_rtc.c ****     hrtc->Instance->CR = 0x00000000U;
 391:Drivers/STM32F4xx_HAL_Driver/Src/stm32f4xx_hal_rtc.c ****     hrtc->Instance->WUTR = RTC_WUTR_WUT;
 392:Drivers/STM32F4xx_HAL_Driver/Src/stm32f4xx_hal_rtc.c ****     hrtc->Instance->PRER = (uint32_t)(RTC_PRER_PREDIV_A | 0x000000FFU);
 393:Drivers/STM32F4xx_HAL_Driver/Src/stm32f4xx_hal_rtc.c ****     hrtc->Instance->CALIBR   = 0x00000000U;
 394:Drivers/STM32F4xx_HAL_Driver/Src/stm32f4xx_hal_rtc.c ****     hrtc->Instance->ALRMAR   = 0x00000000U;
 395:Drivers/STM32F4xx_HAL_Driver/Src/stm32f4xx_hal_rtc.c ****     hrtc->Instance->ALRMBR   = 0x00000000U;
 396:Drivers/STM32F4xx_HAL_Driver/Src/stm32f4xx_hal_rtc.c ****     hrtc->Instance->CALR     = 0x00000000U;
 397:Drivers/STM32F4xx_HAL_Driver/Src/stm32f4xx_hal_rtc.c ****     hrtc->Instance->SHIFTR   = 0x00000000U;
 398:Drivers/STM32F4xx_HAL_Driver/Src/stm32f4xx_hal_rtc.c ****     hrtc->Instance->ALRMASSR = 0x00000000U;
 399:Drivers/STM32F4xx_HAL_Driver/Src/stm32f4xx_hal_rtc.c ****     hrtc->Instance->ALRMBSSR = 0x00000000U;
 400:Drivers/STM32F4xx_HAL_Driver/Src/stm32f4xx_hal_rtc.c **** 
 401:Drivers/STM32F4xx_HAL_Driver/Src/stm32f4xx_hal_rtc.c ****     /* Exit Initialization mode */
 402:Drivers/STM32F4xx_HAL_Driver/Src/stm32f4xx_hal_rtc.c ****     status = RTC_ExitInitMode(hrtc);
 403:Drivers/STM32F4xx_HAL_Driver/Src/stm32f4xx_hal_rtc.c ****   }
 404:Drivers/STM32F4xx_HAL_Driver/Src/stm32f4xx_hal_rtc.c **** 
 405:Drivers/STM32F4xx_HAL_Driver/Src/stm32f4xx_hal_rtc.c ****   /* Enable the write protection for RTC registers */
 406:Drivers/STM32F4xx_HAL_Driver/Src/stm32f4xx_hal_rtc.c ****   __HAL_RTC_WRITEPROTECTION_ENABLE(hrtc);
 407:Drivers/STM32F4xx_HAL_Driver/Src/stm32f4xx_hal_rtc.c **** 
 408:Drivers/STM32F4xx_HAL_Driver/Src/stm32f4xx_hal_rtc.c ****   if (status == HAL_OK)
 409:Drivers/STM32F4xx_HAL_Driver/Src/stm32f4xx_hal_rtc.c ****   {
 410:Drivers/STM32F4xx_HAL_Driver/Src/stm32f4xx_hal_rtc.c ****     /* Reset Tamper and alternate functions configuration register */
 411:Drivers/STM32F4xx_HAL_Driver/Src/stm32f4xx_hal_rtc.c ****     hrtc->Instance->TAFCR = 0x00000000U;
 412:Drivers/STM32F4xx_HAL_Driver/Src/stm32f4xx_hal_rtc.c **** 
 413:Drivers/STM32F4xx_HAL_Driver/Src/stm32f4xx_hal_rtc.c **** #if (USE_HAL_RTC_REGISTER_CALLBACKS == 1)
 414:Drivers/STM32F4xx_HAL_Driver/Src/stm32f4xx_hal_rtc.c ****     if (hrtc->MspDeInitCallback == NULL)
 415:Drivers/STM32F4xx_HAL_Driver/Src/stm32f4xx_hal_rtc.c ****     {
 416:Drivers/STM32F4xx_HAL_Driver/Src/stm32f4xx_hal_rtc.c ****       hrtc->MspDeInitCallback = HAL_RTC_MspDeInit;
 417:Drivers/STM32F4xx_HAL_Driver/Src/stm32f4xx_hal_rtc.c ****     }
 418:Drivers/STM32F4xx_HAL_Driver/Src/stm32f4xx_hal_rtc.c **** 
 419:Drivers/STM32F4xx_HAL_Driver/Src/stm32f4xx_hal_rtc.c ****     /* DeInit the low level hardware: CLOCK, NVIC.*/
 420:Drivers/STM32F4xx_HAL_Driver/Src/stm32f4xx_hal_rtc.c ****     hrtc->MspDeInitCallback(hrtc);
 421:Drivers/STM32F4xx_HAL_Driver/Src/stm32f4xx_hal_rtc.c **** #else /* USE_HAL_RTC_REGISTER_CALLBACKS */
 422:Drivers/STM32F4xx_HAL_Driver/Src/stm32f4xx_hal_rtc.c ****     /* De-Initialize RTC MSP */
 423:Drivers/STM32F4xx_HAL_Driver/Src/stm32f4xx_hal_rtc.c ****     HAL_RTC_MspDeInit(hrtc);
 424:Drivers/STM32F4xx_HAL_Driver/Src/stm32f4xx_hal_rtc.c **** #endif /* USE_HAL_RTC_REGISTER_CALLBACKS */
 425:Drivers/STM32F4xx_HAL_Driver/Src/stm32f4xx_hal_rtc.c **** 
 426:Drivers/STM32F4xx_HAL_Driver/Src/stm32f4xx_hal_rtc.c ****     hrtc->State = HAL_RTC_STATE_RESET;
 427:Drivers/STM32F4xx_HAL_Driver/Src/stm32f4xx_hal_rtc.c ****   }
 428:Drivers/STM32F4xx_HAL_Driver/Src/stm32f4xx_hal_rtc.c **** 
ARM GAS  C:\Users\40918\AppData\Local\Temp\cc17lxaj.s 			page 9


 429:Drivers/STM32F4xx_HAL_Driver/Src/stm32f4xx_hal_rtc.c ****   /* Release Lock */
 430:Drivers/STM32F4xx_HAL_Driver/Src/stm32f4xx_hal_rtc.c ****   __HAL_UNLOCK(hrtc);
 431:Drivers/STM32F4xx_HAL_Driver/Src/stm32f4xx_hal_rtc.c **** 
 432:Drivers/STM32F4xx_HAL_Driver/Src/stm32f4xx_hal_rtc.c ****   return status;
 433:Drivers/STM32F4xx_HAL_Driver/Src/stm32f4xx_hal_rtc.c **** }
 434:Drivers/STM32F4xx_HAL_Driver/Src/stm32f4xx_hal_rtc.c **** 
 435:Drivers/STM32F4xx_HAL_Driver/Src/stm32f4xx_hal_rtc.c **** #if (USE_HAL_RTC_REGISTER_CALLBACKS == 1)
 436:Drivers/STM32F4xx_HAL_Driver/Src/stm32f4xx_hal_rtc.c **** /**
 437:Drivers/STM32F4xx_HAL_Driver/Src/stm32f4xx_hal_rtc.c ****   * @brief  Registers a User RTC Callback
 438:Drivers/STM32F4xx_HAL_Driver/Src/stm32f4xx_hal_rtc.c ****   *         To be used instead of the weak predefined callback
 439:Drivers/STM32F4xx_HAL_Driver/Src/stm32f4xx_hal_rtc.c ****   * @param  hrtc pointer to a RTC_HandleTypeDef structure that contains
 440:Drivers/STM32F4xx_HAL_Driver/Src/stm32f4xx_hal_rtc.c ****   *                the configuration information for RTC.
 441:Drivers/STM32F4xx_HAL_Driver/Src/stm32f4xx_hal_rtc.c ****   * @param  CallbackID ID of the callback to be registered
 442:Drivers/STM32F4xx_HAL_Driver/Src/stm32f4xx_hal_rtc.c ****   *         This parameter can be one of the following values:
 443:Drivers/STM32F4xx_HAL_Driver/Src/stm32f4xx_hal_rtc.c ****   *          @arg @ref HAL_RTC_ALARM_A_EVENT_CB_ID          Alarm A Event Callback ID
 444:Drivers/STM32F4xx_HAL_Driver/Src/stm32f4xx_hal_rtc.c ****   *          @arg @ref HAL_RTC_ALARM_B_EVENT_CB_ID          Alarm B Event Callback ID
 445:Drivers/STM32F4xx_HAL_Driver/Src/stm32f4xx_hal_rtc.c ****   *          @arg @ref HAL_RTC_TIMESTAMP_EVENT_CB_ID        Timestamp Event Callback ID
 446:Drivers/STM32F4xx_HAL_Driver/Src/stm32f4xx_hal_rtc.c ****   *          @arg @ref HAL_RTC_WAKEUPTIMER_EVENT_CB_ID      Wakeup Timer Event Callback ID
 447:Drivers/STM32F4xx_HAL_Driver/Src/stm32f4xx_hal_rtc.c ****   *          @arg @ref HAL_RTC_TAMPER1_EVENT_CB_ID          Tamper 1 Event Callback ID
 448:Drivers/STM32F4xx_HAL_Driver/Src/stm32f4xx_hal_rtc.c ****   *          @arg @ref HAL_RTC_TAMPER2_EVENT_CB_ID          Tamper 2 Event Callback ID (*)
 449:Drivers/STM32F4xx_HAL_Driver/Src/stm32f4xx_hal_rtc.c ****   *          @arg @ref HAL_RTC_MSPINIT_CB_ID                MSP Init callback ID
 450:Drivers/STM32F4xx_HAL_Driver/Src/stm32f4xx_hal_rtc.c ****   *          @arg @ref HAL_RTC_MSPDEINIT_CB_ID              MSP DeInit callback ID
 451:Drivers/STM32F4xx_HAL_Driver/Src/stm32f4xx_hal_rtc.c ****   *
 452:Drivers/STM32F4xx_HAL_Driver/Src/stm32f4xx_hal_rtc.c ****   *         (*) value not applicable to all devices.
 453:Drivers/STM32F4xx_HAL_Driver/Src/stm32f4xx_hal_rtc.c ****   * @param  pCallback pointer to the Callback function
 454:Drivers/STM32F4xx_HAL_Driver/Src/stm32f4xx_hal_rtc.c ****   * @retval HAL status
 455:Drivers/STM32F4xx_HAL_Driver/Src/stm32f4xx_hal_rtc.c ****   */
 456:Drivers/STM32F4xx_HAL_Driver/Src/stm32f4xx_hal_rtc.c **** HAL_StatusTypeDef HAL_RTC_RegisterCallback(RTC_HandleTypeDef *hrtc, HAL_RTC_CallbackIDTypeDef Callb
 457:Drivers/STM32F4xx_HAL_Driver/Src/stm32f4xx_hal_rtc.c **** {
 458:Drivers/STM32F4xx_HAL_Driver/Src/stm32f4xx_hal_rtc.c ****   HAL_StatusTypeDef status = HAL_OK;
 459:Drivers/STM32F4xx_HAL_Driver/Src/stm32f4xx_hal_rtc.c **** 
 460:Drivers/STM32F4xx_HAL_Driver/Src/stm32f4xx_hal_rtc.c ****   if (pCallback == NULL)
 461:Drivers/STM32F4xx_HAL_Driver/Src/stm32f4xx_hal_rtc.c ****   {
 462:Drivers/STM32F4xx_HAL_Driver/Src/stm32f4xx_hal_rtc.c ****     return HAL_ERROR;
 463:Drivers/STM32F4xx_HAL_Driver/Src/stm32f4xx_hal_rtc.c ****   }
 464:Drivers/STM32F4xx_HAL_Driver/Src/stm32f4xx_hal_rtc.c **** 
 465:Drivers/STM32F4xx_HAL_Driver/Src/stm32f4xx_hal_rtc.c ****   /* Process locked */
 466:Drivers/STM32F4xx_HAL_Driver/Src/stm32f4xx_hal_rtc.c ****   __HAL_LOCK(hrtc);
 467:Drivers/STM32F4xx_HAL_Driver/Src/stm32f4xx_hal_rtc.c **** 
 468:Drivers/STM32F4xx_HAL_Driver/Src/stm32f4xx_hal_rtc.c ****   if (HAL_RTC_STATE_READY == hrtc->State)
 469:Drivers/STM32F4xx_HAL_Driver/Src/stm32f4xx_hal_rtc.c ****   {
 470:Drivers/STM32F4xx_HAL_Driver/Src/stm32f4xx_hal_rtc.c ****     switch (CallbackID)
 471:Drivers/STM32F4xx_HAL_Driver/Src/stm32f4xx_hal_rtc.c ****     {
 472:Drivers/STM32F4xx_HAL_Driver/Src/stm32f4xx_hal_rtc.c ****       case HAL_RTC_ALARM_A_EVENT_CB_ID :
 473:Drivers/STM32F4xx_HAL_Driver/Src/stm32f4xx_hal_rtc.c ****         hrtc->AlarmAEventCallback = pCallback;
 474:Drivers/STM32F4xx_HAL_Driver/Src/stm32f4xx_hal_rtc.c ****         break;
 475:Drivers/STM32F4xx_HAL_Driver/Src/stm32f4xx_hal_rtc.c **** 
 476:Drivers/STM32F4xx_HAL_Driver/Src/stm32f4xx_hal_rtc.c ****       case HAL_RTC_ALARM_B_EVENT_CB_ID :
 477:Drivers/STM32F4xx_HAL_Driver/Src/stm32f4xx_hal_rtc.c ****         hrtc->AlarmBEventCallback = pCallback;
 478:Drivers/STM32F4xx_HAL_Driver/Src/stm32f4xx_hal_rtc.c ****         break;
 479:Drivers/STM32F4xx_HAL_Driver/Src/stm32f4xx_hal_rtc.c **** 
 480:Drivers/STM32F4xx_HAL_Driver/Src/stm32f4xx_hal_rtc.c ****       case HAL_RTC_TIMESTAMP_EVENT_CB_ID :
 481:Drivers/STM32F4xx_HAL_Driver/Src/stm32f4xx_hal_rtc.c ****         hrtc->TimeStampEventCallback = pCallback;
 482:Drivers/STM32F4xx_HAL_Driver/Src/stm32f4xx_hal_rtc.c ****         break;
 483:Drivers/STM32F4xx_HAL_Driver/Src/stm32f4xx_hal_rtc.c **** 
 484:Drivers/STM32F4xx_HAL_Driver/Src/stm32f4xx_hal_rtc.c ****       case HAL_RTC_WAKEUPTIMER_EVENT_CB_ID :
 485:Drivers/STM32F4xx_HAL_Driver/Src/stm32f4xx_hal_rtc.c ****         hrtc->WakeUpTimerEventCallback = pCallback;
ARM GAS  C:\Users\40918\AppData\Local\Temp\cc17lxaj.s 			page 10


 486:Drivers/STM32F4xx_HAL_Driver/Src/stm32f4xx_hal_rtc.c ****         break;
 487:Drivers/STM32F4xx_HAL_Driver/Src/stm32f4xx_hal_rtc.c **** 
 488:Drivers/STM32F4xx_HAL_Driver/Src/stm32f4xx_hal_rtc.c ****       case HAL_RTC_TAMPER1_EVENT_CB_ID :
 489:Drivers/STM32F4xx_HAL_Driver/Src/stm32f4xx_hal_rtc.c ****         hrtc->Tamper1EventCallback = pCallback;
 490:Drivers/STM32F4xx_HAL_Driver/Src/stm32f4xx_hal_rtc.c ****         break;
 491:Drivers/STM32F4xx_HAL_Driver/Src/stm32f4xx_hal_rtc.c **** 
 492:Drivers/STM32F4xx_HAL_Driver/Src/stm32f4xx_hal_rtc.c **** #if defined(RTC_TAMPER2_SUPPORT)
 493:Drivers/STM32F4xx_HAL_Driver/Src/stm32f4xx_hal_rtc.c ****       case HAL_RTC_TAMPER2_EVENT_CB_ID :
 494:Drivers/STM32F4xx_HAL_Driver/Src/stm32f4xx_hal_rtc.c ****         hrtc->Tamper2EventCallback = pCallback;
 495:Drivers/STM32F4xx_HAL_Driver/Src/stm32f4xx_hal_rtc.c ****         break;
 496:Drivers/STM32F4xx_HAL_Driver/Src/stm32f4xx_hal_rtc.c **** #endif /* RTC_TAMPER2_SUPPORT */
 497:Drivers/STM32F4xx_HAL_Driver/Src/stm32f4xx_hal_rtc.c **** 
 498:Drivers/STM32F4xx_HAL_Driver/Src/stm32f4xx_hal_rtc.c ****       case HAL_RTC_MSPINIT_CB_ID :
 499:Drivers/STM32F4xx_HAL_Driver/Src/stm32f4xx_hal_rtc.c ****         hrtc->MspInitCallback = pCallback;
 500:Drivers/STM32F4xx_HAL_Driver/Src/stm32f4xx_hal_rtc.c ****         break;
 501:Drivers/STM32F4xx_HAL_Driver/Src/stm32f4xx_hal_rtc.c **** 
 502:Drivers/STM32F4xx_HAL_Driver/Src/stm32f4xx_hal_rtc.c ****       case HAL_RTC_MSPDEINIT_CB_ID :
 503:Drivers/STM32F4xx_HAL_Driver/Src/stm32f4xx_hal_rtc.c ****         hrtc->MspDeInitCallback = pCallback;
 504:Drivers/STM32F4xx_HAL_Driver/Src/stm32f4xx_hal_rtc.c ****         break;
 505:Drivers/STM32F4xx_HAL_Driver/Src/stm32f4xx_hal_rtc.c **** 
 506:Drivers/STM32F4xx_HAL_Driver/Src/stm32f4xx_hal_rtc.c ****       default :
 507:Drivers/STM32F4xx_HAL_Driver/Src/stm32f4xx_hal_rtc.c ****         /* Return error status */
 508:Drivers/STM32F4xx_HAL_Driver/Src/stm32f4xx_hal_rtc.c ****         status =  HAL_ERROR;
 509:Drivers/STM32F4xx_HAL_Driver/Src/stm32f4xx_hal_rtc.c ****         break;
 510:Drivers/STM32F4xx_HAL_Driver/Src/stm32f4xx_hal_rtc.c ****     }
 511:Drivers/STM32F4xx_HAL_Driver/Src/stm32f4xx_hal_rtc.c ****   }
 512:Drivers/STM32F4xx_HAL_Driver/Src/stm32f4xx_hal_rtc.c ****   else if (HAL_RTC_STATE_RESET == hrtc->State)
 513:Drivers/STM32F4xx_HAL_Driver/Src/stm32f4xx_hal_rtc.c ****   {
 514:Drivers/STM32F4xx_HAL_Driver/Src/stm32f4xx_hal_rtc.c ****     switch (CallbackID)
 515:Drivers/STM32F4xx_HAL_Driver/Src/stm32f4xx_hal_rtc.c ****     {
 516:Drivers/STM32F4xx_HAL_Driver/Src/stm32f4xx_hal_rtc.c ****       case HAL_RTC_MSPINIT_CB_ID :
 517:Drivers/STM32F4xx_HAL_Driver/Src/stm32f4xx_hal_rtc.c ****         hrtc->MspInitCallback = pCallback;
 518:Drivers/STM32F4xx_HAL_Driver/Src/stm32f4xx_hal_rtc.c ****         break;
 519:Drivers/STM32F4xx_HAL_Driver/Src/stm32f4xx_hal_rtc.c **** 
 520:Drivers/STM32F4xx_HAL_Driver/Src/stm32f4xx_hal_rtc.c ****       case HAL_RTC_MSPDEINIT_CB_ID :
 521:Drivers/STM32F4xx_HAL_Driver/Src/stm32f4xx_hal_rtc.c ****         hrtc->MspDeInitCallback = pCallback;
 522:Drivers/STM32F4xx_HAL_Driver/Src/stm32f4xx_hal_rtc.c ****         break;
 523:Drivers/STM32F4xx_HAL_Driver/Src/stm32f4xx_hal_rtc.c **** 
 524:Drivers/STM32F4xx_HAL_Driver/Src/stm32f4xx_hal_rtc.c ****       default :
 525:Drivers/STM32F4xx_HAL_Driver/Src/stm32f4xx_hal_rtc.c ****         /* Return error status */
 526:Drivers/STM32F4xx_HAL_Driver/Src/stm32f4xx_hal_rtc.c ****         status =  HAL_ERROR;
 527:Drivers/STM32F4xx_HAL_Driver/Src/stm32f4xx_hal_rtc.c ****         break;
 528:Drivers/STM32F4xx_HAL_Driver/Src/stm32f4xx_hal_rtc.c ****     }
 529:Drivers/STM32F4xx_HAL_Driver/Src/stm32f4xx_hal_rtc.c ****   }
 530:Drivers/STM32F4xx_HAL_Driver/Src/stm32f4xx_hal_rtc.c ****   else
 531:Drivers/STM32F4xx_HAL_Driver/Src/stm32f4xx_hal_rtc.c ****   {
 532:Drivers/STM32F4xx_HAL_Driver/Src/stm32f4xx_hal_rtc.c ****     /* Return error status */
 533:Drivers/STM32F4xx_HAL_Driver/Src/stm32f4xx_hal_rtc.c ****     status =  HAL_ERROR;
 534:Drivers/STM32F4xx_HAL_Driver/Src/stm32f4xx_hal_rtc.c ****   }
 535:Drivers/STM32F4xx_HAL_Driver/Src/stm32f4xx_hal_rtc.c **** 
 536:Drivers/STM32F4xx_HAL_Driver/Src/stm32f4xx_hal_rtc.c ****   /* Release Lock */
 537:Drivers/STM32F4xx_HAL_Driver/Src/stm32f4xx_hal_rtc.c ****   __HAL_UNLOCK(hrtc);
 538:Drivers/STM32F4xx_HAL_Driver/Src/stm32f4xx_hal_rtc.c **** 
 539:Drivers/STM32F4xx_HAL_Driver/Src/stm32f4xx_hal_rtc.c ****   return status;
 540:Drivers/STM32F4xx_HAL_Driver/Src/stm32f4xx_hal_rtc.c **** }
 541:Drivers/STM32F4xx_HAL_Driver/Src/stm32f4xx_hal_rtc.c **** 
 542:Drivers/STM32F4xx_HAL_Driver/Src/stm32f4xx_hal_rtc.c **** /**
ARM GAS  C:\Users\40918\AppData\Local\Temp\cc17lxaj.s 			page 11


 543:Drivers/STM32F4xx_HAL_Driver/Src/stm32f4xx_hal_rtc.c ****   * @brief  Unregisters an RTC Callback
 544:Drivers/STM32F4xx_HAL_Driver/Src/stm32f4xx_hal_rtc.c ****   *         RTC callback is redirected to the weak predefined callback
 545:Drivers/STM32F4xx_HAL_Driver/Src/stm32f4xx_hal_rtc.c ****   * @param  hrtc pointer to a RTC_HandleTypeDef structure that contains
 546:Drivers/STM32F4xx_HAL_Driver/Src/stm32f4xx_hal_rtc.c ****   *                the configuration information for RTC.
 547:Drivers/STM32F4xx_HAL_Driver/Src/stm32f4xx_hal_rtc.c ****   * @param  CallbackID ID of the callback to be unregistered
 548:Drivers/STM32F4xx_HAL_Driver/Src/stm32f4xx_hal_rtc.c ****   *         This parameter can be one of the following values:
 549:Drivers/STM32F4xx_HAL_Driver/Src/stm32f4xx_hal_rtc.c ****   *          @arg @ref HAL_RTC_ALARM_A_EVENT_CB_ID          Alarm A Event Callback ID
 550:Drivers/STM32F4xx_HAL_Driver/Src/stm32f4xx_hal_rtc.c ****   *          @arg @ref HAL_RTC_ALARM_B_EVENT_CB_ID          Alarm B Event Callback ID
 551:Drivers/STM32F4xx_HAL_Driver/Src/stm32f4xx_hal_rtc.c ****   *          @arg @ref HAL_RTC_TIMESTAMP_EVENT_CB_ID        Timestamp Event Callback ID
 552:Drivers/STM32F4xx_HAL_Driver/Src/stm32f4xx_hal_rtc.c ****   *          @arg @ref HAL_RTC_WAKEUPTIMER_EVENT_CB_ID      Wakeup Timer Event Callback ID
 553:Drivers/STM32F4xx_HAL_Driver/Src/stm32f4xx_hal_rtc.c ****   *          @arg @ref HAL_RTC_TAMPER1_EVENT_CB_ID          Tamper 1 Event Callback ID
 554:Drivers/STM32F4xx_HAL_Driver/Src/stm32f4xx_hal_rtc.c ****   *          @arg @ref HAL_RTC_TAMPER2_EVENT_CB_ID          Tamper 2 Event Callback ID (*)
 555:Drivers/STM32F4xx_HAL_Driver/Src/stm32f4xx_hal_rtc.c ****   *          @arg @ref HAL_RTC_MSPINIT_CB_ID                MSP Init callback ID
 556:Drivers/STM32F4xx_HAL_Driver/Src/stm32f4xx_hal_rtc.c ****   *          @arg @ref HAL_RTC_MSPDEINIT_CB_ID              MSP DeInit callback ID
 557:Drivers/STM32F4xx_HAL_Driver/Src/stm32f4xx_hal_rtc.c ****   *
 558:Drivers/STM32F4xx_HAL_Driver/Src/stm32f4xx_hal_rtc.c ****   *         (*) value not applicable to all devices.
 559:Drivers/STM32F4xx_HAL_Driver/Src/stm32f4xx_hal_rtc.c ****   * @retval HAL status
 560:Drivers/STM32F4xx_HAL_Driver/Src/stm32f4xx_hal_rtc.c ****   */
 561:Drivers/STM32F4xx_HAL_Driver/Src/stm32f4xx_hal_rtc.c **** HAL_StatusTypeDef HAL_RTC_UnRegisterCallback(RTC_HandleTypeDef *hrtc, HAL_RTC_CallbackIDTypeDef Cal
 562:Drivers/STM32F4xx_HAL_Driver/Src/stm32f4xx_hal_rtc.c **** {
 563:Drivers/STM32F4xx_HAL_Driver/Src/stm32f4xx_hal_rtc.c ****   HAL_StatusTypeDef status = HAL_OK;
 564:Drivers/STM32F4xx_HAL_Driver/Src/stm32f4xx_hal_rtc.c **** 
 565:Drivers/STM32F4xx_HAL_Driver/Src/stm32f4xx_hal_rtc.c ****   /* Process locked */
 566:Drivers/STM32F4xx_HAL_Driver/Src/stm32f4xx_hal_rtc.c ****   __HAL_LOCK(hrtc);
 567:Drivers/STM32F4xx_HAL_Driver/Src/stm32f4xx_hal_rtc.c **** 
 568:Drivers/STM32F4xx_HAL_Driver/Src/stm32f4xx_hal_rtc.c ****   if (HAL_RTC_STATE_READY == hrtc->State)
 569:Drivers/STM32F4xx_HAL_Driver/Src/stm32f4xx_hal_rtc.c ****   {
 570:Drivers/STM32F4xx_HAL_Driver/Src/stm32f4xx_hal_rtc.c ****     switch (CallbackID)
 571:Drivers/STM32F4xx_HAL_Driver/Src/stm32f4xx_hal_rtc.c ****     {
 572:Drivers/STM32F4xx_HAL_Driver/Src/stm32f4xx_hal_rtc.c ****       case HAL_RTC_ALARM_A_EVENT_CB_ID :
 573:Drivers/STM32F4xx_HAL_Driver/Src/stm32f4xx_hal_rtc.c ****         hrtc->AlarmAEventCallback = HAL_RTC_AlarmAEventCallback;             /* Legacy weak AlarmAE
 574:Drivers/STM32F4xx_HAL_Driver/Src/stm32f4xx_hal_rtc.c ****         break;
 575:Drivers/STM32F4xx_HAL_Driver/Src/stm32f4xx_hal_rtc.c **** 
 576:Drivers/STM32F4xx_HAL_Driver/Src/stm32f4xx_hal_rtc.c ****       case HAL_RTC_ALARM_B_EVENT_CB_ID :
 577:Drivers/STM32F4xx_HAL_Driver/Src/stm32f4xx_hal_rtc.c ****         hrtc->AlarmBEventCallback = HAL_RTCEx_AlarmBEventCallback;           /* Legacy weak AlarmBE
 578:Drivers/STM32F4xx_HAL_Driver/Src/stm32f4xx_hal_rtc.c ****         break;
 579:Drivers/STM32F4xx_HAL_Driver/Src/stm32f4xx_hal_rtc.c **** 
 580:Drivers/STM32F4xx_HAL_Driver/Src/stm32f4xx_hal_rtc.c ****       case HAL_RTC_TIMESTAMP_EVENT_CB_ID :
 581:Drivers/STM32F4xx_HAL_Driver/Src/stm32f4xx_hal_rtc.c ****         hrtc->TimeStampEventCallback = HAL_RTCEx_TimeStampEventCallback;     /* Legacy weak TimeSta
 582:Drivers/STM32F4xx_HAL_Driver/Src/stm32f4xx_hal_rtc.c ****         break;
 583:Drivers/STM32F4xx_HAL_Driver/Src/stm32f4xx_hal_rtc.c **** 
 584:Drivers/STM32F4xx_HAL_Driver/Src/stm32f4xx_hal_rtc.c ****       case HAL_RTC_WAKEUPTIMER_EVENT_CB_ID :
 585:Drivers/STM32F4xx_HAL_Driver/Src/stm32f4xx_hal_rtc.c ****         hrtc->WakeUpTimerEventCallback = HAL_RTCEx_WakeUpTimerEventCallback; /* Legacy weak WakeUpT
 586:Drivers/STM32F4xx_HAL_Driver/Src/stm32f4xx_hal_rtc.c ****         break;
 587:Drivers/STM32F4xx_HAL_Driver/Src/stm32f4xx_hal_rtc.c **** 
 588:Drivers/STM32F4xx_HAL_Driver/Src/stm32f4xx_hal_rtc.c ****       case HAL_RTC_TAMPER1_EVENT_CB_ID :
 589:Drivers/STM32F4xx_HAL_Driver/Src/stm32f4xx_hal_rtc.c ****         hrtc->Tamper1EventCallback = HAL_RTCEx_Tamper1EventCallback;         /* Legacy weak Tamper1
 590:Drivers/STM32F4xx_HAL_Driver/Src/stm32f4xx_hal_rtc.c ****         break;
 591:Drivers/STM32F4xx_HAL_Driver/Src/stm32f4xx_hal_rtc.c **** 
 592:Drivers/STM32F4xx_HAL_Driver/Src/stm32f4xx_hal_rtc.c **** #if defined(RTC_TAMPER2_SUPPORT)
 593:Drivers/STM32F4xx_HAL_Driver/Src/stm32f4xx_hal_rtc.c ****       case HAL_RTC_TAMPER2_EVENT_CB_ID :
 594:Drivers/STM32F4xx_HAL_Driver/Src/stm32f4xx_hal_rtc.c ****         hrtc->Tamper2EventCallback = HAL_RTCEx_Tamper2EventCallback;         /* Legacy weak Tamper2
 595:Drivers/STM32F4xx_HAL_Driver/Src/stm32f4xx_hal_rtc.c ****         break;
 596:Drivers/STM32F4xx_HAL_Driver/Src/stm32f4xx_hal_rtc.c **** #endif /* RTC_TAMPER2_SUPPORT */
 597:Drivers/STM32F4xx_HAL_Driver/Src/stm32f4xx_hal_rtc.c **** 
 598:Drivers/STM32F4xx_HAL_Driver/Src/stm32f4xx_hal_rtc.c ****       case HAL_RTC_MSPINIT_CB_ID :
 599:Drivers/STM32F4xx_HAL_Driver/Src/stm32f4xx_hal_rtc.c ****         hrtc->MspInitCallback = HAL_RTC_MspInit;
ARM GAS  C:\Users\40918\AppData\Local\Temp\cc17lxaj.s 			page 12


 600:Drivers/STM32F4xx_HAL_Driver/Src/stm32f4xx_hal_rtc.c ****         break;
 601:Drivers/STM32F4xx_HAL_Driver/Src/stm32f4xx_hal_rtc.c **** 
 602:Drivers/STM32F4xx_HAL_Driver/Src/stm32f4xx_hal_rtc.c ****       case HAL_RTC_MSPDEINIT_CB_ID :
 603:Drivers/STM32F4xx_HAL_Driver/Src/stm32f4xx_hal_rtc.c ****         hrtc->MspDeInitCallback = HAL_RTC_MspDeInit;
 604:Drivers/STM32F4xx_HAL_Driver/Src/stm32f4xx_hal_rtc.c ****         break;
 605:Drivers/STM32F4xx_HAL_Driver/Src/stm32f4xx_hal_rtc.c **** 
 606:Drivers/STM32F4xx_HAL_Driver/Src/stm32f4xx_hal_rtc.c ****       default :
 607:Drivers/STM32F4xx_HAL_Driver/Src/stm32f4xx_hal_rtc.c ****         /* Return error status */
 608:Drivers/STM32F4xx_HAL_Driver/Src/stm32f4xx_hal_rtc.c ****         status =  HAL_ERROR;
 609:Drivers/STM32F4xx_HAL_Driver/Src/stm32f4xx_hal_rtc.c ****         break;
 610:Drivers/STM32F4xx_HAL_Driver/Src/stm32f4xx_hal_rtc.c ****     }
 611:Drivers/STM32F4xx_HAL_Driver/Src/stm32f4xx_hal_rtc.c ****   }
 612:Drivers/STM32F4xx_HAL_Driver/Src/stm32f4xx_hal_rtc.c ****   else if (HAL_RTC_STATE_RESET == hrtc->State)
 613:Drivers/STM32F4xx_HAL_Driver/Src/stm32f4xx_hal_rtc.c ****   {
 614:Drivers/STM32F4xx_HAL_Driver/Src/stm32f4xx_hal_rtc.c ****     switch (CallbackID)
 615:Drivers/STM32F4xx_HAL_Driver/Src/stm32f4xx_hal_rtc.c ****     {
 616:Drivers/STM32F4xx_HAL_Driver/Src/stm32f4xx_hal_rtc.c ****       case HAL_RTC_MSPINIT_CB_ID :
 617:Drivers/STM32F4xx_HAL_Driver/Src/stm32f4xx_hal_rtc.c ****         hrtc->MspInitCallback = HAL_RTC_MspInit;
 618:Drivers/STM32F4xx_HAL_Driver/Src/stm32f4xx_hal_rtc.c ****         break;
 619:Drivers/STM32F4xx_HAL_Driver/Src/stm32f4xx_hal_rtc.c **** 
 620:Drivers/STM32F4xx_HAL_Driver/Src/stm32f4xx_hal_rtc.c ****       case HAL_RTC_MSPDEINIT_CB_ID :
 621:Drivers/STM32F4xx_HAL_Driver/Src/stm32f4xx_hal_rtc.c ****         hrtc->MspDeInitCallback = HAL_RTC_MspDeInit;
 622:Drivers/STM32F4xx_HAL_Driver/Src/stm32f4xx_hal_rtc.c ****         break;
 623:Drivers/STM32F4xx_HAL_Driver/Src/stm32f4xx_hal_rtc.c **** 
 624:Drivers/STM32F4xx_HAL_Driver/Src/stm32f4xx_hal_rtc.c ****       default :
 625:Drivers/STM32F4xx_HAL_Driver/Src/stm32f4xx_hal_rtc.c ****         /* Return error status */
 626:Drivers/STM32F4xx_HAL_Driver/Src/stm32f4xx_hal_rtc.c ****         status =  HAL_ERROR;
 627:Drivers/STM32F4xx_HAL_Driver/Src/stm32f4xx_hal_rtc.c ****         break;
 628:Drivers/STM32F4xx_HAL_Driver/Src/stm32f4xx_hal_rtc.c ****     }
 629:Drivers/STM32F4xx_HAL_Driver/Src/stm32f4xx_hal_rtc.c ****   }
 630:Drivers/STM32F4xx_HAL_Driver/Src/stm32f4xx_hal_rtc.c ****   else
 631:Drivers/STM32F4xx_HAL_Driver/Src/stm32f4xx_hal_rtc.c ****   {
 632:Drivers/STM32F4xx_HAL_Driver/Src/stm32f4xx_hal_rtc.c ****     /* Return error status */
 633:Drivers/STM32F4xx_HAL_Driver/Src/stm32f4xx_hal_rtc.c ****     status =  HAL_ERROR;
 634:Drivers/STM32F4xx_HAL_Driver/Src/stm32f4xx_hal_rtc.c ****   }
 635:Drivers/STM32F4xx_HAL_Driver/Src/stm32f4xx_hal_rtc.c **** 
 636:Drivers/STM32F4xx_HAL_Driver/Src/stm32f4xx_hal_rtc.c ****   /* Release Lock */
 637:Drivers/STM32F4xx_HAL_Driver/Src/stm32f4xx_hal_rtc.c ****   __HAL_UNLOCK(hrtc);
 638:Drivers/STM32F4xx_HAL_Driver/Src/stm32f4xx_hal_rtc.c **** 
 639:Drivers/STM32F4xx_HAL_Driver/Src/stm32f4xx_hal_rtc.c ****   return status;
 640:Drivers/STM32F4xx_HAL_Driver/Src/stm32f4xx_hal_rtc.c **** }
 641:Drivers/STM32F4xx_HAL_Driver/Src/stm32f4xx_hal_rtc.c **** #endif /* USE_HAL_RTC_REGISTER_CALLBACKS */
 642:Drivers/STM32F4xx_HAL_Driver/Src/stm32f4xx_hal_rtc.c **** 
 643:Drivers/STM32F4xx_HAL_Driver/Src/stm32f4xx_hal_rtc.c **** /**
 644:Drivers/STM32F4xx_HAL_Driver/Src/stm32f4xx_hal_rtc.c ****   * @brief  Initializes the RTC MSP.
 645:Drivers/STM32F4xx_HAL_Driver/Src/stm32f4xx_hal_rtc.c ****   * @param  hrtc pointer to a RTC_HandleTypeDef structure that contains
 646:Drivers/STM32F4xx_HAL_Driver/Src/stm32f4xx_hal_rtc.c ****   *                the configuration information for RTC.
 647:Drivers/STM32F4xx_HAL_Driver/Src/stm32f4xx_hal_rtc.c ****   * @retval None
 648:Drivers/STM32F4xx_HAL_Driver/Src/stm32f4xx_hal_rtc.c ****   */
 649:Drivers/STM32F4xx_HAL_Driver/Src/stm32f4xx_hal_rtc.c **** __weak void HAL_RTC_MspInit(RTC_HandleTypeDef *hrtc)
 650:Drivers/STM32F4xx_HAL_Driver/Src/stm32f4xx_hal_rtc.c **** {
  30              		.loc 1 650 1 view -0
  31              		.cfi_startproc
  32              		@ args = 0, pretend = 0, frame = 0
  33              		@ frame_needed = 0, uses_anonymous_args = 0
  34              		@ link register save eliminated.
 651:Drivers/STM32F4xx_HAL_Driver/Src/stm32f4xx_hal_rtc.c ****   /* Prevent unused argument(s) compilation warning */
ARM GAS  C:\Users\40918\AppData\Local\Temp\cc17lxaj.s 			page 13


 652:Drivers/STM32F4xx_HAL_Driver/Src/stm32f4xx_hal_rtc.c ****   UNUSED(hrtc);
  35              		.loc 1 652 3 view .LVU1
 653:Drivers/STM32F4xx_HAL_Driver/Src/stm32f4xx_hal_rtc.c **** 
 654:Drivers/STM32F4xx_HAL_Driver/Src/stm32f4xx_hal_rtc.c ****   /* NOTE: This function should not be modified, when the callback is needed,
 655:Drivers/STM32F4xx_HAL_Driver/Src/stm32f4xx_hal_rtc.c ****            the HAL_RTC_MspInit could be implemented in the user file
 656:Drivers/STM32F4xx_HAL_Driver/Src/stm32f4xx_hal_rtc.c ****    */
 657:Drivers/STM32F4xx_HAL_Driver/Src/stm32f4xx_hal_rtc.c **** }
  36              		.loc 1 657 1 is_stmt 0 view .LVU2
  37 0000 7047     		bx	lr
  38              		.cfi_endproc
  39              	.LFE241:
  41              		.section	.text.HAL_RTC_MspDeInit,"ax",%progbits
  42              		.align	1
  43              		.weak	HAL_RTC_MspDeInit
  44              		.syntax unified
  45              		.thumb
  46              		.thumb_func
  48              	HAL_RTC_MspDeInit:
  49              	.LVL1:
  50              	.LFB242:
 658:Drivers/STM32F4xx_HAL_Driver/Src/stm32f4xx_hal_rtc.c **** 
 659:Drivers/STM32F4xx_HAL_Driver/Src/stm32f4xx_hal_rtc.c **** /**
 660:Drivers/STM32F4xx_HAL_Driver/Src/stm32f4xx_hal_rtc.c ****   * @brief  DeInitializes the RTC MSP.
 661:Drivers/STM32F4xx_HAL_Driver/Src/stm32f4xx_hal_rtc.c ****   * @param  hrtc pointer to a RTC_HandleTypeDef structure that contains
 662:Drivers/STM32F4xx_HAL_Driver/Src/stm32f4xx_hal_rtc.c ****   *                the configuration information for RTC.
 663:Drivers/STM32F4xx_HAL_Driver/Src/stm32f4xx_hal_rtc.c ****   * @retval None
 664:Drivers/STM32F4xx_HAL_Driver/Src/stm32f4xx_hal_rtc.c ****   */
 665:Drivers/STM32F4xx_HAL_Driver/Src/stm32f4xx_hal_rtc.c **** __weak void HAL_RTC_MspDeInit(RTC_HandleTypeDef *hrtc)
 666:Drivers/STM32F4xx_HAL_Driver/Src/stm32f4xx_hal_rtc.c **** {
  51              		.loc 1 666 1 is_stmt 1 view -0
  52              		.cfi_startproc
  53              		@ args = 0, pretend = 0, frame = 0
  54              		@ frame_needed = 0, uses_anonymous_args = 0
  55              		@ link register save eliminated.
 667:Drivers/STM32F4xx_HAL_Driver/Src/stm32f4xx_hal_rtc.c ****   /* Prevent unused argument(s) compilation warning */
 668:Drivers/STM32F4xx_HAL_Driver/Src/stm32f4xx_hal_rtc.c ****   UNUSED(hrtc);
  56              		.loc 1 668 3 view .LVU4
 669:Drivers/STM32F4xx_HAL_Driver/Src/stm32f4xx_hal_rtc.c **** 
 670:Drivers/STM32F4xx_HAL_Driver/Src/stm32f4xx_hal_rtc.c ****   /* NOTE: This function should not be modified, when the callback is needed,
 671:Drivers/STM32F4xx_HAL_Driver/Src/stm32f4xx_hal_rtc.c ****            the HAL_RTC_MspDeInit could be implemented in the user file
 672:Drivers/STM32F4xx_HAL_Driver/Src/stm32f4xx_hal_rtc.c ****    */
 673:Drivers/STM32F4xx_HAL_Driver/Src/stm32f4xx_hal_rtc.c **** }
  57              		.loc 1 673 1 is_stmt 0 view .LVU5
  58 0000 7047     		bx	lr
  59              		.cfi_endproc
  60              	.LFE242:
  62              		.section	.text.HAL_RTC_DeactivateAlarm,"ax",%progbits
  63              		.align	1
  64              		.global	HAL_RTC_DeactivateAlarm
  65              		.syntax unified
  66              		.thumb
  67              		.thumb_func
  69              	HAL_RTC_DeactivateAlarm:
  70              	.LVL2:
  71              	.LFB249:
 674:Drivers/STM32F4xx_HAL_Driver/Src/stm32f4xx_hal_rtc.c **** 
 675:Drivers/STM32F4xx_HAL_Driver/Src/stm32f4xx_hal_rtc.c **** /**
ARM GAS  C:\Users\40918\AppData\Local\Temp\cc17lxaj.s 			page 14


 676:Drivers/STM32F4xx_HAL_Driver/Src/stm32f4xx_hal_rtc.c ****   * @}
 677:Drivers/STM32F4xx_HAL_Driver/Src/stm32f4xx_hal_rtc.c ****   */
 678:Drivers/STM32F4xx_HAL_Driver/Src/stm32f4xx_hal_rtc.c **** 
 679:Drivers/STM32F4xx_HAL_Driver/Src/stm32f4xx_hal_rtc.c **** /** @defgroup RTC_Exported_Functions_Group2 RTC Time and Date functions
 680:Drivers/STM32F4xx_HAL_Driver/Src/stm32f4xx_hal_rtc.c ****   * @brief    RTC Time and Date functions
 681:Drivers/STM32F4xx_HAL_Driver/Src/stm32f4xx_hal_rtc.c ****   *
 682:Drivers/STM32F4xx_HAL_Driver/Src/stm32f4xx_hal_rtc.c **** @verbatim
 683:Drivers/STM32F4xx_HAL_Driver/Src/stm32f4xx_hal_rtc.c ****  ===============================================================================
 684:Drivers/STM32F4xx_HAL_Driver/Src/stm32f4xx_hal_rtc.c ****                  ##### RTC Time and Date functions #####
 685:Drivers/STM32F4xx_HAL_Driver/Src/stm32f4xx_hal_rtc.c ****  ===============================================================================
 686:Drivers/STM32F4xx_HAL_Driver/Src/stm32f4xx_hal_rtc.c **** 
 687:Drivers/STM32F4xx_HAL_Driver/Src/stm32f4xx_hal_rtc.c ****  [..] This section provides functions allowing to configure Time and Date features
 688:Drivers/STM32F4xx_HAL_Driver/Src/stm32f4xx_hal_rtc.c **** 
 689:Drivers/STM32F4xx_HAL_Driver/Src/stm32f4xx_hal_rtc.c **** @endverbatim
 690:Drivers/STM32F4xx_HAL_Driver/Src/stm32f4xx_hal_rtc.c ****   * @{
 691:Drivers/STM32F4xx_HAL_Driver/Src/stm32f4xx_hal_rtc.c ****   */
 692:Drivers/STM32F4xx_HAL_Driver/Src/stm32f4xx_hal_rtc.c **** 
 693:Drivers/STM32F4xx_HAL_Driver/Src/stm32f4xx_hal_rtc.c **** /**
 694:Drivers/STM32F4xx_HAL_Driver/Src/stm32f4xx_hal_rtc.c ****   * @brief  Sets RTC current time.
 695:Drivers/STM32F4xx_HAL_Driver/Src/stm32f4xx_hal_rtc.c ****   * @param  hrtc pointer to a RTC_HandleTypeDef structure that contains
 696:Drivers/STM32F4xx_HAL_Driver/Src/stm32f4xx_hal_rtc.c ****   *                the configuration information for RTC.
 697:Drivers/STM32F4xx_HAL_Driver/Src/stm32f4xx_hal_rtc.c ****   * @param  sTime Pointer to Time structure
 698:Drivers/STM32F4xx_HAL_Driver/Src/stm32f4xx_hal_rtc.c ****   * @note   DayLightSaving and StoreOperation interfaces are deprecated.
 699:Drivers/STM32F4xx_HAL_Driver/Src/stm32f4xx_hal_rtc.c ****   *         To manage Daylight Saving Time, please use HAL_RTC_DST_xxx functions.
 700:Drivers/STM32F4xx_HAL_Driver/Src/stm32f4xx_hal_rtc.c ****   * @param  Format Specifies the format of the entered parameters.
 701:Drivers/STM32F4xx_HAL_Driver/Src/stm32f4xx_hal_rtc.c ****   *          This parameter can be one of the following values:
 702:Drivers/STM32F4xx_HAL_Driver/Src/stm32f4xx_hal_rtc.c ****   *            @arg RTC_FORMAT_BIN: Binary data format
 703:Drivers/STM32F4xx_HAL_Driver/Src/stm32f4xx_hal_rtc.c ****   *            @arg RTC_FORMAT_BCD: BCD data format
 704:Drivers/STM32F4xx_HAL_Driver/Src/stm32f4xx_hal_rtc.c ****   * @retval HAL status
 705:Drivers/STM32F4xx_HAL_Driver/Src/stm32f4xx_hal_rtc.c ****   */
 706:Drivers/STM32F4xx_HAL_Driver/Src/stm32f4xx_hal_rtc.c **** HAL_StatusTypeDef HAL_RTC_SetTime(RTC_HandleTypeDef *hrtc, RTC_TimeTypeDef *sTime, uint32_t Format)
 707:Drivers/STM32F4xx_HAL_Driver/Src/stm32f4xx_hal_rtc.c **** {
 708:Drivers/STM32F4xx_HAL_Driver/Src/stm32f4xx_hal_rtc.c ****   uint32_t tmpreg = 0U;
 709:Drivers/STM32F4xx_HAL_Driver/Src/stm32f4xx_hal_rtc.c ****   HAL_StatusTypeDef status;
 710:Drivers/STM32F4xx_HAL_Driver/Src/stm32f4xx_hal_rtc.c **** 
 711:Drivers/STM32F4xx_HAL_Driver/Src/stm32f4xx_hal_rtc.c ****   /* Check the parameters */
 712:Drivers/STM32F4xx_HAL_Driver/Src/stm32f4xx_hal_rtc.c ****   assert_param(IS_RTC_FORMAT(Format));
 713:Drivers/STM32F4xx_HAL_Driver/Src/stm32f4xx_hal_rtc.c ****   assert_param(IS_RTC_DAYLIGHT_SAVING(sTime->DayLightSaving));
 714:Drivers/STM32F4xx_HAL_Driver/Src/stm32f4xx_hal_rtc.c ****   assert_param(IS_RTC_STORE_OPERATION(sTime->StoreOperation));
 715:Drivers/STM32F4xx_HAL_Driver/Src/stm32f4xx_hal_rtc.c **** 
 716:Drivers/STM32F4xx_HAL_Driver/Src/stm32f4xx_hal_rtc.c ****   /* Process Locked */
 717:Drivers/STM32F4xx_HAL_Driver/Src/stm32f4xx_hal_rtc.c ****   __HAL_LOCK(hrtc);
 718:Drivers/STM32F4xx_HAL_Driver/Src/stm32f4xx_hal_rtc.c **** 
 719:Drivers/STM32F4xx_HAL_Driver/Src/stm32f4xx_hal_rtc.c ****   hrtc->State = HAL_RTC_STATE_BUSY;
 720:Drivers/STM32F4xx_HAL_Driver/Src/stm32f4xx_hal_rtc.c **** 
 721:Drivers/STM32F4xx_HAL_Driver/Src/stm32f4xx_hal_rtc.c ****   if (Format == RTC_FORMAT_BIN)
 722:Drivers/STM32F4xx_HAL_Driver/Src/stm32f4xx_hal_rtc.c ****   {
 723:Drivers/STM32F4xx_HAL_Driver/Src/stm32f4xx_hal_rtc.c ****     if ((hrtc->Instance->CR & RTC_CR_FMT) != 0U)
 724:Drivers/STM32F4xx_HAL_Driver/Src/stm32f4xx_hal_rtc.c ****     {
 725:Drivers/STM32F4xx_HAL_Driver/Src/stm32f4xx_hal_rtc.c ****       assert_param(IS_RTC_HOUR12(sTime->Hours));
 726:Drivers/STM32F4xx_HAL_Driver/Src/stm32f4xx_hal_rtc.c ****       assert_param(IS_RTC_HOURFORMAT12(sTime->TimeFormat));
 727:Drivers/STM32F4xx_HAL_Driver/Src/stm32f4xx_hal_rtc.c ****     }
 728:Drivers/STM32F4xx_HAL_Driver/Src/stm32f4xx_hal_rtc.c ****     else
 729:Drivers/STM32F4xx_HAL_Driver/Src/stm32f4xx_hal_rtc.c ****     {
 730:Drivers/STM32F4xx_HAL_Driver/Src/stm32f4xx_hal_rtc.c ****       sTime->TimeFormat = 0x00U;
 731:Drivers/STM32F4xx_HAL_Driver/Src/stm32f4xx_hal_rtc.c ****       assert_param(IS_RTC_HOUR24(sTime->Hours));
 732:Drivers/STM32F4xx_HAL_Driver/Src/stm32f4xx_hal_rtc.c ****     }
ARM GAS  C:\Users\40918\AppData\Local\Temp\cc17lxaj.s 			page 15


 733:Drivers/STM32F4xx_HAL_Driver/Src/stm32f4xx_hal_rtc.c ****     assert_param(IS_RTC_MINUTES(sTime->Minutes));
 734:Drivers/STM32F4xx_HAL_Driver/Src/stm32f4xx_hal_rtc.c ****     assert_param(IS_RTC_SECONDS(sTime->Seconds));
 735:Drivers/STM32F4xx_HAL_Driver/Src/stm32f4xx_hal_rtc.c **** 
 736:Drivers/STM32F4xx_HAL_Driver/Src/stm32f4xx_hal_rtc.c ****     tmpreg = (uint32_t)(( (uint32_t)RTC_ByteToBcd2(sTime->Hours)   << RTC_TR_HU_Pos)  | \
 737:Drivers/STM32F4xx_HAL_Driver/Src/stm32f4xx_hal_rtc.c ****                         ( (uint32_t)RTC_ByteToBcd2(sTime->Minutes) << RTC_TR_MNU_Pos) | \
 738:Drivers/STM32F4xx_HAL_Driver/Src/stm32f4xx_hal_rtc.c ****                         ( (uint32_t)RTC_ByteToBcd2(sTime->Seconds))                   | \
 739:Drivers/STM32F4xx_HAL_Driver/Src/stm32f4xx_hal_rtc.c ****                         (((uint32_t)sTime->TimeFormat)             << RTC_TR_PM_Pos));
 740:Drivers/STM32F4xx_HAL_Driver/Src/stm32f4xx_hal_rtc.c ****   }
 741:Drivers/STM32F4xx_HAL_Driver/Src/stm32f4xx_hal_rtc.c ****   else
 742:Drivers/STM32F4xx_HAL_Driver/Src/stm32f4xx_hal_rtc.c ****   {
 743:Drivers/STM32F4xx_HAL_Driver/Src/stm32f4xx_hal_rtc.c ****     if ((hrtc->Instance->CR & RTC_CR_FMT) != 0U)
 744:Drivers/STM32F4xx_HAL_Driver/Src/stm32f4xx_hal_rtc.c ****     {
 745:Drivers/STM32F4xx_HAL_Driver/Src/stm32f4xx_hal_rtc.c ****       assert_param(IS_RTC_HOUR12(RTC_Bcd2ToByte(sTime->Hours)));
 746:Drivers/STM32F4xx_HAL_Driver/Src/stm32f4xx_hal_rtc.c ****       assert_param(IS_RTC_HOURFORMAT12(sTime->TimeFormat));
 747:Drivers/STM32F4xx_HAL_Driver/Src/stm32f4xx_hal_rtc.c ****     }
 748:Drivers/STM32F4xx_HAL_Driver/Src/stm32f4xx_hal_rtc.c ****     else
 749:Drivers/STM32F4xx_HAL_Driver/Src/stm32f4xx_hal_rtc.c ****     {
 750:Drivers/STM32F4xx_HAL_Driver/Src/stm32f4xx_hal_rtc.c ****       sTime->TimeFormat = 0x00U;
 751:Drivers/STM32F4xx_HAL_Driver/Src/stm32f4xx_hal_rtc.c ****       assert_param(IS_RTC_HOUR24(RTC_Bcd2ToByte(sTime->Hours)));
 752:Drivers/STM32F4xx_HAL_Driver/Src/stm32f4xx_hal_rtc.c ****     }
 753:Drivers/STM32F4xx_HAL_Driver/Src/stm32f4xx_hal_rtc.c ****     assert_param(IS_RTC_MINUTES(RTC_Bcd2ToByte(sTime->Minutes)));
 754:Drivers/STM32F4xx_HAL_Driver/Src/stm32f4xx_hal_rtc.c ****     assert_param(IS_RTC_SECONDS(RTC_Bcd2ToByte(sTime->Seconds)));
 755:Drivers/STM32F4xx_HAL_Driver/Src/stm32f4xx_hal_rtc.c ****     tmpreg = (((uint32_t)(sTime->Hours)      << RTC_TR_HU_Pos)  | \
 756:Drivers/STM32F4xx_HAL_Driver/Src/stm32f4xx_hal_rtc.c ****               ((uint32_t)(sTime->Minutes)    << RTC_TR_MNU_Pos) | \
 757:Drivers/STM32F4xx_HAL_Driver/Src/stm32f4xx_hal_rtc.c ****               ((uint32_t) sTime->Seconds)                       | \
 758:Drivers/STM32F4xx_HAL_Driver/Src/stm32f4xx_hal_rtc.c ****               ((uint32_t)(sTime->TimeFormat) << RTC_TR_PM_Pos));
 759:Drivers/STM32F4xx_HAL_Driver/Src/stm32f4xx_hal_rtc.c ****   }
 760:Drivers/STM32F4xx_HAL_Driver/Src/stm32f4xx_hal_rtc.c **** 
 761:Drivers/STM32F4xx_HAL_Driver/Src/stm32f4xx_hal_rtc.c ****   /* Disable the write protection for RTC registers */
 762:Drivers/STM32F4xx_HAL_Driver/Src/stm32f4xx_hal_rtc.c ****   __HAL_RTC_WRITEPROTECTION_DISABLE(hrtc);
 763:Drivers/STM32F4xx_HAL_Driver/Src/stm32f4xx_hal_rtc.c **** 
 764:Drivers/STM32F4xx_HAL_Driver/Src/stm32f4xx_hal_rtc.c ****   /* Enter Initialization mode */
 765:Drivers/STM32F4xx_HAL_Driver/Src/stm32f4xx_hal_rtc.c ****   status = RTC_EnterInitMode(hrtc);
 766:Drivers/STM32F4xx_HAL_Driver/Src/stm32f4xx_hal_rtc.c **** 
 767:Drivers/STM32F4xx_HAL_Driver/Src/stm32f4xx_hal_rtc.c ****   if (status == HAL_OK)
 768:Drivers/STM32F4xx_HAL_Driver/Src/stm32f4xx_hal_rtc.c ****   {
 769:Drivers/STM32F4xx_HAL_Driver/Src/stm32f4xx_hal_rtc.c ****     /* Set the RTC_TR register */
 770:Drivers/STM32F4xx_HAL_Driver/Src/stm32f4xx_hal_rtc.c ****     hrtc->Instance->TR = (uint32_t)(tmpreg & RTC_TR_RESERVED_MASK);
 771:Drivers/STM32F4xx_HAL_Driver/Src/stm32f4xx_hal_rtc.c **** 
 772:Drivers/STM32F4xx_HAL_Driver/Src/stm32f4xx_hal_rtc.c ****     /* Clear the bits to be configured (Deprecated. Use HAL_RTC_DST_xxx functions instead) */
 773:Drivers/STM32F4xx_HAL_Driver/Src/stm32f4xx_hal_rtc.c ****     hrtc->Instance->CR &= (uint32_t)~RTC_CR_BKP;
 774:Drivers/STM32F4xx_HAL_Driver/Src/stm32f4xx_hal_rtc.c **** 
 775:Drivers/STM32F4xx_HAL_Driver/Src/stm32f4xx_hal_rtc.c ****     /* Configure the RTC_CR register (Deprecated. Use HAL_RTC_DST_xxx functions instead) */
 776:Drivers/STM32F4xx_HAL_Driver/Src/stm32f4xx_hal_rtc.c ****     hrtc->Instance->CR |= (uint32_t)(sTime->DayLightSaving | sTime->StoreOperation);
 777:Drivers/STM32F4xx_HAL_Driver/Src/stm32f4xx_hal_rtc.c **** 
 778:Drivers/STM32F4xx_HAL_Driver/Src/stm32f4xx_hal_rtc.c ****     /* Exit Initialization mode */
 779:Drivers/STM32F4xx_HAL_Driver/Src/stm32f4xx_hal_rtc.c ****     status = RTC_ExitInitMode(hrtc);
 780:Drivers/STM32F4xx_HAL_Driver/Src/stm32f4xx_hal_rtc.c ****   }
 781:Drivers/STM32F4xx_HAL_Driver/Src/stm32f4xx_hal_rtc.c **** 
 782:Drivers/STM32F4xx_HAL_Driver/Src/stm32f4xx_hal_rtc.c ****   if (status == HAL_OK)
 783:Drivers/STM32F4xx_HAL_Driver/Src/stm32f4xx_hal_rtc.c ****   {
 784:Drivers/STM32F4xx_HAL_Driver/Src/stm32f4xx_hal_rtc.c ****     hrtc->State = HAL_RTC_STATE_READY;
 785:Drivers/STM32F4xx_HAL_Driver/Src/stm32f4xx_hal_rtc.c ****   }
 786:Drivers/STM32F4xx_HAL_Driver/Src/stm32f4xx_hal_rtc.c **** 
 787:Drivers/STM32F4xx_HAL_Driver/Src/stm32f4xx_hal_rtc.c ****   /* Enable the write protection for RTC registers */
 788:Drivers/STM32F4xx_HAL_Driver/Src/stm32f4xx_hal_rtc.c ****   __HAL_RTC_WRITEPROTECTION_ENABLE(hrtc);
 789:Drivers/STM32F4xx_HAL_Driver/Src/stm32f4xx_hal_rtc.c **** 
ARM GAS  C:\Users\40918\AppData\Local\Temp\cc17lxaj.s 			page 16


 790:Drivers/STM32F4xx_HAL_Driver/Src/stm32f4xx_hal_rtc.c ****   /* Process Unlocked */
 791:Drivers/STM32F4xx_HAL_Driver/Src/stm32f4xx_hal_rtc.c ****   __HAL_UNLOCK(hrtc);
 792:Drivers/STM32F4xx_HAL_Driver/Src/stm32f4xx_hal_rtc.c **** 
 793:Drivers/STM32F4xx_HAL_Driver/Src/stm32f4xx_hal_rtc.c ****   return status;
 794:Drivers/STM32F4xx_HAL_Driver/Src/stm32f4xx_hal_rtc.c **** }
 795:Drivers/STM32F4xx_HAL_Driver/Src/stm32f4xx_hal_rtc.c **** 
 796:Drivers/STM32F4xx_HAL_Driver/Src/stm32f4xx_hal_rtc.c **** /**
 797:Drivers/STM32F4xx_HAL_Driver/Src/stm32f4xx_hal_rtc.c ****   * @brief  Gets RTC current time.
 798:Drivers/STM32F4xx_HAL_Driver/Src/stm32f4xx_hal_rtc.c ****   * @param  hrtc pointer to a RTC_HandleTypeDef structure that contains
 799:Drivers/STM32F4xx_HAL_Driver/Src/stm32f4xx_hal_rtc.c ****   *                the configuration information for RTC.
 800:Drivers/STM32F4xx_HAL_Driver/Src/stm32f4xx_hal_rtc.c ****   * @param  sTime Pointer to Time structure
 801:Drivers/STM32F4xx_HAL_Driver/Src/stm32f4xx_hal_rtc.c ****   * @param  Format Specifies the format of the entered parameters.
 802:Drivers/STM32F4xx_HAL_Driver/Src/stm32f4xx_hal_rtc.c ****   *          This parameter can be one of the following values:
 803:Drivers/STM32F4xx_HAL_Driver/Src/stm32f4xx_hal_rtc.c ****   *            @arg RTC_FORMAT_BIN: Binary data format
 804:Drivers/STM32F4xx_HAL_Driver/Src/stm32f4xx_hal_rtc.c ****   *            @arg RTC_FORMAT_BCD: BCD data format
 805:Drivers/STM32F4xx_HAL_Driver/Src/stm32f4xx_hal_rtc.c ****   * @note  You can use SubSeconds and SecondFraction (sTime structure fields
 806:Drivers/STM32F4xx_HAL_Driver/Src/stm32f4xx_hal_rtc.c ****   *        returned) to convert SubSeconds value in second fraction ratio with
 807:Drivers/STM32F4xx_HAL_Driver/Src/stm32f4xx_hal_rtc.c ****   *        time unit following generic formula:
 808:Drivers/STM32F4xx_HAL_Driver/Src/stm32f4xx_hal_rtc.c ****   *        Second fraction ratio * time_unit =
 809:Drivers/STM32F4xx_HAL_Driver/Src/stm32f4xx_hal_rtc.c ****   *           [(SecondFraction - SubSeconds) / (SecondFraction + 1)] * time_unit
 810:Drivers/STM32F4xx_HAL_Driver/Src/stm32f4xx_hal_rtc.c ****   *        This conversion can be performed only if no shift operation is pending
 811:Drivers/STM32F4xx_HAL_Driver/Src/stm32f4xx_hal_rtc.c ****   *        (ie. SHFP=0) when PREDIV_S >= SS
 812:Drivers/STM32F4xx_HAL_Driver/Src/stm32f4xx_hal_rtc.c ****   * @note  You must call HAL_RTC_GetDate() after HAL_RTC_GetTime() to unlock the
 813:Drivers/STM32F4xx_HAL_Driver/Src/stm32f4xx_hal_rtc.c ****   *        values in the higher-order calendar shadow registers to ensure
 814:Drivers/STM32F4xx_HAL_Driver/Src/stm32f4xx_hal_rtc.c ****   *        consistency between the time and date values.
 815:Drivers/STM32F4xx_HAL_Driver/Src/stm32f4xx_hal_rtc.c ****   *        Reading RTC current time locks the values in calendar shadow registers
 816:Drivers/STM32F4xx_HAL_Driver/Src/stm32f4xx_hal_rtc.c ****   *        until current date is read to ensure consistency between the time and
 817:Drivers/STM32F4xx_HAL_Driver/Src/stm32f4xx_hal_rtc.c ****   *        date values.
 818:Drivers/STM32F4xx_HAL_Driver/Src/stm32f4xx_hal_rtc.c ****   * @retval HAL status
 819:Drivers/STM32F4xx_HAL_Driver/Src/stm32f4xx_hal_rtc.c ****   */
 820:Drivers/STM32F4xx_HAL_Driver/Src/stm32f4xx_hal_rtc.c **** HAL_StatusTypeDef HAL_RTC_GetTime(RTC_HandleTypeDef *hrtc, RTC_TimeTypeDef *sTime, uint32_t Format)
 821:Drivers/STM32F4xx_HAL_Driver/Src/stm32f4xx_hal_rtc.c **** {
 822:Drivers/STM32F4xx_HAL_Driver/Src/stm32f4xx_hal_rtc.c ****   uint32_t tmpreg = 0U;
 823:Drivers/STM32F4xx_HAL_Driver/Src/stm32f4xx_hal_rtc.c **** 
 824:Drivers/STM32F4xx_HAL_Driver/Src/stm32f4xx_hal_rtc.c ****   /* Check the parameters */
 825:Drivers/STM32F4xx_HAL_Driver/Src/stm32f4xx_hal_rtc.c ****   assert_param(IS_RTC_FORMAT(Format));
 826:Drivers/STM32F4xx_HAL_Driver/Src/stm32f4xx_hal_rtc.c **** 
 827:Drivers/STM32F4xx_HAL_Driver/Src/stm32f4xx_hal_rtc.c ****   /* Get subseconds value from the corresponding register */
 828:Drivers/STM32F4xx_HAL_Driver/Src/stm32f4xx_hal_rtc.c ****   sTime->SubSeconds = (uint32_t)(hrtc->Instance->SSR);
 829:Drivers/STM32F4xx_HAL_Driver/Src/stm32f4xx_hal_rtc.c **** 
 830:Drivers/STM32F4xx_HAL_Driver/Src/stm32f4xx_hal_rtc.c ****   /* Get SecondFraction structure field from the corresponding register field*/
 831:Drivers/STM32F4xx_HAL_Driver/Src/stm32f4xx_hal_rtc.c ****   sTime->SecondFraction = (uint32_t)(hrtc->Instance->PRER & RTC_PRER_PREDIV_S);
 832:Drivers/STM32F4xx_HAL_Driver/Src/stm32f4xx_hal_rtc.c **** 
 833:Drivers/STM32F4xx_HAL_Driver/Src/stm32f4xx_hal_rtc.c ****   /* Get the TR register */
 834:Drivers/STM32F4xx_HAL_Driver/Src/stm32f4xx_hal_rtc.c ****   tmpreg = (uint32_t)(hrtc->Instance->TR & RTC_TR_RESERVED_MASK);
 835:Drivers/STM32F4xx_HAL_Driver/Src/stm32f4xx_hal_rtc.c **** 
 836:Drivers/STM32F4xx_HAL_Driver/Src/stm32f4xx_hal_rtc.c ****   /* Fill the structure fields with the read parameters */
 837:Drivers/STM32F4xx_HAL_Driver/Src/stm32f4xx_hal_rtc.c ****   sTime->Hours      = (uint8_t)((tmpreg & (RTC_TR_HT  | RTC_TR_HU))  >> RTC_TR_HU_Pos);
 838:Drivers/STM32F4xx_HAL_Driver/Src/stm32f4xx_hal_rtc.c ****   sTime->Minutes    = (uint8_t)((tmpreg & (RTC_TR_MNT | RTC_TR_MNU)) >> RTC_TR_MNU_Pos);
 839:Drivers/STM32F4xx_HAL_Driver/Src/stm32f4xx_hal_rtc.c ****   sTime->Seconds    = (uint8_t)( tmpreg & (RTC_TR_ST  | RTC_TR_SU));
 840:Drivers/STM32F4xx_HAL_Driver/Src/stm32f4xx_hal_rtc.c ****   sTime->TimeFormat = (uint8_t)((tmpreg & (RTC_TR_PM))               >> RTC_TR_PM_Pos);
 841:Drivers/STM32F4xx_HAL_Driver/Src/stm32f4xx_hal_rtc.c **** 
 842:Drivers/STM32F4xx_HAL_Driver/Src/stm32f4xx_hal_rtc.c ****   /* Check the input parameters format */
 843:Drivers/STM32F4xx_HAL_Driver/Src/stm32f4xx_hal_rtc.c ****   if (Format == RTC_FORMAT_BIN)
 844:Drivers/STM32F4xx_HAL_Driver/Src/stm32f4xx_hal_rtc.c ****   {
 845:Drivers/STM32F4xx_HAL_Driver/Src/stm32f4xx_hal_rtc.c ****     /* Convert the time structure parameters to Binary format */
 846:Drivers/STM32F4xx_HAL_Driver/Src/stm32f4xx_hal_rtc.c ****     sTime->Hours = (uint8_t)RTC_Bcd2ToByte(sTime->Hours);
ARM GAS  C:\Users\40918\AppData\Local\Temp\cc17lxaj.s 			page 17


 847:Drivers/STM32F4xx_HAL_Driver/Src/stm32f4xx_hal_rtc.c ****     sTime->Minutes = (uint8_t)RTC_Bcd2ToByte(sTime->Minutes);
 848:Drivers/STM32F4xx_HAL_Driver/Src/stm32f4xx_hal_rtc.c ****     sTime->Seconds = (uint8_t)RTC_Bcd2ToByte(sTime->Seconds);
 849:Drivers/STM32F4xx_HAL_Driver/Src/stm32f4xx_hal_rtc.c ****   }
 850:Drivers/STM32F4xx_HAL_Driver/Src/stm32f4xx_hal_rtc.c **** 
 851:Drivers/STM32F4xx_HAL_Driver/Src/stm32f4xx_hal_rtc.c ****   return HAL_OK;
 852:Drivers/STM32F4xx_HAL_Driver/Src/stm32f4xx_hal_rtc.c **** }
 853:Drivers/STM32F4xx_HAL_Driver/Src/stm32f4xx_hal_rtc.c **** 
 854:Drivers/STM32F4xx_HAL_Driver/Src/stm32f4xx_hal_rtc.c **** /**
 855:Drivers/STM32F4xx_HAL_Driver/Src/stm32f4xx_hal_rtc.c ****   * @brief  Sets RTC current date.
 856:Drivers/STM32F4xx_HAL_Driver/Src/stm32f4xx_hal_rtc.c ****   * @param  hrtc pointer to a RTC_HandleTypeDef structure that contains
 857:Drivers/STM32F4xx_HAL_Driver/Src/stm32f4xx_hal_rtc.c ****   *                the configuration information for RTC.
 858:Drivers/STM32F4xx_HAL_Driver/Src/stm32f4xx_hal_rtc.c ****   * @param  sDate Pointer to date structure
 859:Drivers/STM32F4xx_HAL_Driver/Src/stm32f4xx_hal_rtc.c ****   * @param  Format specifies the format of the entered parameters.
 860:Drivers/STM32F4xx_HAL_Driver/Src/stm32f4xx_hal_rtc.c ****   *          This parameter can be one of the following values:
 861:Drivers/STM32F4xx_HAL_Driver/Src/stm32f4xx_hal_rtc.c ****   *            @arg RTC_FORMAT_BIN: Binary data format
 862:Drivers/STM32F4xx_HAL_Driver/Src/stm32f4xx_hal_rtc.c ****   *            @arg RTC_FORMAT_BCD: BCD data format
 863:Drivers/STM32F4xx_HAL_Driver/Src/stm32f4xx_hal_rtc.c ****   * @retval HAL status
 864:Drivers/STM32F4xx_HAL_Driver/Src/stm32f4xx_hal_rtc.c ****   */
 865:Drivers/STM32F4xx_HAL_Driver/Src/stm32f4xx_hal_rtc.c **** HAL_StatusTypeDef HAL_RTC_SetDate(RTC_HandleTypeDef *hrtc, RTC_DateTypeDef *sDate, uint32_t Format)
 866:Drivers/STM32F4xx_HAL_Driver/Src/stm32f4xx_hal_rtc.c **** {
 867:Drivers/STM32F4xx_HAL_Driver/Src/stm32f4xx_hal_rtc.c ****   uint32_t datetmpreg = 0U;
 868:Drivers/STM32F4xx_HAL_Driver/Src/stm32f4xx_hal_rtc.c ****   HAL_StatusTypeDef status;
 869:Drivers/STM32F4xx_HAL_Driver/Src/stm32f4xx_hal_rtc.c **** 
 870:Drivers/STM32F4xx_HAL_Driver/Src/stm32f4xx_hal_rtc.c ****   /* Check the parameters */
 871:Drivers/STM32F4xx_HAL_Driver/Src/stm32f4xx_hal_rtc.c ****   assert_param(IS_RTC_FORMAT(Format));
 872:Drivers/STM32F4xx_HAL_Driver/Src/stm32f4xx_hal_rtc.c **** 
 873:Drivers/STM32F4xx_HAL_Driver/Src/stm32f4xx_hal_rtc.c ****   /* Process Locked */
 874:Drivers/STM32F4xx_HAL_Driver/Src/stm32f4xx_hal_rtc.c ****   __HAL_LOCK(hrtc);
 875:Drivers/STM32F4xx_HAL_Driver/Src/stm32f4xx_hal_rtc.c **** 
 876:Drivers/STM32F4xx_HAL_Driver/Src/stm32f4xx_hal_rtc.c ****   hrtc->State = HAL_RTC_STATE_BUSY;
 877:Drivers/STM32F4xx_HAL_Driver/Src/stm32f4xx_hal_rtc.c **** 
 878:Drivers/STM32F4xx_HAL_Driver/Src/stm32f4xx_hal_rtc.c ****   if ((Format == RTC_FORMAT_BIN) && ((sDate->Month & 0x10U) == 0x10U))
 879:Drivers/STM32F4xx_HAL_Driver/Src/stm32f4xx_hal_rtc.c ****   {
 880:Drivers/STM32F4xx_HAL_Driver/Src/stm32f4xx_hal_rtc.c ****     sDate->Month = (uint8_t)((sDate->Month & (uint8_t)~(0x10U)) + (uint8_t)0x0AU);
 881:Drivers/STM32F4xx_HAL_Driver/Src/stm32f4xx_hal_rtc.c ****   }
 882:Drivers/STM32F4xx_HAL_Driver/Src/stm32f4xx_hal_rtc.c **** 
 883:Drivers/STM32F4xx_HAL_Driver/Src/stm32f4xx_hal_rtc.c ****   assert_param(IS_RTC_WEEKDAY(sDate->WeekDay));
 884:Drivers/STM32F4xx_HAL_Driver/Src/stm32f4xx_hal_rtc.c **** 
 885:Drivers/STM32F4xx_HAL_Driver/Src/stm32f4xx_hal_rtc.c ****   if (Format == RTC_FORMAT_BIN)
 886:Drivers/STM32F4xx_HAL_Driver/Src/stm32f4xx_hal_rtc.c ****   {
 887:Drivers/STM32F4xx_HAL_Driver/Src/stm32f4xx_hal_rtc.c ****     assert_param(IS_RTC_YEAR(sDate->Year));
 888:Drivers/STM32F4xx_HAL_Driver/Src/stm32f4xx_hal_rtc.c ****     assert_param(IS_RTC_MONTH(sDate->Month));
 889:Drivers/STM32F4xx_HAL_Driver/Src/stm32f4xx_hal_rtc.c ****     assert_param(IS_RTC_DATE(sDate->Date));
 890:Drivers/STM32F4xx_HAL_Driver/Src/stm32f4xx_hal_rtc.c **** 
 891:Drivers/STM32F4xx_HAL_Driver/Src/stm32f4xx_hal_rtc.c ****     datetmpreg = (((uint32_t)RTC_ByteToBcd2(sDate->Year)  << RTC_DR_YU_Pos) | \
 892:Drivers/STM32F4xx_HAL_Driver/Src/stm32f4xx_hal_rtc.c ****                   ((uint32_t)RTC_ByteToBcd2(sDate->Month) << RTC_DR_MU_Pos) | \
 893:Drivers/STM32F4xx_HAL_Driver/Src/stm32f4xx_hal_rtc.c ****                   ((uint32_t)RTC_ByteToBcd2(sDate->Date))                   | \
 894:Drivers/STM32F4xx_HAL_Driver/Src/stm32f4xx_hal_rtc.c ****                   ((uint32_t)sDate->WeekDay               << RTC_DR_WDU_Pos));
 895:Drivers/STM32F4xx_HAL_Driver/Src/stm32f4xx_hal_rtc.c ****   }
 896:Drivers/STM32F4xx_HAL_Driver/Src/stm32f4xx_hal_rtc.c ****   else
 897:Drivers/STM32F4xx_HAL_Driver/Src/stm32f4xx_hal_rtc.c ****   {
 898:Drivers/STM32F4xx_HAL_Driver/Src/stm32f4xx_hal_rtc.c ****     assert_param(IS_RTC_YEAR(RTC_Bcd2ToByte(sDate->Year)));
 899:Drivers/STM32F4xx_HAL_Driver/Src/stm32f4xx_hal_rtc.c ****     assert_param(IS_RTC_MONTH(RTC_Bcd2ToByte(sDate->Month)));
 900:Drivers/STM32F4xx_HAL_Driver/Src/stm32f4xx_hal_rtc.c ****     assert_param(IS_RTC_DATE(RTC_Bcd2ToByte(sDate->Date)));
 901:Drivers/STM32F4xx_HAL_Driver/Src/stm32f4xx_hal_rtc.c **** 
 902:Drivers/STM32F4xx_HAL_Driver/Src/stm32f4xx_hal_rtc.c ****     datetmpreg = ((((uint32_t)sDate->Year)    << RTC_DR_YU_Pos) | \
 903:Drivers/STM32F4xx_HAL_Driver/Src/stm32f4xx_hal_rtc.c ****                   (((uint32_t)sDate->Month)   << RTC_DR_MU_Pos) | \
ARM GAS  C:\Users\40918\AppData\Local\Temp\cc17lxaj.s 			page 18


 904:Drivers/STM32F4xx_HAL_Driver/Src/stm32f4xx_hal_rtc.c ****                   ((uint32_t) sDate->Date)                      | \
 905:Drivers/STM32F4xx_HAL_Driver/Src/stm32f4xx_hal_rtc.c ****                   (((uint32_t)sDate->WeekDay) << RTC_DR_WDU_Pos));
 906:Drivers/STM32F4xx_HAL_Driver/Src/stm32f4xx_hal_rtc.c ****   }
 907:Drivers/STM32F4xx_HAL_Driver/Src/stm32f4xx_hal_rtc.c **** 
 908:Drivers/STM32F4xx_HAL_Driver/Src/stm32f4xx_hal_rtc.c ****   /* Disable the write protection for RTC registers */
 909:Drivers/STM32F4xx_HAL_Driver/Src/stm32f4xx_hal_rtc.c ****   __HAL_RTC_WRITEPROTECTION_DISABLE(hrtc);
 910:Drivers/STM32F4xx_HAL_Driver/Src/stm32f4xx_hal_rtc.c **** 
 911:Drivers/STM32F4xx_HAL_Driver/Src/stm32f4xx_hal_rtc.c ****   /* Enter Initialization mode */
 912:Drivers/STM32F4xx_HAL_Driver/Src/stm32f4xx_hal_rtc.c ****   status = RTC_EnterInitMode(hrtc);
 913:Drivers/STM32F4xx_HAL_Driver/Src/stm32f4xx_hal_rtc.c **** 
 914:Drivers/STM32F4xx_HAL_Driver/Src/stm32f4xx_hal_rtc.c ****   if (status == HAL_OK)
 915:Drivers/STM32F4xx_HAL_Driver/Src/stm32f4xx_hal_rtc.c ****   {
 916:Drivers/STM32F4xx_HAL_Driver/Src/stm32f4xx_hal_rtc.c ****     /* Set the RTC_DR register */
 917:Drivers/STM32F4xx_HAL_Driver/Src/stm32f4xx_hal_rtc.c ****     hrtc->Instance->DR = (uint32_t)(datetmpreg & RTC_DR_RESERVED_MASK);
 918:Drivers/STM32F4xx_HAL_Driver/Src/stm32f4xx_hal_rtc.c **** 
 919:Drivers/STM32F4xx_HAL_Driver/Src/stm32f4xx_hal_rtc.c ****     /* Exit Initialization mode */
 920:Drivers/STM32F4xx_HAL_Driver/Src/stm32f4xx_hal_rtc.c ****     status = RTC_ExitInitMode(hrtc);
 921:Drivers/STM32F4xx_HAL_Driver/Src/stm32f4xx_hal_rtc.c ****   }
 922:Drivers/STM32F4xx_HAL_Driver/Src/stm32f4xx_hal_rtc.c **** 
 923:Drivers/STM32F4xx_HAL_Driver/Src/stm32f4xx_hal_rtc.c ****   if (status == HAL_OK)
 924:Drivers/STM32F4xx_HAL_Driver/Src/stm32f4xx_hal_rtc.c ****   {
 925:Drivers/STM32F4xx_HAL_Driver/Src/stm32f4xx_hal_rtc.c ****     hrtc->State = HAL_RTC_STATE_READY;
 926:Drivers/STM32F4xx_HAL_Driver/Src/stm32f4xx_hal_rtc.c ****   }
 927:Drivers/STM32F4xx_HAL_Driver/Src/stm32f4xx_hal_rtc.c **** 
 928:Drivers/STM32F4xx_HAL_Driver/Src/stm32f4xx_hal_rtc.c ****   /* Enable the write protection for RTC registers */
 929:Drivers/STM32F4xx_HAL_Driver/Src/stm32f4xx_hal_rtc.c ****   __HAL_RTC_WRITEPROTECTION_ENABLE(hrtc);
 930:Drivers/STM32F4xx_HAL_Driver/Src/stm32f4xx_hal_rtc.c **** 
 931:Drivers/STM32F4xx_HAL_Driver/Src/stm32f4xx_hal_rtc.c ****   /* Process Unlocked */
 932:Drivers/STM32F4xx_HAL_Driver/Src/stm32f4xx_hal_rtc.c ****   __HAL_UNLOCK(hrtc);
 933:Drivers/STM32F4xx_HAL_Driver/Src/stm32f4xx_hal_rtc.c **** 
 934:Drivers/STM32F4xx_HAL_Driver/Src/stm32f4xx_hal_rtc.c ****   return status;
 935:Drivers/STM32F4xx_HAL_Driver/Src/stm32f4xx_hal_rtc.c **** }
 936:Drivers/STM32F4xx_HAL_Driver/Src/stm32f4xx_hal_rtc.c **** 
 937:Drivers/STM32F4xx_HAL_Driver/Src/stm32f4xx_hal_rtc.c **** /**
 938:Drivers/STM32F4xx_HAL_Driver/Src/stm32f4xx_hal_rtc.c ****   * @brief  Gets RTC current date.
 939:Drivers/STM32F4xx_HAL_Driver/Src/stm32f4xx_hal_rtc.c ****   * @param  hrtc pointer to a RTC_HandleTypeDef structure that contains
 940:Drivers/STM32F4xx_HAL_Driver/Src/stm32f4xx_hal_rtc.c ****   *                the configuration information for RTC.
 941:Drivers/STM32F4xx_HAL_Driver/Src/stm32f4xx_hal_rtc.c ****   * @param  sDate Pointer to Date structure
 942:Drivers/STM32F4xx_HAL_Driver/Src/stm32f4xx_hal_rtc.c ****   * @param  Format Specifies the format of the entered parameters.
 943:Drivers/STM32F4xx_HAL_Driver/Src/stm32f4xx_hal_rtc.c ****   *          This parameter can be one of the following values:
 944:Drivers/STM32F4xx_HAL_Driver/Src/stm32f4xx_hal_rtc.c ****   *            @arg RTC_FORMAT_BIN:  Binary data format
 945:Drivers/STM32F4xx_HAL_Driver/Src/stm32f4xx_hal_rtc.c ****   *            @arg RTC_FORMAT_BCD:  BCD data format
 946:Drivers/STM32F4xx_HAL_Driver/Src/stm32f4xx_hal_rtc.c ****   * @note  You must call HAL_RTC_GetDate() after HAL_RTC_GetTime() to unlock the
 947:Drivers/STM32F4xx_HAL_Driver/Src/stm32f4xx_hal_rtc.c ****   *        values in the higher-order calendar shadow registers to ensure
 948:Drivers/STM32F4xx_HAL_Driver/Src/stm32f4xx_hal_rtc.c ****   *        consistency between the time and date values.
 949:Drivers/STM32F4xx_HAL_Driver/Src/stm32f4xx_hal_rtc.c ****   *        Reading RTC current time locks the values in calendar shadow registers
 950:Drivers/STM32F4xx_HAL_Driver/Src/stm32f4xx_hal_rtc.c ****   *        until current date is read to ensure consistency between the time and
 951:Drivers/STM32F4xx_HAL_Driver/Src/stm32f4xx_hal_rtc.c ****   *        date values.
 952:Drivers/STM32F4xx_HAL_Driver/Src/stm32f4xx_hal_rtc.c ****   * @retval HAL status
 953:Drivers/STM32F4xx_HAL_Driver/Src/stm32f4xx_hal_rtc.c ****   */
 954:Drivers/STM32F4xx_HAL_Driver/Src/stm32f4xx_hal_rtc.c **** HAL_StatusTypeDef HAL_RTC_GetDate(RTC_HandleTypeDef *hrtc, RTC_DateTypeDef *sDate, uint32_t Format)
 955:Drivers/STM32F4xx_HAL_Driver/Src/stm32f4xx_hal_rtc.c **** {
 956:Drivers/STM32F4xx_HAL_Driver/Src/stm32f4xx_hal_rtc.c ****   uint32_t datetmpreg = 0U;
 957:Drivers/STM32F4xx_HAL_Driver/Src/stm32f4xx_hal_rtc.c **** 
 958:Drivers/STM32F4xx_HAL_Driver/Src/stm32f4xx_hal_rtc.c ****   /* Check the parameters */
 959:Drivers/STM32F4xx_HAL_Driver/Src/stm32f4xx_hal_rtc.c ****   assert_param(IS_RTC_FORMAT(Format));
 960:Drivers/STM32F4xx_HAL_Driver/Src/stm32f4xx_hal_rtc.c **** 
ARM GAS  C:\Users\40918\AppData\Local\Temp\cc17lxaj.s 			page 19


 961:Drivers/STM32F4xx_HAL_Driver/Src/stm32f4xx_hal_rtc.c ****   /* Get the DR register */
 962:Drivers/STM32F4xx_HAL_Driver/Src/stm32f4xx_hal_rtc.c ****   datetmpreg = (uint32_t)(hrtc->Instance->DR & RTC_DR_RESERVED_MASK);
 963:Drivers/STM32F4xx_HAL_Driver/Src/stm32f4xx_hal_rtc.c **** 
 964:Drivers/STM32F4xx_HAL_Driver/Src/stm32f4xx_hal_rtc.c ****   /* Fill the structure fields with the read parameters */
 965:Drivers/STM32F4xx_HAL_Driver/Src/stm32f4xx_hal_rtc.c ****   sDate->Year    = (uint8_t)((datetmpreg & (RTC_DR_YT | RTC_DR_YU)) >> RTC_DR_YU_Pos);
 966:Drivers/STM32F4xx_HAL_Driver/Src/stm32f4xx_hal_rtc.c ****   sDate->Month   = (uint8_t)((datetmpreg & (RTC_DR_MT | RTC_DR_MU)) >> RTC_DR_MU_Pos);
 967:Drivers/STM32F4xx_HAL_Driver/Src/stm32f4xx_hal_rtc.c ****   sDate->Date    = (uint8_t) (datetmpreg & (RTC_DR_DT | RTC_DR_DU));
 968:Drivers/STM32F4xx_HAL_Driver/Src/stm32f4xx_hal_rtc.c ****   sDate->WeekDay = (uint8_t)((datetmpreg & (RTC_DR_WDU))            >> RTC_DR_WDU_Pos);
 969:Drivers/STM32F4xx_HAL_Driver/Src/stm32f4xx_hal_rtc.c **** 
 970:Drivers/STM32F4xx_HAL_Driver/Src/stm32f4xx_hal_rtc.c ****   /* Check the input parameters format */
 971:Drivers/STM32F4xx_HAL_Driver/Src/stm32f4xx_hal_rtc.c ****   if (Format == RTC_FORMAT_BIN)
 972:Drivers/STM32F4xx_HAL_Driver/Src/stm32f4xx_hal_rtc.c ****   {
 973:Drivers/STM32F4xx_HAL_Driver/Src/stm32f4xx_hal_rtc.c ****     /* Convert the date structure parameters to Binary format */
 974:Drivers/STM32F4xx_HAL_Driver/Src/stm32f4xx_hal_rtc.c ****     sDate->Year  = (uint8_t)RTC_Bcd2ToByte(sDate->Year);
 975:Drivers/STM32F4xx_HAL_Driver/Src/stm32f4xx_hal_rtc.c ****     sDate->Month = (uint8_t)RTC_Bcd2ToByte(sDate->Month);
 976:Drivers/STM32F4xx_HAL_Driver/Src/stm32f4xx_hal_rtc.c ****     sDate->Date  = (uint8_t)RTC_Bcd2ToByte(sDate->Date);
 977:Drivers/STM32F4xx_HAL_Driver/Src/stm32f4xx_hal_rtc.c ****   }
 978:Drivers/STM32F4xx_HAL_Driver/Src/stm32f4xx_hal_rtc.c ****   return HAL_OK;
 979:Drivers/STM32F4xx_HAL_Driver/Src/stm32f4xx_hal_rtc.c **** }
 980:Drivers/STM32F4xx_HAL_Driver/Src/stm32f4xx_hal_rtc.c **** 
 981:Drivers/STM32F4xx_HAL_Driver/Src/stm32f4xx_hal_rtc.c **** /**
 982:Drivers/STM32F4xx_HAL_Driver/Src/stm32f4xx_hal_rtc.c ****   * @}
 983:Drivers/STM32F4xx_HAL_Driver/Src/stm32f4xx_hal_rtc.c ****   */
 984:Drivers/STM32F4xx_HAL_Driver/Src/stm32f4xx_hal_rtc.c **** 
 985:Drivers/STM32F4xx_HAL_Driver/Src/stm32f4xx_hal_rtc.c **** /** @defgroup RTC_Exported_Functions_Group3 RTC Alarm functions
 986:Drivers/STM32F4xx_HAL_Driver/Src/stm32f4xx_hal_rtc.c ****   * @brief    RTC Alarm functions
 987:Drivers/STM32F4xx_HAL_Driver/Src/stm32f4xx_hal_rtc.c ****   *
 988:Drivers/STM32F4xx_HAL_Driver/Src/stm32f4xx_hal_rtc.c **** @verbatim
 989:Drivers/STM32F4xx_HAL_Driver/Src/stm32f4xx_hal_rtc.c ****  ===============================================================================
 990:Drivers/STM32F4xx_HAL_Driver/Src/stm32f4xx_hal_rtc.c ****                  ##### RTC Alarm functions #####
 991:Drivers/STM32F4xx_HAL_Driver/Src/stm32f4xx_hal_rtc.c ****  ===============================================================================
 992:Drivers/STM32F4xx_HAL_Driver/Src/stm32f4xx_hal_rtc.c **** 
 993:Drivers/STM32F4xx_HAL_Driver/Src/stm32f4xx_hal_rtc.c ****  [..] This section provides functions allowing to configure Alarm feature
 994:Drivers/STM32F4xx_HAL_Driver/Src/stm32f4xx_hal_rtc.c **** 
 995:Drivers/STM32F4xx_HAL_Driver/Src/stm32f4xx_hal_rtc.c **** @endverbatim
 996:Drivers/STM32F4xx_HAL_Driver/Src/stm32f4xx_hal_rtc.c ****   * @{
 997:Drivers/STM32F4xx_HAL_Driver/Src/stm32f4xx_hal_rtc.c ****   */
 998:Drivers/STM32F4xx_HAL_Driver/Src/stm32f4xx_hal_rtc.c **** /**
 999:Drivers/STM32F4xx_HAL_Driver/Src/stm32f4xx_hal_rtc.c ****   * @brief  Sets the specified RTC Alarm.
1000:Drivers/STM32F4xx_HAL_Driver/Src/stm32f4xx_hal_rtc.c ****   * @param  hrtc pointer to a RTC_HandleTypeDef structure that contains
1001:Drivers/STM32F4xx_HAL_Driver/Src/stm32f4xx_hal_rtc.c ****   *                the configuration information for RTC.
1002:Drivers/STM32F4xx_HAL_Driver/Src/stm32f4xx_hal_rtc.c ****   * @param  sAlarm Pointer to Alarm structure
1003:Drivers/STM32F4xx_HAL_Driver/Src/stm32f4xx_hal_rtc.c ****   * @param  Format Specifies the format of the entered parameters.
1004:Drivers/STM32F4xx_HAL_Driver/Src/stm32f4xx_hal_rtc.c ****   *          This parameter can be one of the following values:
1005:Drivers/STM32F4xx_HAL_Driver/Src/stm32f4xx_hal_rtc.c ****   *             @arg RTC_FORMAT_BIN: Binary data format
1006:Drivers/STM32F4xx_HAL_Driver/Src/stm32f4xx_hal_rtc.c ****   *             @arg RTC_FORMAT_BCD: BCD data format
1007:Drivers/STM32F4xx_HAL_Driver/Src/stm32f4xx_hal_rtc.c ****   * @note   The Alarm register can only be written when the corresponding Alarm
1008:Drivers/STM32F4xx_HAL_Driver/Src/stm32f4xx_hal_rtc.c ****   *         is disabled (Use the HAL_RTC_DeactivateAlarm()).
1009:Drivers/STM32F4xx_HAL_Driver/Src/stm32f4xx_hal_rtc.c ****   * @note   The HAL_RTC_SetTime() must be called before enabling the Alarm feature.
1010:Drivers/STM32F4xx_HAL_Driver/Src/stm32f4xx_hal_rtc.c ****   * @retval HAL status
1011:Drivers/STM32F4xx_HAL_Driver/Src/stm32f4xx_hal_rtc.c ****   */
1012:Drivers/STM32F4xx_HAL_Driver/Src/stm32f4xx_hal_rtc.c **** HAL_StatusTypeDef HAL_RTC_SetAlarm(RTC_HandleTypeDef *hrtc, RTC_AlarmTypeDef *sAlarm, uint32_t Form
1013:Drivers/STM32F4xx_HAL_Driver/Src/stm32f4xx_hal_rtc.c **** {
1014:Drivers/STM32F4xx_HAL_Driver/Src/stm32f4xx_hal_rtc.c ****   uint32_t tickstart = 0U;
1015:Drivers/STM32F4xx_HAL_Driver/Src/stm32f4xx_hal_rtc.c ****   uint32_t tmpreg = 0U;
1016:Drivers/STM32F4xx_HAL_Driver/Src/stm32f4xx_hal_rtc.c ****   uint32_t subsecondtmpreg = 0U;
1017:Drivers/STM32F4xx_HAL_Driver/Src/stm32f4xx_hal_rtc.c **** 
ARM GAS  C:\Users\40918\AppData\Local\Temp\cc17lxaj.s 			page 20


1018:Drivers/STM32F4xx_HAL_Driver/Src/stm32f4xx_hal_rtc.c ****   /* Check the parameters */
1019:Drivers/STM32F4xx_HAL_Driver/Src/stm32f4xx_hal_rtc.c ****   assert_param(IS_RTC_FORMAT(Format));
1020:Drivers/STM32F4xx_HAL_Driver/Src/stm32f4xx_hal_rtc.c ****   assert_param(IS_RTC_ALARM(sAlarm->Alarm));
1021:Drivers/STM32F4xx_HAL_Driver/Src/stm32f4xx_hal_rtc.c ****   assert_param(IS_RTC_ALARM_MASK(sAlarm->AlarmMask));
1022:Drivers/STM32F4xx_HAL_Driver/Src/stm32f4xx_hal_rtc.c ****   assert_param(IS_RTC_ALARM_DATE_WEEKDAY_SEL(sAlarm->AlarmDateWeekDaySel));
1023:Drivers/STM32F4xx_HAL_Driver/Src/stm32f4xx_hal_rtc.c ****   assert_param(IS_RTC_ALARM_SUB_SECOND_VALUE(sAlarm->AlarmTime.SubSeconds));
1024:Drivers/STM32F4xx_HAL_Driver/Src/stm32f4xx_hal_rtc.c ****   assert_param(IS_RTC_ALARM_SUB_SECOND_MASK(sAlarm->AlarmSubSecondMask));
1025:Drivers/STM32F4xx_HAL_Driver/Src/stm32f4xx_hal_rtc.c **** 
1026:Drivers/STM32F4xx_HAL_Driver/Src/stm32f4xx_hal_rtc.c ****   /* Process Locked */
1027:Drivers/STM32F4xx_HAL_Driver/Src/stm32f4xx_hal_rtc.c ****   __HAL_LOCK(hrtc);
1028:Drivers/STM32F4xx_HAL_Driver/Src/stm32f4xx_hal_rtc.c **** 
1029:Drivers/STM32F4xx_HAL_Driver/Src/stm32f4xx_hal_rtc.c ****   /* Change RTC state to BUSY */
1030:Drivers/STM32F4xx_HAL_Driver/Src/stm32f4xx_hal_rtc.c ****   hrtc->State = HAL_RTC_STATE_BUSY;
1031:Drivers/STM32F4xx_HAL_Driver/Src/stm32f4xx_hal_rtc.c **** 
1032:Drivers/STM32F4xx_HAL_Driver/Src/stm32f4xx_hal_rtc.c ****   /* Check the data format (binary or BCD) and store the Alarm time and date
1033:Drivers/STM32F4xx_HAL_Driver/Src/stm32f4xx_hal_rtc.c ****      configuration accordingly */
1034:Drivers/STM32F4xx_HAL_Driver/Src/stm32f4xx_hal_rtc.c ****   if (Format == RTC_FORMAT_BIN)
1035:Drivers/STM32F4xx_HAL_Driver/Src/stm32f4xx_hal_rtc.c ****   {
1036:Drivers/STM32F4xx_HAL_Driver/Src/stm32f4xx_hal_rtc.c ****     if ((hrtc->Instance->CR & RTC_CR_FMT) != 0U)
1037:Drivers/STM32F4xx_HAL_Driver/Src/stm32f4xx_hal_rtc.c ****     {
1038:Drivers/STM32F4xx_HAL_Driver/Src/stm32f4xx_hal_rtc.c ****       assert_param(IS_RTC_HOUR12(sAlarm->AlarmTime.Hours));
1039:Drivers/STM32F4xx_HAL_Driver/Src/stm32f4xx_hal_rtc.c ****       assert_param(IS_RTC_HOURFORMAT12(sAlarm->AlarmTime.TimeFormat));
1040:Drivers/STM32F4xx_HAL_Driver/Src/stm32f4xx_hal_rtc.c ****     }
1041:Drivers/STM32F4xx_HAL_Driver/Src/stm32f4xx_hal_rtc.c ****     else
1042:Drivers/STM32F4xx_HAL_Driver/Src/stm32f4xx_hal_rtc.c ****     {
1043:Drivers/STM32F4xx_HAL_Driver/Src/stm32f4xx_hal_rtc.c ****       sAlarm->AlarmTime.TimeFormat = 0x00U;
1044:Drivers/STM32F4xx_HAL_Driver/Src/stm32f4xx_hal_rtc.c ****       assert_param(IS_RTC_HOUR24(sAlarm->AlarmTime.Hours));
1045:Drivers/STM32F4xx_HAL_Driver/Src/stm32f4xx_hal_rtc.c ****     }
1046:Drivers/STM32F4xx_HAL_Driver/Src/stm32f4xx_hal_rtc.c ****     assert_param(IS_RTC_MINUTES(sAlarm->AlarmTime.Minutes));
1047:Drivers/STM32F4xx_HAL_Driver/Src/stm32f4xx_hal_rtc.c ****     assert_param(IS_RTC_SECONDS(sAlarm->AlarmTime.Seconds));
1048:Drivers/STM32F4xx_HAL_Driver/Src/stm32f4xx_hal_rtc.c **** 
1049:Drivers/STM32F4xx_HAL_Driver/Src/stm32f4xx_hal_rtc.c ****     if (sAlarm->AlarmDateWeekDaySel == RTC_ALARMDATEWEEKDAYSEL_DATE)
1050:Drivers/STM32F4xx_HAL_Driver/Src/stm32f4xx_hal_rtc.c ****     {
1051:Drivers/STM32F4xx_HAL_Driver/Src/stm32f4xx_hal_rtc.c ****       assert_param(IS_RTC_ALARM_DATE_WEEKDAY_DATE(sAlarm->AlarmDateWeekDay));
1052:Drivers/STM32F4xx_HAL_Driver/Src/stm32f4xx_hal_rtc.c ****     }
1053:Drivers/STM32F4xx_HAL_Driver/Src/stm32f4xx_hal_rtc.c ****     else
1054:Drivers/STM32F4xx_HAL_Driver/Src/stm32f4xx_hal_rtc.c ****     {
1055:Drivers/STM32F4xx_HAL_Driver/Src/stm32f4xx_hal_rtc.c ****       assert_param(IS_RTC_ALARM_DATE_WEEKDAY_WEEKDAY(sAlarm->AlarmDateWeekDay));
1056:Drivers/STM32F4xx_HAL_Driver/Src/stm32f4xx_hal_rtc.c ****     }
1057:Drivers/STM32F4xx_HAL_Driver/Src/stm32f4xx_hal_rtc.c **** 
1058:Drivers/STM32F4xx_HAL_Driver/Src/stm32f4xx_hal_rtc.c ****     tmpreg = (((uint32_t)RTC_ByteToBcd2(sAlarm->AlarmTime.Hours)   << RTC_ALRMAR_HU_Pos)  | \
1059:Drivers/STM32F4xx_HAL_Driver/Src/stm32f4xx_hal_rtc.c ****               ((uint32_t)RTC_ByteToBcd2(sAlarm->AlarmTime.Minutes) << RTC_ALRMAR_MNU_Pos) | \
1060:Drivers/STM32F4xx_HAL_Driver/Src/stm32f4xx_hal_rtc.c ****               ((uint32_t)RTC_ByteToBcd2(sAlarm->AlarmTime.Seconds))                       | \
1061:Drivers/STM32F4xx_HAL_Driver/Src/stm32f4xx_hal_rtc.c ****               ((uint32_t)(sAlarm->AlarmTime.TimeFormat)            << RTC_ALRMAR_PM_Pos)  | \
1062:Drivers/STM32F4xx_HAL_Driver/Src/stm32f4xx_hal_rtc.c ****               ((uint32_t)RTC_ByteToBcd2(sAlarm->AlarmDateWeekDay)  << RTC_ALRMAR_DU_Pos)  | \
1063:Drivers/STM32F4xx_HAL_Driver/Src/stm32f4xx_hal_rtc.c ****               ((uint32_t)sAlarm->AlarmDateWeekDaySel)                                     | \
1064:Drivers/STM32F4xx_HAL_Driver/Src/stm32f4xx_hal_rtc.c ****               ((uint32_t)sAlarm->AlarmMask));
1065:Drivers/STM32F4xx_HAL_Driver/Src/stm32f4xx_hal_rtc.c ****   }
1066:Drivers/STM32F4xx_HAL_Driver/Src/stm32f4xx_hal_rtc.c ****   else
1067:Drivers/STM32F4xx_HAL_Driver/Src/stm32f4xx_hal_rtc.c ****   {
1068:Drivers/STM32F4xx_HAL_Driver/Src/stm32f4xx_hal_rtc.c ****     if ((hrtc->Instance->CR & RTC_CR_FMT) != 0U)
1069:Drivers/STM32F4xx_HAL_Driver/Src/stm32f4xx_hal_rtc.c ****     {
1070:Drivers/STM32F4xx_HAL_Driver/Src/stm32f4xx_hal_rtc.c ****       assert_param(IS_RTC_HOUR12(RTC_Bcd2ToByte(sAlarm->AlarmTime.Hours)));
1071:Drivers/STM32F4xx_HAL_Driver/Src/stm32f4xx_hal_rtc.c ****       assert_param(IS_RTC_HOURFORMAT12(sAlarm->AlarmTime.TimeFormat));
1072:Drivers/STM32F4xx_HAL_Driver/Src/stm32f4xx_hal_rtc.c ****     }
1073:Drivers/STM32F4xx_HAL_Driver/Src/stm32f4xx_hal_rtc.c ****     else
1074:Drivers/STM32F4xx_HAL_Driver/Src/stm32f4xx_hal_rtc.c ****     {
ARM GAS  C:\Users\40918\AppData\Local\Temp\cc17lxaj.s 			page 21


1075:Drivers/STM32F4xx_HAL_Driver/Src/stm32f4xx_hal_rtc.c ****       sAlarm->AlarmTime.TimeFormat = 0x00U;
1076:Drivers/STM32F4xx_HAL_Driver/Src/stm32f4xx_hal_rtc.c ****       assert_param(IS_RTC_HOUR24(RTC_Bcd2ToByte(sAlarm->AlarmTime.Hours)));
1077:Drivers/STM32F4xx_HAL_Driver/Src/stm32f4xx_hal_rtc.c ****     }
1078:Drivers/STM32F4xx_HAL_Driver/Src/stm32f4xx_hal_rtc.c **** 
1079:Drivers/STM32F4xx_HAL_Driver/Src/stm32f4xx_hal_rtc.c ****     assert_param(IS_RTC_MINUTES(RTC_Bcd2ToByte(sAlarm->AlarmTime.Minutes)));
1080:Drivers/STM32F4xx_HAL_Driver/Src/stm32f4xx_hal_rtc.c ****     assert_param(IS_RTC_SECONDS(RTC_Bcd2ToByte(sAlarm->AlarmTime.Seconds)));
1081:Drivers/STM32F4xx_HAL_Driver/Src/stm32f4xx_hal_rtc.c **** 
1082:Drivers/STM32F4xx_HAL_Driver/Src/stm32f4xx_hal_rtc.c ****     if (sAlarm->AlarmDateWeekDaySel == RTC_ALARMDATEWEEKDAYSEL_DATE)
1083:Drivers/STM32F4xx_HAL_Driver/Src/stm32f4xx_hal_rtc.c ****     {
1084:Drivers/STM32F4xx_HAL_Driver/Src/stm32f4xx_hal_rtc.c ****       assert_param(IS_RTC_ALARM_DATE_WEEKDAY_DATE(RTC_Bcd2ToByte(sAlarm->AlarmDateWeekDay)));
1085:Drivers/STM32F4xx_HAL_Driver/Src/stm32f4xx_hal_rtc.c ****     }
1086:Drivers/STM32F4xx_HAL_Driver/Src/stm32f4xx_hal_rtc.c ****     else
1087:Drivers/STM32F4xx_HAL_Driver/Src/stm32f4xx_hal_rtc.c ****     {
1088:Drivers/STM32F4xx_HAL_Driver/Src/stm32f4xx_hal_rtc.c ****       assert_param(IS_RTC_ALARM_DATE_WEEKDAY_WEEKDAY(RTC_Bcd2ToByte(sAlarm->AlarmDateWeekDay)));
1089:Drivers/STM32F4xx_HAL_Driver/Src/stm32f4xx_hal_rtc.c ****     }
1090:Drivers/STM32F4xx_HAL_Driver/Src/stm32f4xx_hal_rtc.c **** 
1091:Drivers/STM32F4xx_HAL_Driver/Src/stm32f4xx_hal_rtc.c ****     tmpreg = (((uint32_t)(sAlarm->AlarmTime.Hours)      << RTC_ALRMAR_HU_Pos)  | \
1092:Drivers/STM32F4xx_HAL_Driver/Src/stm32f4xx_hal_rtc.c ****               ((uint32_t)(sAlarm->AlarmTime.Minutes)    << RTC_ALRMAR_MNU_Pos) | \
1093:Drivers/STM32F4xx_HAL_Driver/Src/stm32f4xx_hal_rtc.c ****               ((uint32_t) sAlarm->AlarmTime.Seconds)                           | \
1094:Drivers/STM32F4xx_HAL_Driver/Src/stm32f4xx_hal_rtc.c ****               ((uint32_t)(sAlarm->AlarmTime.TimeFormat) << RTC_ALRMAR_PM_Pos)  | \
1095:Drivers/STM32F4xx_HAL_Driver/Src/stm32f4xx_hal_rtc.c ****               ((uint32_t)(sAlarm->AlarmDateWeekDay)     << RTC_ALRMAR_DU_Pos)  | \
1096:Drivers/STM32F4xx_HAL_Driver/Src/stm32f4xx_hal_rtc.c ****               ((uint32_t) sAlarm->AlarmDateWeekDaySel)                         | \
1097:Drivers/STM32F4xx_HAL_Driver/Src/stm32f4xx_hal_rtc.c ****               ((uint32_t) sAlarm->AlarmMask));
1098:Drivers/STM32F4xx_HAL_Driver/Src/stm32f4xx_hal_rtc.c ****   }
1099:Drivers/STM32F4xx_HAL_Driver/Src/stm32f4xx_hal_rtc.c **** 
1100:Drivers/STM32F4xx_HAL_Driver/Src/stm32f4xx_hal_rtc.c ****   /* Store the Alarm subseconds configuration */
1101:Drivers/STM32F4xx_HAL_Driver/Src/stm32f4xx_hal_rtc.c ****   subsecondtmpreg = (uint32_t)((uint32_t)(sAlarm->AlarmTime.SubSeconds) | \
1102:Drivers/STM32F4xx_HAL_Driver/Src/stm32f4xx_hal_rtc.c ****                                (uint32_t)(sAlarm->AlarmSubSecondMask));
1103:Drivers/STM32F4xx_HAL_Driver/Src/stm32f4xx_hal_rtc.c **** 
1104:Drivers/STM32F4xx_HAL_Driver/Src/stm32f4xx_hal_rtc.c ****   /* Disable the write protection for RTC registers */
1105:Drivers/STM32F4xx_HAL_Driver/Src/stm32f4xx_hal_rtc.c ****   __HAL_RTC_WRITEPROTECTION_DISABLE(hrtc);
1106:Drivers/STM32F4xx_HAL_Driver/Src/stm32f4xx_hal_rtc.c **** 
1107:Drivers/STM32F4xx_HAL_Driver/Src/stm32f4xx_hal_rtc.c ****   if (sAlarm->Alarm == RTC_ALARM_A)
1108:Drivers/STM32F4xx_HAL_Driver/Src/stm32f4xx_hal_rtc.c ****   {
1109:Drivers/STM32F4xx_HAL_Driver/Src/stm32f4xx_hal_rtc.c ****     /* Disable Alarm A */
1110:Drivers/STM32F4xx_HAL_Driver/Src/stm32f4xx_hal_rtc.c ****     __HAL_RTC_ALARMA_DISABLE(hrtc);
1111:Drivers/STM32F4xx_HAL_Driver/Src/stm32f4xx_hal_rtc.c **** 
1112:Drivers/STM32F4xx_HAL_Driver/Src/stm32f4xx_hal_rtc.c ****     /* In case interrupt mode is used, the interrupt source must be disabled */
1113:Drivers/STM32F4xx_HAL_Driver/Src/stm32f4xx_hal_rtc.c ****     __HAL_RTC_ALARM_DISABLE_IT(hrtc, RTC_IT_ALRA);
1114:Drivers/STM32F4xx_HAL_Driver/Src/stm32f4xx_hal_rtc.c **** 
1115:Drivers/STM32F4xx_HAL_Driver/Src/stm32f4xx_hal_rtc.c ****     /* Clear Alarm A flag */
1116:Drivers/STM32F4xx_HAL_Driver/Src/stm32f4xx_hal_rtc.c ****     __HAL_RTC_ALARM_CLEAR_FLAG(hrtc, RTC_FLAG_ALRAF);
1117:Drivers/STM32F4xx_HAL_Driver/Src/stm32f4xx_hal_rtc.c **** 
1118:Drivers/STM32F4xx_HAL_Driver/Src/stm32f4xx_hal_rtc.c ****     /* Get tick */
1119:Drivers/STM32F4xx_HAL_Driver/Src/stm32f4xx_hal_rtc.c ****     tickstart = HAL_GetTick();
1120:Drivers/STM32F4xx_HAL_Driver/Src/stm32f4xx_hal_rtc.c **** 
1121:Drivers/STM32F4xx_HAL_Driver/Src/stm32f4xx_hal_rtc.c ****     /* Wait till RTC ALRAWF flag is set and if timeout is reached exit */
1122:Drivers/STM32F4xx_HAL_Driver/Src/stm32f4xx_hal_rtc.c ****     while (__HAL_RTC_ALARM_GET_FLAG(hrtc, RTC_FLAG_ALRAWF) == 0U)
1123:Drivers/STM32F4xx_HAL_Driver/Src/stm32f4xx_hal_rtc.c ****     {
1124:Drivers/STM32F4xx_HAL_Driver/Src/stm32f4xx_hal_rtc.c ****       if ((HAL_GetTick() - tickstart) > RTC_TIMEOUT_VALUE)
1125:Drivers/STM32F4xx_HAL_Driver/Src/stm32f4xx_hal_rtc.c ****       {
1126:Drivers/STM32F4xx_HAL_Driver/Src/stm32f4xx_hal_rtc.c ****         /* Enable the write protection for RTC registers */
1127:Drivers/STM32F4xx_HAL_Driver/Src/stm32f4xx_hal_rtc.c ****         __HAL_RTC_WRITEPROTECTION_ENABLE(hrtc);
1128:Drivers/STM32F4xx_HAL_Driver/Src/stm32f4xx_hal_rtc.c **** 
1129:Drivers/STM32F4xx_HAL_Driver/Src/stm32f4xx_hal_rtc.c ****         hrtc->State = HAL_RTC_STATE_TIMEOUT;
1130:Drivers/STM32F4xx_HAL_Driver/Src/stm32f4xx_hal_rtc.c **** 
1131:Drivers/STM32F4xx_HAL_Driver/Src/stm32f4xx_hal_rtc.c ****         /* Process Unlocked */
ARM GAS  C:\Users\40918\AppData\Local\Temp\cc17lxaj.s 			page 22


1132:Drivers/STM32F4xx_HAL_Driver/Src/stm32f4xx_hal_rtc.c ****         __HAL_UNLOCK(hrtc);
1133:Drivers/STM32F4xx_HAL_Driver/Src/stm32f4xx_hal_rtc.c **** 
1134:Drivers/STM32F4xx_HAL_Driver/Src/stm32f4xx_hal_rtc.c ****         return HAL_TIMEOUT;
1135:Drivers/STM32F4xx_HAL_Driver/Src/stm32f4xx_hal_rtc.c ****       }
1136:Drivers/STM32F4xx_HAL_Driver/Src/stm32f4xx_hal_rtc.c ****     }
1137:Drivers/STM32F4xx_HAL_Driver/Src/stm32f4xx_hal_rtc.c **** 
1138:Drivers/STM32F4xx_HAL_Driver/Src/stm32f4xx_hal_rtc.c ****     /* Configure Alarm A register */
1139:Drivers/STM32F4xx_HAL_Driver/Src/stm32f4xx_hal_rtc.c ****     hrtc->Instance->ALRMAR = (uint32_t)tmpreg;
1140:Drivers/STM32F4xx_HAL_Driver/Src/stm32f4xx_hal_rtc.c ****     /* Configure Alarm A Subseconds register */
1141:Drivers/STM32F4xx_HAL_Driver/Src/stm32f4xx_hal_rtc.c ****     hrtc->Instance->ALRMASSR = subsecondtmpreg;
1142:Drivers/STM32F4xx_HAL_Driver/Src/stm32f4xx_hal_rtc.c ****     /* Enable Alarm A */
1143:Drivers/STM32F4xx_HAL_Driver/Src/stm32f4xx_hal_rtc.c ****     __HAL_RTC_ALARMA_ENABLE(hrtc);
1144:Drivers/STM32F4xx_HAL_Driver/Src/stm32f4xx_hal_rtc.c ****   }
1145:Drivers/STM32F4xx_HAL_Driver/Src/stm32f4xx_hal_rtc.c ****   else
1146:Drivers/STM32F4xx_HAL_Driver/Src/stm32f4xx_hal_rtc.c ****   {
1147:Drivers/STM32F4xx_HAL_Driver/Src/stm32f4xx_hal_rtc.c ****     /* Disable Alarm B */
1148:Drivers/STM32F4xx_HAL_Driver/Src/stm32f4xx_hal_rtc.c ****     __HAL_RTC_ALARMB_DISABLE(hrtc);
1149:Drivers/STM32F4xx_HAL_Driver/Src/stm32f4xx_hal_rtc.c **** 
1150:Drivers/STM32F4xx_HAL_Driver/Src/stm32f4xx_hal_rtc.c ****     /* In case interrupt mode is used, the interrupt source must be disabled */
1151:Drivers/STM32F4xx_HAL_Driver/Src/stm32f4xx_hal_rtc.c ****     __HAL_RTC_ALARM_DISABLE_IT(hrtc, RTC_IT_ALRB);
1152:Drivers/STM32F4xx_HAL_Driver/Src/stm32f4xx_hal_rtc.c **** 
1153:Drivers/STM32F4xx_HAL_Driver/Src/stm32f4xx_hal_rtc.c ****     /* Clear Alarm B flag */
1154:Drivers/STM32F4xx_HAL_Driver/Src/stm32f4xx_hal_rtc.c ****     __HAL_RTC_ALARM_CLEAR_FLAG(hrtc, RTC_FLAG_ALRBF);
1155:Drivers/STM32F4xx_HAL_Driver/Src/stm32f4xx_hal_rtc.c **** 
1156:Drivers/STM32F4xx_HAL_Driver/Src/stm32f4xx_hal_rtc.c ****     /* Get tick */
1157:Drivers/STM32F4xx_HAL_Driver/Src/stm32f4xx_hal_rtc.c ****     tickstart = HAL_GetTick();
1158:Drivers/STM32F4xx_HAL_Driver/Src/stm32f4xx_hal_rtc.c **** 
1159:Drivers/STM32F4xx_HAL_Driver/Src/stm32f4xx_hal_rtc.c ****     /* Wait till RTC ALRBWF flag is set and if timeout is reached exit */
1160:Drivers/STM32F4xx_HAL_Driver/Src/stm32f4xx_hal_rtc.c ****     while (__HAL_RTC_ALARM_GET_FLAG(hrtc, RTC_FLAG_ALRBWF) == 0U)
1161:Drivers/STM32F4xx_HAL_Driver/Src/stm32f4xx_hal_rtc.c ****     {
1162:Drivers/STM32F4xx_HAL_Driver/Src/stm32f4xx_hal_rtc.c ****       if ((HAL_GetTick() - tickstart) > RTC_TIMEOUT_VALUE)
1163:Drivers/STM32F4xx_HAL_Driver/Src/stm32f4xx_hal_rtc.c ****       {
1164:Drivers/STM32F4xx_HAL_Driver/Src/stm32f4xx_hal_rtc.c ****         /* Enable the write protection for RTC registers */
1165:Drivers/STM32F4xx_HAL_Driver/Src/stm32f4xx_hal_rtc.c ****         __HAL_RTC_WRITEPROTECTION_ENABLE(hrtc);
1166:Drivers/STM32F4xx_HAL_Driver/Src/stm32f4xx_hal_rtc.c **** 
1167:Drivers/STM32F4xx_HAL_Driver/Src/stm32f4xx_hal_rtc.c ****         hrtc->State = HAL_RTC_STATE_TIMEOUT;
1168:Drivers/STM32F4xx_HAL_Driver/Src/stm32f4xx_hal_rtc.c **** 
1169:Drivers/STM32F4xx_HAL_Driver/Src/stm32f4xx_hal_rtc.c ****         /* Process Unlocked */
1170:Drivers/STM32F4xx_HAL_Driver/Src/stm32f4xx_hal_rtc.c ****         __HAL_UNLOCK(hrtc);
1171:Drivers/STM32F4xx_HAL_Driver/Src/stm32f4xx_hal_rtc.c **** 
1172:Drivers/STM32F4xx_HAL_Driver/Src/stm32f4xx_hal_rtc.c ****         return HAL_TIMEOUT;
1173:Drivers/STM32F4xx_HAL_Driver/Src/stm32f4xx_hal_rtc.c ****       }
1174:Drivers/STM32F4xx_HAL_Driver/Src/stm32f4xx_hal_rtc.c ****     }
1175:Drivers/STM32F4xx_HAL_Driver/Src/stm32f4xx_hal_rtc.c **** 
1176:Drivers/STM32F4xx_HAL_Driver/Src/stm32f4xx_hal_rtc.c ****     /* Configure Alarm B register */
1177:Drivers/STM32F4xx_HAL_Driver/Src/stm32f4xx_hal_rtc.c ****     hrtc->Instance->ALRMBR = (uint32_t)tmpreg;
1178:Drivers/STM32F4xx_HAL_Driver/Src/stm32f4xx_hal_rtc.c ****     /* Configure Alarm B Subseconds register */
1179:Drivers/STM32F4xx_HAL_Driver/Src/stm32f4xx_hal_rtc.c ****     hrtc->Instance->ALRMBSSR = subsecondtmpreg;
1180:Drivers/STM32F4xx_HAL_Driver/Src/stm32f4xx_hal_rtc.c ****     /* Enable Alarm B */
1181:Drivers/STM32F4xx_HAL_Driver/Src/stm32f4xx_hal_rtc.c ****     __HAL_RTC_ALARMB_ENABLE(hrtc);
1182:Drivers/STM32F4xx_HAL_Driver/Src/stm32f4xx_hal_rtc.c ****   }
1183:Drivers/STM32F4xx_HAL_Driver/Src/stm32f4xx_hal_rtc.c **** 
1184:Drivers/STM32F4xx_HAL_Driver/Src/stm32f4xx_hal_rtc.c ****   /* Enable the write protection for RTC registers */
1185:Drivers/STM32F4xx_HAL_Driver/Src/stm32f4xx_hal_rtc.c ****   __HAL_RTC_WRITEPROTECTION_ENABLE(hrtc);
1186:Drivers/STM32F4xx_HAL_Driver/Src/stm32f4xx_hal_rtc.c **** 
1187:Drivers/STM32F4xx_HAL_Driver/Src/stm32f4xx_hal_rtc.c ****   /* Change RTC state back to READY */
1188:Drivers/STM32F4xx_HAL_Driver/Src/stm32f4xx_hal_rtc.c ****   hrtc->State = HAL_RTC_STATE_READY;
ARM GAS  C:\Users\40918\AppData\Local\Temp\cc17lxaj.s 			page 23


1189:Drivers/STM32F4xx_HAL_Driver/Src/stm32f4xx_hal_rtc.c **** 
1190:Drivers/STM32F4xx_HAL_Driver/Src/stm32f4xx_hal_rtc.c ****   /* Process Unlocked */
1191:Drivers/STM32F4xx_HAL_Driver/Src/stm32f4xx_hal_rtc.c ****   __HAL_UNLOCK(hrtc);
1192:Drivers/STM32F4xx_HAL_Driver/Src/stm32f4xx_hal_rtc.c **** 
1193:Drivers/STM32F4xx_HAL_Driver/Src/stm32f4xx_hal_rtc.c ****   return HAL_OK;
1194:Drivers/STM32F4xx_HAL_Driver/Src/stm32f4xx_hal_rtc.c **** }
1195:Drivers/STM32F4xx_HAL_Driver/Src/stm32f4xx_hal_rtc.c **** 
1196:Drivers/STM32F4xx_HAL_Driver/Src/stm32f4xx_hal_rtc.c **** /**
1197:Drivers/STM32F4xx_HAL_Driver/Src/stm32f4xx_hal_rtc.c ****   * @brief  Sets the specified RTC Alarm with Interrupt.
1198:Drivers/STM32F4xx_HAL_Driver/Src/stm32f4xx_hal_rtc.c ****   * @param  hrtc pointer to a RTC_HandleTypeDef structure that contains
1199:Drivers/STM32F4xx_HAL_Driver/Src/stm32f4xx_hal_rtc.c ****   *                the configuration information for RTC.
1200:Drivers/STM32F4xx_HAL_Driver/Src/stm32f4xx_hal_rtc.c ****   * @param  sAlarm Pointer to Alarm structure
1201:Drivers/STM32F4xx_HAL_Driver/Src/stm32f4xx_hal_rtc.c ****   * @param  Format Specifies the format of the entered parameters.
1202:Drivers/STM32F4xx_HAL_Driver/Src/stm32f4xx_hal_rtc.c ****   *          This parameter can be one of the following values:
1203:Drivers/STM32F4xx_HAL_Driver/Src/stm32f4xx_hal_rtc.c ****   *             @arg RTC_FORMAT_BIN: Binary data format
1204:Drivers/STM32F4xx_HAL_Driver/Src/stm32f4xx_hal_rtc.c ****   *             @arg RTC_FORMAT_BCD: BCD data format
1205:Drivers/STM32F4xx_HAL_Driver/Src/stm32f4xx_hal_rtc.c ****   * @note   The Alarm register can only be written when the corresponding Alarm
1206:Drivers/STM32F4xx_HAL_Driver/Src/stm32f4xx_hal_rtc.c ****   *         is disabled (Use the HAL_RTC_DeactivateAlarm()).
1207:Drivers/STM32F4xx_HAL_Driver/Src/stm32f4xx_hal_rtc.c ****   * @note   The HAL_RTC_SetTime() must be called before enabling the Alarm feature.
1208:Drivers/STM32F4xx_HAL_Driver/Src/stm32f4xx_hal_rtc.c ****   * @retval HAL status
1209:Drivers/STM32F4xx_HAL_Driver/Src/stm32f4xx_hal_rtc.c ****   */
1210:Drivers/STM32F4xx_HAL_Driver/Src/stm32f4xx_hal_rtc.c **** HAL_StatusTypeDef HAL_RTC_SetAlarm_IT(RTC_HandleTypeDef *hrtc, RTC_AlarmTypeDef *sAlarm, uint32_t F
1211:Drivers/STM32F4xx_HAL_Driver/Src/stm32f4xx_hal_rtc.c **** {
1212:Drivers/STM32F4xx_HAL_Driver/Src/stm32f4xx_hal_rtc.c ****   __IO uint32_t count  = RTC_TIMEOUT_VALUE * (SystemCoreClock / 32U / 1000U);
1213:Drivers/STM32F4xx_HAL_Driver/Src/stm32f4xx_hal_rtc.c ****        uint32_t tmpreg = 0U;
1214:Drivers/STM32F4xx_HAL_Driver/Src/stm32f4xx_hal_rtc.c ****        uint32_t subsecondtmpreg = 0U;
1215:Drivers/STM32F4xx_HAL_Driver/Src/stm32f4xx_hal_rtc.c **** 
1216:Drivers/STM32F4xx_HAL_Driver/Src/stm32f4xx_hal_rtc.c ****   /* Check the parameters */
1217:Drivers/STM32F4xx_HAL_Driver/Src/stm32f4xx_hal_rtc.c ****   assert_param(IS_RTC_FORMAT(Format));
1218:Drivers/STM32F4xx_HAL_Driver/Src/stm32f4xx_hal_rtc.c ****   assert_param(IS_RTC_ALARM(sAlarm->Alarm));
1219:Drivers/STM32F4xx_HAL_Driver/Src/stm32f4xx_hal_rtc.c ****   assert_param(IS_RTC_ALARM_MASK(sAlarm->AlarmMask));
1220:Drivers/STM32F4xx_HAL_Driver/Src/stm32f4xx_hal_rtc.c ****   assert_param(IS_RTC_ALARM_DATE_WEEKDAY_SEL(sAlarm->AlarmDateWeekDaySel));
1221:Drivers/STM32F4xx_HAL_Driver/Src/stm32f4xx_hal_rtc.c ****   assert_param(IS_RTC_ALARM_SUB_SECOND_VALUE(sAlarm->AlarmTime.SubSeconds));
1222:Drivers/STM32F4xx_HAL_Driver/Src/stm32f4xx_hal_rtc.c ****   assert_param(IS_RTC_ALARM_SUB_SECOND_MASK(sAlarm->AlarmSubSecondMask));
1223:Drivers/STM32F4xx_HAL_Driver/Src/stm32f4xx_hal_rtc.c **** 
1224:Drivers/STM32F4xx_HAL_Driver/Src/stm32f4xx_hal_rtc.c ****   /* Process Locked */
1225:Drivers/STM32F4xx_HAL_Driver/Src/stm32f4xx_hal_rtc.c ****   __HAL_LOCK(hrtc);
1226:Drivers/STM32F4xx_HAL_Driver/Src/stm32f4xx_hal_rtc.c **** 
1227:Drivers/STM32F4xx_HAL_Driver/Src/stm32f4xx_hal_rtc.c ****   /* Change RTC state to BUSY */
1228:Drivers/STM32F4xx_HAL_Driver/Src/stm32f4xx_hal_rtc.c ****   hrtc->State = HAL_RTC_STATE_BUSY;
1229:Drivers/STM32F4xx_HAL_Driver/Src/stm32f4xx_hal_rtc.c **** 
1230:Drivers/STM32F4xx_HAL_Driver/Src/stm32f4xx_hal_rtc.c ****   /* Check the data format (binary or BCD) and store the Alarm time and date
1231:Drivers/STM32F4xx_HAL_Driver/Src/stm32f4xx_hal_rtc.c ****      configuration accordingly */
1232:Drivers/STM32F4xx_HAL_Driver/Src/stm32f4xx_hal_rtc.c ****   if (Format == RTC_FORMAT_BIN)
1233:Drivers/STM32F4xx_HAL_Driver/Src/stm32f4xx_hal_rtc.c ****   {
1234:Drivers/STM32F4xx_HAL_Driver/Src/stm32f4xx_hal_rtc.c ****     if ((hrtc->Instance->CR & RTC_CR_FMT) != 0U)
1235:Drivers/STM32F4xx_HAL_Driver/Src/stm32f4xx_hal_rtc.c ****     {
1236:Drivers/STM32F4xx_HAL_Driver/Src/stm32f4xx_hal_rtc.c ****       assert_param(IS_RTC_HOUR12(sAlarm->AlarmTime.Hours));
1237:Drivers/STM32F4xx_HAL_Driver/Src/stm32f4xx_hal_rtc.c ****       assert_param(IS_RTC_HOURFORMAT12(sAlarm->AlarmTime.TimeFormat));
1238:Drivers/STM32F4xx_HAL_Driver/Src/stm32f4xx_hal_rtc.c ****     }
1239:Drivers/STM32F4xx_HAL_Driver/Src/stm32f4xx_hal_rtc.c ****     else
1240:Drivers/STM32F4xx_HAL_Driver/Src/stm32f4xx_hal_rtc.c ****     {
1241:Drivers/STM32F4xx_HAL_Driver/Src/stm32f4xx_hal_rtc.c ****       sAlarm->AlarmTime.TimeFormat = 0x00U;
1242:Drivers/STM32F4xx_HAL_Driver/Src/stm32f4xx_hal_rtc.c ****       assert_param(IS_RTC_HOUR24(sAlarm->AlarmTime.Hours));
1243:Drivers/STM32F4xx_HAL_Driver/Src/stm32f4xx_hal_rtc.c ****     }
1244:Drivers/STM32F4xx_HAL_Driver/Src/stm32f4xx_hal_rtc.c ****     assert_param(IS_RTC_MINUTES(sAlarm->AlarmTime.Minutes));
1245:Drivers/STM32F4xx_HAL_Driver/Src/stm32f4xx_hal_rtc.c ****     assert_param(IS_RTC_SECONDS(sAlarm->AlarmTime.Seconds));
ARM GAS  C:\Users\40918\AppData\Local\Temp\cc17lxaj.s 			page 24


1246:Drivers/STM32F4xx_HAL_Driver/Src/stm32f4xx_hal_rtc.c **** 
1247:Drivers/STM32F4xx_HAL_Driver/Src/stm32f4xx_hal_rtc.c ****     if (sAlarm->AlarmDateWeekDaySel == RTC_ALARMDATEWEEKDAYSEL_DATE)
1248:Drivers/STM32F4xx_HAL_Driver/Src/stm32f4xx_hal_rtc.c ****     {
1249:Drivers/STM32F4xx_HAL_Driver/Src/stm32f4xx_hal_rtc.c ****       assert_param(IS_RTC_ALARM_DATE_WEEKDAY_DATE(sAlarm->AlarmDateWeekDay));
1250:Drivers/STM32F4xx_HAL_Driver/Src/stm32f4xx_hal_rtc.c ****     }
1251:Drivers/STM32F4xx_HAL_Driver/Src/stm32f4xx_hal_rtc.c ****     else
1252:Drivers/STM32F4xx_HAL_Driver/Src/stm32f4xx_hal_rtc.c ****     {
1253:Drivers/STM32F4xx_HAL_Driver/Src/stm32f4xx_hal_rtc.c ****       assert_param(IS_RTC_ALARM_DATE_WEEKDAY_WEEKDAY(sAlarm->AlarmDateWeekDay));
1254:Drivers/STM32F4xx_HAL_Driver/Src/stm32f4xx_hal_rtc.c ****     }
1255:Drivers/STM32F4xx_HAL_Driver/Src/stm32f4xx_hal_rtc.c **** 
1256:Drivers/STM32F4xx_HAL_Driver/Src/stm32f4xx_hal_rtc.c ****     tmpreg = (((uint32_t)RTC_ByteToBcd2(sAlarm->AlarmTime.Hours)   << RTC_ALRMAR_HU_Pos)  | \
1257:Drivers/STM32F4xx_HAL_Driver/Src/stm32f4xx_hal_rtc.c ****               ((uint32_t)RTC_ByteToBcd2(sAlarm->AlarmTime.Minutes) << RTC_ALRMAR_MNU_Pos) | \
1258:Drivers/STM32F4xx_HAL_Driver/Src/stm32f4xx_hal_rtc.c ****               ((uint32_t)RTC_ByteToBcd2(sAlarm->AlarmTime.Seconds))                       | \
1259:Drivers/STM32F4xx_HAL_Driver/Src/stm32f4xx_hal_rtc.c ****               ((uint32_t)(sAlarm->AlarmTime.TimeFormat)            << RTC_ALRMAR_PM_Pos)  | \
1260:Drivers/STM32F4xx_HAL_Driver/Src/stm32f4xx_hal_rtc.c ****               ((uint32_t)RTC_ByteToBcd2(sAlarm->AlarmDateWeekDay)  << RTC_ALRMAR_DU_Pos)  | \
1261:Drivers/STM32F4xx_HAL_Driver/Src/stm32f4xx_hal_rtc.c ****               ((uint32_t)sAlarm->AlarmDateWeekDaySel)                                     | \
1262:Drivers/STM32F4xx_HAL_Driver/Src/stm32f4xx_hal_rtc.c ****               ((uint32_t)sAlarm->AlarmMask));
1263:Drivers/STM32F4xx_HAL_Driver/Src/stm32f4xx_hal_rtc.c ****   }
1264:Drivers/STM32F4xx_HAL_Driver/Src/stm32f4xx_hal_rtc.c ****   else
1265:Drivers/STM32F4xx_HAL_Driver/Src/stm32f4xx_hal_rtc.c ****   {
1266:Drivers/STM32F4xx_HAL_Driver/Src/stm32f4xx_hal_rtc.c ****     if ((hrtc->Instance->CR & RTC_CR_FMT) != 0U)
1267:Drivers/STM32F4xx_HAL_Driver/Src/stm32f4xx_hal_rtc.c ****     {
1268:Drivers/STM32F4xx_HAL_Driver/Src/stm32f4xx_hal_rtc.c ****       assert_param(IS_RTC_HOUR12(RTC_Bcd2ToByte(sAlarm->AlarmTime.Hours)));
1269:Drivers/STM32F4xx_HAL_Driver/Src/stm32f4xx_hal_rtc.c ****       assert_param(IS_RTC_HOURFORMAT12(sAlarm->AlarmTime.TimeFormat));
1270:Drivers/STM32F4xx_HAL_Driver/Src/stm32f4xx_hal_rtc.c ****     }
1271:Drivers/STM32F4xx_HAL_Driver/Src/stm32f4xx_hal_rtc.c ****     else
1272:Drivers/STM32F4xx_HAL_Driver/Src/stm32f4xx_hal_rtc.c ****     {
1273:Drivers/STM32F4xx_HAL_Driver/Src/stm32f4xx_hal_rtc.c ****       sAlarm->AlarmTime.TimeFormat = 0x00U;
1274:Drivers/STM32F4xx_HAL_Driver/Src/stm32f4xx_hal_rtc.c ****       assert_param(IS_RTC_HOUR24(RTC_Bcd2ToByte(sAlarm->AlarmTime.Hours)));
1275:Drivers/STM32F4xx_HAL_Driver/Src/stm32f4xx_hal_rtc.c ****     }
1276:Drivers/STM32F4xx_HAL_Driver/Src/stm32f4xx_hal_rtc.c **** 
1277:Drivers/STM32F4xx_HAL_Driver/Src/stm32f4xx_hal_rtc.c ****     assert_param(IS_RTC_MINUTES(RTC_Bcd2ToByte(sAlarm->AlarmTime.Minutes)));
1278:Drivers/STM32F4xx_HAL_Driver/Src/stm32f4xx_hal_rtc.c ****     assert_param(IS_RTC_SECONDS(RTC_Bcd2ToByte(sAlarm->AlarmTime.Seconds)));
1279:Drivers/STM32F4xx_HAL_Driver/Src/stm32f4xx_hal_rtc.c **** 
1280:Drivers/STM32F4xx_HAL_Driver/Src/stm32f4xx_hal_rtc.c ****     if (sAlarm->AlarmDateWeekDaySel == RTC_ALARMDATEWEEKDAYSEL_DATE)
1281:Drivers/STM32F4xx_HAL_Driver/Src/stm32f4xx_hal_rtc.c ****     {
1282:Drivers/STM32F4xx_HAL_Driver/Src/stm32f4xx_hal_rtc.c ****       assert_param(IS_RTC_ALARM_DATE_WEEKDAY_DATE(RTC_Bcd2ToByte(sAlarm->AlarmDateWeekDay)));
1283:Drivers/STM32F4xx_HAL_Driver/Src/stm32f4xx_hal_rtc.c ****     }
1284:Drivers/STM32F4xx_HAL_Driver/Src/stm32f4xx_hal_rtc.c ****     else
1285:Drivers/STM32F4xx_HAL_Driver/Src/stm32f4xx_hal_rtc.c ****     {
1286:Drivers/STM32F4xx_HAL_Driver/Src/stm32f4xx_hal_rtc.c ****       assert_param(IS_RTC_ALARM_DATE_WEEKDAY_WEEKDAY(RTC_Bcd2ToByte(sAlarm->AlarmDateWeekDay)));
1287:Drivers/STM32F4xx_HAL_Driver/Src/stm32f4xx_hal_rtc.c ****     }
1288:Drivers/STM32F4xx_HAL_Driver/Src/stm32f4xx_hal_rtc.c **** 
1289:Drivers/STM32F4xx_HAL_Driver/Src/stm32f4xx_hal_rtc.c ****     tmpreg = (((uint32_t)(sAlarm->AlarmTime.Hours)      << RTC_ALRMAR_HU_Pos)  | \
1290:Drivers/STM32F4xx_HAL_Driver/Src/stm32f4xx_hal_rtc.c ****               ((uint32_t)(sAlarm->AlarmTime.Minutes)    << RTC_ALRMAR_MNU_Pos) | \
1291:Drivers/STM32F4xx_HAL_Driver/Src/stm32f4xx_hal_rtc.c ****               ((uint32_t) sAlarm->AlarmTime.Seconds)                           | \
1292:Drivers/STM32F4xx_HAL_Driver/Src/stm32f4xx_hal_rtc.c ****               ((uint32_t)(sAlarm->AlarmTime.TimeFormat) << RTC_ALRMAR_PM_Pos)  | \
1293:Drivers/STM32F4xx_HAL_Driver/Src/stm32f4xx_hal_rtc.c ****               ((uint32_t)(sAlarm->AlarmDateWeekDay)     << RTC_ALRMAR_DU_Pos)  | \
1294:Drivers/STM32F4xx_HAL_Driver/Src/stm32f4xx_hal_rtc.c ****               ((uint32_t) sAlarm->AlarmDateWeekDaySel)                         | \
1295:Drivers/STM32F4xx_HAL_Driver/Src/stm32f4xx_hal_rtc.c ****               ((uint32_t) sAlarm->AlarmMask));
1296:Drivers/STM32F4xx_HAL_Driver/Src/stm32f4xx_hal_rtc.c ****   }
1297:Drivers/STM32F4xx_HAL_Driver/Src/stm32f4xx_hal_rtc.c **** 
1298:Drivers/STM32F4xx_HAL_Driver/Src/stm32f4xx_hal_rtc.c ****   /* Store the Alarm subseconds configuration */
1299:Drivers/STM32F4xx_HAL_Driver/Src/stm32f4xx_hal_rtc.c ****   subsecondtmpreg = (uint32_t)((uint32_t)(sAlarm->AlarmTime.SubSeconds) | \
1300:Drivers/STM32F4xx_HAL_Driver/Src/stm32f4xx_hal_rtc.c ****                                (uint32_t)(sAlarm->AlarmSubSecondMask));
1301:Drivers/STM32F4xx_HAL_Driver/Src/stm32f4xx_hal_rtc.c **** 
1302:Drivers/STM32F4xx_HAL_Driver/Src/stm32f4xx_hal_rtc.c ****   /* Disable the write protection for RTC registers */
ARM GAS  C:\Users\40918\AppData\Local\Temp\cc17lxaj.s 			page 25


1303:Drivers/STM32F4xx_HAL_Driver/Src/stm32f4xx_hal_rtc.c ****   __HAL_RTC_WRITEPROTECTION_DISABLE(hrtc);
1304:Drivers/STM32F4xx_HAL_Driver/Src/stm32f4xx_hal_rtc.c **** 
1305:Drivers/STM32F4xx_HAL_Driver/Src/stm32f4xx_hal_rtc.c ****   if (sAlarm->Alarm == RTC_ALARM_A)
1306:Drivers/STM32F4xx_HAL_Driver/Src/stm32f4xx_hal_rtc.c ****   {
1307:Drivers/STM32F4xx_HAL_Driver/Src/stm32f4xx_hal_rtc.c ****     /* Disable Alarm A */
1308:Drivers/STM32F4xx_HAL_Driver/Src/stm32f4xx_hal_rtc.c ****     __HAL_RTC_ALARMA_DISABLE(hrtc);
1309:Drivers/STM32F4xx_HAL_Driver/Src/stm32f4xx_hal_rtc.c **** 
1310:Drivers/STM32F4xx_HAL_Driver/Src/stm32f4xx_hal_rtc.c ****     /* Clear Alarm A flag */
1311:Drivers/STM32F4xx_HAL_Driver/Src/stm32f4xx_hal_rtc.c ****     __HAL_RTC_ALARM_CLEAR_FLAG(hrtc, RTC_FLAG_ALRAF);
1312:Drivers/STM32F4xx_HAL_Driver/Src/stm32f4xx_hal_rtc.c **** 
1313:Drivers/STM32F4xx_HAL_Driver/Src/stm32f4xx_hal_rtc.c ****     /* Wait till RTC ALRAWF flag is set and if timeout is reached exit */
1314:Drivers/STM32F4xx_HAL_Driver/Src/stm32f4xx_hal_rtc.c ****     do
1315:Drivers/STM32F4xx_HAL_Driver/Src/stm32f4xx_hal_rtc.c ****     {
1316:Drivers/STM32F4xx_HAL_Driver/Src/stm32f4xx_hal_rtc.c ****       count = count - 1U;
1317:Drivers/STM32F4xx_HAL_Driver/Src/stm32f4xx_hal_rtc.c ****       if (count == 0U)
1318:Drivers/STM32F4xx_HAL_Driver/Src/stm32f4xx_hal_rtc.c ****       {
1319:Drivers/STM32F4xx_HAL_Driver/Src/stm32f4xx_hal_rtc.c ****         /* Enable the write protection for RTC registers */
1320:Drivers/STM32F4xx_HAL_Driver/Src/stm32f4xx_hal_rtc.c ****         __HAL_RTC_WRITEPROTECTION_ENABLE(hrtc);
1321:Drivers/STM32F4xx_HAL_Driver/Src/stm32f4xx_hal_rtc.c **** 
1322:Drivers/STM32F4xx_HAL_Driver/Src/stm32f4xx_hal_rtc.c ****         hrtc->State = HAL_RTC_STATE_TIMEOUT;
1323:Drivers/STM32F4xx_HAL_Driver/Src/stm32f4xx_hal_rtc.c **** 
1324:Drivers/STM32F4xx_HAL_Driver/Src/stm32f4xx_hal_rtc.c ****         /* Process Unlocked */
1325:Drivers/STM32F4xx_HAL_Driver/Src/stm32f4xx_hal_rtc.c ****         __HAL_UNLOCK(hrtc);
1326:Drivers/STM32F4xx_HAL_Driver/Src/stm32f4xx_hal_rtc.c **** 
1327:Drivers/STM32F4xx_HAL_Driver/Src/stm32f4xx_hal_rtc.c ****         return HAL_TIMEOUT;
1328:Drivers/STM32F4xx_HAL_Driver/Src/stm32f4xx_hal_rtc.c ****       }
1329:Drivers/STM32F4xx_HAL_Driver/Src/stm32f4xx_hal_rtc.c ****     } while (__HAL_RTC_ALARM_GET_FLAG(hrtc, RTC_FLAG_ALRAWF) == 0U);
1330:Drivers/STM32F4xx_HAL_Driver/Src/stm32f4xx_hal_rtc.c **** 
1331:Drivers/STM32F4xx_HAL_Driver/Src/stm32f4xx_hal_rtc.c ****   /* Configure Alarm A register */
1332:Drivers/STM32F4xx_HAL_Driver/Src/stm32f4xx_hal_rtc.c ****     hrtc->Instance->ALRMAR = (uint32_t)tmpreg;
1333:Drivers/STM32F4xx_HAL_Driver/Src/stm32f4xx_hal_rtc.c ****     /* Configure Alarm A Subseconds register */
1334:Drivers/STM32F4xx_HAL_Driver/Src/stm32f4xx_hal_rtc.c ****     hrtc->Instance->ALRMASSR = subsecondtmpreg;
1335:Drivers/STM32F4xx_HAL_Driver/Src/stm32f4xx_hal_rtc.c ****     /* Enable Alarm A */
1336:Drivers/STM32F4xx_HAL_Driver/Src/stm32f4xx_hal_rtc.c ****     __HAL_RTC_ALARMA_ENABLE(hrtc);
1337:Drivers/STM32F4xx_HAL_Driver/Src/stm32f4xx_hal_rtc.c ****     /* Enable Alarm A interrupt */
1338:Drivers/STM32F4xx_HAL_Driver/Src/stm32f4xx_hal_rtc.c ****     __HAL_RTC_ALARM_ENABLE_IT(hrtc, RTC_IT_ALRA);
1339:Drivers/STM32F4xx_HAL_Driver/Src/stm32f4xx_hal_rtc.c ****   }
1340:Drivers/STM32F4xx_HAL_Driver/Src/stm32f4xx_hal_rtc.c ****   else
1341:Drivers/STM32F4xx_HAL_Driver/Src/stm32f4xx_hal_rtc.c ****   {
1342:Drivers/STM32F4xx_HAL_Driver/Src/stm32f4xx_hal_rtc.c ****     /* Disable Alarm B */
1343:Drivers/STM32F4xx_HAL_Driver/Src/stm32f4xx_hal_rtc.c ****     __HAL_RTC_ALARMB_DISABLE(hrtc);
1344:Drivers/STM32F4xx_HAL_Driver/Src/stm32f4xx_hal_rtc.c **** 
1345:Drivers/STM32F4xx_HAL_Driver/Src/stm32f4xx_hal_rtc.c ****     /* Clear Alarm B flag */
1346:Drivers/STM32F4xx_HAL_Driver/Src/stm32f4xx_hal_rtc.c ****     __HAL_RTC_ALARM_CLEAR_FLAG(hrtc, RTC_FLAG_ALRBF);
1347:Drivers/STM32F4xx_HAL_Driver/Src/stm32f4xx_hal_rtc.c **** 
1348:Drivers/STM32F4xx_HAL_Driver/Src/stm32f4xx_hal_rtc.c ****     /* Reload the counter */
1349:Drivers/STM32F4xx_HAL_Driver/Src/stm32f4xx_hal_rtc.c ****     count = RTC_TIMEOUT_VALUE * (SystemCoreClock / 32U / 1000U);
1350:Drivers/STM32F4xx_HAL_Driver/Src/stm32f4xx_hal_rtc.c **** 
1351:Drivers/STM32F4xx_HAL_Driver/Src/stm32f4xx_hal_rtc.c ****     /* Wait till RTC ALRBWF flag is set and if timeout is reached exit */
1352:Drivers/STM32F4xx_HAL_Driver/Src/stm32f4xx_hal_rtc.c ****     do
1353:Drivers/STM32F4xx_HAL_Driver/Src/stm32f4xx_hal_rtc.c ****     {
1354:Drivers/STM32F4xx_HAL_Driver/Src/stm32f4xx_hal_rtc.c ****       count = count - 1U;
1355:Drivers/STM32F4xx_HAL_Driver/Src/stm32f4xx_hal_rtc.c ****       if (count == 0U)
1356:Drivers/STM32F4xx_HAL_Driver/Src/stm32f4xx_hal_rtc.c ****       {
1357:Drivers/STM32F4xx_HAL_Driver/Src/stm32f4xx_hal_rtc.c ****         /* Enable the write protection for RTC registers */
1358:Drivers/STM32F4xx_HAL_Driver/Src/stm32f4xx_hal_rtc.c ****         __HAL_RTC_WRITEPROTECTION_ENABLE(hrtc);
1359:Drivers/STM32F4xx_HAL_Driver/Src/stm32f4xx_hal_rtc.c **** 
ARM GAS  C:\Users\40918\AppData\Local\Temp\cc17lxaj.s 			page 26


1360:Drivers/STM32F4xx_HAL_Driver/Src/stm32f4xx_hal_rtc.c ****         hrtc->State = HAL_RTC_STATE_TIMEOUT;
1361:Drivers/STM32F4xx_HAL_Driver/Src/stm32f4xx_hal_rtc.c **** 
1362:Drivers/STM32F4xx_HAL_Driver/Src/stm32f4xx_hal_rtc.c ****         /* Process Unlocked */
1363:Drivers/STM32F4xx_HAL_Driver/Src/stm32f4xx_hal_rtc.c ****         __HAL_UNLOCK(hrtc);
1364:Drivers/STM32F4xx_HAL_Driver/Src/stm32f4xx_hal_rtc.c **** 
1365:Drivers/STM32F4xx_HAL_Driver/Src/stm32f4xx_hal_rtc.c ****         return HAL_TIMEOUT;
1366:Drivers/STM32F4xx_HAL_Driver/Src/stm32f4xx_hal_rtc.c ****       }
1367:Drivers/STM32F4xx_HAL_Driver/Src/stm32f4xx_hal_rtc.c ****     } while (__HAL_RTC_ALARM_GET_FLAG(hrtc, RTC_FLAG_ALRBWF) == 0U);
1368:Drivers/STM32F4xx_HAL_Driver/Src/stm32f4xx_hal_rtc.c **** 
1369:Drivers/STM32F4xx_HAL_Driver/Src/stm32f4xx_hal_rtc.c ****     /* Configure Alarm B register */
1370:Drivers/STM32F4xx_HAL_Driver/Src/stm32f4xx_hal_rtc.c ****     hrtc->Instance->ALRMBR = (uint32_t)tmpreg;
1371:Drivers/STM32F4xx_HAL_Driver/Src/stm32f4xx_hal_rtc.c ****     /* Configure Alarm B Subseconds register */
1372:Drivers/STM32F4xx_HAL_Driver/Src/stm32f4xx_hal_rtc.c ****     hrtc->Instance->ALRMBSSR = subsecondtmpreg;
1373:Drivers/STM32F4xx_HAL_Driver/Src/stm32f4xx_hal_rtc.c ****     /* Enable Alarm B */
1374:Drivers/STM32F4xx_HAL_Driver/Src/stm32f4xx_hal_rtc.c ****     __HAL_RTC_ALARMB_ENABLE(hrtc);
1375:Drivers/STM32F4xx_HAL_Driver/Src/stm32f4xx_hal_rtc.c ****     /* Enable Alarm B interrupt */
1376:Drivers/STM32F4xx_HAL_Driver/Src/stm32f4xx_hal_rtc.c ****     __HAL_RTC_ALARM_ENABLE_IT(hrtc, RTC_IT_ALRB);
1377:Drivers/STM32F4xx_HAL_Driver/Src/stm32f4xx_hal_rtc.c ****   }
1378:Drivers/STM32F4xx_HAL_Driver/Src/stm32f4xx_hal_rtc.c **** 
1379:Drivers/STM32F4xx_HAL_Driver/Src/stm32f4xx_hal_rtc.c ****   /* Enable and configure the EXTI line associated to the RTC Alarm interrupt */
1380:Drivers/STM32F4xx_HAL_Driver/Src/stm32f4xx_hal_rtc.c ****   __HAL_RTC_ALARM_EXTI_ENABLE_IT();
1381:Drivers/STM32F4xx_HAL_Driver/Src/stm32f4xx_hal_rtc.c ****   __HAL_RTC_ALARM_EXTI_ENABLE_RISING_EDGE();
1382:Drivers/STM32F4xx_HAL_Driver/Src/stm32f4xx_hal_rtc.c **** 
1383:Drivers/STM32F4xx_HAL_Driver/Src/stm32f4xx_hal_rtc.c ****   /* Enable the write protection for RTC registers */
1384:Drivers/STM32F4xx_HAL_Driver/Src/stm32f4xx_hal_rtc.c ****   __HAL_RTC_WRITEPROTECTION_ENABLE(hrtc);
1385:Drivers/STM32F4xx_HAL_Driver/Src/stm32f4xx_hal_rtc.c **** 
1386:Drivers/STM32F4xx_HAL_Driver/Src/stm32f4xx_hal_rtc.c ****   /* Change RTC state back to READY */
1387:Drivers/STM32F4xx_HAL_Driver/Src/stm32f4xx_hal_rtc.c ****   hrtc->State = HAL_RTC_STATE_READY;
1388:Drivers/STM32F4xx_HAL_Driver/Src/stm32f4xx_hal_rtc.c **** 
1389:Drivers/STM32F4xx_HAL_Driver/Src/stm32f4xx_hal_rtc.c ****   /* Process Unlocked */
1390:Drivers/STM32F4xx_HAL_Driver/Src/stm32f4xx_hal_rtc.c ****   __HAL_UNLOCK(hrtc);
1391:Drivers/STM32F4xx_HAL_Driver/Src/stm32f4xx_hal_rtc.c **** 
1392:Drivers/STM32F4xx_HAL_Driver/Src/stm32f4xx_hal_rtc.c ****   return HAL_OK;
1393:Drivers/STM32F4xx_HAL_Driver/Src/stm32f4xx_hal_rtc.c **** }
1394:Drivers/STM32F4xx_HAL_Driver/Src/stm32f4xx_hal_rtc.c **** 
1395:Drivers/STM32F4xx_HAL_Driver/Src/stm32f4xx_hal_rtc.c **** /**
1396:Drivers/STM32F4xx_HAL_Driver/Src/stm32f4xx_hal_rtc.c ****   * @brief  Deactivates the specified RTC Alarm.
1397:Drivers/STM32F4xx_HAL_Driver/Src/stm32f4xx_hal_rtc.c ****   * @param  hrtc pointer to a RTC_HandleTypeDef structure that contains
1398:Drivers/STM32F4xx_HAL_Driver/Src/stm32f4xx_hal_rtc.c ****   *                the configuration information for RTC.
1399:Drivers/STM32F4xx_HAL_Driver/Src/stm32f4xx_hal_rtc.c ****   * @param  Alarm Specifies the Alarm.
1400:Drivers/STM32F4xx_HAL_Driver/Src/stm32f4xx_hal_rtc.c ****   *          This parameter can be one of the following values:
1401:Drivers/STM32F4xx_HAL_Driver/Src/stm32f4xx_hal_rtc.c ****   *            @arg RTC_ALARM_A: Alarm A
1402:Drivers/STM32F4xx_HAL_Driver/Src/stm32f4xx_hal_rtc.c ****   *            @arg RTC_ALARM_B: Alarm B
1403:Drivers/STM32F4xx_HAL_Driver/Src/stm32f4xx_hal_rtc.c ****   * @retval HAL status
1404:Drivers/STM32F4xx_HAL_Driver/Src/stm32f4xx_hal_rtc.c ****   */
1405:Drivers/STM32F4xx_HAL_Driver/Src/stm32f4xx_hal_rtc.c **** HAL_StatusTypeDef HAL_RTC_DeactivateAlarm(RTC_HandleTypeDef *hrtc, uint32_t Alarm)
1406:Drivers/STM32F4xx_HAL_Driver/Src/stm32f4xx_hal_rtc.c **** {
  72              		.loc 1 1406 1 is_stmt 1 view -0
  73              		.cfi_startproc
  74              		@ args = 0, pretend = 0, frame = 0
  75              		@ frame_needed = 0, uses_anonymous_args = 0
  76              		.loc 1 1406 1 is_stmt 0 view .LVU7
  77 0000 38B5     		push	{r3, r4, r5, lr}
  78              	.LCFI0:
  79              		.cfi_def_cfa_offset 16
  80              		.cfi_offset 3, -16
  81              		.cfi_offset 4, -12
ARM GAS  C:\Users\40918\AppData\Local\Temp\cc17lxaj.s 			page 27


  82              		.cfi_offset 5, -8
  83              		.cfi_offset 14, -4
1407:Drivers/STM32F4xx_HAL_Driver/Src/stm32f4xx_hal_rtc.c ****   uint32_t tickstart = 0U;
  84              		.loc 1 1407 3 is_stmt 1 view .LVU8
  85              	.LVL3:
1408:Drivers/STM32F4xx_HAL_Driver/Src/stm32f4xx_hal_rtc.c **** 
1409:Drivers/STM32F4xx_HAL_Driver/Src/stm32f4xx_hal_rtc.c ****   /* Check the parameters */
1410:Drivers/STM32F4xx_HAL_Driver/Src/stm32f4xx_hal_rtc.c ****   assert_param(IS_RTC_ALARM(Alarm));
  86              		.loc 1 1410 3 view .LVU9
1411:Drivers/STM32F4xx_HAL_Driver/Src/stm32f4xx_hal_rtc.c **** 
1412:Drivers/STM32F4xx_HAL_Driver/Src/stm32f4xx_hal_rtc.c ****   /* Process Locked */
1413:Drivers/STM32F4xx_HAL_Driver/Src/stm32f4xx_hal_rtc.c ****   __HAL_LOCK(hrtc);
  87              		.loc 1 1413 3 view .LVU10
  88              		.loc 1 1413 3 view .LVU11
  89 0002 037F     		ldrb	r3, [r0, #28]	@ zero_extendqisi2
  90 0004 012B     		cmp	r3, #1
  91 0006 55D0     		beq	.L11
  92 0008 0446     		mov	r4, r0
  93              		.loc 1 1413 3 discriminator 2 view .LVU12
  94 000a 0123     		movs	r3, #1
  95 000c 0377     		strb	r3, [r0, #28]
  96              		.loc 1 1413 3 discriminator 2 view .LVU13
1414:Drivers/STM32F4xx_HAL_Driver/Src/stm32f4xx_hal_rtc.c **** 
1415:Drivers/STM32F4xx_HAL_Driver/Src/stm32f4xx_hal_rtc.c ****   hrtc->State = HAL_RTC_STATE_BUSY;
  97              		.loc 1 1415 3 view .LVU14
  98              		.loc 1 1415 15 is_stmt 0 view .LVU15
  99 000e 0223     		movs	r3, #2
 100 0010 4377     		strb	r3, [r0, #29]
1416:Drivers/STM32F4xx_HAL_Driver/Src/stm32f4xx_hal_rtc.c **** 
1417:Drivers/STM32F4xx_HAL_Driver/Src/stm32f4xx_hal_rtc.c ****   /* Disable the write protection for RTC registers */
1418:Drivers/STM32F4xx_HAL_Driver/Src/stm32f4xx_hal_rtc.c ****   __HAL_RTC_WRITEPROTECTION_DISABLE(hrtc);
 101              		.loc 1 1418 3 is_stmt 1 view .LVU16
 102              		.loc 1 1418 3 view .LVU17
 103 0012 0368     		ldr	r3, [r0]
 104 0014 CA22     		movs	r2, #202
 105 0016 5A62     		str	r2, [r3, #36]
 106              		.loc 1 1418 3 view .LVU18
 107 0018 0368     		ldr	r3, [r0]
 108 001a 5322     		movs	r2, #83
 109 001c 5A62     		str	r2, [r3, #36]
 110              		.loc 1 1418 3 view .LVU19
1419:Drivers/STM32F4xx_HAL_Driver/Src/stm32f4xx_hal_rtc.c **** 
1420:Drivers/STM32F4xx_HAL_Driver/Src/stm32f4xx_hal_rtc.c ****   if (Alarm == RTC_ALARM_A)
 111              		.loc 1 1420 3 view .LVU20
 112              		.loc 1 1420 6 is_stmt 0 view .LVU21
 113 001e B1F5807F 		cmp	r1, #256
 114 0022 1FD0     		beq	.L13
1421:Drivers/STM32F4xx_HAL_Driver/Src/stm32f4xx_hal_rtc.c ****   {
1422:Drivers/STM32F4xx_HAL_Driver/Src/stm32f4xx_hal_rtc.c ****     /* Disable Alarm A */
1423:Drivers/STM32F4xx_HAL_Driver/Src/stm32f4xx_hal_rtc.c ****     __HAL_RTC_ALARMA_DISABLE(hrtc);
1424:Drivers/STM32F4xx_HAL_Driver/Src/stm32f4xx_hal_rtc.c **** 
1425:Drivers/STM32F4xx_HAL_Driver/Src/stm32f4xx_hal_rtc.c ****     /* In case interrupt mode is used, the interrupt source must be disabled */
1426:Drivers/STM32F4xx_HAL_Driver/Src/stm32f4xx_hal_rtc.c ****     __HAL_RTC_ALARM_DISABLE_IT(hrtc, RTC_IT_ALRA);
1427:Drivers/STM32F4xx_HAL_Driver/Src/stm32f4xx_hal_rtc.c **** 
1428:Drivers/STM32F4xx_HAL_Driver/Src/stm32f4xx_hal_rtc.c ****     /* Get tick */
1429:Drivers/STM32F4xx_HAL_Driver/Src/stm32f4xx_hal_rtc.c ****     tickstart = HAL_GetTick();
1430:Drivers/STM32F4xx_HAL_Driver/Src/stm32f4xx_hal_rtc.c **** 
ARM GAS  C:\Users\40918\AppData\Local\Temp\cc17lxaj.s 			page 28


1431:Drivers/STM32F4xx_HAL_Driver/Src/stm32f4xx_hal_rtc.c ****     /* Wait till RTC ALRAWF flag is set and if timeout is reached exit */
1432:Drivers/STM32F4xx_HAL_Driver/Src/stm32f4xx_hal_rtc.c ****     while (__HAL_RTC_ALARM_GET_FLAG(hrtc, RTC_FLAG_ALRAWF) == 0U)
1433:Drivers/STM32F4xx_HAL_Driver/Src/stm32f4xx_hal_rtc.c ****     {
1434:Drivers/STM32F4xx_HAL_Driver/Src/stm32f4xx_hal_rtc.c ****       if ((HAL_GetTick() - tickstart) > RTC_TIMEOUT_VALUE)
1435:Drivers/STM32F4xx_HAL_Driver/Src/stm32f4xx_hal_rtc.c ****       {
1436:Drivers/STM32F4xx_HAL_Driver/Src/stm32f4xx_hal_rtc.c ****         /* Enable the write protection for RTC registers */
1437:Drivers/STM32F4xx_HAL_Driver/Src/stm32f4xx_hal_rtc.c ****         __HAL_RTC_WRITEPROTECTION_ENABLE(hrtc);
1438:Drivers/STM32F4xx_HAL_Driver/Src/stm32f4xx_hal_rtc.c **** 
1439:Drivers/STM32F4xx_HAL_Driver/Src/stm32f4xx_hal_rtc.c ****         hrtc->State = HAL_RTC_STATE_TIMEOUT;
1440:Drivers/STM32F4xx_HAL_Driver/Src/stm32f4xx_hal_rtc.c **** 
1441:Drivers/STM32F4xx_HAL_Driver/Src/stm32f4xx_hal_rtc.c ****         /* Process Unlocked */
1442:Drivers/STM32F4xx_HAL_Driver/Src/stm32f4xx_hal_rtc.c ****         __HAL_UNLOCK(hrtc);
1443:Drivers/STM32F4xx_HAL_Driver/Src/stm32f4xx_hal_rtc.c **** 
1444:Drivers/STM32F4xx_HAL_Driver/Src/stm32f4xx_hal_rtc.c ****         return HAL_TIMEOUT;
1445:Drivers/STM32F4xx_HAL_Driver/Src/stm32f4xx_hal_rtc.c ****       }
1446:Drivers/STM32F4xx_HAL_Driver/Src/stm32f4xx_hal_rtc.c ****     }
1447:Drivers/STM32F4xx_HAL_Driver/Src/stm32f4xx_hal_rtc.c ****   }
1448:Drivers/STM32F4xx_HAL_Driver/Src/stm32f4xx_hal_rtc.c ****   else
1449:Drivers/STM32F4xx_HAL_Driver/Src/stm32f4xx_hal_rtc.c ****   {
1450:Drivers/STM32F4xx_HAL_Driver/Src/stm32f4xx_hal_rtc.c ****     /* Disable Alarm B */
1451:Drivers/STM32F4xx_HAL_Driver/Src/stm32f4xx_hal_rtc.c ****     __HAL_RTC_ALARMB_DISABLE(hrtc);
 115              		.loc 1 1451 5 is_stmt 1 view .LVU22
 116 0024 0268     		ldr	r2, [r0]
 117 0026 9368     		ldr	r3, [r2, #8]
 118 0028 23F40073 		bic	r3, r3, #512
 119 002c 9360     		str	r3, [r2, #8]
1452:Drivers/STM32F4xx_HAL_Driver/Src/stm32f4xx_hal_rtc.c **** 
1453:Drivers/STM32F4xx_HAL_Driver/Src/stm32f4xx_hal_rtc.c ****     /* In case interrupt mode is used, the interrupt source must be disabled */
1454:Drivers/STM32F4xx_HAL_Driver/Src/stm32f4xx_hal_rtc.c ****     __HAL_RTC_ALARM_DISABLE_IT(hrtc, RTC_IT_ALRB);
 120              		.loc 1 1454 5 view .LVU23
 121 002e 0268     		ldr	r2, [r0]
 122 0030 9368     		ldr	r3, [r2, #8]
 123 0032 23F40053 		bic	r3, r3, #8192
 124 0036 9360     		str	r3, [r2, #8]
1455:Drivers/STM32F4xx_HAL_Driver/Src/stm32f4xx_hal_rtc.c **** 
1456:Drivers/STM32F4xx_HAL_Driver/Src/stm32f4xx_hal_rtc.c ****     /* Get tick */
1457:Drivers/STM32F4xx_HAL_Driver/Src/stm32f4xx_hal_rtc.c ****     tickstart = HAL_GetTick();
 125              		.loc 1 1457 5 view .LVU24
 126              		.loc 1 1457 17 is_stmt 0 view .LVU25
 127 0038 FFF7FEFF 		bl	HAL_GetTick
 128              	.LVL4:
 129              		.loc 1 1457 17 view .LVU26
 130 003c 0546     		mov	r5, r0
 131              	.LVL5:
1458:Drivers/STM32F4xx_HAL_Driver/Src/stm32f4xx_hal_rtc.c **** 
1459:Drivers/STM32F4xx_HAL_Driver/Src/stm32f4xx_hal_rtc.c ****     /* Wait till RTC ALRBWF flag is set and if timeout is reached exit */
1460:Drivers/STM32F4xx_HAL_Driver/Src/stm32f4xx_hal_rtc.c ****     while (__HAL_RTC_ALARM_GET_FLAG(hrtc, RTC_FLAG_ALRBWF) == 0U)
 132              		.loc 1 1460 5 is_stmt 1 view .LVU27
 133              	.L9:
 134              		.loc 1 1460 60 view .LVU28
 135              		.loc 1 1460 12 is_stmt 0 view .LVU29
 136 003e 2368     		ldr	r3, [r4]
 137 0040 DB68     		ldr	r3, [r3, #12]
 138              		.loc 1 1460 60 view .LVU30
 139 0042 13F0020F 		tst	r3, #2
 140 0046 2DD1     		bne	.L8
1461:Drivers/STM32F4xx_HAL_Driver/Src/stm32f4xx_hal_rtc.c ****     {
ARM GAS  C:\Users\40918\AppData\Local\Temp\cc17lxaj.s 			page 29


1462:Drivers/STM32F4xx_HAL_Driver/Src/stm32f4xx_hal_rtc.c ****       if ((HAL_GetTick() - tickstart) > RTC_TIMEOUT_VALUE)
 141              		.loc 1 1462 7 is_stmt 1 view .LVU31
 142              		.loc 1 1462 12 is_stmt 0 view .LVU32
 143 0048 FFF7FEFF 		bl	HAL_GetTick
 144              	.LVL6:
 145              		.loc 1 1462 26 discriminator 1 view .LVU33
 146 004c 431B     		subs	r3, r0, r5
 147              		.loc 1 1462 10 discriminator 1 view .LVU34
 148 004e B3F57A7F 		cmp	r3, #1000
 149 0052 F4D9     		bls	.L9
1463:Drivers/STM32F4xx_HAL_Driver/Src/stm32f4xx_hal_rtc.c ****       {
1464:Drivers/STM32F4xx_HAL_Driver/Src/stm32f4xx_hal_rtc.c ****         /* Enable the write protection for RTC registers */
1465:Drivers/STM32F4xx_HAL_Driver/Src/stm32f4xx_hal_rtc.c ****         __HAL_RTC_WRITEPROTECTION_ENABLE(hrtc);
 150              		.loc 1 1465 9 is_stmt 1 view .LVU35
 151              		.loc 1 1465 9 view .LVU36
 152 0054 2368     		ldr	r3, [r4]
 153 0056 FF22     		movs	r2, #255
 154 0058 5A62     		str	r2, [r3, #36]
 155              		.loc 1 1465 9 view .LVU37
1466:Drivers/STM32F4xx_HAL_Driver/Src/stm32f4xx_hal_rtc.c **** 
1467:Drivers/STM32F4xx_HAL_Driver/Src/stm32f4xx_hal_rtc.c ****         hrtc->State = HAL_RTC_STATE_TIMEOUT;
 156              		.loc 1 1467 9 view .LVU38
 157              		.loc 1 1467 21 is_stmt 0 view .LVU39
 158 005a 0320     		movs	r0, #3
 159 005c 6077     		strb	r0, [r4, #29]
1468:Drivers/STM32F4xx_HAL_Driver/Src/stm32f4xx_hal_rtc.c **** 
1469:Drivers/STM32F4xx_HAL_Driver/Src/stm32f4xx_hal_rtc.c ****         /* Process Unlocked */
1470:Drivers/STM32F4xx_HAL_Driver/Src/stm32f4xx_hal_rtc.c ****         __HAL_UNLOCK(hrtc);
 160              		.loc 1 1470 9 is_stmt 1 view .LVU40
 161              		.loc 1 1470 9 view .LVU41
 162 005e 0023     		movs	r3, #0
 163 0060 2377     		strb	r3, [r4, #28]
 164              		.loc 1 1470 9 view .LVU42
1471:Drivers/STM32F4xx_HAL_Driver/Src/stm32f4xx_hal_rtc.c **** 
1472:Drivers/STM32F4xx_HAL_Driver/Src/stm32f4xx_hal_rtc.c ****         return HAL_TIMEOUT;
 165              		.loc 1 1472 9 view .LVU43
 166              		.loc 1 1472 16 is_stmt 0 view .LVU44
 167 0062 26E0     		b	.L4
 168              	.LVL7:
 169              	.L13:
1423:Drivers/STM32F4xx_HAL_Driver/Src/stm32f4xx_hal_rtc.c **** 
 170              		.loc 1 1423 5 is_stmt 1 view .LVU45
 171 0064 0268     		ldr	r2, [r0]
 172 0066 9368     		ldr	r3, [r2, #8]
 173 0068 23F48073 		bic	r3, r3, #256
 174 006c 9360     		str	r3, [r2, #8]
1426:Drivers/STM32F4xx_HAL_Driver/Src/stm32f4xx_hal_rtc.c **** 
 175              		.loc 1 1426 5 view .LVU46
 176 006e 0268     		ldr	r2, [r0]
 177 0070 9368     		ldr	r3, [r2, #8]
 178 0072 23F48053 		bic	r3, r3, #4096
 179 0076 9360     		str	r3, [r2, #8]
1429:Drivers/STM32F4xx_HAL_Driver/Src/stm32f4xx_hal_rtc.c **** 
 180              		.loc 1 1429 5 view .LVU47
1429:Drivers/STM32F4xx_HAL_Driver/Src/stm32f4xx_hal_rtc.c **** 
 181              		.loc 1 1429 17 is_stmt 0 view .LVU48
 182 0078 FFF7FEFF 		bl	HAL_GetTick
ARM GAS  C:\Users\40918\AppData\Local\Temp\cc17lxaj.s 			page 30


 183              	.LVL8:
1429:Drivers/STM32F4xx_HAL_Driver/Src/stm32f4xx_hal_rtc.c **** 
 184              		.loc 1 1429 17 view .LVU49
 185 007c 0546     		mov	r5, r0
 186              	.LVL9:
1432:Drivers/STM32F4xx_HAL_Driver/Src/stm32f4xx_hal_rtc.c ****     {
 187              		.loc 1 1432 5 is_stmt 1 view .LVU50
 188              	.L6:
1432:Drivers/STM32F4xx_HAL_Driver/Src/stm32f4xx_hal_rtc.c ****     {
 189              		.loc 1 1432 60 view .LVU51
1432:Drivers/STM32F4xx_HAL_Driver/Src/stm32f4xx_hal_rtc.c ****     {
 190              		.loc 1 1432 12 is_stmt 0 view .LVU52
 191 007e 2368     		ldr	r3, [r4]
 192 0080 DB68     		ldr	r3, [r3, #12]
1432:Drivers/STM32F4xx_HAL_Driver/Src/stm32f4xx_hal_rtc.c ****     {
 193              		.loc 1 1432 60 view .LVU53
 194 0082 13F0010F 		tst	r3, #1
 195 0086 0DD1     		bne	.L8
1434:Drivers/STM32F4xx_HAL_Driver/Src/stm32f4xx_hal_rtc.c ****       {
 196              		.loc 1 1434 7 is_stmt 1 view .LVU54
1434:Drivers/STM32F4xx_HAL_Driver/Src/stm32f4xx_hal_rtc.c ****       {
 197              		.loc 1 1434 12 is_stmt 0 view .LVU55
 198 0088 FFF7FEFF 		bl	HAL_GetTick
 199              	.LVL10:
1434:Drivers/STM32F4xx_HAL_Driver/Src/stm32f4xx_hal_rtc.c ****       {
 200              		.loc 1 1434 26 discriminator 1 view .LVU56
 201 008c 401B     		subs	r0, r0, r5
1434:Drivers/STM32F4xx_HAL_Driver/Src/stm32f4xx_hal_rtc.c ****       {
 202              		.loc 1 1434 10 discriminator 1 view .LVU57
 203 008e B0F57A7F 		cmp	r0, #1000
 204 0092 F4D9     		bls	.L6
1437:Drivers/STM32F4xx_HAL_Driver/Src/stm32f4xx_hal_rtc.c **** 
 205              		.loc 1 1437 9 is_stmt 1 view .LVU58
1437:Drivers/STM32F4xx_HAL_Driver/Src/stm32f4xx_hal_rtc.c **** 
 206              		.loc 1 1437 9 view .LVU59
 207 0094 2368     		ldr	r3, [r4]
 208 0096 FF22     		movs	r2, #255
 209 0098 5A62     		str	r2, [r3, #36]
1437:Drivers/STM32F4xx_HAL_Driver/Src/stm32f4xx_hal_rtc.c **** 
 210              		.loc 1 1437 9 view .LVU60
1439:Drivers/STM32F4xx_HAL_Driver/Src/stm32f4xx_hal_rtc.c **** 
 211              		.loc 1 1439 9 view .LVU61
1439:Drivers/STM32F4xx_HAL_Driver/Src/stm32f4xx_hal_rtc.c **** 
 212              		.loc 1 1439 21 is_stmt 0 view .LVU62
 213 009a 0320     		movs	r0, #3
 214 009c 6077     		strb	r0, [r4, #29]
1442:Drivers/STM32F4xx_HAL_Driver/Src/stm32f4xx_hal_rtc.c **** 
 215              		.loc 1 1442 9 is_stmt 1 view .LVU63
1442:Drivers/STM32F4xx_HAL_Driver/Src/stm32f4xx_hal_rtc.c **** 
 216              		.loc 1 1442 9 view .LVU64
 217 009e 0023     		movs	r3, #0
 218 00a0 2377     		strb	r3, [r4, #28]
1442:Drivers/STM32F4xx_HAL_Driver/Src/stm32f4xx_hal_rtc.c **** 
 219              		.loc 1 1442 9 view .LVU65
1444:Drivers/STM32F4xx_HAL_Driver/Src/stm32f4xx_hal_rtc.c ****       }
 220              		.loc 1 1444 9 view .LVU66
1444:Drivers/STM32F4xx_HAL_Driver/Src/stm32f4xx_hal_rtc.c ****       }
ARM GAS  C:\Users\40918\AppData\Local\Temp\cc17lxaj.s 			page 31


 221              		.loc 1 1444 16 is_stmt 0 view .LVU67
 222 00a2 06E0     		b	.L4
 223              	.L8:
1473:Drivers/STM32F4xx_HAL_Driver/Src/stm32f4xx_hal_rtc.c ****       }
1474:Drivers/STM32F4xx_HAL_Driver/Src/stm32f4xx_hal_rtc.c ****     }
1475:Drivers/STM32F4xx_HAL_Driver/Src/stm32f4xx_hal_rtc.c ****   }
1476:Drivers/STM32F4xx_HAL_Driver/Src/stm32f4xx_hal_rtc.c **** 
1477:Drivers/STM32F4xx_HAL_Driver/Src/stm32f4xx_hal_rtc.c ****   /* Enable the write protection for RTC registers */
1478:Drivers/STM32F4xx_HAL_Driver/Src/stm32f4xx_hal_rtc.c ****   __HAL_RTC_WRITEPROTECTION_ENABLE(hrtc);
 224              		.loc 1 1478 3 is_stmt 1 view .LVU68
 225              		.loc 1 1478 3 view .LVU69
 226 00a4 2368     		ldr	r3, [r4]
 227 00a6 FF22     		movs	r2, #255
 228 00a8 5A62     		str	r2, [r3, #36]
 229              		.loc 1 1478 3 view .LVU70
1479:Drivers/STM32F4xx_HAL_Driver/Src/stm32f4xx_hal_rtc.c **** 
1480:Drivers/STM32F4xx_HAL_Driver/Src/stm32f4xx_hal_rtc.c ****   hrtc->State = HAL_RTC_STATE_READY;
 230              		.loc 1 1480 3 view .LVU71
 231              		.loc 1 1480 15 is_stmt 0 view .LVU72
 232 00aa 0123     		movs	r3, #1
 233 00ac 6377     		strb	r3, [r4, #29]
1481:Drivers/STM32F4xx_HAL_Driver/Src/stm32f4xx_hal_rtc.c **** 
1482:Drivers/STM32F4xx_HAL_Driver/Src/stm32f4xx_hal_rtc.c ****   /* Process Unlocked */
1483:Drivers/STM32F4xx_HAL_Driver/Src/stm32f4xx_hal_rtc.c ****   __HAL_UNLOCK(hrtc);
 234              		.loc 1 1483 3 is_stmt 1 view .LVU73
 235              		.loc 1 1483 3 view .LVU74
 236 00ae 0020     		movs	r0, #0
 237 00b0 2077     		strb	r0, [r4, #28]
 238              		.loc 1 1483 3 view .LVU75
1484:Drivers/STM32F4xx_HAL_Driver/Src/stm32f4xx_hal_rtc.c **** 
1485:Drivers/STM32F4xx_HAL_Driver/Src/stm32f4xx_hal_rtc.c ****   return HAL_OK;
 239              		.loc 1 1485 3 view .LVU76
 240              	.LVL11:
 241              	.L4:
1486:Drivers/STM32F4xx_HAL_Driver/Src/stm32f4xx_hal_rtc.c **** }
 242              		.loc 1 1486 1 is_stmt 0 view .LVU77
 243 00b2 38BD     		pop	{r3, r4, r5, pc}
 244              	.LVL12:
 245              	.L11:
1413:Drivers/STM32F4xx_HAL_Driver/Src/stm32f4xx_hal_rtc.c **** 
 246              		.loc 1 1413 3 discriminator 1 view .LVU78
 247 00b4 0220     		movs	r0, #2
 248              	.LVL13:
1413:Drivers/STM32F4xx_HAL_Driver/Src/stm32f4xx_hal_rtc.c **** 
 249              		.loc 1 1413 3 discriminator 1 view .LVU79
 250 00b6 FCE7     		b	.L4
 251              		.cfi_endproc
 252              	.LFE249:
 254              		.section	.text.HAL_RTC_AlarmAEventCallback,"ax",%progbits
 255              		.align	1
 256              		.weak	HAL_RTC_AlarmAEventCallback
 257              		.syntax unified
 258              		.thumb
 259              		.thumb_func
 261              	HAL_RTC_AlarmAEventCallback:
 262              	.LVL14:
 263              	.LFB252:
ARM GAS  C:\Users\40918\AppData\Local\Temp\cc17lxaj.s 			page 32


1487:Drivers/STM32F4xx_HAL_Driver/Src/stm32f4xx_hal_rtc.c **** 
1488:Drivers/STM32F4xx_HAL_Driver/Src/stm32f4xx_hal_rtc.c **** /**
1489:Drivers/STM32F4xx_HAL_Driver/Src/stm32f4xx_hal_rtc.c ****   * @brief  Gets the RTC Alarm value and masks.
1490:Drivers/STM32F4xx_HAL_Driver/Src/stm32f4xx_hal_rtc.c ****   * @param  hrtc pointer to a RTC_HandleTypeDef structure that contains
1491:Drivers/STM32F4xx_HAL_Driver/Src/stm32f4xx_hal_rtc.c ****   *                the configuration information for RTC.
1492:Drivers/STM32F4xx_HAL_Driver/Src/stm32f4xx_hal_rtc.c ****   * @param  sAlarm Pointer to Date structure
1493:Drivers/STM32F4xx_HAL_Driver/Src/stm32f4xx_hal_rtc.c ****   * @param  Alarm Specifies the Alarm.
1494:Drivers/STM32F4xx_HAL_Driver/Src/stm32f4xx_hal_rtc.c ****   *          This parameter can be one of the following values:
1495:Drivers/STM32F4xx_HAL_Driver/Src/stm32f4xx_hal_rtc.c ****   *            @arg RTC_ALARM_A: Alarm A
1496:Drivers/STM32F4xx_HAL_Driver/Src/stm32f4xx_hal_rtc.c ****   *            @arg RTC_ALARM_B: Alarm B
1497:Drivers/STM32F4xx_HAL_Driver/Src/stm32f4xx_hal_rtc.c ****   * @param  Format Specifies the format of the entered parameters.
1498:Drivers/STM32F4xx_HAL_Driver/Src/stm32f4xx_hal_rtc.c ****   *          This parameter can be one of the following values:
1499:Drivers/STM32F4xx_HAL_Driver/Src/stm32f4xx_hal_rtc.c ****   *             @arg RTC_FORMAT_BIN: Binary data format
1500:Drivers/STM32F4xx_HAL_Driver/Src/stm32f4xx_hal_rtc.c ****   *             @arg RTC_FORMAT_BCD: BCD data format
1501:Drivers/STM32F4xx_HAL_Driver/Src/stm32f4xx_hal_rtc.c ****   * @retval HAL status
1502:Drivers/STM32F4xx_HAL_Driver/Src/stm32f4xx_hal_rtc.c ****   */
1503:Drivers/STM32F4xx_HAL_Driver/Src/stm32f4xx_hal_rtc.c **** HAL_StatusTypeDef HAL_RTC_GetAlarm(RTC_HandleTypeDef *hrtc, RTC_AlarmTypeDef *sAlarm, uint32_t Alar
1504:Drivers/STM32F4xx_HAL_Driver/Src/stm32f4xx_hal_rtc.c **** {
1505:Drivers/STM32F4xx_HAL_Driver/Src/stm32f4xx_hal_rtc.c ****   uint32_t tmpreg = 0U;
1506:Drivers/STM32F4xx_HAL_Driver/Src/stm32f4xx_hal_rtc.c ****   uint32_t subsecondtmpreg = 0U;
1507:Drivers/STM32F4xx_HAL_Driver/Src/stm32f4xx_hal_rtc.c **** 
1508:Drivers/STM32F4xx_HAL_Driver/Src/stm32f4xx_hal_rtc.c ****   /* Check the parameters */
1509:Drivers/STM32F4xx_HAL_Driver/Src/stm32f4xx_hal_rtc.c ****   assert_param(IS_RTC_FORMAT(Format));
1510:Drivers/STM32F4xx_HAL_Driver/Src/stm32f4xx_hal_rtc.c ****   assert_param(IS_RTC_ALARM(Alarm));
1511:Drivers/STM32F4xx_HAL_Driver/Src/stm32f4xx_hal_rtc.c **** 
1512:Drivers/STM32F4xx_HAL_Driver/Src/stm32f4xx_hal_rtc.c ****   if (Alarm == RTC_ALARM_A)
1513:Drivers/STM32F4xx_HAL_Driver/Src/stm32f4xx_hal_rtc.c ****   {
1514:Drivers/STM32F4xx_HAL_Driver/Src/stm32f4xx_hal_rtc.c ****     sAlarm->Alarm = RTC_ALARM_A;
1515:Drivers/STM32F4xx_HAL_Driver/Src/stm32f4xx_hal_rtc.c **** 
1516:Drivers/STM32F4xx_HAL_Driver/Src/stm32f4xx_hal_rtc.c ****     tmpreg = (uint32_t)(hrtc->Instance->ALRMAR);
1517:Drivers/STM32F4xx_HAL_Driver/Src/stm32f4xx_hal_rtc.c ****     subsecondtmpreg = (uint32_t)((hrtc->Instance->ALRMASSR) & RTC_ALRMASSR_SS);
1518:Drivers/STM32F4xx_HAL_Driver/Src/stm32f4xx_hal_rtc.c ****   }
1519:Drivers/STM32F4xx_HAL_Driver/Src/stm32f4xx_hal_rtc.c ****   else
1520:Drivers/STM32F4xx_HAL_Driver/Src/stm32f4xx_hal_rtc.c ****   {
1521:Drivers/STM32F4xx_HAL_Driver/Src/stm32f4xx_hal_rtc.c ****     sAlarm->Alarm = RTC_ALARM_B;
1522:Drivers/STM32F4xx_HAL_Driver/Src/stm32f4xx_hal_rtc.c **** 
1523:Drivers/STM32F4xx_HAL_Driver/Src/stm32f4xx_hal_rtc.c ****     tmpreg = (uint32_t)(hrtc->Instance->ALRMBR);
1524:Drivers/STM32F4xx_HAL_Driver/Src/stm32f4xx_hal_rtc.c ****     subsecondtmpreg = (uint32_t)((hrtc->Instance->ALRMBSSR) & RTC_ALRMBSSR_SS);
1525:Drivers/STM32F4xx_HAL_Driver/Src/stm32f4xx_hal_rtc.c ****   }
1526:Drivers/STM32F4xx_HAL_Driver/Src/stm32f4xx_hal_rtc.c **** 
1527:Drivers/STM32F4xx_HAL_Driver/Src/stm32f4xx_hal_rtc.c ****   /* Fill the structure with the read parameters */
1528:Drivers/STM32F4xx_HAL_Driver/Src/stm32f4xx_hal_rtc.c ****   sAlarm->AlarmTime.Hours      = (uint8_t) ((tmpreg & (RTC_ALRMAR_HT  | RTC_ALRMAR_HU))  >> RTC_ALR
1529:Drivers/STM32F4xx_HAL_Driver/Src/stm32f4xx_hal_rtc.c ****   sAlarm->AlarmTime.Minutes    = (uint8_t) ((tmpreg & (RTC_ALRMAR_MNT | RTC_ALRMAR_MNU)) >> RTC_ALR
1530:Drivers/STM32F4xx_HAL_Driver/Src/stm32f4xx_hal_rtc.c ****   sAlarm->AlarmTime.Seconds    = (uint8_t) ( tmpreg & (RTC_ALRMAR_ST  | RTC_ALRMAR_SU));
1531:Drivers/STM32F4xx_HAL_Driver/Src/stm32f4xx_hal_rtc.c ****   sAlarm->AlarmTime.TimeFormat = (uint8_t) ((tmpreg & RTC_ALRMAR_PM)                     >> RTC_TR_
1532:Drivers/STM32F4xx_HAL_Driver/Src/stm32f4xx_hal_rtc.c ****   sAlarm->AlarmTime.SubSeconds = (uint32_t) subsecondtmpreg;
1533:Drivers/STM32F4xx_HAL_Driver/Src/stm32f4xx_hal_rtc.c ****   sAlarm->AlarmDateWeekDay     = (uint8_t) ((tmpreg & (RTC_ALRMAR_DT  | RTC_ALRMAR_DU))  >> RTC_ALR
1534:Drivers/STM32F4xx_HAL_Driver/Src/stm32f4xx_hal_rtc.c ****   sAlarm->AlarmDateWeekDaySel  = (uint32_t) (tmpreg & RTC_ALRMAR_WDSEL);
1535:Drivers/STM32F4xx_HAL_Driver/Src/stm32f4xx_hal_rtc.c ****   sAlarm->AlarmMask            = (uint32_t) (tmpreg & RTC_ALARMMASK_ALL);
1536:Drivers/STM32F4xx_HAL_Driver/Src/stm32f4xx_hal_rtc.c **** 
1537:Drivers/STM32F4xx_HAL_Driver/Src/stm32f4xx_hal_rtc.c ****   if (Format == RTC_FORMAT_BIN)
1538:Drivers/STM32F4xx_HAL_Driver/Src/stm32f4xx_hal_rtc.c ****   {
1539:Drivers/STM32F4xx_HAL_Driver/Src/stm32f4xx_hal_rtc.c ****     sAlarm->AlarmTime.Hours   = RTC_Bcd2ToByte(sAlarm->AlarmTime.Hours);
1540:Drivers/STM32F4xx_HAL_Driver/Src/stm32f4xx_hal_rtc.c ****     sAlarm->AlarmTime.Minutes = RTC_Bcd2ToByte(sAlarm->AlarmTime.Minutes);
1541:Drivers/STM32F4xx_HAL_Driver/Src/stm32f4xx_hal_rtc.c ****     sAlarm->AlarmTime.Seconds = RTC_Bcd2ToByte(sAlarm->AlarmTime.Seconds);
1542:Drivers/STM32F4xx_HAL_Driver/Src/stm32f4xx_hal_rtc.c ****     sAlarm->AlarmDateWeekDay  = RTC_Bcd2ToByte(sAlarm->AlarmDateWeekDay);
1543:Drivers/STM32F4xx_HAL_Driver/Src/stm32f4xx_hal_rtc.c ****   }
ARM GAS  C:\Users\40918\AppData\Local\Temp\cc17lxaj.s 			page 33


1544:Drivers/STM32F4xx_HAL_Driver/Src/stm32f4xx_hal_rtc.c **** 
1545:Drivers/STM32F4xx_HAL_Driver/Src/stm32f4xx_hal_rtc.c ****   return HAL_OK;
1546:Drivers/STM32F4xx_HAL_Driver/Src/stm32f4xx_hal_rtc.c **** }
1547:Drivers/STM32F4xx_HAL_Driver/Src/stm32f4xx_hal_rtc.c **** 
1548:Drivers/STM32F4xx_HAL_Driver/Src/stm32f4xx_hal_rtc.c **** /**
1549:Drivers/STM32F4xx_HAL_Driver/Src/stm32f4xx_hal_rtc.c ****   * @brief  Handles Alarm interrupt request.
1550:Drivers/STM32F4xx_HAL_Driver/Src/stm32f4xx_hal_rtc.c ****   * @param  hrtc pointer to a RTC_HandleTypeDef structure that contains
1551:Drivers/STM32F4xx_HAL_Driver/Src/stm32f4xx_hal_rtc.c ****   *                the configuration information for RTC.
1552:Drivers/STM32F4xx_HAL_Driver/Src/stm32f4xx_hal_rtc.c ****   * @retval None
1553:Drivers/STM32F4xx_HAL_Driver/Src/stm32f4xx_hal_rtc.c ****   */
1554:Drivers/STM32F4xx_HAL_Driver/Src/stm32f4xx_hal_rtc.c **** void HAL_RTC_AlarmIRQHandler(RTC_HandleTypeDef *hrtc)
1555:Drivers/STM32F4xx_HAL_Driver/Src/stm32f4xx_hal_rtc.c **** {
1556:Drivers/STM32F4xx_HAL_Driver/Src/stm32f4xx_hal_rtc.c ****   /* Clear the EXTI flag associated to the RTC Alarm interrupt */
1557:Drivers/STM32F4xx_HAL_Driver/Src/stm32f4xx_hal_rtc.c ****   __HAL_RTC_ALARM_EXTI_CLEAR_FLAG();
1558:Drivers/STM32F4xx_HAL_Driver/Src/stm32f4xx_hal_rtc.c **** 
1559:Drivers/STM32F4xx_HAL_Driver/Src/stm32f4xx_hal_rtc.c ****   /* Get the Alarm A interrupt source enable status */
1560:Drivers/STM32F4xx_HAL_Driver/Src/stm32f4xx_hal_rtc.c ****   if (__HAL_RTC_ALARM_GET_IT_SOURCE(hrtc, RTC_IT_ALRA) != 0U)
1561:Drivers/STM32F4xx_HAL_Driver/Src/stm32f4xx_hal_rtc.c ****   {
1562:Drivers/STM32F4xx_HAL_Driver/Src/stm32f4xx_hal_rtc.c ****     /* Get the pending status of the Alarm A Interrupt */
1563:Drivers/STM32F4xx_HAL_Driver/Src/stm32f4xx_hal_rtc.c ****     if (__HAL_RTC_ALARM_GET_FLAG(hrtc, RTC_FLAG_ALRAF) != 0U)
1564:Drivers/STM32F4xx_HAL_Driver/Src/stm32f4xx_hal_rtc.c ****     {
1565:Drivers/STM32F4xx_HAL_Driver/Src/stm32f4xx_hal_rtc.c ****       /* Clear the Alarm A interrupt pending bit */
1566:Drivers/STM32F4xx_HAL_Driver/Src/stm32f4xx_hal_rtc.c ****       __HAL_RTC_ALARM_CLEAR_FLAG(hrtc, RTC_FLAG_ALRAF);
1567:Drivers/STM32F4xx_HAL_Driver/Src/stm32f4xx_hal_rtc.c **** 
1568:Drivers/STM32F4xx_HAL_Driver/Src/stm32f4xx_hal_rtc.c ****       /* Alarm A callback */
1569:Drivers/STM32F4xx_HAL_Driver/Src/stm32f4xx_hal_rtc.c **** #if (USE_HAL_RTC_REGISTER_CALLBACKS == 1)
1570:Drivers/STM32F4xx_HAL_Driver/Src/stm32f4xx_hal_rtc.c ****       hrtc->AlarmAEventCallback(hrtc);
1571:Drivers/STM32F4xx_HAL_Driver/Src/stm32f4xx_hal_rtc.c **** #else
1572:Drivers/STM32F4xx_HAL_Driver/Src/stm32f4xx_hal_rtc.c ****       HAL_RTC_AlarmAEventCallback(hrtc);
1573:Drivers/STM32F4xx_HAL_Driver/Src/stm32f4xx_hal_rtc.c **** #endif /* USE_HAL_RTC_REGISTER_CALLBACKS */
1574:Drivers/STM32F4xx_HAL_Driver/Src/stm32f4xx_hal_rtc.c ****     }
1575:Drivers/STM32F4xx_HAL_Driver/Src/stm32f4xx_hal_rtc.c ****   }
1576:Drivers/STM32F4xx_HAL_Driver/Src/stm32f4xx_hal_rtc.c **** 
1577:Drivers/STM32F4xx_HAL_Driver/Src/stm32f4xx_hal_rtc.c ****   /* Get the Alarm B interrupt source enable status */
1578:Drivers/STM32F4xx_HAL_Driver/Src/stm32f4xx_hal_rtc.c ****   if (__HAL_RTC_ALARM_GET_IT_SOURCE(hrtc, RTC_IT_ALRB) != 0U)
1579:Drivers/STM32F4xx_HAL_Driver/Src/stm32f4xx_hal_rtc.c ****   {
1580:Drivers/STM32F4xx_HAL_Driver/Src/stm32f4xx_hal_rtc.c ****     /* Get the pending status of the Alarm B Interrupt */
1581:Drivers/STM32F4xx_HAL_Driver/Src/stm32f4xx_hal_rtc.c ****     if (__HAL_RTC_ALARM_GET_FLAG(hrtc, RTC_FLAG_ALRBF) != 0U)
1582:Drivers/STM32F4xx_HAL_Driver/Src/stm32f4xx_hal_rtc.c ****     {
1583:Drivers/STM32F4xx_HAL_Driver/Src/stm32f4xx_hal_rtc.c ****       /* Clear the Alarm B interrupt pending bit */
1584:Drivers/STM32F4xx_HAL_Driver/Src/stm32f4xx_hal_rtc.c ****       __HAL_RTC_ALARM_CLEAR_FLAG(hrtc, RTC_FLAG_ALRBF);
1585:Drivers/STM32F4xx_HAL_Driver/Src/stm32f4xx_hal_rtc.c **** 
1586:Drivers/STM32F4xx_HAL_Driver/Src/stm32f4xx_hal_rtc.c ****       /* Alarm B callback */
1587:Drivers/STM32F4xx_HAL_Driver/Src/stm32f4xx_hal_rtc.c **** #if (USE_HAL_RTC_REGISTER_CALLBACKS == 1)
1588:Drivers/STM32F4xx_HAL_Driver/Src/stm32f4xx_hal_rtc.c ****       hrtc->AlarmBEventCallback(hrtc);
1589:Drivers/STM32F4xx_HAL_Driver/Src/stm32f4xx_hal_rtc.c **** #else
1590:Drivers/STM32F4xx_HAL_Driver/Src/stm32f4xx_hal_rtc.c ****       HAL_RTCEx_AlarmBEventCallback(hrtc);
1591:Drivers/STM32F4xx_HAL_Driver/Src/stm32f4xx_hal_rtc.c **** #endif /* USE_HAL_RTC_REGISTER_CALLBACKS */
1592:Drivers/STM32F4xx_HAL_Driver/Src/stm32f4xx_hal_rtc.c ****     }
1593:Drivers/STM32F4xx_HAL_Driver/Src/stm32f4xx_hal_rtc.c ****   }
1594:Drivers/STM32F4xx_HAL_Driver/Src/stm32f4xx_hal_rtc.c **** 
1595:Drivers/STM32F4xx_HAL_Driver/Src/stm32f4xx_hal_rtc.c ****   /* Change RTC state */
1596:Drivers/STM32F4xx_HAL_Driver/Src/stm32f4xx_hal_rtc.c ****   hrtc->State = HAL_RTC_STATE_READY;
1597:Drivers/STM32F4xx_HAL_Driver/Src/stm32f4xx_hal_rtc.c **** }
1598:Drivers/STM32F4xx_HAL_Driver/Src/stm32f4xx_hal_rtc.c **** 
1599:Drivers/STM32F4xx_HAL_Driver/Src/stm32f4xx_hal_rtc.c **** /**
1600:Drivers/STM32F4xx_HAL_Driver/Src/stm32f4xx_hal_rtc.c ****   * @brief  Alarm A callback.
ARM GAS  C:\Users\40918\AppData\Local\Temp\cc17lxaj.s 			page 34


1601:Drivers/STM32F4xx_HAL_Driver/Src/stm32f4xx_hal_rtc.c ****   * @param  hrtc pointer to a RTC_HandleTypeDef structure that contains
1602:Drivers/STM32F4xx_HAL_Driver/Src/stm32f4xx_hal_rtc.c ****   *                the configuration information for RTC.
1603:Drivers/STM32F4xx_HAL_Driver/Src/stm32f4xx_hal_rtc.c ****   * @retval None
1604:Drivers/STM32F4xx_HAL_Driver/Src/stm32f4xx_hal_rtc.c ****   */
1605:Drivers/STM32F4xx_HAL_Driver/Src/stm32f4xx_hal_rtc.c **** __weak void HAL_RTC_AlarmAEventCallback(RTC_HandleTypeDef *hrtc)
1606:Drivers/STM32F4xx_HAL_Driver/Src/stm32f4xx_hal_rtc.c **** {
 264              		.loc 1 1606 1 is_stmt 1 view -0
 265              		.cfi_startproc
 266              		@ args = 0, pretend = 0, frame = 0
 267              		@ frame_needed = 0, uses_anonymous_args = 0
 268              		@ link register save eliminated.
1607:Drivers/STM32F4xx_HAL_Driver/Src/stm32f4xx_hal_rtc.c ****   /* Prevent unused argument(s) compilation warning */
1608:Drivers/STM32F4xx_HAL_Driver/Src/stm32f4xx_hal_rtc.c ****   UNUSED(hrtc);
 269              		.loc 1 1608 3 view .LVU81
1609:Drivers/STM32F4xx_HAL_Driver/Src/stm32f4xx_hal_rtc.c **** 
1610:Drivers/STM32F4xx_HAL_Driver/Src/stm32f4xx_hal_rtc.c ****   /* NOTE: This function should not be modified, when the callback is needed,
1611:Drivers/STM32F4xx_HAL_Driver/Src/stm32f4xx_hal_rtc.c ****            the HAL_RTC_AlarmAEventCallback could be implemented in the user file
1612:Drivers/STM32F4xx_HAL_Driver/Src/stm32f4xx_hal_rtc.c ****    */
1613:Drivers/STM32F4xx_HAL_Driver/Src/stm32f4xx_hal_rtc.c **** }
 270              		.loc 1 1613 1 is_stmt 0 view .LVU82
 271 0000 7047     		bx	lr
 272              		.cfi_endproc
 273              	.LFE252:
 275              		.section	.text.HAL_RTC_AlarmIRQHandler,"ax",%progbits
 276              		.align	1
 277              		.global	HAL_RTC_AlarmIRQHandler
 278              		.syntax unified
 279              		.thumb
 280              		.thumb_func
 282              	HAL_RTC_AlarmIRQHandler:
 283              	.LVL15:
 284              	.LFB251:
1555:Drivers/STM32F4xx_HAL_Driver/Src/stm32f4xx_hal_rtc.c ****   /* Clear the EXTI flag associated to the RTC Alarm interrupt */
 285              		.loc 1 1555 1 is_stmt 1 view -0
 286              		.cfi_startproc
 287              		@ args = 0, pretend = 0, frame = 0
 288              		@ frame_needed = 0, uses_anonymous_args = 0
1555:Drivers/STM32F4xx_HAL_Driver/Src/stm32f4xx_hal_rtc.c ****   /* Clear the EXTI flag associated to the RTC Alarm interrupt */
 289              		.loc 1 1555 1 is_stmt 0 view .LVU84
 290 0000 10B5     		push	{r4, lr}
 291              	.LCFI1:
 292              		.cfi_def_cfa_offset 8
 293              		.cfi_offset 4, -8
 294              		.cfi_offset 14, -4
 295 0002 0446     		mov	r4, r0
1557:Drivers/STM32F4xx_HAL_Driver/Src/stm32f4xx_hal_rtc.c **** 
 296              		.loc 1 1557 3 is_stmt 1 view .LVU85
 297 0004 144B     		ldr	r3, .L21
 298 0006 4FF40032 		mov	r2, #131072
 299 000a 5A61     		str	r2, [r3, #20]
1560:Drivers/STM32F4xx_HAL_Driver/Src/stm32f4xx_hal_rtc.c ****   {
 300              		.loc 1 1560 3 view .LVU86
1560:Drivers/STM32F4xx_HAL_Driver/Src/stm32f4xx_hal_rtc.c ****   {
 301              		.loc 1 1560 7 is_stmt 0 view .LVU87
 302 000c 0368     		ldr	r3, [r0]
 303 000e 9A68     		ldr	r2, [r3, #8]
1560:Drivers/STM32F4xx_HAL_Driver/Src/stm32f4xx_hal_rtc.c ****   {
ARM GAS  C:\Users\40918\AppData\Local\Temp\cc17lxaj.s 			page 35


 304              		.loc 1 1560 6 view .LVU88
 305 0010 12F4805F 		tst	r2, #4096
 306 0014 03D0     		beq	.L16
1563:Drivers/STM32F4xx_HAL_Driver/Src/stm32f4xx_hal_rtc.c ****     {
 307              		.loc 1 1563 5 is_stmt 1 view .LVU89
1563:Drivers/STM32F4xx_HAL_Driver/Src/stm32f4xx_hal_rtc.c ****     {
 308              		.loc 1 1563 9 is_stmt 0 view .LVU90
 309 0016 DA68     		ldr	r2, [r3, #12]
1563:Drivers/STM32F4xx_HAL_Driver/Src/stm32f4xx_hal_rtc.c ****     {
 310              		.loc 1 1563 8 view .LVU91
 311 0018 12F4807F 		tst	r2, #256
 312 001c 0BD1     		bne	.L19
 313              	.LVL16:
 314              	.L16:
1578:Drivers/STM32F4xx_HAL_Driver/Src/stm32f4xx_hal_rtc.c ****   {
 315              		.loc 1 1578 3 is_stmt 1 view .LVU92
1578:Drivers/STM32F4xx_HAL_Driver/Src/stm32f4xx_hal_rtc.c ****   {
 316              		.loc 1 1578 7 is_stmt 0 view .LVU93
 317 001e 2368     		ldr	r3, [r4]
 318 0020 9A68     		ldr	r2, [r3, #8]
1578:Drivers/STM32F4xx_HAL_Driver/Src/stm32f4xx_hal_rtc.c ****   {
 319              		.loc 1 1578 6 view .LVU94
 320 0022 12F4005F 		tst	r2, #8192
 321 0026 03D0     		beq	.L17
1581:Drivers/STM32F4xx_HAL_Driver/Src/stm32f4xx_hal_rtc.c ****     {
 322              		.loc 1 1581 5 is_stmt 1 view .LVU95
1581:Drivers/STM32F4xx_HAL_Driver/Src/stm32f4xx_hal_rtc.c ****     {
 323              		.loc 1 1581 9 is_stmt 0 view .LVU96
 324 0028 DA68     		ldr	r2, [r3, #12]
1581:Drivers/STM32F4xx_HAL_Driver/Src/stm32f4xx_hal_rtc.c ****     {
 325              		.loc 1 1581 8 view .LVU97
 326 002a 12F4007F 		tst	r2, #512
 327 002e 0AD1     		bne	.L20
 328              	.L17:
1596:Drivers/STM32F4xx_HAL_Driver/Src/stm32f4xx_hal_rtc.c **** }
 329              		.loc 1 1596 3 is_stmt 1 view .LVU98
1596:Drivers/STM32F4xx_HAL_Driver/Src/stm32f4xx_hal_rtc.c **** }
 330              		.loc 1 1596 15 is_stmt 0 view .LVU99
 331 0030 0123     		movs	r3, #1
 332 0032 6377     		strb	r3, [r4, #29]
1597:Drivers/STM32F4xx_HAL_Driver/Src/stm32f4xx_hal_rtc.c **** 
 333              		.loc 1 1597 1 view .LVU100
 334 0034 10BD     		pop	{r4, pc}
 335              	.LVL17:
 336              	.L19:
1566:Drivers/STM32F4xx_HAL_Driver/Src/stm32f4xx_hal_rtc.c **** 
 337              		.loc 1 1566 7 is_stmt 1 view .LVU101
 338 0036 DA68     		ldr	r2, [r3, #12]
 339 0038 D2B2     		uxtb	r2, r2
 340 003a 62F4C072 		orn	r2, r2, #384
 341 003e DA60     		str	r2, [r3, #12]
1572:Drivers/STM32F4xx_HAL_Driver/Src/stm32f4xx_hal_rtc.c **** #endif /* USE_HAL_RTC_REGISTER_CALLBACKS */
 342              		.loc 1 1572 7 view .LVU102
 343 0040 FFF7FEFF 		bl	HAL_RTC_AlarmAEventCallback
 344              	.LVL18:
1572:Drivers/STM32F4xx_HAL_Driver/Src/stm32f4xx_hal_rtc.c **** #endif /* USE_HAL_RTC_REGISTER_CALLBACKS */
 345              		.loc 1 1572 7 is_stmt 0 view .LVU103
ARM GAS  C:\Users\40918\AppData\Local\Temp\cc17lxaj.s 			page 36


 346 0044 EBE7     		b	.L16
 347              	.L20:
1584:Drivers/STM32F4xx_HAL_Driver/Src/stm32f4xx_hal_rtc.c **** 
 348              		.loc 1 1584 7 is_stmt 1 view .LVU104
 349 0046 DA68     		ldr	r2, [r3, #12]
 350 0048 D2B2     		uxtb	r2, r2
 351 004a 62F42072 		orn	r2, r2, #640
 352 004e DA60     		str	r2, [r3, #12]
1590:Drivers/STM32F4xx_HAL_Driver/Src/stm32f4xx_hal_rtc.c **** #endif /* USE_HAL_RTC_REGISTER_CALLBACKS */
 353              		.loc 1 1590 7 view .LVU105
 354 0050 2046     		mov	r0, r4
 355 0052 FFF7FEFF 		bl	HAL_RTCEx_AlarmBEventCallback
 356              	.LVL19:
 357 0056 EBE7     		b	.L17
 358              	.L22:
 359              		.align	2
 360              	.L21:
 361 0058 003C0140 		.word	1073822720
 362              		.cfi_endproc
 363              	.LFE251:
 365              		.section	.text.HAL_RTC_PollForAlarmAEvent,"ax",%progbits
 366              		.align	1
 367              		.global	HAL_RTC_PollForAlarmAEvent
 368              		.syntax unified
 369              		.thumb
 370              		.thumb_func
 372              	HAL_RTC_PollForAlarmAEvent:
 373              	.LVL20:
 374              	.LFB253:
1614:Drivers/STM32F4xx_HAL_Driver/Src/stm32f4xx_hal_rtc.c **** 
1615:Drivers/STM32F4xx_HAL_Driver/Src/stm32f4xx_hal_rtc.c **** /**
1616:Drivers/STM32F4xx_HAL_Driver/Src/stm32f4xx_hal_rtc.c ****   * @brief  Handles Alarm A Polling request.
1617:Drivers/STM32F4xx_HAL_Driver/Src/stm32f4xx_hal_rtc.c ****   * @param  hrtc pointer to a RTC_HandleTypeDef structure that contains
1618:Drivers/STM32F4xx_HAL_Driver/Src/stm32f4xx_hal_rtc.c ****   *                the configuration information for RTC.
1619:Drivers/STM32F4xx_HAL_Driver/Src/stm32f4xx_hal_rtc.c ****   * @param  Timeout Timeout duration
1620:Drivers/STM32F4xx_HAL_Driver/Src/stm32f4xx_hal_rtc.c ****   * @retval HAL status
1621:Drivers/STM32F4xx_HAL_Driver/Src/stm32f4xx_hal_rtc.c ****   */
1622:Drivers/STM32F4xx_HAL_Driver/Src/stm32f4xx_hal_rtc.c **** HAL_StatusTypeDef HAL_RTC_PollForAlarmAEvent(RTC_HandleTypeDef *hrtc, uint32_t Timeout)
1623:Drivers/STM32F4xx_HAL_Driver/Src/stm32f4xx_hal_rtc.c **** {
 375              		.loc 1 1623 1 view -0
 376              		.cfi_startproc
 377              		@ args = 0, pretend = 0, frame = 0
 378              		@ frame_needed = 0, uses_anonymous_args = 0
 379              		.loc 1 1623 1 is_stmt 0 view .LVU107
 380 0000 70B5     		push	{r4, r5, r6, lr}
 381              	.LCFI2:
 382              		.cfi_def_cfa_offset 16
 383              		.cfi_offset 4, -16
 384              		.cfi_offset 5, -12
 385              		.cfi_offset 6, -8
 386              		.cfi_offset 14, -4
 387 0002 0446     		mov	r4, r0
 388 0004 0D46     		mov	r5, r1
1624:Drivers/STM32F4xx_HAL_Driver/Src/stm32f4xx_hal_rtc.c ****   uint32_t tickstart = 0U;
 389              		.loc 1 1624 3 is_stmt 1 view .LVU108
 390              	.LVL21:
1625:Drivers/STM32F4xx_HAL_Driver/Src/stm32f4xx_hal_rtc.c **** 
ARM GAS  C:\Users\40918\AppData\Local\Temp\cc17lxaj.s 			page 37


1626:Drivers/STM32F4xx_HAL_Driver/Src/stm32f4xx_hal_rtc.c ****   /* Get tick */
1627:Drivers/STM32F4xx_HAL_Driver/Src/stm32f4xx_hal_rtc.c ****   tickstart = HAL_GetTick();
 391              		.loc 1 1627 3 view .LVU109
 392              		.loc 1 1627 15 is_stmt 0 view .LVU110
 393 0006 FFF7FEFF 		bl	HAL_GetTick
 394              	.LVL22:
 395              		.loc 1 1627 15 view .LVU111
 396 000a 0646     		mov	r6, r0
 397              	.LVL23:
1628:Drivers/STM32F4xx_HAL_Driver/Src/stm32f4xx_hal_rtc.c **** 
1629:Drivers/STM32F4xx_HAL_Driver/Src/stm32f4xx_hal_rtc.c ****   /* Wait till RTC ALRAF flag is set and if timeout is reached exit */
1630:Drivers/STM32F4xx_HAL_Driver/Src/stm32f4xx_hal_rtc.c ****   while (__HAL_RTC_ALARM_GET_FLAG(hrtc, RTC_FLAG_ALRAF) == 0U)
 398              		.loc 1 1630 3 is_stmt 1 view .LVU112
 399              	.L25:
 400              		.loc 1 1630 57 view .LVU113
 401              		.loc 1 1630 10 is_stmt 0 view .LVU114
 402 000c 2368     		ldr	r3, [r4]
 403 000e DA68     		ldr	r2, [r3, #12]
 404              		.loc 1 1630 57 view .LVU115
 405 0010 12F4807F 		tst	r2, #256
 406 0014 0BD1     		bne	.L30
1631:Drivers/STM32F4xx_HAL_Driver/Src/stm32f4xx_hal_rtc.c ****   {
1632:Drivers/STM32F4xx_HAL_Driver/Src/stm32f4xx_hal_rtc.c ****     if (Timeout != HAL_MAX_DELAY)
 407              		.loc 1 1632 5 is_stmt 1 view .LVU116
 408              		.loc 1 1632 8 is_stmt 0 view .LVU117
 409 0016 B5F1FF3F 		cmp	r5, #-1
 410 001a F7D0     		beq	.L25
1633:Drivers/STM32F4xx_HAL_Driver/Src/stm32f4xx_hal_rtc.c ****     {
1634:Drivers/STM32F4xx_HAL_Driver/Src/stm32f4xx_hal_rtc.c ****       if ((Timeout == 0U) || ((HAL_GetTick() - tickstart) > Timeout))
 411              		.loc 1 1634 7 is_stmt 1 view .LVU118
 412              		.loc 1 1634 10 is_stmt 0 view .LVU119
 413 001c 25B1     		cbz	r5, .L26
 414              		.loc 1 1634 32 discriminator 1 view .LVU120
 415 001e FFF7FEFF 		bl	HAL_GetTick
 416              	.LVL24:
 417              		.loc 1 1634 46 discriminator 1 view .LVU121
 418 0022 801B     		subs	r0, r0, r6
 419              		.loc 1 1634 27 discriminator 1 view .LVU122
 420 0024 A842     		cmp	r0, r5
 421 0026 F1D9     		bls	.L25
 422              	.L26:
1635:Drivers/STM32F4xx_HAL_Driver/Src/stm32f4xx_hal_rtc.c ****       {
1636:Drivers/STM32F4xx_HAL_Driver/Src/stm32f4xx_hal_rtc.c ****         hrtc->State = HAL_RTC_STATE_TIMEOUT;
 423              		.loc 1 1636 9 is_stmt 1 view .LVU123
 424              		.loc 1 1636 21 is_stmt 0 view .LVU124
 425 0028 0320     		movs	r0, #3
 426 002a 6077     		strb	r0, [r4, #29]
1637:Drivers/STM32F4xx_HAL_Driver/Src/stm32f4xx_hal_rtc.c ****         return HAL_TIMEOUT;
 427              		.loc 1 1637 9 is_stmt 1 view .LVU125
 428              		.loc 1 1637 16 is_stmt 0 view .LVU126
 429 002c 07E0     		b	.L27
 430              	.L30:
1638:Drivers/STM32F4xx_HAL_Driver/Src/stm32f4xx_hal_rtc.c ****       }
1639:Drivers/STM32F4xx_HAL_Driver/Src/stm32f4xx_hal_rtc.c ****     }
1640:Drivers/STM32F4xx_HAL_Driver/Src/stm32f4xx_hal_rtc.c ****   }
1641:Drivers/STM32F4xx_HAL_Driver/Src/stm32f4xx_hal_rtc.c **** 
1642:Drivers/STM32F4xx_HAL_Driver/Src/stm32f4xx_hal_rtc.c ****   /* Clear the Alarm flag */
ARM GAS  C:\Users\40918\AppData\Local\Temp\cc17lxaj.s 			page 38


1643:Drivers/STM32F4xx_HAL_Driver/Src/stm32f4xx_hal_rtc.c ****   __HAL_RTC_ALARM_CLEAR_FLAG(hrtc, RTC_FLAG_ALRAF);
 431              		.loc 1 1643 3 is_stmt 1 view .LVU127
 432 002e DA68     		ldr	r2, [r3, #12]
 433 0030 D2B2     		uxtb	r2, r2
 434 0032 62F4C072 		orn	r2, r2, #384
 435 0036 DA60     		str	r2, [r3, #12]
1644:Drivers/STM32F4xx_HAL_Driver/Src/stm32f4xx_hal_rtc.c **** 
1645:Drivers/STM32F4xx_HAL_Driver/Src/stm32f4xx_hal_rtc.c ****   /* Change RTC state */
1646:Drivers/STM32F4xx_HAL_Driver/Src/stm32f4xx_hal_rtc.c ****   hrtc->State = HAL_RTC_STATE_READY;
 436              		.loc 1 1646 3 view .LVU128
 437              		.loc 1 1646 15 is_stmt 0 view .LVU129
 438 0038 0123     		movs	r3, #1
 439 003a 6377     		strb	r3, [r4, #29]
1647:Drivers/STM32F4xx_HAL_Driver/Src/stm32f4xx_hal_rtc.c **** 
1648:Drivers/STM32F4xx_HAL_Driver/Src/stm32f4xx_hal_rtc.c ****   return HAL_OK;
 440              		.loc 1 1648 3 is_stmt 1 view .LVU130
 441              		.loc 1 1648 10 is_stmt 0 view .LVU131
 442 003c 0020     		movs	r0, #0
 443              	.L27:
1649:Drivers/STM32F4xx_HAL_Driver/Src/stm32f4xx_hal_rtc.c **** }
 444              		.loc 1 1649 1 view .LVU132
 445 003e 70BD     		pop	{r4, r5, r6, pc}
 446              		.loc 1 1649 1 view .LVU133
 447              		.cfi_endproc
 448              	.LFE253:
 450              		.section	.text.HAL_RTC_WaitForSynchro,"ax",%progbits
 451              		.align	1
 452              		.global	HAL_RTC_WaitForSynchro
 453              		.syntax unified
 454              		.thumb
 455              		.thumb_func
 457              	HAL_RTC_WaitForSynchro:
 458              	.LVL25:
 459              	.LFB254:
1650:Drivers/STM32F4xx_HAL_Driver/Src/stm32f4xx_hal_rtc.c **** 
1651:Drivers/STM32F4xx_HAL_Driver/Src/stm32f4xx_hal_rtc.c **** /**
1652:Drivers/STM32F4xx_HAL_Driver/Src/stm32f4xx_hal_rtc.c ****   * @}
1653:Drivers/STM32F4xx_HAL_Driver/Src/stm32f4xx_hal_rtc.c ****   */
1654:Drivers/STM32F4xx_HAL_Driver/Src/stm32f4xx_hal_rtc.c **** 
1655:Drivers/STM32F4xx_HAL_Driver/Src/stm32f4xx_hal_rtc.c **** /** @defgroup RTC_Exported_Functions_Group4 Peripheral Control functions
1656:Drivers/STM32F4xx_HAL_Driver/Src/stm32f4xx_hal_rtc.c ****   * @brief    Peripheral Control functions
1657:Drivers/STM32F4xx_HAL_Driver/Src/stm32f4xx_hal_rtc.c ****   *
1658:Drivers/STM32F4xx_HAL_Driver/Src/stm32f4xx_hal_rtc.c **** @verbatim
1659:Drivers/STM32F4xx_HAL_Driver/Src/stm32f4xx_hal_rtc.c ****  ===============================================================================
1660:Drivers/STM32F4xx_HAL_Driver/Src/stm32f4xx_hal_rtc.c ****                      ##### Peripheral Control functions #####
1661:Drivers/STM32F4xx_HAL_Driver/Src/stm32f4xx_hal_rtc.c ****  ===============================================================================
1662:Drivers/STM32F4xx_HAL_Driver/Src/stm32f4xx_hal_rtc.c ****     [..]
1663:Drivers/STM32F4xx_HAL_Driver/Src/stm32f4xx_hal_rtc.c ****     This subsection provides functions allowing to
1664:Drivers/STM32F4xx_HAL_Driver/Src/stm32f4xx_hal_rtc.c ****       (+) Wait for RTC Time and Date Synchronization
1665:Drivers/STM32F4xx_HAL_Driver/Src/stm32f4xx_hal_rtc.c ****       (+) Manage RTC Summer or Winter time change
1666:Drivers/STM32F4xx_HAL_Driver/Src/stm32f4xx_hal_rtc.c **** 
1667:Drivers/STM32F4xx_HAL_Driver/Src/stm32f4xx_hal_rtc.c **** @endverbatim
1668:Drivers/STM32F4xx_HAL_Driver/Src/stm32f4xx_hal_rtc.c ****   * @{
1669:Drivers/STM32F4xx_HAL_Driver/Src/stm32f4xx_hal_rtc.c ****   */
1670:Drivers/STM32F4xx_HAL_Driver/Src/stm32f4xx_hal_rtc.c **** 
1671:Drivers/STM32F4xx_HAL_Driver/Src/stm32f4xx_hal_rtc.c **** /**
1672:Drivers/STM32F4xx_HAL_Driver/Src/stm32f4xx_hal_rtc.c ****   * @brief  Waits until the RTC Time and Date registers (RTC_TR and RTC_DR) are
ARM GAS  C:\Users\40918\AppData\Local\Temp\cc17lxaj.s 			page 39


1673:Drivers/STM32F4xx_HAL_Driver/Src/stm32f4xx_hal_rtc.c ****   *         synchronized with RTC APB clock.
1674:Drivers/STM32F4xx_HAL_Driver/Src/stm32f4xx_hal_rtc.c ****   * @note   The RTC Resynchronization mode is write protected, use the
1675:Drivers/STM32F4xx_HAL_Driver/Src/stm32f4xx_hal_rtc.c ****   *         __HAL_RTC_WRITEPROTECTION_DISABLE() before calling this function.
1676:Drivers/STM32F4xx_HAL_Driver/Src/stm32f4xx_hal_rtc.c ****   * @note   To read the calendar through the shadow registers after Calendar
1677:Drivers/STM32F4xx_HAL_Driver/Src/stm32f4xx_hal_rtc.c ****   *         initialization, calendar update or after wakeup from low power modes
1678:Drivers/STM32F4xx_HAL_Driver/Src/stm32f4xx_hal_rtc.c ****   *         the software must first clear the RSF flag.
1679:Drivers/STM32F4xx_HAL_Driver/Src/stm32f4xx_hal_rtc.c ****   *         The software must then wait until it is set again before reading
1680:Drivers/STM32F4xx_HAL_Driver/Src/stm32f4xx_hal_rtc.c ****   *         the calendar, which means that the calendar registers have been
1681:Drivers/STM32F4xx_HAL_Driver/Src/stm32f4xx_hal_rtc.c ****   *         correctly copied into the RTC_TR and RTC_DR shadow registers.
1682:Drivers/STM32F4xx_HAL_Driver/Src/stm32f4xx_hal_rtc.c ****   * @param  hrtc pointer to a RTC_HandleTypeDef structure that contains
1683:Drivers/STM32F4xx_HAL_Driver/Src/stm32f4xx_hal_rtc.c ****   *                the configuration information for RTC.
1684:Drivers/STM32F4xx_HAL_Driver/Src/stm32f4xx_hal_rtc.c ****   * @retval HAL status
1685:Drivers/STM32F4xx_HAL_Driver/Src/stm32f4xx_hal_rtc.c ****   */
1686:Drivers/STM32F4xx_HAL_Driver/Src/stm32f4xx_hal_rtc.c **** HAL_StatusTypeDef HAL_RTC_WaitForSynchro(RTC_HandleTypeDef *hrtc)
1687:Drivers/STM32F4xx_HAL_Driver/Src/stm32f4xx_hal_rtc.c **** {
 460              		.loc 1 1687 1 is_stmt 1 view -0
 461              		.cfi_startproc
 462              		@ args = 0, pretend = 0, frame = 0
 463              		@ frame_needed = 0, uses_anonymous_args = 0
 464              		.loc 1 1687 1 is_stmt 0 view .LVU135
 465 0000 38B5     		push	{r3, r4, r5, lr}
 466              	.LCFI3:
 467              		.cfi_def_cfa_offset 16
 468              		.cfi_offset 3, -16
 469              		.cfi_offset 4, -12
 470              		.cfi_offset 5, -8
 471              		.cfi_offset 14, -4
 472 0002 0446     		mov	r4, r0
1688:Drivers/STM32F4xx_HAL_Driver/Src/stm32f4xx_hal_rtc.c ****   uint32_t tickstart = 0U;
 473              		.loc 1 1688 3 is_stmt 1 view .LVU136
 474              	.LVL26:
1689:Drivers/STM32F4xx_HAL_Driver/Src/stm32f4xx_hal_rtc.c **** 
1690:Drivers/STM32F4xx_HAL_Driver/Src/stm32f4xx_hal_rtc.c ****   /* Clear RSF flag, keep reserved bits at reset values (setting other flags has no effect) */
1691:Drivers/STM32F4xx_HAL_Driver/Src/stm32f4xx_hal_rtc.c ****   hrtc->Instance->ISR = ((uint32_t)(RTC_RSF_MASK & RTC_ISR_RESERVED_MASK));
 475              		.loc 1 1691 3 view .LVU137
 476              		.loc 1 1691 7 is_stmt 0 view .LVU138
 477 0004 0368     		ldr	r3, [r0]
 478              		.loc 1 1691 23 view .LVU139
 479 0006 0A4A     		ldr	r2, .L38
 480 0008 DA60     		str	r2, [r3, #12]
1692:Drivers/STM32F4xx_HAL_Driver/Src/stm32f4xx_hal_rtc.c **** 
1693:Drivers/STM32F4xx_HAL_Driver/Src/stm32f4xx_hal_rtc.c ****   /* Get tick */
1694:Drivers/STM32F4xx_HAL_Driver/Src/stm32f4xx_hal_rtc.c ****   tickstart = HAL_GetTick();
 481              		.loc 1 1694 3 is_stmt 1 view .LVU140
 482              		.loc 1 1694 15 is_stmt 0 view .LVU141
 483 000a FFF7FEFF 		bl	HAL_GetTick
 484              	.LVL27:
 485              		.loc 1 1694 15 view .LVU142
 486 000e 0546     		mov	r5, r0
 487              	.LVL28:
1695:Drivers/STM32F4xx_HAL_Driver/Src/stm32f4xx_hal_rtc.c **** 
1696:Drivers/STM32F4xx_HAL_Driver/Src/stm32f4xx_hal_rtc.c ****   /* Wait the registers to be synchronised */
1697:Drivers/STM32F4xx_HAL_Driver/Src/stm32f4xx_hal_rtc.c ****   while ((hrtc->Instance->ISR & RTC_ISR_RSF) == 0U)
 488              		.loc 1 1697 3 is_stmt 1 view .LVU143
 489              	.L32:
 490              		.loc 1 1697 46 view .LVU144
 491              		.loc 1 1697 15 is_stmt 0 view .LVU145
ARM GAS  C:\Users\40918\AppData\Local\Temp\cc17lxaj.s 			page 40


 492 0010 2368     		ldr	r3, [r4]
 493              		.loc 1 1697 25 view .LVU146
 494 0012 DB68     		ldr	r3, [r3, #12]
 495              		.loc 1 1697 46 view .LVU147
 496 0014 13F0200F 		tst	r3, #32
 497 0018 07D1     		bne	.L37
1698:Drivers/STM32F4xx_HAL_Driver/Src/stm32f4xx_hal_rtc.c ****   {
1699:Drivers/STM32F4xx_HAL_Driver/Src/stm32f4xx_hal_rtc.c ****     if ((HAL_GetTick() - tickstart) > RTC_TIMEOUT_VALUE)
 498              		.loc 1 1699 5 is_stmt 1 view .LVU148
 499              		.loc 1 1699 10 is_stmt 0 view .LVU149
 500 001a FFF7FEFF 		bl	HAL_GetTick
 501              	.LVL29:
 502              		.loc 1 1699 24 discriminator 1 view .LVU150
 503 001e 401B     		subs	r0, r0, r5
 504              		.loc 1 1699 8 discriminator 1 view .LVU151
 505 0020 B0F57A7F 		cmp	r0, #1000
 506 0024 F4D9     		bls	.L32
1700:Drivers/STM32F4xx_HAL_Driver/Src/stm32f4xx_hal_rtc.c ****     {
1701:Drivers/STM32F4xx_HAL_Driver/Src/stm32f4xx_hal_rtc.c ****       return HAL_TIMEOUT;
 507              		.loc 1 1701 14 view .LVU152
 508 0026 0320     		movs	r0, #3
 509 0028 00E0     		b	.L33
 510              	.L37:
1702:Drivers/STM32F4xx_HAL_Driver/Src/stm32f4xx_hal_rtc.c ****     }
1703:Drivers/STM32F4xx_HAL_Driver/Src/stm32f4xx_hal_rtc.c ****   }
1704:Drivers/STM32F4xx_HAL_Driver/Src/stm32f4xx_hal_rtc.c **** 
1705:Drivers/STM32F4xx_HAL_Driver/Src/stm32f4xx_hal_rtc.c ****   return HAL_OK;
 511              		.loc 1 1705 10 view .LVU153
 512 002a 0020     		movs	r0, #0
 513              	.L33:
1706:Drivers/STM32F4xx_HAL_Driver/Src/stm32f4xx_hal_rtc.c **** }
 514              		.loc 1 1706 1 view .LVU154
 515 002c 38BD     		pop	{r3, r4, r5, pc}
 516              	.LVL30:
 517              	.L39:
 518              		.loc 1 1706 1 view .LVU155
 519 002e 00BF     		.align	2
 520              	.L38:
 521 0030 5F7F0100 		.word	98143
 522              		.cfi_endproc
 523              	.LFE254:
 525              		.section	.text.HAL_RTC_DST_Add1Hour,"ax",%progbits
 526              		.align	1
 527              		.global	HAL_RTC_DST_Add1Hour
 528              		.syntax unified
 529              		.thumb
 530              		.thumb_func
 532              	HAL_RTC_DST_Add1Hour:
 533              	.LVL31:
 534              	.LFB255:
1707:Drivers/STM32F4xx_HAL_Driver/Src/stm32f4xx_hal_rtc.c **** 
1708:Drivers/STM32F4xx_HAL_Driver/Src/stm32f4xx_hal_rtc.c **** /**
1709:Drivers/STM32F4xx_HAL_Driver/Src/stm32f4xx_hal_rtc.c ****   * @brief  Daylight Saving Time, adds one hour to the calendar in one
1710:Drivers/STM32F4xx_HAL_Driver/Src/stm32f4xx_hal_rtc.c ****   *         single operation without going through the initialization procedure.
1711:Drivers/STM32F4xx_HAL_Driver/Src/stm32f4xx_hal_rtc.c ****   * @param  hrtc pointer to a RTC_HandleTypeDef structure that contains
1712:Drivers/STM32F4xx_HAL_Driver/Src/stm32f4xx_hal_rtc.c ****   *                the configuration information for RTC.
1713:Drivers/STM32F4xx_HAL_Driver/Src/stm32f4xx_hal_rtc.c ****   * @retval None
ARM GAS  C:\Users\40918\AppData\Local\Temp\cc17lxaj.s 			page 41


1714:Drivers/STM32F4xx_HAL_Driver/Src/stm32f4xx_hal_rtc.c ****   */
1715:Drivers/STM32F4xx_HAL_Driver/Src/stm32f4xx_hal_rtc.c **** void HAL_RTC_DST_Add1Hour(RTC_HandleTypeDef *hrtc)
1716:Drivers/STM32F4xx_HAL_Driver/Src/stm32f4xx_hal_rtc.c **** {
 535              		.loc 1 1716 1 is_stmt 1 view -0
 536              		.cfi_startproc
 537              		@ args = 0, pretend = 0, frame = 0
 538              		@ frame_needed = 0, uses_anonymous_args = 0
 539              		@ link register save eliminated.
1717:Drivers/STM32F4xx_HAL_Driver/Src/stm32f4xx_hal_rtc.c ****   __HAL_RTC_WRITEPROTECTION_DISABLE(hrtc);
 540              		.loc 1 1717 3 view .LVU157
 541              		.loc 1 1717 3 view .LVU158
 542 0000 0368     		ldr	r3, [r0]
 543 0002 CA22     		movs	r2, #202
 544 0004 5A62     		str	r2, [r3, #36]
 545              		.loc 1 1717 3 view .LVU159
 546 0006 0368     		ldr	r3, [r0]
 547 0008 5322     		movs	r2, #83
 548 000a 5A62     		str	r2, [r3, #36]
 549              		.loc 1 1717 3 view .LVU160
1718:Drivers/STM32F4xx_HAL_Driver/Src/stm32f4xx_hal_rtc.c ****   SET_BIT(hrtc->Instance->CR, RTC_CR_ADD1H);
 550              		.loc 1 1718 3 view .LVU161
 551 000c 0268     		ldr	r2, [r0]
 552 000e 9368     		ldr	r3, [r2, #8]
 553 0010 43F48033 		orr	r3, r3, #65536
 554 0014 9360     		str	r3, [r2, #8]
1719:Drivers/STM32F4xx_HAL_Driver/Src/stm32f4xx_hal_rtc.c ****   __HAL_RTC_WRITEPROTECTION_ENABLE(hrtc);
 555              		.loc 1 1719 3 view .LVU162
 556              		.loc 1 1719 3 view .LVU163
 557 0016 0368     		ldr	r3, [r0]
 558 0018 FF22     		movs	r2, #255
 559 001a 5A62     		str	r2, [r3, #36]
 560              		.loc 1 1719 3 view .LVU164
1720:Drivers/STM32F4xx_HAL_Driver/Src/stm32f4xx_hal_rtc.c **** }
 561              		.loc 1 1720 1 is_stmt 0 view .LVU165
 562 001c 7047     		bx	lr
 563              		.cfi_endproc
 564              	.LFE255:
 566              		.section	.text.HAL_RTC_DST_Sub1Hour,"ax",%progbits
 567              		.align	1
 568              		.global	HAL_RTC_DST_Sub1Hour
 569              		.syntax unified
 570              		.thumb
 571              		.thumb_func
 573              	HAL_RTC_DST_Sub1Hour:
 574              	.LVL32:
 575              	.LFB256:
1721:Drivers/STM32F4xx_HAL_Driver/Src/stm32f4xx_hal_rtc.c **** 
1722:Drivers/STM32F4xx_HAL_Driver/Src/stm32f4xx_hal_rtc.c **** /**
1723:Drivers/STM32F4xx_HAL_Driver/Src/stm32f4xx_hal_rtc.c ****   * @brief  Daylight Saving Time, subtracts one hour from the calendar in one
1724:Drivers/STM32F4xx_HAL_Driver/Src/stm32f4xx_hal_rtc.c ****   *         single operation without going through the initialization procedure.
1725:Drivers/STM32F4xx_HAL_Driver/Src/stm32f4xx_hal_rtc.c ****   * @param  hrtc pointer to a RTC_HandleTypeDef structure that contains
1726:Drivers/STM32F4xx_HAL_Driver/Src/stm32f4xx_hal_rtc.c ****   *                the configuration information for RTC.
1727:Drivers/STM32F4xx_HAL_Driver/Src/stm32f4xx_hal_rtc.c ****   * @retval None
1728:Drivers/STM32F4xx_HAL_Driver/Src/stm32f4xx_hal_rtc.c ****   */
1729:Drivers/STM32F4xx_HAL_Driver/Src/stm32f4xx_hal_rtc.c **** void HAL_RTC_DST_Sub1Hour(RTC_HandleTypeDef *hrtc)
1730:Drivers/STM32F4xx_HAL_Driver/Src/stm32f4xx_hal_rtc.c **** {
 576              		.loc 1 1730 1 is_stmt 1 view -0
ARM GAS  C:\Users\40918\AppData\Local\Temp\cc17lxaj.s 			page 42


 577              		.cfi_startproc
 578              		@ args = 0, pretend = 0, frame = 0
 579              		@ frame_needed = 0, uses_anonymous_args = 0
 580              		@ link register save eliminated.
1731:Drivers/STM32F4xx_HAL_Driver/Src/stm32f4xx_hal_rtc.c ****   __HAL_RTC_WRITEPROTECTION_DISABLE(hrtc);
 581              		.loc 1 1731 3 view .LVU167
 582              		.loc 1 1731 3 view .LVU168
 583 0000 0368     		ldr	r3, [r0]
 584 0002 CA22     		movs	r2, #202
 585 0004 5A62     		str	r2, [r3, #36]
 586              		.loc 1 1731 3 view .LVU169
 587 0006 0368     		ldr	r3, [r0]
 588 0008 5322     		movs	r2, #83
 589 000a 5A62     		str	r2, [r3, #36]
 590              		.loc 1 1731 3 view .LVU170
1732:Drivers/STM32F4xx_HAL_Driver/Src/stm32f4xx_hal_rtc.c ****   SET_BIT(hrtc->Instance->CR, RTC_CR_SUB1H);
 591              		.loc 1 1732 3 view .LVU171
 592 000c 0268     		ldr	r2, [r0]
 593 000e 9368     		ldr	r3, [r2, #8]
 594 0010 43F40033 		orr	r3, r3, #131072
 595 0014 9360     		str	r3, [r2, #8]
1733:Drivers/STM32F4xx_HAL_Driver/Src/stm32f4xx_hal_rtc.c ****   __HAL_RTC_WRITEPROTECTION_ENABLE(hrtc);
 596              		.loc 1 1733 3 view .LVU172
 597              		.loc 1 1733 3 view .LVU173
 598 0016 0368     		ldr	r3, [r0]
 599 0018 FF22     		movs	r2, #255
 600 001a 5A62     		str	r2, [r3, #36]
 601              		.loc 1 1733 3 view .LVU174
1734:Drivers/STM32F4xx_HAL_Driver/Src/stm32f4xx_hal_rtc.c **** }
 602              		.loc 1 1734 1 is_stmt 0 view .LVU175
 603 001c 7047     		bx	lr
 604              		.cfi_endproc
 605              	.LFE256:
 607              		.section	.text.HAL_RTC_DST_SetStoreOperation,"ax",%progbits
 608              		.align	1
 609              		.global	HAL_RTC_DST_SetStoreOperation
 610              		.syntax unified
 611              		.thumb
 612              		.thumb_func
 614              	HAL_RTC_DST_SetStoreOperation:
 615              	.LVL33:
 616              	.LFB257:
1735:Drivers/STM32F4xx_HAL_Driver/Src/stm32f4xx_hal_rtc.c **** 
1736:Drivers/STM32F4xx_HAL_Driver/Src/stm32f4xx_hal_rtc.c **** /**
1737:Drivers/STM32F4xx_HAL_Driver/Src/stm32f4xx_hal_rtc.c ****   * @brief  Daylight Saving Time, sets the store operation bit.
1738:Drivers/STM32F4xx_HAL_Driver/Src/stm32f4xx_hal_rtc.c ****   * @note   It can be used by the software in order to memorize the DST status.
1739:Drivers/STM32F4xx_HAL_Driver/Src/stm32f4xx_hal_rtc.c ****   * @param  hrtc pointer to a RTC_HandleTypeDef structure that contains
1740:Drivers/STM32F4xx_HAL_Driver/Src/stm32f4xx_hal_rtc.c ****   *                the configuration information for RTC.
1741:Drivers/STM32F4xx_HAL_Driver/Src/stm32f4xx_hal_rtc.c ****   * @retval None
1742:Drivers/STM32F4xx_HAL_Driver/Src/stm32f4xx_hal_rtc.c ****   */
1743:Drivers/STM32F4xx_HAL_Driver/Src/stm32f4xx_hal_rtc.c **** void HAL_RTC_DST_SetStoreOperation(RTC_HandleTypeDef *hrtc)
1744:Drivers/STM32F4xx_HAL_Driver/Src/stm32f4xx_hal_rtc.c **** {
 617              		.loc 1 1744 1 is_stmt 1 view -0
 618              		.cfi_startproc
 619              		@ args = 0, pretend = 0, frame = 0
 620              		@ frame_needed = 0, uses_anonymous_args = 0
 621              		@ link register save eliminated.
ARM GAS  C:\Users\40918\AppData\Local\Temp\cc17lxaj.s 			page 43


1745:Drivers/STM32F4xx_HAL_Driver/Src/stm32f4xx_hal_rtc.c ****   __HAL_RTC_WRITEPROTECTION_DISABLE(hrtc);
 622              		.loc 1 1745 3 view .LVU177
 623              		.loc 1 1745 3 view .LVU178
 624 0000 0368     		ldr	r3, [r0]
 625 0002 CA22     		movs	r2, #202
 626 0004 5A62     		str	r2, [r3, #36]
 627              		.loc 1 1745 3 view .LVU179
 628 0006 0368     		ldr	r3, [r0]
 629 0008 5322     		movs	r2, #83
 630 000a 5A62     		str	r2, [r3, #36]
 631              		.loc 1 1745 3 view .LVU180
1746:Drivers/STM32F4xx_HAL_Driver/Src/stm32f4xx_hal_rtc.c ****   SET_BIT(hrtc->Instance->CR, RTC_CR_BKP);
 632              		.loc 1 1746 3 view .LVU181
 633 000c 0268     		ldr	r2, [r0]
 634 000e 9368     		ldr	r3, [r2, #8]
 635 0010 43F48023 		orr	r3, r3, #262144
 636 0014 9360     		str	r3, [r2, #8]
1747:Drivers/STM32F4xx_HAL_Driver/Src/stm32f4xx_hal_rtc.c ****   __HAL_RTC_WRITEPROTECTION_ENABLE(hrtc);
 637              		.loc 1 1747 3 view .LVU182
 638              		.loc 1 1747 3 view .LVU183
 639 0016 0368     		ldr	r3, [r0]
 640 0018 FF22     		movs	r2, #255
 641 001a 5A62     		str	r2, [r3, #36]
 642              		.loc 1 1747 3 view .LVU184
1748:Drivers/STM32F4xx_HAL_Driver/Src/stm32f4xx_hal_rtc.c **** }
 643              		.loc 1 1748 1 is_stmt 0 view .LVU185
 644 001c 7047     		bx	lr
 645              		.cfi_endproc
 646              	.LFE257:
 648              		.section	.text.HAL_RTC_DST_ClearStoreOperation,"ax",%progbits
 649              		.align	1
 650              		.global	HAL_RTC_DST_ClearStoreOperation
 651              		.syntax unified
 652              		.thumb
 653              		.thumb_func
 655              	HAL_RTC_DST_ClearStoreOperation:
 656              	.LVL34:
 657              	.LFB258:
1749:Drivers/STM32F4xx_HAL_Driver/Src/stm32f4xx_hal_rtc.c **** 
1750:Drivers/STM32F4xx_HAL_Driver/Src/stm32f4xx_hal_rtc.c **** /**
1751:Drivers/STM32F4xx_HAL_Driver/Src/stm32f4xx_hal_rtc.c ****   * @brief  Daylight Saving Time, clears the store operation bit.
1752:Drivers/STM32F4xx_HAL_Driver/Src/stm32f4xx_hal_rtc.c ****   * @param  hrtc pointer to a RTC_HandleTypeDef structure that contains
1753:Drivers/STM32F4xx_HAL_Driver/Src/stm32f4xx_hal_rtc.c ****   *                the configuration information for RTC.
1754:Drivers/STM32F4xx_HAL_Driver/Src/stm32f4xx_hal_rtc.c ****   * @retval None
1755:Drivers/STM32F4xx_HAL_Driver/Src/stm32f4xx_hal_rtc.c ****   */
1756:Drivers/STM32F4xx_HAL_Driver/Src/stm32f4xx_hal_rtc.c **** void HAL_RTC_DST_ClearStoreOperation(RTC_HandleTypeDef *hrtc)
1757:Drivers/STM32F4xx_HAL_Driver/Src/stm32f4xx_hal_rtc.c **** {
 658              		.loc 1 1757 1 is_stmt 1 view -0
 659              		.cfi_startproc
 660              		@ args = 0, pretend = 0, frame = 0
 661              		@ frame_needed = 0, uses_anonymous_args = 0
 662              		@ link register save eliminated.
1758:Drivers/STM32F4xx_HAL_Driver/Src/stm32f4xx_hal_rtc.c ****   __HAL_RTC_WRITEPROTECTION_DISABLE(hrtc);
 663              		.loc 1 1758 3 view .LVU187
 664              		.loc 1 1758 3 view .LVU188
 665 0000 0368     		ldr	r3, [r0]
 666 0002 CA22     		movs	r2, #202
ARM GAS  C:\Users\40918\AppData\Local\Temp\cc17lxaj.s 			page 44


 667 0004 5A62     		str	r2, [r3, #36]
 668              		.loc 1 1758 3 view .LVU189
 669 0006 0368     		ldr	r3, [r0]
 670 0008 5322     		movs	r2, #83
 671 000a 5A62     		str	r2, [r3, #36]
 672              		.loc 1 1758 3 view .LVU190
1759:Drivers/STM32F4xx_HAL_Driver/Src/stm32f4xx_hal_rtc.c ****   CLEAR_BIT(hrtc->Instance->CR, RTC_CR_BKP);
 673              		.loc 1 1759 3 view .LVU191
 674 000c 0268     		ldr	r2, [r0]
 675 000e 9368     		ldr	r3, [r2, #8]
 676 0010 23F48023 		bic	r3, r3, #262144
 677 0014 9360     		str	r3, [r2, #8]
1760:Drivers/STM32F4xx_HAL_Driver/Src/stm32f4xx_hal_rtc.c ****   __HAL_RTC_WRITEPROTECTION_ENABLE(hrtc);
 678              		.loc 1 1760 3 view .LVU192
 679              		.loc 1 1760 3 view .LVU193
 680 0016 0368     		ldr	r3, [r0]
 681 0018 FF22     		movs	r2, #255
 682 001a 5A62     		str	r2, [r3, #36]
 683              		.loc 1 1760 3 view .LVU194
1761:Drivers/STM32F4xx_HAL_Driver/Src/stm32f4xx_hal_rtc.c **** }
 684              		.loc 1 1761 1 is_stmt 0 view .LVU195
 685 001c 7047     		bx	lr
 686              		.cfi_endproc
 687              	.LFE258:
 689              		.section	.text.HAL_RTC_DST_ReadStoreOperation,"ax",%progbits
 690              		.align	1
 691              		.global	HAL_RTC_DST_ReadStoreOperation
 692              		.syntax unified
 693              		.thumb
 694              		.thumb_func
 696              	HAL_RTC_DST_ReadStoreOperation:
 697              	.LVL35:
 698              	.LFB259:
1762:Drivers/STM32F4xx_HAL_Driver/Src/stm32f4xx_hal_rtc.c **** 
1763:Drivers/STM32F4xx_HAL_Driver/Src/stm32f4xx_hal_rtc.c **** /**
1764:Drivers/STM32F4xx_HAL_Driver/Src/stm32f4xx_hal_rtc.c ****   * @brief  Daylight Saving Time, reads the store operation bit.
1765:Drivers/STM32F4xx_HAL_Driver/Src/stm32f4xx_hal_rtc.c ****   * @param  hrtc RTC handle
1766:Drivers/STM32F4xx_HAL_Driver/Src/stm32f4xx_hal_rtc.c ****   * @retval operation see RTC_StoreOperation_Definitions
1767:Drivers/STM32F4xx_HAL_Driver/Src/stm32f4xx_hal_rtc.c ****   */
1768:Drivers/STM32F4xx_HAL_Driver/Src/stm32f4xx_hal_rtc.c **** uint32_t HAL_RTC_DST_ReadStoreOperation(RTC_HandleTypeDef *hrtc)
1769:Drivers/STM32F4xx_HAL_Driver/Src/stm32f4xx_hal_rtc.c **** {
 699              		.loc 1 1769 1 is_stmt 1 view -0
 700              		.cfi_startproc
 701              		@ args = 0, pretend = 0, frame = 0
 702              		@ frame_needed = 0, uses_anonymous_args = 0
 703              		@ link register save eliminated.
1770:Drivers/STM32F4xx_HAL_Driver/Src/stm32f4xx_hal_rtc.c ****   return READ_BIT(hrtc->Instance->CR, RTC_CR_BKP);
 704              		.loc 1 1770 3 view .LVU197
 705              		.loc 1 1770 10 is_stmt 0 view .LVU198
 706 0000 0368     		ldr	r3, [r0]
 707 0002 9868     		ldr	r0, [r3, #8]
 708              	.LVL36:
1771:Drivers/STM32F4xx_HAL_Driver/Src/stm32f4xx_hal_rtc.c **** }
 709              		.loc 1 1771 1 view .LVU199
 710 0004 00F48020 		and	r0, r0, #262144
 711 0008 7047     		bx	lr
 712              		.cfi_endproc
ARM GAS  C:\Users\40918\AppData\Local\Temp\cc17lxaj.s 			page 45


 713              	.LFE259:
 715              		.section	.text.HAL_RTC_GetState,"ax",%progbits
 716              		.align	1
 717              		.global	HAL_RTC_GetState
 718              		.syntax unified
 719              		.thumb
 720              		.thumb_func
 722              	HAL_RTC_GetState:
 723              	.LVL37:
 724              	.LFB260:
1772:Drivers/STM32F4xx_HAL_Driver/Src/stm32f4xx_hal_rtc.c **** 
1773:Drivers/STM32F4xx_HAL_Driver/Src/stm32f4xx_hal_rtc.c **** /**
1774:Drivers/STM32F4xx_HAL_Driver/Src/stm32f4xx_hal_rtc.c ****   * @}
1775:Drivers/STM32F4xx_HAL_Driver/Src/stm32f4xx_hal_rtc.c ****   */
1776:Drivers/STM32F4xx_HAL_Driver/Src/stm32f4xx_hal_rtc.c **** 
1777:Drivers/STM32F4xx_HAL_Driver/Src/stm32f4xx_hal_rtc.c **** /** @defgroup RTC_Exported_Functions_Group5 Peripheral State functions
1778:Drivers/STM32F4xx_HAL_Driver/Src/stm32f4xx_hal_rtc.c ****   * @brief    Peripheral State functions
1779:Drivers/STM32F4xx_HAL_Driver/Src/stm32f4xx_hal_rtc.c ****   *
1780:Drivers/STM32F4xx_HAL_Driver/Src/stm32f4xx_hal_rtc.c **** @verbatim
1781:Drivers/STM32F4xx_HAL_Driver/Src/stm32f4xx_hal_rtc.c ****  ===============================================================================
1782:Drivers/STM32F4xx_HAL_Driver/Src/stm32f4xx_hal_rtc.c ****                      ##### Peripheral State functions #####
1783:Drivers/STM32F4xx_HAL_Driver/Src/stm32f4xx_hal_rtc.c ****  ===============================================================================
1784:Drivers/STM32F4xx_HAL_Driver/Src/stm32f4xx_hal_rtc.c ****     [..]
1785:Drivers/STM32F4xx_HAL_Driver/Src/stm32f4xx_hal_rtc.c ****     This subsection provides functions allowing to
1786:Drivers/STM32F4xx_HAL_Driver/Src/stm32f4xx_hal_rtc.c ****       (+) Get RTC state
1787:Drivers/STM32F4xx_HAL_Driver/Src/stm32f4xx_hal_rtc.c **** 
1788:Drivers/STM32F4xx_HAL_Driver/Src/stm32f4xx_hal_rtc.c **** @endverbatim
1789:Drivers/STM32F4xx_HAL_Driver/Src/stm32f4xx_hal_rtc.c ****   * @{
1790:Drivers/STM32F4xx_HAL_Driver/Src/stm32f4xx_hal_rtc.c ****   */
1791:Drivers/STM32F4xx_HAL_Driver/Src/stm32f4xx_hal_rtc.c **** /**
1792:Drivers/STM32F4xx_HAL_Driver/Src/stm32f4xx_hal_rtc.c ****   * @brief  Returns the RTC state.
1793:Drivers/STM32F4xx_HAL_Driver/Src/stm32f4xx_hal_rtc.c ****   * @param  hrtc pointer to a RTC_HandleTypeDef structure that contains
1794:Drivers/STM32F4xx_HAL_Driver/Src/stm32f4xx_hal_rtc.c ****   *                the configuration information for RTC.
1795:Drivers/STM32F4xx_HAL_Driver/Src/stm32f4xx_hal_rtc.c ****   * @retval HAL state
1796:Drivers/STM32F4xx_HAL_Driver/Src/stm32f4xx_hal_rtc.c ****   */
1797:Drivers/STM32F4xx_HAL_Driver/Src/stm32f4xx_hal_rtc.c **** HAL_RTCStateTypeDef HAL_RTC_GetState(RTC_HandleTypeDef *hrtc)
1798:Drivers/STM32F4xx_HAL_Driver/Src/stm32f4xx_hal_rtc.c **** {
 725              		.loc 1 1798 1 is_stmt 1 view -0
 726              		.cfi_startproc
 727              		@ args = 0, pretend = 0, frame = 0
 728              		@ frame_needed = 0, uses_anonymous_args = 0
 729              		@ link register save eliminated.
1799:Drivers/STM32F4xx_HAL_Driver/Src/stm32f4xx_hal_rtc.c ****   return hrtc->State;
 730              		.loc 1 1799 3 view .LVU201
 731              		.loc 1 1799 14 is_stmt 0 view .LVU202
 732 0000 407F     		ldrb	r0, [r0, #29]	@ zero_extendqisi2
 733              	.LVL38:
1800:Drivers/STM32F4xx_HAL_Driver/Src/stm32f4xx_hal_rtc.c **** }
 734              		.loc 1 1800 1 view .LVU203
 735 0002 7047     		bx	lr
 736              		.cfi_endproc
 737              	.LFE260:
 739              		.section	.text.RTC_EnterInitMode,"ax",%progbits
 740              		.align	1
 741              		.global	RTC_EnterInitMode
 742              		.syntax unified
 743              		.thumb
ARM GAS  C:\Users\40918\AppData\Local\Temp\cc17lxaj.s 			page 46


 744              		.thumb_func
 746              	RTC_EnterInitMode:
 747              	.LVL39:
 748              	.LFB261:
1801:Drivers/STM32F4xx_HAL_Driver/Src/stm32f4xx_hal_rtc.c **** 
1802:Drivers/STM32F4xx_HAL_Driver/Src/stm32f4xx_hal_rtc.c **** /**
1803:Drivers/STM32F4xx_HAL_Driver/Src/stm32f4xx_hal_rtc.c ****   * @}
1804:Drivers/STM32F4xx_HAL_Driver/Src/stm32f4xx_hal_rtc.c ****   */
1805:Drivers/STM32F4xx_HAL_Driver/Src/stm32f4xx_hal_rtc.c **** 
1806:Drivers/STM32F4xx_HAL_Driver/Src/stm32f4xx_hal_rtc.c **** 
1807:Drivers/STM32F4xx_HAL_Driver/Src/stm32f4xx_hal_rtc.c **** /**
1808:Drivers/STM32F4xx_HAL_Driver/Src/stm32f4xx_hal_rtc.c ****   * @}
1809:Drivers/STM32F4xx_HAL_Driver/Src/stm32f4xx_hal_rtc.c ****   */
1810:Drivers/STM32F4xx_HAL_Driver/Src/stm32f4xx_hal_rtc.c **** 
1811:Drivers/STM32F4xx_HAL_Driver/Src/stm32f4xx_hal_rtc.c **** /** @addtogroup RTC_Private_Functions
1812:Drivers/STM32F4xx_HAL_Driver/Src/stm32f4xx_hal_rtc.c ****   * @{
1813:Drivers/STM32F4xx_HAL_Driver/Src/stm32f4xx_hal_rtc.c ****   */
1814:Drivers/STM32F4xx_HAL_Driver/Src/stm32f4xx_hal_rtc.c **** 
1815:Drivers/STM32F4xx_HAL_Driver/Src/stm32f4xx_hal_rtc.c **** /**
1816:Drivers/STM32F4xx_HAL_Driver/Src/stm32f4xx_hal_rtc.c ****   * @brief  Enters the RTC Initialization mode.
1817:Drivers/STM32F4xx_HAL_Driver/Src/stm32f4xx_hal_rtc.c ****   * @note   The RTC Initialization mode is write protected, use the
1818:Drivers/STM32F4xx_HAL_Driver/Src/stm32f4xx_hal_rtc.c ****   *         __HAL_RTC_WRITEPROTECTION_DISABLE() before calling this function.
1819:Drivers/STM32F4xx_HAL_Driver/Src/stm32f4xx_hal_rtc.c ****   * @param  hrtc pointer to a RTC_HandleTypeDef structure that contains
1820:Drivers/STM32F4xx_HAL_Driver/Src/stm32f4xx_hal_rtc.c ****   *                the configuration information for RTC.
1821:Drivers/STM32F4xx_HAL_Driver/Src/stm32f4xx_hal_rtc.c ****   * @retval HAL status
1822:Drivers/STM32F4xx_HAL_Driver/Src/stm32f4xx_hal_rtc.c ****   */
1823:Drivers/STM32F4xx_HAL_Driver/Src/stm32f4xx_hal_rtc.c **** HAL_StatusTypeDef RTC_EnterInitMode(RTC_HandleTypeDef *hrtc)
1824:Drivers/STM32F4xx_HAL_Driver/Src/stm32f4xx_hal_rtc.c **** {
 749              		.loc 1 1824 1 is_stmt 1 view -0
 750              		.cfi_startproc
 751              		@ args = 0, pretend = 0, frame = 0
 752              		@ frame_needed = 0, uses_anonymous_args = 0
 753              		.loc 1 1824 1 is_stmt 0 view .LVU205
 754 0000 70B5     		push	{r4, r5, r6, lr}
 755              	.LCFI4:
 756              		.cfi_def_cfa_offset 16
 757              		.cfi_offset 4, -16
 758              		.cfi_offset 5, -12
 759              		.cfi_offset 6, -8
 760              		.cfi_offset 14, -4
1825:Drivers/STM32F4xx_HAL_Driver/Src/stm32f4xx_hal_rtc.c ****   uint32_t tickstart = 0U;
 761              		.loc 1 1825 3 is_stmt 1 view .LVU206
 762              	.LVL40:
1826:Drivers/STM32F4xx_HAL_Driver/Src/stm32f4xx_hal_rtc.c ****   HAL_StatusTypeDef status = HAL_OK;
 763              		.loc 1 1826 3 view .LVU207
1827:Drivers/STM32F4xx_HAL_Driver/Src/stm32f4xx_hal_rtc.c **** 
1828:Drivers/STM32F4xx_HAL_Driver/Src/stm32f4xx_hal_rtc.c ****   /* Check that Initialization mode is not already set */
1829:Drivers/STM32F4xx_HAL_Driver/Src/stm32f4xx_hal_rtc.c ****   if (READ_BIT(hrtc->Instance->ISR, RTC_ISR_INITF) == 0U)
 764              		.loc 1 1829 3 view .LVU208
 765              		.loc 1 1829 7 is_stmt 0 view .LVU209
 766 0002 0368     		ldr	r3, [r0]
 767 0004 DA68     		ldr	r2, [r3, #12]
 768              		.loc 1 1829 6 view .LVU210
 769 0006 12F0400F 		tst	r2, #64
 770 000a 02D0     		beq	.L53
1826:Drivers/STM32F4xx_HAL_Driver/Src/stm32f4xx_hal_rtc.c ****   HAL_StatusTypeDef status = HAL_OK;
 771              		.loc 1 1826 21 view .LVU211
ARM GAS  C:\Users\40918\AppData\Local\Temp\cc17lxaj.s 			page 47


 772 000c 0025     		movs	r5, #0
 773              	.LVL41:
 774              	.L47:
1830:Drivers/STM32F4xx_HAL_Driver/Src/stm32f4xx_hal_rtc.c ****   {
1831:Drivers/STM32F4xx_HAL_Driver/Src/stm32f4xx_hal_rtc.c ****     /* Set INIT bit to enter Initialization mode */
1832:Drivers/STM32F4xx_HAL_Driver/Src/stm32f4xx_hal_rtc.c ****     SET_BIT(hrtc->Instance->ISR, RTC_ISR_INIT);
1833:Drivers/STM32F4xx_HAL_Driver/Src/stm32f4xx_hal_rtc.c **** 
1834:Drivers/STM32F4xx_HAL_Driver/Src/stm32f4xx_hal_rtc.c ****     /* Get tick */
1835:Drivers/STM32F4xx_HAL_Driver/Src/stm32f4xx_hal_rtc.c ****     tickstart = HAL_GetTick();
1836:Drivers/STM32F4xx_HAL_Driver/Src/stm32f4xx_hal_rtc.c **** 
1837:Drivers/STM32F4xx_HAL_Driver/Src/stm32f4xx_hal_rtc.c ****     /* Wait till RTC is in INIT state and if timeout is reached exit */
1838:Drivers/STM32F4xx_HAL_Driver/Src/stm32f4xx_hal_rtc.c ****     while ((READ_BIT(hrtc->Instance->ISR, RTC_ISR_INITF) == 0U) && (status != HAL_ERROR))
1839:Drivers/STM32F4xx_HAL_Driver/Src/stm32f4xx_hal_rtc.c ****     {
1840:Drivers/STM32F4xx_HAL_Driver/Src/stm32f4xx_hal_rtc.c ****       if ((HAL_GetTick() - tickstart) > RTC_TIMEOUT_VALUE)
1841:Drivers/STM32F4xx_HAL_Driver/Src/stm32f4xx_hal_rtc.c ****       {
1842:Drivers/STM32F4xx_HAL_Driver/Src/stm32f4xx_hal_rtc.c ****         /* Set RTC state */
1843:Drivers/STM32F4xx_HAL_Driver/Src/stm32f4xx_hal_rtc.c ****         hrtc->State = HAL_RTC_STATE_ERROR;
1844:Drivers/STM32F4xx_HAL_Driver/Src/stm32f4xx_hal_rtc.c ****         status = HAL_ERROR;
1845:Drivers/STM32F4xx_HAL_Driver/Src/stm32f4xx_hal_rtc.c ****       }
1846:Drivers/STM32F4xx_HAL_Driver/Src/stm32f4xx_hal_rtc.c ****     }
1847:Drivers/STM32F4xx_HAL_Driver/Src/stm32f4xx_hal_rtc.c ****   }
1848:Drivers/STM32F4xx_HAL_Driver/Src/stm32f4xx_hal_rtc.c **** 
1849:Drivers/STM32F4xx_HAL_Driver/Src/stm32f4xx_hal_rtc.c ****   return status;
 775              		.loc 1 1849 3 is_stmt 1 view .LVU212
1850:Drivers/STM32F4xx_HAL_Driver/Src/stm32f4xx_hal_rtc.c **** }
 776              		.loc 1 1850 1 is_stmt 0 view .LVU213
 777 000e 2846     		mov	r0, r5
 778 0010 70BD     		pop	{r4, r5, r6, pc}
 779              	.LVL42:
 780              	.L53:
 781              		.loc 1 1850 1 view .LVU214
 782 0012 0446     		mov	r4, r0
1832:Drivers/STM32F4xx_HAL_Driver/Src/stm32f4xx_hal_rtc.c **** 
 783              		.loc 1 1832 5 is_stmt 1 view .LVU215
 784 0014 DA68     		ldr	r2, [r3, #12]
 785 0016 42F08002 		orr	r2, r2, #128
 786 001a DA60     		str	r2, [r3, #12]
1835:Drivers/STM32F4xx_HAL_Driver/Src/stm32f4xx_hal_rtc.c **** 
 787              		.loc 1 1835 5 view .LVU216
1835:Drivers/STM32F4xx_HAL_Driver/Src/stm32f4xx_hal_rtc.c **** 
 788              		.loc 1 1835 17 is_stmt 0 view .LVU217
 789 001c FFF7FEFF 		bl	HAL_GetTick
 790              	.LVL43:
1835:Drivers/STM32F4xx_HAL_Driver/Src/stm32f4xx_hal_rtc.c **** 
 791              		.loc 1 1835 17 view .LVU218
 792 0020 0646     		mov	r6, r0
 793              	.LVL44:
1838:Drivers/STM32F4xx_HAL_Driver/Src/stm32f4xx_hal_rtc.c ****     {
 794              		.loc 1 1838 5 is_stmt 1 view .LVU219
1826:Drivers/STM32F4xx_HAL_Driver/Src/stm32f4xx_hal_rtc.c **** 
 795              		.loc 1 1826 21 is_stmt 0 view .LVU220
 796 0022 0025     		movs	r5, #0
 797              	.LVL45:
 798              	.L49:
1838:Drivers/STM32F4xx_HAL_Driver/Src/stm32f4xx_hal_rtc.c ****     {
 799              		.loc 1 1838 65 is_stmt 1 view .LVU221
1838:Drivers/STM32F4xx_HAL_Driver/Src/stm32f4xx_hal_rtc.c ****     {
ARM GAS  C:\Users\40918\AppData\Local\Temp\cc17lxaj.s 			page 48


 800              		.loc 1 1838 13 is_stmt 0 view .LVU222
 801 0024 2368     		ldr	r3, [r4]
 802 0026 DB68     		ldr	r3, [r3, #12]
1838:Drivers/STM32F4xx_HAL_Driver/Src/stm32f4xx_hal_rtc.c ****     {
 803              		.loc 1 1838 65 view .LVU223
 804 0028 13F0400F 		tst	r3, #64
 805 002c EFD1     		bne	.L47
1838:Drivers/STM32F4xx_HAL_Driver/Src/stm32f4xx_hal_rtc.c ****     {
 806              		.loc 1 1838 65 discriminator 1 view .LVU224
 807 002e 002D     		cmp	r5, #0
 808 0030 EDD1     		bne	.L47
1840:Drivers/STM32F4xx_HAL_Driver/Src/stm32f4xx_hal_rtc.c ****       {
 809              		.loc 1 1840 7 is_stmt 1 view .LVU225
1840:Drivers/STM32F4xx_HAL_Driver/Src/stm32f4xx_hal_rtc.c ****       {
 810              		.loc 1 1840 12 is_stmt 0 view .LVU226
 811 0032 FFF7FEFF 		bl	HAL_GetTick
 812              	.LVL46:
1840:Drivers/STM32F4xx_HAL_Driver/Src/stm32f4xx_hal_rtc.c ****       {
 813              		.loc 1 1840 26 discriminator 1 view .LVU227
 814 0036 831B     		subs	r3, r0, r6
1840:Drivers/STM32F4xx_HAL_Driver/Src/stm32f4xx_hal_rtc.c ****       {
 815              		.loc 1 1840 10 discriminator 1 view .LVU228
 816 0038 B3F57A7F 		cmp	r3, #1000
 817 003c F2D9     		bls	.L49
1843:Drivers/STM32F4xx_HAL_Driver/Src/stm32f4xx_hal_rtc.c ****         status = HAL_ERROR;
 818              		.loc 1 1843 9 is_stmt 1 view .LVU229
1843:Drivers/STM32F4xx_HAL_Driver/Src/stm32f4xx_hal_rtc.c ****         status = HAL_ERROR;
 819              		.loc 1 1843 21 is_stmt 0 view .LVU230
 820 003e 0423     		movs	r3, #4
 821 0040 6377     		strb	r3, [r4, #29]
1844:Drivers/STM32F4xx_HAL_Driver/Src/stm32f4xx_hal_rtc.c ****       }
 822              		.loc 1 1844 9 is_stmt 1 view .LVU231
 823              	.LVL47:
1844:Drivers/STM32F4xx_HAL_Driver/Src/stm32f4xx_hal_rtc.c ****       }
 824              		.loc 1 1844 16 is_stmt 0 view .LVU232
 825 0042 0125     		movs	r5, #1
 826 0044 EEE7     		b	.L49
 827              		.cfi_endproc
 828              	.LFE261:
 830              		.section	.text.RTC_ExitInitMode,"ax",%progbits
 831              		.align	1
 832              		.global	RTC_ExitInitMode
 833              		.syntax unified
 834              		.thumb
 835              		.thumb_func
 837              	RTC_ExitInitMode:
 838              	.LVL48:
 839              	.LFB262:
1851:Drivers/STM32F4xx_HAL_Driver/Src/stm32f4xx_hal_rtc.c **** 
1852:Drivers/STM32F4xx_HAL_Driver/Src/stm32f4xx_hal_rtc.c **** /**
1853:Drivers/STM32F4xx_HAL_Driver/Src/stm32f4xx_hal_rtc.c ****   * @brief  Exits the RTC Initialization mode.
1854:Drivers/STM32F4xx_HAL_Driver/Src/stm32f4xx_hal_rtc.c ****   * @param  hrtc pointer to a RTC_HandleTypeDef structure that contains
1855:Drivers/STM32F4xx_HAL_Driver/Src/stm32f4xx_hal_rtc.c ****   *                the configuration information for RTC.
1856:Drivers/STM32F4xx_HAL_Driver/Src/stm32f4xx_hal_rtc.c ****   * @retval HAL status
1857:Drivers/STM32F4xx_HAL_Driver/Src/stm32f4xx_hal_rtc.c ****   */
1858:Drivers/STM32F4xx_HAL_Driver/Src/stm32f4xx_hal_rtc.c **** HAL_StatusTypeDef RTC_ExitInitMode(RTC_HandleTypeDef *hrtc)
1859:Drivers/STM32F4xx_HAL_Driver/Src/stm32f4xx_hal_rtc.c **** {
ARM GAS  C:\Users\40918\AppData\Local\Temp\cc17lxaj.s 			page 49


 840              		.loc 1 1859 1 is_stmt 1 view -0
 841              		.cfi_startproc
 842              		@ args = 0, pretend = 0, frame = 0
 843              		@ frame_needed = 0, uses_anonymous_args = 0
1860:Drivers/STM32F4xx_HAL_Driver/Src/stm32f4xx_hal_rtc.c ****   HAL_StatusTypeDef status = HAL_OK;
 844              		.loc 1 1860 3 view .LVU234
1861:Drivers/STM32F4xx_HAL_Driver/Src/stm32f4xx_hal_rtc.c **** 
1862:Drivers/STM32F4xx_HAL_Driver/Src/stm32f4xx_hal_rtc.c ****   /* Clear INIT bit to exit Initialization mode */
1863:Drivers/STM32F4xx_HAL_Driver/Src/stm32f4xx_hal_rtc.c ****   CLEAR_BIT(hrtc->Instance->ISR, RTC_ISR_INIT);
 845              		.loc 1 1863 3 view .LVU235
 846 0000 0268     		ldr	r2, [r0]
 847 0002 D368     		ldr	r3, [r2, #12]
 848 0004 23F08003 		bic	r3, r3, #128
 849 0008 D360     		str	r3, [r2, #12]
1864:Drivers/STM32F4xx_HAL_Driver/Src/stm32f4xx_hal_rtc.c **** 
1865:Drivers/STM32F4xx_HAL_Driver/Src/stm32f4xx_hal_rtc.c ****   /* If CR_BYPSHAD bit = 0, wait for synchro */
1866:Drivers/STM32F4xx_HAL_Driver/Src/stm32f4xx_hal_rtc.c ****   if (READ_BIT(hrtc->Instance->CR, RTC_CR_BYPSHAD) == 0U)
 850              		.loc 1 1866 3 view .LVU236
 851              		.loc 1 1866 7 is_stmt 0 view .LVU237
 852 000a 0368     		ldr	r3, [r0]
 853 000c 9B68     		ldr	r3, [r3, #8]
 854              		.loc 1 1866 6 view .LVU238
 855 000e 13F0200F 		tst	r3, #32
 856 0012 01D0     		beq	.L61
1860:Drivers/STM32F4xx_HAL_Driver/Src/stm32f4xx_hal_rtc.c **** 
 857              		.loc 1 1860 21 view .LVU239
 858 0014 0020     		movs	r0, #0
 859              	.LVL49:
1867:Drivers/STM32F4xx_HAL_Driver/Src/stm32f4xx_hal_rtc.c ****   {
1868:Drivers/STM32F4xx_HAL_Driver/Src/stm32f4xx_hal_rtc.c ****     if (HAL_RTC_WaitForSynchro(hrtc) != HAL_OK)
1869:Drivers/STM32F4xx_HAL_Driver/Src/stm32f4xx_hal_rtc.c ****     {
1870:Drivers/STM32F4xx_HAL_Driver/Src/stm32f4xx_hal_rtc.c ****       /* Set RTC state */
1871:Drivers/STM32F4xx_HAL_Driver/Src/stm32f4xx_hal_rtc.c ****       hrtc->State = HAL_RTC_STATE_ERROR;
1872:Drivers/STM32F4xx_HAL_Driver/Src/stm32f4xx_hal_rtc.c ****       status = HAL_ERROR;
1873:Drivers/STM32F4xx_HAL_Driver/Src/stm32f4xx_hal_rtc.c ****     }
1874:Drivers/STM32F4xx_HAL_Driver/Src/stm32f4xx_hal_rtc.c ****   }
1875:Drivers/STM32F4xx_HAL_Driver/Src/stm32f4xx_hal_rtc.c **** 
1876:Drivers/STM32F4xx_HAL_Driver/Src/stm32f4xx_hal_rtc.c ****   return status;
 860              		.loc 1 1876 3 is_stmt 1 view .LVU240
1877:Drivers/STM32F4xx_HAL_Driver/Src/stm32f4xx_hal_rtc.c **** }
 861              		.loc 1 1877 1 is_stmt 0 view .LVU241
 862 0016 7047     		bx	lr
 863              	.LVL50:
 864              	.L61:
1859:Drivers/STM32F4xx_HAL_Driver/Src/stm32f4xx_hal_rtc.c ****   HAL_StatusTypeDef status = HAL_OK;
 865              		.loc 1 1859 1 view .LVU242
 866 0018 10B5     		push	{r4, lr}
 867              	.LCFI5:
 868              		.cfi_def_cfa_offset 8
 869              		.cfi_offset 4, -8
 870              		.cfi_offset 14, -4
 871 001a 0446     		mov	r4, r0
1868:Drivers/STM32F4xx_HAL_Driver/Src/stm32f4xx_hal_rtc.c ****     {
 872              		.loc 1 1868 5 is_stmt 1 view .LVU243
1868:Drivers/STM32F4xx_HAL_Driver/Src/stm32f4xx_hal_rtc.c ****     {
 873              		.loc 1 1868 9 is_stmt 0 view .LVU244
 874 001c FFF7FEFF 		bl	HAL_RTC_WaitForSynchro
ARM GAS  C:\Users\40918\AppData\Local\Temp\cc17lxaj.s 			page 50


 875              	.LVL51:
1868:Drivers/STM32F4xx_HAL_Driver/Src/stm32f4xx_hal_rtc.c ****     {
 876              		.loc 1 1868 8 discriminator 1 view .LVU245
 877 0020 10B1     		cbz	r0, .L55
1871:Drivers/STM32F4xx_HAL_Driver/Src/stm32f4xx_hal_rtc.c ****       status = HAL_ERROR;
 878              		.loc 1 1871 7 is_stmt 1 view .LVU246
1871:Drivers/STM32F4xx_HAL_Driver/Src/stm32f4xx_hal_rtc.c ****       status = HAL_ERROR;
 879              		.loc 1 1871 19 is_stmt 0 view .LVU247
 880 0022 0423     		movs	r3, #4
 881 0024 6377     		strb	r3, [r4, #29]
1872:Drivers/STM32F4xx_HAL_Driver/Src/stm32f4xx_hal_rtc.c ****     }
 882              		.loc 1 1872 7 is_stmt 1 view .LVU248
 883              	.LVL52:
1872:Drivers/STM32F4xx_HAL_Driver/Src/stm32f4xx_hal_rtc.c ****     }
 884              		.loc 1 1872 14 is_stmt 0 view .LVU249
 885 0026 0120     		movs	r0, #1
 886              	.LVL53:
 887              	.L55:
1876:Drivers/STM32F4xx_HAL_Driver/Src/stm32f4xx_hal_rtc.c **** }
 888              		.loc 1 1876 3 is_stmt 1 view .LVU250
 889              		.loc 1 1877 1 is_stmt 0 view .LVU251
 890 0028 10BD     		pop	{r4, pc}
 891              		.loc 1 1877 1 view .LVU252
 892              		.cfi_endproc
 893              	.LFE262:
 895              		.section	.text.HAL_RTC_Init,"ax",%progbits
 896              		.align	1
 897              		.global	HAL_RTC_Init
 898              		.syntax unified
 899              		.thumb
 900              		.thumb_func
 902              	HAL_RTC_Init:
 903              	.LVL54:
 904              	.LFB239:
 256:Drivers/STM32F4xx_HAL_Driver/Src/stm32f4xx_hal_rtc.c ****   HAL_StatusTypeDef status;
 905              		.loc 1 256 1 is_stmt 1 view -0
 906              		.cfi_startproc
 907              		@ args = 0, pretend = 0, frame = 0
 908              		@ frame_needed = 0, uses_anonymous_args = 0
 257:Drivers/STM32F4xx_HAL_Driver/Src/stm32f4xx_hal_rtc.c **** 
 909              		.loc 1 257 3 view .LVU254
 260:Drivers/STM32F4xx_HAL_Driver/Src/stm32f4xx_hal_rtc.c ****   {
 910              		.loc 1 260 3 view .LVU255
 260:Drivers/STM32F4xx_HAL_Driver/Src/stm32f4xx_hal_rtc.c ****   {
 911              		.loc 1 260 6 is_stmt 0 view .LVU256
 912 0000 0028     		cmp	r0, #0
 913 0002 4AD0     		beq	.L67
 256:Drivers/STM32F4xx_HAL_Driver/Src/stm32f4xx_hal_rtc.c ****   HAL_StatusTypeDef status;
 914              		.loc 1 256 1 view .LVU257
 915 0004 10B5     		push	{r4, lr}
 916              	.LCFI6:
 917              		.cfi_def_cfa_offset 8
 918              		.cfi_offset 4, -8
 919              		.cfi_offset 14, -4
 920 0006 0446     		mov	r4, r0
 266:Drivers/STM32F4xx_HAL_Driver/Src/stm32f4xx_hal_rtc.c ****   assert_param(IS_RTC_HOUR_FORMAT(hrtc->Init.HourFormat));
 921              		.loc 1 266 3 is_stmt 1 view .LVU258
ARM GAS  C:\Users\40918\AppData\Local\Temp\cc17lxaj.s 			page 51


 267:Drivers/STM32F4xx_HAL_Driver/Src/stm32f4xx_hal_rtc.c ****   assert_param(IS_RTC_ASYNCH_PREDIV(hrtc->Init.AsynchPrediv));
 922              		.loc 1 267 3 view .LVU259
 268:Drivers/STM32F4xx_HAL_Driver/Src/stm32f4xx_hal_rtc.c ****   assert_param(IS_RTC_SYNCH_PREDIV(hrtc->Init.SynchPrediv));
 923              		.loc 1 268 3 view .LVU260
 269:Drivers/STM32F4xx_HAL_Driver/Src/stm32f4xx_hal_rtc.c ****   assert_param(IS_RTC_OUTPUT(hrtc->Init.OutPut));
 924              		.loc 1 269 3 view .LVU261
 270:Drivers/STM32F4xx_HAL_Driver/Src/stm32f4xx_hal_rtc.c ****   assert_param(IS_RTC_OUTPUT_POL(hrtc->Init.OutPutPolarity));
 925              		.loc 1 270 3 view .LVU262
 271:Drivers/STM32F4xx_HAL_Driver/Src/stm32f4xx_hal_rtc.c ****   assert_param(IS_RTC_OUTPUT_TYPE(hrtc->Init.OutPutType));
 926              		.loc 1 271 3 view .LVU263
 272:Drivers/STM32F4xx_HAL_Driver/Src/stm32f4xx_hal_rtc.c **** 
 927              		.loc 1 272 3 view .LVU264
 302:Drivers/STM32F4xx_HAL_Driver/Src/stm32f4xx_hal_rtc.c ****   {
 928              		.loc 1 302 3 view .LVU265
 302:Drivers/STM32F4xx_HAL_Driver/Src/stm32f4xx_hal_rtc.c ****   {
 929              		.loc 1 302 11 is_stmt 0 view .LVU266
 930 0008 437F     		ldrb	r3, [r0, #29]	@ zero_extendqisi2
 302:Drivers/STM32F4xx_HAL_Driver/Src/stm32f4xx_hal_rtc.c ****   {
 931              		.loc 1 302 6 view .LVU267
 932 000a 53B1     		cbz	r3, .L73
 933              	.LVL55:
 934              	.L64:
 313:Drivers/STM32F4xx_HAL_Driver/Src/stm32f4xx_hal_rtc.c **** 
 935              		.loc 1 313 3 is_stmt 1 view .LVU268
 313:Drivers/STM32F4xx_HAL_Driver/Src/stm32f4xx_hal_rtc.c **** 
 936              		.loc 1 313 15 is_stmt 0 view .LVU269
 937 000c 0223     		movs	r3, #2
 938 000e 6377     		strb	r3, [r4, #29]
 316:Drivers/STM32F4xx_HAL_Driver/Src/stm32f4xx_hal_rtc.c ****   {
 939              		.loc 1 316 3 is_stmt 1 view .LVU270
 316:Drivers/STM32F4xx_HAL_Driver/Src/stm32f4xx_hal_rtc.c ****   {
 940              		.loc 1 316 7 is_stmt 0 view .LVU271
 941 0010 2368     		ldr	r3, [r4]
 942 0012 DA68     		ldr	r2, [r3, #12]
 316:Drivers/STM32F4xx_HAL_Driver/Src/stm32f4xx_hal_rtc.c ****   {
 943              		.loc 1 316 6 view .LVU272
 944 0014 12F0100F 		tst	r2, #16
 945 0018 07D0     		beq	.L74
 351:Drivers/STM32F4xx_HAL_Driver/Src/stm32f4xx_hal_rtc.c ****   }
 946              		.loc 1 351 12 view .LVU273
 947 001a 0020     		movs	r0, #0
 948              	.L65:
 356:Drivers/STM32F4xx_HAL_Driver/Src/stm32f4xx_hal_rtc.c ****   }
 949              		.loc 1 356 5 is_stmt 1 view .LVU274
 356:Drivers/STM32F4xx_HAL_Driver/Src/stm32f4xx_hal_rtc.c ****   }
 950              		.loc 1 356 17 is_stmt 0 view .LVU275
 951 001c 0123     		movs	r3, #1
 952 001e 6377     		strb	r3, [r4, #29]
 953              	.L63:
 360:Drivers/STM32F4xx_HAL_Driver/Src/stm32f4xx_hal_rtc.c **** 
 954              		.loc 1 360 1 view .LVU276
 955 0020 10BD     		pop	{r4, pc}
 956              	.LVL56:
 957              	.L73:
 305:Drivers/STM32F4xx_HAL_Driver/Src/stm32f4xx_hal_rtc.c **** 
 958              		.loc 1 305 5 is_stmt 1 view .LVU277
 305:Drivers/STM32F4xx_HAL_Driver/Src/stm32f4xx_hal_rtc.c **** 
ARM GAS  C:\Users\40918\AppData\Local\Temp\cc17lxaj.s 			page 52


 959              		.loc 1 305 16 is_stmt 0 view .LVU278
 960 0022 0377     		strb	r3, [r0, #28]
 308:Drivers/STM32F4xx_HAL_Driver/Src/stm32f4xx_hal_rtc.c ****   }
 961              		.loc 1 308 5 is_stmt 1 view .LVU279
 962 0024 FFF7FEFF 		bl	HAL_RTC_MspInit
 963              	.LVL57:
 308:Drivers/STM32F4xx_HAL_Driver/Src/stm32f4xx_hal_rtc.c ****   }
 964              		.loc 1 308 5 is_stmt 0 view .LVU280
 965 0028 F0E7     		b	.L64
 966              	.L74:
 319:Drivers/STM32F4xx_HAL_Driver/Src/stm32f4xx_hal_rtc.c **** 
 967              		.loc 1 319 5 is_stmt 1 view .LVU281
 319:Drivers/STM32F4xx_HAL_Driver/Src/stm32f4xx_hal_rtc.c **** 
 968              		.loc 1 319 5 view .LVU282
 969 002a CA22     		movs	r2, #202
 970 002c 5A62     		str	r2, [r3, #36]
 319:Drivers/STM32F4xx_HAL_Driver/Src/stm32f4xx_hal_rtc.c **** 
 971              		.loc 1 319 5 view .LVU283
 972 002e 2368     		ldr	r3, [r4]
 973 0030 5322     		movs	r2, #83
 974 0032 5A62     		str	r2, [r3, #36]
 319:Drivers/STM32F4xx_HAL_Driver/Src/stm32f4xx_hal_rtc.c **** 
 975              		.loc 1 319 5 view .LVU284
 322:Drivers/STM32F4xx_HAL_Driver/Src/stm32f4xx_hal_rtc.c **** 
 976              		.loc 1 322 5 view .LVU285
 322:Drivers/STM32F4xx_HAL_Driver/Src/stm32f4xx_hal_rtc.c **** 
 977              		.loc 1 322 14 is_stmt 0 view .LVU286
 978 0034 2046     		mov	r0, r4
 979 0036 FFF7FEFF 		bl	RTC_EnterInitMode
 980              	.LVL58:
 324:Drivers/STM32F4xx_HAL_Driver/Src/stm32f4xx_hal_rtc.c ****     {
 981              		.loc 1 324 5 is_stmt 1 view .LVU287
 324:Drivers/STM32F4xx_HAL_Driver/Src/stm32f4xx_hal_rtc.c ****     {
 982              		.loc 1 324 8 is_stmt 0 view .LVU288
 983 003a 28B1     		cbz	r0, .L75
 984              	.L66:
 985              	.LVL59:
 346:Drivers/STM32F4xx_HAL_Driver/Src/stm32f4xx_hal_rtc.c ****   }
 986              		.loc 1 346 5 is_stmt 1 view .LVU289
 346:Drivers/STM32F4xx_HAL_Driver/Src/stm32f4xx_hal_rtc.c ****   }
 987              		.loc 1 346 5 view .LVU290
 988 003c 2368     		ldr	r3, [r4]
 989 003e FF22     		movs	r2, #255
 990 0040 5A62     		str	r2, [r3, #36]
 346:Drivers/STM32F4xx_HAL_Driver/Src/stm32f4xx_hal_rtc.c ****   }
 991              		.loc 1 346 5 view .LVU291
 992              	.LVL60:
 354:Drivers/STM32F4xx_HAL_Driver/Src/stm32f4xx_hal_rtc.c ****   {
 993              		.loc 1 354 3 view .LVU292
 354:Drivers/STM32F4xx_HAL_Driver/Src/stm32f4xx_hal_rtc.c ****   {
 994              		.loc 1 354 6 is_stmt 0 view .LVU293
 995 0042 0028     		cmp	r0, #0
 996 0044 ECD1     		bne	.L63
 354:Drivers/STM32F4xx_HAL_Driver/Src/stm32f4xx_hal_rtc.c ****   {
 997              		.loc 1 354 6 view .LVU294
 998 0046 E9E7     		b	.L65
 999              	.L75:
ARM GAS  C:\Users\40918\AppData\Local\Temp\cc17lxaj.s 			page 53


 327:Drivers/STM32F4xx_HAL_Driver/Src/stm32f4xx_hal_rtc.c ****       /* Set RTC_CR register */
 1000              		.loc 1 327 7 is_stmt 1 view .LVU295
 327:Drivers/STM32F4xx_HAL_Driver/Src/stm32f4xx_hal_rtc.c ****       /* Set RTC_CR register */
 1001              		.loc 1 327 11 is_stmt 0 view .LVU296
 1002 0048 2268     		ldr	r2, [r4]
 327:Drivers/STM32F4xx_HAL_Driver/Src/stm32f4xx_hal_rtc.c ****       /* Set RTC_CR register */
 1003              		.loc 1 327 21 view .LVU297
 1004 004a 9368     		ldr	r3, [r2, #8]
 327:Drivers/STM32F4xx_HAL_Driver/Src/stm32f4xx_hal_rtc.c ****       /* Set RTC_CR register */
 1005              		.loc 1 327 26 view .LVU298
 1006 004c 23F4E003 		bic	r3, r3, #7340032
 1007 0050 23F04003 		bic	r3, r3, #64
 1008 0054 9360     		str	r3, [r2, #8]
 329:Drivers/STM32F4xx_HAL_Driver/Src/stm32f4xx_hal_rtc.c **** 
 1009              		.loc 1 329 7 is_stmt 1 view .LVU299
 329:Drivers/STM32F4xx_HAL_Driver/Src/stm32f4xx_hal_rtc.c **** 
 1010              		.loc 1 329 11 is_stmt 0 view .LVU300
 1011 0056 2168     		ldr	r1, [r4]
 329:Drivers/STM32F4xx_HAL_Driver/Src/stm32f4xx_hal_rtc.c **** 
 1012              		.loc 1 329 21 view .LVU301
 1013 0058 8A68     		ldr	r2, [r1, #8]
 329:Drivers/STM32F4xx_HAL_Driver/Src/stm32f4xx_hal_rtc.c **** 
 1014              		.loc 1 329 50 view .LVU302
 1015 005a 6368     		ldr	r3, [r4, #4]
 329:Drivers/STM32F4xx_HAL_Driver/Src/stm32f4xx_hal_rtc.c **** 
 1016              		.loc 1 329 74 view .LVU303
 1017 005c 2069     		ldr	r0, [r4, #16]
 1018              	.LVL61:
 329:Drivers/STM32F4xx_HAL_Driver/Src/stm32f4xx_hal_rtc.c **** 
 1019              		.loc 1 329 62 view .LVU304
 1020 005e 0343     		orrs	r3, r3, r0
 329:Drivers/STM32F4xx_HAL_Driver/Src/stm32f4xx_hal_rtc.c **** 
 1021              		.loc 1 329 94 view .LVU305
 1022 0060 6069     		ldr	r0, [r4, #20]
 329:Drivers/STM32F4xx_HAL_Driver/Src/stm32f4xx_hal_rtc.c **** 
 1023              		.loc 1 329 82 view .LVU306
 1024 0062 0343     		orrs	r3, r3, r0
 329:Drivers/STM32F4xx_HAL_Driver/Src/stm32f4xx_hal_rtc.c **** 
 1025              		.loc 1 329 26 view .LVU307
 1026 0064 1343     		orrs	r3, r3, r2
 1027 0066 8B60     		str	r3, [r1, #8]
 332:Drivers/STM32F4xx_HAL_Driver/Src/stm32f4xx_hal_rtc.c ****       hrtc->Instance->PRER |= (uint32_t)(hrtc->Init.AsynchPrediv << RTC_PRER_PREDIV_A_Pos);
 1028              		.loc 1 332 7 is_stmt 1 view .LVU308
 332:Drivers/STM32F4xx_HAL_Driver/Src/stm32f4xx_hal_rtc.c ****       hrtc->Instance->PRER |= (uint32_t)(hrtc->Init.AsynchPrediv << RTC_PRER_PREDIV_A_Pos);
 1029              		.loc 1 332 11 is_stmt 0 view .LVU309
 1030 0068 2368     		ldr	r3, [r4]
 332:Drivers/STM32F4xx_HAL_Driver/Src/stm32f4xx_hal_rtc.c ****       hrtc->Instance->PRER |= (uint32_t)(hrtc->Init.AsynchPrediv << RTC_PRER_PREDIV_A_Pos);
 1031              		.loc 1 332 51 view .LVU310
 1032 006a E268     		ldr	r2, [r4, #12]
 332:Drivers/STM32F4xx_HAL_Driver/Src/stm32f4xx_hal_rtc.c ****       hrtc->Instance->PRER |= (uint32_t)(hrtc->Init.AsynchPrediv << RTC_PRER_PREDIV_A_Pos);
 1033              		.loc 1 332 28 view .LVU311
 1034 006c 1A61     		str	r2, [r3, #16]
 333:Drivers/STM32F4xx_HAL_Driver/Src/stm32f4xx_hal_rtc.c **** 
 1035              		.loc 1 333 7 is_stmt 1 view .LVU312
 333:Drivers/STM32F4xx_HAL_Driver/Src/stm32f4xx_hal_rtc.c **** 
 1036              		.loc 1 333 11 is_stmt 0 view .LVU313
 1037 006e 2268     		ldr	r2, [r4]
ARM GAS  C:\Users\40918\AppData\Local\Temp\cc17lxaj.s 			page 54


 333:Drivers/STM32F4xx_HAL_Driver/Src/stm32f4xx_hal_rtc.c **** 
 1038              		.loc 1 333 21 view .LVU314
 1039 0070 1369     		ldr	r3, [r2, #16]
 333:Drivers/STM32F4xx_HAL_Driver/Src/stm32f4xx_hal_rtc.c **** 
 1040              		.loc 1 333 52 view .LVU315
 1041 0072 A168     		ldr	r1, [r4, #8]
 333:Drivers/STM32F4xx_HAL_Driver/Src/stm32f4xx_hal_rtc.c **** 
 1042              		.loc 1 333 28 view .LVU316
 1043 0074 43EA0143 		orr	r3, r3, r1, lsl #16
 1044 0078 1361     		str	r3, [r2, #16]
 336:Drivers/STM32F4xx_HAL_Driver/Src/stm32f4xx_hal_rtc.c ****     }
 1045              		.loc 1 336 7 is_stmt 1 view .LVU317
 336:Drivers/STM32F4xx_HAL_Driver/Src/stm32f4xx_hal_rtc.c ****     }
 1046              		.loc 1 336 16 is_stmt 0 view .LVU318
 1047 007a 2046     		mov	r0, r4
 1048 007c FFF7FEFF 		bl	RTC_ExitInitMode
 1049              	.LVL62:
 339:Drivers/STM32F4xx_HAL_Driver/Src/stm32f4xx_hal_rtc.c ****     {
 1050              		.loc 1 339 5 is_stmt 1 view .LVU319
 339:Drivers/STM32F4xx_HAL_Driver/Src/stm32f4xx_hal_rtc.c ****     {
 1051              		.loc 1 339 8 is_stmt 0 view .LVU320
 1052 0080 0028     		cmp	r0, #0
 1053 0082 DBD1     		bne	.L66
 341:Drivers/STM32F4xx_HAL_Driver/Src/stm32f4xx_hal_rtc.c ****       hrtc->Instance->TAFCR |= (uint32_t)(hrtc->Init.OutPutType);
 1054              		.loc 1 341 7 is_stmt 1 view .LVU321
 341:Drivers/STM32F4xx_HAL_Driver/Src/stm32f4xx_hal_rtc.c ****       hrtc->Instance->TAFCR |= (uint32_t)(hrtc->Init.OutPutType);
 1055              		.loc 1 341 11 is_stmt 0 view .LVU322
 1056 0084 2268     		ldr	r2, [r4]
 341:Drivers/STM32F4xx_HAL_Driver/Src/stm32f4xx_hal_rtc.c ****       hrtc->Instance->TAFCR |= (uint32_t)(hrtc->Init.OutPutType);
 1057              		.loc 1 341 21 view .LVU323
 1058 0086 136C     		ldr	r3, [r2, #64]
 341:Drivers/STM32F4xx_HAL_Driver/Src/stm32f4xx_hal_rtc.c ****       hrtc->Instance->TAFCR |= (uint32_t)(hrtc->Init.OutPutType);
 1059              		.loc 1 341 29 view .LVU324
 1060 0088 23F48023 		bic	r3, r3, #262144
 1061 008c 1364     		str	r3, [r2, #64]
 342:Drivers/STM32F4xx_HAL_Driver/Src/stm32f4xx_hal_rtc.c ****     }
 1062              		.loc 1 342 7 is_stmt 1 view .LVU325
 342:Drivers/STM32F4xx_HAL_Driver/Src/stm32f4xx_hal_rtc.c ****     }
 1063              		.loc 1 342 11 is_stmt 0 view .LVU326
 1064 008e 2268     		ldr	r2, [r4]
 342:Drivers/STM32F4xx_HAL_Driver/Src/stm32f4xx_hal_rtc.c ****     }
 1065              		.loc 1 342 21 view .LVU327
 1066 0090 136C     		ldr	r3, [r2, #64]
 342:Drivers/STM32F4xx_HAL_Driver/Src/stm32f4xx_hal_rtc.c ****     }
 1067              		.loc 1 342 53 view .LVU328
 1068 0092 A169     		ldr	r1, [r4, #24]
 342:Drivers/STM32F4xx_HAL_Driver/Src/stm32f4xx_hal_rtc.c ****     }
 1069              		.loc 1 342 29 view .LVU329
 1070 0094 0B43     		orrs	r3, r3, r1
 1071 0096 1364     		str	r3, [r2, #64]
 1072 0098 D0E7     		b	.L66
 1073              	.LVL63:
 1074              	.L67:
 1075              	.LCFI7:
 1076              		.cfi_def_cfa_offset 0
 1077              		.cfi_restore 4
 1078              		.cfi_restore 14
ARM GAS  C:\Users\40918\AppData\Local\Temp\cc17lxaj.s 			page 55


 262:Drivers/STM32F4xx_HAL_Driver/Src/stm32f4xx_hal_rtc.c ****   }
 1079              		.loc 1 262 12 view .LVU330
 1080 009a 0120     		movs	r0, #1
 1081              	.LVL64:
 360:Drivers/STM32F4xx_HAL_Driver/Src/stm32f4xx_hal_rtc.c **** 
 1082              		.loc 1 360 1 view .LVU331
 1083 009c 7047     		bx	lr
 1084              		.cfi_endproc
 1085              	.LFE239:
 1087              		.section	.text.HAL_RTC_DeInit,"ax",%progbits
 1088              		.align	1
 1089              		.global	HAL_RTC_DeInit
 1090              		.syntax unified
 1091              		.thumb
 1092              		.thumb_func
 1094              	HAL_RTC_DeInit:
 1095              	.LVL65:
 1096              	.LFB240:
 370:Drivers/STM32F4xx_HAL_Driver/Src/stm32f4xx_hal_rtc.c ****   HAL_StatusTypeDef status;
 1097              		.loc 1 370 1 is_stmt 1 view -0
 1098              		.cfi_startproc
 1099              		@ args = 0, pretend = 0, frame = 0
 1100              		@ frame_needed = 0, uses_anonymous_args = 0
 370:Drivers/STM32F4xx_HAL_Driver/Src/stm32f4xx_hal_rtc.c ****   HAL_StatusTypeDef status;
 1101              		.loc 1 370 1 is_stmt 0 view .LVU333
 1102 0000 70B5     		push	{r4, r5, r6, lr}
 1103              	.LCFI8:
 1104              		.cfi_def_cfa_offset 16
 1105              		.cfi_offset 4, -16
 1106              		.cfi_offset 5, -12
 1107              		.cfi_offset 6, -8
 1108              		.cfi_offset 14, -4
 1109 0002 0446     		mov	r4, r0
 371:Drivers/STM32F4xx_HAL_Driver/Src/stm32f4xx_hal_rtc.c **** 
 1110              		.loc 1 371 3 is_stmt 1 view .LVU334
 374:Drivers/STM32F4xx_HAL_Driver/Src/stm32f4xx_hal_rtc.c **** 
 1111              		.loc 1 374 3 view .LVU335
 377:Drivers/STM32F4xx_HAL_Driver/Src/stm32f4xx_hal_rtc.c **** 
 1112              		.loc 1 377 3 view .LVU336
 377:Drivers/STM32F4xx_HAL_Driver/Src/stm32f4xx_hal_rtc.c **** 
 1113              		.loc 1 377 15 is_stmt 0 view .LVU337
 1114 0004 0223     		movs	r3, #2
 1115 0006 4377     		strb	r3, [r0, #29]
 380:Drivers/STM32F4xx_HAL_Driver/Src/stm32f4xx_hal_rtc.c **** 
 1116              		.loc 1 380 3 is_stmt 1 view .LVU338
 380:Drivers/STM32F4xx_HAL_Driver/Src/stm32f4xx_hal_rtc.c **** 
 1117              		.loc 1 380 3 view .LVU339
 1118 0008 0368     		ldr	r3, [r0]
 1119 000a CA22     		movs	r2, #202
 1120 000c 5A62     		str	r2, [r3, #36]
 380:Drivers/STM32F4xx_HAL_Driver/Src/stm32f4xx_hal_rtc.c **** 
 1121              		.loc 1 380 3 view .LVU340
 1122 000e 0368     		ldr	r3, [r0]
 1123 0010 5322     		movs	r2, #83
 1124 0012 5A62     		str	r2, [r3, #36]
 380:Drivers/STM32F4xx_HAL_Driver/Src/stm32f4xx_hal_rtc.c **** 
 1125              		.loc 1 380 3 view .LVU341
ARM GAS  C:\Users\40918\AppData\Local\Temp\cc17lxaj.s 			page 56


 383:Drivers/STM32F4xx_HAL_Driver/Src/stm32f4xx_hal_rtc.c **** 
 1126              		.loc 1 383 3 view .LVU342
 383:Drivers/STM32F4xx_HAL_Driver/Src/stm32f4xx_hal_rtc.c **** 
 1127              		.loc 1 383 12 is_stmt 0 view .LVU343
 1128 0014 FFF7FEFF 		bl	RTC_EnterInitMode
 1129              	.LVL66:
 385:Drivers/STM32F4xx_HAL_Driver/Src/stm32f4xx_hal_rtc.c ****   {
 1130              		.loc 1 385 3 is_stmt 1 view .LVU344
 385:Drivers/STM32F4xx_HAL_Driver/Src/stm32f4xx_hal_rtc.c ****   {
 1131              		.loc 1 385 6 is_stmt 0 view .LVU345
 1132 0018 0546     		mov	r5, r0
 1133 001a 38B1     		cbz	r0, .L80
 1134              	.LVL67:
 1135              	.L77:
 406:Drivers/STM32F4xx_HAL_Driver/Src/stm32f4xx_hal_rtc.c **** 
 1136              		.loc 1 406 3 is_stmt 1 view .LVU346
 406:Drivers/STM32F4xx_HAL_Driver/Src/stm32f4xx_hal_rtc.c **** 
 1137              		.loc 1 406 3 view .LVU347
 1138 001c 2368     		ldr	r3, [r4]
 1139 001e FF22     		movs	r2, #255
 1140 0020 5A62     		str	r2, [r3, #36]
 406:Drivers/STM32F4xx_HAL_Driver/Src/stm32f4xx_hal_rtc.c **** 
 1141              		.loc 1 406 3 view .LVU348
 408:Drivers/STM32F4xx_HAL_Driver/Src/stm32f4xx_hal_rtc.c ****   {
 1142              		.loc 1 408 3 view .LVU349
 408:Drivers/STM32F4xx_HAL_Driver/Src/stm32f4xx_hal_rtc.c ****   {
 1143              		.loc 1 408 6 is_stmt 0 view .LVU350
 1144 0022 35B3     		cbz	r5, .L81
 1145              	.L78:
 430:Drivers/STM32F4xx_HAL_Driver/Src/stm32f4xx_hal_rtc.c **** 
 1146              		.loc 1 430 3 is_stmt 1 view .LVU351
 430:Drivers/STM32F4xx_HAL_Driver/Src/stm32f4xx_hal_rtc.c **** 
 1147              		.loc 1 430 3 view .LVU352
 1148 0024 0023     		movs	r3, #0
 1149 0026 2377     		strb	r3, [r4, #28]
 430:Drivers/STM32F4xx_HAL_Driver/Src/stm32f4xx_hal_rtc.c **** 
 1150              		.loc 1 430 3 view .LVU353
 432:Drivers/STM32F4xx_HAL_Driver/Src/stm32f4xx_hal_rtc.c **** }
 1151              		.loc 1 432 3 view .LVU354
 433:Drivers/STM32F4xx_HAL_Driver/Src/stm32f4xx_hal_rtc.c **** 
 1152              		.loc 1 433 1 is_stmt 0 view .LVU355
 1153 0028 2846     		mov	r0, r5
 1154 002a 70BD     		pop	{r4, r5, r6, pc}
 1155              	.LVL68:
 1156              	.L80:
 388:Drivers/STM32F4xx_HAL_Driver/Src/stm32f4xx_hal_rtc.c ****     hrtc->Instance->DR = (RTC_DR_WDU_0 | RTC_DR_MU_0 | RTC_DR_DU_0);
 1157              		.loc 1 388 5 is_stmt 1 view .LVU356
 388:Drivers/STM32F4xx_HAL_Driver/Src/stm32f4xx_hal_rtc.c ****     hrtc->Instance->DR = (RTC_DR_WDU_0 | RTC_DR_MU_0 | RTC_DR_DU_0);
 1158              		.loc 1 388 9 is_stmt 0 view .LVU357
 1159 002c 2268     		ldr	r2, [r4]
 388:Drivers/STM32F4xx_HAL_Driver/Src/stm32f4xx_hal_rtc.c ****     hrtc->Instance->DR = (RTC_DR_WDU_0 | RTC_DR_MU_0 | RTC_DR_DU_0);
 1160              		.loc 1 388 24 view .LVU358
 1161 002e 0023     		movs	r3, #0
 1162 0030 1360     		str	r3, [r2]
 389:Drivers/STM32F4xx_HAL_Driver/Src/stm32f4xx_hal_rtc.c ****     hrtc->Instance->CR = 0x00000000U;
 1163              		.loc 1 389 5 is_stmt 1 view .LVU359
 389:Drivers/STM32F4xx_HAL_Driver/Src/stm32f4xx_hal_rtc.c ****     hrtc->Instance->CR = 0x00000000U;
ARM GAS  C:\Users\40918\AppData\Local\Temp\cc17lxaj.s 			page 57


 1164              		.loc 1 389 9 is_stmt 0 view .LVU360
 1165 0032 2268     		ldr	r2, [r4]
 389:Drivers/STM32F4xx_HAL_Driver/Src/stm32f4xx_hal_rtc.c ****     hrtc->Instance->CR = 0x00000000U;
 1166              		.loc 1 389 24 view .LVU361
 1167 0034 42F20111 		movw	r1, #8449
 1168 0038 5160     		str	r1, [r2, #4]
 390:Drivers/STM32F4xx_HAL_Driver/Src/stm32f4xx_hal_rtc.c ****     hrtc->Instance->WUTR = RTC_WUTR_WUT;
 1169              		.loc 1 390 5 is_stmt 1 view .LVU362
 390:Drivers/STM32F4xx_HAL_Driver/Src/stm32f4xx_hal_rtc.c ****     hrtc->Instance->WUTR = RTC_WUTR_WUT;
 1170              		.loc 1 390 9 is_stmt 0 view .LVU363
 1171 003a 2268     		ldr	r2, [r4]
 390:Drivers/STM32F4xx_HAL_Driver/Src/stm32f4xx_hal_rtc.c ****     hrtc->Instance->WUTR = RTC_WUTR_WUT;
 1172              		.loc 1 390 24 view .LVU364
 1173 003c 9360     		str	r3, [r2, #8]
 391:Drivers/STM32F4xx_HAL_Driver/Src/stm32f4xx_hal_rtc.c ****     hrtc->Instance->PRER = (uint32_t)(RTC_PRER_PREDIV_A | 0x000000FFU);
 1174              		.loc 1 391 5 is_stmt 1 view .LVU365
 391:Drivers/STM32F4xx_HAL_Driver/Src/stm32f4xx_hal_rtc.c ****     hrtc->Instance->PRER = (uint32_t)(RTC_PRER_PREDIV_A | 0x000000FFU);
 1175              		.loc 1 391 9 is_stmt 0 view .LVU366
 1176 003e 2268     		ldr	r2, [r4]
 391:Drivers/STM32F4xx_HAL_Driver/Src/stm32f4xx_hal_rtc.c ****     hrtc->Instance->PRER = (uint32_t)(RTC_PRER_PREDIV_A | 0x000000FFU);
 1177              		.loc 1 391 26 view .LVU367
 1178 0040 4FF6FF71 		movw	r1, #65535
 1179 0044 5161     		str	r1, [r2, #20]
 392:Drivers/STM32F4xx_HAL_Driver/Src/stm32f4xx_hal_rtc.c ****     hrtc->Instance->CALIBR   = 0x00000000U;
 1180              		.loc 1 392 5 is_stmt 1 view .LVU368
 392:Drivers/STM32F4xx_HAL_Driver/Src/stm32f4xx_hal_rtc.c ****     hrtc->Instance->CALIBR   = 0x00000000U;
 1181              		.loc 1 392 9 is_stmt 0 view .LVU369
 1182 0046 2268     		ldr	r2, [r4]
 392:Drivers/STM32F4xx_HAL_Driver/Src/stm32f4xx_hal_rtc.c ****     hrtc->Instance->CALIBR   = 0x00000000U;
 1183              		.loc 1 392 26 view .LVU370
 1184 0048 0E49     		ldr	r1, .L82
 1185 004a 1161     		str	r1, [r2, #16]
 393:Drivers/STM32F4xx_HAL_Driver/Src/stm32f4xx_hal_rtc.c ****     hrtc->Instance->ALRMAR   = 0x00000000U;
 1186              		.loc 1 393 5 is_stmt 1 view .LVU371
 393:Drivers/STM32F4xx_HAL_Driver/Src/stm32f4xx_hal_rtc.c ****     hrtc->Instance->ALRMAR   = 0x00000000U;
 1187              		.loc 1 393 9 is_stmt 0 view .LVU372
 1188 004c 2268     		ldr	r2, [r4]
 393:Drivers/STM32F4xx_HAL_Driver/Src/stm32f4xx_hal_rtc.c ****     hrtc->Instance->ALRMAR   = 0x00000000U;
 1189              		.loc 1 393 30 view .LVU373
 1190 004e 9361     		str	r3, [r2, #24]
 394:Drivers/STM32F4xx_HAL_Driver/Src/stm32f4xx_hal_rtc.c ****     hrtc->Instance->ALRMBR   = 0x00000000U;
 1191              		.loc 1 394 5 is_stmt 1 view .LVU374
 394:Drivers/STM32F4xx_HAL_Driver/Src/stm32f4xx_hal_rtc.c ****     hrtc->Instance->ALRMBR   = 0x00000000U;
 1192              		.loc 1 394 9 is_stmt 0 view .LVU375
 1193 0050 2268     		ldr	r2, [r4]
 394:Drivers/STM32F4xx_HAL_Driver/Src/stm32f4xx_hal_rtc.c ****     hrtc->Instance->ALRMBR   = 0x00000000U;
 1194              		.loc 1 394 30 view .LVU376
 1195 0052 D361     		str	r3, [r2, #28]
 395:Drivers/STM32F4xx_HAL_Driver/Src/stm32f4xx_hal_rtc.c ****     hrtc->Instance->CALR     = 0x00000000U;
 1196              		.loc 1 395 5 is_stmt 1 view .LVU377
 395:Drivers/STM32F4xx_HAL_Driver/Src/stm32f4xx_hal_rtc.c ****     hrtc->Instance->CALR     = 0x00000000U;
 1197              		.loc 1 395 9 is_stmt 0 view .LVU378
 1198 0054 2268     		ldr	r2, [r4]
 395:Drivers/STM32F4xx_HAL_Driver/Src/stm32f4xx_hal_rtc.c ****     hrtc->Instance->CALR     = 0x00000000U;
 1199              		.loc 1 395 30 view .LVU379
 1200 0056 1362     		str	r3, [r2, #32]
 396:Drivers/STM32F4xx_HAL_Driver/Src/stm32f4xx_hal_rtc.c ****     hrtc->Instance->SHIFTR   = 0x00000000U;
ARM GAS  C:\Users\40918\AppData\Local\Temp\cc17lxaj.s 			page 58


 1201              		.loc 1 396 5 is_stmt 1 view .LVU380
 396:Drivers/STM32F4xx_HAL_Driver/Src/stm32f4xx_hal_rtc.c ****     hrtc->Instance->SHIFTR   = 0x00000000U;
 1202              		.loc 1 396 9 is_stmt 0 view .LVU381
 1203 0058 2268     		ldr	r2, [r4]
 396:Drivers/STM32F4xx_HAL_Driver/Src/stm32f4xx_hal_rtc.c ****     hrtc->Instance->SHIFTR   = 0x00000000U;
 1204              		.loc 1 396 30 view .LVU382
 1205 005a D363     		str	r3, [r2, #60]
 397:Drivers/STM32F4xx_HAL_Driver/Src/stm32f4xx_hal_rtc.c ****     hrtc->Instance->ALRMASSR = 0x00000000U;
 1206              		.loc 1 397 5 is_stmt 1 view .LVU383
 397:Drivers/STM32F4xx_HAL_Driver/Src/stm32f4xx_hal_rtc.c ****     hrtc->Instance->ALRMASSR = 0x00000000U;
 1207              		.loc 1 397 9 is_stmt 0 view .LVU384
 1208 005c 2268     		ldr	r2, [r4]
 397:Drivers/STM32F4xx_HAL_Driver/Src/stm32f4xx_hal_rtc.c ****     hrtc->Instance->ALRMASSR = 0x00000000U;
 1209              		.loc 1 397 30 view .LVU385
 1210 005e D362     		str	r3, [r2, #44]
 398:Drivers/STM32F4xx_HAL_Driver/Src/stm32f4xx_hal_rtc.c ****     hrtc->Instance->ALRMBSSR = 0x00000000U;
 1211              		.loc 1 398 5 is_stmt 1 view .LVU386
 398:Drivers/STM32F4xx_HAL_Driver/Src/stm32f4xx_hal_rtc.c ****     hrtc->Instance->ALRMBSSR = 0x00000000U;
 1212              		.loc 1 398 9 is_stmt 0 view .LVU387
 1213 0060 2268     		ldr	r2, [r4]
 398:Drivers/STM32F4xx_HAL_Driver/Src/stm32f4xx_hal_rtc.c ****     hrtc->Instance->ALRMBSSR = 0x00000000U;
 1214              		.loc 1 398 30 view .LVU388
 1215 0062 5364     		str	r3, [r2, #68]
 399:Drivers/STM32F4xx_HAL_Driver/Src/stm32f4xx_hal_rtc.c **** 
 1216              		.loc 1 399 5 is_stmt 1 view .LVU389
 399:Drivers/STM32F4xx_HAL_Driver/Src/stm32f4xx_hal_rtc.c **** 
 1217              		.loc 1 399 9 is_stmt 0 view .LVU390
 1218 0064 2268     		ldr	r2, [r4]
 399:Drivers/STM32F4xx_HAL_Driver/Src/stm32f4xx_hal_rtc.c **** 
 1219              		.loc 1 399 30 view .LVU391
 1220 0066 9364     		str	r3, [r2, #72]
 402:Drivers/STM32F4xx_HAL_Driver/Src/stm32f4xx_hal_rtc.c ****   }
 1221              		.loc 1 402 5 is_stmt 1 view .LVU392
 402:Drivers/STM32F4xx_HAL_Driver/Src/stm32f4xx_hal_rtc.c ****   }
 1222              		.loc 1 402 14 is_stmt 0 view .LVU393
 1223 0068 2046     		mov	r0, r4
 1224              	.LVL69:
 402:Drivers/STM32F4xx_HAL_Driver/Src/stm32f4xx_hal_rtc.c ****   }
 1225              		.loc 1 402 14 view .LVU394
 1226 006a FFF7FEFF 		bl	RTC_ExitInitMode
 1227              	.LVL70:
 1228 006e 0546     		mov	r5, r0
 1229              	.LVL71:
 402:Drivers/STM32F4xx_HAL_Driver/Src/stm32f4xx_hal_rtc.c ****   }
 1230              		.loc 1 402 14 view .LVU395
 1231 0070 D4E7     		b	.L77
 1232              	.L81:
 411:Drivers/STM32F4xx_HAL_Driver/Src/stm32f4xx_hal_rtc.c **** 
 1233              		.loc 1 411 5 is_stmt 1 view .LVU396
 411:Drivers/STM32F4xx_HAL_Driver/Src/stm32f4xx_hal_rtc.c **** 
 1234              		.loc 1 411 9 is_stmt 0 view .LVU397
 1235 0072 2368     		ldr	r3, [r4]
 411:Drivers/STM32F4xx_HAL_Driver/Src/stm32f4xx_hal_rtc.c **** 
 1236              		.loc 1 411 27 view .LVU398
 1237 0074 0026     		movs	r6, #0
 1238 0076 1E64     		str	r6, [r3, #64]
 423:Drivers/STM32F4xx_HAL_Driver/Src/stm32f4xx_hal_rtc.c **** #endif /* USE_HAL_RTC_REGISTER_CALLBACKS */
ARM GAS  C:\Users\40918\AppData\Local\Temp\cc17lxaj.s 			page 59


 1239              		.loc 1 423 5 is_stmt 1 view .LVU399
 1240 0078 2046     		mov	r0, r4
 1241 007a FFF7FEFF 		bl	HAL_RTC_MspDeInit
 1242              	.LVL72:
 426:Drivers/STM32F4xx_HAL_Driver/Src/stm32f4xx_hal_rtc.c ****   }
 1243              		.loc 1 426 5 view .LVU400
 426:Drivers/STM32F4xx_HAL_Driver/Src/stm32f4xx_hal_rtc.c ****   }
 1244              		.loc 1 426 17 is_stmt 0 view .LVU401
 1245 007e 6677     		strb	r6, [r4, #29]
 1246 0080 D0E7     		b	.L78
 1247              	.L83:
 1248 0082 00BF     		.align	2
 1249              	.L82:
 1250 0084 FF007F00 		.word	8323327
 1251              		.cfi_endproc
 1252              	.LFE240:
 1254              		.section	.text.RTC_ByteToBcd2,"ax",%progbits
 1255              		.align	1
 1256              		.global	RTC_ByteToBcd2
 1257              		.syntax unified
 1258              		.thumb
 1259              		.thumb_func
 1261              	RTC_ByteToBcd2:
 1262              	.LVL73:
 1263              	.LFB263:
1878:Drivers/STM32F4xx_HAL_Driver/Src/stm32f4xx_hal_rtc.c **** 
1879:Drivers/STM32F4xx_HAL_Driver/Src/stm32f4xx_hal_rtc.c **** /**
1880:Drivers/STM32F4xx_HAL_Driver/Src/stm32f4xx_hal_rtc.c ****   * @brief  Converts a 2-digit number from decimal to BCD format.
1881:Drivers/STM32F4xx_HAL_Driver/Src/stm32f4xx_hal_rtc.c ****   * @param  number decimal-formatted number (from 0 to 99) to be converted
1882:Drivers/STM32F4xx_HAL_Driver/Src/stm32f4xx_hal_rtc.c ****   * @retval Converted byte
1883:Drivers/STM32F4xx_HAL_Driver/Src/stm32f4xx_hal_rtc.c ****   */
1884:Drivers/STM32F4xx_HAL_Driver/Src/stm32f4xx_hal_rtc.c **** uint8_t RTC_ByteToBcd2(uint8_t number)
1885:Drivers/STM32F4xx_HAL_Driver/Src/stm32f4xx_hal_rtc.c **** {
 1264              		.loc 1 1885 1 is_stmt 1 view -0
 1265              		.cfi_startproc
 1266              		@ args = 0, pretend = 0, frame = 0
 1267              		@ frame_needed = 0, uses_anonymous_args = 0
 1268              		@ link register save eliminated.
1886:Drivers/STM32F4xx_HAL_Driver/Src/stm32f4xx_hal_rtc.c ****   uint32_t bcdhigh = 0U;
 1269              		.loc 1 1886 3 view .LVU403
1887:Drivers/STM32F4xx_HAL_Driver/Src/stm32f4xx_hal_rtc.c **** 
1888:Drivers/STM32F4xx_HAL_Driver/Src/stm32f4xx_hal_rtc.c ****   while (number >= 10U)
 1270              		.loc 1 1888 3 view .LVU404
1886:Drivers/STM32F4xx_HAL_Driver/Src/stm32f4xx_hal_rtc.c ****   uint32_t bcdhigh = 0U;
 1271              		.loc 1 1886 12 is_stmt 0 view .LVU405
 1272 0000 0023     		movs	r3, #0
 1273              		.loc 1 1888 9 view .LVU406
 1274 0002 02E0     		b	.L85
 1275              	.LVL74:
 1276              	.L86:
1889:Drivers/STM32F4xx_HAL_Driver/Src/stm32f4xx_hal_rtc.c ****   {
1890:Drivers/STM32F4xx_HAL_Driver/Src/stm32f4xx_hal_rtc.c ****     bcdhigh++;
 1277              		.loc 1 1890 5 is_stmt 1 view .LVU407
 1278              		.loc 1 1890 12 is_stmt 0 view .LVU408
 1279 0004 0133     		adds	r3, r3, #1
 1280              	.LVL75:
1891:Drivers/STM32F4xx_HAL_Driver/Src/stm32f4xx_hal_rtc.c ****     number -= 10U;
ARM GAS  C:\Users\40918\AppData\Local\Temp\cc17lxaj.s 			page 60


 1281              		.loc 1 1891 5 is_stmt 1 view .LVU409
 1282              		.loc 1 1891 12 is_stmt 0 view .LVU410
 1283 0006 0A38     		subs	r0, r0, #10
 1284              	.LVL76:
 1285              		.loc 1 1891 12 view .LVU411
 1286 0008 C0B2     		uxtb	r0, r0
 1287              	.LVL77:
 1288              	.L85:
1888:Drivers/STM32F4xx_HAL_Driver/Src/stm32f4xx_hal_rtc.c ****   {
 1289              		.loc 1 1888 17 is_stmt 1 view .LVU412
 1290 000a 0928     		cmp	r0, #9
 1291 000c FAD8     		bhi	.L86
1892:Drivers/STM32F4xx_HAL_Driver/Src/stm32f4xx_hal_rtc.c ****   }
1893:Drivers/STM32F4xx_HAL_Driver/Src/stm32f4xx_hal_rtc.c **** 
1894:Drivers/STM32F4xx_HAL_Driver/Src/stm32f4xx_hal_rtc.c ****   return ((uint8_t)(bcdhigh << 4U) | number);
 1292              		.loc 1 1894 3 view .LVU413
 1293              		.loc 1 1894 11 is_stmt 0 view .LVU414
 1294 000e 1B01     		lsls	r3, r3, #4
 1295              	.LVL78:
 1296              		.loc 1 1894 11 view .LVU415
 1297 0010 DBB2     		uxtb	r3, r3
1895:Drivers/STM32F4xx_HAL_Driver/Src/stm32f4xx_hal_rtc.c **** }
 1298              		.loc 1 1895 1 view .LVU416
 1299 0012 1843     		orrs	r0, r0, r3
 1300              	.LVL79:
 1301              		.loc 1 1895 1 view .LVU417
 1302 0014 7047     		bx	lr
 1303              		.cfi_endproc
 1304              	.LFE263:
 1306              		.section	.text.HAL_RTC_SetTime,"ax",%progbits
 1307              		.align	1
 1308              		.global	HAL_RTC_SetTime
 1309              		.syntax unified
 1310              		.thumb
 1311              		.thumb_func
 1313              	HAL_RTC_SetTime:
 1314              	.LVL80:
 1315              	.LFB243:
 707:Drivers/STM32F4xx_HAL_Driver/Src/stm32f4xx_hal_rtc.c ****   uint32_t tmpreg = 0U;
 1316              		.loc 1 707 1 is_stmt 1 view -0
 1317              		.cfi_startproc
 1318              		@ args = 0, pretend = 0, frame = 0
 1319              		@ frame_needed = 0, uses_anonymous_args = 0
 708:Drivers/STM32F4xx_HAL_Driver/Src/stm32f4xx_hal_rtc.c ****   HAL_StatusTypeDef status;
 1320              		.loc 1 708 3 view .LVU419
 709:Drivers/STM32F4xx_HAL_Driver/Src/stm32f4xx_hal_rtc.c **** 
 1321              		.loc 1 709 3 view .LVU420
 712:Drivers/STM32F4xx_HAL_Driver/Src/stm32f4xx_hal_rtc.c ****   assert_param(IS_RTC_DAYLIGHT_SAVING(sTime->DayLightSaving));
 1322              		.loc 1 712 3 view .LVU421
 713:Drivers/STM32F4xx_HAL_Driver/Src/stm32f4xx_hal_rtc.c ****   assert_param(IS_RTC_STORE_OPERATION(sTime->StoreOperation));
 1323              		.loc 1 713 3 view .LVU422
 714:Drivers/STM32F4xx_HAL_Driver/Src/stm32f4xx_hal_rtc.c **** 
 1324              		.loc 1 714 3 view .LVU423
 717:Drivers/STM32F4xx_HAL_Driver/Src/stm32f4xx_hal_rtc.c **** 
 1325              		.loc 1 717 3 view .LVU424
 717:Drivers/STM32F4xx_HAL_Driver/Src/stm32f4xx_hal_rtc.c **** 
 1326              		.loc 1 717 3 view .LVU425
ARM GAS  C:\Users\40918\AppData\Local\Temp\cc17lxaj.s 			page 61


 1327 0000 037F     		ldrb	r3, [r0, #28]	@ zero_extendqisi2
 1328 0002 012B     		cmp	r3, #1
 1329 0004 5AD0     		beq	.L94
 707:Drivers/STM32F4xx_HAL_Driver/Src/stm32f4xx_hal_rtc.c ****   uint32_t tmpreg = 0U;
 1330              		.loc 1 707 1 is_stmt 0 view .LVU426
 1331 0006 70B5     		push	{r4, r5, r6, lr}
 1332              	.LCFI9:
 1333              		.cfi_def_cfa_offset 16
 1334              		.cfi_offset 4, -16
 1335              		.cfi_offset 5, -12
 1336              		.cfi_offset 6, -8
 1337              		.cfi_offset 14, -4
 1338 0008 0446     		mov	r4, r0
 1339 000a 0E46     		mov	r6, r1
 717:Drivers/STM32F4xx_HAL_Driver/Src/stm32f4xx_hal_rtc.c **** 
 1340              		.loc 1 717 3 is_stmt 1 discriminator 2 view .LVU427
 1341 000c 0123     		movs	r3, #1
 1342 000e 0377     		strb	r3, [r0, #28]
 717:Drivers/STM32F4xx_HAL_Driver/Src/stm32f4xx_hal_rtc.c **** 
 1343              		.loc 1 717 3 discriminator 2 view .LVU428
 719:Drivers/STM32F4xx_HAL_Driver/Src/stm32f4xx_hal_rtc.c **** 
 1344              		.loc 1 719 3 view .LVU429
 719:Drivers/STM32F4xx_HAL_Driver/Src/stm32f4xx_hal_rtc.c **** 
 1345              		.loc 1 719 15 is_stmt 0 view .LVU430
 1346 0010 0223     		movs	r3, #2
 1347 0012 4377     		strb	r3, [r0, #29]
 721:Drivers/STM32F4xx_HAL_Driver/Src/stm32f4xx_hal_rtc.c ****   {
 1348              		.loc 1 721 3 is_stmt 1 view .LVU431
 721:Drivers/STM32F4xx_HAL_Driver/Src/stm32f4xx_hal_rtc.c ****   {
 1349              		.loc 1 721 6 is_stmt 0 view .LVU432
 1350 0014 32BB     		cbnz	r2, .L89
 723:Drivers/STM32F4xx_HAL_Driver/Src/stm32f4xx_hal_rtc.c ****     {
 1351              		.loc 1 723 5 is_stmt 1 view .LVU433
 723:Drivers/STM32F4xx_HAL_Driver/Src/stm32f4xx_hal_rtc.c ****     {
 1352              		.loc 1 723 14 is_stmt 0 view .LVU434
 1353 0016 0368     		ldr	r3, [r0]
 723:Drivers/STM32F4xx_HAL_Driver/Src/stm32f4xx_hal_rtc.c ****     {
 1354              		.loc 1 723 24 view .LVU435
 1355 0018 9B68     		ldr	r3, [r3, #8]
 723:Drivers/STM32F4xx_HAL_Driver/Src/stm32f4xx_hal_rtc.c ****     {
 1356              		.loc 1 723 8 view .LVU436
 1357 001a 13F0400F 		tst	r3, #64
 1358 001e 01D1     		bne	.L90
 730:Drivers/STM32F4xx_HAL_Driver/Src/stm32f4xx_hal_rtc.c ****       assert_param(IS_RTC_HOUR24(sTime->Hours));
 1359              		.loc 1 730 7 is_stmt 1 view .LVU437
 730:Drivers/STM32F4xx_HAL_Driver/Src/stm32f4xx_hal_rtc.c ****       assert_param(IS_RTC_HOUR24(sTime->Hours));
 1360              		.loc 1 730 25 is_stmt 0 view .LVU438
 1361 0020 0023     		movs	r3, #0
 1362 0022 CB70     		strb	r3, [r1, #3]
 1363              	.L90:
 731:Drivers/STM32F4xx_HAL_Driver/Src/stm32f4xx_hal_rtc.c ****     }
 1364              		.loc 1 731 7 is_stmt 1 view .LVU439
 733:Drivers/STM32F4xx_HAL_Driver/Src/stm32f4xx_hal_rtc.c ****     assert_param(IS_RTC_SECONDS(sTime->Seconds));
 1365              		.loc 1 733 5 view .LVU440
 734:Drivers/STM32F4xx_HAL_Driver/Src/stm32f4xx_hal_rtc.c **** 
 1366              		.loc 1 734 5 view .LVU441
 736:Drivers/STM32F4xx_HAL_Driver/Src/stm32f4xx_hal_rtc.c ****                         ( (uint32_t)RTC_ByteToBcd2(sTime->Minutes) << RTC_TR_MNU_Pos) | \
ARM GAS  C:\Users\40918\AppData\Local\Temp\cc17lxaj.s 			page 62


 1367              		.loc 1 736 5 view .LVU442
 736:Drivers/STM32F4xx_HAL_Driver/Src/stm32f4xx_hal_rtc.c ****                         ( (uint32_t)RTC_ByteToBcd2(sTime->Minutes) << RTC_TR_MNU_Pos) | \
 1368              		.loc 1 736 37 is_stmt 0 view .LVU443
 1369 0024 3078     		ldrb	r0, [r6]	@ zero_extendqisi2
 1370              	.LVL81:
 736:Drivers/STM32F4xx_HAL_Driver/Src/stm32f4xx_hal_rtc.c ****                         ( (uint32_t)RTC_ByteToBcd2(sTime->Minutes) << RTC_TR_MNU_Pos) | \
 1371              		.loc 1 736 37 view .LVU444
 1372 0026 FFF7FEFF 		bl	RTC_ByteToBcd2
 1373              	.LVL82:
 736:Drivers/STM32F4xx_HAL_Driver/Src/stm32f4xx_hal_rtc.c ****                         ( (uint32_t)RTC_ByteToBcd2(sTime->Minutes) << RTC_TR_MNU_Pos) | \
 1374              		.loc 1 736 68 discriminator 1 view .LVU445
 1375 002a 0504     		lsls	r5, r0, #16
 737:Drivers/STM32F4xx_HAL_Driver/Src/stm32f4xx_hal_rtc.c ****                         ( (uint32_t)RTC_ByteToBcd2(sTime->Seconds))                   | \
 1376              		.loc 1 737 37 view .LVU446
 1377 002c 7078     		ldrb	r0, [r6, #1]	@ zero_extendqisi2
 1378 002e FFF7FEFF 		bl	RTC_ByteToBcd2
 1379              	.LVL83:
 736:Drivers/STM32F4xx_HAL_Driver/Src/stm32f4xx_hal_rtc.c ****                         ( (uint32_t)RTC_ByteToBcd2(sTime->Minutes) << RTC_TR_MNU_Pos) | \
 1380              		.loc 1 736 87 view .LVU447
 1381 0032 45EA0025 		orr	r5, r5, r0, lsl #8
 738:Drivers/STM32F4xx_HAL_Driver/Src/stm32f4xx_hal_rtc.c ****                         (((uint32_t)sTime->TimeFormat)             << RTC_TR_PM_Pos));
 1382              		.loc 1 738 37 view .LVU448
 1383 0036 B078     		ldrb	r0, [r6, #2]	@ zero_extendqisi2
 1384 0038 FFF7FEFF 		bl	RTC_ByteToBcd2
 1385              	.LVL84:
 737:Drivers/STM32F4xx_HAL_Driver/Src/stm32f4xx_hal_rtc.c ****                         ( (uint32_t)RTC_ByteToBcd2(sTime->Seconds))                   | \
 1386              		.loc 1 737 87 view .LVU449
 1387 003c 0543     		orrs	r5, r5, r0
 739:Drivers/STM32F4xx_HAL_Driver/Src/stm32f4xx_hal_rtc.c ****   }
 1388              		.loc 1 739 42 view .LVU450
 1389 003e F378     		ldrb	r3, [r6, #3]	@ zero_extendqisi2
 736:Drivers/STM32F4xx_HAL_Driver/Src/stm32f4xx_hal_rtc.c ****                         ( (uint32_t)RTC_ByteToBcd2(sTime->Minutes) << RTC_TR_MNU_Pos) | \
 1390              		.loc 1 736 12 view .LVU451
 1391 0040 45EA8355 		orr	r5, r5, r3, lsl #22
 1392              	.LVL85:
 1393              	.L91:
 762:Drivers/STM32F4xx_HAL_Driver/Src/stm32f4xx_hal_rtc.c **** 
 1394              		.loc 1 762 3 is_stmt 1 view .LVU452
 762:Drivers/STM32F4xx_HAL_Driver/Src/stm32f4xx_hal_rtc.c **** 
 1395              		.loc 1 762 3 view .LVU453
 1396 0044 2368     		ldr	r3, [r4]
 1397 0046 CA22     		movs	r2, #202
 1398 0048 5A62     		str	r2, [r3, #36]
 762:Drivers/STM32F4xx_HAL_Driver/Src/stm32f4xx_hal_rtc.c **** 
 1399              		.loc 1 762 3 view .LVU454
 1400 004a 2368     		ldr	r3, [r4]
 1401 004c 5322     		movs	r2, #83
 1402 004e 5A62     		str	r2, [r3, #36]
 762:Drivers/STM32F4xx_HAL_Driver/Src/stm32f4xx_hal_rtc.c **** 
 1403              		.loc 1 762 3 view .LVU455
 765:Drivers/STM32F4xx_HAL_Driver/Src/stm32f4xx_hal_rtc.c **** 
 1404              		.loc 1 765 3 view .LVU456
 765:Drivers/STM32F4xx_HAL_Driver/Src/stm32f4xx_hal_rtc.c **** 
 1405              		.loc 1 765 12 is_stmt 0 view .LVU457
 1406 0050 2046     		mov	r0, r4
 1407 0052 FFF7FEFF 		bl	RTC_EnterInitMode
 1408              	.LVL86:
ARM GAS  C:\Users\40918\AppData\Local\Temp\cc17lxaj.s 			page 63


 767:Drivers/STM32F4xx_HAL_Driver/Src/stm32f4xx_hal_rtc.c ****   {
 1409              		.loc 1 767 3 is_stmt 1 view .LVU458
 767:Drivers/STM32F4xx_HAL_Driver/Src/stm32f4xx_hal_rtc.c ****   {
 1410              		.loc 1 767 6 is_stmt 0 view .LVU459
 1411 0056 B8B1     		cbz	r0, .L99
 1412              	.LVL87:
 1413              	.L93:
 788:Drivers/STM32F4xx_HAL_Driver/Src/stm32f4xx_hal_rtc.c **** 
 1414              		.loc 1 788 3 is_stmt 1 view .LVU460
 788:Drivers/STM32F4xx_HAL_Driver/Src/stm32f4xx_hal_rtc.c **** 
 1415              		.loc 1 788 3 view .LVU461
 1416 0058 2368     		ldr	r3, [r4]
 1417 005a FF22     		movs	r2, #255
 1418 005c 5A62     		str	r2, [r3, #36]
 788:Drivers/STM32F4xx_HAL_Driver/Src/stm32f4xx_hal_rtc.c **** 
 1419              		.loc 1 788 3 view .LVU462
 791:Drivers/STM32F4xx_HAL_Driver/Src/stm32f4xx_hal_rtc.c **** 
 1420              		.loc 1 791 3 view .LVU463
 791:Drivers/STM32F4xx_HAL_Driver/Src/stm32f4xx_hal_rtc.c **** 
 1421              		.loc 1 791 3 view .LVU464
 1422 005e 0023     		movs	r3, #0
 1423 0060 2377     		strb	r3, [r4, #28]
 791:Drivers/STM32F4xx_HAL_Driver/Src/stm32f4xx_hal_rtc.c **** 
 1424              		.loc 1 791 3 view .LVU465
 793:Drivers/STM32F4xx_HAL_Driver/Src/stm32f4xx_hal_rtc.c **** }
 1425              		.loc 1 793 3 view .LVU466
 794:Drivers/STM32F4xx_HAL_Driver/Src/stm32f4xx_hal_rtc.c **** 
 1426              		.loc 1 794 1 is_stmt 0 view .LVU467
 1427 0062 70BD     		pop	{r4, r5, r6, pc}
 1428              	.LVL88:
 1429              	.L89:
 743:Drivers/STM32F4xx_HAL_Driver/Src/stm32f4xx_hal_rtc.c ****     {
 1430              		.loc 1 743 5 is_stmt 1 view .LVU468
 743:Drivers/STM32F4xx_HAL_Driver/Src/stm32f4xx_hal_rtc.c ****     {
 1431              		.loc 1 743 14 is_stmt 0 view .LVU469
 1432 0064 0368     		ldr	r3, [r0]
 743:Drivers/STM32F4xx_HAL_Driver/Src/stm32f4xx_hal_rtc.c ****     {
 1433              		.loc 1 743 24 view .LVU470
 1434 0066 9B68     		ldr	r3, [r3, #8]
 743:Drivers/STM32F4xx_HAL_Driver/Src/stm32f4xx_hal_rtc.c ****     {
 1435              		.loc 1 743 8 view .LVU471
 1436 0068 13F0400F 		tst	r3, #64
 1437 006c 01D1     		bne	.L92
 750:Drivers/STM32F4xx_HAL_Driver/Src/stm32f4xx_hal_rtc.c ****       assert_param(IS_RTC_HOUR24(RTC_Bcd2ToByte(sTime->Hours)));
 1438              		.loc 1 750 7 is_stmt 1 view .LVU472
 750:Drivers/STM32F4xx_HAL_Driver/Src/stm32f4xx_hal_rtc.c ****       assert_param(IS_RTC_HOUR24(RTC_Bcd2ToByte(sTime->Hours)));
 1439              		.loc 1 750 25 is_stmt 0 view .LVU473
 1440 006e 0023     		movs	r3, #0
 1441 0070 CB70     		strb	r3, [r1, #3]
 1442              	.L92:
 751:Drivers/STM32F4xx_HAL_Driver/Src/stm32f4xx_hal_rtc.c ****     }
 1443              		.loc 1 751 7 is_stmt 1 view .LVU474
 753:Drivers/STM32F4xx_HAL_Driver/Src/stm32f4xx_hal_rtc.c ****     assert_param(IS_RTC_SECONDS(RTC_Bcd2ToByte(sTime->Seconds)));
 1444              		.loc 1 753 5 view .LVU475
 754:Drivers/STM32F4xx_HAL_Driver/Src/stm32f4xx_hal_rtc.c ****     tmpreg = (((uint32_t)(sTime->Hours)      << RTC_TR_HU_Pos)  | \
 1445              		.loc 1 754 5 view .LVU476
 755:Drivers/STM32F4xx_HAL_Driver/Src/stm32f4xx_hal_rtc.c ****               ((uint32_t)(sTime->Minutes)    << RTC_TR_MNU_Pos) | \
ARM GAS  C:\Users\40918\AppData\Local\Temp\cc17lxaj.s 			page 64


 1446              		.loc 1 755 5 view .LVU477
 755:Drivers/STM32F4xx_HAL_Driver/Src/stm32f4xx_hal_rtc.c ****               ((uint32_t)(sTime->Minutes)    << RTC_TR_MNU_Pos) | \
 1447              		.loc 1 755 32 is_stmt 0 view .LVU478
 1448 0072 3378     		ldrb	r3, [r6]	@ zero_extendqisi2
 756:Drivers/STM32F4xx_HAL_Driver/Src/stm32f4xx_hal_rtc.c ****               ((uint32_t) sTime->Seconds)                       | \
 1449              		.loc 1 756 32 view .LVU479
 1450 0074 7578     		ldrb	r5, [r6, #1]	@ zero_extendqisi2
 756:Drivers/STM32F4xx_HAL_Driver/Src/stm32f4xx_hal_rtc.c ****               ((uint32_t) sTime->Seconds)                       | \
 1451              		.loc 1 756 46 view .LVU480
 1452 0076 2D02     		lsls	r5, r5, #8
 755:Drivers/STM32F4xx_HAL_Driver/Src/stm32f4xx_hal_rtc.c ****               ((uint32_t)(sTime->Minutes)    << RTC_TR_MNU_Pos) | \
 1453              		.loc 1 755 65 view .LVU481
 1454 0078 45EA0345 		orr	r5, r5, r3, lsl #16
 757:Drivers/STM32F4xx_HAL_Driver/Src/stm32f4xx_hal_rtc.c ****               ((uint32_t)(sTime->TimeFormat) << RTC_TR_PM_Pos));
 1455              		.loc 1 757 32 view .LVU482
 1456 007c B378     		ldrb	r3, [r6, #2]	@ zero_extendqisi2
 756:Drivers/STM32F4xx_HAL_Driver/Src/stm32f4xx_hal_rtc.c ****               ((uint32_t) sTime->Seconds)                       | \
 1457              		.loc 1 756 65 view .LVU483
 1458 007e 1D43     		orrs	r5, r5, r3
 758:Drivers/STM32F4xx_HAL_Driver/Src/stm32f4xx_hal_rtc.c ****   }
 1459              		.loc 1 758 32 view .LVU484
 1460 0080 F378     		ldrb	r3, [r6, #3]	@ zero_extendqisi2
 755:Drivers/STM32F4xx_HAL_Driver/Src/stm32f4xx_hal_rtc.c ****               ((uint32_t)(sTime->Minutes)    << RTC_TR_MNU_Pos) | \
 1461              		.loc 1 755 12 view .LVU485
 1462 0082 45EA8355 		orr	r5, r5, r3, lsl #22
 1463              	.LVL89:
 755:Drivers/STM32F4xx_HAL_Driver/Src/stm32f4xx_hal_rtc.c ****               ((uint32_t)(sTime->Minutes)    << RTC_TR_MNU_Pos) | \
 1464              		.loc 1 755 12 view .LVU486
 1465 0086 DDE7     		b	.L91
 1466              	.LVL90:
 1467              	.L99:
 770:Drivers/STM32F4xx_HAL_Driver/Src/stm32f4xx_hal_rtc.c **** 
 1468              		.loc 1 770 5 is_stmt 1 view .LVU487
 770:Drivers/STM32F4xx_HAL_Driver/Src/stm32f4xx_hal_rtc.c **** 
 1469              		.loc 1 770 9 is_stmt 0 view .LVU488
 1470 0088 2368     		ldr	r3, [r4]
 770:Drivers/STM32F4xx_HAL_Driver/Src/stm32f4xx_hal_rtc.c **** 
 1471              		.loc 1 770 26 view .LVU489
 1472 008a 05F07F35 		and	r5, r5, #2139062143
 1473              	.LVL91:
 770:Drivers/STM32F4xx_HAL_Driver/Src/stm32f4xx_hal_rtc.c **** 
 1474              		.loc 1 770 26 view .LVU490
 1475 008e 25F0FE45 		bic	r5, r5, #2130706432
 770:Drivers/STM32F4xx_HAL_Driver/Src/stm32f4xx_hal_rtc.c **** 
 1476              		.loc 1 770 24 view .LVU491
 1477 0092 1D60     		str	r5, [r3]
 773:Drivers/STM32F4xx_HAL_Driver/Src/stm32f4xx_hal_rtc.c **** 
 1478              		.loc 1 773 5 is_stmt 1 view .LVU492
 773:Drivers/STM32F4xx_HAL_Driver/Src/stm32f4xx_hal_rtc.c **** 
 1479              		.loc 1 773 9 is_stmt 0 view .LVU493
 1480 0094 2268     		ldr	r2, [r4]
 773:Drivers/STM32F4xx_HAL_Driver/Src/stm32f4xx_hal_rtc.c **** 
 1481              		.loc 1 773 19 view .LVU494
 1482 0096 9368     		ldr	r3, [r2, #8]
 773:Drivers/STM32F4xx_HAL_Driver/Src/stm32f4xx_hal_rtc.c **** 
 1483              		.loc 1 773 24 view .LVU495
 1484 0098 23F48023 		bic	r3, r3, #262144
ARM GAS  C:\Users\40918\AppData\Local\Temp\cc17lxaj.s 			page 65


 1485 009c 9360     		str	r3, [r2, #8]
 776:Drivers/STM32F4xx_HAL_Driver/Src/stm32f4xx_hal_rtc.c **** 
 1486              		.loc 1 776 5 is_stmt 1 view .LVU496
 776:Drivers/STM32F4xx_HAL_Driver/Src/stm32f4xx_hal_rtc.c **** 
 1487              		.loc 1 776 9 is_stmt 0 view .LVU497
 1488 009e 2168     		ldr	r1, [r4]
 776:Drivers/STM32F4xx_HAL_Driver/Src/stm32f4xx_hal_rtc.c **** 
 1489              		.loc 1 776 19 view .LVU498
 1490 00a0 8B68     		ldr	r3, [r1, #8]
 776:Drivers/STM32F4xx_HAL_Driver/Src/stm32f4xx_hal_rtc.c **** 
 1491              		.loc 1 776 43 view .LVU499
 1492 00a2 F268     		ldr	r2, [r6, #12]
 776:Drivers/STM32F4xx_HAL_Driver/Src/stm32f4xx_hal_rtc.c **** 
 1493              		.loc 1 776 67 view .LVU500
 1494 00a4 3069     		ldr	r0, [r6, #16]
 1495              	.LVL92:
 776:Drivers/STM32F4xx_HAL_Driver/Src/stm32f4xx_hal_rtc.c **** 
 1496              		.loc 1 776 60 view .LVU501
 1497 00a6 0243     		orrs	r2, r2, r0
 776:Drivers/STM32F4xx_HAL_Driver/Src/stm32f4xx_hal_rtc.c **** 
 1498              		.loc 1 776 24 view .LVU502
 1499 00a8 1343     		orrs	r3, r3, r2
 1500 00aa 8B60     		str	r3, [r1, #8]
 779:Drivers/STM32F4xx_HAL_Driver/Src/stm32f4xx_hal_rtc.c ****   }
 1501              		.loc 1 779 5 is_stmt 1 view .LVU503
 779:Drivers/STM32F4xx_HAL_Driver/Src/stm32f4xx_hal_rtc.c ****   }
 1502              		.loc 1 779 14 is_stmt 0 view .LVU504
 1503 00ac 2046     		mov	r0, r4
 1504 00ae FFF7FEFF 		bl	RTC_ExitInitMode
 1505              	.LVL93:
 782:Drivers/STM32F4xx_HAL_Driver/Src/stm32f4xx_hal_rtc.c ****   {
 1506              		.loc 1 782 3 is_stmt 1 view .LVU505
 782:Drivers/STM32F4xx_HAL_Driver/Src/stm32f4xx_hal_rtc.c ****   {
 1507              		.loc 1 782 6 is_stmt 0 view .LVU506
 1508 00b2 0028     		cmp	r0, #0
 1509 00b4 D0D1     		bne	.L93
 784:Drivers/STM32F4xx_HAL_Driver/Src/stm32f4xx_hal_rtc.c ****   }
 1510              		.loc 1 784 5 is_stmt 1 view .LVU507
 784:Drivers/STM32F4xx_HAL_Driver/Src/stm32f4xx_hal_rtc.c ****   }
 1511              		.loc 1 784 17 is_stmt 0 view .LVU508
 1512 00b6 0123     		movs	r3, #1
 1513 00b8 6377     		strb	r3, [r4, #29]
 1514 00ba CDE7     		b	.L93
 1515              	.LVL94:
 1516              	.L94:
 1517              	.LCFI10:
 1518              		.cfi_def_cfa_offset 0
 1519              		.cfi_restore 4
 1520              		.cfi_restore 5
 1521              		.cfi_restore 6
 1522              		.cfi_restore 14
 717:Drivers/STM32F4xx_HAL_Driver/Src/stm32f4xx_hal_rtc.c **** 
 1523              		.loc 1 717 3 discriminator 1 view .LVU509
 1524 00bc 0220     		movs	r0, #2
 1525              	.LVL95:
 794:Drivers/STM32F4xx_HAL_Driver/Src/stm32f4xx_hal_rtc.c **** 
 1526              		.loc 1 794 1 view .LVU510
ARM GAS  C:\Users\40918\AppData\Local\Temp\cc17lxaj.s 			page 66


 1527 00be 7047     		bx	lr
 1528              		.cfi_endproc
 1529              	.LFE243:
 1531              		.section	.text.HAL_RTC_SetDate,"ax",%progbits
 1532              		.align	1
 1533              		.global	HAL_RTC_SetDate
 1534              		.syntax unified
 1535              		.thumb
 1536              		.thumb_func
 1538              	HAL_RTC_SetDate:
 1539              	.LVL96:
 1540              	.LFB245:
 866:Drivers/STM32F4xx_HAL_Driver/Src/stm32f4xx_hal_rtc.c ****   uint32_t datetmpreg = 0U;
 1541              		.loc 1 866 1 is_stmt 1 view -0
 1542              		.cfi_startproc
 1543              		@ args = 0, pretend = 0, frame = 0
 1544              		@ frame_needed = 0, uses_anonymous_args = 0
 867:Drivers/STM32F4xx_HAL_Driver/Src/stm32f4xx_hal_rtc.c ****   HAL_StatusTypeDef status;
 1545              		.loc 1 867 3 view .LVU512
 868:Drivers/STM32F4xx_HAL_Driver/Src/stm32f4xx_hal_rtc.c **** 
 1546              		.loc 1 868 3 view .LVU513
 871:Drivers/STM32F4xx_HAL_Driver/Src/stm32f4xx_hal_rtc.c **** 
 1547              		.loc 1 871 3 view .LVU514
 874:Drivers/STM32F4xx_HAL_Driver/Src/stm32f4xx_hal_rtc.c **** 
 1548              		.loc 1 874 3 view .LVU515
 874:Drivers/STM32F4xx_HAL_Driver/Src/stm32f4xx_hal_rtc.c **** 
 1549              		.loc 1 874 3 view .LVU516
 1550 0000 037F     		ldrb	r3, [r0, #28]	@ zero_extendqisi2
 1551 0002 012B     		cmp	r3, #1
 1552 0004 48D0     		beq	.L106
 866:Drivers/STM32F4xx_HAL_Driver/Src/stm32f4xx_hal_rtc.c ****   uint32_t datetmpreg = 0U;
 1553              		.loc 1 866 1 is_stmt 0 view .LVU517
 1554 0006 70B5     		push	{r4, r5, r6, lr}
 1555              	.LCFI11:
 1556              		.cfi_def_cfa_offset 16
 1557              		.cfi_offset 4, -16
 1558              		.cfi_offset 5, -12
 1559              		.cfi_offset 6, -8
 1560              		.cfi_offset 14, -4
 1561 0008 0446     		mov	r4, r0
 1562 000a 0E46     		mov	r6, r1
 874:Drivers/STM32F4xx_HAL_Driver/Src/stm32f4xx_hal_rtc.c **** 
 1563              		.loc 1 874 3 is_stmt 1 discriminator 2 view .LVU518
 1564 000c 0123     		movs	r3, #1
 1565 000e 0377     		strb	r3, [r0, #28]
 874:Drivers/STM32F4xx_HAL_Driver/Src/stm32f4xx_hal_rtc.c **** 
 1566              		.loc 1 874 3 discriminator 2 view .LVU519
 876:Drivers/STM32F4xx_HAL_Driver/Src/stm32f4xx_hal_rtc.c **** 
 1567              		.loc 1 876 3 view .LVU520
 876:Drivers/STM32F4xx_HAL_Driver/Src/stm32f4xx_hal_rtc.c **** 
 1568              		.loc 1 876 15 is_stmt 0 view .LVU521
 1569 0010 0223     		movs	r3, #2
 1570 0012 4377     		strb	r3, [r0, #29]
 878:Drivers/STM32F4xx_HAL_Driver/Src/stm32f4xx_hal_rtc.c ****   {
 1571              		.loc 1 878 3 is_stmt 1 view .LVU522
 878:Drivers/STM32F4xx_HAL_Driver/Src/stm32f4xx_hal_rtc.c ****   {
 1572              		.loc 1 878 6 is_stmt 0 view .LVU523
ARM GAS  C:\Users\40918\AppData\Local\Temp\cc17lxaj.s 			page 67


 1573 0014 CAB1     		cbz	r2, .L102
 883:Drivers/STM32F4xx_HAL_Driver/Src/stm32f4xx_hal_rtc.c **** 
 1574              		.loc 1 883 3 is_stmt 1 view .LVU524
 885:Drivers/STM32F4xx_HAL_Driver/Src/stm32f4xx_hal_rtc.c ****   {
 1575              		.loc 1 885 3 view .LVU525
 898:Drivers/STM32F4xx_HAL_Driver/Src/stm32f4xx_hal_rtc.c ****     assert_param(IS_RTC_MONTH(RTC_Bcd2ToByte(sDate->Month)));
 1576              		.loc 1 898 5 view .LVU526
 899:Drivers/STM32F4xx_HAL_Driver/Src/stm32f4xx_hal_rtc.c ****     assert_param(IS_RTC_DATE(RTC_Bcd2ToByte(sDate->Date)));
 1577              		.loc 1 899 5 view .LVU527
 900:Drivers/STM32F4xx_HAL_Driver/Src/stm32f4xx_hal_rtc.c **** 
 1578              		.loc 1 900 5 view .LVU528
 902:Drivers/STM32F4xx_HAL_Driver/Src/stm32f4xx_hal_rtc.c ****                   (((uint32_t)sDate->Month)   << RTC_DR_MU_Pos) | \
 1579              		.loc 1 902 5 view .LVU529
 902:Drivers/STM32F4xx_HAL_Driver/Src/stm32f4xx_hal_rtc.c ****                   (((uint32_t)sDate->Month)   << RTC_DR_MU_Pos) | \
 1580              		.loc 1 902 36 is_stmt 0 view .LVU530
 1581 0016 CB78     		ldrb	r3, [r1, #3]	@ zero_extendqisi2
 903:Drivers/STM32F4xx_HAL_Driver/Src/stm32f4xx_hal_rtc.c ****                   ((uint32_t) sDate->Date)                      | \
 1582              		.loc 1 903 36 view .LVU531
 1583 0018 4D78     		ldrb	r5, [r1, #1]	@ zero_extendqisi2
 903:Drivers/STM32F4xx_HAL_Driver/Src/stm32f4xx_hal_rtc.c ****                   ((uint32_t) sDate->Date)                      | \
 1584              		.loc 1 903 47 view .LVU532
 1585 001a 2D02     		lsls	r5, r5, #8
 902:Drivers/STM32F4xx_HAL_Driver/Src/stm32f4xx_hal_rtc.c ****                   (((uint32_t)sDate->Month)   << RTC_DR_MU_Pos) | \
 1586              		.loc 1 902 65 view .LVU533
 1587 001c 45EA0345 		orr	r5, r5, r3, lsl #16
 904:Drivers/STM32F4xx_HAL_Driver/Src/stm32f4xx_hal_rtc.c ****                   (((uint32_t)sDate->WeekDay) << RTC_DR_WDU_Pos));
 1588              		.loc 1 904 36 view .LVU534
 1589 0020 8B78     		ldrb	r3, [r1, #2]	@ zero_extendqisi2
 903:Drivers/STM32F4xx_HAL_Driver/Src/stm32f4xx_hal_rtc.c ****                   ((uint32_t) sDate->Date)                      | \
 1590              		.loc 1 903 65 view .LVU535
 1591 0022 1D43     		orrs	r5, r5, r3
 905:Drivers/STM32F4xx_HAL_Driver/Src/stm32f4xx_hal_rtc.c ****   }
 1592              		.loc 1 905 36 view .LVU536
 1593 0024 0B78     		ldrb	r3, [r1]	@ zero_extendqisi2
 902:Drivers/STM32F4xx_HAL_Driver/Src/stm32f4xx_hal_rtc.c ****                   (((uint32_t)sDate->Month)   << RTC_DR_MU_Pos) | \
 1594              		.loc 1 902 16 view .LVU537
 1595 0026 45EA4335 		orr	r5, r5, r3, lsl #13
 1596              	.LVL97:
 1597              	.L103:
 909:Drivers/STM32F4xx_HAL_Driver/Src/stm32f4xx_hal_rtc.c **** 
 1598              		.loc 1 909 3 is_stmt 1 view .LVU538
 909:Drivers/STM32F4xx_HAL_Driver/Src/stm32f4xx_hal_rtc.c **** 
 1599              		.loc 1 909 3 view .LVU539
 1600 002a 2368     		ldr	r3, [r4]
 1601 002c CA22     		movs	r2, #202
 1602 002e 5A62     		str	r2, [r3, #36]
 909:Drivers/STM32F4xx_HAL_Driver/Src/stm32f4xx_hal_rtc.c **** 
 1603              		.loc 1 909 3 view .LVU540
 1604 0030 2368     		ldr	r3, [r4]
 1605 0032 5322     		movs	r2, #83
 1606 0034 5A62     		str	r2, [r3, #36]
 909:Drivers/STM32F4xx_HAL_Driver/Src/stm32f4xx_hal_rtc.c **** 
 1607              		.loc 1 909 3 view .LVU541
 912:Drivers/STM32F4xx_HAL_Driver/Src/stm32f4xx_hal_rtc.c **** 
 1608              		.loc 1 912 3 view .LVU542
 912:Drivers/STM32F4xx_HAL_Driver/Src/stm32f4xx_hal_rtc.c **** 
 1609              		.loc 1 912 12 is_stmt 0 view .LVU543
ARM GAS  C:\Users\40918\AppData\Local\Temp\cc17lxaj.s 			page 68


 1610 0036 2046     		mov	r0, r4
 1611 0038 FFF7FEFF 		bl	RTC_EnterInitMode
 1612              	.LVL98:
 914:Drivers/STM32F4xx_HAL_Driver/Src/stm32f4xx_hal_rtc.c ****   {
 1613              		.loc 1 914 3 is_stmt 1 view .LVU544
 914:Drivers/STM32F4xx_HAL_Driver/Src/stm32f4xx_hal_rtc.c ****   {
 1614              		.loc 1 914 6 is_stmt 0 view .LVU545
 1615 003c F0B1     		cbz	r0, .L111
 1616              	.LVL99:
 1617              	.L105:
 929:Drivers/STM32F4xx_HAL_Driver/Src/stm32f4xx_hal_rtc.c **** 
 1618              		.loc 1 929 3 is_stmt 1 view .LVU546
 929:Drivers/STM32F4xx_HAL_Driver/Src/stm32f4xx_hal_rtc.c **** 
 1619              		.loc 1 929 3 view .LVU547
 1620 003e 2368     		ldr	r3, [r4]
 1621 0040 FF22     		movs	r2, #255
 1622 0042 5A62     		str	r2, [r3, #36]
 929:Drivers/STM32F4xx_HAL_Driver/Src/stm32f4xx_hal_rtc.c **** 
 1623              		.loc 1 929 3 view .LVU548
 932:Drivers/STM32F4xx_HAL_Driver/Src/stm32f4xx_hal_rtc.c **** 
 1624              		.loc 1 932 3 view .LVU549
 932:Drivers/STM32F4xx_HAL_Driver/Src/stm32f4xx_hal_rtc.c **** 
 1625              		.loc 1 932 3 view .LVU550
 1626 0044 0023     		movs	r3, #0
 1627 0046 2377     		strb	r3, [r4, #28]
 932:Drivers/STM32F4xx_HAL_Driver/Src/stm32f4xx_hal_rtc.c **** 
 1628              		.loc 1 932 3 view .LVU551
 934:Drivers/STM32F4xx_HAL_Driver/Src/stm32f4xx_hal_rtc.c **** }
 1629              		.loc 1 934 3 view .LVU552
 935:Drivers/STM32F4xx_HAL_Driver/Src/stm32f4xx_hal_rtc.c **** 
 1630              		.loc 1 935 1 is_stmt 0 view .LVU553
 1631 0048 70BD     		pop	{r4, r5, r6, pc}
 1632              	.LVL100:
 1633              	.L102:
 878:Drivers/STM32F4xx_HAL_Driver/Src/stm32f4xx_hal_rtc.c ****   {
 1634              		.loc 1 878 44 discriminator 1 view .LVU554
 1635 004a 4B78     		ldrb	r3, [r1, #1]	@ zero_extendqisi2
 878:Drivers/STM32F4xx_HAL_Driver/Src/stm32f4xx_hal_rtc.c ****   {
 1636              		.loc 1 878 34 discriminator 1 view .LVU555
 1637 004c 13F0100F 		tst	r3, #16
 1638 0050 03D0     		beq	.L104
 880:Drivers/STM32F4xx_HAL_Driver/Src/stm32f4xx_hal_rtc.c ****   }
 1639              		.loc 1 880 5 is_stmt 1 view .LVU556
 880:Drivers/STM32F4xx_HAL_Driver/Src/stm32f4xx_hal_rtc.c ****   }
 1640              		.loc 1 880 44 is_stmt 0 view .LVU557
 1641 0052 03F0EF03 		and	r3, r3, #239
 880:Drivers/STM32F4xx_HAL_Driver/Src/stm32f4xx_hal_rtc.c ****   }
 1642              		.loc 1 880 20 view .LVU558
 1643 0056 0A33     		adds	r3, r3, #10
 880:Drivers/STM32F4xx_HAL_Driver/Src/stm32f4xx_hal_rtc.c ****   }
 1644              		.loc 1 880 18 view .LVU559
 1645 0058 4B70     		strb	r3, [r1, #1]
 1646              	.L104:
 883:Drivers/STM32F4xx_HAL_Driver/Src/stm32f4xx_hal_rtc.c **** 
 1647              		.loc 1 883 3 is_stmt 1 view .LVU560
 885:Drivers/STM32F4xx_HAL_Driver/Src/stm32f4xx_hal_rtc.c ****   {
 1648              		.loc 1 885 3 view .LVU561
ARM GAS  C:\Users\40918\AppData\Local\Temp\cc17lxaj.s 			page 69


 887:Drivers/STM32F4xx_HAL_Driver/Src/stm32f4xx_hal_rtc.c ****     assert_param(IS_RTC_MONTH(sDate->Month));
 1649              		.loc 1 887 5 view .LVU562
 888:Drivers/STM32F4xx_HAL_Driver/Src/stm32f4xx_hal_rtc.c ****     assert_param(IS_RTC_DATE(sDate->Date));
 1650              		.loc 1 888 5 view .LVU563
 889:Drivers/STM32F4xx_HAL_Driver/Src/stm32f4xx_hal_rtc.c **** 
 1651              		.loc 1 889 5 view .LVU564
 891:Drivers/STM32F4xx_HAL_Driver/Src/stm32f4xx_hal_rtc.c ****                   ((uint32_t)RTC_ByteToBcd2(sDate->Month) << RTC_DR_MU_Pos) | \
 1652              		.loc 1 891 5 view .LVU565
 891:Drivers/STM32F4xx_HAL_Driver/Src/stm32f4xx_hal_rtc.c ****                   ((uint32_t)RTC_ByteToBcd2(sDate->Month) << RTC_DR_MU_Pos) | \
 1653              		.loc 1 891 30 is_stmt 0 view .LVU566
 1654 005a F078     		ldrb	r0, [r6, #3]	@ zero_extendqisi2
 1655              	.LVL101:
 891:Drivers/STM32F4xx_HAL_Driver/Src/stm32f4xx_hal_rtc.c ****                   ((uint32_t)RTC_ByteToBcd2(sDate->Month) << RTC_DR_MU_Pos) | \
 1656              		.loc 1 891 30 view .LVU567
 1657 005c FFF7FEFF 		bl	RTC_ByteToBcd2
 1658              	.LVL102:
 891:Drivers/STM32F4xx_HAL_Driver/Src/stm32f4xx_hal_rtc.c ****                   ((uint32_t)RTC_ByteToBcd2(sDate->Month) << RTC_DR_MU_Pos) | \
 1659              		.loc 1 891 59 discriminator 1 view .LVU568
 1660 0060 0504     		lsls	r5, r0, #16
 892:Drivers/STM32F4xx_HAL_Driver/Src/stm32f4xx_hal_rtc.c ****                   ((uint32_t)RTC_ByteToBcd2(sDate->Date))                   | \
 1661              		.loc 1 892 30 view .LVU569
 1662 0062 7078     		ldrb	r0, [r6, #1]	@ zero_extendqisi2
 1663 0064 FFF7FEFF 		bl	RTC_ByteToBcd2
 1664              	.LVL103:
 891:Drivers/STM32F4xx_HAL_Driver/Src/stm32f4xx_hal_rtc.c ****                   ((uint32_t)RTC_ByteToBcd2(sDate->Month) << RTC_DR_MU_Pos) | \
 1665              		.loc 1 891 77 view .LVU570
 1666 0068 45EA0025 		orr	r5, r5, r0, lsl #8
 893:Drivers/STM32F4xx_HAL_Driver/Src/stm32f4xx_hal_rtc.c ****                   ((uint32_t)sDate->WeekDay               << RTC_DR_WDU_Pos));
 1667              		.loc 1 893 30 view .LVU571
 1668 006c B078     		ldrb	r0, [r6, #2]	@ zero_extendqisi2
 1669 006e FFF7FEFF 		bl	RTC_ByteToBcd2
 1670              	.LVL104:
 892:Drivers/STM32F4xx_HAL_Driver/Src/stm32f4xx_hal_rtc.c ****                   ((uint32_t)RTC_ByteToBcd2(sDate->Date))                   | \
 1671              		.loc 1 892 77 view .LVU572
 1672 0072 0543     		orrs	r5, r5, r0
 894:Drivers/STM32F4xx_HAL_Driver/Src/stm32f4xx_hal_rtc.c ****   }
 1673              		.loc 1 894 35 view .LVU573
 1674 0074 3378     		ldrb	r3, [r6]	@ zero_extendqisi2
 891:Drivers/STM32F4xx_HAL_Driver/Src/stm32f4xx_hal_rtc.c ****                   ((uint32_t)RTC_ByteToBcd2(sDate->Month) << RTC_DR_MU_Pos) | \
 1675              		.loc 1 891 16 view .LVU574
 1676 0076 45EA4335 		orr	r5, r5, r3, lsl #13
 1677              	.LVL105:
 891:Drivers/STM32F4xx_HAL_Driver/Src/stm32f4xx_hal_rtc.c ****                   ((uint32_t)RTC_ByteToBcd2(sDate->Month) << RTC_DR_MU_Pos) | \
 1678              		.loc 1 891 16 view .LVU575
 1679 007a D6E7     		b	.L103
 1680              	.LVL106:
 1681              	.L111:
 917:Drivers/STM32F4xx_HAL_Driver/Src/stm32f4xx_hal_rtc.c **** 
 1682              		.loc 1 917 5 is_stmt 1 view .LVU576
 917:Drivers/STM32F4xx_HAL_Driver/Src/stm32f4xx_hal_rtc.c **** 
 1683              		.loc 1 917 9 is_stmt 0 view .LVU577
 1684 007c 2368     		ldr	r3, [r4]
 917:Drivers/STM32F4xx_HAL_Driver/Src/stm32f4xx_hal_rtc.c **** 
 1685              		.loc 1 917 26 view .LVU578
 1686 007e 25F07F45 		bic	r5, r5, #-16777216
 1687              	.LVL107:
 917:Drivers/STM32F4xx_HAL_Driver/Src/stm32f4xx_hal_rtc.c **** 
ARM GAS  C:\Users\40918\AppData\Local\Temp\cc17lxaj.s 			page 70


 1688              		.loc 1 917 26 view .LVU579
 1689 0082 25F0C005 		bic	r5, r5, #192
 917:Drivers/STM32F4xx_HAL_Driver/Src/stm32f4xx_hal_rtc.c **** 
 1690              		.loc 1 917 24 view .LVU580
 1691 0086 5D60     		str	r5, [r3, #4]
 920:Drivers/STM32F4xx_HAL_Driver/Src/stm32f4xx_hal_rtc.c ****   }
 1692              		.loc 1 920 5 is_stmt 1 view .LVU581
 920:Drivers/STM32F4xx_HAL_Driver/Src/stm32f4xx_hal_rtc.c ****   }
 1693              		.loc 1 920 14 is_stmt 0 view .LVU582
 1694 0088 2046     		mov	r0, r4
 1695              	.LVL108:
 920:Drivers/STM32F4xx_HAL_Driver/Src/stm32f4xx_hal_rtc.c ****   }
 1696              		.loc 1 920 14 view .LVU583
 1697 008a FFF7FEFF 		bl	RTC_ExitInitMode
 1698              	.LVL109:
 923:Drivers/STM32F4xx_HAL_Driver/Src/stm32f4xx_hal_rtc.c ****   {
 1699              		.loc 1 923 3 is_stmt 1 view .LVU584
 923:Drivers/STM32F4xx_HAL_Driver/Src/stm32f4xx_hal_rtc.c ****   {
 1700              		.loc 1 923 6 is_stmt 0 view .LVU585
 1701 008e 0028     		cmp	r0, #0
 1702 0090 D5D1     		bne	.L105
 925:Drivers/STM32F4xx_HAL_Driver/Src/stm32f4xx_hal_rtc.c ****   }
 1703              		.loc 1 925 5 is_stmt 1 view .LVU586
 925:Drivers/STM32F4xx_HAL_Driver/Src/stm32f4xx_hal_rtc.c ****   }
 1704              		.loc 1 925 17 is_stmt 0 view .LVU587
 1705 0092 0123     		movs	r3, #1
 1706 0094 6377     		strb	r3, [r4, #29]
 1707 0096 D2E7     		b	.L105
 1708              	.LVL110:
 1709              	.L106:
 1710              	.LCFI12:
 1711              		.cfi_def_cfa_offset 0
 1712              		.cfi_restore 4
 1713              		.cfi_restore 5
 1714              		.cfi_restore 6
 1715              		.cfi_restore 14
 874:Drivers/STM32F4xx_HAL_Driver/Src/stm32f4xx_hal_rtc.c **** 
 1716              		.loc 1 874 3 discriminator 1 view .LVU588
 1717 0098 0220     		movs	r0, #2
 1718              	.LVL111:
 935:Drivers/STM32F4xx_HAL_Driver/Src/stm32f4xx_hal_rtc.c **** 
 1719              		.loc 1 935 1 view .LVU589
 1720 009a 7047     		bx	lr
 1721              		.cfi_endproc
 1722              	.LFE245:
 1724              		.section	.text.HAL_RTC_SetAlarm,"ax",%progbits
 1725              		.align	1
 1726              		.global	HAL_RTC_SetAlarm
 1727              		.syntax unified
 1728              		.thumb
 1729              		.thumb_func
 1731              	HAL_RTC_SetAlarm:
 1732              	.LVL112:
 1733              	.LFB247:
1013:Drivers/STM32F4xx_HAL_Driver/Src/stm32f4xx_hal_rtc.c ****   uint32_t tickstart = 0U;
 1734              		.loc 1 1013 1 is_stmt 1 view -0
 1735              		.cfi_startproc
ARM GAS  C:\Users\40918\AppData\Local\Temp\cc17lxaj.s 			page 71


 1736              		@ args = 0, pretend = 0, frame = 0
 1737              		@ frame_needed = 0, uses_anonymous_args = 0
1013:Drivers/STM32F4xx_HAL_Driver/Src/stm32f4xx_hal_rtc.c ****   uint32_t tickstart = 0U;
 1738              		.loc 1 1013 1 is_stmt 0 view .LVU591
 1739 0000 F8B5     		push	{r3, r4, r5, r6, r7, lr}
 1740              	.LCFI13:
 1741              		.cfi_def_cfa_offset 24
 1742              		.cfi_offset 3, -24
 1743              		.cfi_offset 4, -20
 1744              		.cfi_offset 5, -16
 1745              		.cfi_offset 6, -12
 1746              		.cfi_offset 7, -8
 1747              		.cfi_offset 14, -4
1014:Drivers/STM32F4xx_HAL_Driver/Src/stm32f4xx_hal_rtc.c ****   uint32_t tmpreg = 0U;
 1748              		.loc 1 1014 3 is_stmt 1 view .LVU592
 1749              	.LVL113:
1015:Drivers/STM32F4xx_HAL_Driver/Src/stm32f4xx_hal_rtc.c ****   uint32_t subsecondtmpreg = 0U;
 1750              		.loc 1 1015 3 view .LVU593
1016:Drivers/STM32F4xx_HAL_Driver/Src/stm32f4xx_hal_rtc.c **** 
 1751              		.loc 1 1016 3 view .LVU594
1019:Drivers/STM32F4xx_HAL_Driver/Src/stm32f4xx_hal_rtc.c ****   assert_param(IS_RTC_ALARM(sAlarm->Alarm));
 1752              		.loc 1 1019 3 view .LVU595
1020:Drivers/STM32F4xx_HAL_Driver/Src/stm32f4xx_hal_rtc.c ****   assert_param(IS_RTC_ALARM_MASK(sAlarm->AlarmMask));
 1753              		.loc 1 1020 3 view .LVU596
1021:Drivers/STM32F4xx_HAL_Driver/Src/stm32f4xx_hal_rtc.c ****   assert_param(IS_RTC_ALARM_DATE_WEEKDAY_SEL(sAlarm->AlarmDateWeekDaySel));
 1754              		.loc 1 1021 3 view .LVU597
1022:Drivers/STM32F4xx_HAL_Driver/Src/stm32f4xx_hal_rtc.c ****   assert_param(IS_RTC_ALARM_SUB_SECOND_VALUE(sAlarm->AlarmTime.SubSeconds));
 1755              		.loc 1 1022 3 view .LVU598
1023:Drivers/STM32F4xx_HAL_Driver/Src/stm32f4xx_hal_rtc.c ****   assert_param(IS_RTC_ALARM_SUB_SECOND_MASK(sAlarm->AlarmSubSecondMask));
 1756              		.loc 1 1023 3 view .LVU599
1024:Drivers/STM32F4xx_HAL_Driver/Src/stm32f4xx_hal_rtc.c **** 
 1757              		.loc 1 1024 3 view .LVU600
1027:Drivers/STM32F4xx_HAL_Driver/Src/stm32f4xx_hal_rtc.c **** 
 1758              		.loc 1 1027 3 view .LVU601
1027:Drivers/STM32F4xx_HAL_Driver/Src/stm32f4xx_hal_rtc.c **** 
 1759              		.loc 1 1027 3 view .LVU602
 1760 0002 037F     		ldrb	r3, [r0, #28]	@ zero_extendqisi2
 1761 0004 012B     		cmp	r3, #1
 1762 0006 00F0B580 		beq	.L124
 1763 000a 0446     		mov	r4, r0
 1764 000c 0E46     		mov	r6, r1
1027:Drivers/STM32F4xx_HAL_Driver/Src/stm32f4xx_hal_rtc.c **** 
 1765              		.loc 1 1027 3 discriminator 2 view .LVU603
 1766 000e 0123     		movs	r3, #1
 1767 0010 0377     		strb	r3, [r0, #28]
1027:Drivers/STM32F4xx_HAL_Driver/Src/stm32f4xx_hal_rtc.c **** 
 1768              		.loc 1 1027 3 discriminator 2 view .LVU604
1030:Drivers/STM32F4xx_HAL_Driver/Src/stm32f4xx_hal_rtc.c **** 
 1769              		.loc 1 1030 3 view .LVU605
1030:Drivers/STM32F4xx_HAL_Driver/Src/stm32f4xx_hal_rtc.c **** 
 1770              		.loc 1 1030 15 is_stmt 0 view .LVU606
 1771 0012 0223     		movs	r3, #2
 1772 0014 4377     		strb	r3, [r0, #29]
1034:Drivers/STM32F4xx_HAL_Driver/Src/stm32f4xx_hal_rtc.c ****   {
 1773              		.loc 1 1034 3 is_stmt 1 view .LVU607
1034:Drivers/STM32F4xx_HAL_Driver/Src/stm32f4xx_hal_rtc.c ****   {
 1774              		.loc 1 1034 6 is_stmt 0 view .LVU608
ARM GAS  C:\Users\40918\AppData\Local\Temp\cc17lxaj.s 			page 72


 1775 0016 002A     		cmp	r2, #0
 1776 0018 53D1     		bne	.L114
1036:Drivers/STM32F4xx_HAL_Driver/Src/stm32f4xx_hal_rtc.c ****     {
 1777              		.loc 1 1036 5 is_stmt 1 view .LVU609
1036:Drivers/STM32F4xx_HAL_Driver/Src/stm32f4xx_hal_rtc.c ****     {
 1778              		.loc 1 1036 14 is_stmt 0 view .LVU610
 1779 001a 0368     		ldr	r3, [r0]
1036:Drivers/STM32F4xx_HAL_Driver/Src/stm32f4xx_hal_rtc.c ****     {
 1780              		.loc 1 1036 24 view .LVU611
 1781 001c 9B68     		ldr	r3, [r3, #8]
1036:Drivers/STM32F4xx_HAL_Driver/Src/stm32f4xx_hal_rtc.c ****     {
 1782              		.loc 1 1036 8 view .LVU612
 1783 001e 13F0400F 		tst	r3, #64
 1784 0022 01D1     		bne	.L115
1043:Drivers/STM32F4xx_HAL_Driver/Src/stm32f4xx_hal_rtc.c ****       assert_param(IS_RTC_HOUR24(sAlarm->AlarmTime.Hours));
 1785              		.loc 1 1043 7 is_stmt 1 view .LVU613
1043:Drivers/STM32F4xx_HAL_Driver/Src/stm32f4xx_hal_rtc.c ****       assert_param(IS_RTC_HOUR24(sAlarm->AlarmTime.Hours));
 1786              		.loc 1 1043 36 is_stmt 0 view .LVU614
 1787 0024 0023     		movs	r3, #0
 1788 0026 CB70     		strb	r3, [r1, #3]
 1789              	.L115:
1044:Drivers/STM32F4xx_HAL_Driver/Src/stm32f4xx_hal_rtc.c ****     }
 1790              		.loc 1 1044 7 is_stmt 1 view .LVU615
1046:Drivers/STM32F4xx_HAL_Driver/Src/stm32f4xx_hal_rtc.c ****     assert_param(IS_RTC_SECONDS(sAlarm->AlarmTime.Seconds));
 1791              		.loc 1 1046 5 view .LVU616
1047:Drivers/STM32F4xx_HAL_Driver/Src/stm32f4xx_hal_rtc.c **** 
 1792              		.loc 1 1047 5 view .LVU617
1049:Drivers/STM32F4xx_HAL_Driver/Src/stm32f4xx_hal_rtc.c ****     {
 1793              		.loc 1 1049 5 view .LVU618
1051:Drivers/STM32F4xx_HAL_Driver/Src/stm32f4xx_hal_rtc.c ****     }
 1794              		.loc 1 1051 7 view .LVU619
1055:Drivers/STM32F4xx_HAL_Driver/Src/stm32f4xx_hal_rtc.c ****     }
 1795              		.loc 1 1055 7 view .LVU620
1058:Drivers/STM32F4xx_HAL_Driver/Src/stm32f4xx_hal_rtc.c ****               ((uint32_t)RTC_ByteToBcd2(sAlarm->AlarmTime.Minutes) << RTC_ALRMAR_MNU_Pos) | \
 1796              		.loc 1 1058 5 view .LVU621
1058:Drivers/STM32F4xx_HAL_Driver/Src/stm32f4xx_hal_rtc.c ****               ((uint32_t)RTC_ByteToBcd2(sAlarm->AlarmTime.Minutes) << RTC_ALRMAR_MNU_Pos) | \
 1797              		.loc 1 1058 26 is_stmt 0 view .LVU622
 1798 0028 3078     		ldrb	r0, [r6]	@ zero_extendqisi2
 1799              	.LVL114:
1058:Drivers/STM32F4xx_HAL_Driver/Src/stm32f4xx_hal_rtc.c ****               ((uint32_t)RTC_ByteToBcd2(sAlarm->AlarmTime.Minutes) << RTC_ALRMAR_MNU_Pos) | \
 1800              		.loc 1 1058 26 view .LVU623
 1801 002a FFF7FEFF 		bl	RTC_ByteToBcd2
 1802              	.LVL115:
1058:Drivers/STM32F4xx_HAL_Driver/Src/stm32f4xx_hal_rtc.c ****               ((uint32_t)RTC_ByteToBcd2(sAlarm->AlarmTime.Minutes) << RTC_ALRMAR_MNU_Pos) | \
 1803              		.loc 1 1058 68 discriminator 1 view .LVU624
 1804 002e 0504     		lsls	r5, r0, #16
1059:Drivers/STM32F4xx_HAL_Driver/Src/stm32f4xx_hal_rtc.c ****               ((uint32_t)RTC_ByteToBcd2(sAlarm->AlarmTime.Seconds))                       | \
 1805              		.loc 1 1059 26 view .LVU625
 1806 0030 7078     		ldrb	r0, [r6, #1]	@ zero_extendqisi2
 1807 0032 FFF7FEFF 		bl	RTC_ByteToBcd2
 1808              	.LVL116:
1058:Drivers/STM32F4xx_HAL_Driver/Src/stm32f4xx_hal_rtc.c ****               ((uint32_t)RTC_ByteToBcd2(sAlarm->AlarmTime.Minutes) << RTC_ALRMAR_MNU_Pos) | \
 1809              		.loc 1 1058 91 view .LVU626
 1810 0036 45EA0025 		orr	r5, r5, r0, lsl #8
1060:Drivers/STM32F4xx_HAL_Driver/Src/stm32f4xx_hal_rtc.c ****               ((uint32_t)(sAlarm->AlarmTime.TimeFormat)            << RTC_ALRMAR_PM_Pos)  | \
 1811              		.loc 1 1060 26 view .LVU627
 1812 003a B078     		ldrb	r0, [r6, #2]	@ zero_extendqisi2
ARM GAS  C:\Users\40918\AppData\Local\Temp\cc17lxaj.s 			page 73


 1813 003c FFF7FEFF 		bl	RTC_ByteToBcd2
 1814              	.LVL117:
1059:Drivers/STM32F4xx_HAL_Driver/Src/stm32f4xx_hal_rtc.c ****               ((uint32_t)RTC_ByteToBcd2(sAlarm->AlarmTime.Seconds))                       | \
 1815              		.loc 1 1059 91 view .LVU628
 1816 0040 0543     		orrs	r5, r5, r0
1061:Drivers/STM32F4xx_HAL_Driver/Src/stm32f4xx_hal_rtc.c ****               ((uint32_t)RTC_ByteToBcd2(sAlarm->AlarmDateWeekDay)  << RTC_ALRMAR_DU_Pos)  | \
 1817              		.loc 1 1061 44 view .LVU629
 1818 0042 F378     		ldrb	r3, [r6, #3]	@ zero_extendqisi2
1060:Drivers/STM32F4xx_HAL_Driver/Src/stm32f4xx_hal_rtc.c ****               ((uint32_t)(sAlarm->AlarmTime.TimeFormat)            << RTC_ALRMAR_PM_Pos)  | \
 1819              		.loc 1 1060 91 view .LVU630
 1820 0044 45EA8355 		orr	r5, r5, r3, lsl #22
1062:Drivers/STM32F4xx_HAL_Driver/Src/stm32f4xx_hal_rtc.c ****               ((uint32_t)sAlarm->AlarmDateWeekDaySel)                                     | \
 1821              		.loc 1 1062 26 view .LVU631
 1822 0048 96F82000 		ldrb	r0, [r6, #32]	@ zero_extendqisi2
 1823 004c FFF7FEFF 		bl	RTC_ByteToBcd2
 1824              	.LVL118:
1061:Drivers/STM32F4xx_HAL_Driver/Src/stm32f4xx_hal_rtc.c ****               ((uint32_t)RTC_ByteToBcd2(sAlarm->AlarmDateWeekDay)  << RTC_ALRMAR_DU_Pos)  | \
 1825              		.loc 1 1061 91 view .LVU632
 1826 0050 45EA0065 		orr	r5, r5, r0, lsl #24
1063:Drivers/STM32F4xx_HAL_Driver/Src/stm32f4xx_hal_rtc.c ****               ((uint32_t)sAlarm->AlarmMask));
 1827              		.loc 1 1063 32 view .LVU633
 1828 0054 F369     		ldr	r3, [r6, #28]
1062:Drivers/STM32F4xx_HAL_Driver/Src/stm32f4xx_hal_rtc.c ****               ((uint32_t)sAlarm->AlarmDateWeekDaySel)                                     | \
 1829              		.loc 1 1062 91 view .LVU634
 1830 0056 1D43     		orrs	r5, r5, r3
1064:Drivers/STM32F4xx_HAL_Driver/Src/stm32f4xx_hal_rtc.c ****   }
 1831              		.loc 1 1064 32 view .LVU635
 1832 0058 7369     		ldr	r3, [r6, #20]
1058:Drivers/STM32F4xx_HAL_Driver/Src/stm32f4xx_hal_rtc.c ****               ((uint32_t)RTC_ByteToBcd2(sAlarm->AlarmTime.Minutes) << RTC_ALRMAR_MNU_Pos) | \
 1833              		.loc 1 1058 12 view .LVU636
 1834 005a 1D43     		orrs	r5, r5, r3
 1835              	.LVL119:
 1836              	.L116:
1101:Drivers/STM32F4xx_HAL_Driver/Src/stm32f4xx_hal_rtc.c ****                                (uint32_t)(sAlarm->AlarmSubSecondMask));
 1837              		.loc 1 1101 3 is_stmt 1 view .LVU637
1101:Drivers/STM32F4xx_HAL_Driver/Src/stm32f4xx_hal_rtc.c ****                                (uint32_t)(sAlarm->AlarmSubSecondMask));
 1838              		.loc 1 1101 60 is_stmt 0 view .LVU638
 1839 005c 7768     		ldr	r7, [r6, #4]
1102:Drivers/STM32F4xx_HAL_Driver/Src/stm32f4xx_hal_rtc.c **** 
 1840              		.loc 1 1102 49 view .LVU639
 1841 005e B369     		ldr	r3, [r6, #24]
1101:Drivers/STM32F4xx_HAL_Driver/Src/stm32f4xx_hal_rtc.c ****                                (uint32_t)(sAlarm->AlarmSubSecondMask));
 1842              		.loc 1 1101 19 view .LVU640
 1843 0060 1F43     		orrs	r7, r7, r3
 1844              	.LVL120:
1105:Drivers/STM32F4xx_HAL_Driver/Src/stm32f4xx_hal_rtc.c **** 
 1845              		.loc 1 1105 3 is_stmt 1 view .LVU641
1105:Drivers/STM32F4xx_HAL_Driver/Src/stm32f4xx_hal_rtc.c **** 
 1846              		.loc 1 1105 3 view .LVU642
 1847 0062 2368     		ldr	r3, [r4]
 1848 0064 CA22     		movs	r2, #202
 1849 0066 5A62     		str	r2, [r3, #36]
1105:Drivers/STM32F4xx_HAL_Driver/Src/stm32f4xx_hal_rtc.c **** 
 1850              		.loc 1 1105 3 view .LVU643
 1851 0068 2368     		ldr	r3, [r4]
 1852 006a 5322     		movs	r2, #83
 1853 006c 5A62     		str	r2, [r3, #36]
ARM GAS  C:\Users\40918\AppData\Local\Temp\cc17lxaj.s 			page 74


1105:Drivers/STM32F4xx_HAL_Driver/Src/stm32f4xx_hal_rtc.c **** 
 1854              		.loc 1 1105 3 view .LVU644
1107:Drivers/STM32F4xx_HAL_Driver/Src/stm32f4xx_hal_rtc.c ****   {
 1855              		.loc 1 1107 3 view .LVU645
1107:Drivers/STM32F4xx_HAL_Driver/Src/stm32f4xx_hal_rtc.c ****   {
 1856              		.loc 1 1107 13 is_stmt 0 view .LVU646
 1857 006e 736A     		ldr	r3, [r6, #36]
1107:Drivers/STM32F4xx_HAL_Driver/Src/stm32f4xx_hal_rtc.c ****   {
 1858              		.loc 1 1107 6 view .LVU647
 1859 0070 B3F5807F 		cmp	r3, #256
 1860 0074 3FD0     		beq	.L126
1148:Drivers/STM32F4xx_HAL_Driver/Src/stm32f4xx_hal_rtc.c **** 
 1861              		.loc 1 1148 5 is_stmt 1 view .LVU648
 1862 0076 2268     		ldr	r2, [r4]
 1863 0078 9368     		ldr	r3, [r2, #8]
 1864 007a 23F40073 		bic	r3, r3, #512
 1865 007e 9360     		str	r3, [r2, #8]
1151:Drivers/STM32F4xx_HAL_Driver/Src/stm32f4xx_hal_rtc.c **** 
 1866              		.loc 1 1151 5 view .LVU649
 1867 0080 2268     		ldr	r2, [r4]
 1868 0082 9368     		ldr	r3, [r2, #8]
 1869 0084 23F40053 		bic	r3, r3, #8192
 1870 0088 9360     		str	r3, [r2, #8]
1154:Drivers/STM32F4xx_HAL_Driver/Src/stm32f4xx_hal_rtc.c **** 
 1871              		.loc 1 1154 5 view .LVU650
 1872 008a 2268     		ldr	r2, [r4]
 1873 008c D368     		ldr	r3, [r2, #12]
 1874 008e DBB2     		uxtb	r3, r3
 1875 0090 63F42073 		orn	r3, r3, #640
 1876 0094 D360     		str	r3, [r2, #12]
1157:Drivers/STM32F4xx_HAL_Driver/Src/stm32f4xx_hal_rtc.c **** 
 1877              		.loc 1 1157 5 view .LVU651
1157:Drivers/STM32F4xx_HAL_Driver/Src/stm32f4xx_hal_rtc.c **** 
 1878              		.loc 1 1157 17 is_stmt 0 view .LVU652
 1879 0096 FFF7FEFF 		bl	HAL_GetTick
 1880              	.LVL121:
 1881 009a 0646     		mov	r6, r0
 1882              	.LVL122:
1160:Drivers/STM32F4xx_HAL_Driver/Src/stm32f4xx_hal_rtc.c ****     {
 1883              		.loc 1 1160 5 is_stmt 1 view .LVU653
 1884              	.L122:
1160:Drivers/STM32F4xx_HAL_Driver/Src/stm32f4xx_hal_rtc.c ****     {
 1885              		.loc 1 1160 60 view .LVU654
1160:Drivers/STM32F4xx_HAL_Driver/Src/stm32f4xx_hal_rtc.c ****     {
 1886              		.loc 1 1160 12 is_stmt 0 view .LVU655
 1887 009c 2368     		ldr	r3, [r4]
 1888 009e DA68     		ldr	r2, [r3, #12]
1160:Drivers/STM32F4xx_HAL_Driver/Src/stm32f4xx_hal_rtc.c ****     {
 1889              		.loc 1 1160 60 view .LVU656
 1890 00a0 12F0020F 		tst	r2, #2
 1891 00a4 56D1     		bne	.L127
1162:Drivers/STM32F4xx_HAL_Driver/Src/stm32f4xx_hal_rtc.c ****       {
 1892              		.loc 1 1162 7 is_stmt 1 view .LVU657
1162:Drivers/STM32F4xx_HAL_Driver/Src/stm32f4xx_hal_rtc.c ****       {
 1893              		.loc 1 1162 12 is_stmt 0 view .LVU658
 1894 00a6 FFF7FEFF 		bl	HAL_GetTick
 1895              	.LVL123:
ARM GAS  C:\Users\40918\AppData\Local\Temp\cc17lxaj.s 			page 75


1162:Drivers/STM32F4xx_HAL_Driver/Src/stm32f4xx_hal_rtc.c ****       {
 1896              		.loc 1 1162 26 discriminator 1 view .LVU659
 1897 00aa 801B     		subs	r0, r0, r6
1162:Drivers/STM32F4xx_HAL_Driver/Src/stm32f4xx_hal_rtc.c ****       {
 1898              		.loc 1 1162 10 discriminator 1 view .LVU660
 1899 00ac B0F57A7F 		cmp	r0, #1000
 1900 00b0 F4D9     		bls	.L122
1165:Drivers/STM32F4xx_HAL_Driver/Src/stm32f4xx_hal_rtc.c **** 
 1901              		.loc 1 1165 9 is_stmt 1 view .LVU661
1165:Drivers/STM32F4xx_HAL_Driver/Src/stm32f4xx_hal_rtc.c **** 
 1902              		.loc 1 1165 9 view .LVU662
 1903 00b2 2368     		ldr	r3, [r4]
 1904 00b4 FF22     		movs	r2, #255
 1905 00b6 5A62     		str	r2, [r3, #36]
1165:Drivers/STM32F4xx_HAL_Driver/Src/stm32f4xx_hal_rtc.c **** 
 1906              		.loc 1 1165 9 view .LVU663
1167:Drivers/STM32F4xx_HAL_Driver/Src/stm32f4xx_hal_rtc.c **** 
 1907              		.loc 1 1167 9 view .LVU664
1167:Drivers/STM32F4xx_HAL_Driver/Src/stm32f4xx_hal_rtc.c **** 
 1908              		.loc 1 1167 21 is_stmt 0 view .LVU665
 1909 00b8 0320     		movs	r0, #3
 1910 00ba 6077     		strb	r0, [r4, #29]
1170:Drivers/STM32F4xx_HAL_Driver/Src/stm32f4xx_hal_rtc.c **** 
 1911              		.loc 1 1170 9 is_stmt 1 view .LVU666
1170:Drivers/STM32F4xx_HAL_Driver/Src/stm32f4xx_hal_rtc.c **** 
 1912              		.loc 1 1170 9 view .LVU667
 1913 00bc 0023     		movs	r3, #0
 1914 00be 2377     		strb	r3, [r4, #28]
1170:Drivers/STM32F4xx_HAL_Driver/Src/stm32f4xx_hal_rtc.c **** 
 1915              		.loc 1 1170 9 view .LVU668
1172:Drivers/STM32F4xx_HAL_Driver/Src/stm32f4xx_hal_rtc.c ****       }
 1916              		.loc 1 1172 9 view .LVU669
1172:Drivers/STM32F4xx_HAL_Driver/Src/stm32f4xx_hal_rtc.c ****       }
 1917              		.loc 1 1172 16 is_stmt 0 view .LVU670
 1918 00c0 57E0     		b	.L113
 1919              	.LVL124:
 1920              	.L114:
1068:Drivers/STM32F4xx_HAL_Driver/Src/stm32f4xx_hal_rtc.c ****     {
 1921              		.loc 1 1068 5 is_stmt 1 view .LVU671
1068:Drivers/STM32F4xx_HAL_Driver/Src/stm32f4xx_hal_rtc.c ****     {
 1922              		.loc 1 1068 14 is_stmt 0 view .LVU672
 1923 00c2 0368     		ldr	r3, [r0]
1068:Drivers/STM32F4xx_HAL_Driver/Src/stm32f4xx_hal_rtc.c ****     {
 1924              		.loc 1 1068 24 view .LVU673
 1925 00c4 9B68     		ldr	r3, [r3, #8]
1068:Drivers/STM32F4xx_HAL_Driver/Src/stm32f4xx_hal_rtc.c ****     {
 1926              		.loc 1 1068 8 view .LVU674
 1927 00c6 13F0400F 		tst	r3, #64
 1928 00ca 01D1     		bne	.L117
1075:Drivers/STM32F4xx_HAL_Driver/Src/stm32f4xx_hal_rtc.c ****       assert_param(IS_RTC_HOUR24(RTC_Bcd2ToByte(sAlarm->AlarmTime.Hours)));
 1929              		.loc 1 1075 7 is_stmt 1 view .LVU675
1075:Drivers/STM32F4xx_HAL_Driver/Src/stm32f4xx_hal_rtc.c ****       assert_param(IS_RTC_HOUR24(RTC_Bcd2ToByte(sAlarm->AlarmTime.Hours)));
 1930              		.loc 1 1075 36 is_stmt 0 view .LVU676
 1931 00cc 0023     		movs	r3, #0
 1932 00ce CB70     		strb	r3, [r1, #3]
 1933              	.L117:
1076:Drivers/STM32F4xx_HAL_Driver/Src/stm32f4xx_hal_rtc.c ****     }
ARM GAS  C:\Users\40918\AppData\Local\Temp\cc17lxaj.s 			page 76


 1934              		.loc 1 1076 7 is_stmt 1 view .LVU677
1079:Drivers/STM32F4xx_HAL_Driver/Src/stm32f4xx_hal_rtc.c ****     assert_param(IS_RTC_SECONDS(RTC_Bcd2ToByte(sAlarm->AlarmTime.Seconds)));
 1935              		.loc 1 1079 5 view .LVU678
1080:Drivers/STM32F4xx_HAL_Driver/Src/stm32f4xx_hal_rtc.c **** 
 1936              		.loc 1 1080 5 view .LVU679
1082:Drivers/STM32F4xx_HAL_Driver/Src/stm32f4xx_hal_rtc.c ****     {
 1937              		.loc 1 1082 5 view .LVU680
1084:Drivers/STM32F4xx_HAL_Driver/Src/stm32f4xx_hal_rtc.c ****     }
 1938              		.loc 1 1084 7 view .LVU681
1088:Drivers/STM32F4xx_HAL_Driver/Src/stm32f4xx_hal_rtc.c ****     }
 1939              		.loc 1 1088 7 view .LVU682
1091:Drivers/STM32F4xx_HAL_Driver/Src/stm32f4xx_hal_rtc.c ****               ((uint32_t)(sAlarm->AlarmTime.Minutes)    << RTC_ALRMAR_MNU_Pos) | \
 1940              		.loc 1 1091 5 view .LVU683
1091:Drivers/STM32F4xx_HAL_Driver/Src/stm32f4xx_hal_rtc.c ****               ((uint32_t)(sAlarm->AlarmTime.Minutes)    << RTC_ALRMAR_MNU_Pos) | \
 1941              		.loc 1 1091 44 is_stmt 0 view .LVU684
 1942 00d0 3378     		ldrb	r3, [r6]	@ zero_extendqisi2
1092:Drivers/STM32F4xx_HAL_Driver/Src/stm32f4xx_hal_rtc.c ****               ((uint32_t) sAlarm->AlarmTime.Seconds)                           | \
 1943              		.loc 1 1092 44 view .LVU685
 1944 00d2 7578     		ldrb	r5, [r6, #1]	@ zero_extendqisi2
1092:Drivers/STM32F4xx_HAL_Driver/Src/stm32f4xx_hal_rtc.c ****               ((uint32_t) sAlarm->AlarmTime.Seconds)                           | \
 1945              		.loc 1 1092 57 view .LVU686
 1946 00d4 2D02     		lsls	r5, r5, #8
1091:Drivers/STM32F4xx_HAL_Driver/Src/stm32f4xx_hal_rtc.c ****               ((uint32_t)(sAlarm->AlarmTime.Minutes)    << RTC_ALRMAR_MNU_Pos) | \
 1947              		.loc 1 1091 80 view .LVU687
 1948 00d6 45EA0345 		orr	r5, r5, r3, lsl #16
1093:Drivers/STM32F4xx_HAL_Driver/Src/stm32f4xx_hal_rtc.c ****               ((uint32_t)(sAlarm->AlarmTime.TimeFormat) << RTC_ALRMAR_PM_Pos)  | \
 1949              		.loc 1 1093 44 view .LVU688
 1950 00da B378     		ldrb	r3, [r6, #2]	@ zero_extendqisi2
1092:Drivers/STM32F4xx_HAL_Driver/Src/stm32f4xx_hal_rtc.c ****               ((uint32_t) sAlarm->AlarmTime.Seconds)                           | \
 1951              		.loc 1 1092 80 view .LVU689
 1952 00dc 1D43     		orrs	r5, r5, r3
1094:Drivers/STM32F4xx_HAL_Driver/Src/stm32f4xx_hal_rtc.c ****               ((uint32_t)(sAlarm->AlarmDateWeekDay)     << RTC_ALRMAR_DU_Pos)  | \
 1953              		.loc 1 1094 44 view .LVU690
 1954 00de F378     		ldrb	r3, [r6, #3]	@ zero_extendqisi2
1093:Drivers/STM32F4xx_HAL_Driver/Src/stm32f4xx_hal_rtc.c ****               ((uint32_t)(sAlarm->AlarmTime.TimeFormat) << RTC_ALRMAR_PM_Pos)  | \
 1955              		.loc 1 1093 80 view .LVU691
 1956 00e0 45EA8355 		orr	r5, r5, r3, lsl #22
1095:Drivers/STM32F4xx_HAL_Driver/Src/stm32f4xx_hal_rtc.c ****               ((uint32_t) sAlarm->AlarmDateWeekDaySel)                         | \
 1957              		.loc 1 1095 33 view .LVU692
 1958 00e4 96F82030 		ldrb	r3, [r6, #32]	@ zero_extendqisi2
1094:Drivers/STM32F4xx_HAL_Driver/Src/stm32f4xx_hal_rtc.c ****               ((uint32_t)(sAlarm->AlarmDateWeekDay)     << RTC_ALRMAR_DU_Pos)  | \
 1959              		.loc 1 1094 80 view .LVU693
 1960 00e8 45EA0365 		orr	r5, r5, r3, lsl #24
1096:Drivers/STM32F4xx_HAL_Driver/Src/stm32f4xx_hal_rtc.c ****               ((uint32_t) sAlarm->AlarmMask));
 1961              		.loc 1 1096 33 view .LVU694
 1962 00ec F369     		ldr	r3, [r6, #28]
1095:Drivers/STM32F4xx_HAL_Driver/Src/stm32f4xx_hal_rtc.c ****               ((uint32_t) sAlarm->AlarmDateWeekDaySel)                         | \
 1963              		.loc 1 1095 80 view .LVU695
 1964 00ee 1D43     		orrs	r5, r5, r3
1097:Drivers/STM32F4xx_HAL_Driver/Src/stm32f4xx_hal_rtc.c ****   }
 1965              		.loc 1 1097 33 view .LVU696
 1966 00f0 7369     		ldr	r3, [r6, #20]
1091:Drivers/STM32F4xx_HAL_Driver/Src/stm32f4xx_hal_rtc.c ****               ((uint32_t)(sAlarm->AlarmTime.Minutes)    << RTC_ALRMAR_MNU_Pos) | \
 1967              		.loc 1 1091 12 view .LVU697
 1968 00f2 1D43     		orrs	r5, r5, r3
 1969              	.LVL125:
1091:Drivers/STM32F4xx_HAL_Driver/Src/stm32f4xx_hal_rtc.c ****               ((uint32_t)(sAlarm->AlarmTime.Minutes)    << RTC_ALRMAR_MNU_Pos) | \
ARM GAS  C:\Users\40918\AppData\Local\Temp\cc17lxaj.s 			page 77


 1970              		.loc 1 1091 12 view .LVU698
 1971 00f4 B2E7     		b	.L116
 1972              	.LVL126:
 1973              	.L126:
1110:Drivers/STM32F4xx_HAL_Driver/Src/stm32f4xx_hal_rtc.c **** 
 1974              		.loc 1 1110 5 is_stmt 1 view .LVU699
 1975 00f6 2268     		ldr	r2, [r4]
 1976 00f8 9368     		ldr	r3, [r2, #8]
 1977 00fa 23F48073 		bic	r3, r3, #256
 1978 00fe 9360     		str	r3, [r2, #8]
1113:Drivers/STM32F4xx_HAL_Driver/Src/stm32f4xx_hal_rtc.c **** 
 1979              		.loc 1 1113 5 view .LVU700
 1980 0100 2268     		ldr	r2, [r4]
 1981 0102 9368     		ldr	r3, [r2, #8]
 1982 0104 23F48053 		bic	r3, r3, #4096
 1983 0108 9360     		str	r3, [r2, #8]
1116:Drivers/STM32F4xx_HAL_Driver/Src/stm32f4xx_hal_rtc.c **** 
 1984              		.loc 1 1116 5 view .LVU701
 1985 010a 2268     		ldr	r2, [r4]
 1986 010c D368     		ldr	r3, [r2, #12]
 1987 010e DBB2     		uxtb	r3, r3
 1988 0110 63F4C073 		orn	r3, r3, #384
 1989 0114 D360     		str	r3, [r2, #12]
1119:Drivers/STM32F4xx_HAL_Driver/Src/stm32f4xx_hal_rtc.c **** 
 1990              		.loc 1 1119 5 view .LVU702
1119:Drivers/STM32F4xx_HAL_Driver/Src/stm32f4xx_hal_rtc.c **** 
 1991              		.loc 1 1119 17 is_stmt 0 view .LVU703
 1992 0116 FFF7FEFF 		bl	HAL_GetTick
 1993              	.LVL127:
 1994 011a 0646     		mov	r6, r0
 1995              	.LVL128:
1122:Drivers/STM32F4xx_HAL_Driver/Src/stm32f4xx_hal_rtc.c ****     {
 1996              		.loc 1 1122 5 is_stmt 1 view .LVU704
 1997              	.L119:
1122:Drivers/STM32F4xx_HAL_Driver/Src/stm32f4xx_hal_rtc.c ****     {
 1998              		.loc 1 1122 60 view .LVU705
1122:Drivers/STM32F4xx_HAL_Driver/Src/stm32f4xx_hal_rtc.c ****     {
 1999              		.loc 1 1122 12 is_stmt 0 view .LVU706
 2000 011c 2368     		ldr	r3, [r4]
 2001 011e DA68     		ldr	r2, [r3, #12]
1122:Drivers/STM32F4xx_HAL_Driver/Src/stm32f4xx_hal_rtc.c ****     {
 2002              		.loc 1 1122 60 view .LVU707
 2003 0120 12F0010F 		tst	r2, #1
 2004 0124 0DD1     		bne	.L128
1124:Drivers/STM32F4xx_HAL_Driver/Src/stm32f4xx_hal_rtc.c ****       {
 2005              		.loc 1 1124 7 is_stmt 1 view .LVU708
1124:Drivers/STM32F4xx_HAL_Driver/Src/stm32f4xx_hal_rtc.c ****       {
 2006              		.loc 1 1124 12 is_stmt 0 view .LVU709
 2007 0126 FFF7FEFF 		bl	HAL_GetTick
 2008              	.LVL129:
1124:Drivers/STM32F4xx_HAL_Driver/Src/stm32f4xx_hal_rtc.c ****       {
 2009              		.loc 1 1124 26 discriminator 1 view .LVU710
 2010 012a 801B     		subs	r0, r0, r6
1124:Drivers/STM32F4xx_HAL_Driver/Src/stm32f4xx_hal_rtc.c ****       {
 2011              		.loc 1 1124 10 discriminator 1 view .LVU711
 2012 012c B0F57A7F 		cmp	r0, #1000
 2013 0130 F4D9     		bls	.L119
ARM GAS  C:\Users\40918\AppData\Local\Temp\cc17lxaj.s 			page 78


1127:Drivers/STM32F4xx_HAL_Driver/Src/stm32f4xx_hal_rtc.c **** 
 2014              		.loc 1 1127 9 is_stmt 1 view .LVU712
1127:Drivers/STM32F4xx_HAL_Driver/Src/stm32f4xx_hal_rtc.c **** 
 2015              		.loc 1 1127 9 view .LVU713
 2016 0132 2368     		ldr	r3, [r4]
 2017 0134 FF22     		movs	r2, #255
 2018 0136 5A62     		str	r2, [r3, #36]
1127:Drivers/STM32F4xx_HAL_Driver/Src/stm32f4xx_hal_rtc.c **** 
 2019              		.loc 1 1127 9 view .LVU714
1129:Drivers/STM32F4xx_HAL_Driver/Src/stm32f4xx_hal_rtc.c **** 
 2020              		.loc 1 1129 9 view .LVU715
1129:Drivers/STM32F4xx_HAL_Driver/Src/stm32f4xx_hal_rtc.c **** 
 2021              		.loc 1 1129 21 is_stmt 0 view .LVU716
 2022 0138 0320     		movs	r0, #3
 2023 013a 6077     		strb	r0, [r4, #29]
1132:Drivers/STM32F4xx_HAL_Driver/Src/stm32f4xx_hal_rtc.c **** 
 2024              		.loc 1 1132 9 is_stmt 1 view .LVU717
1132:Drivers/STM32F4xx_HAL_Driver/Src/stm32f4xx_hal_rtc.c **** 
 2025              		.loc 1 1132 9 view .LVU718
 2026 013c 0023     		movs	r3, #0
 2027 013e 2377     		strb	r3, [r4, #28]
1132:Drivers/STM32F4xx_HAL_Driver/Src/stm32f4xx_hal_rtc.c **** 
 2028              		.loc 1 1132 9 view .LVU719
1134:Drivers/STM32F4xx_HAL_Driver/Src/stm32f4xx_hal_rtc.c ****       }
 2029              		.loc 1 1134 9 view .LVU720
1134:Drivers/STM32F4xx_HAL_Driver/Src/stm32f4xx_hal_rtc.c ****       }
 2030              		.loc 1 1134 16 is_stmt 0 view .LVU721
 2031 0140 17E0     		b	.L113
 2032              	.L128:
1139:Drivers/STM32F4xx_HAL_Driver/Src/stm32f4xx_hal_rtc.c ****     /* Configure Alarm A Subseconds register */
 2033              		.loc 1 1139 5 is_stmt 1 view .LVU722
1139:Drivers/STM32F4xx_HAL_Driver/Src/stm32f4xx_hal_rtc.c ****     /* Configure Alarm A Subseconds register */
 2034              		.loc 1 1139 28 is_stmt 0 view .LVU723
 2035 0142 DD61     		str	r5, [r3, #28]
1141:Drivers/STM32F4xx_HAL_Driver/Src/stm32f4xx_hal_rtc.c ****     /* Enable Alarm A */
 2036              		.loc 1 1141 5 is_stmt 1 view .LVU724
1141:Drivers/STM32F4xx_HAL_Driver/Src/stm32f4xx_hal_rtc.c ****     /* Enable Alarm A */
 2037              		.loc 1 1141 9 is_stmt 0 view .LVU725
 2038 0144 2368     		ldr	r3, [r4]
1141:Drivers/STM32F4xx_HAL_Driver/Src/stm32f4xx_hal_rtc.c ****     /* Enable Alarm A */
 2039              		.loc 1 1141 30 view .LVU726
 2040 0146 5F64     		str	r7, [r3, #68]
1143:Drivers/STM32F4xx_HAL_Driver/Src/stm32f4xx_hal_rtc.c ****   }
 2041              		.loc 1 1143 5 is_stmt 1 view .LVU727
 2042 0148 2268     		ldr	r2, [r4]
 2043 014a 9368     		ldr	r3, [r2, #8]
 2044 014c 43F48073 		orr	r3, r3, #256
 2045 0150 9360     		str	r3, [r2, #8]
 2046 0152 07E0     		b	.L121
 2047              	.L127:
1177:Drivers/STM32F4xx_HAL_Driver/Src/stm32f4xx_hal_rtc.c ****     /* Configure Alarm B Subseconds register */
 2048              		.loc 1 1177 5 view .LVU728
1177:Drivers/STM32F4xx_HAL_Driver/Src/stm32f4xx_hal_rtc.c ****     /* Configure Alarm B Subseconds register */
 2049              		.loc 1 1177 28 is_stmt 0 view .LVU729
 2050 0154 1D62     		str	r5, [r3, #32]
1179:Drivers/STM32F4xx_HAL_Driver/Src/stm32f4xx_hal_rtc.c ****     /* Enable Alarm B */
 2051              		.loc 1 1179 5 is_stmt 1 view .LVU730
ARM GAS  C:\Users\40918\AppData\Local\Temp\cc17lxaj.s 			page 79


1179:Drivers/STM32F4xx_HAL_Driver/Src/stm32f4xx_hal_rtc.c ****     /* Enable Alarm B */
 2052              		.loc 1 1179 9 is_stmt 0 view .LVU731
 2053 0156 2368     		ldr	r3, [r4]
1179:Drivers/STM32F4xx_HAL_Driver/Src/stm32f4xx_hal_rtc.c ****     /* Enable Alarm B */
 2054              		.loc 1 1179 30 view .LVU732
 2055 0158 9F64     		str	r7, [r3, #72]
1181:Drivers/STM32F4xx_HAL_Driver/Src/stm32f4xx_hal_rtc.c ****   }
 2056              		.loc 1 1181 5 is_stmt 1 view .LVU733
 2057 015a 2268     		ldr	r2, [r4]
 2058 015c 9368     		ldr	r3, [r2, #8]
 2059 015e 43F40073 		orr	r3, r3, #512
 2060 0162 9360     		str	r3, [r2, #8]
 2061              	.L121:
1185:Drivers/STM32F4xx_HAL_Driver/Src/stm32f4xx_hal_rtc.c **** 
 2062              		.loc 1 1185 3 view .LVU734
1185:Drivers/STM32F4xx_HAL_Driver/Src/stm32f4xx_hal_rtc.c **** 
 2063              		.loc 1 1185 3 view .LVU735
 2064 0164 2368     		ldr	r3, [r4]
 2065 0166 FF22     		movs	r2, #255
 2066 0168 5A62     		str	r2, [r3, #36]
1185:Drivers/STM32F4xx_HAL_Driver/Src/stm32f4xx_hal_rtc.c **** 
 2067              		.loc 1 1185 3 view .LVU736
1188:Drivers/STM32F4xx_HAL_Driver/Src/stm32f4xx_hal_rtc.c **** 
 2068              		.loc 1 1188 3 view .LVU737
1188:Drivers/STM32F4xx_HAL_Driver/Src/stm32f4xx_hal_rtc.c **** 
 2069              		.loc 1 1188 15 is_stmt 0 view .LVU738
 2070 016a 0123     		movs	r3, #1
 2071 016c 6377     		strb	r3, [r4, #29]
1191:Drivers/STM32F4xx_HAL_Driver/Src/stm32f4xx_hal_rtc.c **** 
 2072              		.loc 1 1191 3 is_stmt 1 view .LVU739
1191:Drivers/STM32F4xx_HAL_Driver/Src/stm32f4xx_hal_rtc.c **** 
 2073              		.loc 1 1191 3 view .LVU740
 2074 016e 0020     		movs	r0, #0
 2075 0170 2077     		strb	r0, [r4, #28]
1191:Drivers/STM32F4xx_HAL_Driver/Src/stm32f4xx_hal_rtc.c **** 
 2076              		.loc 1 1191 3 view .LVU741
1193:Drivers/STM32F4xx_HAL_Driver/Src/stm32f4xx_hal_rtc.c **** }
 2077              		.loc 1 1193 3 view .LVU742
 2078              	.LVL130:
 2079              	.L113:
1194:Drivers/STM32F4xx_HAL_Driver/Src/stm32f4xx_hal_rtc.c **** 
 2080              		.loc 1 1194 1 is_stmt 0 view .LVU743
 2081 0172 F8BD     		pop	{r3, r4, r5, r6, r7, pc}
 2082              	.LVL131:
 2083              	.L124:
1027:Drivers/STM32F4xx_HAL_Driver/Src/stm32f4xx_hal_rtc.c **** 
 2084              		.loc 1 1027 3 discriminator 1 view .LVU744
 2085 0174 0220     		movs	r0, #2
 2086              	.LVL132:
1027:Drivers/STM32F4xx_HAL_Driver/Src/stm32f4xx_hal_rtc.c **** 
 2087              		.loc 1 1027 3 discriminator 1 view .LVU745
 2088 0176 FCE7     		b	.L113
 2089              		.cfi_endproc
 2090              	.LFE247:
 2092              		.section	.text.HAL_RTC_SetAlarm_IT,"ax",%progbits
 2093              		.align	1
 2094              		.global	HAL_RTC_SetAlarm_IT
ARM GAS  C:\Users\40918\AppData\Local\Temp\cc17lxaj.s 			page 80


 2095              		.syntax unified
 2096              		.thumb
 2097              		.thumb_func
 2099              	HAL_RTC_SetAlarm_IT:
 2100              	.LVL133:
 2101              	.LFB248:
1211:Drivers/STM32F4xx_HAL_Driver/Src/stm32f4xx_hal_rtc.c ****   __IO uint32_t count  = RTC_TIMEOUT_VALUE * (SystemCoreClock / 32U / 1000U);
 2102              		.loc 1 1211 1 is_stmt 1 view -0
 2103              		.cfi_startproc
 2104              		@ args = 0, pretend = 0, frame = 8
 2105              		@ frame_needed = 0, uses_anonymous_args = 0
1211:Drivers/STM32F4xx_HAL_Driver/Src/stm32f4xx_hal_rtc.c ****   __IO uint32_t count  = RTC_TIMEOUT_VALUE * (SystemCoreClock / 32U / 1000U);
 2106              		.loc 1 1211 1 is_stmt 0 view .LVU747
 2107 0000 70B5     		push	{r4, r5, r6, lr}
 2108              	.LCFI14:
 2109              		.cfi_def_cfa_offset 16
 2110              		.cfi_offset 4, -16
 2111              		.cfi_offset 5, -12
 2112              		.cfi_offset 6, -8
 2113              		.cfi_offset 14, -4
 2114 0002 82B0     		sub	sp, sp, #8
 2115              	.LCFI15:
 2116              		.cfi_def_cfa_offset 24
 2117 0004 0D46     		mov	r5, r1
1212:Drivers/STM32F4xx_HAL_Driver/Src/stm32f4xx_hal_rtc.c ****        uint32_t tmpreg = 0U;
 2118              		.loc 1 1212 3 is_stmt 1 view .LVU748
1212:Drivers/STM32F4xx_HAL_Driver/Src/stm32f4xx_hal_rtc.c ****        uint32_t tmpreg = 0U;
 2119              		.loc 1 1212 69 is_stmt 0 view .LVU749
 2120 0006 694B     		ldr	r3, .L146
 2121 0008 1B68     		ldr	r3, [r3]
 2122 000a 6949     		ldr	r1, .L146+4
 2123              	.LVL134:
1212:Drivers/STM32F4xx_HAL_Driver/Src/stm32f4xx_hal_rtc.c ****        uint32_t tmpreg = 0U;
 2124              		.loc 1 1212 69 view .LVU750
 2125 000c A1FB0313 		umull	r1, r3, r1, r3
 2126 0010 DB0A     		lsrs	r3, r3, #11
1212:Drivers/STM32F4xx_HAL_Driver/Src/stm32f4xx_hal_rtc.c ****        uint32_t tmpreg = 0U;
 2127              		.loc 1 1212 44 view .LVU751
 2128 0012 4FF47A71 		mov	r1, #1000
 2129 0016 01FB03F3 		mul	r3, r1, r3
1212:Drivers/STM32F4xx_HAL_Driver/Src/stm32f4xx_hal_rtc.c ****        uint32_t tmpreg = 0U;
 2130              		.loc 1 1212 17 view .LVU752
 2131 001a 0193     		str	r3, [sp, #4]
1213:Drivers/STM32F4xx_HAL_Driver/Src/stm32f4xx_hal_rtc.c ****        uint32_t subsecondtmpreg = 0U;
 2132              		.loc 1 1213 8 is_stmt 1 view .LVU753
 2133              	.LVL135:
1214:Drivers/STM32F4xx_HAL_Driver/Src/stm32f4xx_hal_rtc.c **** 
 2134              		.loc 1 1214 8 view .LVU754
1217:Drivers/STM32F4xx_HAL_Driver/Src/stm32f4xx_hal_rtc.c ****   assert_param(IS_RTC_ALARM(sAlarm->Alarm));
 2135              		.loc 1 1217 3 view .LVU755
1218:Drivers/STM32F4xx_HAL_Driver/Src/stm32f4xx_hal_rtc.c ****   assert_param(IS_RTC_ALARM_MASK(sAlarm->AlarmMask));
 2136              		.loc 1 1218 3 view .LVU756
1219:Drivers/STM32F4xx_HAL_Driver/Src/stm32f4xx_hal_rtc.c ****   assert_param(IS_RTC_ALARM_DATE_WEEKDAY_SEL(sAlarm->AlarmDateWeekDaySel));
 2137              		.loc 1 1219 3 view .LVU757
1220:Drivers/STM32F4xx_HAL_Driver/Src/stm32f4xx_hal_rtc.c ****   assert_param(IS_RTC_ALARM_SUB_SECOND_VALUE(sAlarm->AlarmTime.SubSeconds));
 2138              		.loc 1 1220 3 view .LVU758
1221:Drivers/STM32F4xx_HAL_Driver/Src/stm32f4xx_hal_rtc.c ****   assert_param(IS_RTC_ALARM_SUB_SECOND_MASK(sAlarm->AlarmSubSecondMask));
ARM GAS  C:\Users\40918\AppData\Local\Temp\cc17lxaj.s 			page 81


 2139              		.loc 1 1221 3 view .LVU759
1222:Drivers/STM32F4xx_HAL_Driver/Src/stm32f4xx_hal_rtc.c **** 
 2140              		.loc 1 1222 3 view .LVU760
1225:Drivers/STM32F4xx_HAL_Driver/Src/stm32f4xx_hal_rtc.c **** 
 2141              		.loc 1 1225 3 view .LVU761
1225:Drivers/STM32F4xx_HAL_Driver/Src/stm32f4xx_hal_rtc.c **** 
 2142              		.loc 1 1225 3 view .LVU762
 2143 001c 037F     		ldrb	r3, [r0, #28]	@ zero_extendqisi2
 2144 001e 012B     		cmp	r3, #1
 2145 0020 00F0C280 		beq	.L141
 2146 0024 0446     		mov	r4, r0
1225:Drivers/STM32F4xx_HAL_Driver/Src/stm32f4xx_hal_rtc.c **** 
 2147              		.loc 1 1225 3 discriminator 2 view .LVU763
 2148 0026 0123     		movs	r3, #1
 2149 0028 0377     		strb	r3, [r0, #28]
1225:Drivers/STM32F4xx_HAL_Driver/Src/stm32f4xx_hal_rtc.c **** 
 2150              		.loc 1 1225 3 discriminator 2 view .LVU764
1228:Drivers/STM32F4xx_HAL_Driver/Src/stm32f4xx_hal_rtc.c **** 
 2151              		.loc 1 1228 3 view .LVU765
1228:Drivers/STM32F4xx_HAL_Driver/Src/stm32f4xx_hal_rtc.c **** 
 2152              		.loc 1 1228 15 is_stmt 0 view .LVU766
 2153 002a 0223     		movs	r3, #2
 2154 002c 4377     		strb	r3, [r0, #29]
1232:Drivers/STM32F4xx_HAL_Driver/Src/stm32f4xx_hal_rtc.c ****   {
 2155              		.loc 1 1232 3 is_stmt 1 view .LVU767
1232:Drivers/STM32F4xx_HAL_Driver/Src/stm32f4xx_hal_rtc.c ****   {
 2156              		.loc 1 1232 6 is_stmt 0 view .LVU768
 2157 002e 002A     		cmp	r2, #0
 2158 0030 6DD1     		bne	.L131
1234:Drivers/STM32F4xx_HAL_Driver/Src/stm32f4xx_hal_rtc.c ****     {
 2159              		.loc 1 1234 5 is_stmt 1 view .LVU769
1234:Drivers/STM32F4xx_HAL_Driver/Src/stm32f4xx_hal_rtc.c ****     {
 2160              		.loc 1 1234 14 is_stmt 0 view .LVU770
 2161 0032 0368     		ldr	r3, [r0]
1234:Drivers/STM32F4xx_HAL_Driver/Src/stm32f4xx_hal_rtc.c ****     {
 2162              		.loc 1 1234 24 view .LVU771
 2163 0034 9B68     		ldr	r3, [r3, #8]
1234:Drivers/STM32F4xx_HAL_Driver/Src/stm32f4xx_hal_rtc.c ****     {
 2164              		.loc 1 1234 8 view .LVU772
 2165 0036 13F0400F 		tst	r3, #64
 2166 003a 01D1     		bne	.L132
1241:Drivers/STM32F4xx_HAL_Driver/Src/stm32f4xx_hal_rtc.c ****       assert_param(IS_RTC_HOUR24(sAlarm->AlarmTime.Hours));
 2167              		.loc 1 1241 7 is_stmt 1 view .LVU773
1241:Drivers/STM32F4xx_HAL_Driver/Src/stm32f4xx_hal_rtc.c ****       assert_param(IS_RTC_HOUR24(sAlarm->AlarmTime.Hours));
 2168              		.loc 1 1241 36 is_stmt 0 view .LVU774
 2169 003c 0023     		movs	r3, #0
 2170 003e EB70     		strb	r3, [r5, #3]
 2171              	.L132:
1242:Drivers/STM32F4xx_HAL_Driver/Src/stm32f4xx_hal_rtc.c ****     }
 2172              		.loc 1 1242 7 is_stmt 1 view .LVU775
1244:Drivers/STM32F4xx_HAL_Driver/Src/stm32f4xx_hal_rtc.c ****     assert_param(IS_RTC_SECONDS(sAlarm->AlarmTime.Seconds));
 2173              		.loc 1 1244 5 view .LVU776
1245:Drivers/STM32F4xx_HAL_Driver/Src/stm32f4xx_hal_rtc.c **** 
 2174              		.loc 1 1245 5 view .LVU777
1247:Drivers/STM32F4xx_HAL_Driver/Src/stm32f4xx_hal_rtc.c ****     {
 2175              		.loc 1 1247 5 view .LVU778
1249:Drivers/STM32F4xx_HAL_Driver/Src/stm32f4xx_hal_rtc.c ****     }
ARM GAS  C:\Users\40918\AppData\Local\Temp\cc17lxaj.s 			page 82


 2176              		.loc 1 1249 7 view .LVU779
1253:Drivers/STM32F4xx_HAL_Driver/Src/stm32f4xx_hal_rtc.c ****     }
 2177              		.loc 1 1253 7 view .LVU780
1256:Drivers/STM32F4xx_HAL_Driver/Src/stm32f4xx_hal_rtc.c ****               ((uint32_t)RTC_ByteToBcd2(sAlarm->AlarmTime.Minutes) << RTC_ALRMAR_MNU_Pos) | \
 2178              		.loc 1 1256 5 view .LVU781
1256:Drivers/STM32F4xx_HAL_Driver/Src/stm32f4xx_hal_rtc.c ****               ((uint32_t)RTC_ByteToBcd2(sAlarm->AlarmTime.Minutes) << RTC_ALRMAR_MNU_Pos) | \
 2179              		.loc 1 1256 26 is_stmt 0 view .LVU782
 2180 0040 2878     		ldrb	r0, [r5]	@ zero_extendqisi2
 2181              	.LVL136:
1256:Drivers/STM32F4xx_HAL_Driver/Src/stm32f4xx_hal_rtc.c ****               ((uint32_t)RTC_ByteToBcd2(sAlarm->AlarmTime.Minutes) << RTC_ALRMAR_MNU_Pos) | \
 2182              		.loc 1 1256 26 view .LVU783
 2183 0042 FFF7FEFF 		bl	RTC_ByteToBcd2
 2184              	.LVL137:
1256:Drivers/STM32F4xx_HAL_Driver/Src/stm32f4xx_hal_rtc.c ****               ((uint32_t)RTC_ByteToBcd2(sAlarm->AlarmTime.Minutes) << RTC_ALRMAR_MNU_Pos) | \
 2185              		.loc 1 1256 68 discriminator 1 view .LVU784
 2186 0046 0604     		lsls	r6, r0, #16
1257:Drivers/STM32F4xx_HAL_Driver/Src/stm32f4xx_hal_rtc.c ****               ((uint32_t)RTC_ByteToBcd2(sAlarm->AlarmTime.Seconds))                       | \
 2187              		.loc 1 1257 26 view .LVU785
 2188 0048 6878     		ldrb	r0, [r5, #1]	@ zero_extendqisi2
 2189 004a FFF7FEFF 		bl	RTC_ByteToBcd2
 2190              	.LVL138:
1256:Drivers/STM32F4xx_HAL_Driver/Src/stm32f4xx_hal_rtc.c ****               ((uint32_t)RTC_ByteToBcd2(sAlarm->AlarmTime.Minutes) << RTC_ALRMAR_MNU_Pos) | \
 2191              		.loc 1 1256 91 view .LVU786
 2192 004e 46EA0026 		orr	r6, r6, r0, lsl #8
1258:Drivers/STM32F4xx_HAL_Driver/Src/stm32f4xx_hal_rtc.c ****               ((uint32_t)(sAlarm->AlarmTime.TimeFormat)            << RTC_ALRMAR_PM_Pos)  | \
 2193              		.loc 1 1258 26 view .LVU787
 2194 0052 A878     		ldrb	r0, [r5, #2]	@ zero_extendqisi2
 2195 0054 FFF7FEFF 		bl	RTC_ByteToBcd2
 2196              	.LVL139:
1257:Drivers/STM32F4xx_HAL_Driver/Src/stm32f4xx_hal_rtc.c ****               ((uint32_t)RTC_ByteToBcd2(sAlarm->AlarmTime.Seconds))                       | \
 2197              		.loc 1 1257 91 view .LVU788
 2198 0058 0643     		orrs	r6, r6, r0
1259:Drivers/STM32F4xx_HAL_Driver/Src/stm32f4xx_hal_rtc.c ****               ((uint32_t)RTC_ByteToBcd2(sAlarm->AlarmDateWeekDay)  << RTC_ALRMAR_DU_Pos)  | \
 2199              		.loc 1 1259 44 view .LVU789
 2200 005a EB78     		ldrb	r3, [r5, #3]	@ zero_extendqisi2
1258:Drivers/STM32F4xx_HAL_Driver/Src/stm32f4xx_hal_rtc.c ****               ((uint32_t)(sAlarm->AlarmTime.TimeFormat)            << RTC_ALRMAR_PM_Pos)  | \
 2201              		.loc 1 1258 91 view .LVU790
 2202 005c 46EA8356 		orr	r6, r6, r3, lsl #22
1260:Drivers/STM32F4xx_HAL_Driver/Src/stm32f4xx_hal_rtc.c ****               ((uint32_t)sAlarm->AlarmDateWeekDaySel)                                     | \
 2203              		.loc 1 1260 26 view .LVU791
 2204 0060 95F82000 		ldrb	r0, [r5, #32]	@ zero_extendqisi2
 2205 0064 FFF7FEFF 		bl	RTC_ByteToBcd2
 2206              	.LVL140:
1259:Drivers/STM32F4xx_HAL_Driver/Src/stm32f4xx_hal_rtc.c ****               ((uint32_t)RTC_ByteToBcd2(sAlarm->AlarmDateWeekDay)  << RTC_ALRMAR_DU_Pos)  | \
 2207              		.loc 1 1259 91 view .LVU792
 2208 0068 46EA0062 		orr	r2, r6, r0, lsl #24
1261:Drivers/STM32F4xx_HAL_Driver/Src/stm32f4xx_hal_rtc.c ****               ((uint32_t)sAlarm->AlarmMask));
 2209              		.loc 1 1261 32 view .LVU793
 2210 006c EB69     		ldr	r3, [r5, #28]
1260:Drivers/STM32F4xx_HAL_Driver/Src/stm32f4xx_hal_rtc.c ****               ((uint32_t)sAlarm->AlarmDateWeekDaySel)                                     | \
 2211              		.loc 1 1260 91 view .LVU794
 2212 006e 1A43     		orrs	r2, r2, r3
1262:Drivers/STM32F4xx_HAL_Driver/Src/stm32f4xx_hal_rtc.c ****   }
 2213              		.loc 1 1262 32 view .LVU795
 2214 0070 6B69     		ldr	r3, [r5, #20]
1256:Drivers/STM32F4xx_HAL_Driver/Src/stm32f4xx_hal_rtc.c ****               ((uint32_t)RTC_ByteToBcd2(sAlarm->AlarmTime.Minutes) << RTC_ALRMAR_MNU_Pos) | \
 2215              		.loc 1 1256 12 view .LVU796
ARM GAS  C:\Users\40918\AppData\Local\Temp\cc17lxaj.s 			page 83


 2216 0072 1A43     		orrs	r2, r2, r3
 2217              	.LVL141:
 2218              	.L133:
1299:Drivers/STM32F4xx_HAL_Driver/Src/stm32f4xx_hal_rtc.c ****                                (uint32_t)(sAlarm->AlarmSubSecondMask));
 2219              		.loc 1 1299 3 is_stmt 1 view .LVU797
1299:Drivers/STM32F4xx_HAL_Driver/Src/stm32f4xx_hal_rtc.c ****                                (uint32_t)(sAlarm->AlarmSubSecondMask));
 2220              		.loc 1 1299 60 is_stmt 0 view .LVU798
 2221 0074 6868     		ldr	r0, [r5, #4]
1300:Drivers/STM32F4xx_HAL_Driver/Src/stm32f4xx_hal_rtc.c **** 
 2222              		.loc 1 1300 49 view .LVU799
 2223 0076 AB69     		ldr	r3, [r5, #24]
1299:Drivers/STM32F4xx_HAL_Driver/Src/stm32f4xx_hal_rtc.c ****                                (uint32_t)(sAlarm->AlarmSubSecondMask));
 2224              		.loc 1 1299 19 view .LVU800
 2225 0078 1843     		orrs	r0, r0, r3
 2226              	.LVL142:
1303:Drivers/STM32F4xx_HAL_Driver/Src/stm32f4xx_hal_rtc.c **** 
 2227              		.loc 1 1303 3 is_stmt 1 view .LVU801
1303:Drivers/STM32F4xx_HAL_Driver/Src/stm32f4xx_hal_rtc.c **** 
 2228              		.loc 1 1303 3 view .LVU802
 2229 007a 2368     		ldr	r3, [r4]
 2230 007c CA21     		movs	r1, #202
 2231 007e 5962     		str	r1, [r3, #36]
1303:Drivers/STM32F4xx_HAL_Driver/Src/stm32f4xx_hal_rtc.c **** 
 2232              		.loc 1 1303 3 view .LVU803
 2233 0080 2368     		ldr	r3, [r4]
 2234 0082 5321     		movs	r1, #83
 2235 0084 5962     		str	r1, [r3, #36]
1303:Drivers/STM32F4xx_HAL_Driver/Src/stm32f4xx_hal_rtc.c **** 
 2236              		.loc 1 1303 3 view .LVU804
1305:Drivers/STM32F4xx_HAL_Driver/Src/stm32f4xx_hal_rtc.c ****   {
 2237              		.loc 1 1305 3 view .LVU805
1305:Drivers/STM32F4xx_HAL_Driver/Src/stm32f4xx_hal_rtc.c ****   {
 2238              		.loc 1 1305 13 is_stmt 0 view .LVU806
 2239 0086 6B6A     		ldr	r3, [r5, #36]
1305:Drivers/STM32F4xx_HAL_Driver/Src/stm32f4xx_hal_rtc.c ****   {
 2240              		.loc 1 1305 6 view .LVU807
 2241 0088 B3F5807F 		cmp	r3, #256
 2242 008c 59D0     		beq	.L143
1343:Drivers/STM32F4xx_HAL_Driver/Src/stm32f4xx_hal_rtc.c **** 
 2243              		.loc 1 1343 5 is_stmt 1 view .LVU808
 2244 008e 2168     		ldr	r1, [r4]
 2245 0090 8B68     		ldr	r3, [r1, #8]
 2246 0092 23F40073 		bic	r3, r3, #512
 2247 0096 8B60     		str	r3, [r1, #8]
1346:Drivers/STM32F4xx_HAL_Driver/Src/stm32f4xx_hal_rtc.c **** 
 2248              		.loc 1 1346 5 view .LVU809
 2249 0098 2168     		ldr	r1, [r4]
 2250 009a CB68     		ldr	r3, [r1, #12]
 2251 009c DBB2     		uxtb	r3, r3
 2252 009e 63F42073 		orn	r3, r3, #640
 2253 00a2 CB60     		str	r3, [r1, #12]
1349:Drivers/STM32F4xx_HAL_Driver/Src/stm32f4xx_hal_rtc.c **** 
 2254              		.loc 1 1349 5 view .LVU810
1349:Drivers/STM32F4xx_HAL_Driver/Src/stm32f4xx_hal_rtc.c **** 
 2255              		.loc 1 1349 56 is_stmt 0 view .LVU811
 2256 00a4 414B     		ldr	r3, .L146
 2257 00a6 1B68     		ldr	r3, [r3]
ARM GAS  C:\Users\40918\AppData\Local\Temp\cc17lxaj.s 			page 84


 2258 00a8 4149     		ldr	r1, .L146+4
 2259 00aa A1FB0313 		umull	r1, r3, r1, r3
 2260 00ae DB0A     		lsrs	r3, r3, #11
1349:Drivers/STM32F4xx_HAL_Driver/Src/stm32f4xx_hal_rtc.c **** 
 2261              		.loc 1 1349 31 view .LVU812
 2262 00b0 4FF47A71 		mov	r1, #1000
 2263 00b4 01FB03F3 		mul	r3, r1, r3
1349:Drivers/STM32F4xx_HAL_Driver/Src/stm32f4xx_hal_rtc.c **** 
 2264              		.loc 1 1349 11 view .LVU813
 2265 00b8 0193     		str	r3, [sp, #4]
 2266              	.L140:
1352:Drivers/STM32F4xx_HAL_Driver/Src/stm32f4xx_hal_rtc.c ****     {
 2267              		.loc 1 1352 5 is_stmt 1 view .LVU814
1354:Drivers/STM32F4xx_HAL_Driver/Src/stm32f4xx_hal_rtc.c ****       if (count == 0U)
 2268              		.loc 1 1354 7 view .LVU815
1354:Drivers/STM32F4xx_HAL_Driver/Src/stm32f4xx_hal_rtc.c ****       if (count == 0U)
 2269              		.loc 1 1354 21 is_stmt 0 view .LVU816
 2270 00ba 019B     		ldr	r3, [sp, #4]
 2271 00bc 013B     		subs	r3, r3, #1
1354:Drivers/STM32F4xx_HAL_Driver/Src/stm32f4xx_hal_rtc.c ****       if (count == 0U)
 2272              		.loc 1 1354 13 view .LVU817
 2273 00be 0193     		str	r3, [sp, #4]
1355:Drivers/STM32F4xx_HAL_Driver/Src/stm32f4xx_hal_rtc.c ****       {
 2274              		.loc 1 1355 7 is_stmt 1 view .LVU818
1355:Drivers/STM32F4xx_HAL_Driver/Src/stm32f4xx_hal_rtc.c ****       {
 2275              		.loc 1 1355 17 is_stmt 0 view .LVU819
 2276 00c0 019B     		ldr	r3, [sp, #4]
1355:Drivers/STM32F4xx_HAL_Driver/Src/stm32f4xx_hal_rtc.c ****       {
 2277              		.loc 1 1355 10 view .LVU820
 2278 00c2 002B     		cmp	r3, #0
 2279 00c4 68D0     		beq	.L144
1367:Drivers/STM32F4xx_HAL_Driver/Src/stm32f4xx_hal_rtc.c **** 
 2280              		.loc 1 1367 62 is_stmt 1 view .LVU821
1367:Drivers/STM32F4xx_HAL_Driver/Src/stm32f4xx_hal_rtc.c **** 
 2281              		.loc 1 1367 14 is_stmt 0 view .LVU822
 2282 00c6 2368     		ldr	r3, [r4]
 2283 00c8 D968     		ldr	r1, [r3, #12]
1367:Drivers/STM32F4xx_HAL_Driver/Src/stm32f4xx_hal_rtc.c **** 
 2284              		.loc 1 1367 62 view .LVU823
 2285 00ca 11F0020F 		tst	r1, #2
 2286 00ce F4D0     		beq	.L140
1370:Drivers/STM32F4xx_HAL_Driver/Src/stm32f4xx_hal_rtc.c ****     /* Configure Alarm B Subseconds register */
 2287              		.loc 1 1370 5 is_stmt 1 view .LVU824
1370:Drivers/STM32F4xx_HAL_Driver/Src/stm32f4xx_hal_rtc.c ****     /* Configure Alarm B Subseconds register */
 2288              		.loc 1 1370 28 is_stmt 0 view .LVU825
 2289 00d0 1A62     		str	r2, [r3, #32]
1372:Drivers/STM32F4xx_HAL_Driver/Src/stm32f4xx_hal_rtc.c ****     /* Enable Alarm B */
 2290              		.loc 1 1372 5 is_stmt 1 view .LVU826
1372:Drivers/STM32F4xx_HAL_Driver/Src/stm32f4xx_hal_rtc.c ****     /* Enable Alarm B */
 2291              		.loc 1 1372 9 is_stmt 0 view .LVU827
 2292 00d2 2368     		ldr	r3, [r4]
1372:Drivers/STM32F4xx_HAL_Driver/Src/stm32f4xx_hal_rtc.c ****     /* Enable Alarm B */
 2293              		.loc 1 1372 30 view .LVU828
 2294 00d4 9864     		str	r0, [r3, #72]
1374:Drivers/STM32F4xx_HAL_Driver/Src/stm32f4xx_hal_rtc.c ****     /* Enable Alarm B interrupt */
 2295              		.loc 1 1374 5 is_stmt 1 view .LVU829
 2296 00d6 2268     		ldr	r2, [r4]
ARM GAS  C:\Users\40918\AppData\Local\Temp\cc17lxaj.s 			page 85


 2297              	.LVL143:
1374:Drivers/STM32F4xx_HAL_Driver/Src/stm32f4xx_hal_rtc.c ****     /* Enable Alarm B interrupt */
 2298              		.loc 1 1374 5 is_stmt 0 view .LVU830
 2299 00d8 9368     		ldr	r3, [r2, #8]
 2300 00da 43F40073 		orr	r3, r3, #512
 2301 00de 9360     		str	r3, [r2, #8]
1376:Drivers/STM32F4xx_HAL_Driver/Src/stm32f4xx_hal_rtc.c ****   }
 2302              		.loc 1 1376 5 is_stmt 1 view .LVU831
 2303 00e0 2268     		ldr	r2, [r4]
 2304 00e2 9368     		ldr	r3, [r2, #8]
 2305 00e4 43F40053 		orr	r3, r3, #8192
 2306 00e8 9360     		str	r3, [r2, #8]
 2307              	.L138:
1380:Drivers/STM32F4xx_HAL_Driver/Src/stm32f4xx_hal_rtc.c ****   __HAL_RTC_ALARM_EXTI_ENABLE_RISING_EDGE();
 2308              		.loc 1 1380 3 view .LVU832
 2309 00ea 324B     		ldr	r3, .L146+8
 2310 00ec 1A68     		ldr	r2, [r3]
 2311 00ee 42F40032 		orr	r2, r2, #131072
 2312 00f2 1A60     		str	r2, [r3]
1381:Drivers/STM32F4xx_HAL_Driver/Src/stm32f4xx_hal_rtc.c **** 
 2313              		.loc 1 1381 3 view .LVU833
 2314 00f4 9A68     		ldr	r2, [r3, #8]
 2315 00f6 42F40032 		orr	r2, r2, #131072
 2316 00fa 9A60     		str	r2, [r3, #8]
1384:Drivers/STM32F4xx_HAL_Driver/Src/stm32f4xx_hal_rtc.c **** 
 2317              		.loc 1 1384 3 view .LVU834
1384:Drivers/STM32F4xx_HAL_Driver/Src/stm32f4xx_hal_rtc.c **** 
 2318              		.loc 1 1384 3 view .LVU835
 2319 00fc 2368     		ldr	r3, [r4]
 2320 00fe FF22     		movs	r2, #255
 2321 0100 5A62     		str	r2, [r3, #36]
1384:Drivers/STM32F4xx_HAL_Driver/Src/stm32f4xx_hal_rtc.c **** 
 2322              		.loc 1 1384 3 view .LVU836
1387:Drivers/STM32F4xx_HAL_Driver/Src/stm32f4xx_hal_rtc.c **** 
 2323              		.loc 1 1387 3 view .LVU837
1387:Drivers/STM32F4xx_HAL_Driver/Src/stm32f4xx_hal_rtc.c **** 
 2324              		.loc 1 1387 15 is_stmt 0 view .LVU838
 2325 0102 0123     		movs	r3, #1
 2326 0104 6377     		strb	r3, [r4, #29]
1390:Drivers/STM32F4xx_HAL_Driver/Src/stm32f4xx_hal_rtc.c **** 
 2327              		.loc 1 1390 3 is_stmt 1 view .LVU839
1390:Drivers/STM32F4xx_HAL_Driver/Src/stm32f4xx_hal_rtc.c **** 
 2328              		.loc 1 1390 3 view .LVU840
 2329 0106 0020     		movs	r0, #0
 2330              	.LVL144:
1390:Drivers/STM32F4xx_HAL_Driver/Src/stm32f4xx_hal_rtc.c **** 
 2331              		.loc 1 1390 3 is_stmt 0 view .LVU841
 2332 0108 2077     		strb	r0, [r4, #28]
1390:Drivers/STM32F4xx_HAL_Driver/Src/stm32f4xx_hal_rtc.c **** 
 2333              		.loc 1 1390 3 is_stmt 1 view .LVU842
1392:Drivers/STM32F4xx_HAL_Driver/Src/stm32f4xx_hal_rtc.c **** }
 2334              		.loc 1 1392 3 view .LVU843
 2335              	.LVL145:
 2336              	.L130:
1393:Drivers/STM32F4xx_HAL_Driver/Src/stm32f4xx_hal_rtc.c **** 
 2337              		.loc 1 1393 1 is_stmt 0 view .LVU844
 2338 010a 02B0     		add	sp, sp, #8
ARM GAS  C:\Users\40918\AppData\Local\Temp\cc17lxaj.s 			page 86


 2339              	.LCFI16:
 2340              		.cfi_remember_state
 2341              		.cfi_def_cfa_offset 16
 2342              		@ sp needed
 2343 010c 70BD     		pop	{r4, r5, r6, pc}
 2344              	.LVL146:
 2345              	.L131:
 2346              	.LCFI17:
 2347              		.cfi_restore_state
1266:Drivers/STM32F4xx_HAL_Driver/Src/stm32f4xx_hal_rtc.c ****     {
 2348              		.loc 1 1266 5 is_stmt 1 view .LVU845
1266:Drivers/STM32F4xx_HAL_Driver/Src/stm32f4xx_hal_rtc.c ****     {
 2349              		.loc 1 1266 14 is_stmt 0 view .LVU846
 2350 010e 0368     		ldr	r3, [r0]
1266:Drivers/STM32F4xx_HAL_Driver/Src/stm32f4xx_hal_rtc.c ****     {
 2351              		.loc 1 1266 24 view .LVU847
 2352 0110 9B68     		ldr	r3, [r3, #8]
1266:Drivers/STM32F4xx_HAL_Driver/Src/stm32f4xx_hal_rtc.c ****     {
 2353              		.loc 1 1266 8 view .LVU848
 2354 0112 13F0400F 		tst	r3, #64
 2355 0116 01D1     		bne	.L134
1273:Drivers/STM32F4xx_HAL_Driver/Src/stm32f4xx_hal_rtc.c ****       assert_param(IS_RTC_HOUR24(RTC_Bcd2ToByte(sAlarm->AlarmTime.Hours)));
 2356              		.loc 1 1273 7 is_stmt 1 view .LVU849
1273:Drivers/STM32F4xx_HAL_Driver/Src/stm32f4xx_hal_rtc.c ****       assert_param(IS_RTC_HOUR24(RTC_Bcd2ToByte(sAlarm->AlarmTime.Hours)));
 2357              		.loc 1 1273 36 is_stmt 0 view .LVU850
 2358 0118 0023     		movs	r3, #0
 2359 011a EB70     		strb	r3, [r5, #3]
 2360              	.L134:
1274:Drivers/STM32F4xx_HAL_Driver/Src/stm32f4xx_hal_rtc.c ****     }
 2361              		.loc 1 1274 7 is_stmt 1 view .LVU851
1277:Drivers/STM32F4xx_HAL_Driver/Src/stm32f4xx_hal_rtc.c ****     assert_param(IS_RTC_SECONDS(RTC_Bcd2ToByte(sAlarm->AlarmTime.Seconds)));
 2362              		.loc 1 1277 5 view .LVU852
1278:Drivers/STM32F4xx_HAL_Driver/Src/stm32f4xx_hal_rtc.c **** 
 2363              		.loc 1 1278 5 view .LVU853
1280:Drivers/STM32F4xx_HAL_Driver/Src/stm32f4xx_hal_rtc.c ****     {
 2364              		.loc 1 1280 5 view .LVU854
1282:Drivers/STM32F4xx_HAL_Driver/Src/stm32f4xx_hal_rtc.c ****     }
 2365              		.loc 1 1282 7 view .LVU855
1286:Drivers/STM32F4xx_HAL_Driver/Src/stm32f4xx_hal_rtc.c ****     }
 2366              		.loc 1 1286 7 view .LVU856
1289:Drivers/STM32F4xx_HAL_Driver/Src/stm32f4xx_hal_rtc.c ****               ((uint32_t)(sAlarm->AlarmTime.Minutes)    << RTC_ALRMAR_MNU_Pos) | \
 2367              		.loc 1 1289 5 view .LVU857
1289:Drivers/STM32F4xx_HAL_Driver/Src/stm32f4xx_hal_rtc.c ****               ((uint32_t)(sAlarm->AlarmTime.Minutes)    << RTC_ALRMAR_MNU_Pos) | \
 2368              		.loc 1 1289 44 is_stmt 0 view .LVU858
 2369 011c 2B78     		ldrb	r3, [r5]	@ zero_extendqisi2
1290:Drivers/STM32F4xx_HAL_Driver/Src/stm32f4xx_hal_rtc.c ****               ((uint32_t) sAlarm->AlarmTime.Seconds)                           | \
 2370              		.loc 1 1290 44 view .LVU859
 2371 011e 6A78     		ldrb	r2, [r5, #1]	@ zero_extendqisi2
 2372              	.LVL147:
1290:Drivers/STM32F4xx_HAL_Driver/Src/stm32f4xx_hal_rtc.c ****               ((uint32_t) sAlarm->AlarmTime.Seconds)                           | \
 2373              		.loc 1 1290 57 view .LVU860
 2374 0120 1202     		lsls	r2, r2, #8
1289:Drivers/STM32F4xx_HAL_Driver/Src/stm32f4xx_hal_rtc.c ****               ((uint32_t)(sAlarm->AlarmTime.Minutes)    << RTC_ALRMAR_MNU_Pos) | \
 2375              		.loc 1 1289 80 view .LVU861
 2376 0122 42EA0342 		orr	r2, r2, r3, lsl #16
1291:Drivers/STM32F4xx_HAL_Driver/Src/stm32f4xx_hal_rtc.c ****               ((uint32_t)(sAlarm->AlarmTime.TimeFormat) << RTC_ALRMAR_PM_Pos)  | \
 2377              		.loc 1 1291 44 view .LVU862
ARM GAS  C:\Users\40918\AppData\Local\Temp\cc17lxaj.s 			page 87


 2378 0126 AB78     		ldrb	r3, [r5, #2]	@ zero_extendqisi2
1290:Drivers/STM32F4xx_HAL_Driver/Src/stm32f4xx_hal_rtc.c ****               ((uint32_t) sAlarm->AlarmTime.Seconds)                           | \
 2379              		.loc 1 1290 80 view .LVU863
 2380 0128 1A43     		orrs	r2, r2, r3
1292:Drivers/STM32F4xx_HAL_Driver/Src/stm32f4xx_hal_rtc.c ****               ((uint32_t)(sAlarm->AlarmDateWeekDay)     << RTC_ALRMAR_DU_Pos)  | \
 2381              		.loc 1 1292 44 view .LVU864
 2382 012a EB78     		ldrb	r3, [r5, #3]	@ zero_extendqisi2
1291:Drivers/STM32F4xx_HAL_Driver/Src/stm32f4xx_hal_rtc.c ****               ((uint32_t)(sAlarm->AlarmTime.TimeFormat) << RTC_ALRMAR_PM_Pos)  | \
 2383              		.loc 1 1291 80 view .LVU865
 2384 012c 42EA8352 		orr	r2, r2, r3, lsl #22
1293:Drivers/STM32F4xx_HAL_Driver/Src/stm32f4xx_hal_rtc.c ****               ((uint32_t) sAlarm->AlarmDateWeekDaySel)                         | \
 2385              		.loc 1 1293 33 view .LVU866
 2386 0130 95F82030 		ldrb	r3, [r5, #32]	@ zero_extendqisi2
1292:Drivers/STM32F4xx_HAL_Driver/Src/stm32f4xx_hal_rtc.c ****               ((uint32_t)(sAlarm->AlarmDateWeekDay)     << RTC_ALRMAR_DU_Pos)  | \
 2387              		.loc 1 1292 80 view .LVU867
 2388 0134 42EA0362 		orr	r2, r2, r3, lsl #24
1294:Drivers/STM32F4xx_HAL_Driver/Src/stm32f4xx_hal_rtc.c ****               ((uint32_t) sAlarm->AlarmMask));
 2389              		.loc 1 1294 33 view .LVU868
 2390 0138 EB69     		ldr	r3, [r5, #28]
1293:Drivers/STM32F4xx_HAL_Driver/Src/stm32f4xx_hal_rtc.c ****               ((uint32_t) sAlarm->AlarmDateWeekDaySel)                         | \
 2391              		.loc 1 1293 80 view .LVU869
 2392 013a 1A43     		orrs	r2, r2, r3
1295:Drivers/STM32F4xx_HAL_Driver/Src/stm32f4xx_hal_rtc.c ****   }
 2393              		.loc 1 1295 33 view .LVU870
 2394 013c 6B69     		ldr	r3, [r5, #20]
1289:Drivers/STM32F4xx_HAL_Driver/Src/stm32f4xx_hal_rtc.c ****               ((uint32_t)(sAlarm->AlarmTime.Minutes)    << RTC_ALRMAR_MNU_Pos) | \
 2395              		.loc 1 1289 12 view .LVU871
 2396 013e 1A43     		orrs	r2, r2, r3
 2397              	.LVL148:
1289:Drivers/STM32F4xx_HAL_Driver/Src/stm32f4xx_hal_rtc.c ****               ((uint32_t)(sAlarm->AlarmTime.Minutes)    << RTC_ALRMAR_MNU_Pos) | \
 2398              		.loc 1 1289 12 view .LVU872
 2399 0140 98E7     		b	.L133
 2400              	.LVL149:
 2401              	.L143:
1308:Drivers/STM32F4xx_HAL_Driver/Src/stm32f4xx_hal_rtc.c **** 
 2402              		.loc 1 1308 5 is_stmt 1 view .LVU873
 2403 0142 2168     		ldr	r1, [r4]
 2404 0144 8B68     		ldr	r3, [r1, #8]
 2405 0146 23F48073 		bic	r3, r3, #256
 2406 014a 8B60     		str	r3, [r1, #8]
1311:Drivers/STM32F4xx_HAL_Driver/Src/stm32f4xx_hal_rtc.c **** 
 2407              		.loc 1 1311 5 view .LVU874
 2408 014c 2168     		ldr	r1, [r4]
 2409 014e CB68     		ldr	r3, [r1, #12]
 2410 0150 DBB2     		uxtb	r3, r3
 2411 0152 63F4C073 		orn	r3, r3, #384
 2412 0156 CB60     		str	r3, [r1, #12]
 2413              	.L137:
1314:Drivers/STM32F4xx_HAL_Driver/Src/stm32f4xx_hal_rtc.c ****     {
 2414              		.loc 1 1314 5 view .LVU875
1316:Drivers/STM32F4xx_HAL_Driver/Src/stm32f4xx_hal_rtc.c ****       if (count == 0U)
 2415              		.loc 1 1316 7 view .LVU876
1316:Drivers/STM32F4xx_HAL_Driver/Src/stm32f4xx_hal_rtc.c ****       if (count == 0U)
 2416              		.loc 1 1316 21 is_stmt 0 view .LVU877
 2417 0158 019B     		ldr	r3, [sp, #4]
 2418 015a 013B     		subs	r3, r3, #1
1316:Drivers/STM32F4xx_HAL_Driver/Src/stm32f4xx_hal_rtc.c ****       if (count == 0U)
ARM GAS  C:\Users\40918\AppData\Local\Temp\cc17lxaj.s 			page 88


 2419              		.loc 1 1316 13 view .LVU878
 2420 015c 0193     		str	r3, [sp, #4]
1317:Drivers/STM32F4xx_HAL_Driver/Src/stm32f4xx_hal_rtc.c ****       {
 2421              		.loc 1 1317 7 is_stmt 1 view .LVU879
1317:Drivers/STM32F4xx_HAL_Driver/Src/stm32f4xx_hal_rtc.c ****       {
 2422              		.loc 1 1317 17 is_stmt 0 view .LVU880
 2423 015e 019B     		ldr	r3, [sp, #4]
1317:Drivers/STM32F4xx_HAL_Driver/Src/stm32f4xx_hal_rtc.c ****       {
 2424              		.loc 1 1317 10 view .LVU881
 2425 0160 93B1     		cbz	r3, .L145
1329:Drivers/STM32F4xx_HAL_Driver/Src/stm32f4xx_hal_rtc.c **** 
 2426              		.loc 1 1329 62 is_stmt 1 view .LVU882
1329:Drivers/STM32F4xx_HAL_Driver/Src/stm32f4xx_hal_rtc.c **** 
 2427              		.loc 1 1329 14 is_stmt 0 view .LVU883
 2428 0162 2368     		ldr	r3, [r4]
 2429 0164 D968     		ldr	r1, [r3, #12]
1329:Drivers/STM32F4xx_HAL_Driver/Src/stm32f4xx_hal_rtc.c **** 
 2430              		.loc 1 1329 62 view .LVU884
 2431 0166 11F0010F 		tst	r1, #1
 2432 016a F5D0     		beq	.L137
1332:Drivers/STM32F4xx_HAL_Driver/Src/stm32f4xx_hal_rtc.c ****     /* Configure Alarm A Subseconds register */
 2433              		.loc 1 1332 5 is_stmt 1 view .LVU885
1332:Drivers/STM32F4xx_HAL_Driver/Src/stm32f4xx_hal_rtc.c ****     /* Configure Alarm A Subseconds register */
 2434              		.loc 1 1332 28 is_stmt 0 view .LVU886
 2435 016c DA61     		str	r2, [r3, #28]
1334:Drivers/STM32F4xx_HAL_Driver/Src/stm32f4xx_hal_rtc.c ****     /* Enable Alarm A */
 2436              		.loc 1 1334 5 is_stmt 1 view .LVU887
1334:Drivers/STM32F4xx_HAL_Driver/Src/stm32f4xx_hal_rtc.c ****     /* Enable Alarm A */
 2437              		.loc 1 1334 9 is_stmt 0 view .LVU888
 2438 016e 2368     		ldr	r3, [r4]
1334:Drivers/STM32F4xx_HAL_Driver/Src/stm32f4xx_hal_rtc.c ****     /* Enable Alarm A */
 2439              		.loc 1 1334 30 view .LVU889
 2440 0170 5864     		str	r0, [r3, #68]
1336:Drivers/STM32F4xx_HAL_Driver/Src/stm32f4xx_hal_rtc.c ****     /* Enable Alarm A interrupt */
 2441              		.loc 1 1336 5 is_stmt 1 view .LVU890
 2442 0172 2268     		ldr	r2, [r4]
 2443              	.LVL150:
1336:Drivers/STM32F4xx_HAL_Driver/Src/stm32f4xx_hal_rtc.c ****     /* Enable Alarm A interrupt */
 2444              		.loc 1 1336 5 is_stmt 0 view .LVU891
 2445 0174 9368     		ldr	r3, [r2, #8]
 2446 0176 43F48073 		orr	r3, r3, #256
 2447 017a 9360     		str	r3, [r2, #8]
1338:Drivers/STM32F4xx_HAL_Driver/Src/stm32f4xx_hal_rtc.c ****   }
 2448              		.loc 1 1338 5 is_stmt 1 view .LVU892
 2449 017c 2268     		ldr	r2, [r4]
 2450 017e 9368     		ldr	r3, [r2, #8]
 2451 0180 43F48053 		orr	r3, r3, #4096
 2452 0184 9360     		str	r3, [r2, #8]
 2453 0186 B0E7     		b	.L138
 2454              	.LVL151:
 2455              	.L145:
1320:Drivers/STM32F4xx_HAL_Driver/Src/stm32f4xx_hal_rtc.c **** 
 2456              		.loc 1 1320 9 view .LVU893
1320:Drivers/STM32F4xx_HAL_Driver/Src/stm32f4xx_hal_rtc.c **** 
 2457              		.loc 1 1320 9 view .LVU894
 2458 0188 2368     		ldr	r3, [r4]
 2459 018a FF22     		movs	r2, #255
ARM GAS  C:\Users\40918\AppData\Local\Temp\cc17lxaj.s 			page 89


 2460              	.LVL152:
1320:Drivers/STM32F4xx_HAL_Driver/Src/stm32f4xx_hal_rtc.c **** 
 2461              		.loc 1 1320 9 is_stmt 0 view .LVU895
 2462 018c 5A62     		str	r2, [r3, #36]
1320:Drivers/STM32F4xx_HAL_Driver/Src/stm32f4xx_hal_rtc.c **** 
 2463              		.loc 1 1320 9 is_stmt 1 view .LVU896
1322:Drivers/STM32F4xx_HAL_Driver/Src/stm32f4xx_hal_rtc.c **** 
 2464              		.loc 1 1322 9 view .LVU897
1322:Drivers/STM32F4xx_HAL_Driver/Src/stm32f4xx_hal_rtc.c **** 
 2465              		.loc 1 1322 21 is_stmt 0 view .LVU898
 2466 018e 0320     		movs	r0, #3
 2467              	.LVL153:
1322:Drivers/STM32F4xx_HAL_Driver/Src/stm32f4xx_hal_rtc.c **** 
 2468              		.loc 1 1322 21 view .LVU899
 2469 0190 6077     		strb	r0, [r4, #29]
1325:Drivers/STM32F4xx_HAL_Driver/Src/stm32f4xx_hal_rtc.c **** 
 2470              		.loc 1 1325 9 is_stmt 1 view .LVU900
1325:Drivers/STM32F4xx_HAL_Driver/Src/stm32f4xx_hal_rtc.c **** 
 2471              		.loc 1 1325 9 view .LVU901
 2472 0192 0023     		movs	r3, #0
 2473 0194 2377     		strb	r3, [r4, #28]
1325:Drivers/STM32F4xx_HAL_Driver/Src/stm32f4xx_hal_rtc.c **** 
 2474              		.loc 1 1325 9 view .LVU902
1327:Drivers/STM32F4xx_HAL_Driver/Src/stm32f4xx_hal_rtc.c ****       }
 2475              		.loc 1 1327 9 view .LVU903
1327:Drivers/STM32F4xx_HAL_Driver/Src/stm32f4xx_hal_rtc.c ****       }
 2476              		.loc 1 1327 16 is_stmt 0 view .LVU904
 2477 0196 B8E7     		b	.L130
 2478              	.LVL154:
 2479              	.L144:
1358:Drivers/STM32F4xx_HAL_Driver/Src/stm32f4xx_hal_rtc.c **** 
 2480              		.loc 1 1358 9 is_stmt 1 view .LVU905
1358:Drivers/STM32F4xx_HAL_Driver/Src/stm32f4xx_hal_rtc.c **** 
 2481              		.loc 1 1358 9 view .LVU906
 2482 0198 2368     		ldr	r3, [r4]
 2483 019a FF22     		movs	r2, #255
 2484              	.LVL155:
1358:Drivers/STM32F4xx_HAL_Driver/Src/stm32f4xx_hal_rtc.c **** 
 2485              		.loc 1 1358 9 is_stmt 0 view .LVU907
 2486 019c 5A62     		str	r2, [r3, #36]
1358:Drivers/STM32F4xx_HAL_Driver/Src/stm32f4xx_hal_rtc.c **** 
 2487              		.loc 1 1358 9 is_stmt 1 view .LVU908
1360:Drivers/STM32F4xx_HAL_Driver/Src/stm32f4xx_hal_rtc.c **** 
 2488              		.loc 1 1360 9 view .LVU909
1360:Drivers/STM32F4xx_HAL_Driver/Src/stm32f4xx_hal_rtc.c **** 
 2489              		.loc 1 1360 21 is_stmt 0 view .LVU910
 2490 019e 0320     		movs	r0, #3
 2491              	.LVL156:
1360:Drivers/STM32F4xx_HAL_Driver/Src/stm32f4xx_hal_rtc.c **** 
 2492              		.loc 1 1360 21 view .LVU911
 2493 01a0 6077     		strb	r0, [r4, #29]
1363:Drivers/STM32F4xx_HAL_Driver/Src/stm32f4xx_hal_rtc.c **** 
 2494              		.loc 1 1363 9 is_stmt 1 view .LVU912
1363:Drivers/STM32F4xx_HAL_Driver/Src/stm32f4xx_hal_rtc.c **** 
 2495              		.loc 1 1363 9 view .LVU913
 2496 01a2 0023     		movs	r3, #0
 2497 01a4 2377     		strb	r3, [r4, #28]
ARM GAS  C:\Users\40918\AppData\Local\Temp\cc17lxaj.s 			page 90


1363:Drivers/STM32F4xx_HAL_Driver/Src/stm32f4xx_hal_rtc.c **** 
 2498              		.loc 1 1363 9 view .LVU914
1365:Drivers/STM32F4xx_HAL_Driver/Src/stm32f4xx_hal_rtc.c ****       }
 2499              		.loc 1 1365 9 view .LVU915
1365:Drivers/STM32F4xx_HAL_Driver/Src/stm32f4xx_hal_rtc.c ****       }
 2500              		.loc 1 1365 16 is_stmt 0 view .LVU916
 2501 01a6 B0E7     		b	.L130
 2502              	.LVL157:
 2503              	.L141:
1225:Drivers/STM32F4xx_HAL_Driver/Src/stm32f4xx_hal_rtc.c **** 
 2504              		.loc 1 1225 3 discriminator 1 view .LVU917
 2505 01a8 0220     		movs	r0, #2
 2506              	.LVL158:
1225:Drivers/STM32F4xx_HAL_Driver/Src/stm32f4xx_hal_rtc.c **** 
 2507              		.loc 1 1225 3 discriminator 1 view .LVU918
 2508 01aa AEE7     		b	.L130
 2509              	.L147:
 2510              		.align	2
 2511              	.L146:
 2512 01ac 00000000 		.word	SystemCoreClock
 2513 01b0 D34D6210 		.word	274877907
 2514 01b4 003C0140 		.word	1073822720
 2515              		.cfi_endproc
 2516              	.LFE248:
 2518              		.section	.text.RTC_Bcd2ToByte,"ax",%progbits
 2519              		.align	1
 2520              		.global	RTC_Bcd2ToByte
 2521              		.syntax unified
 2522              		.thumb
 2523              		.thumb_func
 2525              	RTC_Bcd2ToByte:
 2526              	.LVL159:
 2527              	.LFB264:
1896:Drivers/STM32F4xx_HAL_Driver/Src/stm32f4xx_hal_rtc.c **** 
1897:Drivers/STM32F4xx_HAL_Driver/Src/stm32f4xx_hal_rtc.c **** /**
1898:Drivers/STM32F4xx_HAL_Driver/Src/stm32f4xx_hal_rtc.c ****   * @brief  Converts a 2-digit number from BCD to decimal format.
1899:Drivers/STM32F4xx_HAL_Driver/Src/stm32f4xx_hal_rtc.c ****   * @param  number BCD-formatted number (from 00 to 99) to be converted
1900:Drivers/STM32F4xx_HAL_Driver/Src/stm32f4xx_hal_rtc.c ****   * @retval Converted word
1901:Drivers/STM32F4xx_HAL_Driver/Src/stm32f4xx_hal_rtc.c ****   */
1902:Drivers/STM32F4xx_HAL_Driver/Src/stm32f4xx_hal_rtc.c **** uint8_t RTC_Bcd2ToByte(uint8_t number)
1903:Drivers/STM32F4xx_HAL_Driver/Src/stm32f4xx_hal_rtc.c **** {
 2528              		.loc 1 1903 1 is_stmt 1 view -0
 2529              		.cfi_startproc
 2530              		@ args = 0, pretend = 0, frame = 0
 2531              		@ frame_needed = 0, uses_anonymous_args = 0
 2532              		@ link register save eliminated.
1904:Drivers/STM32F4xx_HAL_Driver/Src/stm32f4xx_hal_rtc.c ****   uint32_t tens = 0U;
 2533              		.loc 1 1904 3 view .LVU920
1905:Drivers/STM32F4xx_HAL_Driver/Src/stm32f4xx_hal_rtc.c ****   tens = (((uint32_t)number & 0xF0U) >> 4U) * 10U;
 2534              		.loc 1 1905 3 view .LVU921
 2535              		.loc 1 1905 38 is_stmt 0 view .LVU922
 2536 0000 0309     		lsrs	r3, r0, #4
 2537              		.loc 1 1905 8 view .LVU923
 2538 0002 03EB8303 		add	r3, r3, r3, lsl #2
 2539              	.LVL160:
1906:Drivers/STM32F4xx_HAL_Driver/Src/stm32f4xx_hal_rtc.c ****   return (uint8_t)(tens + ((uint32_t)number & 0x0FU));
 2540              		.loc 1 1906 3 is_stmt 1 view .LVU924
ARM GAS  C:\Users\40918\AppData\Local\Temp\cc17lxaj.s 			page 91


 2541              		.loc 1 1906 45 is_stmt 0 view .LVU925
 2542 0006 00F00F00 		and	r0, r0, #15
 2543              	.LVL161:
 2544              		.loc 1 1906 10 view .LVU926
 2545 000a 00EB4300 		add	r0, r0, r3, lsl #1
1907:Drivers/STM32F4xx_HAL_Driver/Src/stm32f4xx_hal_rtc.c **** }
 2546              		.loc 1 1907 1 view .LVU927
 2547 000e C0B2     		uxtb	r0, r0
 2548 0010 7047     		bx	lr
 2549              		.cfi_endproc
 2550              	.LFE264:
 2552              		.section	.text.HAL_RTC_GetTime,"ax",%progbits
 2553              		.align	1
 2554              		.global	HAL_RTC_GetTime
 2555              		.syntax unified
 2556              		.thumb
 2557              		.thumb_func
 2559              	HAL_RTC_GetTime:
 2560              	.LVL162:
 2561              	.LFB244:
 821:Drivers/STM32F4xx_HAL_Driver/Src/stm32f4xx_hal_rtc.c ****   uint32_t tmpreg = 0U;
 2562              		.loc 1 821 1 is_stmt 1 view -0
 2563              		.cfi_startproc
 2564              		@ args = 0, pretend = 0, frame = 0
 2565              		@ frame_needed = 0, uses_anonymous_args = 0
 821:Drivers/STM32F4xx_HAL_Driver/Src/stm32f4xx_hal_rtc.c ****   uint32_t tmpreg = 0U;
 2566              		.loc 1 821 1 is_stmt 0 view .LVU929
 2567 0000 70B5     		push	{r4, r5, r6, lr}
 2568              	.LCFI18:
 2569              		.cfi_def_cfa_offset 16
 2570              		.cfi_offset 4, -16
 2571              		.cfi_offset 5, -12
 2572              		.cfi_offset 6, -8
 2573              		.cfi_offset 14, -4
 822:Drivers/STM32F4xx_HAL_Driver/Src/stm32f4xx_hal_rtc.c **** 
 2574              		.loc 1 822 3 is_stmt 1 view .LVU930
 2575              	.LVL163:
 825:Drivers/STM32F4xx_HAL_Driver/Src/stm32f4xx_hal_rtc.c **** 
 2576              		.loc 1 825 3 view .LVU931
 828:Drivers/STM32F4xx_HAL_Driver/Src/stm32f4xx_hal_rtc.c **** 
 2577              		.loc 1 828 3 view .LVU932
 828:Drivers/STM32F4xx_HAL_Driver/Src/stm32f4xx_hal_rtc.c **** 
 2578              		.loc 1 828 38 is_stmt 0 view .LVU933
 2579 0002 0368     		ldr	r3, [r0]
 828:Drivers/STM32F4xx_HAL_Driver/Src/stm32f4xx_hal_rtc.c **** 
 2580              		.loc 1 828 48 view .LVU934
 2581 0004 9B6A     		ldr	r3, [r3, #40]
 828:Drivers/STM32F4xx_HAL_Driver/Src/stm32f4xx_hal_rtc.c **** 
 2582              		.loc 1 828 21 view .LVU935
 2583 0006 4B60     		str	r3, [r1, #4]
 831:Drivers/STM32F4xx_HAL_Driver/Src/stm32f4xx_hal_rtc.c **** 
 2584              		.loc 1 831 3 is_stmt 1 view .LVU936
 831:Drivers/STM32F4xx_HAL_Driver/Src/stm32f4xx_hal_rtc.c **** 
 2585              		.loc 1 831 42 is_stmt 0 view .LVU937
 2586 0008 0368     		ldr	r3, [r0]
 831:Drivers/STM32F4xx_HAL_Driver/Src/stm32f4xx_hal_rtc.c **** 
 2587              		.loc 1 831 52 view .LVU938
ARM GAS  C:\Users\40918\AppData\Local\Temp\cc17lxaj.s 			page 92


 2588 000a 1B69     		ldr	r3, [r3, #16]
 831:Drivers/STM32F4xx_HAL_Driver/Src/stm32f4xx_hal_rtc.c **** 
 2589              		.loc 1 831 27 view .LVU939
 2590 000c C3F30E03 		ubfx	r3, r3, #0, #15
 831:Drivers/STM32F4xx_HAL_Driver/Src/stm32f4xx_hal_rtc.c **** 
 2591              		.loc 1 831 25 view .LVU940
 2592 0010 8B60     		str	r3, [r1, #8]
 834:Drivers/STM32F4xx_HAL_Driver/Src/stm32f4xx_hal_rtc.c **** 
 2593              		.loc 1 834 3 is_stmt 1 view .LVU941
 834:Drivers/STM32F4xx_HAL_Driver/Src/stm32f4xx_hal_rtc.c **** 
 2594              		.loc 1 834 27 is_stmt 0 view .LVU942
 2595 0012 0368     		ldr	r3, [r0]
 834:Drivers/STM32F4xx_HAL_Driver/Src/stm32f4xx_hal_rtc.c **** 
 2596              		.loc 1 834 37 view .LVU943
 2597 0014 1B68     		ldr	r3, [r3]
 2598              	.LVL164:
 837:Drivers/STM32F4xx_HAL_Driver/Src/stm32f4xx_hal_rtc.c ****   sTime->Minutes    = (uint8_t)((tmpreg & (RTC_TR_MNT | RTC_TR_MNU)) >> RTC_TR_MNU_Pos);
 2599              		.loc 1 837 3 is_stmt 1 view .LVU944
 837:Drivers/STM32F4xx_HAL_Driver/Src/stm32f4xx_hal_rtc.c ****   sTime->Minutes    = (uint8_t)((tmpreg & (RTC_TR_MNT | RTC_TR_MNU)) >> RTC_TR_MNU_Pos);
 2600              		.loc 1 837 23 is_stmt 0 view .LVU945
 2601 0016 C3F30540 		ubfx	r0, r3, #16, #6
 2602              	.LVL165:
 837:Drivers/STM32F4xx_HAL_Driver/Src/stm32f4xx_hal_rtc.c ****   sTime->Minutes    = (uint8_t)((tmpreg & (RTC_TR_MNT | RTC_TR_MNU)) >> RTC_TR_MNU_Pos);
 2603              		.loc 1 837 21 view .LVU946
 2604 001a 0870     		strb	r0, [r1]
 838:Drivers/STM32F4xx_HAL_Driver/Src/stm32f4xx_hal_rtc.c ****   sTime->Seconds    = (uint8_t)( tmpreg & (RTC_TR_ST  | RTC_TR_SU));
 2605              		.loc 1 838 3 is_stmt 1 view .LVU947
 838:Drivers/STM32F4xx_HAL_Driver/Src/stm32f4xx_hal_rtc.c ****   sTime->Seconds    = (uint8_t)( tmpreg & (RTC_TR_ST  | RTC_TR_SU));
 2606              		.loc 1 838 23 is_stmt 0 view .LVU948
 2607 001c C3F30626 		ubfx	r6, r3, #8, #7
 838:Drivers/STM32F4xx_HAL_Driver/Src/stm32f4xx_hal_rtc.c ****   sTime->Seconds    = (uint8_t)( tmpreg & (RTC_TR_ST  | RTC_TR_SU));
 2608              		.loc 1 838 21 view .LVU949
 2609 0020 4E70     		strb	r6, [r1, #1]
 839:Drivers/STM32F4xx_HAL_Driver/Src/stm32f4xx_hal_rtc.c ****   sTime->TimeFormat = (uint8_t)((tmpreg & (RTC_TR_PM))               >> RTC_TR_PM_Pos);
 2610              		.loc 1 839 3 is_stmt 1 view .LVU950
 839:Drivers/STM32F4xx_HAL_Driver/Src/stm32f4xx_hal_rtc.c ****   sTime->TimeFormat = (uint8_t)((tmpreg & (RTC_TR_PM))               >> RTC_TR_PM_Pos);
 2611              		.loc 1 839 23 is_stmt 0 view .LVU951
 2612 0022 03F07F05 		and	r5, r3, #127
 839:Drivers/STM32F4xx_HAL_Driver/Src/stm32f4xx_hal_rtc.c ****   sTime->TimeFormat = (uint8_t)((tmpreg & (RTC_TR_PM))               >> RTC_TR_PM_Pos);
 2613              		.loc 1 839 21 view .LVU952
 2614 0026 8D70     		strb	r5, [r1, #2]
 840:Drivers/STM32F4xx_HAL_Driver/Src/stm32f4xx_hal_rtc.c **** 
 2615              		.loc 1 840 3 is_stmt 1 view .LVU953
 840:Drivers/STM32F4xx_HAL_Driver/Src/stm32f4xx_hal_rtc.c **** 
 2616              		.loc 1 840 23 is_stmt 0 view .LVU954
 2617 0028 C3F38053 		ubfx	r3, r3, #22, #1
 2618              	.LVL166:
 840:Drivers/STM32F4xx_HAL_Driver/Src/stm32f4xx_hal_rtc.c **** 
 2619              		.loc 1 840 21 view .LVU955
 2620 002c CB70     		strb	r3, [r1, #3]
 843:Drivers/STM32F4xx_HAL_Driver/Src/stm32f4xx_hal_rtc.c ****   {
 2621              		.loc 1 843 3 is_stmt 1 view .LVU956
 843:Drivers/STM32F4xx_HAL_Driver/Src/stm32f4xx_hal_rtc.c ****   {
 2622              		.loc 1 843 6 is_stmt 0 view .LVU957
 2623 002e 5AB9     		cbnz	r2, .L150
 2624 0030 0C46     		mov	r4, r1
 846:Drivers/STM32F4xx_HAL_Driver/Src/stm32f4xx_hal_rtc.c ****     sTime->Minutes = (uint8_t)RTC_Bcd2ToByte(sTime->Minutes);
ARM GAS  C:\Users\40918\AppData\Local\Temp\cc17lxaj.s 			page 93


 2625              		.loc 1 846 5 is_stmt 1 view .LVU958
 846:Drivers/STM32F4xx_HAL_Driver/Src/stm32f4xx_hal_rtc.c ****     sTime->Minutes = (uint8_t)RTC_Bcd2ToByte(sTime->Minutes);
 2626              		.loc 1 846 29 is_stmt 0 view .LVU959
 2627 0032 FFF7FEFF 		bl	RTC_Bcd2ToByte
 2628              	.LVL167:
 846:Drivers/STM32F4xx_HAL_Driver/Src/stm32f4xx_hal_rtc.c ****     sTime->Minutes = (uint8_t)RTC_Bcd2ToByte(sTime->Minutes);
 2629              		.loc 1 846 18 discriminator 1 view .LVU960
 2630 0036 2070     		strb	r0, [r4]
 847:Drivers/STM32F4xx_HAL_Driver/Src/stm32f4xx_hal_rtc.c ****     sTime->Seconds = (uint8_t)RTC_Bcd2ToByte(sTime->Seconds);
 2631              		.loc 1 847 5 is_stmt 1 view .LVU961
 847:Drivers/STM32F4xx_HAL_Driver/Src/stm32f4xx_hal_rtc.c ****     sTime->Seconds = (uint8_t)RTC_Bcd2ToByte(sTime->Seconds);
 2632              		.loc 1 847 31 is_stmt 0 view .LVU962
 2633 0038 3046     		mov	r0, r6
 2634 003a FFF7FEFF 		bl	RTC_Bcd2ToByte
 2635              	.LVL168:
 847:Drivers/STM32F4xx_HAL_Driver/Src/stm32f4xx_hal_rtc.c ****     sTime->Seconds = (uint8_t)RTC_Bcd2ToByte(sTime->Seconds);
 2636              		.loc 1 847 20 discriminator 1 view .LVU963
 2637 003e 6070     		strb	r0, [r4, #1]
 848:Drivers/STM32F4xx_HAL_Driver/Src/stm32f4xx_hal_rtc.c ****   }
 2638              		.loc 1 848 5 is_stmt 1 view .LVU964
 848:Drivers/STM32F4xx_HAL_Driver/Src/stm32f4xx_hal_rtc.c ****   }
 2639              		.loc 1 848 31 is_stmt 0 view .LVU965
 2640 0040 2846     		mov	r0, r5
 2641 0042 FFF7FEFF 		bl	RTC_Bcd2ToByte
 2642              	.LVL169:
 848:Drivers/STM32F4xx_HAL_Driver/Src/stm32f4xx_hal_rtc.c ****   }
 2643              		.loc 1 848 20 discriminator 1 view .LVU966
 2644 0046 A070     		strb	r0, [r4, #2]
 2645              	.LVL170:
 2646              	.L150:
 851:Drivers/STM32F4xx_HAL_Driver/Src/stm32f4xx_hal_rtc.c **** }
 2647              		.loc 1 851 3 is_stmt 1 view .LVU967
 852:Drivers/STM32F4xx_HAL_Driver/Src/stm32f4xx_hal_rtc.c **** 
 2648              		.loc 1 852 1 is_stmt 0 view .LVU968
 2649 0048 0020     		movs	r0, #0
 2650 004a 70BD     		pop	{r4, r5, r6, pc}
 2651              		.cfi_endproc
 2652              	.LFE244:
 2654              		.section	.text.HAL_RTC_GetDate,"ax",%progbits
 2655              		.align	1
 2656              		.global	HAL_RTC_GetDate
 2657              		.syntax unified
 2658              		.thumb
 2659              		.thumb_func
 2661              	HAL_RTC_GetDate:
 2662              	.LVL171:
 2663              	.LFB246:
 955:Drivers/STM32F4xx_HAL_Driver/Src/stm32f4xx_hal_rtc.c ****   uint32_t datetmpreg = 0U;
 2664              		.loc 1 955 1 is_stmt 1 view -0
 2665              		.cfi_startproc
 2666              		@ args = 0, pretend = 0, frame = 0
 2667              		@ frame_needed = 0, uses_anonymous_args = 0
 955:Drivers/STM32F4xx_HAL_Driver/Src/stm32f4xx_hal_rtc.c ****   uint32_t datetmpreg = 0U;
 2668              		.loc 1 955 1 is_stmt 0 view .LVU970
 2669 0000 70B5     		push	{r4, r5, r6, lr}
 2670              	.LCFI19:
 2671              		.cfi_def_cfa_offset 16
ARM GAS  C:\Users\40918\AppData\Local\Temp\cc17lxaj.s 			page 94


 2672              		.cfi_offset 4, -16
 2673              		.cfi_offset 5, -12
 2674              		.cfi_offset 6, -8
 2675              		.cfi_offset 14, -4
 956:Drivers/STM32F4xx_HAL_Driver/Src/stm32f4xx_hal_rtc.c **** 
 2676              		.loc 1 956 3 is_stmt 1 view .LVU971
 2677              	.LVL172:
 959:Drivers/STM32F4xx_HAL_Driver/Src/stm32f4xx_hal_rtc.c **** 
 2678              		.loc 1 959 3 view .LVU972
 962:Drivers/STM32F4xx_HAL_Driver/Src/stm32f4xx_hal_rtc.c **** 
 2679              		.loc 1 962 3 view .LVU973
 962:Drivers/STM32F4xx_HAL_Driver/Src/stm32f4xx_hal_rtc.c **** 
 2680              		.loc 1 962 31 is_stmt 0 view .LVU974
 2681 0002 0368     		ldr	r3, [r0]
 962:Drivers/STM32F4xx_HAL_Driver/Src/stm32f4xx_hal_rtc.c **** 
 2682              		.loc 1 962 41 view .LVU975
 2683 0004 5B68     		ldr	r3, [r3, #4]
 2684              	.LVL173:
 965:Drivers/STM32F4xx_HAL_Driver/Src/stm32f4xx_hal_rtc.c ****   sDate->Month   = (uint8_t)((datetmpreg & (RTC_DR_MT | RTC_DR_MU)) >> RTC_DR_MU_Pos);
 2685              		.loc 1 965 3 is_stmt 1 view .LVU976
 965:Drivers/STM32F4xx_HAL_Driver/Src/stm32f4xx_hal_rtc.c ****   sDate->Month   = (uint8_t)((datetmpreg & (RTC_DR_MT | RTC_DR_MU)) >> RTC_DR_MU_Pos);
 2686              		.loc 1 965 20 is_stmt 0 view .LVU977
 2687 0006 C3F30740 		ubfx	r0, r3, #16, #8
 2688              	.LVL174:
 965:Drivers/STM32F4xx_HAL_Driver/Src/stm32f4xx_hal_rtc.c ****   sDate->Month   = (uint8_t)((datetmpreg & (RTC_DR_MT | RTC_DR_MU)) >> RTC_DR_MU_Pos);
 2689              		.loc 1 965 18 view .LVU978
 2690 000a C870     		strb	r0, [r1, #3]
 966:Drivers/STM32F4xx_HAL_Driver/Src/stm32f4xx_hal_rtc.c ****   sDate->Date    = (uint8_t) (datetmpreg & (RTC_DR_DT | RTC_DR_DU));
 2691              		.loc 1 966 3 is_stmt 1 view .LVU979
 966:Drivers/STM32F4xx_HAL_Driver/Src/stm32f4xx_hal_rtc.c ****   sDate->Date    = (uint8_t) (datetmpreg & (RTC_DR_DT | RTC_DR_DU));
 2692              		.loc 1 966 20 is_stmt 0 view .LVU980
 2693 000c C3F30426 		ubfx	r6, r3, #8, #5
 966:Drivers/STM32F4xx_HAL_Driver/Src/stm32f4xx_hal_rtc.c ****   sDate->Date    = (uint8_t) (datetmpreg & (RTC_DR_DT | RTC_DR_DU));
 2694              		.loc 1 966 18 view .LVU981
 2695 0010 4E70     		strb	r6, [r1, #1]
 967:Drivers/STM32F4xx_HAL_Driver/Src/stm32f4xx_hal_rtc.c ****   sDate->WeekDay = (uint8_t)((datetmpreg & (RTC_DR_WDU))            >> RTC_DR_WDU_Pos);
 2696              		.loc 1 967 3 is_stmt 1 view .LVU982
 967:Drivers/STM32F4xx_HAL_Driver/Src/stm32f4xx_hal_rtc.c ****   sDate->WeekDay = (uint8_t)((datetmpreg & (RTC_DR_WDU))            >> RTC_DR_WDU_Pos);
 2697              		.loc 1 967 20 is_stmt 0 view .LVU983
 2698 0012 03F03F05 		and	r5, r3, #63
 967:Drivers/STM32F4xx_HAL_Driver/Src/stm32f4xx_hal_rtc.c ****   sDate->WeekDay = (uint8_t)((datetmpreg & (RTC_DR_WDU))            >> RTC_DR_WDU_Pos);
 2699              		.loc 1 967 18 view .LVU984
 2700 0016 8D70     		strb	r5, [r1, #2]
 968:Drivers/STM32F4xx_HAL_Driver/Src/stm32f4xx_hal_rtc.c **** 
 2701              		.loc 1 968 3 is_stmt 1 view .LVU985
 968:Drivers/STM32F4xx_HAL_Driver/Src/stm32f4xx_hal_rtc.c **** 
 2702              		.loc 1 968 20 is_stmt 0 view .LVU986
 2703 0018 C3F34233 		ubfx	r3, r3, #13, #3
 2704              	.LVL175:
 968:Drivers/STM32F4xx_HAL_Driver/Src/stm32f4xx_hal_rtc.c **** 
 2705              		.loc 1 968 18 view .LVU987
 2706 001c 0B70     		strb	r3, [r1]
 971:Drivers/STM32F4xx_HAL_Driver/Src/stm32f4xx_hal_rtc.c ****   {
 2707              		.loc 1 971 3 is_stmt 1 view .LVU988
 971:Drivers/STM32F4xx_HAL_Driver/Src/stm32f4xx_hal_rtc.c ****   {
 2708              		.loc 1 971 6 is_stmt 0 view .LVU989
 2709 001e 5AB9     		cbnz	r2, .L153
ARM GAS  C:\Users\40918\AppData\Local\Temp\cc17lxaj.s 			page 95


 2710 0020 0C46     		mov	r4, r1
 974:Drivers/STM32F4xx_HAL_Driver/Src/stm32f4xx_hal_rtc.c ****     sDate->Month = (uint8_t)RTC_Bcd2ToByte(sDate->Month);
 2711              		.loc 1 974 5 is_stmt 1 view .LVU990
 974:Drivers/STM32F4xx_HAL_Driver/Src/stm32f4xx_hal_rtc.c ****     sDate->Month = (uint8_t)RTC_Bcd2ToByte(sDate->Month);
 2712              		.loc 1 974 29 is_stmt 0 view .LVU991
 2713 0022 FFF7FEFF 		bl	RTC_Bcd2ToByte
 2714              	.LVL176:
 974:Drivers/STM32F4xx_HAL_Driver/Src/stm32f4xx_hal_rtc.c ****     sDate->Month = (uint8_t)RTC_Bcd2ToByte(sDate->Month);
 2715              		.loc 1 974 18 discriminator 1 view .LVU992
 2716 0026 E070     		strb	r0, [r4, #3]
 975:Drivers/STM32F4xx_HAL_Driver/Src/stm32f4xx_hal_rtc.c ****     sDate->Date  = (uint8_t)RTC_Bcd2ToByte(sDate->Date);
 2717              		.loc 1 975 5 is_stmt 1 view .LVU993
 975:Drivers/STM32F4xx_HAL_Driver/Src/stm32f4xx_hal_rtc.c ****     sDate->Date  = (uint8_t)RTC_Bcd2ToByte(sDate->Date);
 2718              		.loc 1 975 29 is_stmt 0 view .LVU994
 2719 0028 3046     		mov	r0, r6
 2720 002a FFF7FEFF 		bl	RTC_Bcd2ToByte
 2721              	.LVL177:
 975:Drivers/STM32F4xx_HAL_Driver/Src/stm32f4xx_hal_rtc.c ****     sDate->Date  = (uint8_t)RTC_Bcd2ToByte(sDate->Date);
 2722              		.loc 1 975 18 discriminator 1 view .LVU995
 2723 002e 6070     		strb	r0, [r4, #1]
 976:Drivers/STM32F4xx_HAL_Driver/Src/stm32f4xx_hal_rtc.c ****   }
 2724              		.loc 1 976 5 is_stmt 1 view .LVU996
 976:Drivers/STM32F4xx_HAL_Driver/Src/stm32f4xx_hal_rtc.c ****   }
 2725              		.loc 1 976 29 is_stmt 0 view .LVU997
 2726 0030 2846     		mov	r0, r5
 2727 0032 FFF7FEFF 		bl	RTC_Bcd2ToByte
 2728              	.LVL178:
 976:Drivers/STM32F4xx_HAL_Driver/Src/stm32f4xx_hal_rtc.c ****   }
 2729              		.loc 1 976 18 discriminator 1 view .LVU998
 2730 0036 A070     		strb	r0, [r4, #2]
 2731              	.LVL179:
 2732              	.L153:
 978:Drivers/STM32F4xx_HAL_Driver/Src/stm32f4xx_hal_rtc.c **** }
 2733              		.loc 1 978 3 is_stmt 1 view .LVU999
 979:Drivers/STM32F4xx_HAL_Driver/Src/stm32f4xx_hal_rtc.c **** 
 2734              		.loc 1 979 1 is_stmt 0 view .LVU1000
 2735 0038 0020     		movs	r0, #0
 2736 003a 70BD     		pop	{r4, r5, r6, pc}
 2737              		.cfi_endproc
 2738              	.LFE246:
 2740              		.section	.text.HAL_RTC_GetAlarm,"ax",%progbits
 2741              		.align	1
 2742              		.global	HAL_RTC_GetAlarm
 2743              		.syntax unified
 2744              		.thumb
 2745              		.thumb_func
 2747              	HAL_RTC_GetAlarm:
 2748              	.LVL180:
 2749              	.LFB250:
1504:Drivers/STM32F4xx_HAL_Driver/Src/stm32f4xx_hal_rtc.c ****   uint32_t tmpreg = 0U;
 2750              		.loc 1 1504 1 is_stmt 1 view -0
 2751              		.cfi_startproc
 2752              		@ args = 0, pretend = 0, frame = 0
 2753              		@ frame_needed = 0, uses_anonymous_args = 0
1504:Drivers/STM32F4xx_HAL_Driver/Src/stm32f4xx_hal_rtc.c ****   uint32_t tmpreg = 0U;
 2754              		.loc 1 1504 1 is_stmt 0 view .LVU1002
 2755 0000 F8B5     		push	{r3, r4, r5, r6, r7, lr}
ARM GAS  C:\Users\40918\AppData\Local\Temp\cc17lxaj.s 			page 96


 2756              	.LCFI20:
 2757              		.cfi_def_cfa_offset 24
 2758              		.cfi_offset 3, -24
 2759              		.cfi_offset 4, -20
 2760              		.cfi_offset 5, -16
 2761              		.cfi_offset 6, -12
 2762              		.cfi_offset 7, -8
 2763              		.cfi_offset 14, -4
 2764 0002 0C46     		mov	r4, r1
1505:Drivers/STM32F4xx_HAL_Driver/Src/stm32f4xx_hal_rtc.c ****   uint32_t subsecondtmpreg = 0U;
 2765              		.loc 1 1505 3 is_stmt 1 view .LVU1003
 2766              	.LVL181:
1506:Drivers/STM32F4xx_HAL_Driver/Src/stm32f4xx_hal_rtc.c **** 
 2767              		.loc 1 1506 3 view .LVU1004
1509:Drivers/STM32F4xx_HAL_Driver/Src/stm32f4xx_hal_rtc.c ****   assert_param(IS_RTC_ALARM(Alarm));
 2768              		.loc 1 1509 3 view .LVU1005
1510:Drivers/STM32F4xx_HAL_Driver/Src/stm32f4xx_hal_rtc.c **** 
 2769              		.loc 1 1510 3 view .LVU1006
1512:Drivers/STM32F4xx_HAL_Driver/Src/stm32f4xx_hal_rtc.c ****   {
 2770              		.loc 1 1512 3 view .LVU1007
1512:Drivers/STM32F4xx_HAL_Driver/Src/stm32f4xx_hal_rtc.c ****   {
 2771              		.loc 1 1512 6 is_stmt 0 view .LVU1008
 2772 0004 B2F5807F 		cmp	r2, #256
 2773 0008 31D0     		beq	.L160
1521:Drivers/STM32F4xx_HAL_Driver/Src/stm32f4xx_hal_rtc.c **** 
 2774              		.loc 1 1521 5 is_stmt 1 view .LVU1009
1521:Drivers/STM32F4xx_HAL_Driver/Src/stm32f4xx_hal_rtc.c **** 
 2775              		.loc 1 1521 19 is_stmt 0 view .LVU1010
 2776 000a 4FF40072 		mov	r2, #512
 2777              	.LVL182:
1521:Drivers/STM32F4xx_HAL_Driver/Src/stm32f4xx_hal_rtc.c **** 
 2778              		.loc 1 1521 19 view .LVU1011
 2779 000e 4A62     		str	r2, [r1, #36]
1523:Drivers/STM32F4xx_HAL_Driver/Src/stm32f4xx_hal_rtc.c ****     subsecondtmpreg = (uint32_t)((hrtc->Instance->ALRMBSSR) & RTC_ALRMBSSR_SS);
 2780              		.loc 1 1523 5 is_stmt 1 view .LVU1012
1523:Drivers/STM32F4xx_HAL_Driver/Src/stm32f4xx_hal_rtc.c ****     subsecondtmpreg = (uint32_t)((hrtc->Instance->ALRMBSSR) & RTC_ALRMBSSR_SS);
 2781              		.loc 1 1523 29 is_stmt 0 view .LVU1013
 2782 0010 0168     		ldr	r1, [r0]
 2783              	.LVL183:
1523:Drivers/STM32F4xx_HAL_Driver/Src/stm32f4xx_hal_rtc.c ****     subsecondtmpreg = (uint32_t)((hrtc->Instance->ALRMBSSR) & RTC_ALRMBSSR_SS);
 2784              		.loc 1 1523 12 view .LVU1014
 2785 0012 0A6A     		ldr	r2, [r1, #32]
 2786              	.LVL184:
1524:Drivers/STM32F4xx_HAL_Driver/Src/stm32f4xx_hal_rtc.c ****   }
 2787              		.loc 1 1524 5 is_stmt 1 view .LVU1015
1524:Drivers/STM32F4xx_HAL_Driver/Src/stm32f4xx_hal_rtc.c ****   }
 2788              		.loc 1 1524 49 is_stmt 0 view .LVU1016
 2789 0014 896C     		ldr	r1, [r1, #72]
1524:Drivers/STM32F4xx_HAL_Driver/Src/stm32f4xx_hal_rtc.c ****   }
 2790              		.loc 1 1524 21 view .LVU1017
 2791 0016 C1F30E01 		ubfx	r1, r1, #0, #15
 2792              	.LVL185:
 2793              	.L157:
1528:Drivers/STM32F4xx_HAL_Driver/Src/stm32f4xx_hal_rtc.c ****   sAlarm->AlarmTime.Minutes    = (uint8_t) ((tmpreg & (RTC_ALRMAR_MNT | RTC_ALRMAR_MNU)) >> RTC_ALR
 2794              		.loc 1 1528 3 is_stmt 1 view .LVU1018
1528:Drivers/STM32F4xx_HAL_Driver/Src/stm32f4xx_hal_rtc.c ****   sAlarm->AlarmTime.Minutes    = (uint8_t) ((tmpreg & (RTC_ALRMAR_MNT | RTC_ALRMAR_MNU)) >> RTC_ALR
 2795              		.loc 1 1528 34 is_stmt 0 view .LVU1019
ARM GAS  C:\Users\40918\AppData\Local\Temp\cc17lxaj.s 			page 97


 2796 001a C2F30540 		ubfx	r0, r2, #16, #6
 2797              	.LVL186:
1528:Drivers/STM32F4xx_HAL_Driver/Src/stm32f4xx_hal_rtc.c ****   sAlarm->AlarmTime.Minutes    = (uint8_t) ((tmpreg & (RTC_ALRMAR_MNT | RTC_ALRMAR_MNU)) >> RTC_ALR
 2798              		.loc 1 1528 32 view .LVU1020
 2799 001e 2070     		strb	r0, [r4]
1529:Drivers/STM32F4xx_HAL_Driver/Src/stm32f4xx_hal_rtc.c ****   sAlarm->AlarmTime.Seconds    = (uint8_t) ( tmpreg & (RTC_ALRMAR_ST  | RTC_ALRMAR_SU));
 2800              		.loc 1 1529 3 is_stmt 1 view .LVU1021
1529:Drivers/STM32F4xx_HAL_Driver/Src/stm32f4xx_hal_rtc.c ****   sAlarm->AlarmTime.Seconds    = (uint8_t) ( tmpreg & (RTC_ALRMAR_ST  | RTC_ALRMAR_SU));
 2801              		.loc 1 1529 34 is_stmt 0 view .LVU1022
 2802 0020 C2F30627 		ubfx	r7, r2, #8, #7
1529:Drivers/STM32F4xx_HAL_Driver/Src/stm32f4xx_hal_rtc.c ****   sAlarm->AlarmTime.Seconds    = (uint8_t) ( tmpreg & (RTC_ALRMAR_ST  | RTC_ALRMAR_SU));
 2803              		.loc 1 1529 32 view .LVU1023
 2804 0024 6770     		strb	r7, [r4, #1]
1530:Drivers/STM32F4xx_HAL_Driver/Src/stm32f4xx_hal_rtc.c ****   sAlarm->AlarmTime.TimeFormat = (uint8_t) ((tmpreg & RTC_ALRMAR_PM)                     >> RTC_TR_
 2805              		.loc 1 1530 3 is_stmt 1 view .LVU1024
1530:Drivers/STM32F4xx_HAL_Driver/Src/stm32f4xx_hal_rtc.c ****   sAlarm->AlarmTime.TimeFormat = (uint8_t) ((tmpreg & RTC_ALRMAR_PM)                     >> RTC_TR_
 2806              		.loc 1 1530 34 is_stmt 0 view .LVU1025
 2807 0026 02F07F06 		and	r6, r2, #127
1530:Drivers/STM32F4xx_HAL_Driver/Src/stm32f4xx_hal_rtc.c ****   sAlarm->AlarmTime.TimeFormat = (uint8_t) ((tmpreg & RTC_ALRMAR_PM)                     >> RTC_TR_
 2808              		.loc 1 1530 32 view .LVU1026
 2809 002a A670     		strb	r6, [r4, #2]
1531:Drivers/STM32F4xx_HAL_Driver/Src/stm32f4xx_hal_rtc.c ****   sAlarm->AlarmTime.SubSeconds = (uint32_t) subsecondtmpreg;
 2810              		.loc 1 1531 3 is_stmt 1 view .LVU1027
1531:Drivers/STM32F4xx_HAL_Driver/Src/stm32f4xx_hal_rtc.c ****   sAlarm->AlarmTime.SubSeconds = (uint32_t) subsecondtmpreg;
 2811              		.loc 1 1531 34 is_stmt 0 view .LVU1028
 2812 002c C2F38055 		ubfx	r5, r2, #22, #1
1531:Drivers/STM32F4xx_HAL_Driver/Src/stm32f4xx_hal_rtc.c ****   sAlarm->AlarmTime.SubSeconds = (uint32_t) subsecondtmpreg;
 2813              		.loc 1 1531 32 view .LVU1029
 2814 0030 E570     		strb	r5, [r4, #3]
1532:Drivers/STM32F4xx_HAL_Driver/Src/stm32f4xx_hal_rtc.c ****   sAlarm->AlarmDateWeekDay     = (uint8_t) ((tmpreg & (RTC_ALRMAR_DT  | RTC_ALRMAR_DU))  >> RTC_ALR
 2815              		.loc 1 1532 3 is_stmt 1 view .LVU1030
1532:Drivers/STM32F4xx_HAL_Driver/Src/stm32f4xx_hal_rtc.c ****   sAlarm->AlarmDateWeekDay     = (uint8_t) ((tmpreg & (RTC_ALRMAR_DT  | RTC_ALRMAR_DU))  >> RTC_ALR
 2816              		.loc 1 1532 32 is_stmt 0 view .LVU1031
 2817 0032 6160     		str	r1, [r4, #4]
1533:Drivers/STM32F4xx_HAL_Driver/Src/stm32f4xx_hal_rtc.c ****   sAlarm->AlarmDateWeekDaySel  = (uint32_t) (tmpreg & RTC_ALRMAR_WDSEL);
 2818              		.loc 1 1533 3 is_stmt 1 view .LVU1032
1533:Drivers/STM32F4xx_HAL_Driver/Src/stm32f4xx_hal_rtc.c ****   sAlarm->AlarmDateWeekDaySel  = (uint32_t) (tmpreg & RTC_ALRMAR_WDSEL);
 2819              		.loc 1 1533 34 is_stmt 0 view .LVU1033
 2820 0034 C2F30565 		ubfx	r5, r2, #24, #6
1533:Drivers/STM32F4xx_HAL_Driver/Src/stm32f4xx_hal_rtc.c ****   sAlarm->AlarmDateWeekDaySel  = (uint32_t) (tmpreg & RTC_ALRMAR_WDSEL);
 2821              		.loc 1 1533 32 view .LVU1034
 2822 0038 84F82050 		strb	r5, [r4, #32]
1534:Drivers/STM32F4xx_HAL_Driver/Src/stm32f4xx_hal_rtc.c ****   sAlarm->AlarmMask            = (uint32_t) (tmpreg & RTC_ALARMMASK_ALL);
 2823              		.loc 1 1534 3 is_stmt 1 view .LVU1035
1534:Drivers/STM32F4xx_HAL_Driver/Src/stm32f4xx_hal_rtc.c ****   sAlarm->AlarmMask            = (uint32_t) (tmpreg & RTC_ALARMMASK_ALL);
 2824              		.loc 1 1534 34 is_stmt 0 view .LVU1036
 2825 003c 02F08041 		and	r1, r2, #1073741824
 2826              	.LVL187:
1534:Drivers/STM32F4xx_HAL_Driver/Src/stm32f4xx_hal_rtc.c ****   sAlarm->AlarmMask            = (uint32_t) (tmpreg & RTC_ALARMMASK_ALL);
 2827              		.loc 1 1534 32 view .LVU1037
 2828 0040 E161     		str	r1, [r4, #28]
1535:Drivers/STM32F4xx_HAL_Driver/Src/stm32f4xx_hal_rtc.c **** 
 2829              		.loc 1 1535 3 is_stmt 1 view .LVU1038
1535:Drivers/STM32F4xx_HAL_Driver/Src/stm32f4xx_hal_rtc.c **** 
 2830              		.loc 1 1535 34 is_stmt 0 view .LVU1039
 2831 0042 02F08032 		and	r2, r2, #-2139062144
 2832              	.LVL188:
ARM GAS  C:\Users\40918\AppData\Local\Temp\cc17lxaj.s 			page 98


1535:Drivers/STM32F4xx_HAL_Driver/Src/stm32f4xx_hal_rtc.c **** 
 2833              		.loc 1 1535 32 view .LVU1040
 2834 0046 6261     		str	r2, [r4, #20]
1537:Drivers/STM32F4xx_HAL_Driver/Src/stm32f4xx_hal_rtc.c ****   {
 2835              		.loc 1 1537 3 is_stmt 1 view .LVU1041
1537:Drivers/STM32F4xx_HAL_Driver/Src/stm32f4xx_hal_rtc.c ****   {
 2836              		.loc 1 1537 6 is_stmt 0 view .LVU1042
 2837 0048 7BB9     		cbnz	r3, .L158
1539:Drivers/STM32F4xx_HAL_Driver/Src/stm32f4xx_hal_rtc.c ****     sAlarm->AlarmTime.Minutes = RTC_Bcd2ToByte(sAlarm->AlarmTime.Minutes);
 2838              		.loc 1 1539 5 is_stmt 1 view .LVU1043
1539:Drivers/STM32F4xx_HAL_Driver/Src/stm32f4xx_hal_rtc.c ****     sAlarm->AlarmTime.Minutes = RTC_Bcd2ToByte(sAlarm->AlarmTime.Minutes);
 2839              		.loc 1 1539 33 is_stmt 0 view .LVU1044
 2840 004a FFF7FEFF 		bl	RTC_Bcd2ToByte
 2841              	.LVL189:
1539:Drivers/STM32F4xx_HAL_Driver/Src/stm32f4xx_hal_rtc.c ****     sAlarm->AlarmTime.Minutes = RTC_Bcd2ToByte(sAlarm->AlarmTime.Minutes);
 2842              		.loc 1 1539 31 discriminator 1 view .LVU1045
 2843 004e 2070     		strb	r0, [r4]
1540:Drivers/STM32F4xx_HAL_Driver/Src/stm32f4xx_hal_rtc.c ****     sAlarm->AlarmTime.Seconds = RTC_Bcd2ToByte(sAlarm->AlarmTime.Seconds);
 2844              		.loc 1 1540 5 is_stmt 1 view .LVU1046
1540:Drivers/STM32F4xx_HAL_Driver/Src/stm32f4xx_hal_rtc.c ****     sAlarm->AlarmTime.Seconds = RTC_Bcd2ToByte(sAlarm->AlarmTime.Seconds);
 2845              		.loc 1 1540 33 is_stmt 0 view .LVU1047
 2846 0050 3846     		mov	r0, r7
 2847 0052 FFF7FEFF 		bl	RTC_Bcd2ToByte
 2848              	.LVL190:
1540:Drivers/STM32F4xx_HAL_Driver/Src/stm32f4xx_hal_rtc.c ****     sAlarm->AlarmTime.Seconds = RTC_Bcd2ToByte(sAlarm->AlarmTime.Seconds);
 2849              		.loc 1 1540 31 discriminator 1 view .LVU1048
 2850 0056 6070     		strb	r0, [r4, #1]
1541:Drivers/STM32F4xx_HAL_Driver/Src/stm32f4xx_hal_rtc.c ****     sAlarm->AlarmDateWeekDay  = RTC_Bcd2ToByte(sAlarm->AlarmDateWeekDay);
 2851              		.loc 1 1541 5 is_stmt 1 view .LVU1049
1541:Drivers/STM32F4xx_HAL_Driver/Src/stm32f4xx_hal_rtc.c ****     sAlarm->AlarmDateWeekDay  = RTC_Bcd2ToByte(sAlarm->AlarmDateWeekDay);
 2852              		.loc 1 1541 33 is_stmt 0 view .LVU1050
 2853 0058 3046     		mov	r0, r6
 2854 005a FFF7FEFF 		bl	RTC_Bcd2ToByte
 2855              	.LVL191:
1541:Drivers/STM32F4xx_HAL_Driver/Src/stm32f4xx_hal_rtc.c ****     sAlarm->AlarmDateWeekDay  = RTC_Bcd2ToByte(sAlarm->AlarmDateWeekDay);
 2856              		.loc 1 1541 31 discriminator 1 view .LVU1051
 2857 005e A070     		strb	r0, [r4, #2]
1542:Drivers/STM32F4xx_HAL_Driver/Src/stm32f4xx_hal_rtc.c ****   }
 2858              		.loc 1 1542 5 is_stmt 1 view .LVU1052
1542:Drivers/STM32F4xx_HAL_Driver/Src/stm32f4xx_hal_rtc.c ****   }
 2859              		.loc 1 1542 33 is_stmt 0 view .LVU1053
 2860 0060 2846     		mov	r0, r5
 2861 0062 FFF7FEFF 		bl	RTC_Bcd2ToByte
 2862              	.LVL192:
1542:Drivers/STM32F4xx_HAL_Driver/Src/stm32f4xx_hal_rtc.c ****   }
 2863              		.loc 1 1542 31 discriminator 1 view .LVU1054
 2864 0066 84F82000 		strb	r0, [r4, #32]
 2865              	.L158:
1545:Drivers/STM32F4xx_HAL_Driver/Src/stm32f4xx_hal_rtc.c **** }
 2866              		.loc 1 1545 3 is_stmt 1 view .LVU1055
1546:Drivers/STM32F4xx_HAL_Driver/Src/stm32f4xx_hal_rtc.c **** 
 2867              		.loc 1 1546 1 is_stmt 0 view .LVU1056
 2868 006a 0020     		movs	r0, #0
 2869 006c F8BD     		pop	{r3, r4, r5, r6, r7, pc}
 2870              	.LVL193:
 2871              	.L160:
1514:Drivers/STM32F4xx_HAL_Driver/Src/stm32f4xx_hal_rtc.c **** 
ARM GAS  C:\Users\40918\AppData\Local\Temp\cc17lxaj.s 			page 99


 2872              		.loc 1 1514 5 is_stmt 1 view .LVU1057
1514:Drivers/STM32F4xx_HAL_Driver/Src/stm32f4xx_hal_rtc.c **** 
 2873              		.loc 1 1514 19 is_stmt 0 view .LVU1058
 2874 006e 4A62     		str	r2, [r1, #36]
1516:Drivers/STM32F4xx_HAL_Driver/Src/stm32f4xx_hal_rtc.c ****     subsecondtmpreg = (uint32_t)((hrtc->Instance->ALRMASSR) & RTC_ALRMASSR_SS);
 2875              		.loc 1 1516 5 is_stmt 1 view .LVU1059
1516:Drivers/STM32F4xx_HAL_Driver/Src/stm32f4xx_hal_rtc.c ****     subsecondtmpreg = (uint32_t)((hrtc->Instance->ALRMASSR) & RTC_ALRMASSR_SS);
 2876              		.loc 1 1516 29 is_stmt 0 view .LVU1060
 2877 0070 0168     		ldr	r1, [r0]
 2878              	.LVL194:
1516:Drivers/STM32F4xx_HAL_Driver/Src/stm32f4xx_hal_rtc.c ****     subsecondtmpreg = (uint32_t)((hrtc->Instance->ALRMASSR) & RTC_ALRMASSR_SS);
 2879              		.loc 1 1516 12 view .LVU1061
 2880 0072 CA69     		ldr	r2, [r1, #28]
 2881              	.LVL195:
1517:Drivers/STM32F4xx_HAL_Driver/Src/stm32f4xx_hal_rtc.c ****   }
 2882              		.loc 1 1517 5 is_stmt 1 view .LVU1062
1517:Drivers/STM32F4xx_HAL_Driver/Src/stm32f4xx_hal_rtc.c ****   }
 2883              		.loc 1 1517 49 is_stmt 0 view .LVU1063
 2884 0074 496C     		ldr	r1, [r1, #68]
1517:Drivers/STM32F4xx_HAL_Driver/Src/stm32f4xx_hal_rtc.c ****   }
 2885              		.loc 1 1517 21 view .LVU1064
 2886 0076 C1F30E01 		ubfx	r1, r1, #0, #15
 2887              	.LVL196:
1517:Drivers/STM32F4xx_HAL_Driver/Src/stm32f4xx_hal_rtc.c ****   }
 2888              		.loc 1 1517 21 view .LVU1065
 2889 007a CEE7     		b	.L157
 2890              		.cfi_endproc
 2891              	.LFE250:
 2893              		.text
 2894              	.Letext0:
 2895              		.file 2 "D:/Tools/Arm GNU Toolchain arm-none-eabi/13.3 rel1/arm-none-eabi/include/machine/_default
 2896              		.file 3 "D:/Tools/Arm GNU Toolchain arm-none-eabi/13.3 rel1/arm-none-eabi/include/sys/_stdint.h"
 2897              		.file 4 "Drivers/CMSIS/Device/ST/STM32F4xx/Include/stm32f407xx.h"
 2898              		.file 5 "Drivers/STM32F4xx_HAL_Driver/Inc/stm32f4xx_hal_def.h"
 2899              		.file 6 "Drivers/STM32F4xx_HAL_Driver/Inc/stm32f4xx_hal_rtc.h"
 2900              		.file 7 "Drivers/CMSIS/Device/ST/STM32F4xx/Include/system_stm32f4xx.h"
 2901              		.file 8 "Drivers/STM32F4xx_HAL_Driver/Inc/stm32f4xx_hal_rtc_ex.h"
 2902              		.file 9 "Drivers/STM32F4xx_HAL_Driver/Inc/stm32f4xx_hal.h"
ARM GAS  C:\Users\40918\AppData\Local\Temp\cc17lxaj.s 			page 100


DEFINED SYMBOLS
                            *ABS*:00000000 stm32f4xx_hal_rtc.c
C:\Users\40918\AppData\Local\Temp\cc17lxaj.s:21     .text.HAL_RTC_MspInit:00000000 $t
C:\Users\40918\AppData\Local\Temp\cc17lxaj.s:27     .text.HAL_RTC_MspInit:00000000 HAL_RTC_MspInit
C:\Users\40918\AppData\Local\Temp\cc17lxaj.s:42     .text.HAL_RTC_MspDeInit:00000000 $t
C:\Users\40918\AppData\Local\Temp\cc17lxaj.s:48     .text.HAL_RTC_MspDeInit:00000000 HAL_RTC_MspDeInit
C:\Users\40918\AppData\Local\Temp\cc17lxaj.s:63     .text.HAL_RTC_DeactivateAlarm:00000000 $t
C:\Users\40918\AppData\Local\Temp\cc17lxaj.s:69     .text.HAL_RTC_DeactivateAlarm:00000000 HAL_RTC_DeactivateAlarm
C:\Users\40918\AppData\Local\Temp\cc17lxaj.s:255    .text.HAL_RTC_AlarmAEventCallback:00000000 $t
C:\Users\40918\AppData\Local\Temp\cc17lxaj.s:261    .text.HAL_RTC_AlarmAEventCallback:00000000 HAL_RTC_AlarmAEventCallback
C:\Users\40918\AppData\Local\Temp\cc17lxaj.s:276    .text.HAL_RTC_AlarmIRQHandler:00000000 $t
C:\Users\40918\AppData\Local\Temp\cc17lxaj.s:282    .text.HAL_RTC_AlarmIRQHandler:00000000 HAL_RTC_AlarmIRQHandler
C:\Users\40918\AppData\Local\Temp\cc17lxaj.s:361    .text.HAL_RTC_AlarmIRQHandler:00000058 $d
C:\Users\40918\AppData\Local\Temp\cc17lxaj.s:366    .text.HAL_RTC_PollForAlarmAEvent:00000000 $t
C:\Users\40918\AppData\Local\Temp\cc17lxaj.s:372    .text.HAL_RTC_PollForAlarmAEvent:00000000 HAL_RTC_PollForAlarmAEvent
C:\Users\40918\AppData\Local\Temp\cc17lxaj.s:451    .text.HAL_RTC_WaitForSynchro:00000000 $t
C:\Users\40918\AppData\Local\Temp\cc17lxaj.s:457    .text.HAL_RTC_WaitForSynchro:00000000 HAL_RTC_WaitForSynchro
C:\Users\40918\AppData\Local\Temp\cc17lxaj.s:521    .text.HAL_RTC_WaitForSynchro:00000030 $d
C:\Users\40918\AppData\Local\Temp\cc17lxaj.s:526    .text.HAL_RTC_DST_Add1Hour:00000000 $t
C:\Users\40918\AppData\Local\Temp\cc17lxaj.s:532    .text.HAL_RTC_DST_Add1Hour:00000000 HAL_RTC_DST_Add1Hour
C:\Users\40918\AppData\Local\Temp\cc17lxaj.s:567    .text.HAL_RTC_DST_Sub1Hour:00000000 $t
C:\Users\40918\AppData\Local\Temp\cc17lxaj.s:573    .text.HAL_RTC_DST_Sub1Hour:00000000 HAL_RTC_DST_Sub1Hour
C:\Users\40918\AppData\Local\Temp\cc17lxaj.s:608    .text.HAL_RTC_DST_SetStoreOperation:00000000 $t
C:\Users\40918\AppData\Local\Temp\cc17lxaj.s:614    .text.HAL_RTC_DST_SetStoreOperation:00000000 HAL_RTC_DST_SetStoreOperation
C:\Users\40918\AppData\Local\Temp\cc17lxaj.s:649    .text.HAL_RTC_DST_ClearStoreOperation:00000000 $t
C:\Users\40918\AppData\Local\Temp\cc17lxaj.s:655    .text.HAL_RTC_DST_ClearStoreOperation:00000000 HAL_RTC_DST_ClearStoreOperation
C:\Users\40918\AppData\Local\Temp\cc17lxaj.s:690    .text.HAL_RTC_DST_ReadStoreOperation:00000000 $t
C:\Users\40918\AppData\Local\Temp\cc17lxaj.s:696    .text.HAL_RTC_DST_ReadStoreOperation:00000000 HAL_RTC_DST_ReadStoreOperation
C:\Users\40918\AppData\Local\Temp\cc17lxaj.s:716    .text.HAL_RTC_GetState:00000000 $t
C:\Users\40918\AppData\Local\Temp\cc17lxaj.s:722    .text.HAL_RTC_GetState:00000000 HAL_RTC_GetState
C:\Users\40918\AppData\Local\Temp\cc17lxaj.s:740    .text.RTC_EnterInitMode:00000000 $t
C:\Users\40918\AppData\Local\Temp\cc17lxaj.s:746    .text.RTC_EnterInitMode:00000000 RTC_EnterInitMode
C:\Users\40918\AppData\Local\Temp\cc17lxaj.s:831    .text.RTC_ExitInitMode:00000000 $t
C:\Users\40918\AppData\Local\Temp\cc17lxaj.s:837    .text.RTC_ExitInitMode:00000000 RTC_ExitInitMode
C:\Users\40918\AppData\Local\Temp\cc17lxaj.s:896    .text.HAL_RTC_Init:00000000 $t
C:\Users\40918\AppData\Local\Temp\cc17lxaj.s:902    .text.HAL_RTC_Init:00000000 HAL_RTC_Init
C:\Users\40918\AppData\Local\Temp\cc17lxaj.s:1088   .text.HAL_RTC_DeInit:00000000 $t
C:\Users\40918\AppData\Local\Temp\cc17lxaj.s:1094   .text.HAL_RTC_DeInit:00000000 HAL_RTC_DeInit
C:\Users\40918\AppData\Local\Temp\cc17lxaj.s:1250   .text.HAL_RTC_DeInit:00000084 $d
C:\Users\40918\AppData\Local\Temp\cc17lxaj.s:1255   .text.RTC_ByteToBcd2:00000000 $t
C:\Users\40918\AppData\Local\Temp\cc17lxaj.s:1261   .text.RTC_ByteToBcd2:00000000 RTC_ByteToBcd2
C:\Users\40918\AppData\Local\Temp\cc17lxaj.s:1307   .text.HAL_RTC_SetTime:00000000 $t
C:\Users\40918\AppData\Local\Temp\cc17lxaj.s:1313   .text.HAL_RTC_SetTime:00000000 HAL_RTC_SetTime
C:\Users\40918\AppData\Local\Temp\cc17lxaj.s:1532   .text.HAL_RTC_SetDate:00000000 $t
C:\Users\40918\AppData\Local\Temp\cc17lxaj.s:1538   .text.HAL_RTC_SetDate:00000000 HAL_RTC_SetDate
C:\Users\40918\AppData\Local\Temp\cc17lxaj.s:1725   .text.HAL_RTC_SetAlarm:00000000 $t
C:\Users\40918\AppData\Local\Temp\cc17lxaj.s:1731   .text.HAL_RTC_SetAlarm:00000000 HAL_RTC_SetAlarm
C:\Users\40918\AppData\Local\Temp\cc17lxaj.s:2093   .text.HAL_RTC_SetAlarm_IT:00000000 $t
C:\Users\40918\AppData\Local\Temp\cc17lxaj.s:2099   .text.HAL_RTC_SetAlarm_IT:00000000 HAL_RTC_SetAlarm_IT
C:\Users\40918\AppData\Local\Temp\cc17lxaj.s:2512   .text.HAL_RTC_SetAlarm_IT:000001ac $d
C:\Users\40918\AppData\Local\Temp\cc17lxaj.s:2519   .text.RTC_Bcd2ToByte:00000000 $t
C:\Users\40918\AppData\Local\Temp\cc17lxaj.s:2525   .text.RTC_Bcd2ToByte:00000000 RTC_Bcd2ToByte
C:\Users\40918\AppData\Local\Temp\cc17lxaj.s:2553   .text.HAL_RTC_GetTime:00000000 $t
C:\Users\40918\AppData\Local\Temp\cc17lxaj.s:2559   .text.HAL_RTC_GetTime:00000000 HAL_RTC_GetTime
C:\Users\40918\AppData\Local\Temp\cc17lxaj.s:2655   .text.HAL_RTC_GetDate:00000000 $t
C:\Users\40918\AppData\Local\Temp\cc17lxaj.s:2661   .text.HAL_RTC_GetDate:00000000 HAL_RTC_GetDate
C:\Users\40918\AppData\Local\Temp\cc17lxaj.s:2741   .text.HAL_RTC_GetAlarm:00000000 $t
ARM GAS  C:\Users\40918\AppData\Local\Temp\cc17lxaj.s 			page 101


C:\Users\40918\AppData\Local\Temp\cc17lxaj.s:2747   .text.HAL_RTC_GetAlarm:00000000 HAL_RTC_GetAlarm

UNDEFINED SYMBOLS
HAL_GetTick
HAL_RTCEx_AlarmBEventCallback
SystemCoreClock
