ARM GAS  C:\Users\40918\AppData\Local\Temp\cc5Xi7iV.s 			page 1


   1              		.cpu cortex-m4
   2              		.arch armv7e-m
   3              		.fpu fpv4-sp-d16
   4              		.eabi_attribute 27, 1
   5              		.eabi_attribute 28, 1
   6              		.eabi_attribute 20, 1
   7              		.eabi_attribute 21, 1
   8              		.eabi_attribute 23, 3
   9              		.eabi_attribute 24, 1
  10              		.eabi_attribute 25, 1
  11              		.eabi_attribute 26, 1
  12              		.eabi_attribute 30, 1
  13              		.eabi_attribute 34, 1
  14              		.eabi_attribute 18, 4
  15              		.file	"stm32f4xx_hal_sd.c"
  16              		.text
  17              	.Ltext0:
  18              		.cfi_sections	.debug_frame
  19              		.file 1 "Drivers/STM32F4xx_HAL_Driver/Src/stm32f4xx_hal_sd.c"
  20              		.section	.text.SD_DMATransmitCplt,"ax",%progbits
  21              		.align	1
  22              		.syntax unified
  23              		.thumb
  24              		.thumb_func
  26              	SD_DMATransmitCplt:
  27              	.LVL0:
  28              	.LFB266:
   1:Drivers/STM32F4xx_HAL_Driver/Src/stm32f4xx_hal_sd.c **** /**
   2:Drivers/STM32F4xx_HAL_Driver/Src/stm32f4xx_hal_sd.c ****   ******************************************************************************
   3:Drivers/STM32F4xx_HAL_Driver/Src/stm32f4xx_hal_sd.c ****   * @file    stm32f4xx_hal_sd.c
   4:Drivers/STM32F4xx_HAL_Driver/Src/stm32f4xx_hal_sd.c ****   * @author  MCD Application Team
   5:Drivers/STM32F4xx_HAL_Driver/Src/stm32f4xx_hal_sd.c ****   * @brief   SD card HAL module driver.
   6:Drivers/STM32F4xx_HAL_Driver/Src/stm32f4xx_hal_sd.c ****   *          This file provides firmware functions to manage the following
   7:Drivers/STM32F4xx_HAL_Driver/Src/stm32f4xx_hal_sd.c ****   *          functionalities of the Secure Digital (SD) peripheral:
   8:Drivers/STM32F4xx_HAL_Driver/Src/stm32f4xx_hal_sd.c ****   *           + Initialization and de-initialization functions
   9:Drivers/STM32F4xx_HAL_Driver/Src/stm32f4xx_hal_sd.c ****   *           + IO operation functions
  10:Drivers/STM32F4xx_HAL_Driver/Src/stm32f4xx_hal_sd.c ****   *           + Peripheral Control functions
  11:Drivers/STM32F4xx_HAL_Driver/Src/stm32f4xx_hal_sd.c ****   *           + Peripheral State functions
  12:Drivers/STM32F4xx_HAL_Driver/Src/stm32f4xx_hal_sd.c ****   *
  13:Drivers/STM32F4xx_HAL_Driver/Src/stm32f4xx_hal_sd.c ****   ******************************************************************************
  14:Drivers/STM32F4xx_HAL_Driver/Src/stm32f4xx_hal_sd.c ****   * @attention
  15:Drivers/STM32F4xx_HAL_Driver/Src/stm32f4xx_hal_sd.c ****   *
  16:Drivers/STM32F4xx_HAL_Driver/Src/stm32f4xx_hal_sd.c ****   * Copyright (c) 2016 STMicroelectronics.
  17:Drivers/STM32F4xx_HAL_Driver/Src/stm32f4xx_hal_sd.c ****   * All rights reserved.
  18:Drivers/STM32F4xx_HAL_Driver/Src/stm32f4xx_hal_sd.c ****   *
  19:Drivers/STM32F4xx_HAL_Driver/Src/stm32f4xx_hal_sd.c ****   * This software is licensed under terms that can be found in the LICENSE file
  20:Drivers/STM32F4xx_HAL_Driver/Src/stm32f4xx_hal_sd.c ****   * in the root directory of this software component.
  21:Drivers/STM32F4xx_HAL_Driver/Src/stm32f4xx_hal_sd.c ****   * If no LICENSE file comes with this software, it is provided AS-IS.
  22:Drivers/STM32F4xx_HAL_Driver/Src/stm32f4xx_hal_sd.c ****   *
  23:Drivers/STM32F4xx_HAL_Driver/Src/stm32f4xx_hal_sd.c ****   ******************************************************************************
  24:Drivers/STM32F4xx_HAL_Driver/Src/stm32f4xx_hal_sd.c ****   @verbatim
  25:Drivers/STM32F4xx_HAL_Driver/Src/stm32f4xx_hal_sd.c ****   ==============================================================================
  26:Drivers/STM32F4xx_HAL_Driver/Src/stm32f4xx_hal_sd.c ****                         ##### How to use this driver #####
  27:Drivers/STM32F4xx_HAL_Driver/Src/stm32f4xx_hal_sd.c ****   ==============================================================================
  28:Drivers/STM32F4xx_HAL_Driver/Src/stm32f4xx_hal_sd.c ****   [..]
  29:Drivers/STM32F4xx_HAL_Driver/Src/stm32f4xx_hal_sd.c ****     This driver implements a high level communication layer for read and write from/to
  30:Drivers/STM32F4xx_HAL_Driver/Src/stm32f4xx_hal_sd.c ****     this memory. The needed STM32 hardware resources (SDIO and GPIO) are performed by
ARM GAS  C:\Users\40918\AppData\Local\Temp\cc5Xi7iV.s 			page 2


  31:Drivers/STM32F4xx_HAL_Driver/Src/stm32f4xx_hal_sd.c ****     the user in HAL_SD_MspInit() function (MSP layer).
  32:Drivers/STM32F4xx_HAL_Driver/Src/stm32f4xx_hal_sd.c ****     Basically, the MSP layer configuration should be the same as we provide in the
  33:Drivers/STM32F4xx_HAL_Driver/Src/stm32f4xx_hal_sd.c ****     examples.
  34:Drivers/STM32F4xx_HAL_Driver/Src/stm32f4xx_hal_sd.c ****     You can easily tailor this configuration according to hardware resources.
  35:Drivers/STM32F4xx_HAL_Driver/Src/stm32f4xx_hal_sd.c **** 
  36:Drivers/STM32F4xx_HAL_Driver/Src/stm32f4xx_hal_sd.c ****   [..]
  37:Drivers/STM32F4xx_HAL_Driver/Src/stm32f4xx_hal_sd.c ****     This driver is a generic layered driver for SDIO memories which uses the HAL
  38:Drivers/STM32F4xx_HAL_Driver/Src/stm32f4xx_hal_sd.c ****     SDIO driver functions to interface with SD and uSD cards devices.
  39:Drivers/STM32F4xx_HAL_Driver/Src/stm32f4xx_hal_sd.c ****     It is used as follows:
  40:Drivers/STM32F4xx_HAL_Driver/Src/stm32f4xx_hal_sd.c **** 
  41:Drivers/STM32F4xx_HAL_Driver/Src/stm32f4xx_hal_sd.c ****     (#)Initialize the SDIO low level resources by implementing the HAL_SD_MspInit() API:
  42:Drivers/STM32F4xx_HAL_Driver/Src/stm32f4xx_hal_sd.c ****         (##) Enable the SDIO interface clock using __HAL_RCC_SDIO_CLK_ENABLE();
  43:Drivers/STM32F4xx_HAL_Driver/Src/stm32f4xx_hal_sd.c ****         (##) SDIO pins configuration for SD card
  44:Drivers/STM32F4xx_HAL_Driver/Src/stm32f4xx_hal_sd.c ****             (+++) Enable the clock for the SDIO GPIOs using the functions __HAL_RCC_GPIOx_CLK_ENABL
  45:Drivers/STM32F4xx_HAL_Driver/Src/stm32f4xx_hal_sd.c ****             (+++) Configure these SDIO pins as alternate function pull-up using HAL_GPIO_Init()
  46:Drivers/STM32F4xx_HAL_Driver/Src/stm32f4xx_hal_sd.c ****                   and according to your pin assignment;
  47:Drivers/STM32F4xx_HAL_Driver/Src/stm32f4xx_hal_sd.c ****         (##) DMA configuration if you need to use DMA process (HAL_SD_ReadBlocks_DMA()
  48:Drivers/STM32F4xx_HAL_Driver/Src/stm32f4xx_hal_sd.c ****              and HAL_SD_WriteBlocks_DMA() APIs).
  49:Drivers/STM32F4xx_HAL_Driver/Src/stm32f4xx_hal_sd.c ****             (+++) Enable the DMAx interface clock using __HAL_RCC_DMAx_CLK_ENABLE();
  50:Drivers/STM32F4xx_HAL_Driver/Src/stm32f4xx_hal_sd.c ****             (+++) Configure the DMA using the function HAL_DMA_Init() with predeclared and filled.
  51:Drivers/STM32F4xx_HAL_Driver/Src/stm32f4xx_hal_sd.c ****         (##) NVIC configuration if you need to use interrupt process when using DMA transfer.
  52:Drivers/STM32F4xx_HAL_Driver/Src/stm32f4xx_hal_sd.c ****             (+++) Configure the SDIO and DMA interrupt priorities using functions
  53:Drivers/STM32F4xx_HAL_Driver/Src/stm32f4xx_hal_sd.c ****                   HAL_NVIC_SetPriority(); DMA priority is superior to SDIO's priority
  54:Drivers/STM32F4xx_HAL_Driver/Src/stm32f4xx_hal_sd.c ****             (+++) Enable the NVIC DMA and SDIO IRQs using function HAL_NVIC_EnableIRQ()
  55:Drivers/STM32F4xx_HAL_Driver/Src/stm32f4xx_hal_sd.c ****             (+++) SDIO interrupts are managed using the macros __HAL_SD_ENABLE_IT()
  56:Drivers/STM32F4xx_HAL_Driver/Src/stm32f4xx_hal_sd.c ****                   and __HAL_SD_DISABLE_IT() inside the communication process.
  57:Drivers/STM32F4xx_HAL_Driver/Src/stm32f4xx_hal_sd.c ****             (+++) SDIO interrupts pending bits are managed using the macros __HAL_SD_GET_IT()
  58:Drivers/STM32F4xx_HAL_Driver/Src/stm32f4xx_hal_sd.c ****                   and __HAL_SD_CLEAR_IT()
  59:Drivers/STM32F4xx_HAL_Driver/Src/stm32f4xx_hal_sd.c ****         (##) NVIC configuration if you need to use interrupt process (HAL_SD_ReadBlocks_IT()
  60:Drivers/STM32F4xx_HAL_Driver/Src/stm32f4xx_hal_sd.c ****              and HAL_SD_WriteBlocks_IT() APIs).
  61:Drivers/STM32F4xx_HAL_Driver/Src/stm32f4xx_hal_sd.c ****             (+++) Configure the SDIO interrupt priorities using function HAL_NVIC_SetPriority();
  62:Drivers/STM32F4xx_HAL_Driver/Src/stm32f4xx_hal_sd.c ****             (+++) Enable the NVIC SDIO IRQs using function HAL_NVIC_EnableIRQ()
  63:Drivers/STM32F4xx_HAL_Driver/Src/stm32f4xx_hal_sd.c ****             (+++) SDIO interrupts are managed using the macros __HAL_SD_ENABLE_IT()
  64:Drivers/STM32F4xx_HAL_Driver/Src/stm32f4xx_hal_sd.c ****                   and __HAL_SD_DISABLE_IT() inside the communication process.
  65:Drivers/STM32F4xx_HAL_Driver/Src/stm32f4xx_hal_sd.c ****             (+++) SDIO interrupts pending bits are managed using the macros __HAL_SD_GET_IT()
  66:Drivers/STM32F4xx_HAL_Driver/Src/stm32f4xx_hal_sd.c ****                   and __HAL_SD_CLEAR_IT()
  67:Drivers/STM32F4xx_HAL_Driver/Src/stm32f4xx_hal_sd.c ****     (#) At this stage, you can perform SD read/write/erase operations after SD card initialization
  68:Drivers/STM32F4xx_HAL_Driver/Src/stm32f4xx_hal_sd.c **** 
  69:Drivers/STM32F4xx_HAL_Driver/Src/stm32f4xx_hal_sd.c **** 
  70:Drivers/STM32F4xx_HAL_Driver/Src/stm32f4xx_hal_sd.c ****   *** SD Card Initialization and configuration ***
  71:Drivers/STM32F4xx_HAL_Driver/Src/stm32f4xx_hal_sd.c ****   ================================================
  72:Drivers/STM32F4xx_HAL_Driver/Src/stm32f4xx_hal_sd.c ****   [..]
  73:Drivers/STM32F4xx_HAL_Driver/Src/stm32f4xx_hal_sd.c ****     To initialize the SD Card, use the HAL_SD_Init() function. It Initializes
  74:Drivers/STM32F4xx_HAL_Driver/Src/stm32f4xx_hal_sd.c ****     SDIO Peripheral(STM32 side) and the SD Card, and put it into StandBy State (Ready for data tran
  75:Drivers/STM32F4xx_HAL_Driver/Src/stm32f4xx_hal_sd.c ****     This function provide the following operations:
  76:Drivers/STM32F4xx_HAL_Driver/Src/stm32f4xx_hal_sd.c **** 
  77:Drivers/STM32F4xx_HAL_Driver/Src/stm32f4xx_hal_sd.c ****     (#) Apply the SD Card initialization process at 400KHz and check the SD Card
  78:Drivers/STM32F4xx_HAL_Driver/Src/stm32f4xx_hal_sd.c ****         type (Standard Capacity or High Capacity). You can change or adapt this
  79:Drivers/STM32F4xx_HAL_Driver/Src/stm32f4xx_hal_sd.c ****         frequency by adjusting the "ClockDiv" field.
  80:Drivers/STM32F4xx_HAL_Driver/Src/stm32f4xx_hal_sd.c ****         The SD Card frequency (SDIO_CK) is computed as follows:
  81:Drivers/STM32F4xx_HAL_Driver/Src/stm32f4xx_hal_sd.c **** 
  82:Drivers/STM32F4xx_HAL_Driver/Src/stm32f4xx_hal_sd.c ****            SDIO_CK = SDIOCLK / (ClockDiv + 2)
  83:Drivers/STM32F4xx_HAL_Driver/Src/stm32f4xx_hal_sd.c **** 
  84:Drivers/STM32F4xx_HAL_Driver/Src/stm32f4xx_hal_sd.c ****         In initialization mode and according to the SD Card standard,
  85:Drivers/STM32F4xx_HAL_Driver/Src/stm32f4xx_hal_sd.c ****         make sure that the SDIO_CK frequency doesn't exceed 400KHz.
  86:Drivers/STM32F4xx_HAL_Driver/Src/stm32f4xx_hal_sd.c **** 
  87:Drivers/STM32F4xx_HAL_Driver/Src/stm32f4xx_hal_sd.c ****         This phase of initialization is done through SDIO_Init() and
ARM GAS  C:\Users\40918\AppData\Local\Temp\cc5Xi7iV.s 			page 3


  88:Drivers/STM32F4xx_HAL_Driver/Src/stm32f4xx_hal_sd.c ****         SDIO_PowerState_ON() SDIO low level APIs.
  89:Drivers/STM32F4xx_HAL_Driver/Src/stm32f4xx_hal_sd.c **** 
  90:Drivers/STM32F4xx_HAL_Driver/Src/stm32f4xx_hal_sd.c ****     (#) Initialize the SD card. The API used is HAL_SD_InitCard().
  91:Drivers/STM32F4xx_HAL_Driver/Src/stm32f4xx_hal_sd.c ****         This phase allows the card initialization and identification
  92:Drivers/STM32F4xx_HAL_Driver/Src/stm32f4xx_hal_sd.c ****         and check the SD Card type (Standard Capacity or High Capacity)
  93:Drivers/STM32F4xx_HAL_Driver/Src/stm32f4xx_hal_sd.c ****         The initialization flow is compatible with SD standard.
  94:Drivers/STM32F4xx_HAL_Driver/Src/stm32f4xx_hal_sd.c **** 
  95:Drivers/STM32F4xx_HAL_Driver/Src/stm32f4xx_hal_sd.c ****         This API (HAL_SD_InitCard()) could be used also to reinitialize the card in case
  96:Drivers/STM32F4xx_HAL_Driver/Src/stm32f4xx_hal_sd.c ****         of plug-off plug-in.
  97:Drivers/STM32F4xx_HAL_Driver/Src/stm32f4xx_hal_sd.c **** 
  98:Drivers/STM32F4xx_HAL_Driver/Src/stm32f4xx_hal_sd.c ****     (#) Configure the SD Card Data transfer frequency. You can change or adapt this
  99:Drivers/STM32F4xx_HAL_Driver/Src/stm32f4xx_hal_sd.c ****         frequency by adjusting the "ClockDiv" field.
 100:Drivers/STM32F4xx_HAL_Driver/Src/stm32f4xx_hal_sd.c ****         In transfer mode and according to the SD Card standard, make sure that the
 101:Drivers/STM32F4xx_HAL_Driver/Src/stm32f4xx_hal_sd.c ****         SDIO_CK frequency doesn't exceed 25MHz and 50MHz in High-speed mode switch.
 102:Drivers/STM32F4xx_HAL_Driver/Src/stm32f4xx_hal_sd.c ****         To be able to use a frequency higher than 24MHz, you should use the SDIO
 103:Drivers/STM32F4xx_HAL_Driver/Src/stm32f4xx_hal_sd.c ****         peripheral in bypass mode. Refer to the corresponding reference manual
 104:Drivers/STM32F4xx_HAL_Driver/Src/stm32f4xx_hal_sd.c ****         for more details.
 105:Drivers/STM32F4xx_HAL_Driver/Src/stm32f4xx_hal_sd.c **** 
 106:Drivers/STM32F4xx_HAL_Driver/Src/stm32f4xx_hal_sd.c ****     (#) Select the corresponding SD Card according to the address read with the step 2.
 107:Drivers/STM32F4xx_HAL_Driver/Src/stm32f4xx_hal_sd.c **** 
 108:Drivers/STM32F4xx_HAL_Driver/Src/stm32f4xx_hal_sd.c ****     (#) Configure the SD Card in wide bus mode: 4-bits data.
 109:Drivers/STM32F4xx_HAL_Driver/Src/stm32f4xx_hal_sd.c **** 
 110:Drivers/STM32F4xx_HAL_Driver/Src/stm32f4xx_hal_sd.c ****   *** SD Card Read operation ***
 111:Drivers/STM32F4xx_HAL_Driver/Src/stm32f4xx_hal_sd.c ****   ==============================
 112:Drivers/STM32F4xx_HAL_Driver/Src/stm32f4xx_hal_sd.c ****   [..]
 113:Drivers/STM32F4xx_HAL_Driver/Src/stm32f4xx_hal_sd.c ****     (+) You can read from SD card in polling mode by using function HAL_SD_ReadBlocks().
 114:Drivers/STM32F4xx_HAL_Driver/Src/stm32f4xx_hal_sd.c ****         This function support only 512-bytes block length (the block size should be
 115:Drivers/STM32F4xx_HAL_Driver/Src/stm32f4xx_hal_sd.c ****         chosen as 512 bytes).
 116:Drivers/STM32F4xx_HAL_Driver/Src/stm32f4xx_hal_sd.c ****         You can choose either one block read operation or multiple block read operation
 117:Drivers/STM32F4xx_HAL_Driver/Src/stm32f4xx_hal_sd.c ****         by adjusting the "NumberOfBlocks" parameter.
 118:Drivers/STM32F4xx_HAL_Driver/Src/stm32f4xx_hal_sd.c ****         After this, you have to ensure that the transfer is done correctly. The check is done
 119:Drivers/STM32F4xx_HAL_Driver/Src/stm32f4xx_hal_sd.c ****         through HAL_SD_GetCardState() function for SD card state.
 120:Drivers/STM32F4xx_HAL_Driver/Src/stm32f4xx_hal_sd.c **** 
 121:Drivers/STM32F4xx_HAL_Driver/Src/stm32f4xx_hal_sd.c ****     (+) You can read from SD card in DMA mode by using function HAL_SD_ReadBlocks_DMA().
 122:Drivers/STM32F4xx_HAL_Driver/Src/stm32f4xx_hal_sd.c ****         This function support only 512-bytes block length (the block size should be
 123:Drivers/STM32F4xx_HAL_Driver/Src/stm32f4xx_hal_sd.c ****         chosen as 512 bytes).
 124:Drivers/STM32F4xx_HAL_Driver/Src/stm32f4xx_hal_sd.c ****         You can choose either one block read operation or multiple block read operation
 125:Drivers/STM32F4xx_HAL_Driver/Src/stm32f4xx_hal_sd.c ****         by adjusting the "NumberOfBlocks" parameter.
 126:Drivers/STM32F4xx_HAL_Driver/Src/stm32f4xx_hal_sd.c ****         After this, you have to ensure that the transfer is done correctly. The check is done
 127:Drivers/STM32F4xx_HAL_Driver/Src/stm32f4xx_hal_sd.c ****         through HAL_SD_GetCardState() function for SD card state.
 128:Drivers/STM32F4xx_HAL_Driver/Src/stm32f4xx_hal_sd.c ****         You could also check the DMA transfer process through the SD Rx interrupt event.
 129:Drivers/STM32F4xx_HAL_Driver/Src/stm32f4xx_hal_sd.c **** 
 130:Drivers/STM32F4xx_HAL_Driver/Src/stm32f4xx_hal_sd.c ****     (+) You can read from SD card in Interrupt mode by using function HAL_SD_ReadBlocks_IT().
 131:Drivers/STM32F4xx_HAL_Driver/Src/stm32f4xx_hal_sd.c ****         This function support only 512-bytes block length (the block size should be
 132:Drivers/STM32F4xx_HAL_Driver/Src/stm32f4xx_hal_sd.c ****         chosen as 512 bytes).
 133:Drivers/STM32F4xx_HAL_Driver/Src/stm32f4xx_hal_sd.c ****         You can choose either one block read operation or multiple block read operation
 134:Drivers/STM32F4xx_HAL_Driver/Src/stm32f4xx_hal_sd.c ****         by adjusting the "NumberOfBlocks" parameter.
 135:Drivers/STM32F4xx_HAL_Driver/Src/stm32f4xx_hal_sd.c ****         After this, you have to ensure that the transfer is done correctly. The check is done
 136:Drivers/STM32F4xx_HAL_Driver/Src/stm32f4xx_hal_sd.c ****         through HAL_SD_GetCardState() function for SD card state.
 137:Drivers/STM32F4xx_HAL_Driver/Src/stm32f4xx_hal_sd.c ****         You could also check the IT transfer process through the SD Rx interrupt event.
 138:Drivers/STM32F4xx_HAL_Driver/Src/stm32f4xx_hal_sd.c **** 
 139:Drivers/STM32F4xx_HAL_Driver/Src/stm32f4xx_hal_sd.c ****   *** SD Card Write operation ***
 140:Drivers/STM32F4xx_HAL_Driver/Src/stm32f4xx_hal_sd.c ****   ===============================
 141:Drivers/STM32F4xx_HAL_Driver/Src/stm32f4xx_hal_sd.c ****   [..]
 142:Drivers/STM32F4xx_HAL_Driver/Src/stm32f4xx_hal_sd.c ****     (+) You can write to SD card in polling mode by using function HAL_SD_WriteBlocks().
 143:Drivers/STM32F4xx_HAL_Driver/Src/stm32f4xx_hal_sd.c ****         This function support only 512-bytes block length (the block size should be
 144:Drivers/STM32F4xx_HAL_Driver/Src/stm32f4xx_hal_sd.c ****         chosen as 512 bytes).
ARM GAS  C:\Users\40918\AppData\Local\Temp\cc5Xi7iV.s 			page 4


 145:Drivers/STM32F4xx_HAL_Driver/Src/stm32f4xx_hal_sd.c ****         You can choose either one block read operation or multiple block read operation
 146:Drivers/STM32F4xx_HAL_Driver/Src/stm32f4xx_hal_sd.c ****         by adjusting the "NumberOfBlocks" parameter.
 147:Drivers/STM32F4xx_HAL_Driver/Src/stm32f4xx_hal_sd.c ****         After this, you have to ensure that the transfer is done correctly. The check is done
 148:Drivers/STM32F4xx_HAL_Driver/Src/stm32f4xx_hal_sd.c ****         through HAL_SD_GetCardState() function for SD card state.
 149:Drivers/STM32F4xx_HAL_Driver/Src/stm32f4xx_hal_sd.c **** 
 150:Drivers/STM32F4xx_HAL_Driver/Src/stm32f4xx_hal_sd.c ****     (+) You can write to SD card in DMA mode by using function HAL_SD_WriteBlocks_DMA().
 151:Drivers/STM32F4xx_HAL_Driver/Src/stm32f4xx_hal_sd.c ****         This function support only 512-bytes block length (the block size should be
 152:Drivers/STM32F4xx_HAL_Driver/Src/stm32f4xx_hal_sd.c ****         chosen as 512 bytes).
 153:Drivers/STM32F4xx_HAL_Driver/Src/stm32f4xx_hal_sd.c ****         You can choose either one block read operation or multiple block read operation
 154:Drivers/STM32F4xx_HAL_Driver/Src/stm32f4xx_hal_sd.c ****         by adjusting the "NumberOfBlocks" parameter.
 155:Drivers/STM32F4xx_HAL_Driver/Src/stm32f4xx_hal_sd.c ****         After this, you have to ensure that the transfer is done correctly. The check is done
 156:Drivers/STM32F4xx_HAL_Driver/Src/stm32f4xx_hal_sd.c ****         through HAL_SD_GetCardState() function for SD card state.
 157:Drivers/STM32F4xx_HAL_Driver/Src/stm32f4xx_hal_sd.c ****         You could also check the DMA transfer process through the SD Tx interrupt event.
 158:Drivers/STM32F4xx_HAL_Driver/Src/stm32f4xx_hal_sd.c **** 
 159:Drivers/STM32F4xx_HAL_Driver/Src/stm32f4xx_hal_sd.c ****     (+) You can write to SD card in Interrupt mode by using function HAL_SD_WriteBlocks_IT().
 160:Drivers/STM32F4xx_HAL_Driver/Src/stm32f4xx_hal_sd.c ****         This function support only 512-bytes block length (the block size should be
 161:Drivers/STM32F4xx_HAL_Driver/Src/stm32f4xx_hal_sd.c ****         chosen as 512 bytes).
 162:Drivers/STM32F4xx_HAL_Driver/Src/stm32f4xx_hal_sd.c ****         You can choose either one block read operation or multiple block read operation
 163:Drivers/STM32F4xx_HAL_Driver/Src/stm32f4xx_hal_sd.c ****         by adjusting the "NumberOfBlocks" parameter.
 164:Drivers/STM32F4xx_HAL_Driver/Src/stm32f4xx_hal_sd.c ****         After this, you have to ensure that the transfer is done correctly. The check is done
 165:Drivers/STM32F4xx_HAL_Driver/Src/stm32f4xx_hal_sd.c ****         through HAL_SD_GetCardState() function for SD card state.
 166:Drivers/STM32F4xx_HAL_Driver/Src/stm32f4xx_hal_sd.c ****         You could also check the IT transfer process through the SD Tx interrupt event.
 167:Drivers/STM32F4xx_HAL_Driver/Src/stm32f4xx_hal_sd.c **** 
 168:Drivers/STM32F4xx_HAL_Driver/Src/stm32f4xx_hal_sd.c ****   *** SD card status ***
 169:Drivers/STM32F4xx_HAL_Driver/Src/stm32f4xx_hal_sd.c ****   ======================
 170:Drivers/STM32F4xx_HAL_Driver/Src/stm32f4xx_hal_sd.c ****   [..]
 171:Drivers/STM32F4xx_HAL_Driver/Src/stm32f4xx_hal_sd.c ****     (+) The SD Status contains status bits that are related to the SD Memory
 172:Drivers/STM32F4xx_HAL_Driver/Src/stm32f4xx_hal_sd.c ****         Card proprietary features. To get SD card status use the HAL_SD_GetCardStatus().
 173:Drivers/STM32F4xx_HAL_Driver/Src/stm32f4xx_hal_sd.c **** 
 174:Drivers/STM32F4xx_HAL_Driver/Src/stm32f4xx_hal_sd.c ****   *** SD card information ***
 175:Drivers/STM32F4xx_HAL_Driver/Src/stm32f4xx_hal_sd.c ****   ===========================
 176:Drivers/STM32F4xx_HAL_Driver/Src/stm32f4xx_hal_sd.c ****   [..]
 177:Drivers/STM32F4xx_HAL_Driver/Src/stm32f4xx_hal_sd.c ****     (+) To get SD card information, you can use the function HAL_SD_GetCardInfo().
 178:Drivers/STM32F4xx_HAL_Driver/Src/stm32f4xx_hal_sd.c ****         It returns useful information about the SD card such as block size, card type,
 179:Drivers/STM32F4xx_HAL_Driver/Src/stm32f4xx_hal_sd.c ****         block number ...
 180:Drivers/STM32F4xx_HAL_Driver/Src/stm32f4xx_hal_sd.c **** 
 181:Drivers/STM32F4xx_HAL_Driver/Src/stm32f4xx_hal_sd.c ****   *** SD card CSD register ***
 182:Drivers/STM32F4xx_HAL_Driver/Src/stm32f4xx_hal_sd.c ****   ============================
 183:Drivers/STM32F4xx_HAL_Driver/Src/stm32f4xx_hal_sd.c ****     (+) The HAL_SD_GetCardCSD() API allows to get the parameters of the CSD register.
 184:Drivers/STM32F4xx_HAL_Driver/Src/stm32f4xx_hal_sd.c ****         Some of the CSD parameters are useful for card initialization and identification.
 185:Drivers/STM32F4xx_HAL_Driver/Src/stm32f4xx_hal_sd.c **** 
 186:Drivers/STM32F4xx_HAL_Driver/Src/stm32f4xx_hal_sd.c ****   *** SD card CID register ***
 187:Drivers/STM32F4xx_HAL_Driver/Src/stm32f4xx_hal_sd.c ****   ============================
 188:Drivers/STM32F4xx_HAL_Driver/Src/stm32f4xx_hal_sd.c ****     (+) The HAL_SD_GetCardCID() API allows to get the parameters of the CID register.
 189:Drivers/STM32F4xx_HAL_Driver/Src/stm32f4xx_hal_sd.c ****         Some of the CSD parameters are useful for card initialization and identification.
 190:Drivers/STM32F4xx_HAL_Driver/Src/stm32f4xx_hal_sd.c **** 
 191:Drivers/STM32F4xx_HAL_Driver/Src/stm32f4xx_hal_sd.c ****   *** SD HAL driver macros list ***
 192:Drivers/STM32F4xx_HAL_Driver/Src/stm32f4xx_hal_sd.c ****   ==================================
 193:Drivers/STM32F4xx_HAL_Driver/Src/stm32f4xx_hal_sd.c ****   [..]
 194:Drivers/STM32F4xx_HAL_Driver/Src/stm32f4xx_hal_sd.c ****     Below the list of most used macros in SD HAL driver.
 195:Drivers/STM32F4xx_HAL_Driver/Src/stm32f4xx_hal_sd.c **** 
 196:Drivers/STM32F4xx_HAL_Driver/Src/stm32f4xx_hal_sd.c ****     (+) __HAL_SD_ENABLE : Enable the SD device
 197:Drivers/STM32F4xx_HAL_Driver/Src/stm32f4xx_hal_sd.c ****     (+) __HAL_SD_DISABLE : Disable the SD device
 198:Drivers/STM32F4xx_HAL_Driver/Src/stm32f4xx_hal_sd.c ****     (+) __HAL_SD_DMA_ENABLE: Enable the SDIO DMA transfer
 199:Drivers/STM32F4xx_HAL_Driver/Src/stm32f4xx_hal_sd.c ****     (+) __HAL_SD_DMA_DISABLE: Disable the SDIO DMA transfer
 200:Drivers/STM32F4xx_HAL_Driver/Src/stm32f4xx_hal_sd.c ****     (+) __HAL_SD_ENABLE_IT: Enable the SD device interrupt
 201:Drivers/STM32F4xx_HAL_Driver/Src/stm32f4xx_hal_sd.c ****     (+) __HAL_SD_DISABLE_IT: Disable the SD device interrupt
ARM GAS  C:\Users\40918\AppData\Local\Temp\cc5Xi7iV.s 			page 5


 202:Drivers/STM32F4xx_HAL_Driver/Src/stm32f4xx_hal_sd.c ****     (+) __HAL_SD_GET_FLAG:Check whether the specified SD flag is set or not
 203:Drivers/STM32F4xx_HAL_Driver/Src/stm32f4xx_hal_sd.c ****     (+) __HAL_SD_CLEAR_FLAG: Clear the SD's pending flags
 204:Drivers/STM32F4xx_HAL_Driver/Src/stm32f4xx_hal_sd.c **** 
 205:Drivers/STM32F4xx_HAL_Driver/Src/stm32f4xx_hal_sd.c ****     (@) You can refer to the SD HAL driver header file for more useful macros
 206:Drivers/STM32F4xx_HAL_Driver/Src/stm32f4xx_hal_sd.c **** 
 207:Drivers/STM32F4xx_HAL_Driver/Src/stm32f4xx_hal_sd.c ****   *** Callback registration ***
 208:Drivers/STM32F4xx_HAL_Driver/Src/stm32f4xx_hal_sd.c ****   =============================================
 209:Drivers/STM32F4xx_HAL_Driver/Src/stm32f4xx_hal_sd.c ****   [..]
 210:Drivers/STM32F4xx_HAL_Driver/Src/stm32f4xx_hal_sd.c ****     The compilation define USE_HAL_SD_REGISTER_CALLBACKS when set to 1
 211:Drivers/STM32F4xx_HAL_Driver/Src/stm32f4xx_hal_sd.c ****     allows the user to configure dynamically the driver callbacks.
 212:Drivers/STM32F4xx_HAL_Driver/Src/stm32f4xx_hal_sd.c **** 
 213:Drivers/STM32F4xx_HAL_Driver/Src/stm32f4xx_hal_sd.c ****     Use Functions HAL_SD_RegisterCallback() to register a user callback,
 214:Drivers/STM32F4xx_HAL_Driver/Src/stm32f4xx_hal_sd.c ****     it allows to register following callbacks:
 215:Drivers/STM32F4xx_HAL_Driver/Src/stm32f4xx_hal_sd.c ****       (+) TxCpltCallback : callback when a transmission transfer is completed.
 216:Drivers/STM32F4xx_HAL_Driver/Src/stm32f4xx_hal_sd.c ****       (+) RxCpltCallback : callback when a reception transfer is completed.
 217:Drivers/STM32F4xx_HAL_Driver/Src/stm32f4xx_hal_sd.c ****       (+) ErrorCallback : callback when error occurs.
 218:Drivers/STM32F4xx_HAL_Driver/Src/stm32f4xx_hal_sd.c ****       (+) AbortCpltCallback : callback when abort is completed.
 219:Drivers/STM32F4xx_HAL_Driver/Src/stm32f4xx_hal_sd.c ****       (+) MspInitCallback    : SD MspInit.
 220:Drivers/STM32F4xx_HAL_Driver/Src/stm32f4xx_hal_sd.c ****       (+) MspDeInitCallback  : SD MspDeInit.
 221:Drivers/STM32F4xx_HAL_Driver/Src/stm32f4xx_hal_sd.c ****     This function takes as parameters the HAL peripheral handle, the Callback ID
 222:Drivers/STM32F4xx_HAL_Driver/Src/stm32f4xx_hal_sd.c ****     and a pointer to the user callback function.
 223:Drivers/STM32F4xx_HAL_Driver/Src/stm32f4xx_hal_sd.c **** 
 224:Drivers/STM32F4xx_HAL_Driver/Src/stm32f4xx_hal_sd.c ****     Use function HAL_SD_UnRegisterCallback() to reset a callback to the default
 225:Drivers/STM32F4xx_HAL_Driver/Src/stm32f4xx_hal_sd.c ****     weak (surcharged) function. It allows to reset following callbacks:
 226:Drivers/STM32F4xx_HAL_Driver/Src/stm32f4xx_hal_sd.c ****       (+) TxCpltCallback : callback when a transmission transfer is completed.
 227:Drivers/STM32F4xx_HAL_Driver/Src/stm32f4xx_hal_sd.c ****       (+) RxCpltCallback : callback when a reception transfer is completed.
 228:Drivers/STM32F4xx_HAL_Driver/Src/stm32f4xx_hal_sd.c ****       (+) ErrorCallback : callback when error occurs.
 229:Drivers/STM32F4xx_HAL_Driver/Src/stm32f4xx_hal_sd.c ****       (+) AbortCpltCallback : callback when abort is completed.
 230:Drivers/STM32F4xx_HAL_Driver/Src/stm32f4xx_hal_sd.c ****       (+) MspInitCallback    : SD MspInit.
 231:Drivers/STM32F4xx_HAL_Driver/Src/stm32f4xx_hal_sd.c ****       (+) MspDeInitCallback  : SD MspDeInit.
 232:Drivers/STM32F4xx_HAL_Driver/Src/stm32f4xx_hal_sd.c ****     This function) takes as parameters the HAL peripheral handle and the Callback ID.
 233:Drivers/STM32F4xx_HAL_Driver/Src/stm32f4xx_hal_sd.c **** 
 234:Drivers/STM32F4xx_HAL_Driver/Src/stm32f4xx_hal_sd.c ****     By default, after the HAL_SD_Init and if the state is HAL_SD_STATE_RESET
 235:Drivers/STM32F4xx_HAL_Driver/Src/stm32f4xx_hal_sd.c ****     all callbacks are reset to the corresponding legacy weak (surcharged) functions.
 236:Drivers/STM32F4xx_HAL_Driver/Src/stm32f4xx_hal_sd.c ****     Exception done for MspInit and MspDeInit callbacks that are respectively
 237:Drivers/STM32F4xx_HAL_Driver/Src/stm32f4xx_hal_sd.c ****     reset to the legacy weak (surcharged) functions in the HAL_SD_Init
 238:Drivers/STM32F4xx_HAL_Driver/Src/stm32f4xx_hal_sd.c ****     and  HAL_SD_DeInit only when these callbacks are null (not registered beforehand).
 239:Drivers/STM32F4xx_HAL_Driver/Src/stm32f4xx_hal_sd.c ****     If not, MspInit or MspDeInit are not null, the HAL_SD_Init and HAL_SD_DeInit
 240:Drivers/STM32F4xx_HAL_Driver/Src/stm32f4xx_hal_sd.c ****     keep and use the user MspInit/MspDeInit callbacks (registered beforehand)
 241:Drivers/STM32F4xx_HAL_Driver/Src/stm32f4xx_hal_sd.c **** 
 242:Drivers/STM32F4xx_HAL_Driver/Src/stm32f4xx_hal_sd.c ****     Callbacks can be registered/unregistered in READY state only.
 243:Drivers/STM32F4xx_HAL_Driver/Src/stm32f4xx_hal_sd.c ****     Exception done for MspInit/MspDeInit callbacks that can be registered/unregistered
 244:Drivers/STM32F4xx_HAL_Driver/Src/stm32f4xx_hal_sd.c ****     in READY or RESET state, thus registered (user) MspInit/DeInit callbacks can be used
 245:Drivers/STM32F4xx_HAL_Driver/Src/stm32f4xx_hal_sd.c ****     during the Init/DeInit.
 246:Drivers/STM32F4xx_HAL_Driver/Src/stm32f4xx_hal_sd.c ****     In that case first register the MspInit/MspDeInit user callbacks
 247:Drivers/STM32F4xx_HAL_Driver/Src/stm32f4xx_hal_sd.c ****     using HAL_SD_RegisterCallback before calling HAL_SD_DeInit
 248:Drivers/STM32F4xx_HAL_Driver/Src/stm32f4xx_hal_sd.c ****     or HAL_SD_Init function.
 249:Drivers/STM32F4xx_HAL_Driver/Src/stm32f4xx_hal_sd.c **** 
 250:Drivers/STM32F4xx_HAL_Driver/Src/stm32f4xx_hal_sd.c ****     When The compilation define USE_HAL_SD_REGISTER_CALLBACKS is set to 0 or
 251:Drivers/STM32F4xx_HAL_Driver/Src/stm32f4xx_hal_sd.c ****     not defined, the callback registering feature is not available
 252:Drivers/STM32F4xx_HAL_Driver/Src/stm32f4xx_hal_sd.c ****     and weak (surcharged) callbacks are used.
 253:Drivers/STM32F4xx_HAL_Driver/Src/stm32f4xx_hal_sd.c **** 
 254:Drivers/STM32F4xx_HAL_Driver/Src/stm32f4xx_hal_sd.c ****   @endverbatim
 255:Drivers/STM32F4xx_HAL_Driver/Src/stm32f4xx_hal_sd.c ****   ******************************************************************************
 256:Drivers/STM32F4xx_HAL_Driver/Src/stm32f4xx_hal_sd.c ****   */
 257:Drivers/STM32F4xx_HAL_Driver/Src/stm32f4xx_hal_sd.c **** 
 258:Drivers/STM32F4xx_HAL_Driver/Src/stm32f4xx_hal_sd.c **** /* Includes ------------------------------------------------------------------*/
ARM GAS  C:\Users\40918\AppData\Local\Temp\cc5Xi7iV.s 			page 6


 259:Drivers/STM32F4xx_HAL_Driver/Src/stm32f4xx_hal_sd.c **** #include "stm32f4xx_hal.h"
 260:Drivers/STM32F4xx_HAL_Driver/Src/stm32f4xx_hal_sd.c **** 
 261:Drivers/STM32F4xx_HAL_Driver/Src/stm32f4xx_hal_sd.c **** #if defined(SDIO)
 262:Drivers/STM32F4xx_HAL_Driver/Src/stm32f4xx_hal_sd.c **** 
 263:Drivers/STM32F4xx_HAL_Driver/Src/stm32f4xx_hal_sd.c **** /** @addtogroup STM32F4xx_HAL_Driver
 264:Drivers/STM32F4xx_HAL_Driver/Src/stm32f4xx_hal_sd.c ****   * @{
 265:Drivers/STM32F4xx_HAL_Driver/Src/stm32f4xx_hal_sd.c ****   */
 266:Drivers/STM32F4xx_HAL_Driver/Src/stm32f4xx_hal_sd.c **** 
 267:Drivers/STM32F4xx_HAL_Driver/Src/stm32f4xx_hal_sd.c **** /** @addtogroup SD
 268:Drivers/STM32F4xx_HAL_Driver/Src/stm32f4xx_hal_sd.c ****   * @{
 269:Drivers/STM32F4xx_HAL_Driver/Src/stm32f4xx_hal_sd.c ****   */
 270:Drivers/STM32F4xx_HAL_Driver/Src/stm32f4xx_hal_sd.c **** 
 271:Drivers/STM32F4xx_HAL_Driver/Src/stm32f4xx_hal_sd.c **** #ifdef HAL_SD_MODULE_ENABLED
 272:Drivers/STM32F4xx_HAL_Driver/Src/stm32f4xx_hal_sd.c **** 
 273:Drivers/STM32F4xx_HAL_Driver/Src/stm32f4xx_hal_sd.c **** /* Private typedef -----------------------------------------------------------*/
 274:Drivers/STM32F4xx_HAL_Driver/Src/stm32f4xx_hal_sd.c **** /* Private define ------------------------------------------------------------*/
 275:Drivers/STM32F4xx_HAL_Driver/Src/stm32f4xx_hal_sd.c **** /** @addtogroup SD_Private_Defines
 276:Drivers/STM32F4xx_HAL_Driver/Src/stm32f4xx_hal_sd.c ****   * @{
 277:Drivers/STM32F4xx_HAL_Driver/Src/stm32f4xx_hal_sd.c ****   */
 278:Drivers/STM32F4xx_HAL_Driver/Src/stm32f4xx_hal_sd.c **** 
 279:Drivers/STM32F4xx_HAL_Driver/Src/stm32f4xx_hal_sd.c **** /**
 280:Drivers/STM32F4xx_HAL_Driver/Src/stm32f4xx_hal_sd.c ****   * @}
 281:Drivers/STM32F4xx_HAL_Driver/Src/stm32f4xx_hal_sd.c ****   */
 282:Drivers/STM32F4xx_HAL_Driver/Src/stm32f4xx_hal_sd.c **** 
 283:Drivers/STM32F4xx_HAL_Driver/Src/stm32f4xx_hal_sd.c **** /* Private macro -------------------------------------------------------------*/
 284:Drivers/STM32F4xx_HAL_Driver/Src/stm32f4xx_hal_sd.c **** /* Private variables ---------------------------------------------------------*/
 285:Drivers/STM32F4xx_HAL_Driver/Src/stm32f4xx_hal_sd.c **** /* Private function prototypes -----------------------------------------------*/
 286:Drivers/STM32F4xx_HAL_Driver/Src/stm32f4xx_hal_sd.c **** /* Private functions ---------------------------------------------------------*/
 287:Drivers/STM32F4xx_HAL_Driver/Src/stm32f4xx_hal_sd.c **** /** @defgroup SD_Private_Functions SD Private Functions
 288:Drivers/STM32F4xx_HAL_Driver/Src/stm32f4xx_hal_sd.c ****   * @{
 289:Drivers/STM32F4xx_HAL_Driver/Src/stm32f4xx_hal_sd.c ****   */
 290:Drivers/STM32F4xx_HAL_Driver/Src/stm32f4xx_hal_sd.c **** static uint32_t SD_InitCard(SD_HandleTypeDef *hsd);
 291:Drivers/STM32F4xx_HAL_Driver/Src/stm32f4xx_hal_sd.c **** static uint32_t SD_PowerON(SD_HandleTypeDef *hsd);
 292:Drivers/STM32F4xx_HAL_Driver/Src/stm32f4xx_hal_sd.c **** static uint32_t SD_SendSDStatus(SD_HandleTypeDef *hsd, uint32_t *pSDstatus);
 293:Drivers/STM32F4xx_HAL_Driver/Src/stm32f4xx_hal_sd.c **** static uint32_t SD_SendStatus(SD_HandleTypeDef *hsd, uint32_t *pCardStatus);
 294:Drivers/STM32F4xx_HAL_Driver/Src/stm32f4xx_hal_sd.c **** static uint32_t SD_WideBus_Enable(SD_HandleTypeDef *hsd);
 295:Drivers/STM32F4xx_HAL_Driver/Src/stm32f4xx_hal_sd.c **** static uint32_t SD_WideBus_Disable(SD_HandleTypeDef *hsd);
 296:Drivers/STM32F4xx_HAL_Driver/Src/stm32f4xx_hal_sd.c **** static uint32_t SD_FindSCR(SD_HandleTypeDef *hsd, uint32_t *pSCR);
 297:Drivers/STM32F4xx_HAL_Driver/Src/stm32f4xx_hal_sd.c **** static void SD_PowerOFF(SD_HandleTypeDef *hsd);
 298:Drivers/STM32F4xx_HAL_Driver/Src/stm32f4xx_hal_sd.c **** static void SD_Write_IT(SD_HandleTypeDef *hsd);
 299:Drivers/STM32F4xx_HAL_Driver/Src/stm32f4xx_hal_sd.c **** static void SD_Read_IT(SD_HandleTypeDef *hsd);
 300:Drivers/STM32F4xx_HAL_Driver/Src/stm32f4xx_hal_sd.c **** static void SD_DMATransmitCplt(DMA_HandleTypeDef *hdma);
 301:Drivers/STM32F4xx_HAL_Driver/Src/stm32f4xx_hal_sd.c **** static void SD_DMAReceiveCplt(DMA_HandleTypeDef *hdma);
 302:Drivers/STM32F4xx_HAL_Driver/Src/stm32f4xx_hal_sd.c **** static void SD_DMAError(DMA_HandleTypeDef *hdma);
 303:Drivers/STM32F4xx_HAL_Driver/Src/stm32f4xx_hal_sd.c **** static void SD_DMATxAbort(DMA_HandleTypeDef *hdma);
 304:Drivers/STM32F4xx_HAL_Driver/Src/stm32f4xx_hal_sd.c **** static void SD_DMARxAbort(DMA_HandleTypeDef *hdma);
 305:Drivers/STM32F4xx_HAL_Driver/Src/stm32f4xx_hal_sd.c **** /**
 306:Drivers/STM32F4xx_HAL_Driver/Src/stm32f4xx_hal_sd.c ****   * @}
 307:Drivers/STM32F4xx_HAL_Driver/Src/stm32f4xx_hal_sd.c ****   */
 308:Drivers/STM32F4xx_HAL_Driver/Src/stm32f4xx_hal_sd.c **** 
 309:Drivers/STM32F4xx_HAL_Driver/Src/stm32f4xx_hal_sd.c **** /* Exported functions --------------------------------------------------------*/
 310:Drivers/STM32F4xx_HAL_Driver/Src/stm32f4xx_hal_sd.c **** /** @addtogroup SD_Exported_Functions
 311:Drivers/STM32F4xx_HAL_Driver/Src/stm32f4xx_hal_sd.c ****   * @{
 312:Drivers/STM32F4xx_HAL_Driver/Src/stm32f4xx_hal_sd.c ****   */
 313:Drivers/STM32F4xx_HAL_Driver/Src/stm32f4xx_hal_sd.c **** 
 314:Drivers/STM32F4xx_HAL_Driver/Src/stm32f4xx_hal_sd.c **** /** @addtogroup SD_Exported_Functions_Group1
 315:Drivers/STM32F4xx_HAL_Driver/Src/stm32f4xx_hal_sd.c ****  *  @brief   Initialization and de-initialization functions
ARM GAS  C:\Users\40918\AppData\Local\Temp\cc5Xi7iV.s 			page 7


 316:Drivers/STM32F4xx_HAL_Driver/Src/stm32f4xx_hal_sd.c ****  *
 317:Drivers/STM32F4xx_HAL_Driver/Src/stm32f4xx_hal_sd.c **** @verbatim
 318:Drivers/STM32F4xx_HAL_Driver/Src/stm32f4xx_hal_sd.c ****   ==============================================================================
 319:Drivers/STM32F4xx_HAL_Driver/Src/stm32f4xx_hal_sd.c ****           ##### Initialization and de-initialization functions #####
 320:Drivers/STM32F4xx_HAL_Driver/Src/stm32f4xx_hal_sd.c ****   ==============================================================================
 321:Drivers/STM32F4xx_HAL_Driver/Src/stm32f4xx_hal_sd.c ****   [..]
 322:Drivers/STM32F4xx_HAL_Driver/Src/stm32f4xx_hal_sd.c ****     This section provides functions allowing to initialize/de-initialize the SD
 323:Drivers/STM32F4xx_HAL_Driver/Src/stm32f4xx_hal_sd.c ****     card device to be ready for use.
 324:Drivers/STM32F4xx_HAL_Driver/Src/stm32f4xx_hal_sd.c **** 
 325:Drivers/STM32F4xx_HAL_Driver/Src/stm32f4xx_hal_sd.c **** @endverbatim
 326:Drivers/STM32F4xx_HAL_Driver/Src/stm32f4xx_hal_sd.c ****   * @{
 327:Drivers/STM32F4xx_HAL_Driver/Src/stm32f4xx_hal_sd.c ****   */
 328:Drivers/STM32F4xx_HAL_Driver/Src/stm32f4xx_hal_sd.c **** 
 329:Drivers/STM32F4xx_HAL_Driver/Src/stm32f4xx_hal_sd.c **** /**
 330:Drivers/STM32F4xx_HAL_Driver/Src/stm32f4xx_hal_sd.c ****   * @brief  Initializes the SD according to the specified parameters in the
 331:Drivers/STM32F4xx_HAL_Driver/Src/stm32f4xx_hal_sd.c ****             SD_HandleTypeDef and create the associated handle.
 332:Drivers/STM32F4xx_HAL_Driver/Src/stm32f4xx_hal_sd.c ****   * @param  hsd: Pointer to the SD handle
 333:Drivers/STM32F4xx_HAL_Driver/Src/stm32f4xx_hal_sd.c ****   * @retval HAL status
 334:Drivers/STM32F4xx_HAL_Driver/Src/stm32f4xx_hal_sd.c ****   */
 335:Drivers/STM32F4xx_HAL_Driver/Src/stm32f4xx_hal_sd.c **** HAL_StatusTypeDef HAL_SD_Init(SD_HandleTypeDef *hsd)
 336:Drivers/STM32F4xx_HAL_Driver/Src/stm32f4xx_hal_sd.c **** {
 337:Drivers/STM32F4xx_HAL_Driver/Src/stm32f4xx_hal_sd.c ****   /* Check the SD handle allocation */
 338:Drivers/STM32F4xx_HAL_Driver/Src/stm32f4xx_hal_sd.c ****   if(hsd == NULL)
 339:Drivers/STM32F4xx_HAL_Driver/Src/stm32f4xx_hal_sd.c ****   {
 340:Drivers/STM32F4xx_HAL_Driver/Src/stm32f4xx_hal_sd.c ****     return HAL_ERROR;
 341:Drivers/STM32F4xx_HAL_Driver/Src/stm32f4xx_hal_sd.c ****   }
 342:Drivers/STM32F4xx_HAL_Driver/Src/stm32f4xx_hal_sd.c **** 
 343:Drivers/STM32F4xx_HAL_Driver/Src/stm32f4xx_hal_sd.c ****   /* Check the parameters */
 344:Drivers/STM32F4xx_HAL_Driver/Src/stm32f4xx_hal_sd.c ****   assert_param(IS_SDIO_ALL_INSTANCE(hsd->Instance));
 345:Drivers/STM32F4xx_HAL_Driver/Src/stm32f4xx_hal_sd.c ****   assert_param(IS_SDIO_CLOCK_EDGE(hsd->Init.ClockEdge));
 346:Drivers/STM32F4xx_HAL_Driver/Src/stm32f4xx_hal_sd.c ****   assert_param(IS_SDIO_CLOCK_BYPASS(hsd->Init.ClockBypass));
 347:Drivers/STM32F4xx_HAL_Driver/Src/stm32f4xx_hal_sd.c ****   assert_param(IS_SDIO_CLOCK_POWER_SAVE(hsd->Init.ClockPowerSave));
 348:Drivers/STM32F4xx_HAL_Driver/Src/stm32f4xx_hal_sd.c ****   assert_param(IS_SDIO_BUS_WIDE(hsd->Init.BusWide));
 349:Drivers/STM32F4xx_HAL_Driver/Src/stm32f4xx_hal_sd.c ****   assert_param(IS_SDIO_HARDWARE_FLOW_CONTROL(hsd->Init.HardwareFlowControl));
 350:Drivers/STM32F4xx_HAL_Driver/Src/stm32f4xx_hal_sd.c ****   assert_param(IS_SDIO_CLKDIV(hsd->Init.ClockDiv));
 351:Drivers/STM32F4xx_HAL_Driver/Src/stm32f4xx_hal_sd.c **** 
 352:Drivers/STM32F4xx_HAL_Driver/Src/stm32f4xx_hal_sd.c ****   if(hsd->State == HAL_SD_STATE_RESET)
 353:Drivers/STM32F4xx_HAL_Driver/Src/stm32f4xx_hal_sd.c ****   {
 354:Drivers/STM32F4xx_HAL_Driver/Src/stm32f4xx_hal_sd.c ****     /* Allocate lock resource and initialize it */
 355:Drivers/STM32F4xx_HAL_Driver/Src/stm32f4xx_hal_sd.c ****     hsd->Lock = HAL_UNLOCKED;
 356:Drivers/STM32F4xx_HAL_Driver/Src/stm32f4xx_hal_sd.c **** #if defined (USE_HAL_SD_REGISTER_CALLBACKS) && (USE_HAL_SD_REGISTER_CALLBACKS == 1U)
 357:Drivers/STM32F4xx_HAL_Driver/Src/stm32f4xx_hal_sd.c ****     /* Reset Callback pointers in HAL_SD_STATE_RESET only */
 358:Drivers/STM32F4xx_HAL_Driver/Src/stm32f4xx_hal_sd.c ****     hsd->TxCpltCallback    = HAL_SD_TxCpltCallback;
 359:Drivers/STM32F4xx_HAL_Driver/Src/stm32f4xx_hal_sd.c ****     hsd->RxCpltCallback    = HAL_SD_RxCpltCallback;
 360:Drivers/STM32F4xx_HAL_Driver/Src/stm32f4xx_hal_sd.c ****     hsd->ErrorCallback     = HAL_SD_ErrorCallback;
 361:Drivers/STM32F4xx_HAL_Driver/Src/stm32f4xx_hal_sd.c ****     hsd->AbortCpltCallback = HAL_SD_AbortCallback;
 362:Drivers/STM32F4xx_HAL_Driver/Src/stm32f4xx_hal_sd.c **** 
 363:Drivers/STM32F4xx_HAL_Driver/Src/stm32f4xx_hal_sd.c ****     if(hsd->MspInitCallback == NULL)
 364:Drivers/STM32F4xx_HAL_Driver/Src/stm32f4xx_hal_sd.c ****     {
 365:Drivers/STM32F4xx_HAL_Driver/Src/stm32f4xx_hal_sd.c ****       hsd->MspInitCallback = HAL_SD_MspInit;
 366:Drivers/STM32F4xx_HAL_Driver/Src/stm32f4xx_hal_sd.c ****     }
 367:Drivers/STM32F4xx_HAL_Driver/Src/stm32f4xx_hal_sd.c **** 
 368:Drivers/STM32F4xx_HAL_Driver/Src/stm32f4xx_hal_sd.c ****     /* Init the low level hardware */
 369:Drivers/STM32F4xx_HAL_Driver/Src/stm32f4xx_hal_sd.c ****     hsd->MspInitCallback(hsd);
 370:Drivers/STM32F4xx_HAL_Driver/Src/stm32f4xx_hal_sd.c **** #else
 371:Drivers/STM32F4xx_HAL_Driver/Src/stm32f4xx_hal_sd.c ****     /* Init the low level hardware : GPIO, CLOCK, CORTEX...etc */
 372:Drivers/STM32F4xx_HAL_Driver/Src/stm32f4xx_hal_sd.c ****     HAL_SD_MspInit(hsd);
ARM GAS  C:\Users\40918\AppData\Local\Temp\cc5Xi7iV.s 			page 8


 373:Drivers/STM32F4xx_HAL_Driver/Src/stm32f4xx_hal_sd.c **** #endif /* USE_HAL_SD_REGISTER_CALLBACKS */
 374:Drivers/STM32F4xx_HAL_Driver/Src/stm32f4xx_hal_sd.c ****   }
 375:Drivers/STM32F4xx_HAL_Driver/Src/stm32f4xx_hal_sd.c **** 
 376:Drivers/STM32F4xx_HAL_Driver/Src/stm32f4xx_hal_sd.c ****   hsd->State = HAL_SD_STATE_BUSY;
 377:Drivers/STM32F4xx_HAL_Driver/Src/stm32f4xx_hal_sd.c **** 
 378:Drivers/STM32F4xx_HAL_Driver/Src/stm32f4xx_hal_sd.c ****   /* Initialize the Card parameters */
 379:Drivers/STM32F4xx_HAL_Driver/Src/stm32f4xx_hal_sd.c ****   if (HAL_SD_InitCard(hsd) != HAL_OK)
 380:Drivers/STM32F4xx_HAL_Driver/Src/stm32f4xx_hal_sd.c ****   {
 381:Drivers/STM32F4xx_HAL_Driver/Src/stm32f4xx_hal_sd.c ****     return HAL_ERROR;
 382:Drivers/STM32F4xx_HAL_Driver/Src/stm32f4xx_hal_sd.c ****   }
 383:Drivers/STM32F4xx_HAL_Driver/Src/stm32f4xx_hal_sd.c **** 
 384:Drivers/STM32F4xx_HAL_Driver/Src/stm32f4xx_hal_sd.c ****   /* Initialize the error code */
 385:Drivers/STM32F4xx_HAL_Driver/Src/stm32f4xx_hal_sd.c ****   hsd->ErrorCode = HAL_SD_ERROR_NONE;
 386:Drivers/STM32F4xx_HAL_Driver/Src/stm32f4xx_hal_sd.c **** 
 387:Drivers/STM32F4xx_HAL_Driver/Src/stm32f4xx_hal_sd.c ****   /* Initialize the SD operation */
 388:Drivers/STM32F4xx_HAL_Driver/Src/stm32f4xx_hal_sd.c ****   hsd->Context = SD_CONTEXT_NONE;
 389:Drivers/STM32F4xx_HAL_Driver/Src/stm32f4xx_hal_sd.c **** 
 390:Drivers/STM32F4xx_HAL_Driver/Src/stm32f4xx_hal_sd.c ****   /* Initialize the SD state */
 391:Drivers/STM32F4xx_HAL_Driver/Src/stm32f4xx_hal_sd.c ****   hsd->State = HAL_SD_STATE_READY;
 392:Drivers/STM32F4xx_HAL_Driver/Src/stm32f4xx_hal_sd.c **** 
 393:Drivers/STM32F4xx_HAL_Driver/Src/stm32f4xx_hal_sd.c ****   return HAL_OK;
 394:Drivers/STM32F4xx_HAL_Driver/Src/stm32f4xx_hal_sd.c **** }
 395:Drivers/STM32F4xx_HAL_Driver/Src/stm32f4xx_hal_sd.c **** 
 396:Drivers/STM32F4xx_HAL_Driver/Src/stm32f4xx_hal_sd.c **** /**
 397:Drivers/STM32F4xx_HAL_Driver/Src/stm32f4xx_hal_sd.c ****   * @brief  Initializes the SD Card.
 398:Drivers/STM32F4xx_HAL_Driver/Src/stm32f4xx_hal_sd.c ****   * @param  hsd: Pointer to SD handle
 399:Drivers/STM32F4xx_HAL_Driver/Src/stm32f4xx_hal_sd.c ****   * @note   This function initializes the SD card. It could be used when a card
 400:Drivers/STM32F4xx_HAL_Driver/Src/stm32f4xx_hal_sd.c ****             re-initialization is needed.
 401:Drivers/STM32F4xx_HAL_Driver/Src/stm32f4xx_hal_sd.c ****   * @retval HAL status
 402:Drivers/STM32F4xx_HAL_Driver/Src/stm32f4xx_hal_sd.c ****   */
 403:Drivers/STM32F4xx_HAL_Driver/Src/stm32f4xx_hal_sd.c **** HAL_StatusTypeDef HAL_SD_InitCard(SD_HandleTypeDef *hsd)
 404:Drivers/STM32F4xx_HAL_Driver/Src/stm32f4xx_hal_sd.c **** {
 405:Drivers/STM32F4xx_HAL_Driver/Src/stm32f4xx_hal_sd.c ****   uint32_t errorstate;
 406:Drivers/STM32F4xx_HAL_Driver/Src/stm32f4xx_hal_sd.c ****   SD_InitTypeDef Init;
 407:Drivers/STM32F4xx_HAL_Driver/Src/stm32f4xx_hal_sd.c ****   
 408:Drivers/STM32F4xx_HAL_Driver/Src/stm32f4xx_hal_sd.c ****   /* Default SDIO peripheral configuration for SD card initialization */
 409:Drivers/STM32F4xx_HAL_Driver/Src/stm32f4xx_hal_sd.c ****   Init.ClockEdge           = SDIO_CLOCK_EDGE_RISING;
 410:Drivers/STM32F4xx_HAL_Driver/Src/stm32f4xx_hal_sd.c ****   Init.ClockBypass         = SDIO_CLOCK_BYPASS_DISABLE;
 411:Drivers/STM32F4xx_HAL_Driver/Src/stm32f4xx_hal_sd.c ****   Init.ClockPowerSave      = SDIO_CLOCK_POWER_SAVE_DISABLE;
 412:Drivers/STM32F4xx_HAL_Driver/Src/stm32f4xx_hal_sd.c ****   Init.BusWide             = SDIO_BUS_WIDE_1B;
 413:Drivers/STM32F4xx_HAL_Driver/Src/stm32f4xx_hal_sd.c ****   Init.HardwareFlowControl = SDIO_HARDWARE_FLOW_CONTROL_DISABLE;
 414:Drivers/STM32F4xx_HAL_Driver/Src/stm32f4xx_hal_sd.c ****   Init.ClockDiv            = SDIO_INIT_CLK_DIV;
 415:Drivers/STM32F4xx_HAL_Driver/Src/stm32f4xx_hal_sd.c **** 
 416:Drivers/STM32F4xx_HAL_Driver/Src/stm32f4xx_hal_sd.c ****   /* Initialize SDIO peripheral interface with default configuration */
 417:Drivers/STM32F4xx_HAL_Driver/Src/stm32f4xx_hal_sd.c ****   SDIO_Init(hsd->Instance, Init);
 418:Drivers/STM32F4xx_HAL_Driver/Src/stm32f4xx_hal_sd.c **** 
 419:Drivers/STM32F4xx_HAL_Driver/Src/stm32f4xx_hal_sd.c ****   /* Disable SDIO Clock */
 420:Drivers/STM32F4xx_HAL_Driver/Src/stm32f4xx_hal_sd.c ****   __HAL_SD_DISABLE(hsd);
 421:Drivers/STM32F4xx_HAL_Driver/Src/stm32f4xx_hal_sd.c **** 
 422:Drivers/STM32F4xx_HAL_Driver/Src/stm32f4xx_hal_sd.c ****   /* Set Power State to ON */
 423:Drivers/STM32F4xx_HAL_Driver/Src/stm32f4xx_hal_sd.c ****   (void)SDIO_PowerState_ON(hsd->Instance);
 424:Drivers/STM32F4xx_HAL_Driver/Src/stm32f4xx_hal_sd.c **** 
 425:Drivers/STM32F4xx_HAL_Driver/Src/stm32f4xx_hal_sd.c ****   /* Enable SDIO Clock */
 426:Drivers/STM32F4xx_HAL_Driver/Src/stm32f4xx_hal_sd.c ****   __HAL_SD_ENABLE(hsd);
 427:Drivers/STM32F4xx_HAL_Driver/Src/stm32f4xx_hal_sd.c **** 
 428:Drivers/STM32F4xx_HAL_Driver/Src/stm32f4xx_hal_sd.c ****   /* Required power up waiting time before starting the SD initialization  sequence */
 429:Drivers/STM32F4xx_HAL_Driver/Src/stm32f4xx_hal_sd.c ****   HAL_Delay(2);
ARM GAS  C:\Users\40918\AppData\Local\Temp\cc5Xi7iV.s 			page 9


 430:Drivers/STM32F4xx_HAL_Driver/Src/stm32f4xx_hal_sd.c **** 
 431:Drivers/STM32F4xx_HAL_Driver/Src/stm32f4xx_hal_sd.c ****   /* Identify card operating voltage */
 432:Drivers/STM32F4xx_HAL_Driver/Src/stm32f4xx_hal_sd.c ****   errorstate = SD_PowerON(hsd);
 433:Drivers/STM32F4xx_HAL_Driver/Src/stm32f4xx_hal_sd.c ****   if(errorstate != HAL_SD_ERROR_NONE)
 434:Drivers/STM32F4xx_HAL_Driver/Src/stm32f4xx_hal_sd.c ****   {
 435:Drivers/STM32F4xx_HAL_Driver/Src/stm32f4xx_hal_sd.c ****     hsd->State = HAL_SD_STATE_READY;
 436:Drivers/STM32F4xx_HAL_Driver/Src/stm32f4xx_hal_sd.c ****     hsd->ErrorCode |= errorstate;
 437:Drivers/STM32F4xx_HAL_Driver/Src/stm32f4xx_hal_sd.c ****     return HAL_ERROR;
 438:Drivers/STM32F4xx_HAL_Driver/Src/stm32f4xx_hal_sd.c ****   }
 439:Drivers/STM32F4xx_HAL_Driver/Src/stm32f4xx_hal_sd.c **** 
 440:Drivers/STM32F4xx_HAL_Driver/Src/stm32f4xx_hal_sd.c ****   /* Card initialization */
 441:Drivers/STM32F4xx_HAL_Driver/Src/stm32f4xx_hal_sd.c ****   errorstate = SD_InitCard(hsd);
 442:Drivers/STM32F4xx_HAL_Driver/Src/stm32f4xx_hal_sd.c ****   if(errorstate != HAL_SD_ERROR_NONE)
 443:Drivers/STM32F4xx_HAL_Driver/Src/stm32f4xx_hal_sd.c ****   {
 444:Drivers/STM32F4xx_HAL_Driver/Src/stm32f4xx_hal_sd.c ****     hsd->State = HAL_SD_STATE_READY;
 445:Drivers/STM32F4xx_HAL_Driver/Src/stm32f4xx_hal_sd.c ****     hsd->ErrorCode |= errorstate;
 446:Drivers/STM32F4xx_HAL_Driver/Src/stm32f4xx_hal_sd.c ****     return HAL_ERROR;
 447:Drivers/STM32F4xx_HAL_Driver/Src/stm32f4xx_hal_sd.c ****   }
 448:Drivers/STM32F4xx_HAL_Driver/Src/stm32f4xx_hal_sd.c **** 
 449:Drivers/STM32F4xx_HAL_Driver/Src/stm32f4xx_hal_sd.c ****   /* Set Block Size for Card */
 450:Drivers/STM32F4xx_HAL_Driver/Src/stm32f4xx_hal_sd.c ****   errorstate = SDMMC_CmdBlockLength(hsd->Instance, BLOCKSIZE);
 451:Drivers/STM32F4xx_HAL_Driver/Src/stm32f4xx_hal_sd.c ****   if(errorstate != HAL_SD_ERROR_NONE)
 452:Drivers/STM32F4xx_HAL_Driver/Src/stm32f4xx_hal_sd.c ****   {
 453:Drivers/STM32F4xx_HAL_Driver/Src/stm32f4xx_hal_sd.c ****     /* Clear all the static flags */
 454:Drivers/STM32F4xx_HAL_Driver/Src/stm32f4xx_hal_sd.c ****     __HAL_SD_CLEAR_FLAG(hsd, SDIO_STATIC_FLAGS);
 455:Drivers/STM32F4xx_HAL_Driver/Src/stm32f4xx_hal_sd.c ****     hsd->ErrorCode |= errorstate;
 456:Drivers/STM32F4xx_HAL_Driver/Src/stm32f4xx_hal_sd.c ****     hsd->State = HAL_SD_STATE_READY;
 457:Drivers/STM32F4xx_HAL_Driver/Src/stm32f4xx_hal_sd.c ****     return HAL_ERROR;
 458:Drivers/STM32F4xx_HAL_Driver/Src/stm32f4xx_hal_sd.c ****   }
 459:Drivers/STM32F4xx_HAL_Driver/Src/stm32f4xx_hal_sd.c **** 
 460:Drivers/STM32F4xx_HAL_Driver/Src/stm32f4xx_hal_sd.c ****   return HAL_OK;
 461:Drivers/STM32F4xx_HAL_Driver/Src/stm32f4xx_hal_sd.c **** }
 462:Drivers/STM32F4xx_HAL_Driver/Src/stm32f4xx_hal_sd.c **** 
 463:Drivers/STM32F4xx_HAL_Driver/Src/stm32f4xx_hal_sd.c **** /**
 464:Drivers/STM32F4xx_HAL_Driver/Src/stm32f4xx_hal_sd.c ****   * @brief  De-Initializes the SD card.
 465:Drivers/STM32F4xx_HAL_Driver/Src/stm32f4xx_hal_sd.c ****   * @param  hsd: Pointer to SD handle
 466:Drivers/STM32F4xx_HAL_Driver/Src/stm32f4xx_hal_sd.c ****   * @retval HAL status
 467:Drivers/STM32F4xx_HAL_Driver/Src/stm32f4xx_hal_sd.c ****   */
 468:Drivers/STM32F4xx_HAL_Driver/Src/stm32f4xx_hal_sd.c **** HAL_StatusTypeDef HAL_SD_DeInit(SD_HandleTypeDef *hsd)
 469:Drivers/STM32F4xx_HAL_Driver/Src/stm32f4xx_hal_sd.c **** {
 470:Drivers/STM32F4xx_HAL_Driver/Src/stm32f4xx_hal_sd.c ****   /* Check the SD handle allocation */
 471:Drivers/STM32F4xx_HAL_Driver/Src/stm32f4xx_hal_sd.c ****   if(hsd == NULL)
 472:Drivers/STM32F4xx_HAL_Driver/Src/stm32f4xx_hal_sd.c ****   {
 473:Drivers/STM32F4xx_HAL_Driver/Src/stm32f4xx_hal_sd.c ****     return HAL_ERROR;
 474:Drivers/STM32F4xx_HAL_Driver/Src/stm32f4xx_hal_sd.c ****   }
 475:Drivers/STM32F4xx_HAL_Driver/Src/stm32f4xx_hal_sd.c **** 
 476:Drivers/STM32F4xx_HAL_Driver/Src/stm32f4xx_hal_sd.c ****   /* Check the parameters */
 477:Drivers/STM32F4xx_HAL_Driver/Src/stm32f4xx_hal_sd.c ****   assert_param(IS_SDIO_ALL_INSTANCE(hsd->Instance));
 478:Drivers/STM32F4xx_HAL_Driver/Src/stm32f4xx_hal_sd.c **** 
 479:Drivers/STM32F4xx_HAL_Driver/Src/stm32f4xx_hal_sd.c ****   hsd->State = HAL_SD_STATE_BUSY;
 480:Drivers/STM32F4xx_HAL_Driver/Src/stm32f4xx_hal_sd.c **** 
 481:Drivers/STM32F4xx_HAL_Driver/Src/stm32f4xx_hal_sd.c ****   /* Set SD power state to off */
 482:Drivers/STM32F4xx_HAL_Driver/Src/stm32f4xx_hal_sd.c ****   SD_PowerOFF(hsd);
 483:Drivers/STM32F4xx_HAL_Driver/Src/stm32f4xx_hal_sd.c **** 
 484:Drivers/STM32F4xx_HAL_Driver/Src/stm32f4xx_hal_sd.c **** #if defined (USE_HAL_SD_REGISTER_CALLBACKS) && (USE_HAL_SD_REGISTER_CALLBACKS == 1U)
 485:Drivers/STM32F4xx_HAL_Driver/Src/stm32f4xx_hal_sd.c ****   if(hsd->MspDeInitCallback == NULL)
 486:Drivers/STM32F4xx_HAL_Driver/Src/stm32f4xx_hal_sd.c ****   {
ARM GAS  C:\Users\40918\AppData\Local\Temp\cc5Xi7iV.s 			page 10


 487:Drivers/STM32F4xx_HAL_Driver/Src/stm32f4xx_hal_sd.c ****     hsd->MspDeInitCallback = HAL_SD_MspDeInit;
 488:Drivers/STM32F4xx_HAL_Driver/Src/stm32f4xx_hal_sd.c ****   }
 489:Drivers/STM32F4xx_HAL_Driver/Src/stm32f4xx_hal_sd.c **** 
 490:Drivers/STM32F4xx_HAL_Driver/Src/stm32f4xx_hal_sd.c ****   /* DeInit the low level hardware */
 491:Drivers/STM32F4xx_HAL_Driver/Src/stm32f4xx_hal_sd.c ****   hsd->MspDeInitCallback(hsd);
 492:Drivers/STM32F4xx_HAL_Driver/Src/stm32f4xx_hal_sd.c **** #else
 493:Drivers/STM32F4xx_HAL_Driver/Src/stm32f4xx_hal_sd.c ****   /* De-Initialize the MSP layer */
 494:Drivers/STM32F4xx_HAL_Driver/Src/stm32f4xx_hal_sd.c ****   HAL_SD_MspDeInit(hsd);
 495:Drivers/STM32F4xx_HAL_Driver/Src/stm32f4xx_hal_sd.c **** #endif /* USE_HAL_SD_REGISTER_CALLBACKS */
 496:Drivers/STM32F4xx_HAL_Driver/Src/stm32f4xx_hal_sd.c **** 
 497:Drivers/STM32F4xx_HAL_Driver/Src/stm32f4xx_hal_sd.c ****   hsd->ErrorCode = HAL_SD_ERROR_NONE;
 498:Drivers/STM32F4xx_HAL_Driver/Src/stm32f4xx_hal_sd.c ****   hsd->State = HAL_SD_STATE_RESET;
 499:Drivers/STM32F4xx_HAL_Driver/Src/stm32f4xx_hal_sd.c **** 
 500:Drivers/STM32F4xx_HAL_Driver/Src/stm32f4xx_hal_sd.c ****   return HAL_OK;
 501:Drivers/STM32F4xx_HAL_Driver/Src/stm32f4xx_hal_sd.c **** }
 502:Drivers/STM32F4xx_HAL_Driver/Src/stm32f4xx_hal_sd.c **** 
 503:Drivers/STM32F4xx_HAL_Driver/Src/stm32f4xx_hal_sd.c **** 
 504:Drivers/STM32F4xx_HAL_Driver/Src/stm32f4xx_hal_sd.c **** /**
 505:Drivers/STM32F4xx_HAL_Driver/Src/stm32f4xx_hal_sd.c ****   * @brief  Initializes the SD MSP.
 506:Drivers/STM32F4xx_HAL_Driver/Src/stm32f4xx_hal_sd.c ****   * @param  hsd: Pointer to SD handle
 507:Drivers/STM32F4xx_HAL_Driver/Src/stm32f4xx_hal_sd.c ****   * @retval None
 508:Drivers/STM32F4xx_HAL_Driver/Src/stm32f4xx_hal_sd.c ****   */
 509:Drivers/STM32F4xx_HAL_Driver/Src/stm32f4xx_hal_sd.c **** __weak void HAL_SD_MspInit(SD_HandleTypeDef *hsd)
 510:Drivers/STM32F4xx_HAL_Driver/Src/stm32f4xx_hal_sd.c **** {
 511:Drivers/STM32F4xx_HAL_Driver/Src/stm32f4xx_hal_sd.c ****   /* Prevent unused argument(s) compilation warning */
 512:Drivers/STM32F4xx_HAL_Driver/Src/stm32f4xx_hal_sd.c ****   UNUSED(hsd);
 513:Drivers/STM32F4xx_HAL_Driver/Src/stm32f4xx_hal_sd.c **** 
 514:Drivers/STM32F4xx_HAL_Driver/Src/stm32f4xx_hal_sd.c ****   /* NOTE : This function should not be modified, when the callback is needed,
 515:Drivers/STM32F4xx_HAL_Driver/Src/stm32f4xx_hal_sd.c ****             the HAL_SD_MspInit could be implemented in the user file
 516:Drivers/STM32F4xx_HAL_Driver/Src/stm32f4xx_hal_sd.c ****    */
 517:Drivers/STM32F4xx_HAL_Driver/Src/stm32f4xx_hal_sd.c **** }
 518:Drivers/STM32F4xx_HAL_Driver/Src/stm32f4xx_hal_sd.c **** 
 519:Drivers/STM32F4xx_HAL_Driver/Src/stm32f4xx_hal_sd.c **** /**
 520:Drivers/STM32F4xx_HAL_Driver/Src/stm32f4xx_hal_sd.c ****   * @brief  De-Initialize SD MSP.
 521:Drivers/STM32F4xx_HAL_Driver/Src/stm32f4xx_hal_sd.c ****   * @param  hsd: Pointer to SD handle
 522:Drivers/STM32F4xx_HAL_Driver/Src/stm32f4xx_hal_sd.c ****   * @retval None
 523:Drivers/STM32F4xx_HAL_Driver/Src/stm32f4xx_hal_sd.c ****   */
 524:Drivers/STM32F4xx_HAL_Driver/Src/stm32f4xx_hal_sd.c **** __weak void HAL_SD_MspDeInit(SD_HandleTypeDef *hsd)
 525:Drivers/STM32F4xx_HAL_Driver/Src/stm32f4xx_hal_sd.c **** {
 526:Drivers/STM32F4xx_HAL_Driver/Src/stm32f4xx_hal_sd.c ****   /* Prevent unused argument(s) compilation warning */
 527:Drivers/STM32F4xx_HAL_Driver/Src/stm32f4xx_hal_sd.c ****   UNUSED(hsd);
 528:Drivers/STM32F4xx_HAL_Driver/Src/stm32f4xx_hal_sd.c **** 
 529:Drivers/STM32F4xx_HAL_Driver/Src/stm32f4xx_hal_sd.c ****   /* NOTE : This function should not be modified, when the callback is needed,
 530:Drivers/STM32F4xx_HAL_Driver/Src/stm32f4xx_hal_sd.c ****             the HAL_SD_MspDeInit could be implemented in the user file
 531:Drivers/STM32F4xx_HAL_Driver/Src/stm32f4xx_hal_sd.c ****    */
 532:Drivers/STM32F4xx_HAL_Driver/Src/stm32f4xx_hal_sd.c **** }
 533:Drivers/STM32F4xx_HAL_Driver/Src/stm32f4xx_hal_sd.c **** 
 534:Drivers/STM32F4xx_HAL_Driver/Src/stm32f4xx_hal_sd.c **** /**
 535:Drivers/STM32F4xx_HAL_Driver/Src/stm32f4xx_hal_sd.c ****   * @}
 536:Drivers/STM32F4xx_HAL_Driver/Src/stm32f4xx_hal_sd.c ****   */
 537:Drivers/STM32F4xx_HAL_Driver/Src/stm32f4xx_hal_sd.c **** 
 538:Drivers/STM32F4xx_HAL_Driver/Src/stm32f4xx_hal_sd.c **** /** @addtogroup SD_Exported_Functions_Group2
 539:Drivers/STM32F4xx_HAL_Driver/Src/stm32f4xx_hal_sd.c ****  *  @brief   Data transfer functions
 540:Drivers/STM32F4xx_HAL_Driver/Src/stm32f4xx_hal_sd.c ****  *
 541:Drivers/STM32F4xx_HAL_Driver/Src/stm32f4xx_hal_sd.c **** @verbatim
 542:Drivers/STM32F4xx_HAL_Driver/Src/stm32f4xx_hal_sd.c ****   ==============================================================================
 543:Drivers/STM32F4xx_HAL_Driver/Src/stm32f4xx_hal_sd.c ****                         ##### IO operation functions #####
ARM GAS  C:\Users\40918\AppData\Local\Temp\cc5Xi7iV.s 			page 11


 544:Drivers/STM32F4xx_HAL_Driver/Src/stm32f4xx_hal_sd.c ****   ==============================================================================
 545:Drivers/STM32F4xx_HAL_Driver/Src/stm32f4xx_hal_sd.c ****   [..]
 546:Drivers/STM32F4xx_HAL_Driver/Src/stm32f4xx_hal_sd.c ****     This subsection provides a set of functions allowing to manage the data
 547:Drivers/STM32F4xx_HAL_Driver/Src/stm32f4xx_hal_sd.c ****     transfer from/to SD card.
 548:Drivers/STM32F4xx_HAL_Driver/Src/stm32f4xx_hal_sd.c **** 
 549:Drivers/STM32F4xx_HAL_Driver/Src/stm32f4xx_hal_sd.c **** @endverbatim
 550:Drivers/STM32F4xx_HAL_Driver/Src/stm32f4xx_hal_sd.c ****   * @{
 551:Drivers/STM32F4xx_HAL_Driver/Src/stm32f4xx_hal_sd.c ****   */
 552:Drivers/STM32F4xx_HAL_Driver/Src/stm32f4xx_hal_sd.c **** 
 553:Drivers/STM32F4xx_HAL_Driver/Src/stm32f4xx_hal_sd.c **** /**
 554:Drivers/STM32F4xx_HAL_Driver/Src/stm32f4xx_hal_sd.c ****   * @brief  Reads block(s) from a specified address in a card. The Data transfer
 555:Drivers/STM32F4xx_HAL_Driver/Src/stm32f4xx_hal_sd.c ****   *         is managed by polling mode.
 556:Drivers/STM32F4xx_HAL_Driver/Src/stm32f4xx_hal_sd.c ****   * @note   This API should be followed by a check on the card state through
 557:Drivers/STM32F4xx_HAL_Driver/Src/stm32f4xx_hal_sd.c ****   *         HAL_SD_GetCardState().
 558:Drivers/STM32F4xx_HAL_Driver/Src/stm32f4xx_hal_sd.c ****   * @param  hsd: Pointer to SD handle
 559:Drivers/STM32F4xx_HAL_Driver/Src/stm32f4xx_hal_sd.c ****   * @param  pData: pointer to the buffer that will contain the received data
 560:Drivers/STM32F4xx_HAL_Driver/Src/stm32f4xx_hal_sd.c ****   * @param  BlockAdd: Block Address from where data is to be read
 561:Drivers/STM32F4xx_HAL_Driver/Src/stm32f4xx_hal_sd.c ****   * @param  NumberOfBlocks: Number of SD blocks to read
 562:Drivers/STM32F4xx_HAL_Driver/Src/stm32f4xx_hal_sd.c ****   * @param  Timeout: Specify timeout value
 563:Drivers/STM32F4xx_HAL_Driver/Src/stm32f4xx_hal_sd.c ****   * @retval HAL status
 564:Drivers/STM32F4xx_HAL_Driver/Src/stm32f4xx_hal_sd.c ****   */
 565:Drivers/STM32F4xx_HAL_Driver/Src/stm32f4xx_hal_sd.c **** HAL_StatusTypeDef HAL_SD_ReadBlocks(SD_HandleTypeDef *hsd, uint8_t *pData, uint32_t BlockAdd, uint3
 566:Drivers/STM32F4xx_HAL_Driver/Src/stm32f4xx_hal_sd.c **** {
 567:Drivers/STM32F4xx_HAL_Driver/Src/stm32f4xx_hal_sd.c ****   SDIO_DataInitTypeDef config;
 568:Drivers/STM32F4xx_HAL_Driver/Src/stm32f4xx_hal_sd.c ****   uint32_t errorstate;
 569:Drivers/STM32F4xx_HAL_Driver/Src/stm32f4xx_hal_sd.c ****   uint32_t tickstart = HAL_GetTick();
 570:Drivers/STM32F4xx_HAL_Driver/Src/stm32f4xx_hal_sd.c ****   uint32_t count, data, dataremaining;
 571:Drivers/STM32F4xx_HAL_Driver/Src/stm32f4xx_hal_sd.c ****   uint32_t add = BlockAdd;
 572:Drivers/STM32F4xx_HAL_Driver/Src/stm32f4xx_hal_sd.c ****   uint8_t *tempbuff = pData;
 573:Drivers/STM32F4xx_HAL_Driver/Src/stm32f4xx_hal_sd.c **** 
 574:Drivers/STM32F4xx_HAL_Driver/Src/stm32f4xx_hal_sd.c ****   if(NULL == pData)
 575:Drivers/STM32F4xx_HAL_Driver/Src/stm32f4xx_hal_sd.c ****   {
 576:Drivers/STM32F4xx_HAL_Driver/Src/stm32f4xx_hal_sd.c ****     hsd->ErrorCode |= HAL_SD_ERROR_PARAM;
 577:Drivers/STM32F4xx_HAL_Driver/Src/stm32f4xx_hal_sd.c ****     return HAL_ERROR;
 578:Drivers/STM32F4xx_HAL_Driver/Src/stm32f4xx_hal_sd.c ****   }
 579:Drivers/STM32F4xx_HAL_Driver/Src/stm32f4xx_hal_sd.c **** 
 580:Drivers/STM32F4xx_HAL_Driver/Src/stm32f4xx_hal_sd.c ****   if(hsd->State == HAL_SD_STATE_READY)
 581:Drivers/STM32F4xx_HAL_Driver/Src/stm32f4xx_hal_sd.c ****   {
 582:Drivers/STM32F4xx_HAL_Driver/Src/stm32f4xx_hal_sd.c ****     hsd->ErrorCode = HAL_SD_ERROR_NONE;
 583:Drivers/STM32F4xx_HAL_Driver/Src/stm32f4xx_hal_sd.c **** 
 584:Drivers/STM32F4xx_HAL_Driver/Src/stm32f4xx_hal_sd.c ****     if((add + NumberOfBlocks) > (hsd->SdCard.LogBlockNbr))
 585:Drivers/STM32F4xx_HAL_Driver/Src/stm32f4xx_hal_sd.c ****     {
 586:Drivers/STM32F4xx_HAL_Driver/Src/stm32f4xx_hal_sd.c ****       hsd->ErrorCode |= HAL_SD_ERROR_ADDR_OUT_OF_RANGE;
 587:Drivers/STM32F4xx_HAL_Driver/Src/stm32f4xx_hal_sd.c ****       return HAL_ERROR;
 588:Drivers/STM32F4xx_HAL_Driver/Src/stm32f4xx_hal_sd.c ****     }
 589:Drivers/STM32F4xx_HAL_Driver/Src/stm32f4xx_hal_sd.c **** 
 590:Drivers/STM32F4xx_HAL_Driver/Src/stm32f4xx_hal_sd.c ****     hsd->State = HAL_SD_STATE_BUSY;
 591:Drivers/STM32F4xx_HAL_Driver/Src/stm32f4xx_hal_sd.c **** 
 592:Drivers/STM32F4xx_HAL_Driver/Src/stm32f4xx_hal_sd.c ****     /* Initialize data control register */
 593:Drivers/STM32F4xx_HAL_Driver/Src/stm32f4xx_hal_sd.c ****     hsd->Instance->DCTRL = 0U;
 594:Drivers/STM32F4xx_HAL_Driver/Src/stm32f4xx_hal_sd.c **** 
 595:Drivers/STM32F4xx_HAL_Driver/Src/stm32f4xx_hal_sd.c ****     if(hsd->SdCard.CardType != CARD_SDHC_SDXC)
 596:Drivers/STM32F4xx_HAL_Driver/Src/stm32f4xx_hal_sd.c ****     {
 597:Drivers/STM32F4xx_HAL_Driver/Src/stm32f4xx_hal_sd.c ****       add *= 512U;
 598:Drivers/STM32F4xx_HAL_Driver/Src/stm32f4xx_hal_sd.c ****     }
 599:Drivers/STM32F4xx_HAL_Driver/Src/stm32f4xx_hal_sd.c **** 
 600:Drivers/STM32F4xx_HAL_Driver/Src/stm32f4xx_hal_sd.c ****     /* Configure the SD DPSM (Data Path State Machine) */
ARM GAS  C:\Users\40918\AppData\Local\Temp\cc5Xi7iV.s 			page 12


 601:Drivers/STM32F4xx_HAL_Driver/Src/stm32f4xx_hal_sd.c ****     config.DataTimeOut   = SDMMC_DATATIMEOUT;
 602:Drivers/STM32F4xx_HAL_Driver/Src/stm32f4xx_hal_sd.c ****     config.DataLength    = NumberOfBlocks * BLOCKSIZE;
 603:Drivers/STM32F4xx_HAL_Driver/Src/stm32f4xx_hal_sd.c ****     config.DataBlockSize = SDIO_DATABLOCK_SIZE_512B;
 604:Drivers/STM32F4xx_HAL_Driver/Src/stm32f4xx_hal_sd.c ****     config.TransferDir   = SDIO_TRANSFER_DIR_TO_SDIO;
 605:Drivers/STM32F4xx_HAL_Driver/Src/stm32f4xx_hal_sd.c ****     config.TransferMode  = SDIO_TRANSFER_MODE_BLOCK;
 606:Drivers/STM32F4xx_HAL_Driver/Src/stm32f4xx_hal_sd.c ****     config.DPSM          = SDIO_DPSM_ENABLE;
 607:Drivers/STM32F4xx_HAL_Driver/Src/stm32f4xx_hal_sd.c ****     (void)SDIO_ConfigData(hsd->Instance, &config);
 608:Drivers/STM32F4xx_HAL_Driver/Src/stm32f4xx_hal_sd.c **** 
 609:Drivers/STM32F4xx_HAL_Driver/Src/stm32f4xx_hal_sd.c ****     /* Read block(s) in polling mode */
 610:Drivers/STM32F4xx_HAL_Driver/Src/stm32f4xx_hal_sd.c ****     if(NumberOfBlocks > 1U)
 611:Drivers/STM32F4xx_HAL_Driver/Src/stm32f4xx_hal_sd.c ****     {
 612:Drivers/STM32F4xx_HAL_Driver/Src/stm32f4xx_hal_sd.c ****       hsd->Context = SD_CONTEXT_READ_MULTIPLE_BLOCK;
 613:Drivers/STM32F4xx_HAL_Driver/Src/stm32f4xx_hal_sd.c **** 
 614:Drivers/STM32F4xx_HAL_Driver/Src/stm32f4xx_hal_sd.c ****       /* Read Multi Block command */
 615:Drivers/STM32F4xx_HAL_Driver/Src/stm32f4xx_hal_sd.c ****       errorstate = SDMMC_CmdReadMultiBlock(hsd->Instance, add);
 616:Drivers/STM32F4xx_HAL_Driver/Src/stm32f4xx_hal_sd.c ****     }
 617:Drivers/STM32F4xx_HAL_Driver/Src/stm32f4xx_hal_sd.c ****     else
 618:Drivers/STM32F4xx_HAL_Driver/Src/stm32f4xx_hal_sd.c ****     {
 619:Drivers/STM32F4xx_HAL_Driver/Src/stm32f4xx_hal_sd.c ****       hsd->Context = SD_CONTEXT_READ_SINGLE_BLOCK;
 620:Drivers/STM32F4xx_HAL_Driver/Src/stm32f4xx_hal_sd.c **** 
 621:Drivers/STM32F4xx_HAL_Driver/Src/stm32f4xx_hal_sd.c ****       /* Read Single Block command */
 622:Drivers/STM32F4xx_HAL_Driver/Src/stm32f4xx_hal_sd.c ****       errorstate = SDMMC_CmdReadSingleBlock(hsd->Instance, add);
 623:Drivers/STM32F4xx_HAL_Driver/Src/stm32f4xx_hal_sd.c ****     }
 624:Drivers/STM32F4xx_HAL_Driver/Src/stm32f4xx_hal_sd.c ****     if(errorstate != HAL_SD_ERROR_NONE)
 625:Drivers/STM32F4xx_HAL_Driver/Src/stm32f4xx_hal_sd.c ****     {
 626:Drivers/STM32F4xx_HAL_Driver/Src/stm32f4xx_hal_sd.c ****       /* Clear all the static flags */
 627:Drivers/STM32F4xx_HAL_Driver/Src/stm32f4xx_hal_sd.c ****       __HAL_SD_CLEAR_FLAG(hsd, SDIO_STATIC_FLAGS);
 628:Drivers/STM32F4xx_HAL_Driver/Src/stm32f4xx_hal_sd.c ****       hsd->ErrorCode |= errorstate;
 629:Drivers/STM32F4xx_HAL_Driver/Src/stm32f4xx_hal_sd.c ****       hsd->State = HAL_SD_STATE_READY;
 630:Drivers/STM32F4xx_HAL_Driver/Src/stm32f4xx_hal_sd.c ****       hsd->Context = SD_CONTEXT_NONE;
 631:Drivers/STM32F4xx_HAL_Driver/Src/stm32f4xx_hal_sd.c ****       return HAL_ERROR;
 632:Drivers/STM32F4xx_HAL_Driver/Src/stm32f4xx_hal_sd.c ****     }
 633:Drivers/STM32F4xx_HAL_Driver/Src/stm32f4xx_hal_sd.c **** 
 634:Drivers/STM32F4xx_HAL_Driver/Src/stm32f4xx_hal_sd.c ****     /* Poll on SDIO flags */
 635:Drivers/STM32F4xx_HAL_Driver/Src/stm32f4xx_hal_sd.c ****     dataremaining = config.DataLength;
 636:Drivers/STM32F4xx_HAL_Driver/Src/stm32f4xx_hal_sd.c **** #if defined(SDIO_STA_STBITERR)
 637:Drivers/STM32F4xx_HAL_Driver/Src/stm32f4xx_hal_sd.c ****     while(!__HAL_SD_GET_FLAG(hsd, SDIO_FLAG_RXOVERR | SDIO_FLAG_DCRCFAIL | SDIO_FLAG_DTIMEOUT | SDI
 638:Drivers/STM32F4xx_HAL_Driver/Src/stm32f4xx_hal_sd.c **** #else /* SDIO_STA_STBITERR not defined */
 639:Drivers/STM32F4xx_HAL_Driver/Src/stm32f4xx_hal_sd.c ****     while(!__HAL_SD_GET_FLAG(hsd, SDIO_FLAG_RXOVERR | SDIO_FLAG_DCRCFAIL | SDIO_FLAG_DTIMEOUT | SDI
 640:Drivers/STM32F4xx_HAL_Driver/Src/stm32f4xx_hal_sd.c **** #endif /* SDIO_STA_STBITERR */
 641:Drivers/STM32F4xx_HAL_Driver/Src/stm32f4xx_hal_sd.c ****     {
 642:Drivers/STM32F4xx_HAL_Driver/Src/stm32f4xx_hal_sd.c ****       if(__HAL_SD_GET_FLAG(hsd, SDIO_FLAG_RXFIFOHF) && (dataremaining > 0U))
 643:Drivers/STM32F4xx_HAL_Driver/Src/stm32f4xx_hal_sd.c ****       {
 644:Drivers/STM32F4xx_HAL_Driver/Src/stm32f4xx_hal_sd.c ****         /* Read data from SDIO Rx FIFO */
 645:Drivers/STM32F4xx_HAL_Driver/Src/stm32f4xx_hal_sd.c ****         for(count = 0U; count < 8U; count++)
 646:Drivers/STM32F4xx_HAL_Driver/Src/stm32f4xx_hal_sd.c ****         {
 647:Drivers/STM32F4xx_HAL_Driver/Src/stm32f4xx_hal_sd.c ****           data = SDIO_ReadFIFO(hsd->Instance);
 648:Drivers/STM32F4xx_HAL_Driver/Src/stm32f4xx_hal_sd.c ****           *tempbuff = (uint8_t)(data & 0xFFU);
 649:Drivers/STM32F4xx_HAL_Driver/Src/stm32f4xx_hal_sd.c ****           tempbuff++;
 650:Drivers/STM32F4xx_HAL_Driver/Src/stm32f4xx_hal_sd.c ****           dataremaining--;
 651:Drivers/STM32F4xx_HAL_Driver/Src/stm32f4xx_hal_sd.c ****           *tempbuff = (uint8_t)((data >> 8U) & 0xFFU);
 652:Drivers/STM32F4xx_HAL_Driver/Src/stm32f4xx_hal_sd.c ****           tempbuff++;
 653:Drivers/STM32F4xx_HAL_Driver/Src/stm32f4xx_hal_sd.c ****           dataremaining--;
 654:Drivers/STM32F4xx_HAL_Driver/Src/stm32f4xx_hal_sd.c ****           *tempbuff = (uint8_t)((data >> 16U) & 0xFFU);
 655:Drivers/STM32F4xx_HAL_Driver/Src/stm32f4xx_hal_sd.c ****           tempbuff++;
 656:Drivers/STM32F4xx_HAL_Driver/Src/stm32f4xx_hal_sd.c ****           dataremaining--;
 657:Drivers/STM32F4xx_HAL_Driver/Src/stm32f4xx_hal_sd.c ****           *tempbuff = (uint8_t)((data >> 24U) & 0xFFU);
ARM GAS  C:\Users\40918\AppData\Local\Temp\cc5Xi7iV.s 			page 13


 658:Drivers/STM32F4xx_HAL_Driver/Src/stm32f4xx_hal_sd.c ****           tempbuff++;
 659:Drivers/STM32F4xx_HAL_Driver/Src/stm32f4xx_hal_sd.c ****           dataremaining--;
 660:Drivers/STM32F4xx_HAL_Driver/Src/stm32f4xx_hal_sd.c ****         }
 661:Drivers/STM32F4xx_HAL_Driver/Src/stm32f4xx_hal_sd.c ****       }
 662:Drivers/STM32F4xx_HAL_Driver/Src/stm32f4xx_hal_sd.c **** 
 663:Drivers/STM32F4xx_HAL_Driver/Src/stm32f4xx_hal_sd.c ****       if(((HAL_GetTick()-tickstart) >=  Timeout) || (Timeout == 0U))
 664:Drivers/STM32F4xx_HAL_Driver/Src/stm32f4xx_hal_sd.c ****       {
 665:Drivers/STM32F4xx_HAL_Driver/Src/stm32f4xx_hal_sd.c ****         /* Clear all the static flags */
 666:Drivers/STM32F4xx_HAL_Driver/Src/stm32f4xx_hal_sd.c ****         __HAL_SD_CLEAR_FLAG(hsd, SDIO_STATIC_FLAGS);
 667:Drivers/STM32F4xx_HAL_Driver/Src/stm32f4xx_hal_sd.c ****         hsd->ErrorCode |= HAL_SD_ERROR_TIMEOUT;
 668:Drivers/STM32F4xx_HAL_Driver/Src/stm32f4xx_hal_sd.c ****         hsd->State= HAL_SD_STATE_READY;
 669:Drivers/STM32F4xx_HAL_Driver/Src/stm32f4xx_hal_sd.c ****         hsd->Context = SD_CONTEXT_NONE;
 670:Drivers/STM32F4xx_HAL_Driver/Src/stm32f4xx_hal_sd.c ****         return HAL_TIMEOUT;
 671:Drivers/STM32F4xx_HAL_Driver/Src/stm32f4xx_hal_sd.c ****       }
 672:Drivers/STM32F4xx_HAL_Driver/Src/stm32f4xx_hal_sd.c ****     }
 673:Drivers/STM32F4xx_HAL_Driver/Src/stm32f4xx_hal_sd.c ****     
 674:Drivers/STM32F4xx_HAL_Driver/Src/stm32f4xx_hal_sd.c ****     /* Send stop transmission command in case of multiblock read */
 675:Drivers/STM32F4xx_HAL_Driver/Src/stm32f4xx_hal_sd.c ****     if(__HAL_SD_GET_FLAG(hsd, SDIO_FLAG_DATAEND) && (NumberOfBlocks > 1U))
 676:Drivers/STM32F4xx_HAL_Driver/Src/stm32f4xx_hal_sd.c ****     {
 677:Drivers/STM32F4xx_HAL_Driver/Src/stm32f4xx_hal_sd.c ****       if(hsd->SdCard.CardType != CARD_SECURED)
 678:Drivers/STM32F4xx_HAL_Driver/Src/stm32f4xx_hal_sd.c ****       {
 679:Drivers/STM32F4xx_HAL_Driver/Src/stm32f4xx_hal_sd.c ****         /* Send stop transmission command */
 680:Drivers/STM32F4xx_HAL_Driver/Src/stm32f4xx_hal_sd.c ****         errorstate = SDMMC_CmdStopTransfer(hsd->Instance);
 681:Drivers/STM32F4xx_HAL_Driver/Src/stm32f4xx_hal_sd.c ****         if(errorstate != HAL_SD_ERROR_NONE)
 682:Drivers/STM32F4xx_HAL_Driver/Src/stm32f4xx_hal_sd.c ****         {
 683:Drivers/STM32F4xx_HAL_Driver/Src/stm32f4xx_hal_sd.c ****           /* Clear all the static flags */
 684:Drivers/STM32F4xx_HAL_Driver/Src/stm32f4xx_hal_sd.c ****           __HAL_SD_CLEAR_FLAG(hsd, SDIO_STATIC_FLAGS);
 685:Drivers/STM32F4xx_HAL_Driver/Src/stm32f4xx_hal_sd.c ****           hsd->ErrorCode |= errorstate;
 686:Drivers/STM32F4xx_HAL_Driver/Src/stm32f4xx_hal_sd.c ****           hsd->State = HAL_SD_STATE_READY;
 687:Drivers/STM32F4xx_HAL_Driver/Src/stm32f4xx_hal_sd.c ****           hsd->Context = SD_CONTEXT_NONE;
 688:Drivers/STM32F4xx_HAL_Driver/Src/stm32f4xx_hal_sd.c ****           return HAL_ERROR;
 689:Drivers/STM32F4xx_HAL_Driver/Src/stm32f4xx_hal_sd.c ****         }
 690:Drivers/STM32F4xx_HAL_Driver/Src/stm32f4xx_hal_sd.c ****       }
 691:Drivers/STM32F4xx_HAL_Driver/Src/stm32f4xx_hal_sd.c ****     }
 692:Drivers/STM32F4xx_HAL_Driver/Src/stm32f4xx_hal_sd.c **** 
 693:Drivers/STM32F4xx_HAL_Driver/Src/stm32f4xx_hal_sd.c ****     /* Get error state */
 694:Drivers/STM32F4xx_HAL_Driver/Src/stm32f4xx_hal_sd.c **** #if defined(SDIO_STA_STBITERR)
 695:Drivers/STM32F4xx_HAL_Driver/Src/stm32f4xx_hal_sd.c ****     if(__HAL_SD_GET_FLAG(hsd, SDIO_FLAG_DTIMEOUT) || (__HAL_SD_GET_FLAG(hsd, SDIO_FLAG_STBITERR)))
 696:Drivers/STM32F4xx_HAL_Driver/Src/stm32f4xx_hal_sd.c **** #else /* SDIO_STA_STBITERR not defined */
 697:Drivers/STM32F4xx_HAL_Driver/Src/stm32f4xx_hal_sd.c ****     if(__HAL_SD_GET_FLAG(hsd, SDIO_FLAG_DTIMEOUT))
 698:Drivers/STM32F4xx_HAL_Driver/Src/stm32f4xx_hal_sd.c **** #endif /* SDIO_STA_STBITERR */
 699:Drivers/STM32F4xx_HAL_Driver/Src/stm32f4xx_hal_sd.c ****     {
 700:Drivers/STM32F4xx_HAL_Driver/Src/stm32f4xx_hal_sd.c ****       /* Clear all the static flags */
 701:Drivers/STM32F4xx_HAL_Driver/Src/stm32f4xx_hal_sd.c ****       __HAL_SD_CLEAR_FLAG(hsd, SDIO_STATIC_FLAGS);
 702:Drivers/STM32F4xx_HAL_Driver/Src/stm32f4xx_hal_sd.c ****       hsd->ErrorCode |= HAL_SD_ERROR_DATA_TIMEOUT;
 703:Drivers/STM32F4xx_HAL_Driver/Src/stm32f4xx_hal_sd.c ****       hsd->State = HAL_SD_STATE_READY;
 704:Drivers/STM32F4xx_HAL_Driver/Src/stm32f4xx_hal_sd.c ****       hsd->Context = SD_CONTEXT_NONE;
 705:Drivers/STM32F4xx_HAL_Driver/Src/stm32f4xx_hal_sd.c ****       return HAL_ERROR;
 706:Drivers/STM32F4xx_HAL_Driver/Src/stm32f4xx_hal_sd.c ****     }
 707:Drivers/STM32F4xx_HAL_Driver/Src/stm32f4xx_hal_sd.c ****     else if(__HAL_SD_GET_FLAG(hsd, SDIO_FLAG_DCRCFAIL))
 708:Drivers/STM32F4xx_HAL_Driver/Src/stm32f4xx_hal_sd.c ****     {
 709:Drivers/STM32F4xx_HAL_Driver/Src/stm32f4xx_hal_sd.c ****       /* Clear all the static flags */
 710:Drivers/STM32F4xx_HAL_Driver/Src/stm32f4xx_hal_sd.c ****       __HAL_SD_CLEAR_FLAG(hsd, SDIO_STATIC_FLAGS);
 711:Drivers/STM32F4xx_HAL_Driver/Src/stm32f4xx_hal_sd.c ****       hsd->ErrorCode |= HAL_SD_ERROR_DATA_CRC_FAIL;
 712:Drivers/STM32F4xx_HAL_Driver/Src/stm32f4xx_hal_sd.c ****       hsd->State = HAL_SD_STATE_READY;
 713:Drivers/STM32F4xx_HAL_Driver/Src/stm32f4xx_hal_sd.c ****       hsd->Context = SD_CONTEXT_NONE;
 714:Drivers/STM32F4xx_HAL_Driver/Src/stm32f4xx_hal_sd.c ****       return HAL_ERROR;
ARM GAS  C:\Users\40918\AppData\Local\Temp\cc5Xi7iV.s 			page 14


 715:Drivers/STM32F4xx_HAL_Driver/Src/stm32f4xx_hal_sd.c ****     }
 716:Drivers/STM32F4xx_HAL_Driver/Src/stm32f4xx_hal_sd.c ****     else if(__HAL_SD_GET_FLAG(hsd, SDIO_FLAG_RXOVERR))
 717:Drivers/STM32F4xx_HAL_Driver/Src/stm32f4xx_hal_sd.c ****     {
 718:Drivers/STM32F4xx_HAL_Driver/Src/stm32f4xx_hal_sd.c ****       /* Clear all the static flags */
 719:Drivers/STM32F4xx_HAL_Driver/Src/stm32f4xx_hal_sd.c ****       __HAL_SD_CLEAR_FLAG(hsd, SDIO_STATIC_FLAGS);
 720:Drivers/STM32F4xx_HAL_Driver/Src/stm32f4xx_hal_sd.c ****       hsd->ErrorCode |= HAL_SD_ERROR_RX_OVERRUN;
 721:Drivers/STM32F4xx_HAL_Driver/Src/stm32f4xx_hal_sd.c ****       hsd->State = HAL_SD_STATE_READY;
 722:Drivers/STM32F4xx_HAL_Driver/Src/stm32f4xx_hal_sd.c ****       hsd->Context = SD_CONTEXT_NONE;
 723:Drivers/STM32F4xx_HAL_Driver/Src/stm32f4xx_hal_sd.c ****       return HAL_ERROR;
 724:Drivers/STM32F4xx_HAL_Driver/Src/stm32f4xx_hal_sd.c ****     }
 725:Drivers/STM32F4xx_HAL_Driver/Src/stm32f4xx_hal_sd.c ****     else
 726:Drivers/STM32F4xx_HAL_Driver/Src/stm32f4xx_hal_sd.c ****     {
 727:Drivers/STM32F4xx_HAL_Driver/Src/stm32f4xx_hal_sd.c ****       /* Nothing to do */
 728:Drivers/STM32F4xx_HAL_Driver/Src/stm32f4xx_hal_sd.c ****     }
 729:Drivers/STM32F4xx_HAL_Driver/Src/stm32f4xx_hal_sd.c **** 
 730:Drivers/STM32F4xx_HAL_Driver/Src/stm32f4xx_hal_sd.c ****     /* Empty FIFO if there is still any data */
 731:Drivers/STM32F4xx_HAL_Driver/Src/stm32f4xx_hal_sd.c ****     while ((__HAL_SD_GET_FLAG(hsd, SDIO_FLAG_RXDAVL)) && (dataremaining > 0U))
 732:Drivers/STM32F4xx_HAL_Driver/Src/stm32f4xx_hal_sd.c ****     {
 733:Drivers/STM32F4xx_HAL_Driver/Src/stm32f4xx_hal_sd.c ****       data = SDIO_ReadFIFO(hsd->Instance);
 734:Drivers/STM32F4xx_HAL_Driver/Src/stm32f4xx_hal_sd.c ****       *tempbuff = (uint8_t)(data & 0xFFU);
 735:Drivers/STM32F4xx_HAL_Driver/Src/stm32f4xx_hal_sd.c ****       tempbuff++;
 736:Drivers/STM32F4xx_HAL_Driver/Src/stm32f4xx_hal_sd.c ****       dataremaining--;
 737:Drivers/STM32F4xx_HAL_Driver/Src/stm32f4xx_hal_sd.c ****       *tempbuff = (uint8_t)((data >> 8U) & 0xFFU);
 738:Drivers/STM32F4xx_HAL_Driver/Src/stm32f4xx_hal_sd.c ****       tempbuff++;
 739:Drivers/STM32F4xx_HAL_Driver/Src/stm32f4xx_hal_sd.c ****       dataremaining--;
 740:Drivers/STM32F4xx_HAL_Driver/Src/stm32f4xx_hal_sd.c ****       *tempbuff = (uint8_t)((data >> 16U) & 0xFFU);
 741:Drivers/STM32F4xx_HAL_Driver/Src/stm32f4xx_hal_sd.c ****       tempbuff++;
 742:Drivers/STM32F4xx_HAL_Driver/Src/stm32f4xx_hal_sd.c ****       dataremaining--;
 743:Drivers/STM32F4xx_HAL_Driver/Src/stm32f4xx_hal_sd.c ****       *tempbuff = (uint8_t)((data >> 24U) & 0xFFU);
 744:Drivers/STM32F4xx_HAL_Driver/Src/stm32f4xx_hal_sd.c ****       tempbuff++;
 745:Drivers/STM32F4xx_HAL_Driver/Src/stm32f4xx_hal_sd.c ****       dataremaining--;
 746:Drivers/STM32F4xx_HAL_Driver/Src/stm32f4xx_hal_sd.c **** 
 747:Drivers/STM32F4xx_HAL_Driver/Src/stm32f4xx_hal_sd.c ****       if(((HAL_GetTick()-tickstart) >=  Timeout) || (Timeout == 0U))
 748:Drivers/STM32F4xx_HAL_Driver/Src/stm32f4xx_hal_sd.c ****       {
 749:Drivers/STM32F4xx_HAL_Driver/Src/stm32f4xx_hal_sd.c ****         /* Clear all the static flags */
 750:Drivers/STM32F4xx_HAL_Driver/Src/stm32f4xx_hal_sd.c ****         __HAL_SD_CLEAR_FLAG(hsd, SDIO_STATIC_FLAGS);
 751:Drivers/STM32F4xx_HAL_Driver/Src/stm32f4xx_hal_sd.c ****         hsd->ErrorCode |= HAL_SD_ERROR_TIMEOUT;
 752:Drivers/STM32F4xx_HAL_Driver/Src/stm32f4xx_hal_sd.c ****         hsd->State= HAL_SD_STATE_READY;
 753:Drivers/STM32F4xx_HAL_Driver/Src/stm32f4xx_hal_sd.c ****         hsd->Context = SD_CONTEXT_NONE;
 754:Drivers/STM32F4xx_HAL_Driver/Src/stm32f4xx_hal_sd.c ****         return HAL_ERROR;
 755:Drivers/STM32F4xx_HAL_Driver/Src/stm32f4xx_hal_sd.c ****       }
 756:Drivers/STM32F4xx_HAL_Driver/Src/stm32f4xx_hal_sd.c ****     }
 757:Drivers/STM32F4xx_HAL_Driver/Src/stm32f4xx_hal_sd.c **** 
 758:Drivers/STM32F4xx_HAL_Driver/Src/stm32f4xx_hal_sd.c ****     /* Clear all the static flags */
 759:Drivers/STM32F4xx_HAL_Driver/Src/stm32f4xx_hal_sd.c ****     __HAL_SD_CLEAR_FLAG(hsd, SDIO_STATIC_DATA_FLAGS);
 760:Drivers/STM32F4xx_HAL_Driver/Src/stm32f4xx_hal_sd.c **** 
 761:Drivers/STM32F4xx_HAL_Driver/Src/stm32f4xx_hal_sd.c ****     hsd->State = HAL_SD_STATE_READY;
 762:Drivers/STM32F4xx_HAL_Driver/Src/stm32f4xx_hal_sd.c **** 
 763:Drivers/STM32F4xx_HAL_Driver/Src/stm32f4xx_hal_sd.c ****     return HAL_OK;
 764:Drivers/STM32F4xx_HAL_Driver/Src/stm32f4xx_hal_sd.c ****   }
 765:Drivers/STM32F4xx_HAL_Driver/Src/stm32f4xx_hal_sd.c ****   else
 766:Drivers/STM32F4xx_HAL_Driver/Src/stm32f4xx_hal_sd.c ****   {
 767:Drivers/STM32F4xx_HAL_Driver/Src/stm32f4xx_hal_sd.c ****     hsd->ErrorCode |= HAL_SD_ERROR_BUSY;
 768:Drivers/STM32F4xx_HAL_Driver/Src/stm32f4xx_hal_sd.c ****     return HAL_ERROR;
 769:Drivers/STM32F4xx_HAL_Driver/Src/stm32f4xx_hal_sd.c ****   }
 770:Drivers/STM32F4xx_HAL_Driver/Src/stm32f4xx_hal_sd.c **** }
 771:Drivers/STM32F4xx_HAL_Driver/Src/stm32f4xx_hal_sd.c **** 
ARM GAS  C:\Users\40918\AppData\Local\Temp\cc5Xi7iV.s 			page 15


 772:Drivers/STM32F4xx_HAL_Driver/Src/stm32f4xx_hal_sd.c **** /**
 773:Drivers/STM32F4xx_HAL_Driver/Src/stm32f4xx_hal_sd.c ****   * @brief  Allows to write block(s) to a specified address in a card. The Data
 774:Drivers/STM32F4xx_HAL_Driver/Src/stm32f4xx_hal_sd.c ****   *         transfer is managed by polling mode.
 775:Drivers/STM32F4xx_HAL_Driver/Src/stm32f4xx_hal_sd.c ****   * @note   This API should be followed by a check on the card state through
 776:Drivers/STM32F4xx_HAL_Driver/Src/stm32f4xx_hal_sd.c ****   *         HAL_SD_GetCardState().
 777:Drivers/STM32F4xx_HAL_Driver/Src/stm32f4xx_hal_sd.c ****   * @param  hsd: Pointer to SD handle
 778:Drivers/STM32F4xx_HAL_Driver/Src/stm32f4xx_hal_sd.c ****   * @param  pData: pointer to the buffer that will contain the data to transmit
 779:Drivers/STM32F4xx_HAL_Driver/Src/stm32f4xx_hal_sd.c ****   * @param  BlockAdd: Block Address where data will be written
 780:Drivers/STM32F4xx_HAL_Driver/Src/stm32f4xx_hal_sd.c ****   * @param  NumberOfBlocks: Number of SD blocks to write
 781:Drivers/STM32F4xx_HAL_Driver/Src/stm32f4xx_hal_sd.c ****   * @param  Timeout: Specify timeout value
 782:Drivers/STM32F4xx_HAL_Driver/Src/stm32f4xx_hal_sd.c ****   * @retval HAL status
 783:Drivers/STM32F4xx_HAL_Driver/Src/stm32f4xx_hal_sd.c ****   */
 784:Drivers/STM32F4xx_HAL_Driver/Src/stm32f4xx_hal_sd.c **** HAL_StatusTypeDef HAL_SD_WriteBlocks(SD_HandleTypeDef *hsd, uint8_t *pData, uint32_t BlockAdd, uint
 785:Drivers/STM32F4xx_HAL_Driver/Src/stm32f4xx_hal_sd.c **** {
 786:Drivers/STM32F4xx_HAL_Driver/Src/stm32f4xx_hal_sd.c ****   SDIO_DataInitTypeDef config;
 787:Drivers/STM32F4xx_HAL_Driver/Src/stm32f4xx_hal_sd.c ****   uint32_t errorstate;
 788:Drivers/STM32F4xx_HAL_Driver/Src/stm32f4xx_hal_sd.c ****   uint32_t tickstart = HAL_GetTick();
 789:Drivers/STM32F4xx_HAL_Driver/Src/stm32f4xx_hal_sd.c ****   uint32_t count, data, dataremaining;
 790:Drivers/STM32F4xx_HAL_Driver/Src/stm32f4xx_hal_sd.c ****   uint32_t add = BlockAdd;
 791:Drivers/STM32F4xx_HAL_Driver/Src/stm32f4xx_hal_sd.c ****   uint8_t *tempbuff = pData;
 792:Drivers/STM32F4xx_HAL_Driver/Src/stm32f4xx_hal_sd.c **** 
 793:Drivers/STM32F4xx_HAL_Driver/Src/stm32f4xx_hal_sd.c ****   if(NULL == pData)
 794:Drivers/STM32F4xx_HAL_Driver/Src/stm32f4xx_hal_sd.c ****   {
 795:Drivers/STM32F4xx_HAL_Driver/Src/stm32f4xx_hal_sd.c ****     hsd->ErrorCode |= HAL_SD_ERROR_PARAM;
 796:Drivers/STM32F4xx_HAL_Driver/Src/stm32f4xx_hal_sd.c ****     return HAL_ERROR;
 797:Drivers/STM32F4xx_HAL_Driver/Src/stm32f4xx_hal_sd.c ****   }
 798:Drivers/STM32F4xx_HAL_Driver/Src/stm32f4xx_hal_sd.c **** 
 799:Drivers/STM32F4xx_HAL_Driver/Src/stm32f4xx_hal_sd.c ****   if(hsd->State == HAL_SD_STATE_READY)
 800:Drivers/STM32F4xx_HAL_Driver/Src/stm32f4xx_hal_sd.c ****   {
 801:Drivers/STM32F4xx_HAL_Driver/Src/stm32f4xx_hal_sd.c ****     hsd->ErrorCode = HAL_SD_ERROR_NONE;
 802:Drivers/STM32F4xx_HAL_Driver/Src/stm32f4xx_hal_sd.c **** 
 803:Drivers/STM32F4xx_HAL_Driver/Src/stm32f4xx_hal_sd.c ****     if((add + NumberOfBlocks) > (hsd->SdCard.LogBlockNbr))
 804:Drivers/STM32F4xx_HAL_Driver/Src/stm32f4xx_hal_sd.c ****     {
 805:Drivers/STM32F4xx_HAL_Driver/Src/stm32f4xx_hal_sd.c ****       hsd->ErrorCode |= HAL_SD_ERROR_ADDR_OUT_OF_RANGE;
 806:Drivers/STM32F4xx_HAL_Driver/Src/stm32f4xx_hal_sd.c ****       return HAL_ERROR;
 807:Drivers/STM32F4xx_HAL_Driver/Src/stm32f4xx_hal_sd.c ****     }
 808:Drivers/STM32F4xx_HAL_Driver/Src/stm32f4xx_hal_sd.c **** 
 809:Drivers/STM32F4xx_HAL_Driver/Src/stm32f4xx_hal_sd.c ****     hsd->State = HAL_SD_STATE_BUSY;
 810:Drivers/STM32F4xx_HAL_Driver/Src/stm32f4xx_hal_sd.c **** 
 811:Drivers/STM32F4xx_HAL_Driver/Src/stm32f4xx_hal_sd.c ****     /* Initialize data control register */
 812:Drivers/STM32F4xx_HAL_Driver/Src/stm32f4xx_hal_sd.c ****     hsd->Instance->DCTRL = 0U;
 813:Drivers/STM32F4xx_HAL_Driver/Src/stm32f4xx_hal_sd.c **** 
 814:Drivers/STM32F4xx_HAL_Driver/Src/stm32f4xx_hal_sd.c ****     if(hsd->SdCard.CardType != CARD_SDHC_SDXC)
 815:Drivers/STM32F4xx_HAL_Driver/Src/stm32f4xx_hal_sd.c ****     {
 816:Drivers/STM32F4xx_HAL_Driver/Src/stm32f4xx_hal_sd.c ****       add *= 512U;
 817:Drivers/STM32F4xx_HAL_Driver/Src/stm32f4xx_hal_sd.c ****     }
 818:Drivers/STM32F4xx_HAL_Driver/Src/stm32f4xx_hal_sd.c **** 
 819:Drivers/STM32F4xx_HAL_Driver/Src/stm32f4xx_hal_sd.c ****     /* Configure the SD DPSM (Data Path State Machine) */
 820:Drivers/STM32F4xx_HAL_Driver/Src/stm32f4xx_hal_sd.c ****     config.DataTimeOut   = SDMMC_DATATIMEOUT;
 821:Drivers/STM32F4xx_HAL_Driver/Src/stm32f4xx_hal_sd.c ****     config.DataLength    = NumberOfBlocks * BLOCKSIZE;
 822:Drivers/STM32F4xx_HAL_Driver/Src/stm32f4xx_hal_sd.c ****     config.DataBlockSize = SDIO_DATABLOCK_SIZE_512B;
 823:Drivers/STM32F4xx_HAL_Driver/Src/stm32f4xx_hal_sd.c ****     config.TransferDir   = SDIO_TRANSFER_DIR_TO_CARD;
 824:Drivers/STM32F4xx_HAL_Driver/Src/stm32f4xx_hal_sd.c ****     config.TransferMode  = SDIO_TRANSFER_MODE_BLOCK;
 825:Drivers/STM32F4xx_HAL_Driver/Src/stm32f4xx_hal_sd.c ****     config.DPSM          = SDIO_DPSM_ENABLE;
 826:Drivers/STM32F4xx_HAL_Driver/Src/stm32f4xx_hal_sd.c ****     (void)SDIO_ConfigData(hsd->Instance, &config);
 827:Drivers/STM32F4xx_HAL_Driver/Src/stm32f4xx_hal_sd.c **** 
 828:Drivers/STM32F4xx_HAL_Driver/Src/stm32f4xx_hal_sd.c ****     /* Write Blocks in Polling mode */
ARM GAS  C:\Users\40918\AppData\Local\Temp\cc5Xi7iV.s 			page 16


 829:Drivers/STM32F4xx_HAL_Driver/Src/stm32f4xx_hal_sd.c ****     if(NumberOfBlocks > 1U)
 830:Drivers/STM32F4xx_HAL_Driver/Src/stm32f4xx_hal_sd.c ****     {
 831:Drivers/STM32F4xx_HAL_Driver/Src/stm32f4xx_hal_sd.c ****       hsd->Context = SD_CONTEXT_WRITE_MULTIPLE_BLOCK;
 832:Drivers/STM32F4xx_HAL_Driver/Src/stm32f4xx_hal_sd.c **** 
 833:Drivers/STM32F4xx_HAL_Driver/Src/stm32f4xx_hal_sd.c ****       /* Write Multi Block command */
 834:Drivers/STM32F4xx_HAL_Driver/Src/stm32f4xx_hal_sd.c ****       errorstate = SDMMC_CmdWriteMultiBlock(hsd->Instance, add);
 835:Drivers/STM32F4xx_HAL_Driver/Src/stm32f4xx_hal_sd.c ****     }
 836:Drivers/STM32F4xx_HAL_Driver/Src/stm32f4xx_hal_sd.c ****     else
 837:Drivers/STM32F4xx_HAL_Driver/Src/stm32f4xx_hal_sd.c ****     {
 838:Drivers/STM32F4xx_HAL_Driver/Src/stm32f4xx_hal_sd.c ****       hsd->Context = SD_CONTEXT_WRITE_SINGLE_BLOCK;
 839:Drivers/STM32F4xx_HAL_Driver/Src/stm32f4xx_hal_sd.c **** 
 840:Drivers/STM32F4xx_HAL_Driver/Src/stm32f4xx_hal_sd.c ****       /* Write Single Block command */
 841:Drivers/STM32F4xx_HAL_Driver/Src/stm32f4xx_hal_sd.c ****       errorstate = SDMMC_CmdWriteSingleBlock(hsd->Instance, add);
 842:Drivers/STM32F4xx_HAL_Driver/Src/stm32f4xx_hal_sd.c ****     }
 843:Drivers/STM32F4xx_HAL_Driver/Src/stm32f4xx_hal_sd.c ****     if(errorstate != HAL_SD_ERROR_NONE)
 844:Drivers/STM32F4xx_HAL_Driver/Src/stm32f4xx_hal_sd.c ****     {
 845:Drivers/STM32F4xx_HAL_Driver/Src/stm32f4xx_hal_sd.c ****       /* Clear all the static flags */
 846:Drivers/STM32F4xx_HAL_Driver/Src/stm32f4xx_hal_sd.c ****       __HAL_SD_CLEAR_FLAG(hsd, SDIO_STATIC_FLAGS);
 847:Drivers/STM32F4xx_HAL_Driver/Src/stm32f4xx_hal_sd.c ****       hsd->ErrorCode |= errorstate;
 848:Drivers/STM32F4xx_HAL_Driver/Src/stm32f4xx_hal_sd.c ****       hsd->State = HAL_SD_STATE_READY;
 849:Drivers/STM32F4xx_HAL_Driver/Src/stm32f4xx_hal_sd.c ****       hsd->Context = SD_CONTEXT_NONE;
 850:Drivers/STM32F4xx_HAL_Driver/Src/stm32f4xx_hal_sd.c ****       return HAL_ERROR;
 851:Drivers/STM32F4xx_HAL_Driver/Src/stm32f4xx_hal_sd.c ****     }
 852:Drivers/STM32F4xx_HAL_Driver/Src/stm32f4xx_hal_sd.c **** 
 853:Drivers/STM32F4xx_HAL_Driver/Src/stm32f4xx_hal_sd.c ****     /* Write block(s) in polling mode */
 854:Drivers/STM32F4xx_HAL_Driver/Src/stm32f4xx_hal_sd.c ****     dataremaining = config.DataLength;
 855:Drivers/STM32F4xx_HAL_Driver/Src/stm32f4xx_hal_sd.c **** #if defined(SDIO_STA_STBITERR)
 856:Drivers/STM32F4xx_HAL_Driver/Src/stm32f4xx_hal_sd.c ****     while(!__HAL_SD_GET_FLAG(hsd, SDIO_FLAG_TXUNDERR | SDIO_FLAG_DCRCFAIL | SDIO_FLAG_DTIMEOUT | SD
 857:Drivers/STM32F4xx_HAL_Driver/Src/stm32f4xx_hal_sd.c **** #else /* SDIO_STA_STBITERR not defined */
 858:Drivers/STM32F4xx_HAL_Driver/Src/stm32f4xx_hal_sd.c ****     while(!__HAL_SD_GET_FLAG(hsd, SDIO_FLAG_TXUNDERR | SDIO_FLAG_DCRCFAIL | SDIO_FLAG_DTIMEOUT | SD
 859:Drivers/STM32F4xx_HAL_Driver/Src/stm32f4xx_hal_sd.c **** #endif /* SDIO_STA_STBITERR */
 860:Drivers/STM32F4xx_HAL_Driver/Src/stm32f4xx_hal_sd.c ****     {
 861:Drivers/STM32F4xx_HAL_Driver/Src/stm32f4xx_hal_sd.c ****       if(__HAL_SD_GET_FLAG(hsd, SDIO_FLAG_TXFIFOHE) && (dataremaining > 0U))
 862:Drivers/STM32F4xx_HAL_Driver/Src/stm32f4xx_hal_sd.c ****       {
 863:Drivers/STM32F4xx_HAL_Driver/Src/stm32f4xx_hal_sd.c ****         /* Write data to SDIO Tx FIFO */
 864:Drivers/STM32F4xx_HAL_Driver/Src/stm32f4xx_hal_sd.c ****         for(count = 0U; count < 8U; count++)
 865:Drivers/STM32F4xx_HAL_Driver/Src/stm32f4xx_hal_sd.c ****         {
 866:Drivers/STM32F4xx_HAL_Driver/Src/stm32f4xx_hal_sd.c ****           data = (uint32_t)(*tempbuff);
 867:Drivers/STM32F4xx_HAL_Driver/Src/stm32f4xx_hal_sd.c ****           tempbuff++;
 868:Drivers/STM32F4xx_HAL_Driver/Src/stm32f4xx_hal_sd.c ****           dataremaining--;
 869:Drivers/STM32F4xx_HAL_Driver/Src/stm32f4xx_hal_sd.c ****           data |= ((uint32_t)(*tempbuff) << 8U);
 870:Drivers/STM32F4xx_HAL_Driver/Src/stm32f4xx_hal_sd.c ****           tempbuff++;
 871:Drivers/STM32F4xx_HAL_Driver/Src/stm32f4xx_hal_sd.c ****           dataremaining--;
 872:Drivers/STM32F4xx_HAL_Driver/Src/stm32f4xx_hal_sd.c ****           data |= ((uint32_t)(*tempbuff) << 16U);
 873:Drivers/STM32F4xx_HAL_Driver/Src/stm32f4xx_hal_sd.c ****           tempbuff++;
 874:Drivers/STM32F4xx_HAL_Driver/Src/stm32f4xx_hal_sd.c ****           dataremaining--;
 875:Drivers/STM32F4xx_HAL_Driver/Src/stm32f4xx_hal_sd.c ****           data |= ((uint32_t)(*tempbuff) << 24U);
 876:Drivers/STM32F4xx_HAL_Driver/Src/stm32f4xx_hal_sd.c ****           tempbuff++;
 877:Drivers/STM32F4xx_HAL_Driver/Src/stm32f4xx_hal_sd.c ****           dataremaining--;
 878:Drivers/STM32F4xx_HAL_Driver/Src/stm32f4xx_hal_sd.c ****           (void)SDIO_WriteFIFO(hsd->Instance, &data);
 879:Drivers/STM32F4xx_HAL_Driver/Src/stm32f4xx_hal_sd.c ****         }
 880:Drivers/STM32F4xx_HAL_Driver/Src/stm32f4xx_hal_sd.c ****       }
 881:Drivers/STM32F4xx_HAL_Driver/Src/stm32f4xx_hal_sd.c **** 
 882:Drivers/STM32F4xx_HAL_Driver/Src/stm32f4xx_hal_sd.c ****       if(((HAL_GetTick()-tickstart) >=  Timeout) || (Timeout == 0U))
 883:Drivers/STM32F4xx_HAL_Driver/Src/stm32f4xx_hal_sd.c ****       {
 884:Drivers/STM32F4xx_HAL_Driver/Src/stm32f4xx_hal_sd.c ****         /* Clear all the static flags */
 885:Drivers/STM32F4xx_HAL_Driver/Src/stm32f4xx_hal_sd.c ****         __HAL_SD_CLEAR_FLAG(hsd, SDIO_STATIC_FLAGS);
ARM GAS  C:\Users\40918\AppData\Local\Temp\cc5Xi7iV.s 			page 17


 886:Drivers/STM32F4xx_HAL_Driver/Src/stm32f4xx_hal_sd.c ****         hsd->ErrorCode |= errorstate;
 887:Drivers/STM32F4xx_HAL_Driver/Src/stm32f4xx_hal_sd.c ****         hsd->State = HAL_SD_STATE_READY;
 888:Drivers/STM32F4xx_HAL_Driver/Src/stm32f4xx_hal_sd.c ****         hsd->Context = SD_CONTEXT_NONE;
 889:Drivers/STM32F4xx_HAL_Driver/Src/stm32f4xx_hal_sd.c ****         return HAL_TIMEOUT;
 890:Drivers/STM32F4xx_HAL_Driver/Src/stm32f4xx_hal_sd.c ****       }
 891:Drivers/STM32F4xx_HAL_Driver/Src/stm32f4xx_hal_sd.c ****     }
 892:Drivers/STM32F4xx_HAL_Driver/Src/stm32f4xx_hal_sd.c **** 
 893:Drivers/STM32F4xx_HAL_Driver/Src/stm32f4xx_hal_sd.c ****     /* Send stop transmission command in case of multiblock write */
 894:Drivers/STM32F4xx_HAL_Driver/Src/stm32f4xx_hal_sd.c ****     if(__HAL_SD_GET_FLAG(hsd, SDIO_FLAG_DATAEND) && (NumberOfBlocks > 1U))
 895:Drivers/STM32F4xx_HAL_Driver/Src/stm32f4xx_hal_sd.c ****     {
 896:Drivers/STM32F4xx_HAL_Driver/Src/stm32f4xx_hal_sd.c ****       if(hsd->SdCard.CardType != CARD_SECURED)
 897:Drivers/STM32F4xx_HAL_Driver/Src/stm32f4xx_hal_sd.c ****       {
 898:Drivers/STM32F4xx_HAL_Driver/Src/stm32f4xx_hal_sd.c ****         /* Send stop transmission command */
 899:Drivers/STM32F4xx_HAL_Driver/Src/stm32f4xx_hal_sd.c ****         errorstate = SDMMC_CmdStopTransfer(hsd->Instance);
 900:Drivers/STM32F4xx_HAL_Driver/Src/stm32f4xx_hal_sd.c ****         if(errorstate != HAL_SD_ERROR_NONE)
 901:Drivers/STM32F4xx_HAL_Driver/Src/stm32f4xx_hal_sd.c ****         {
 902:Drivers/STM32F4xx_HAL_Driver/Src/stm32f4xx_hal_sd.c ****           /* Clear all the static flags */
 903:Drivers/STM32F4xx_HAL_Driver/Src/stm32f4xx_hal_sd.c ****           __HAL_SD_CLEAR_FLAG(hsd, SDIO_STATIC_FLAGS);
 904:Drivers/STM32F4xx_HAL_Driver/Src/stm32f4xx_hal_sd.c ****           hsd->ErrorCode |= errorstate;
 905:Drivers/STM32F4xx_HAL_Driver/Src/stm32f4xx_hal_sd.c ****           hsd->State = HAL_SD_STATE_READY;
 906:Drivers/STM32F4xx_HAL_Driver/Src/stm32f4xx_hal_sd.c ****           hsd->Context = SD_CONTEXT_NONE;
 907:Drivers/STM32F4xx_HAL_Driver/Src/stm32f4xx_hal_sd.c ****           return HAL_ERROR;
 908:Drivers/STM32F4xx_HAL_Driver/Src/stm32f4xx_hal_sd.c ****         }
 909:Drivers/STM32F4xx_HAL_Driver/Src/stm32f4xx_hal_sd.c ****       }
 910:Drivers/STM32F4xx_HAL_Driver/Src/stm32f4xx_hal_sd.c ****     }
 911:Drivers/STM32F4xx_HAL_Driver/Src/stm32f4xx_hal_sd.c **** 
 912:Drivers/STM32F4xx_HAL_Driver/Src/stm32f4xx_hal_sd.c ****     /* Get error state */
 913:Drivers/STM32F4xx_HAL_Driver/Src/stm32f4xx_hal_sd.c **** #if defined(SDIO_STA_STBITERR)
 914:Drivers/STM32F4xx_HAL_Driver/Src/stm32f4xx_hal_sd.c ****     if(__HAL_SD_GET_FLAG(hsd, SDIO_FLAG_DTIMEOUT) || (__HAL_SD_GET_FLAG(hsd, SDIO_FLAG_STBITERR)))
 915:Drivers/STM32F4xx_HAL_Driver/Src/stm32f4xx_hal_sd.c **** #else /* SDIO_STA_STBITERR not defined */
 916:Drivers/STM32F4xx_HAL_Driver/Src/stm32f4xx_hal_sd.c ****     if(__HAL_SD_GET_FLAG(hsd, SDIO_FLAG_DTIMEOUT))
 917:Drivers/STM32F4xx_HAL_Driver/Src/stm32f4xx_hal_sd.c **** #endif /* SDIO_STA_STBITERR */		
 918:Drivers/STM32F4xx_HAL_Driver/Src/stm32f4xx_hal_sd.c ****     {
 919:Drivers/STM32F4xx_HAL_Driver/Src/stm32f4xx_hal_sd.c ****       /* Clear all the static flags */
 920:Drivers/STM32F4xx_HAL_Driver/Src/stm32f4xx_hal_sd.c ****       __HAL_SD_CLEAR_FLAG(hsd, SDIO_STATIC_FLAGS);
 921:Drivers/STM32F4xx_HAL_Driver/Src/stm32f4xx_hal_sd.c ****       hsd->ErrorCode |= HAL_SD_ERROR_DATA_TIMEOUT;
 922:Drivers/STM32F4xx_HAL_Driver/Src/stm32f4xx_hal_sd.c ****       hsd->State = HAL_SD_STATE_READY;
 923:Drivers/STM32F4xx_HAL_Driver/Src/stm32f4xx_hal_sd.c ****       hsd->Context = SD_CONTEXT_NONE;
 924:Drivers/STM32F4xx_HAL_Driver/Src/stm32f4xx_hal_sd.c ****       return HAL_ERROR;
 925:Drivers/STM32F4xx_HAL_Driver/Src/stm32f4xx_hal_sd.c ****     }
 926:Drivers/STM32F4xx_HAL_Driver/Src/stm32f4xx_hal_sd.c ****     else if(__HAL_SD_GET_FLAG(hsd, SDIO_FLAG_DCRCFAIL))
 927:Drivers/STM32F4xx_HAL_Driver/Src/stm32f4xx_hal_sd.c ****     {
 928:Drivers/STM32F4xx_HAL_Driver/Src/stm32f4xx_hal_sd.c ****       /* Clear all the static flags */
 929:Drivers/STM32F4xx_HAL_Driver/Src/stm32f4xx_hal_sd.c ****       __HAL_SD_CLEAR_FLAG(hsd, SDIO_STATIC_FLAGS);
 930:Drivers/STM32F4xx_HAL_Driver/Src/stm32f4xx_hal_sd.c ****       hsd->ErrorCode |= HAL_SD_ERROR_DATA_CRC_FAIL;
 931:Drivers/STM32F4xx_HAL_Driver/Src/stm32f4xx_hal_sd.c ****       hsd->State = HAL_SD_STATE_READY;
 932:Drivers/STM32F4xx_HAL_Driver/Src/stm32f4xx_hal_sd.c ****       hsd->Context = SD_CONTEXT_NONE;
 933:Drivers/STM32F4xx_HAL_Driver/Src/stm32f4xx_hal_sd.c ****       return HAL_ERROR;
 934:Drivers/STM32F4xx_HAL_Driver/Src/stm32f4xx_hal_sd.c ****     }
 935:Drivers/STM32F4xx_HAL_Driver/Src/stm32f4xx_hal_sd.c ****     else if(__HAL_SD_GET_FLAG(hsd, SDIO_FLAG_TXUNDERR))
 936:Drivers/STM32F4xx_HAL_Driver/Src/stm32f4xx_hal_sd.c ****     {
 937:Drivers/STM32F4xx_HAL_Driver/Src/stm32f4xx_hal_sd.c ****       /* Clear all the static flags */
 938:Drivers/STM32F4xx_HAL_Driver/Src/stm32f4xx_hal_sd.c ****       __HAL_SD_CLEAR_FLAG(hsd, SDIO_STATIC_FLAGS);
 939:Drivers/STM32F4xx_HAL_Driver/Src/stm32f4xx_hal_sd.c ****       hsd->ErrorCode |= HAL_SD_ERROR_TX_UNDERRUN;
 940:Drivers/STM32F4xx_HAL_Driver/Src/stm32f4xx_hal_sd.c ****       hsd->State = HAL_SD_STATE_READY;
 941:Drivers/STM32F4xx_HAL_Driver/Src/stm32f4xx_hal_sd.c ****       hsd->Context = SD_CONTEXT_NONE;
 942:Drivers/STM32F4xx_HAL_Driver/Src/stm32f4xx_hal_sd.c ****       return HAL_ERROR;
ARM GAS  C:\Users\40918\AppData\Local\Temp\cc5Xi7iV.s 			page 18


 943:Drivers/STM32F4xx_HAL_Driver/Src/stm32f4xx_hal_sd.c ****     }
 944:Drivers/STM32F4xx_HAL_Driver/Src/stm32f4xx_hal_sd.c ****     else
 945:Drivers/STM32F4xx_HAL_Driver/Src/stm32f4xx_hal_sd.c ****     {
 946:Drivers/STM32F4xx_HAL_Driver/Src/stm32f4xx_hal_sd.c ****       /* Nothing to do */
 947:Drivers/STM32F4xx_HAL_Driver/Src/stm32f4xx_hal_sd.c ****     }
 948:Drivers/STM32F4xx_HAL_Driver/Src/stm32f4xx_hal_sd.c **** 
 949:Drivers/STM32F4xx_HAL_Driver/Src/stm32f4xx_hal_sd.c ****     /* Clear all the static flags */
 950:Drivers/STM32F4xx_HAL_Driver/Src/stm32f4xx_hal_sd.c ****     __HAL_SD_CLEAR_FLAG(hsd, SDIO_STATIC_DATA_FLAGS);
 951:Drivers/STM32F4xx_HAL_Driver/Src/stm32f4xx_hal_sd.c **** 
 952:Drivers/STM32F4xx_HAL_Driver/Src/stm32f4xx_hal_sd.c ****     hsd->State = HAL_SD_STATE_READY;
 953:Drivers/STM32F4xx_HAL_Driver/Src/stm32f4xx_hal_sd.c **** 
 954:Drivers/STM32F4xx_HAL_Driver/Src/stm32f4xx_hal_sd.c ****     return HAL_OK;
 955:Drivers/STM32F4xx_HAL_Driver/Src/stm32f4xx_hal_sd.c ****   }
 956:Drivers/STM32F4xx_HAL_Driver/Src/stm32f4xx_hal_sd.c ****   else
 957:Drivers/STM32F4xx_HAL_Driver/Src/stm32f4xx_hal_sd.c ****   {
 958:Drivers/STM32F4xx_HAL_Driver/Src/stm32f4xx_hal_sd.c ****     hsd->ErrorCode |= HAL_SD_ERROR_BUSY;
 959:Drivers/STM32F4xx_HAL_Driver/Src/stm32f4xx_hal_sd.c ****     return HAL_ERROR;
 960:Drivers/STM32F4xx_HAL_Driver/Src/stm32f4xx_hal_sd.c ****   }
 961:Drivers/STM32F4xx_HAL_Driver/Src/stm32f4xx_hal_sd.c **** }
 962:Drivers/STM32F4xx_HAL_Driver/Src/stm32f4xx_hal_sd.c **** 
 963:Drivers/STM32F4xx_HAL_Driver/Src/stm32f4xx_hal_sd.c **** /**
 964:Drivers/STM32F4xx_HAL_Driver/Src/stm32f4xx_hal_sd.c ****   * @brief  Reads block(s) from a specified address in a card. The Data transfer
 965:Drivers/STM32F4xx_HAL_Driver/Src/stm32f4xx_hal_sd.c ****   *         is managed in interrupt mode.
 966:Drivers/STM32F4xx_HAL_Driver/Src/stm32f4xx_hal_sd.c ****   * @note   This API should be followed by a check on the card state through
 967:Drivers/STM32F4xx_HAL_Driver/Src/stm32f4xx_hal_sd.c ****   *         HAL_SD_GetCardState().
 968:Drivers/STM32F4xx_HAL_Driver/Src/stm32f4xx_hal_sd.c ****   * @note   You could also check the IT transfer process through the SD Rx
 969:Drivers/STM32F4xx_HAL_Driver/Src/stm32f4xx_hal_sd.c ****   *         interrupt event.
 970:Drivers/STM32F4xx_HAL_Driver/Src/stm32f4xx_hal_sd.c ****   * @param  hsd: Pointer to SD handle
 971:Drivers/STM32F4xx_HAL_Driver/Src/stm32f4xx_hal_sd.c ****   * @param  pData: Pointer to the buffer that will contain the received data
 972:Drivers/STM32F4xx_HAL_Driver/Src/stm32f4xx_hal_sd.c ****   * @param  BlockAdd: Block Address from where data is to be read
 973:Drivers/STM32F4xx_HAL_Driver/Src/stm32f4xx_hal_sd.c ****   * @param  NumberOfBlocks: Number of blocks to read.
 974:Drivers/STM32F4xx_HAL_Driver/Src/stm32f4xx_hal_sd.c ****   * @retval HAL status
 975:Drivers/STM32F4xx_HAL_Driver/Src/stm32f4xx_hal_sd.c ****   */
 976:Drivers/STM32F4xx_HAL_Driver/Src/stm32f4xx_hal_sd.c **** HAL_StatusTypeDef HAL_SD_ReadBlocks_IT(SD_HandleTypeDef *hsd, uint8_t *pData, uint32_t BlockAdd, ui
 977:Drivers/STM32F4xx_HAL_Driver/Src/stm32f4xx_hal_sd.c **** {
 978:Drivers/STM32F4xx_HAL_Driver/Src/stm32f4xx_hal_sd.c ****   SDIO_DataInitTypeDef config;
 979:Drivers/STM32F4xx_HAL_Driver/Src/stm32f4xx_hal_sd.c ****   uint32_t errorstate;
 980:Drivers/STM32F4xx_HAL_Driver/Src/stm32f4xx_hal_sd.c ****   uint32_t add = BlockAdd;
 981:Drivers/STM32F4xx_HAL_Driver/Src/stm32f4xx_hal_sd.c **** 
 982:Drivers/STM32F4xx_HAL_Driver/Src/stm32f4xx_hal_sd.c ****   if(NULL == pData)
 983:Drivers/STM32F4xx_HAL_Driver/Src/stm32f4xx_hal_sd.c ****   {
 984:Drivers/STM32F4xx_HAL_Driver/Src/stm32f4xx_hal_sd.c ****     hsd->ErrorCode |= HAL_SD_ERROR_PARAM;
 985:Drivers/STM32F4xx_HAL_Driver/Src/stm32f4xx_hal_sd.c ****     return HAL_ERROR;
 986:Drivers/STM32F4xx_HAL_Driver/Src/stm32f4xx_hal_sd.c ****   }
 987:Drivers/STM32F4xx_HAL_Driver/Src/stm32f4xx_hal_sd.c **** 
 988:Drivers/STM32F4xx_HAL_Driver/Src/stm32f4xx_hal_sd.c ****   if(hsd->State == HAL_SD_STATE_READY)
 989:Drivers/STM32F4xx_HAL_Driver/Src/stm32f4xx_hal_sd.c ****   {
 990:Drivers/STM32F4xx_HAL_Driver/Src/stm32f4xx_hal_sd.c ****     hsd->ErrorCode = HAL_SD_ERROR_NONE;
 991:Drivers/STM32F4xx_HAL_Driver/Src/stm32f4xx_hal_sd.c **** 
 992:Drivers/STM32F4xx_HAL_Driver/Src/stm32f4xx_hal_sd.c ****     if((add + NumberOfBlocks) > (hsd->SdCard.LogBlockNbr))
 993:Drivers/STM32F4xx_HAL_Driver/Src/stm32f4xx_hal_sd.c ****     {
 994:Drivers/STM32F4xx_HAL_Driver/Src/stm32f4xx_hal_sd.c ****       hsd->ErrorCode |= HAL_SD_ERROR_ADDR_OUT_OF_RANGE;
 995:Drivers/STM32F4xx_HAL_Driver/Src/stm32f4xx_hal_sd.c ****       return HAL_ERROR;
 996:Drivers/STM32F4xx_HAL_Driver/Src/stm32f4xx_hal_sd.c ****     }
 997:Drivers/STM32F4xx_HAL_Driver/Src/stm32f4xx_hal_sd.c **** 
 998:Drivers/STM32F4xx_HAL_Driver/Src/stm32f4xx_hal_sd.c ****     hsd->State = HAL_SD_STATE_BUSY;
 999:Drivers/STM32F4xx_HAL_Driver/Src/stm32f4xx_hal_sd.c **** 
ARM GAS  C:\Users\40918\AppData\Local\Temp\cc5Xi7iV.s 			page 19


1000:Drivers/STM32F4xx_HAL_Driver/Src/stm32f4xx_hal_sd.c ****     /* Initialize data control register */
1001:Drivers/STM32F4xx_HAL_Driver/Src/stm32f4xx_hal_sd.c ****     hsd->Instance->DCTRL = 0U;
1002:Drivers/STM32F4xx_HAL_Driver/Src/stm32f4xx_hal_sd.c **** 
1003:Drivers/STM32F4xx_HAL_Driver/Src/stm32f4xx_hal_sd.c ****     hsd->pRxBuffPtr = pData;
1004:Drivers/STM32F4xx_HAL_Driver/Src/stm32f4xx_hal_sd.c ****     hsd->RxXferSize = BLOCKSIZE * NumberOfBlocks;
1005:Drivers/STM32F4xx_HAL_Driver/Src/stm32f4xx_hal_sd.c **** 
1006:Drivers/STM32F4xx_HAL_Driver/Src/stm32f4xx_hal_sd.c **** #if defined(SDIO_STA_STBITERR)
1007:Drivers/STM32F4xx_HAL_Driver/Src/stm32f4xx_hal_sd.c ****     __HAL_SD_ENABLE_IT(hsd, (SDIO_IT_DCRCFAIL | SDIO_IT_DTIMEOUT | SDIO_IT_RXOVERR | SDIO_IT_DATAEN
1008:Drivers/STM32F4xx_HAL_Driver/Src/stm32f4xx_hal_sd.c **** #else /* SDIO_STA_STBITERR not defined */
1009:Drivers/STM32F4xx_HAL_Driver/Src/stm32f4xx_hal_sd.c ****     __HAL_SD_ENABLE_IT(hsd, (SDIO_IT_DCRCFAIL | SDIO_IT_DTIMEOUT | SDIO_IT_RXOVERR | SDIO_IT_DATAEN
1010:Drivers/STM32F4xx_HAL_Driver/Src/stm32f4xx_hal_sd.c **** #endif /* SDIO_STA_STBITERR */
1011:Drivers/STM32F4xx_HAL_Driver/Src/stm32f4xx_hal_sd.c **** 
1012:Drivers/STM32F4xx_HAL_Driver/Src/stm32f4xx_hal_sd.c ****     if(hsd->SdCard.CardType != CARD_SDHC_SDXC)
1013:Drivers/STM32F4xx_HAL_Driver/Src/stm32f4xx_hal_sd.c ****     {
1014:Drivers/STM32F4xx_HAL_Driver/Src/stm32f4xx_hal_sd.c ****       add *= 512U;
1015:Drivers/STM32F4xx_HAL_Driver/Src/stm32f4xx_hal_sd.c ****     }
1016:Drivers/STM32F4xx_HAL_Driver/Src/stm32f4xx_hal_sd.c **** 
1017:Drivers/STM32F4xx_HAL_Driver/Src/stm32f4xx_hal_sd.c ****     /* Configure the SD DPSM (Data Path State Machine) */
1018:Drivers/STM32F4xx_HAL_Driver/Src/stm32f4xx_hal_sd.c ****     config.DataTimeOut   = SDMMC_DATATIMEOUT;
1019:Drivers/STM32F4xx_HAL_Driver/Src/stm32f4xx_hal_sd.c ****     config.DataLength    = BLOCKSIZE * NumberOfBlocks;
1020:Drivers/STM32F4xx_HAL_Driver/Src/stm32f4xx_hal_sd.c ****     config.DataBlockSize = SDIO_DATABLOCK_SIZE_512B;
1021:Drivers/STM32F4xx_HAL_Driver/Src/stm32f4xx_hal_sd.c ****     config.TransferDir   = SDIO_TRANSFER_DIR_TO_SDIO;
1022:Drivers/STM32F4xx_HAL_Driver/Src/stm32f4xx_hal_sd.c ****     config.TransferMode  = SDIO_TRANSFER_MODE_BLOCK;
1023:Drivers/STM32F4xx_HAL_Driver/Src/stm32f4xx_hal_sd.c ****     config.DPSM          = SDIO_DPSM_ENABLE;
1024:Drivers/STM32F4xx_HAL_Driver/Src/stm32f4xx_hal_sd.c ****     (void)SDIO_ConfigData(hsd->Instance, &config);
1025:Drivers/STM32F4xx_HAL_Driver/Src/stm32f4xx_hal_sd.c **** 
1026:Drivers/STM32F4xx_HAL_Driver/Src/stm32f4xx_hal_sd.c ****     /* Read Blocks in IT mode */
1027:Drivers/STM32F4xx_HAL_Driver/Src/stm32f4xx_hal_sd.c ****     if(NumberOfBlocks > 1U)
1028:Drivers/STM32F4xx_HAL_Driver/Src/stm32f4xx_hal_sd.c ****     {
1029:Drivers/STM32F4xx_HAL_Driver/Src/stm32f4xx_hal_sd.c ****       hsd->Context = (SD_CONTEXT_READ_MULTIPLE_BLOCK | SD_CONTEXT_IT);
1030:Drivers/STM32F4xx_HAL_Driver/Src/stm32f4xx_hal_sd.c **** 
1031:Drivers/STM32F4xx_HAL_Driver/Src/stm32f4xx_hal_sd.c ****       /* Read Multi Block command */
1032:Drivers/STM32F4xx_HAL_Driver/Src/stm32f4xx_hal_sd.c ****       errorstate = SDMMC_CmdReadMultiBlock(hsd->Instance, add);
1033:Drivers/STM32F4xx_HAL_Driver/Src/stm32f4xx_hal_sd.c ****     }
1034:Drivers/STM32F4xx_HAL_Driver/Src/stm32f4xx_hal_sd.c ****     else
1035:Drivers/STM32F4xx_HAL_Driver/Src/stm32f4xx_hal_sd.c ****     {
1036:Drivers/STM32F4xx_HAL_Driver/Src/stm32f4xx_hal_sd.c ****       hsd->Context = (SD_CONTEXT_READ_SINGLE_BLOCK | SD_CONTEXT_IT);
1037:Drivers/STM32F4xx_HAL_Driver/Src/stm32f4xx_hal_sd.c **** 
1038:Drivers/STM32F4xx_HAL_Driver/Src/stm32f4xx_hal_sd.c ****       /* Read Single Block command */
1039:Drivers/STM32F4xx_HAL_Driver/Src/stm32f4xx_hal_sd.c ****       errorstate = SDMMC_CmdReadSingleBlock(hsd->Instance, add);
1040:Drivers/STM32F4xx_HAL_Driver/Src/stm32f4xx_hal_sd.c ****     }
1041:Drivers/STM32F4xx_HAL_Driver/Src/stm32f4xx_hal_sd.c ****     if(errorstate != HAL_SD_ERROR_NONE)
1042:Drivers/STM32F4xx_HAL_Driver/Src/stm32f4xx_hal_sd.c ****     {
1043:Drivers/STM32F4xx_HAL_Driver/Src/stm32f4xx_hal_sd.c ****       /* Clear all the static flags */
1044:Drivers/STM32F4xx_HAL_Driver/Src/stm32f4xx_hal_sd.c ****       __HAL_SD_CLEAR_FLAG(hsd, SDIO_STATIC_FLAGS);
1045:Drivers/STM32F4xx_HAL_Driver/Src/stm32f4xx_hal_sd.c ****       hsd->ErrorCode |= errorstate;
1046:Drivers/STM32F4xx_HAL_Driver/Src/stm32f4xx_hal_sd.c ****       hsd->State = HAL_SD_STATE_READY;
1047:Drivers/STM32F4xx_HAL_Driver/Src/stm32f4xx_hal_sd.c ****       hsd->Context = SD_CONTEXT_NONE;
1048:Drivers/STM32F4xx_HAL_Driver/Src/stm32f4xx_hal_sd.c ****       return HAL_ERROR;
1049:Drivers/STM32F4xx_HAL_Driver/Src/stm32f4xx_hal_sd.c ****     }
1050:Drivers/STM32F4xx_HAL_Driver/Src/stm32f4xx_hal_sd.c **** 
1051:Drivers/STM32F4xx_HAL_Driver/Src/stm32f4xx_hal_sd.c ****     return HAL_OK;
1052:Drivers/STM32F4xx_HAL_Driver/Src/stm32f4xx_hal_sd.c ****   }
1053:Drivers/STM32F4xx_HAL_Driver/Src/stm32f4xx_hal_sd.c ****   else
1054:Drivers/STM32F4xx_HAL_Driver/Src/stm32f4xx_hal_sd.c ****   {
1055:Drivers/STM32F4xx_HAL_Driver/Src/stm32f4xx_hal_sd.c ****     return HAL_BUSY;
1056:Drivers/STM32F4xx_HAL_Driver/Src/stm32f4xx_hal_sd.c ****   }
ARM GAS  C:\Users\40918\AppData\Local\Temp\cc5Xi7iV.s 			page 20


1057:Drivers/STM32F4xx_HAL_Driver/Src/stm32f4xx_hal_sd.c **** }
1058:Drivers/STM32F4xx_HAL_Driver/Src/stm32f4xx_hal_sd.c **** 
1059:Drivers/STM32F4xx_HAL_Driver/Src/stm32f4xx_hal_sd.c **** /**
1060:Drivers/STM32F4xx_HAL_Driver/Src/stm32f4xx_hal_sd.c ****   * @brief  Writes block(s) to a specified address in a card. The Data transfer
1061:Drivers/STM32F4xx_HAL_Driver/Src/stm32f4xx_hal_sd.c ****   *         is managed in interrupt mode.
1062:Drivers/STM32F4xx_HAL_Driver/Src/stm32f4xx_hal_sd.c ****   * @note   This API should be followed by a check on the card state through
1063:Drivers/STM32F4xx_HAL_Driver/Src/stm32f4xx_hal_sd.c ****   *         HAL_SD_GetCardState().
1064:Drivers/STM32F4xx_HAL_Driver/Src/stm32f4xx_hal_sd.c ****   * @note   You could also check the IT transfer process through the SD Tx
1065:Drivers/STM32F4xx_HAL_Driver/Src/stm32f4xx_hal_sd.c ****   *         interrupt event.
1066:Drivers/STM32F4xx_HAL_Driver/Src/stm32f4xx_hal_sd.c ****   * @param  hsd: Pointer to SD handle
1067:Drivers/STM32F4xx_HAL_Driver/Src/stm32f4xx_hal_sd.c ****   * @param  pData: Pointer to the buffer that will contain the data to transmit
1068:Drivers/STM32F4xx_HAL_Driver/Src/stm32f4xx_hal_sd.c ****   * @param  BlockAdd: Block Address where data will be written
1069:Drivers/STM32F4xx_HAL_Driver/Src/stm32f4xx_hal_sd.c ****   * @param  NumberOfBlocks: Number of blocks to write
1070:Drivers/STM32F4xx_HAL_Driver/Src/stm32f4xx_hal_sd.c ****   * @retval HAL status
1071:Drivers/STM32F4xx_HAL_Driver/Src/stm32f4xx_hal_sd.c ****   */
1072:Drivers/STM32F4xx_HAL_Driver/Src/stm32f4xx_hal_sd.c **** HAL_StatusTypeDef HAL_SD_WriteBlocks_IT(SD_HandleTypeDef *hsd, uint8_t *pData, uint32_t BlockAdd, u
1073:Drivers/STM32F4xx_HAL_Driver/Src/stm32f4xx_hal_sd.c **** {
1074:Drivers/STM32F4xx_HAL_Driver/Src/stm32f4xx_hal_sd.c ****   SDIO_DataInitTypeDef config;
1075:Drivers/STM32F4xx_HAL_Driver/Src/stm32f4xx_hal_sd.c ****   uint32_t errorstate;
1076:Drivers/STM32F4xx_HAL_Driver/Src/stm32f4xx_hal_sd.c ****   uint32_t add = BlockAdd;
1077:Drivers/STM32F4xx_HAL_Driver/Src/stm32f4xx_hal_sd.c **** 
1078:Drivers/STM32F4xx_HAL_Driver/Src/stm32f4xx_hal_sd.c ****   if(NULL == pData)
1079:Drivers/STM32F4xx_HAL_Driver/Src/stm32f4xx_hal_sd.c ****   {
1080:Drivers/STM32F4xx_HAL_Driver/Src/stm32f4xx_hal_sd.c ****     hsd->ErrorCode |= HAL_SD_ERROR_PARAM;
1081:Drivers/STM32F4xx_HAL_Driver/Src/stm32f4xx_hal_sd.c ****     return HAL_ERROR;
1082:Drivers/STM32F4xx_HAL_Driver/Src/stm32f4xx_hal_sd.c ****   }
1083:Drivers/STM32F4xx_HAL_Driver/Src/stm32f4xx_hal_sd.c **** 
1084:Drivers/STM32F4xx_HAL_Driver/Src/stm32f4xx_hal_sd.c ****   if(hsd->State == HAL_SD_STATE_READY)
1085:Drivers/STM32F4xx_HAL_Driver/Src/stm32f4xx_hal_sd.c ****   {
1086:Drivers/STM32F4xx_HAL_Driver/Src/stm32f4xx_hal_sd.c ****     hsd->ErrorCode = HAL_SD_ERROR_NONE;
1087:Drivers/STM32F4xx_HAL_Driver/Src/stm32f4xx_hal_sd.c **** 
1088:Drivers/STM32F4xx_HAL_Driver/Src/stm32f4xx_hal_sd.c ****     if((add + NumberOfBlocks) > (hsd->SdCard.LogBlockNbr))
1089:Drivers/STM32F4xx_HAL_Driver/Src/stm32f4xx_hal_sd.c ****     {
1090:Drivers/STM32F4xx_HAL_Driver/Src/stm32f4xx_hal_sd.c ****       hsd->ErrorCode |= HAL_SD_ERROR_ADDR_OUT_OF_RANGE;
1091:Drivers/STM32F4xx_HAL_Driver/Src/stm32f4xx_hal_sd.c ****       return HAL_ERROR;
1092:Drivers/STM32F4xx_HAL_Driver/Src/stm32f4xx_hal_sd.c ****     }
1093:Drivers/STM32F4xx_HAL_Driver/Src/stm32f4xx_hal_sd.c **** 
1094:Drivers/STM32F4xx_HAL_Driver/Src/stm32f4xx_hal_sd.c ****     hsd->State = HAL_SD_STATE_BUSY;
1095:Drivers/STM32F4xx_HAL_Driver/Src/stm32f4xx_hal_sd.c **** 
1096:Drivers/STM32F4xx_HAL_Driver/Src/stm32f4xx_hal_sd.c ****     /* Initialize data control register */
1097:Drivers/STM32F4xx_HAL_Driver/Src/stm32f4xx_hal_sd.c ****     hsd->Instance->DCTRL = 0U;
1098:Drivers/STM32F4xx_HAL_Driver/Src/stm32f4xx_hal_sd.c **** 
1099:Drivers/STM32F4xx_HAL_Driver/Src/stm32f4xx_hal_sd.c ****     hsd->pTxBuffPtr = pData;
1100:Drivers/STM32F4xx_HAL_Driver/Src/stm32f4xx_hal_sd.c ****     hsd->TxXferSize = BLOCKSIZE * NumberOfBlocks;
1101:Drivers/STM32F4xx_HAL_Driver/Src/stm32f4xx_hal_sd.c **** 
1102:Drivers/STM32F4xx_HAL_Driver/Src/stm32f4xx_hal_sd.c ****     /* Enable transfer interrupts */
1103:Drivers/STM32F4xx_HAL_Driver/Src/stm32f4xx_hal_sd.c **** #if defined(SDIO_STA_STBITERR)
1104:Drivers/STM32F4xx_HAL_Driver/Src/stm32f4xx_hal_sd.c ****     __HAL_SD_ENABLE_IT(hsd, (SDIO_IT_DCRCFAIL | SDIO_IT_DTIMEOUT | SDIO_IT_TXUNDERR | SDIO_IT_DATAE
1105:Drivers/STM32F4xx_HAL_Driver/Src/stm32f4xx_hal_sd.c **** #else /* SDIO_STA_STBITERR not defined */
1106:Drivers/STM32F4xx_HAL_Driver/Src/stm32f4xx_hal_sd.c ****     __HAL_SD_ENABLE_IT(hsd, (SDIO_IT_DCRCFAIL | SDIO_IT_DTIMEOUT | SDIO_IT_TXUNDERR | SDIO_IT_DATAE
1107:Drivers/STM32F4xx_HAL_Driver/Src/stm32f4xx_hal_sd.c **** #endif /* SDIO_STA_STBITERR */
1108:Drivers/STM32F4xx_HAL_Driver/Src/stm32f4xx_hal_sd.c **** 
1109:Drivers/STM32F4xx_HAL_Driver/Src/stm32f4xx_hal_sd.c ****     if(hsd->SdCard.CardType != CARD_SDHC_SDXC)
1110:Drivers/STM32F4xx_HAL_Driver/Src/stm32f4xx_hal_sd.c ****     {
1111:Drivers/STM32F4xx_HAL_Driver/Src/stm32f4xx_hal_sd.c ****       add *= 512U;
1112:Drivers/STM32F4xx_HAL_Driver/Src/stm32f4xx_hal_sd.c ****     }
1113:Drivers/STM32F4xx_HAL_Driver/Src/stm32f4xx_hal_sd.c **** 
ARM GAS  C:\Users\40918\AppData\Local\Temp\cc5Xi7iV.s 			page 21


1114:Drivers/STM32F4xx_HAL_Driver/Src/stm32f4xx_hal_sd.c ****     /* Write Blocks in Polling mode */
1115:Drivers/STM32F4xx_HAL_Driver/Src/stm32f4xx_hal_sd.c ****     if(NumberOfBlocks > 1U)
1116:Drivers/STM32F4xx_HAL_Driver/Src/stm32f4xx_hal_sd.c ****     {
1117:Drivers/STM32F4xx_HAL_Driver/Src/stm32f4xx_hal_sd.c ****       hsd->Context = (SD_CONTEXT_WRITE_MULTIPLE_BLOCK| SD_CONTEXT_IT);
1118:Drivers/STM32F4xx_HAL_Driver/Src/stm32f4xx_hal_sd.c **** 
1119:Drivers/STM32F4xx_HAL_Driver/Src/stm32f4xx_hal_sd.c ****       /* Write Multi Block command */
1120:Drivers/STM32F4xx_HAL_Driver/Src/stm32f4xx_hal_sd.c ****       errorstate = SDMMC_CmdWriteMultiBlock(hsd->Instance, add);
1121:Drivers/STM32F4xx_HAL_Driver/Src/stm32f4xx_hal_sd.c ****     }
1122:Drivers/STM32F4xx_HAL_Driver/Src/stm32f4xx_hal_sd.c ****     else
1123:Drivers/STM32F4xx_HAL_Driver/Src/stm32f4xx_hal_sd.c ****     {
1124:Drivers/STM32F4xx_HAL_Driver/Src/stm32f4xx_hal_sd.c ****       hsd->Context = (SD_CONTEXT_WRITE_SINGLE_BLOCK | SD_CONTEXT_IT);
1125:Drivers/STM32F4xx_HAL_Driver/Src/stm32f4xx_hal_sd.c **** 
1126:Drivers/STM32F4xx_HAL_Driver/Src/stm32f4xx_hal_sd.c ****       /* Write Single Block command */
1127:Drivers/STM32F4xx_HAL_Driver/Src/stm32f4xx_hal_sd.c ****       errorstate = SDMMC_CmdWriteSingleBlock(hsd->Instance, add);
1128:Drivers/STM32F4xx_HAL_Driver/Src/stm32f4xx_hal_sd.c ****     }
1129:Drivers/STM32F4xx_HAL_Driver/Src/stm32f4xx_hal_sd.c ****     if(errorstate != HAL_SD_ERROR_NONE)
1130:Drivers/STM32F4xx_HAL_Driver/Src/stm32f4xx_hal_sd.c ****     {
1131:Drivers/STM32F4xx_HAL_Driver/Src/stm32f4xx_hal_sd.c ****       /* Clear all the static flags */
1132:Drivers/STM32F4xx_HAL_Driver/Src/stm32f4xx_hal_sd.c ****       __HAL_SD_CLEAR_FLAG(hsd, SDIO_STATIC_FLAGS);
1133:Drivers/STM32F4xx_HAL_Driver/Src/stm32f4xx_hal_sd.c ****       hsd->ErrorCode |= errorstate;
1134:Drivers/STM32F4xx_HAL_Driver/Src/stm32f4xx_hal_sd.c ****       hsd->State = HAL_SD_STATE_READY;
1135:Drivers/STM32F4xx_HAL_Driver/Src/stm32f4xx_hal_sd.c ****       hsd->Context = SD_CONTEXT_NONE;
1136:Drivers/STM32F4xx_HAL_Driver/Src/stm32f4xx_hal_sd.c ****       return HAL_ERROR;
1137:Drivers/STM32F4xx_HAL_Driver/Src/stm32f4xx_hal_sd.c ****     }
1138:Drivers/STM32F4xx_HAL_Driver/Src/stm32f4xx_hal_sd.c **** 
1139:Drivers/STM32F4xx_HAL_Driver/Src/stm32f4xx_hal_sd.c ****     /* Configure the SD DPSM (Data Path State Machine) */
1140:Drivers/STM32F4xx_HAL_Driver/Src/stm32f4xx_hal_sd.c ****     config.DataTimeOut   = SDMMC_DATATIMEOUT;
1141:Drivers/STM32F4xx_HAL_Driver/Src/stm32f4xx_hal_sd.c ****     config.DataLength    = BLOCKSIZE * NumberOfBlocks;
1142:Drivers/STM32F4xx_HAL_Driver/Src/stm32f4xx_hal_sd.c ****     config.DataBlockSize = SDIO_DATABLOCK_SIZE_512B;
1143:Drivers/STM32F4xx_HAL_Driver/Src/stm32f4xx_hal_sd.c ****     config.TransferDir   = SDIO_TRANSFER_DIR_TO_CARD;
1144:Drivers/STM32F4xx_HAL_Driver/Src/stm32f4xx_hal_sd.c ****     config.TransferMode  = SDIO_TRANSFER_MODE_BLOCK;
1145:Drivers/STM32F4xx_HAL_Driver/Src/stm32f4xx_hal_sd.c ****     config.DPSM          = SDIO_DPSM_ENABLE;
1146:Drivers/STM32F4xx_HAL_Driver/Src/stm32f4xx_hal_sd.c ****     (void)SDIO_ConfigData(hsd->Instance, &config);
1147:Drivers/STM32F4xx_HAL_Driver/Src/stm32f4xx_hal_sd.c **** 
1148:Drivers/STM32F4xx_HAL_Driver/Src/stm32f4xx_hal_sd.c ****     return HAL_OK;
1149:Drivers/STM32F4xx_HAL_Driver/Src/stm32f4xx_hal_sd.c ****   }
1150:Drivers/STM32F4xx_HAL_Driver/Src/stm32f4xx_hal_sd.c ****   else
1151:Drivers/STM32F4xx_HAL_Driver/Src/stm32f4xx_hal_sd.c ****   {
1152:Drivers/STM32F4xx_HAL_Driver/Src/stm32f4xx_hal_sd.c ****     return HAL_BUSY;
1153:Drivers/STM32F4xx_HAL_Driver/Src/stm32f4xx_hal_sd.c ****   }
1154:Drivers/STM32F4xx_HAL_Driver/Src/stm32f4xx_hal_sd.c **** }
1155:Drivers/STM32F4xx_HAL_Driver/Src/stm32f4xx_hal_sd.c **** 
1156:Drivers/STM32F4xx_HAL_Driver/Src/stm32f4xx_hal_sd.c **** /**
1157:Drivers/STM32F4xx_HAL_Driver/Src/stm32f4xx_hal_sd.c ****   * @brief  Reads block(s) from a specified address in a card. The Data transfer
1158:Drivers/STM32F4xx_HAL_Driver/Src/stm32f4xx_hal_sd.c ****   *         is managed by DMA mode.
1159:Drivers/STM32F4xx_HAL_Driver/Src/stm32f4xx_hal_sd.c ****   * @note   This API should be followed by a check on the card state through
1160:Drivers/STM32F4xx_HAL_Driver/Src/stm32f4xx_hal_sd.c ****   *         HAL_SD_GetCardState().
1161:Drivers/STM32F4xx_HAL_Driver/Src/stm32f4xx_hal_sd.c ****   * @note   You could also check the DMA transfer process through the SD Rx
1162:Drivers/STM32F4xx_HAL_Driver/Src/stm32f4xx_hal_sd.c ****   *         interrupt event.
1163:Drivers/STM32F4xx_HAL_Driver/Src/stm32f4xx_hal_sd.c ****   * @param  hsd: Pointer SD handle
1164:Drivers/STM32F4xx_HAL_Driver/Src/stm32f4xx_hal_sd.c ****   * @param  pData: Pointer to the buffer that will contain the received data
1165:Drivers/STM32F4xx_HAL_Driver/Src/stm32f4xx_hal_sd.c ****   * @param  BlockAdd: Block Address from where data is to be read
1166:Drivers/STM32F4xx_HAL_Driver/Src/stm32f4xx_hal_sd.c ****   * @param  NumberOfBlocks: Number of blocks to read.
1167:Drivers/STM32F4xx_HAL_Driver/Src/stm32f4xx_hal_sd.c ****   * @retval HAL status
1168:Drivers/STM32F4xx_HAL_Driver/Src/stm32f4xx_hal_sd.c ****   */
1169:Drivers/STM32F4xx_HAL_Driver/Src/stm32f4xx_hal_sd.c **** HAL_StatusTypeDef HAL_SD_ReadBlocks_DMA(SD_HandleTypeDef *hsd, uint8_t *pData, uint32_t BlockAdd, u
1170:Drivers/STM32F4xx_HAL_Driver/Src/stm32f4xx_hal_sd.c **** {
ARM GAS  C:\Users\40918\AppData\Local\Temp\cc5Xi7iV.s 			page 22


1171:Drivers/STM32F4xx_HAL_Driver/Src/stm32f4xx_hal_sd.c ****   SDIO_DataInitTypeDef config;
1172:Drivers/STM32F4xx_HAL_Driver/Src/stm32f4xx_hal_sd.c ****   uint32_t errorstate;
1173:Drivers/STM32F4xx_HAL_Driver/Src/stm32f4xx_hal_sd.c ****   uint32_t add = BlockAdd;
1174:Drivers/STM32F4xx_HAL_Driver/Src/stm32f4xx_hal_sd.c **** 
1175:Drivers/STM32F4xx_HAL_Driver/Src/stm32f4xx_hal_sd.c ****   if(NULL == pData)
1176:Drivers/STM32F4xx_HAL_Driver/Src/stm32f4xx_hal_sd.c ****   {
1177:Drivers/STM32F4xx_HAL_Driver/Src/stm32f4xx_hal_sd.c ****     hsd->ErrorCode |= HAL_SD_ERROR_PARAM;
1178:Drivers/STM32F4xx_HAL_Driver/Src/stm32f4xx_hal_sd.c ****     return HAL_ERROR;
1179:Drivers/STM32F4xx_HAL_Driver/Src/stm32f4xx_hal_sd.c ****   }
1180:Drivers/STM32F4xx_HAL_Driver/Src/stm32f4xx_hal_sd.c **** 
1181:Drivers/STM32F4xx_HAL_Driver/Src/stm32f4xx_hal_sd.c ****   if(hsd->State == HAL_SD_STATE_READY)
1182:Drivers/STM32F4xx_HAL_Driver/Src/stm32f4xx_hal_sd.c ****   {
1183:Drivers/STM32F4xx_HAL_Driver/Src/stm32f4xx_hal_sd.c ****     hsd->ErrorCode = HAL_SD_ERROR_NONE;
1184:Drivers/STM32F4xx_HAL_Driver/Src/stm32f4xx_hal_sd.c **** 
1185:Drivers/STM32F4xx_HAL_Driver/Src/stm32f4xx_hal_sd.c ****     if((add + NumberOfBlocks) > (hsd->SdCard.LogBlockNbr))
1186:Drivers/STM32F4xx_HAL_Driver/Src/stm32f4xx_hal_sd.c ****     {
1187:Drivers/STM32F4xx_HAL_Driver/Src/stm32f4xx_hal_sd.c ****       hsd->ErrorCode |= HAL_SD_ERROR_ADDR_OUT_OF_RANGE;
1188:Drivers/STM32F4xx_HAL_Driver/Src/stm32f4xx_hal_sd.c ****       return HAL_ERROR;
1189:Drivers/STM32F4xx_HAL_Driver/Src/stm32f4xx_hal_sd.c ****     }
1190:Drivers/STM32F4xx_HAL_Driver/Src/stm32f4xx_hal_sd.c **** 
1191:Drivers/STM32F4xx_HAL_Driver/Src/stm32f4xx_hal_sd.c ****     hsd->State = HAL_SD_STATE_BUSY;
1192:Drivers/STM32F4xx_HAL_Driver/Src/stm32f4xx_hal_sd.c **** 
1193:Drivers/STM32F4xx_HAL_Driver/Src/stm32f4xx_hal_sd.c ****     /* Initialize data control register */
1194:Drivers/STM32F4xx_HAL_Driver/Src/stm32f4xx_hal_sd.c ****     hsd->Instance->DCTRL = 0U;
1195:Drivers/STM32F4xx_HAL_Driver/Src/stm32f4xx_hal_sd.c **** 
1196:Drivers/STM32F4xx_HAL_Driver/Src/stm32f4xx_hal_sd.c **** #if defined(SDIO_STA_STBITERR)
1197:Drivers/STM32F4xx_HAL_Driver/Src/stm32f4xx_hal_sd.c ****     __HAL_SD_ENABLE_IT(hsd, (SDIO_IT_DCRCFAIL | SDIO_IT_DTIMEOUT | SDIO_IT_RXOVERR | SDIO_IT_DATAEN
1198:Drivers/STM32F4xx_HAL_Driver/Src/stm32f4xx_hal_sd.c **** #else /* SDIO_STA_STBITERR not defined */
1199:Drivers/STM32F4xx_HAL_Driver/Src/stm32f4xx_hal_sd.c ****     __HAL_SD_ENABLE_IT(hsd, (SDIO_IT_DCRCFAIL | SDIO_IT_DTIMEOUT | SDIO_IT_RXOVERR | SDIO_IT_DATAEN
1200:Drivers/STM32F4xx_HAL_Driver/Src/stm32f4xx_hal_sd.c **** #endif /* SDIO_STA_STBITERR */
1201:Drivers/STM32F4xx_HAL_Driver/Src/stm32f4xx_hal_sd.c **** 
1202:Drivers/STM32F4xx_HAL_Driver/Src/stm32f4xx_hal_sd.c ****     /* Set the DMA transfer complete callback */
1203:Drivers/STM32F4xx_HAL_Driver/Src/stm32f4xx_hal_sd.c ****     hsd->hdmarx->XferCpltCallback = SD_DMAReceiveCplt;
1204:Drivers/STM32F4xx_HAL_Driver/Src/stm32f4xx_hal_sd.c **** 
1205:Drivers/STM32F4xx_HAL_Driver/Src/stm32f4xx_hal_sd.c ****     /* Set the DMA error callback */
1206:Drivers/STM32F4xx_HAL_Driver/Src/stm32f4xx_hal_sd.c ****     hsd->hdmarx->XferErrorCallback = SD_DMAError;
1207:Drivers/STM32F4xx_HAL_Driver/Src/stm32f4xx_hal_sd.c **** 
1208:Drivers/STM32F4xx_HAL_Driver/Src/stm32f4xx_hal_sd.c ****     /* Set the DMA Abort callback */
1209:Drivers/STM32F4xx_HAL_Driver/Src/stm32f4xx_hal_sd.c ****     hsd->hdmarx->XferAbortCallback = NULL;
1210:Drivers/STM32F4xx_HAL_Driver/Src/stm32f4xx_hal_sd.c **** 
1211:Drivers/STM32F4xx_HAL_Driver/Src/stm32f4xx_hal_sd.c ****     /* Force DMA Direction */
1212:Drivers/STM32F4xx_HAL_Driver/Src/stm32f4xx_hal_sd.c ****     hsd->hdmarx->Init.Direction = DMA_PERIPH_TO_MEMORY;
1213:Drivers/STM32F4xx_HAL_Driver/Src/stm32f4xx_hal_sd.c ****     MODIFY_REG(hsd->hdmarx->Instance->CR, DMA_SxCR_DIR, hsd->hdmarx->Init.Direction);
1214:Drivers/STM32F4xx_HAL_Driver/Src/stm32f4xx_hal_sd.c **** 
1215:Drivers/STM32F4xx_HAL_Driver/Src/stm32f4xx_hal_sd.c ****     /* Enable the DMA Channel */
1216:Drivers/STM32F4xx_HAL_Driver/Src/stm32f4xx_hal_sd.c ****     if(HAL_DMA_Start_IT(hsd->hdmarx, (uint32_t)&hsd->Instance->FIFO, (uint32_t)pData, (uint32_t)(BL
1217:Drivers/STM32F4xx_HAL_Driver/Src/stm32f4xx_hal_sd.c ****     {
1218:Drivers/STM32F4xx_HAL_Driver/Src/stm32f4xx_hal_sd.c ****       __HAL_SD_DISABLE_IT(hsd, (SDIO_IT_DCRCFAIL | SDIO_IT_DTIMEOUT | SDIO_IT_RXOVERR | SDIO_IT_DAT
1219:Drivers/STM32F4xx_HAL_Driver/Src/stm32f4xx_hal_sd.c ****       __HAL_SD_CLEAR_FLAG(hsd, SDIO_STATIC_FLAGS);
1220:Drivers/STM32F4xx_HAL_Driver/Src/stm32f4xx_hal_sd.c ****       hsd->ErrorCode |= HAL_SD_ERROR_DMA;
1221:Drivers/STM32F4xx_HAL_Driver/Src/stm32f4xx_hal_sd.c ****       hsd->State = HAL_SD_STATE_READY;
1222:Drivers/STM32F4xx_HAL_Driver/Src/stm32f4xx_hal_sd.c ****       return HAL_ERROR;
1223:Drivers/STM32F4xx_HAL_Driver/Src/stm32f4xx_hal_sd.c ****     }
1224:Drivers/STM32F4xx_HAL_Driver/Src/stm32f4xx_hal_sd.c ****     else
1225:Drivers/STM32F4xx_HAL_Driver/Src/stm32f4xx_hal_sd.c ****     {
1226:Drivers/STM32F4xx_HAL_Driver/Src/stm32f4xx_hal_sd.c ****       /* Enable SD DMA transfer */
1227:Drivers/STM32F4xx_HAL_Driver/Src/stm32f4xx_hal_sd.c ****       __HAL_SD_DMA_ENABLE(hsd);
ARM GAS  C:\Users\40918\AppData\Local\Temp\cc5Xi7iV.s 			page 23


1228:Drivers/STM32F4xx_HAL_Driver/Src/stm32f4xx_hal_sd.c **** 
1229:Drivers/STM32F4xx_HAL_Driver/Src/stm32f4xx_hal_sd.c ****       if(hsd->SdCard.CardType != CARD_SDHC_SDXC)
1230:Drivers/STM32F4xx_HAL_Driver/Src/stm32f4xx_hal_sd.c ****       {
1231:Drivers/STM32F4xx_HAL_Driver/Src/stm32f4xx_hal_sd.c ****         add *= 512U;
1232:Drivers/STM32F4xx_HAL_Driver/Src/stm32f4xx_hal_sd.c ****       }
1233:Drivers/STM32F4xx_HAL_Driver/Src/stm32f4xx_hal_sd.c **** 
1234:Drivers/STM32F4xx_HAL_Driver/Src/stm32f4xx_hal_sd.c ****       /* Configure the SD DPSM (Data Path State Machine) */
1235:Drivers/STM32F4xx_HAL_Driver/Src/stm32f4xx_hal_sd.c ****       config.DataTimeOut   = SDMMC_DATATIMEOUT;
1236:Drivers/STM32F4xx_HAL_Driver/Src/stm32f4xx_hal_sd.c ****       config.DataLength    = BLOCKSIZE * NumberOfBlocks;
1237:Drivers/STM32F4xx_HAL_Driver/Src/stm32f4xx_hal_sd.c ****       config.DataBlockSize = SDIO_DATABLOCK_SIZE_512B;
1238:Drivers/STM32F4xx_HAL_Driver/Src/stm32f4xx_hal_sd.c ****       config.TransferDir   = SDIO_TRANSFER_DIR_TO_SDIO;
1239:Drivers/STM32F4xx_HAL_Driver/Src/stm32f4xx_hal_sd.c ****       config.TransferMode  = SDIO_TRANSFER_MODE_BLOCK;
1240:Drivers/STM32F4xx_HAL_Driver/Src/stm32f4xx_hal_sd.c ****       config.DPSM          = SDIO_DPSM_ENABLE;
1241:Drivers/STM32F4xx_HAL_Driver/Src/stm32f4xx_hal_sd.c ****       (void)SDIO_ConfigData(hsd->Instance, &config);
1242:Drivers/STM32F4xx_HAL_Driver/Src/stm32f4xx_hal_sd.c **** 
1243:Drivers/STM32F4xx_HAL_Driver/Src/stm32f4xx_hal_sd.c ****       /* Read Blocks in DMA mode */
1244:Drivers/STM32F4xx_HAL_Driver/Src/stm32f4xx_hal_sd.c ****       if(NumberOfBlocks > 1U)
1245:Drivers/STM32F4xx_HAL_Driver/Src/stm32f4xx_hal_sd.c ****       {
1246:Drivers/STM32F4xx_HAL_Driver/Src/stm32f4xx_hal_sd.c ****         hsd->Context = (SD_CONTEXT_READ_MULTIPLE_BLOCK | SD_CONTEXT_DMA);
1247:Drivers/STM32F4xx_HAL_Driver/Src/stm32f4xx_hal_sd.c **** 
1248:Drivers/STM32F4xx_HAL_Driver/Src/stm32f4xx_hal_sd.c ****         /* Read Multi Block command */
1249:Drivers/STM32F4xx_HAL_Driver/Src/stm32f4xx_hal_sd.c ****         errorstate = SDMMC_CmdReadMultiBlock(hsd->Instance, add);
1250:Drivers/STM32F4xx_HAL_Driver/Src/stm32f4xx_hal_sd.c ****       }
1251:Drivers/STM32F4xx_HAL_Driver/Src/stm32f4xx_hal_sd.c ****       else
1252:Drivers/STM32F4xx_HAL_Driver/Src/stm32f4xx_hal_sd.c ****       {
1253:Drivers/STM32F4xx_HAL_Driver/Src/stm32f4xx_hal_sd.c ****         hsd->Context = (SD_CONTEXT_READ_SINGLE_BLOCK | SD_CONTEXT_DMA);
1254:Drivers/STM32F4xx_HAL_Driver/Src/stm32f4xx_hal_sd.c **** 
1255:Drivers/STM32F4xx_HAL_Driver/Src/stm32f4xx_hal_sd.c ****         /* Read Single Block command */
1256:Drivers/STM32F4xx_HAL_Driver/Src/stm32f4xx_hal_sd.c ****         errorstate = SDMMC_CmdReadSingleBlock(hsd->Instance, add);
1257:Drivers/STM32F4xx_HAL_Driver/Src/stm32f4xx_hal_sd.c ****       }
1258:Drivers/STM32F4xx_HAL_Driver/Src/stm32f4xx_hal_sd.c ****       if(errorstate != HAL_SD_ERROR_NONE)
1259:Drivers/STM32F4xx_HAL_Driver/Src/stm32f4xx_hal_sd.c ****       {
1260:Drivers/STM32F4xx_HAL_Driver/Src/stm32f4xx_hal_sd.c ****         /* Clear all the static flags */
1261:Drivers/STM32F4xx_HAL_Driver/Src/stm32f4xx_hal_sd.c ****         __HAL_SD_CLEAR_FLAG(hsd, SDIO_STATIC_FLAGS);
1262:Drivers/STM32F4xx_HAL_Driver/Src/stm32f4xx_hal_sd.c ****         hsd->ErrorCode |= errorstate;
1263:Drivers/STM32F4xx_HAL_Driver/Src/stm32f4xx_hal_sd.c ****         hsd->State = HAL_SD_STATE_READY;
1264:Drivers/STM32F4xx_HAL_Driver/Src/stm32f4xx_hal_sd.c ****         hsd->Context = SD_CONTEXT_NONE;
1265:Drivers/STM32F4xx_HAL_Driver/Src/stm32f4xx_hal_sd.c ****         return HAL_ERROR;
1266:Drivers/STM32F4xx_HAL_Driver/Src/stm32f4xx_hal_sd.c ****       }
1267:Drivers/STM32F4xx_HAL_Driver/Src/stm32f4xx_hal_sd.c **** 
1268:Drivers/STM32F4xx_HAL_Driver/Src/stm32f4xx_hal_sd.c ****       return HAL_OK;
1269:Drivers/STM32F4xx_HAL_Driver/Src/stm32f4xx_hal_sd.c ****     }
1270:Drivers/STM32F4xx_HAL_Driver/Src/stm32f4xx_hal_sd.c ****   }
1271:Drivers/STM32F4xx_HAL_Driver/Src/stm32f4xx_hal_sd.c ****   else
1272:Drivers/STM32F4xx_HAL_Driver/Src/stm32f4xx_hal_sd.c ****   {
1273:Drivers/STM32F4xx_HAL_Driver/Src/stm32f4xx_hal_sd.c ****     return HAL_BUSY;
1274:Drivers/STM32F4xx_HAL_Driver/Src/stm32f4xx_hal_sd.c ****   }
1275:Drivers/STM32F4xx_HAL_Driver/Src/stm32f4xx_hal_sd.c **** }
1276:Drivers/STM32F4xx_HAL_Driver/Src/stm32f4xx_hal_sd.c **** 
1277:Drivers/STM32F4xx_HAL_Driver/Src/stm32f4xx_hal_sd.c **** /**
1278:Drivers/STM32F4xx_HAL_Driver/Src/stm32f4xx_hal_sd.c ****   * @brief  Writes block(s) to a specified address in a card. The Data transfer
1279:Drivers/STM32F4xx_HAL_Driver/Src/stm32f4xx_hal_sd.c ****   *         is managed by DMA mode.
1280:Drivers/STM32F4xx_HAL_Driver/Src/stm32f4xx_hal_sd.c ****   * @note   This API should be followed by a check on the card state through
1281:Drivers/STM32F4xx_HAL_Driver/Src/stm32f4xx_hal_sd.c ****   *         HAL_SD_GetCardState().
1282:Drivers/STM32F4xx_HAL_Driver/Src/stm32f4xx_hal_sd.c ****   * @note   You could also check the DMA transfer process through the SD Tx
1283:Drivers/STM32F4xx_HAL_Driver/Src/stm32f4xx_hal_sd.c ****   *         interrupt event.
1284:Drivers/STM32F4xx_HAL_Driver/Src/stm32f4xx_hal_sd.c ****   * @param  hsd: Pointer to SD handle
ARM GAS  C:\Users\40918\AppData\Local\Temp\cc5Xi7iV.s 			page 24


1285:Drivers/STM32F4xx_HAL_Driver/Src/stm32f4xx_hal_sd.c ****   * @param  pData: Pointer to the buffer that will contain the data to transmit
1286:Drivers/STM32F4xx_HAL_Driver/Src/stm32f4xx_hal_sd.c ****   * @param  BlockAdd: Block Address where data will be written
1287:Drivers/STM32F4xx_HAL_Driver/Src/stm32f4xx_hal_sd.c ****   * @param  NumberOfBlocks: Number of blocks to write
1288:Drivers/STM32F4xx_HAL_Driver/Src/stm32f4xx_hal_sd.c ****   * @retval HAL status
1289:Drivers/STM32F4xx_HAL_Driver/Src/stm32f4xx_hal_sd.c ****   */
1290:Drivers/STM32F4xx_HAL_Driver/Src/stm32f4xx_hal_sd.c **** HAL_StatusTypeDef HAL_SD_WriteBlocks_DMA(SD_HandleTypeDef *hsd, uint8_t *pData, uint32_t BlockAdd, 
1291:Drivers/STM32F4xx_HAL_Driver/Src/stm32f4xx_hal_sd.c **** {
1292:Drivers/STM32F4xx_HAL_Driver/Src/stm32f4xx_hal_sd.c ****   SDIO_DataInitTypeDef config;
1293:Drivers/STM32F4xx_HAL_Driver/Src/stm32f4xx_hal_sd.c ****   uint32_t errorstate;
1294:Drivers/STM32F4xx_HAL_Driver/Src/stm32f4xx_hal_sd.c ****   uint32_t add = BlockAdd;
1295:Drivers/STM32F4xx_HAL_Driver/Src/stm32f4xx_hal_sd.c **** 
1296:Drivers/STM32F4xx_HAL_Driver/Src/stm32f4xx_hal_sd.c ****   if(NULL == pData)
1297:Drivers/STM32F4xx_HAL_Driver/Src/stm32f4xx_hal_sd.c ****   {
1298:Drivers/STM32F4xx_HAL_Driver/Src/stm32f4xx_hal_sd.c ****     hsd->ErrorCode |= HAL_SD_ERROR_PARAM;
1299:Drivers/STM32F4xx_HAL_Driver/Src/stm32f4xx_hal_sd.c ****     return HAL_ERROR;
1300:Drivers/STM32F4xx_HAL_Driver/Src/stm32f4xx_hal_sd.c ****   }
1301:Drivers/STM32F4xx_HAL_Driver/Src/stm32f4xx_hal_sd.c **** 
1302:Drivers/STM32F4xx_HAL_Driver/Src/stm32f4xx_hal_sd.c ****   if(hsd->State == HAL_SD_STATE_READY)
1303:Drivers/STM32F4xx_HAL_Driver/Src/stm32f4xx_hal_sd.c ****   {
1304:Drivers/STM32F4xx_HAL_Driver/Src/stm32f4xx_hal_sd.c ****     hsd->ErrorCode = HAL_SD_ERROR_NONE;
1305:Drivers/STM32F4xx_HAL_Driver/Src/stm32f4xx_hal_sd.c **** 
1306:Drivers/STM32F4xx_HAL_Driver/Src/stm32f4xx_hal_sd.c ****     if((add + NumberOfBlocks) > (hsd->SdCard.LogBlockNbr))
1307:Drivers/STM32F4xx_HAL_Driver/Src/stm32f4xx_hal_sd.c ****     {
1308:Drivers/STM32F4xx_HAL_Driver/Src/stm32f4xx_hal_sd.c ****       hsd->ErrorCode |= HAL_SD_ERROR_ADDR_OUT_OF_RANGE;
1309:Drivers/STM32F4xx_HAL_Driver/Src/stm32f4xx_hal_sd.c ****       return HAL_ERROR;
1310:Drivers/STM32F4xx_HAL_Driver/Src/stm32f4xx_hal_sd.c ****     }
1311:Drivers/STM32F4xx_HAL_Driver/Src/stm32f4xx_hal_sd.c **** 
1312:Drivers/STM32F4xx_HAL_Driver/Src/stm32f4xx_hal_sd.c ****     hsd->State = HAL_SD_STATE_BUSY;
1313:Drivers/STM32F4xx_HAL_Driver/Src/stm32f4xx_hal_sd.c **** 
1314:Drivers/STM32F4xx_HAL_Driver/Src/stm32f4xx_hal_sd.c ****     /* Initialize data control register */
1315:Drivers/STM32F4xx_HAL_Driver/Src/stm32f4xx_hal_sd.c ****     hsd->Instance->DCTRL = 0U;
1316:Drivers/STM32F4xx_HAL_Driver/Src/stm32f4xx_hal_sd.c **** 
1317:Drivers/STM32F4xx_HAL_Driver/Src/stm32f4xx_hal_sd.c ****     /* Enable SD Error interrupts */
1318:Drivers/STM32F4xx_HAL_Driver/Src/stm32f4xx_hal_sd.c **** #if defined(SDIO_STA_STBITERR)
1319:Drivers/STM32F4xx_HAL_Driver/Src/stm32f4xx_hal_sd.c ****     __HAL_SD_ENABLE_IT(hsd, (SDIO_IT_DCRCFAIL | SDIO_IT_DTIMEOUT | SDIO_IT_TXUNDERR | SDIO_IT_STBIT
1320:Drivers/STM32F4xx_HAL_Driver/Src/stm32f4xx_hal_sd.c **** #else /* SDIO_STA_STBITERR not defined */
1321:Drivers/STM32F4xx_HAL_Driver/Src/stm32f4xx_hal_sd.c ****     __HAL_SD_ENABLE_IT(hsd, (SDIO_IT_DCRCFAIL | SDIO_IT_DTIMEOUT | SDIO_IT_TXUNDERR));   
1322:Drivers/STM32F4xx_HAL_Driver/Src/stm32f4xx_hal_sd.c **** #endif /* SDIO_STA_STBITERR */
1323:Drivers/STM32F4xx_HAL_Driver/Src/stm32f4xx_hal_sd.c **** 
1324:Drivers/STM32F4xx_HAL_Driver/Src/stm32f4xx_hal_sd.c ****     /* Set the DMA transfer complete callback */
1325:Drivers/STM32F4xx_HAL_Driver/Src/stm32f4xx_hal_sd.c ****     hsd->hdmatx->XferCpltCallback = SD_DMATransmitCplt;
1326:Drivers/STM32F4xx_HAL_Driver/Src/stm32f4xx_hal_sd.c **** 
1327:Drivers/STM32F4xx_HAL_Driver/Src/stm32f4xx_hal_sd.c ****     /* Set the DMA error callback */
1328:Drivers/STM32F4xx_HAL_Driver/Src/stm32f4xx_hal_sd.c ****     hsd->hdmatx->XferErrorCallback = SD_DMAError;
1329:Drivers/STM32F4xx_HAL_Driver/Src/stm32f4xx_hal_sd.c **** 
1330:Drivers/STM32F4xx_HAL_Driver/Src/stm32f4xx_hal_sd.c ****     /* Set the DMA Abort callback */
1331:Drivers/STM32F4xx_HAL_Driver/Src/stm32f4xx_hal_sd.c ****     hsd->hdmatx->XferAbortCallback = NULL;
1332:Drivers/STM32F4xx_HAL_Driver/Src/stm32f4xx_hal_sd.c **** 
1333:Drivers/STM32F4xx_HAL_Driver/Src/stm32f4xx_hal_sd.c ****     if(hsd->SdCard.CardType != CARD_SDHC_SDXC)
1334:Drivers/STM32F4xx_HAL_Driver/Src/stm32f4xx_hal_sd.c ****     {
1335:Drivers/STM32F4xx_HAL_Driver/Src/stm32f4xx_hal_sd.c ****       add *= 512U;
1336:Drivers/STM32F4xx_HAL_Driver/Src/stm32f4xx_hal_sd.c ****     }
1337:Drivers/STM32F4xx_HAL_Driver/Src/stm32f4xx_hal_sd.c **** 
1338:Drivers/STM32F4xx_HAL_Driver/Src/stm32f4xx_hal_sd.c ****     /* Write Blocks in Polling mode */
1339:Drivers/STM32F4xx_HAL_Driver/Src/stm32f4xx_hal_sd.c ****     if(NumberOfBlocks > 1U)
1340:Drivers/STM32F4xx_HAL_Driver/Src/stm32f4xx_hal_sd.c ****     {
1341:Drivers/STM32F4xx_HAL_Driver/Src/stm32f4xx_hal_sd.c ****       hsd->Context = (SD_CONTEXT_WRITE_MULTIPLE_BLOCK | SD_CONTEXT_DMA);
ARM GAS  C:\Users\40918\AppData\Local\Temp\cc5Xi7iV.s 			page 25


1342:Drivers/STM32F4xx_HAL_Driver/Src/stm32f4xx_hal_sd.c **** 
1343:Drivers/STM32F4xx_HAL_Driver/Src/stm32f4xx_hal_sd.c ****       /* Write Multi Block command */
1344:Drivers/STM32F4xx_HAL_Driver/Src/stm32f4xx_hal_sd.c ****       errorstate = SDMMC_CmdWriteMultiBlock(hsd->Instance, add);
1345:Drivers/STM32F4xx_HAL_Driver/Src/stm32f4xx_hal_sd.c ****     }
1346:Drivers/STM32F4xx_HAL_Driver/Src/stm32f4xx_hal_sd.c ****     else
1347:Drivers/STM32F4xx_HAL_Driver/Src/stm32f4xx_hal_sd.c ****     {
1348:Drivers/STM32F4xx_HAL_Driver/Src/stm32f4xx_hal_sd.c ****       hsd->Context = (SD_CONTEXT_WRITE_SINGLE_BLOCK | SD_CONTEXT_DMA);
1349:Drivers/STM32F4xx_HAL_Driver/Src/stm32f4xx_hal_sd.c **** 
1350:Drivers/STM32F4xx_HAL_Driver/Src/stm32f4xx_hal_sd.c ****       /* Write Single Block command */
1351:Drivers/STM32F4xx_HAL_Driver/Src/stm32f4xx_hal_sd.c ****       errorstate = SDMMC_CmdWriteSingleBlock(hsd->Instance, add);
1352:Drivers/STM32F4xx_HAL_Driver/Src/stm32f4xx_hal_sd.c ****     }
1353:Drivers/STM32F4xx_HAL_Driver/Src/stm32f4xx_hal_sd.c ****     if(errorstate != HAL_SD_ERROR_NONE)
1354:Drivers/STM32F4xx_HAL_Driver/Src/stm32f4xx_hal_sd.c ****     {
1355:Drivers/STM32F4xx_HAL_Driver/Src/stm32f4xx_hal_sd.c ****       /* Clear all the static flags */
1356:Drivers/STM32F4xx_HAL_Driver/Src/stm32f4xx_hal_sd.c ****       __HAL_SD_CLEAR_FLAG(hsd, SDIO_STATIC_FLAGS);
1357:Drivers/STM32F4xx_HAL_Driver/Src/stm32f4xx_hal_sd.c ****       hsd->ErrorCode |= errorstate;
1358:Drivers/STM32F4xx_HAL_Driver/Src/stm32f4xx_hal_sd.c ****       hsd->State = HAL_SD_STATE_READY;
1359:Drivers/STM32F4xx_HAL_Driver/Src/stm32f4xx_hal_sd.c ****       hsd->Context = SD_CONTEXT_NONE;
1360:Drivers/STM32F4xx_HAL_Driver/Src/stm32f4xx_hal_sd.c ****       return HAL_ERROR;
1361:Drivers/STM32F4xx_HAL_Driver/Src/stm32f4xx_hal_sd.c ****     }
1362:Drivers/STM32F4xx_HAL_Driver/Src/stm32f4xx_hal_sd.c **** 
1363:Drivers/STM32F4xx_HAL_Driver/Src/stm32f4xx_hal_sd.c ****     /* Enable SDIO DMA transfer */
1364:Drivers/STM32F4xx_HAL_Driver/Src/stm32f4xx_hal_sd.c ****     __HAL_SD_DMA_ENABLE(hsd);
1365:Drivers/STM32F4xx_HAL_Driver/Src/stm32f4xx_hal_sd.c **** 
1366:Drivers/STM32F4xx_HAL_Driver/Src/stm32f4xx_hal_sd.c ****     /* Force DMA Direction */
1367:Drivers/STM32F4xx_HAL_Driver/Src/stm32f4xx_hal_sd.c ****     hsd->hdmatx->Init.Direction = DMA_MEMORY_TO_PERIPH;
1368:Drivers/STM32F4xx_HAL_Driver/Src/stm32f4xx_hal_sd.c ****     MODIFY_REG(hsd->hdmatx->Instance->CR, DMA_SxCR_DIR, hsd->hdmatx->Init.Direction);
1369:Drivers/STM32F4xx_HAL_Driver/Src/stm32f4xx_hal_sd.c **** 
1370:Drivers/STM32F4xx_HAL_Driver/Src/stm32f4xx_hal_sd.c ****     /* Enable the DMA Channel */
1371:Drivers/STM32F4xx_HAL_Driver/Src/stm32f4xx_hal_sd.c ****     if(HAL_DMA_Start_IT(hsd->hdmatx, (uint32_t)pData, (uint32_t)&hsd->Instance->FIFO, (uint32_t)(BL
1372:Drivers/STM32F4xx_HAL_Driver/Src/stm32f4xx_hal_sd.c ****     {
1373:Drivers/STM32F4xx_HAL_Driver/Src/stm32f4xx_hal_sd.c **** #if defined(SDIO_STA_STBITERR)
1374:Drivers/STM32F4xx_HAL_Driver/Src/stm32f4xx_hal_sd.c ****       __HAL_SD_DISABLE_IT(hsd, (SDIO_IT_DCRCFAIL | SDIO_IT_DTIMEOUT | SDIO_IT_TXUNDERR | SDIO_IT_ST
1375:Drivers/STM32F4xx_HAL_Driver/Src/stm32f4xx_hal_sd.c **** #else /* SDIO_STA_STBITERR not defined */
1376:Drivers/STM32F4xx_HAL_Driver/Src/stm32f4xx_hal_sd.c ****       __HAL_SD_DISABLE_IT(hsd, (SDIO_IT_DCRCFAIL | SDIO_IT_DTIMEOUT | SDIO_IT_TXUNDERR));   
1377:Drivers/STM32F4xx_HAL_Driver/Src/stm32f4xx_hal_sd.c **** #endif /* SDIO_STA_STBITERR */
1378:Drivers/STM32F4xx_HAL_Driver/Src/stm32f4xx_hal_sd.c ****       __HAL_SD_CLEAR_FLAG(hsd, SDIO_STATIC_FLAGS);
1379:Drivers/STM32F4xx_HAL_Driver/Src/stm32f4xx_hal_sd.c ****       hsd->ErrorCode |= HAL_SD_ERROR_DMA;
1380:Drivers/STM32F4xx_HAL_Driver/Src/stm32f4xx_hal_sd.c ****       hsd->State = HAL_SD_STATE_READY;
1381:Drivers/STM32F4xx_HAL_Driver/Src/stm32f4xx_hal_sd.c ****       hsd->Context = SD_CONTEXT_NONE;
1382:Drivers/STM32F4xx_HAL_Driver/Src/stm32f4xx_hal_sd.c ****       return HAL_ERROR;
1383:Drivers/STM32F4xx_HAL_Driver/Src/stm32f4xx_hal_sd.c ****     }
1384:Drivers/STM32F4xx_HAL_Driver/Src/stm32f4xx_hal_sd.c ****     else
1385:Drivers/STM32F4xx_HAL_Driver/Src/stm32f4xx_hal_sd.c ****     {
1386:Drivers/STM32F4xx_HAL_Driver/Src/stm32f4xx_hal_sd.c ****       /* Configure the SD DPSM (Data Path State Machine) */
1387:Drivers/STM32F4xx_HAL_Driver/Src/stm32f4xx_hal_sd.c ****       config.DataTimeOut   = SDMMC_DATATIMEOUT;
1388:Drivers/STM32F4xx_HAL_Driver/Src/stm32f4xx_hal_sd.c ****       config.DataLength    = BLOCKSIZE * NumberOfBlocks;
1389:Drivers/STM32F4xx_HAL_Driver/Src/stm32f4xx_hal_sd.c ****       config.DataBlockSize = SDIO_DATABLOCK_SIZE_512B;
1390:Drivers/STM32F4xx_HAL_Driver/Src/stm32f4xx_hal_sd.c ****       config.TransferDir   = SDIO_TRANSFER_DIR_TO_CARD;
1391:Drivers/STM32F4xx_HAL_Driver/Src/stm32f4xx_hal_sd.c ****       config.TransferMode  = SDIO_TRANSFER_MODE_BLOCK;
1392:Drivers/STM32F4xx_HAL_Driver/Src/stm32f4xx_hal_sd.c ****       config.DPSM          = SDIO_DPSM_ENABLE;
1393:Drivers/STM32F4xx_HAL_Driver/Src/stm32f4xx_hal_sd.c ****       (void)SDIO_ConfigData(hsd->Instance, &config);
1394:Drivers/STM32F4xx_HAL_Driver/Src/stm32f4xx_hal_sd.c **** 
1395:Drivers/STM32F4xx_HAL_Driver/Src/stm32f4xx_hal_sd.c ****       return HAL_OK;
1396:Drivers/STM32F4xx_HAL_Driver/Src/stm32f4xx_hal_sd.c ****     }
1397:Drivers/STM32F4xx_HAL_Driver/Src/stm32f4xx_hal_sd.c ****   }
1398:Drivers/STM32F4xx_HAL_Driver/Src/stm32f4xx_hal_sd.c ****   else
ARM GAS  C:\Users\40918\AppData\Local\Temp\cc5Xi7iV.s 			page 26


1399:Drivers/STM32F4xx_HAL_Driver/Src/stm32f4xx_hal_sd.c ****   {
1400:Drivers/STM32F4xx_HAL_Driver/Src/stm32f4xx_hal_sd.c ****     return HAL_BUSY;
1401:Drivers/STM32F4xx_HAL_Driver/Src/stm32f4xx_hal_sd.c ****   }
1402:Drivers/STM32F4xx_HAL_Driver/Src/stm32f4xx_hal_sd.c **** }
1403:Drivers/STM32F4xx_HAL_Driver/Src/stm32f4xx_hal_sd.c **** 
1404:Drivers/STM32F4xx_HAL_Driver/Src/stm32f4xx_hal_sd.c **** /**
1405:Drivers/STM32F4xx_HAL_Driver/Src/stm32f4xx_hal_sd.c ****   * @brief  Erases the specified memory area of the given SD card.
1406:Drivers/STM32F4xx_HAL_Driver/Src/stm32f4xx_hal_sd.c ****   * @note   This API should be followed by a check on the card state through
1407:Drivers/STM32F4xx_HAL_Driver/Src/stm32f4xx_hal_sd.c ****   *         HAL_SD_GetCardState().
1408:Drivers/STM32F4xx_HAL_Driver/Src/stm32f4xx_hal_sd.c ****   * @param  hsd: Pointer to SD handle
1409:Drivers/STM32F4xx_HAL_Driver/Src/stm32f4xx_hal_sd.c ****   * @param  BlockStartAdd: Start Block address
1410:Drivers/STM32F4xx_HAL_Driver/Src/stm32f4xx_hal_sd.c ****   * @param  BlockEndAdd: End Block address
1411:Drivers/STM32F4xx_HAL_Driver/Src/stm32f4xx_hal_sd.c ****   * @retval HAL status
1412:Drivers/STM32F4xx_HAL_Driver/Src/stm32f4xx_hal_sd.c ****   */
1413:Drivers/STM32F4xx_HAL_Driver/Src/stm32f4xx_hal_sd.c **** HAL_StatusTypeDef HAL_SD_Erase(SD_HandleTypeDef *hsd, uint32_t BlockStartAdd, uint32_t BlockEndAdd)
1414:Drivers/STM32F4xx_HAL_Driver/Src/stm32f4xx_hal_sd.c **** {
1415:Drivers/STM32F4xx_HAL_Driver/Src/stm32f4xx_hal_sd.c ****   uint32_t errorstate;
1416:Drivers/STM32F4xx_HAL_Driver/Src/stm32f4xx_hal_sd.c ****   uint32_t start_add = BlockStartAdd;
1417:Drivers/STM32F4xx_HAL_Driver/Src/stm32f4xx_hal_sd.c ****   uint32_t end_add = BlockEndAdd;
1418:Drivers/STM32F4xx_HAL_Driver/Src/stm32f4xx_hal_sd.c **** 
1419:Drivers/STM32F4xx_HAL_Driver/Src/stm32f4xx_hal_sd.c ****   if(hsd->State == HAL_SD_STATE_READY)
1420:Drivers/STM32F4xx_HAL_Driver/Src/stm32f4xx_hal_sd.c ****   {
1421:Drivers/STM32F4xx_HAL_Driver/Src/stm32f4xx_hal_sd.c ****     hsd->ErrorCode = HAL_SD_ERROR_NONE;
1422:Drivers/STM32F4xx_HAL_Driver/Src/stm32f4xx_hal_sd.c **** 
1423:Drivers/STM32F4xx_HAL_Driver/Src/stm32f4xx_hal_sd.c ****     if(end_add < start_add)
1424:Drivers/STM32F4xx_HAL_Driver/Src/stm32f4xx_hal_sd.c ****     {
1425:Drivers/STM32F4xx_HAL_Driver/Src/stm32f4xx_hal_sd.c ****       hsd->ErrorCode |= HAL_SD_ERROR_PARAM;
1426:Drivers/STM32F4xx_HAL_Driver/Src/stm32f4xx_hal_sd.c ****       return HAL_ERROR;
1427:Drivers/STM32F4xx_HAL_Driver/Src/stm32f4xx_hal_sd.c ****     }
1428:Drivers/STM32F4xx_HAL_Driver/Src/stm32f4xx_hal_sd.c **** 
1429:Drivers/STM32F4xx_HAL_Driver/Src/stm32f4xx_hal_sd.c ****     if(end_add > (hsd->SdCard.LogBlockNbr))
1430:Drivers/STM32F4xx_HAL_Driver/Src/stm32f4xx_hal_sd.c ****     {
1431:Drivers/STM32F4xx_HAL_Driver/Src/stm32f4xx_hal_sd.c ****       hsd->ErrorCode |= HAL_SD_ERROR_ADDR_OUT_OF_RANGE;
1432:Drivers/STM32F4xx_HAL_Driver/Src/stm32f4xx_hal_sd.c ****       return HAL_ERROR;
1433:Drivers/STM32F4xx_HAL_Driver/Src/stm32f4xx_hal_sd.c ****     }
1434:Drivers/STM32F4xx_HAL_Driver/Src/stm32f4xx_hal_sd.c **** 
1435:Drivers/STM32F4xx_HAL_Driver/Src/stm32f4xx_hal_sd.c ****     hsd->State = HAL_SD_STATE_BUSY;
1436:Drivers/STM32F4xx_HAL_Driver/Src/stm32f4xx_hal_sd.c **** 
1437:Drivers/STM32F4xx_HAL_Driver/Src/stm32f4xx_hal_sd.c ****     /* Check if the card command class supports erase command */
1438:Drivers/STM32F4xx_HAL_Driver/Src/stm32f4xx_hal_sd.c ****     if(((hsd->SdCard.Class) & SDIO_CCCC_ERASE) == 0U)
1439:Drivers/STM32F4xx_HAL_Driver/Src/stm32f4xx_hal_sd.c ****     {
1440:Drivers/STM32F4xx_HAL_Driver/Src/stm32f4xx_hal_sd.c ****       /* Clear all the static flags */
1441:Drivers/STM32F4xx_HAL_Driver/Src/stm32f4xx_hal_sd.c ****       __HAL_SD_CLEAR_FLAG(hsd, SDIO_STATIC_FLAGS);
1442:Drivers/STM32F4xx_HAL_Driver/Src/stm32f4xx_hal_sd.c ****       hsd->ErrorCode |= HAL_SD_ERROR_REQUEST_NOT_APPLICABLE;
1443:Drivers/STM32F4xx_HAL_Driver/Src/stm32f4xx_hal_sd.c ****       hsd->State = HAL_SD_STATE_READY;
1444:Drivers/STM32F4xx_HAL_Driver/Src/stm32f4xx_hal_sd.c ****       return HAL_ERROR;
1445:Drivers/STM32F4xx_HAL_Driver/Src/stm32f4xx_hal_sd.c ****     }
1446:Drivers/STM32F4xx_HAL_Driver/Src/stm32f4xx_hal_sd.c **** 
1447:Drivers/STM32F4xx_HAL_Driver/Src/stm32f4xx_hal_sd.c ****     if((SDIO_GetResponse(hsd->Instance, SDIO_RESP1) & SDMMC_CARD_LOCKED) == SDMMC_CARD_LOCKED)
1448:Drivers/STM32F4xx_HAL_Driver/Src/stm32f4xx_hal_sd.c ****     {
1449:Drivers/STM32F4xx_HAL_Driver/Src/stm32f4xx_hal_sd.c ****       /* Clear all the static flags */
1450:Drivers/STM32F4xx_HAL_Driver/Src/stm32f4xx_hal_sd.c ****       __HAL_SD_CLEAR_FLAG(hsd, SDIO_STATIC_FLAGS);
1451:Drivers/STM32F4xx_HAL_Driver/Src/stm32f4xx_hal_sd.c ****       hsd->ErrorCode |= HAL_SD_ERROR_LOCK_UNLOCK_FAILED;
1452:Drivers/STM32F4xx_HAL_Driver/Src/stm32f4xx_hal_sd.c ****       hsd->State = HAL_SD_STATE_READY;
1453:Drivers/STM32F4xx_HAL_Driver/Src/stm32f4xx_hal_sd.c ****       return HAL_ERROR;
1454:Drivers/STM32F4xx_HAL_Driver/Src/stm32f4xx_hal_sd.c ****     }
1455:Drivers/STM32F4xx_HAL_Driver/Src/stm32f4xx_hal_sd.c **** 
ARM GAS  C:\Users\40918\AppData\Local\Temp\cc5Xi7iV.s 			page 27


1456:Drivers/STM32F4xx_HAL_Driver/Src/stm32f4xx_hal_sd.c ****     /* Get start and end block for high capacity cards */
1457:Drivers/STM32F4xx_HAL_Driver/Src/stm32f4xx_hal_sd.c ****     if(hsd->SdCard.CardType != CARD_SDHC_SDXC)
1458:Drivers/STM32F4xx_HAL_Driver/Src/stm32f4xx_hal_sd.c ****     {
1459:Drivers/STM32F4xx_HAL_Driver/Src/stm32f4xx_hal_sd.c ****       start_add *= 512U;
1460:Drivers/STM32F4xx_HAL_Driver/Src/stm32f4xx_hal_sd.c ****       end_add   *= 512U;
1461:Drivers/STM32F4xx_HAL_Driver/Src/stm32f4xx_hal_sd.c ****     }
1462:Drivers/STM32F4xx_HAL_Driver/Src/stm32f4xx_hal_sd.c **** 
1463:Drivers/STM32F4xx_HAL_Driver/Src/stm32f4xx_hal_sd.c ****     /* According to sd-card spec 1.0 ERASE_GROUP_START (CMD32) and erase_group_end(CMD33) */
1464:Drivers/STM32F4xx_HAL_Driver/Src/stm32f4xx_hal_sd.c ****     if(hsd->SdCard.CardType != CARD_SECURED)
1465:Drivers/STM32F4xx_HAL_Driver/Src/stm32f4xx_hal_sd.c ****     {
1466:Drivers/STM32F4xx_HAL_Driver/Src/stm32f4xx_hal_sd.c ****       /* Send CMD32 SD_ERASE_GRP_START with argument as addr  */
1467:Drivers/STM32F4xx_HAL_Driver/Src/stm32f4xx_hal_sd.c ****       errorstate = SDMMC_CmdSDEraseStartAdd(hsd->Instance, start_add);
1468:Drivers/STM32F4xx_HAL_Driver/Src/stm32f4xx_hal_sd.c ****       if(errorstate != HAL_SD_ERROR_NONE)
1469:Drivers/STM32F4xx_HAL_Driver/Src/stm32f4xx_hal_sd.c ****       {
1470:Drivers/STM32F4xx_HAL_Driver/Src/stm32f4xx_hal_sd.c ****         /* Clear all the static flags */
1471:Drivers/STM32F4xx_HAL_Driver/Src/stm32f4xx_hal_sd.c ****         __HAL_SD_CLEAR_FLAG(hsd, SDIO_STATIC_FLAGS);
1472:Drivers/STM32F4xx_HAL_Driver/Src/stm32f4xx_hal_sd.c ****         hsd->ErrorCode |= errorstate;
1473:Drivers/STM32F4xx_HAL_Driver/Src/stm32f4xx_hal_sd.c ****         hsd->State = HAL_SD_STATE_READY;
1474:Drivers/STM32F4xx_HAL_Driver/Src/stm32f4xx_hal_sd.c ****         return HAL_ERROR;
1475:Drivers/STM32F4xx_HAL_Driver/Src/stm32f4xx_hal_sd.c ****       }
1476:Drivers/STM32F4xx_HAL_Driver/Src/stm32f4xx_hal_sd.c **** 
1477:Drivers/STM32F4xx_HAL_Driver/Src/stm32f4xx_hal_sd.c ****       /* Send CMD33 SD_ERASE_GRP_END with argument as addr  */
1478:Drivers/STM32F4xx_HAL_Driver/Src/stm32f4xx_hal_sd.c ****       errorstate = SDMMC_CmdSDEraseEndAdd(hsd->Instance, end_add);
1479:Drivers/STM32F4xx_HAL_Driver/Src/stm32f4xx_hal_sd.c ****       if(errorstate != HAL_SD_ERROR_NONE)
1480:Drivers/STM32F4xx_HAL_Driver/Src/stm32f4xx_hal_sd.c ****       {
1481:Drivers/STM32F4xx_HAL_Driver/Src/stm32f4xx_hal_sd.c ****         /* Clear all the static flags */
1482:Drivers/STM32F4xx_HAL_Driver/Src/stm32f4xx_hal_sd.c ****         __HAL_SD_CLEAR_FLAG(hsd, SDIO_STATIC_FLAGS);
1483:Drivers/STM32F4xx_HAL_Driver/Src/stm32f4xx_hal_sd.c ****         hsd->ErrorCode |= errorstate;
1484:Drivers/STM32F4xx_HAL_Driver/Src/stm32f4xx_hal_sd.c ****         hsd->State = HAL_SD_STATE_READY;
1485:Drivers/STM32F4xx_HAL_Driver/Src/stm32f4xx_hal_sd.c ****         return HAL_ERROR;
1486:Drivers/STM32F4xx_HAL_Driver/Src/stm32f4xx_hal_sd.c ****       }
1487:Drivers/STM32F4xx_HAL_Driver/Src/stm32f4xx_hal_sd.c ****     }
1488:Drivers/STM32F4xx_HAL_Driver/Src/stm32f4xx_hal_sd.c **** 
1489:Drivers/STM32F4xx_HAL_Driver/Src/stm32f4xx_hal_sd.c ****     /* Send CMD38 ERASE */
1490:Drivers/STM32F4xx_HAL_Driver/Src/stm32f4xx_hal_sd.c ****     errorstate = SDMMC_CmdErase(hsd->Instance);
1491:Drivers/STM32F4xx_HAL_Driver/Src/stm32f4xx_hal_sd.c ****     if(errorstate != HAL_SD_ERROR_NONE)
1492:Drivers/STM32F4xx_HAL_Driver/Src/stm32f4xx_hal_sd.c ****     {
1493:Drivers/STM32F4xx_HAL_Driver/Src/stm32f4xx_hal_sd.c ****       /* Clear all the static flags */
1494:Drivers/STM32F4xx_HAL_Driver/Src/stm32f4xx_hal_sd.c ****       __HAL_SD_CLEAR_FLAG(hsd, SDIO_STATIC_FLAGS);
1495:Drivers/STM32F4xx_HAL_Driver/Src/stm32f4xx_hal_sd.c ****       hsd->ErrorCode |= errorstate;
1496:Drivers/STM32F4xx_HAL_Driver/Src/stm32f4xx_hal_sd.c ****       hsd->State = HAL_SD_STATE_READY;
1497:Drivers/STM32F4xx_HAL_Driver/Src/stm32f4xx_hal_sd.c ****       return HAL_ERROR;
1498:Drivers/STM32F4xx_HAL_Driver/Src/stm32f4xx_hal_sd.c ****     }
1499:Drivers/STM32F4xx_HAL_Driver/Src/stm32f4xx_hal_sd.c **** 
1500:Drivers/STM32F4xx_HAL_Driver/Src/stm32f4xx_hal_sd.c ****     hsd->State = HAL_SD_STATE_READY;
1501:Drivers/STM32F4xx_HAL_Driver/Src/stm32f4xx_hal_sd.c **** 
1502:Drivers/STM32F4xx_HAL_Driver/Src/stm32f4xx_hal_sd.c ****     return HAL_OK;
1503:Drivers/STM32F4xx_HAL_Driver/Src/stm32f4xx_hal_sd.c ****   }
1504:Drivers/STM32F4xx_HAL_Driver/Src/stm32f4xx_hal_sd.c ****   else
1505:Drivers/STM32F4xx_HAL_Driver/Src/stm32f4xx_hal_sd.c ****   {
1506:Drivers/STM32F4xx_HAL_Driver/Src/stm32f4xx_hal_sd.c ****     return HAL_BUSY;
1507:Drivers/STM32F4xx_HAL_Driver/Src/stm32f4xx_hal_sd.c ****   }
1508:Drivers/STM32F4xx_HAL_Driver/Src/stm32f4xx_hal_sd.c **** }
1509:Drivers/STM32F4xx_HAL_Driver/Src/stm32f4xx_hal_sd.c **** 
1510:Drivers/STM32F4xx_HAL_Driver/Src/stm32f4xx_hal_sd.c **** /**
1511:Drivers/STM32F4xx_HAL_Driver/Src/stm32f4xx_hal_sd.c ****   * @brief  This function handles SD card interrupt request.
1512:Drivers/STM32F4xx_HAL_Driver/Src/stm32f4xx_hal_sd.c ****   * @param  hsd: Pointer to SD handle
ARM GAS  C:\Users\40918\AppData\Local\Temp\cc5Xi7iV.s 			page 28


1513:Drivers/STM32F4xx_HAL_Driver/Src/stm32f4xx_hal_sd.c ****   * @retval None
1514:Drivers/STM32F4xx_HAL_Driver/Src/stm32f4xx_hal_sd.c ****   */
1515:Drivers/STM32F4xx_HAL_Driver/Src/stm32f4xx_hal_sd.c **** void HAL_SD_IRQHandler(SD_HandleTypeDef *hsd)
1516:Drivers/STM32F4xx_HAL_Driver/Src/stm32f4xx_hal_sd.c **** {
1517:Drivers/STM32F4xx_HAL_Driver/Src/stm32f4xx_hal_sd.c ****   uint32_t errorstate;
1518:Drivers/STM32F4xx_HAL_Driver/Src/stm32f4xx_hal_sd.c ****   uint32_t context = hsd->Context;
1519:Drivers/STM32F4xx_HAL_Driver/Src/stm32f4xx_hal_sd.c **** 
1520:Drivers/STM32F4xx_HAL_Driver/Src/stm32f4xx_hal_sd.c ****   /* Check for SDIO interrupt flags */
1521:Drivers/STM32F4xx_HAL_Driver/Src/stm32f4xx_hal_sd.c ****   if((__HAL_SD_GET_FLAG(hsd, SDIO_FLAG_RXFIFOHF) != RESET) && ((context & SD_CONTEXT_IT) != 0U))
1522:Drivers/STM32F4xx_HAL_Driver/Src/stm32f4xx_hal_sd.c ****   {
1523:Drivers/STM32F4xx_HAL_Driver/Src/stm32f4xx_hal_sd.c ****     SD_Read_IT(hsd);
1524:Drivers/STM32F4xx_HAL_Driver/Src/stm32f4xx_hal_sd.c ****   }
1525:Drivers/STM32F4xx_HAL_Driver/Src/stm32f4xx_hal_sd.c **** 
1526:Drivers/STM32F4xx_HAL_Driver/Src/stm32f4xx_hal_sd.c ****   else if(__HAL_SD_GET_FLAG(hsd, SDIO_FLAG_DATAEND) != RESET)
1527:Drivers/STM32F4xx_HAL_Driver/Src/stm32f4xx_hal_sd.c ****   {
1528:Drivers/STM32F4xx_HAL_Driver/Src/stm32f4xx_hal_sd.c ****     __HAL_SD_CLEAR_FLAG(hsd, SDIO_FLAG_DATAEND);
1529:Drivers/STM32F4xx_HAL_Driver/Src/stm32f4xx_hal_sd.c **** 
1530:Drivers/STM32F4xx_HAL_Driver/Src/stm32f4xx_hal_sd.c **** #if defined(SDIO_STA_STBITERR)
1531:Drivers/STM32F4xx_HAL_Driver/Src/stm32f4xx_hal_sd.c ****     __HAL_SD_DISABLE_IT(hsd, SDIO_IT_DATAEND  | SDIO_IT_DCRCFAIL | SDIO_IT_DTIMEOUT|\
1532:Drivers/STM32F4xx_HAL_Driver/Src/stm32f4xx_hal_sd.c ****                              SDIO_IT_TXUNDERR | SDIO_IT_RXOVERR  | SDIO_IT_TXFIFOHE |\
1533:Drivers/STM32F4xx_HAL_Driver/Src/stm32f4xx_hal_sd.c ****                              SDIO_IT_RXFIFOHF | SDIO_IT_STBITERR);
1534:Drivers/STM32F4xx_HAL_Driver/Src/stm32f4xx_hal_sd.c **** #else /* SDIO_STA_STBITERR not defined */
1535:Drivers/STM32F4xx_HAL_Driver/Src/stm32f4xx_hal_sd.c ****     __HAL_SD_DISABLE_IT(hsd, SDIO_IT_DATAEND  | SDIO_IT_DCRCFAIL | SDIO_IT_DTIMEOUT|\
1536:Drivers/STM32F4xx_HAL_Driver/Src/stm32f4xx_hal_sd.c ****                              SDIO_IT_TXUNDERR | SDIO_IT_RXOVERR  | SDIO_IT_TXFIFOHE |\
1537:Drivers/STM32F4xx_HAL_Driver/Src/stm32f4xx_hal_sd.c ****                              SDIO_IT_RXFIFOHF);
1538:Drivers/STM32F4xx_HAL_Driver/Src/stm32f4xx_hal_sd.c **** #endif /* SDIO_STA_STBITERR */
1539:Drivers/STM32F4xx_HAL_Driver/Src/stm32f4xx_hal_sd.c **** 
1540:Drivers/STM32F4xx_HAL_Driver/Src/stm32f4xx_hal_sd.c ****     hsd->Instance->DCTRL &= ~(SDIO_DCTRL_DTEN);
1541:Drivers/STM32F4xx_HAL_Driver/Src/stm32f4xx_hal_sd.c ****     
1542:Drivers/STM32F4xx_HAL_Driver/Src/stm32f4xx_hal_sd.c ****     if((context & SD_CONTEXT_IT) != 0U)
1543:Drivers/STM32F4xx_HAL_Driver/Src/stm32f4xx_hal_sd.c ****     {
1544:Drivers/STM32F4xx_HAL_Driver/Src/stm32f4xx_hal_sd.c ****       if(((context & SD_CONTEXT_READ_MULTIPLE_BLOCK) != 0U) || ((context & SD_CONTEXT_WRITE_MULTIPL
1545:Drivers/STM32F4xx_HAL_Driver/Src/stm32f4xx_hal_sd.c ****       {
1546:Drivers/STM32F4xx_HAL_Driver/Src/stm32f4xx_hal_sd.c ****         errorstate = SDMMC_CmdStopTransfer(hsd->Instance);
1547:Drivers/STM32F4xx_HAL_Driver/Src/stm32f4xx_hal_sd.c ****         if(errorstate != HAL_SD_ERROR_NONE)
1548:Drivers/STM32F4xx_HAL_Driver/Src/stm32f4xx_hal_sd.c ****         {
1549:Drivers/STM32F4xx_HAL_Driver/Src/stm32f4xx_hal_sd.c ****           hsd->ErrorCode |= errorstate;
1550:Drivers/STM32F4xx_HAL_Driver/Src/stm32f4xx_hal_sd.c **** #if defined (USE_HAL_SD_REGISTER_CALLBACKS) && (USE_HAL_SD_REGISTER_CALLBACKS == 1U)
1551:Drivers/STM32F4xx_HAL_Driver/Src/stm32f4xx_hal_sd.c ****           hsd->ErrorCallback(hsd);
1552:Drivers/STM32F4xx_HAL_Driver/Src/stm32f4xx_hal_sd.c **** #else
1553:Drivers/STM32F4xx_HAL_Driver/Src/stm32f4xx_hal_sd.c ****           HAL_SD_ErrorCallback(hsd);
1554:Drivers/STM32F4xx_HAL_Driver/Src/stm32f4xx_hal_sd.c **** #endif /* USE_HAL_SD_REGISTER_CALLBACKS */
1555:Drivers/STM32F4xx_HAL_Driver/Src/stm32f4xx_hal_sd.c ****         }
1556:Drivers/STM32F4xx_HAL_Driver/Src/stm32f4xx_hal_sd.c ****       }
1557:Drivers/STM32F4xx_HAL_Driver/Src/stm32f4xx_hal_sd.c **** 
1558:Drivers/STM32F4xx_HAL_Driver/Src/stm32f4xx_hal_sd.c ****       /* Clear all the static flags */
1559:Drivers/STM32F4xx_HAL_Driver/Src/stm32f4xx_hal_sd.c ****       __HAL_SD_CLEAR_FLAG(hsd, SDIO_STATIC_DATA_FLAGS);
1560:Drivers/STM32F4xx_HAL_Driver/Src/stm32f4xx_hal_sd.c **** 
1561:Drivers/STM32F4xx_HAL_Driver/Src/stm32f4xx_hal_sd.c ****       hsd->State = HAL_SD_STATE_READY;
1562:Drivers/STM32F4xx_HAL_Driver/Src/stm32f4xx_hal_sd.c ****       hsd->Context = SD_CONTEXT_NONE;
1563:Drivers/STM32F4xx_HAL_Driver/Src/stm32f4xx_hal_sd.c ****       if(((context & SD_CONTEXT_READ_SINGLE_BLOCK) != 0U) || ((context & SD_CONTEXT_READ_MULTIPLE_B
1564:Drivers/STM32F4xx_HAL_Driver/Src/stm32f4xx_hal_sd.c ****       {
1565:Drivers/STM32F4xx_HAL_Driver/Src/stm32f4xx_hal_sd.c **** #if defined (USE_HAL_SD_REGISTER_CALLBACKS) && (USE_HAL_SD_REGISTER_CALLBACKS == 1U)
1566:Drivers/STM32F4xx_HAL_Driver/Src/stm32f4xx_hal_sd.c ****         hsd->RxCpltCallback(hsd);
1567:Drivers/STM32F4xx_HAL_Driver/Src/stm32f4xx_hal_sd.c **** #else
1568:Drivers/STM32F4xx_HAL_Driver/Src/stm32f4xx_hal_sd.c ****         HAL_SD_RxCpltCallback(hsd);
1569:Drivers/STM32F4xx_HAL_Driver/Src/stm32f4xx_hal_sd.c **** #endif /* USE_HAL_SD_REGISTER_CALLBACKS */
ARM GAS  C:\Users\40918\AppData\Local\Temp\cc5Xi7iV.s 			page 29


1570:Drivers/STM32F4xx_HAL_Driver/Src/stm32f4xx_hal_sd.c ****       }
1571:Drivers/STM32F4xx_HAL_Driver/Src/stm32f4xx_hal_sd.c ****       else
1572:Drivers/STM32F4xx_HAL_Driver/Src/stm32f4xx_hal_sd.c ****       {
1573:Drivers/STM32F4xx_HAL_Driver/Src/stm32f4xx_hal_sd.c **** #if defined (USE_HAL_SD_REGISTER_CALLBACKS) && (USE_HAL_SD_REGISTER_CALLBACKS == 1U)
1574:Drivers/STM32F4xx_HAL_Driver/Src/stm32f4xx_hal_sd.c ****         hsd->TxCpltCallback(hsd);
1575:Drivers/STM32F4xx_HAL_Driver/Src/stm32f4xx_hal_sd.c **** #else
1576:Drivers/STM32F4xx_HAL_Driver/Src/stm32f4xx_hal_sd.c ****         HAL_SD_TxCpltCallback(hsd);
1577:Drivers/STM32F4xx_HAL_Driver/Src/stm32f4xx_hal_sd.c **** #endif /* USE_HAL_SD_REGISTER_CALLBACKS */
1578:Drivers/STM32F4xx_HAL_Driver/Src/stm32f4xx_hal_sd.c ****       }
1579:Drivers/STM32F4xx_HAL_Driver/Src/stm32f4xx_hal_sd.c ****     }
1580:Drivers/STM32F4xx_HAL_Driver/Src/stm32f4xx_hal_sd.c ****     else if((context & SD_CONTEXT_DMA) != 0U)
1581:Drivers/STM32F4xx_HAL_Driver/Src/stm32f4xx_hal_sd.c ****     {
1582:Drivers/STM32F4xx_HAL_Driver/Src/stm32f4xx_hal_sd.c ****       if((context & SD_CONTEXT_WRITE_MULTIPLE_BLOCK) != 0U)
1583:Drivers/STM32F4xx_HAL_Driver/Src/stm32f4xx_hal_sd.c ****       {
1584:Drivers/STM32F4xx_HAL_Driver/Src/stm32f4xx_hal_sd.c ****         errorstate = SDMMC_CmdStopTransfer(hsd->Instance);
1585:Drivers/STM32F4xx_HAL_Driver/Src/stm32f4xx_hal_sd.c ****         if(errorstate != HAL_SD_ERROR_NONE)
1586:Drivers/STM32F4xx_HAL_Driver/Src/stm32f4xx_hal_sd.c ****         {
1587:Drivers/STM32F4xx_HAL_Driver/Src/stm32f4xx_hal_sd.c ****           hsd->ErrorCode |= errorstate;
1588:Drivers/STM32F4xx_HAL_Driver/Src/stm32f4xx_hal_sd.c **** #if defined (USE_HAL_SD_REGISTER_CALLBACKS) && (USE_HAL_SD_REGISTER_CALLBACKS == 1U)
1589:Drivers/STM32F4xx_HAL_Driver/Src/stm32f4xx_hal_sd.c ****           hsd->ErrorCallback(hsd);
1590:Drivers/STM32F4xx_HAL_Driver/Src/stm32f4xx_hal_sd.c **** #else
1591:Drivers/STM32F4xx_HAL_Driver/Src/stm32f4xx_hal_sd.c ****           HAL_SD_ErrorCallback(hsd);
1592:Drivers/STM32F4xx_HAL_Driver/Src/stm32f4xx_hal_sd.c **** #endif /* USE_HAL_SD_REGISTER_CALLBACKS */
1593:Drivers/STM32F4xx_HAL_Driver/Src/stm32f4xx_hal_sd.c ****         }
1594:Drivers/STM32F4xx_HAL_Driver/Src/stm32f4xx_hal_sd.c ****       }
1595:Drivers/STM32F4xx_HAL_Driver/Src/stm32f4xx_hal_sd.c ****       if(((context & SD_CONTEXT_READ_SINGLE_BLOCK) == 0U) && ((context & SD_CONTEXT_READ_MULTIPLE_B
1596:Drivers/STM32F4xx_HAL_Driver/Src/stm32f4xx_hal_sd.c ****       {
1597:Drivers/STM32F4xx_HAL_Driver/Src/stm32f4xx_hal_sd.c ****         /* Disable the DMA transfer for transmit request by setting the DMAEN bit
1598:Drivers/STM32F4xx_HAL_Driver/Src/stm32f4xx_hal_sd.c ****         in the SD DCTRL register */
1599:Drivers/STM32F4xx_HAL_Driver/Src/stm32f4xx_hal_sd.c ****         hsd->Instance->DCTRL &= (uint32_t)~((uint32_t)SDIO_DCTRL_DMAEN);
1600:Drivers/STM32F4xx_HAL_Driver/Src/stm32f4xx_hal_sd.c **** 
1601:Drivers/STM32F4xx_HAL_Driver/Src/stm32f4xx_hal_sd.c ****         hsd->State = HAL_SD_STATE_READY;
1602:Drivers/STM32F4xx_HAL_Driver/Src/stm32f4xx_hal_sd.c **** 
1603:Drivers/STM32F4xx_HAL_Driver/Src/stm32f4xx_hal_sd.c **** #if defined (USE_HAL_SD_REGISTER_CALLBACKS) && (USE_HAL_SD_REGISTER_CALLBACKS == 1U)
1604:Drivers/STM32F4xx_HAL_Driver/Src/stm32f4xx_hal_sd.c ****         hsd->TxCpltCallback(hsd);
1605:Drivers/STM32F4xx_HAL_Driver/Src/stm32f4xx_hal_sd.c **** #else
1606:Drivers/STM32F4xx_HAL_Driver/Src/stm32f4xx_hal_sd.c ****         HAL_SD_TxCpltCallback(hsd);
1607:Drivers/STM32F4xx_HAL_Driver/Src/stm32f4xx_hal_sd.c **** #endif /* USE_HAL_SD_REGISTER_CALLBACKS */
1608:Drivers/STM32F4xx_HAL_Driver/Src/stm32f4xx_hal_sd.c ****       }
1609:Drivers/STM32F4xx_HAL_Driver/Src/stm32f4xx_hal_sd.c ****     }
1610:Drivers/STM32F4xx_HAL_Driver/Src/stm32f4xx_hal_sd.c ****     else
1611:Drivers/STM32F4xx_HAL_Driver/Src/stm32f4xx_hal_sd.c ****     {
1612:Drivers/STM32F4xx_HAL_Driver/Src/stm32f4xx_hal_sd.c ****       /* Nothing to do */
1613:Drivers/STM32F4xx_HAL_Driver/Src/stm32f4xx_hal_sd.c ****     }
1614:Drivers/STM32F4xx_HAL_Driver/Src/stm32f4xx_hal_sd.c ****   }
1615:Drivers/STM32F4xx_HAL_Driver/Src/stm32f4xx_hal_sd.c **** 
1616:Drivers/STM32F4xx_HAL_Driver/Src/stm32f4xx_hal_sd.c ****   else if((__HAL_SD_GET_FLAG(hsd, SDIO_FLAG_TXFIFOHE) != RESET) && ((context & SD_CONTEXT_IT) != 0U
1617:Drivers/STM32F4xx_HAL_Driver/Src/stm32f4xx_hal_sd.c ****   {
1618:Drivers/STM32F4xx_HAL_Driver/Src/stm32f4xx_hal_sd.c ****     SD_Write_IT(hsd);
1619:Drivers/STM32F4xx_HAL_Driver/Src/stm32f4xx_hal_sd.c ****   }
1620:Drivers/STM32F4xx_HAL_Driver/Src/stm32f4xx_hal_sd.c **** 
1621:Drivers/STM32F4xx_HAL_Driver/Src/stm32f4xx_hal_sd.c **** #if defined(SDIO_STA_STBITERR)
1622:Drivers/STM32F4xx_HAL_Driver/Src/stm32f4xx_hal_sd.c ****   else if(__HAL_SD_GET_FLAG(hsd, SDIO_FLAG_DCRCFAIL | SDIO_FLAG_DTIMEOUT | SDIO_FLAG_RXOVERR | SDIO
1623:Drivers/STM32F4xx_HAL_Driver/Src/stm32f4xx_hal_sd.c **** #else /* SDIO_STA_STBITERR not defined */
1624:Drivers/STM32F4xx_HAL_Driver/Src/stm32f4xx_hal_sd.c ****   else if(__HAL_SD_GET_FLAG(hsd, SDIO_FLAG_DCRCFAIL | SDIO_FLAG_DTIMEOUT | SDIO_FLAG_RXOVERR | SDIO
1625:Drivers/STM32F4xx_HAL_Driver/Src/stm32f4xx_hal_sd.c **** #endif /* SDIO_STA_STBITERR */
1626:Drivers/STM32F4xx_HAL_Driver/Src/stm32f4xx_hal_sd.c ****   {
ARM GAS  C:\Users\40918\AppData\Local\Temp\cc5Xi7iV.s 			page 30


1627:Drivers/STM32F4xx_HAL_Driver/Src/stm32f4xx_hal_sd.c ****     /* Set Error code */
1628:Drivers/STM32F4xx_HAL_Driver/Src/stm32f4xx_hal_sd.c ****     if(__HAL_SD_GET_FLAG(hsd, SDIO_FLAG_DCRCFAIL) != RESET)
1629:Drivers/STM32F4xx_HAL_Driver/Src/stm32f4xx_hal_sd.c ****     {
1630:Drivers/STM32F4xx_HAL_Driver/Src/stm32f4xx_hal_sd.c ****       hsd->ErrorCode |= HAL_SD_ERROR_DATA_CRC_FAIL;
1631:Drivers/STM32F4xx_HAL_Driver/Src/stm32f4xx_hal_sd.c ****     }
1632:Drivers/STM32F4xx_HAL_Driver/Src/stm32f4xx_hal_sd.c ****     if(__HAL_SD_GET_FLAG(hsd, SDIO_FLAG_DTIMEOUT) != RESET)
1633:Drivers/STM32F4xx_HAL_Driver/Src/stm32f4xx_hal_sd.c ****     {
1634:Drivers/STM32F4xx_HAL_Driver/Src/stm32f4xx_hal_sd.c ****       hsd->ErrorCode |= HAL_SD_ERROR_DATA_TIMEOUT;
1635:Drivers/STM32F4xx_HAL_Driver/Src/stm32f4xx_hal_sd.c ****     }
1636:Drivers/STM32F4xx_HAL_Driver/Src/stm32f4xx_hal_sd.c ****     if(__HAL_SD_GET_FLAG(hsd, SDIO_FLAG_RXOVERR) != RESET)
1637:Drivers/STM32F4xx_HAL_Driver/Src/stm32f4xx_hal_sd.c ****     {
1638:Drivers/STM32F4xx_HAL_Driver/Src/stm32f4xx_hal_sd.c ****       hsd->ErrorCode |= HAL_SD_ERROR_RX_OVERRUN;
1639:Drivers/STM32F4xx_HAL_Driver/Src/stm32f4xx_hal_sd.c ****     }
1640:Drivers/STM32F4xx_HAL_Driver/Src/stm32f4xx_hal_sd.c ****     if(__HAL_SD_GET_FLAG(hsd, SDIO_FLAG_TXUNDERR) != RESET)
1641:Drivers/STM32F4xx_HAL_Driver/Src/stm32f4xx_hal_sd.c ****     {
1642:Drivers/STM32F4xx_HAL_Driver/Src/stm32f4xx_hal_sd.c ****       hsd->ErrorCode |= HAL_SD_ERROR_TX_UNDERRUN;
1643:Drivers/STM32F4xx_HAL_Driver/Src/stm32f4xx_hal_sd.c ****     }
1644:Drivers/STM32F4xx_HAL_Driver/Src/stm32f4xx_hal_sd.c **** #if defined(SDIO_STA_STBITERR)
1645:Drivers/STM32F4xx_HAL_Driver/Src/stm32f4xx_hal_sd.c ****     if(__HAL_SD_GET_FLAG(hsd, SDIO_FLAG_STBITERR) != RESET)
1646:Drivers/STM32F4xx_HAL_Driver/Src/stm32f4xx_hal_sd.c ****     {
1647:Drivers/STM32F4xx_HAL_Driver/Src/stm32f4xx_hal_sd.c ****       hsd->ErrorCode |= HAL_SD_ERROR_DATA_TIMEOUT;
1648:Drivers/STM32F4xx_HAL_Driver/Src/stm32f4xx_hal_sd.c ****     }
1649:Drivers/STM32F4xx_HAL_Driver/Src/stm32f4xx_hal_sd.c **** #endif /* SDIO_STA_STBITERR */
1650:Drivers/STM32F4xx_HAL_Driver/Src/stm32f4xx_hal_sd.c **** 
1651:Drivers/STM32F4xx_HAL_Driver/Src/stm32f4xx_hal_sd.c **** #if defined(SDIO_STA_STBITERR)
1652:Drivers/STM32F4xx_HAL_Driver/Src/stm32f4xx_hal_sd.c ****     /* Clear All flags */
1653:Drivers/STM32F4xx_HAL_Driver/Src/stm32f4xx_hal_sd.c ****     __HAL_SD_CLEAR_FLAG(hsd, SDIO_STATIC_DATA_FLAGS | SDIO_FLAG_STBITERR);
1654:Drivers/STM32F4xx_HAL_Driver/Src/stm32f4xx_hal_sd.c **** 
1655:Drivers/STM32F4xx_HAL_Driver/Src/stm32f4xx_hal_sd.c ****     /* Disable all interrupts */
1656:Drivers/STM32F4xx_HAL_Driver/Src/stm32f4xx_hal_sd.c ****     __HAL_SD_DISABLE_IT(hsd, SDIO_IT_DATAEND | SDIO_IT_DCRCFAIL | SDIO_IT_DTIMEOUT|\
1657:Drivers/STM32F4xx_HAL_Driver/Src/stm32f4xx_hal_sd.c ****                              SDIO_IT_TXUNDERR| SDIO_IT_RXOVERR | SDIO_IT_STBITERR);
1658:Drivers/STM32F4xx_HAL_Driver/Src/stm32f4xx_hal_sd.c **** #else /* SDIO_STA_STBITERR not defined */
1659:Drivers/STM32F4xx_HAL_Driver/Src/stm32f4xx_hal_sd.c ****     /* Clear All flags */
1660:Drivers/STM32F4xx_HAL_Driver/Src/stm32f4xx_hal_sd.c ****     __HAL_SD_CLEAR_FLAG(hsd, SDIO_STATIC_DATA_FLAGS);
1661:Drivers/STM32F4xx_HAL_Driver/Src/stm32f4xx_hal_sd.c **** 
1662:Drivers/STM32F4xx_HAL_Driver/Src/stm32f4xx_hal_sd.c ****     /* Disable all interrupts */
1663:Drivers/STM32F4xx_HAL_Driver/Src/stm32f4xx_hal_sd.c ****     __HAL_SD_DISABLE_IT(hsd, SDIO_IT_DATAEND | SDIO_IT_DCRCFAIL | SDIO_IT_DTIMEOUT|\
1664:Drivers/STM32F4xx_HAL_Driver/Src/stm32f4xx_hal_sd.c ****                              SDIO_IT_TXUNDERR| SDIO_IT_RXOVERR);
1665:Drivers/STM32F4xx_HAL_Driver/Src/stm32f4xx_hal_sd.c **** #endif /* SDIO_STA_STBITERR */
1666:Drivers/STM32F4xx_HAL_Driver/Src/stm32f4xx_hal_sd.c **** 
1667:Drivers/STM32F4xx_HAL_Driver/Src/stm32f4xx_hal_sd.c ****     hsd->ErrorCode |= SDMMC_CmdStopTransfer(hsd->Instance);
1668:Drivers/STM32F4xx_HAL_Driver/Src/stm32f4xx_hal_sd.c **** 
1669:Drivers/STM32F4xx_HAL_Driver/Src/stm32f4xx_hal_sd.c ****     if((context & SD_CONTEXT_IT) != 0U)
1670:Drivers/STM32F4xx_HAL_Driver/Src/stm32f4xx_hal_sd.c ****     {
1671:Drivers/STM32F4xx_HAL_Driver/Src/stm32f4xx_hal_sd.c ****       /* Set the SD state to ready to be able to start again the process */
1672:Drivers/STM32F4xx_HAL_Driver/Src/stm32f4xx_hal_sd.c ****       hsd->State = HAL_SD_STATE_READY;
1673:Drivers/STM32F4xx_HAL_Driver/Src/stm32f4xx_hal_sd.c ****       hsd->Context = SD_CONTEXT_NONE;
1674:Drivers/STM32F4xx_HAL_Driver/Src/stm32f4xx_hal_sd.c **** #if defined (USE_HAL_SD_REGISTER_CALLBACKS) && (USE_HAL_SD_REGISTER_CALLBACKS == 1U)
1675:Drivers/STM32F4xx_HAL_Driver/Src/stm32f4xx_hal_sd.c ****       hsd->ErrorCallback(hsd);
1676:Drivers/STM32F4xx_HAL_Driver/Src/stm32f4xx_hal_sd.c **** #else
1677:Drivers/STM32F4xx_HAL_Driver/Src/stm32f4xx_hal_sd.c ****       HAL_SD_ErrorCallback(hsd);
1678:Drivers/STM32F4xx_HAL_Driver/Src/stm32f4xx_hal_sd.c **** #endif /* USE_HAL_SD_REGISTER_CALLBACKS */
1679:Drivers/STM32F4xx_HAL_Driver/Src/stm32f4xx_hal_sd.c ****     }
1680:Drivers/STM32F4xx_HAL_Driver/Src/stm32f4xx_hal_sd.c ****     else if((context & SD_CONTEXT_DMA) != 0U)
1681:Drivers/STM32F4xx_HAL_Driver/Src/stm32f4xx_hal_sd.c ****     {
1682:Drivers/STM32F4xx_HAL_Driver/Src/stm32f4xx_hal_sd.c ****       /* Abort the SD DMA channel */
1683:Drivers/STM32F4xx_HAL_Driver/Src/stm32f4xx_hal_sd.c ****       if(((context & SD_CONTEXT_WRITE_SINGLE_BLOCK) != 0U) || ((context & SD_CONTEXT_WRITE_MULTIPLE
ARM GAS  C:\Users\40918\AppData\Local\Temp\cc5Xi7iV.s 			page 31


1684:Drivers/STM32F4xx_HAL_Driver/Src/stm32f4xx_hal_sd.c ****       {
1685:Drivers/STM32F4xx_HAL_Driver/Src/stm32f4xx_hal_sd.c ****         /* Set the DMA Tx abort callback */
1686:Drivers/STM32F4xx_HAL_Driver/Src/stm32f4xx_hal_sd.c ****         hsd->hdmatx->XferAbortCallback = SD_DMATxAbort;
1687:Drivers/STM32F4xx_HAL_Driver/Src/stm32f4xx_hal_sd.c ****         /* Abort DMA in IT mode */
1688:Drivers/STM32F4xx_HAL_Driver/Src/stm32f4xx_hal_sd.c ****         if(HAL_DMA_Abort_IT(hsd->hdmatx) != HAL_OK)
1689:Drivers/STM32F4xx_HAL_Driver/Src/stm32f4xx_hal_sd.c ****         {
1690:Drivers/STM32F4xx_HAL_Driver/Src/stm32f4xx_hal_sd.c ****           SD_DMATxAbort(hsd->hdmatx);
1691:Drivers/STM32F4xx_HAL_Driver/Src/stm32f4xx_hal_sd.c ****         }
1692:Drivers/STM32F4xx_HAL_Driver/Src/stm32f4xx_hal_sd.c ****       }
1693:Drivers/STM32F4xx_HAL_Driver/Src/stm32f4xx_hal_sd.c ****       else if(((context & SD_CONTEXT_READ_SINGLE_BLOCK) != 0U) || ((context & SD_CONTEXT_READ_MULTI
1694:Drivers/STM32F4xx_HAL_Driver/Src/stm32f4xx_hal_sd.c ****       {
1695:Drivers/STM32F4xx_HAL_Driver/Src/stm32f4xx_hal_sd.c ****         /* Set the DMA Rx abort callback */
1696:Drivers/STM32F4xx_HAL_Driver/Src/stm32f4xx_hal_sd.c ****         hsd->hdmarx->XferAbortCallback = SD_DMARxAbort;
1697:Drivers/STM32F4xx_HAL_Driver/Src/stm32f4xx_hal_sd.c ****         /* Abort DMA in IT mode */
1698:Drivers/STM32F4xx_HAL_Driver/Src/stm32f4xx_hal_sd.c ****         if(HAL_DMA_Abort_IT(hsd->hdmarx) != HAL_OK)
1699:Drivers/STM32F4xx_HAL_Driver/Src/stm32f4xx_hal_sd.c ****         {
1700:Drivers/STM32F4xx_HAL_Driver/Src/stm32f4xx_hal_sd.c ****           SD_DMARxAbort(hsd->hdmarx);
1701:Drivers/STM32F4xx_HAL_Driver/Src/stm32f4xx_hal_sd.c ****         }
1702:Drivers/STM32F4xx_HAL_Driver/Src/stm32f4xx_hal_sd.c ****       }
1703:Drivers/STM32F4xx_HAL_Driver/Src/stm32f4xx_hal_sd.c ****       else
1704:Drivers/STM32F4xx_HAL_Driver/Src/stm32f4xx_hal_sd.c ****       {
1705:Drivers/STM32F4xx_HAL_Driver/Src/stm32f4xx_hal_sd.c ****         hsd->ErrorCode = HAL_SD_ERROR_NONE;
1706:Drivers/STM32F4xx_HAL_Driver/Src/stm32f4xx_hal_sd.c ****         hsd->State = HAL_SD_STATE_READY;
1707:Drivers/STM32F4xx_HAL_Driver/Src/stm32f4xx_hal_sd.c ****         hsd->Context = SD_CONTEXT_NONE;
1708:Drivers/STM32F4xx_HAL_Driver/Src/stm32f4xx_hal_sd.c **** #if defined (USE_HAL_SD_REGISTER_CALLBACKS) && (USE_HAL_SD_REGISTER_CALLBACKS == 1U)
1709:Drivers/STM32F4xx_HAL_Driver/Src/stm32f4xx_hal_sd.c ****         hsd->AbortCpltCallback(hsd);
1710:Drivers/STM32F4xx_HAL_Driver/Src/stm32f4xx_hal_sd.c **** #else
1711:Drivers/STM32F4xx_HAL_Driver/Src/stm32f4xx_hal_sd.c ****         HAL_SD_AbortCallback(hsd);
1712:Drivers/STM32F4xx_HAL_Driver/Src/stm32f4xx_hal_sd.c **** #endif /* USE_HAL_SD_REGISTER_CALLBACKS */
1713:Drivers/STM32F4xx_HAL_Driver/Src/stm32f4xx_hal_sd.c ****       }
1714:Drivers/STM32F4xx_HAL_Driver/Src/stm32f4xx_hal_sd.c ****     }
1715:Drivers/STM32F4xx_HAL_Driver/Src/stm32f4xx_hal_sd.c ****     else
1716:Drivers/STM32F4xx_HAL_Driver/Src/stm32f4xx_hal_sd.c ****     {
1717:Drivers/STM32F4xx_HAL_Driver/Src/stm32f4xx_hal_sd.c ****       /* Nothing to do */
1718:Drivers/STM32F4xx_HAL_Driver/Src/stm32f4xx_hal_sd.c ****     }
1719:Drivers/STM32F4xx_HAL_Driver/Src/stm32f4xx_hal_sd.c ****   }
1720:Drivers/STM32F4xx_HAL_Driver/Src/stm32f4xx_hal_sd.c ****   else
1721:Drivers/STM32F4xx_HAL_Driver/Src/stm32f4xx_hal_sd.c ****   {
1722:Drivers/STM32F4xx_HAL_Driver/Src/stm32f4xx_hal_sd.c ****     /* Nothing to do */
1723:Drivers/STM32F4xx_HAL_Driver/Src/stm32f4xx_hal_sd.c ****   }
1724:Drivers/STM32F4xx_HAL_Driver/Src/stm32f4xx_hal_sd.c **** }
1725:Drivers/STM32F4xx_HAL_Driver/Src/stm32f4xx_hal_sd.c **** 
1726:Drivers/STM32F4xx_HAL_Driver/Src/stm32f4xx_hal_sd.c **** /**
1727:Drivers/STM32F4xx_HAL_Driver/Src/stm32f4xx_hal_sd.c ****   * @brief return the SD state
1728:Drivers/STM32F4xx_HAL_Driver/Src/stm32f4xx_hal_sd.c ****   * @param hsd: Pointer to sd handle
1729:Drivers/STM32F4xx_HAL_Driver/Src/stm32f4xx_hal_sd.c ****   * @retval HAL state
1730:Drivers/STM32F4xx_HAL_Driver/Src/stm32f4xx_hal_sd.c ****   */
1731:Drivers/STM32F4xx_HAL_Driver/Src/stm32f4xx_hal_sd.c **** HAL_SD_StateTypeDef HAL_SD_GetState(SD_HandleTypeDef *hsd)
1732:Drivers/STM32F4xx_HAL_Driver/Src/stm32f4xx_hal_sd.c **** {
1733:Drivers/STM32F4xx_HAL_Driver/Src/stm32f4xx_hal_sd.c ****   return hsd->State;
1734:Drivers/STM32F4xx_HAL_Driver/Src/stm32f4xx_hal_sd.c **** }
1735:Drivers/STM32F4xx_HAL_Driver/Src/stm32f4xx_hal_sd.c **** 
1736:Drivers/STM32F4xx_HAL_Driver/Src/stm32f4xx_hal_sd.c **** /**
1737:Drivers/STM32F4xx_HAL_Driver/Src/stm32f4xx_hal_sd.c **** * @brief  Return the SD error code
1738:Drivers/STM32F4xx_HAL_Driver/Src/stm32f4xx_hal_sd.c **** * @param  hsd : Pointer to a SD_HandleTypeDef structure that contains
1739:Drivers/STM32F4xx_HAL_Driver/Src/stm32f4xx_hal_sd.c ****   *              the configuration information.
1740:Drivers/STM32F4xx_HAL_Driver/Src/stm32f4xx_hal_sd.c **** * @retval SD Error Code
ARM GAS  C:\Users\40918\AppData\Local\Temp\cc5Xi7iV.s 			page 32


1741:Drivers/STM32F4xx_HAL_Driver/Src/stm32f4xx_hal_sd.c **** */
1742:Drivers/STM32F4xx_HAL_Driver/Src/stm32f4xx_hal_sd.c **** uint32_t HAL_SD_GetError(SD_HandleTypeDef *hsd)
1743:Drivers/STM32F4xx_HAL_Driver/Src/stm32f4xx_hal_sd.c **** {
1744:Drivers/STM32F4xx_HAL_Driver/Src/stm32f4xx_hal_sd.c ****   return hsd->ErrorCode;
1745:Drivers/STM32F4xx_HAL_Driver/Src/stm32f4xx_hal_sd.c **** }
1746:Drivers/STM32F4xx_HAL_Driver/Src/stm32f4xx_hal_sd.c **** 
1747:Drivers/STM32F4xx_HAL_Driver/Src/stm32f4xx_hal_sd.c **** /**
1748:Drivers/STM32F4xx_HAL_Driver/Src/stm32f4xx_hal_sd.c ****   * @brief Tx Transfer completed callbacks
1749:Drivers/STM32F4xx_HAL_Driver/Src/stm32f4xx_hal_sd.c ****   * @param hsd: Pointer to SD handle
1750:Drivers/STM32F4xx_HAL_Driver/Src/stm32f4xx_hal_sd.c ****   * @retval None
1751:Drivers/STM32F4xx_HAL_Driver/Src/stm32f4xx_hal_sd.c ****   */
1752:Drivers/STM32F4xx_HAL_Driver/Src/stm32f4xx_hal_sd.c **** __weak void HAL_SD_TxCpltCallback(SD_HandleTypeDef *hsd)
1753:Drivers/STM32F4xx_HAL_Driver/Src/stm32f4xx_hal_sd.c **** {
1754:Drivers/STM32F4xx_HAL_Driver/Src/stm32f4xx_hal_sd.c ****   /* Prevent unused argument(s) compilation warning */
1755:Drivers/STM32F4xx_HAL_Driver/Src/stm32f4xx_hal_sd.c ****   UNUSED(hsd);
1756:Drivers/STM32F4xx_HAL_Driver/Src/stm32f4xx_hal_sd.c **** 
1757:Drivers/STM32F4xx_HAL_Driver/Src/stm32f4xx_hal_sd.c ****   /* NOTE : This function should not be modified, when the callback is needed,
1758:Drivers/STM32F4xx_HAL_Driver/Src/stm32f4xx_hal_sd.c ****             the HAL_SD_TxCpltCallback can be implemented in the user file
1759:Drivers/STM32F4xx_HAL_Driver/Src/stm32f4xx_hal_sd.c ****    */
1760:Drivers/STM32F4xx_HAL_Driver/Src/stm32f4xx_hal_sd.c **** }
1761:Drivers/STM32F4xx_HAL_Driver/Src/stm32f4xx_hal_sd.c **** 
1762:Drivers/STM32F4xx_HAL_Driver/Src/stm32f4xx_hal_sd.c **** /**
1763:Drivers/STM32F4xx_HAL_Driver/Src/stm32f4xx_hal_sd.c ****   * @brief Rx Transfer completed callbacks
1764:Drivers/STM32F4xx_HAL_Driver/Src/stm32f4xx_hal_sd.c ****   * @param hsd: Pointer SD handle
1765:Drivers/STM32F4xx_HAL_Driver/Src/stm32f4xx_hal_sd.c ****   * @retval None
1766:Drivers/STM32F4xx_HAL_Driver/Src/stm32f4xx_hal_sd.c ****   */
1767:Drivers/STM32F4xx_HAL_Driver/Src/stm32f4xx_hal_sd.c **** __weak void HAL_SD_RxCpltCallback(SD_HandleTypeDef *hsd)
1768:Drivers/STM32F4xx_HAL_Driver/Src/stm32f4xx_hal_sd.c **** {
1769:Drivers/STM32F4xx_HAL_Driver/Src/stm32f4xx_hal_sd.c ****   /* Prevent unused argument(s) compilation warning */
1770:Drivers/STM32F4xx_HAL_Driver/Src/stm32f4xx_hal_sd.c ****   UNUSED(hsd);
1771:Drivers/STM32F4xx_HAL_Driver/Src/stm32f4xx_hal_sd.c **** 
1772:Drivers/STM32F4xx_HAL_Driver/Src/stm32f4xx_hal_sd.c ****   /* NOTE : This function should not be modified, when the callback is needed,
1773:Drivers/STM32F4xx_HAL_Driver/Src/stm32f4xx_hal_sd.c ****             the HAL_SD_RxCpltCallback can be implemented in the user file
1774:Drivers/STM32F4xx_HAL_Driver/Src/stm32f4xx_hal_sd.c ****    */
1775:Drivers/STM32F4xx_HAL_Driver/Src/stm32f4xx_hal_sd.c **** }
1776:Drivers/STM32F4xx_HAL_Driver/Src/stm32f4xx_hal_sd.c **** 
1777:Drivers/STM32F4xx_HAL_Driver/Src/stm32f4xx_hal_sd.c **** /**
1778:Drivers/STM32F4xx_HAL_Driver/Src/stm32f4xx_hal_sd.c ****   * @brief SD error callbacks
1779:Drivers/STM32F4xx_HAL_Driver/Src/stm32f4xx_hal_sd.c ****   * @param hsd: Pointer SD handle
1780:Drivers/STM32F4xx_HAL_Driver/Src/stm32f4xx_hal_sd.c ****   * @retval None
1781:Drivers/STM32F4xx_HAL_Driver/Src/stm32f4xx_hal_sd.c ****   */
1782:Drivers/STM32F4xx_HAL_Driver/Src/stm32f4xx_hal_sd.c **** __weak void HAL_SD_ErrorCallback(SD_HandleTypeDef *hsd)
1783:Drivers/STM32F4xx_HAL_Driver/Src/stm32f4xx_hal_sd.c **** {
1784:Drivers/STM32F4xx_HAL_Driver/Src/stm32f4xx_hal_sd.c ****   /* Prevent unused argument(s) compilation warning */
1785:Drivers/STM32F4xx_HAL_Driver/Src/stm32f4xx_hal_sd.c ****   UNUSED(hsd);
1786:Drivers/STM32F4xx_HAL_Driver/Src/stm32f4xx_hal_sd.c **** 
1787:Drivers/STM32F4xx_HAL_Driver/Src/stm32f4xx_hal_sd.c ****   /* NOTE : This function should not be modified, when the callback is needed,
1788:Drivers/STM32F4xx_HAL_Driver/Src/stm32f4xx_hal_sd.c ****             the HAL_SD_ErrorCallback can be implemented in the user file
1789:Drivers/STM32F4xx_HAL_Driver/Src/stm32f4xx_hal_sd.c ****    */
1790:Drivers/STM32F4xx_HAL_Driver/Src/stm32f4xx_hal_sd.c **** }
1791:Drivers/STM32F4xx_HAL_Driver/Src/stm32f4xx_hal_sd.c **** 
1792:Drivers/STM32F4xx_HAL_Driver/Src/stm32f4xx_hal_sd.c **** /**
1793:Drivers/STM32F4xx_HAL_Driver/Src/stm32f4xx_hal_sd.c ****   * @brief SD Abort callbacks
1794:Drivers/STM32F4xx_HAL_Driver/Src/stm32f4xx_hal_sd.c ****   * @param hsd: Pointer SD handle
1795:Drivers/STM32F4xx_HAL_Driver/Src/stm32f4xx_hal_sd.c ****   * @retval None
1796:Drivers/STM32F4xx_HAL_Driver/Src/stm32f4xx_hal_sd.c ****   */
1797:Drivers/STM32F4xx_HAL_Driver/Src/stm32f4xx_hal_sd.c **** __weak void HAL_SD_AbortCallback(SD_HandleTypeDef *hsd)
ARM GAS  C:\Users\40918\AppData\Local\Temp\cc5Xi7iV.s 			page 33


1798:Drivers/STM32F4xx_HAL_Driver/Src/stm32f4xx_hal_sd.c **** {
1799:Drivers/STM32F4xx_HAL_Driver/Src/stm32f4xx_hal_sd.c ****   /* Prevent unused argument(s) compilation warning */
1800:Drivers/STM32F4xx_HAL_Driver/Src/stm32f4xx_hal_sd.c ****   UNUSED(hsd);
1801:Drivers/STM32F4xx_HAL_Driver/Src/stm32f4xx_hal_sd.c **** 
1802:Drivers/STM32F4xx_HAL_Driver/Src/stm32f4xx_hal_sd.c ****   /* NOTE : This function should not be modified, when the callback is needed,
1803:Drivers/STM32F4xx_HAL_Driver/Src/stm32f4xx_hal_sd.c ****             the HAL_SD_AbortCallback can be implemented in the user file
1804:Drivers/STM32F4xx_HAL_Driver/Src/stm32f4xx_hal_sd.c ****    */
1805:Drivers/STM32F4xx_HAL_Driver/Src/stm32f4xx_hal_sd.c **** }
1806:Drivers/STM32F4xx_HAL_Driver/Src/stm32f4xx_hal_sd.c **** 
1807:Drivers/STM32F4xx_HAL_Driver/Src/stm32f4xx_hal_sd.c **** #if defined (USE_HAL_SD_REGISTER_CALLBACKS) && (USE_HAL_SD_REGISTER_CALLBACKS == 1U)
1808:Drivers/STM32F4xx_HAL_Driver/Src/stm32f4xx_hal_sd.c **** /**
1809:Drivers/STM32F4xx_HAL_Driver/Src/stm32f4xx_hal_sd.c ****   * @brief  Register a User SD Callback
1810:Drivers/STM32F4xx_HAL_Driver/Src/stm32f4xx_hal_sd.c ****   *         To be used instead of the weak (surcharged) predefined callback
1811:Drivers/STM32F4xx_HAL_Driver/Src/stm32f4xx_hal_sd.c ****   * @param hsd : SD handle
1812:Drivers/STM32F4xx_HAL_Driver/Src/stm32f4xx_hal_sd.c ****   * @param CallbackID : ID of the callback to be registered
1813:Drivers/STM32F4xx_HAL_Driver/Src/stm32f4xx_hal_sd.c ****   *        This parameter can be one of the following values:
1814:Drivers/STM32F4xx_HAL_Driver/Src/stm32f4xx_hal_sd.c ****   *          @arg @ref HAL_SD_TX_CPLT_CB_ID    SD Tx Complete Callback ID
1815:Drivers/STM32F4xx_HAL_Driver/Src/stm32f4xx_hal_sd.c ****   *          @arg @ref HAL_SD_RX_CPLT_CB_ID    SD Rx Complete Callback ID
1816:Drivers/STM32F4xx_HAL_Driver/Src/stm32f4xx_hal_sd.c ****   *          @arg @ref HAL_SD_ERROR_CB_ID      SD Error Callback ID
1817:Drivers/STM32F4xx_HAL_Driver/Src/stm32f4xx_hal_sd.c ****   *          @arg @ref HAL_SD_ABORT_CB_ID      SD Abort Callback ID
1818:Drivers/STM32F4xx_HAL_Driver/Src/stm32f4xx_hal_sd.c ****   *          @arg @ref HAL_SD_MSP_INIT_CB_ID   SD MspInit Callback ID
1819:Drivers/STM32F4xx_HAL_Driver/Src/stm32f4xx_hal_sd.c ****   *          @arg @ref HAL_SD_MSP_DEINIT_CB_ID SD MspDeInit Callback ID
1820:Drivers/STM32F4xx_HAL_Driver/Src/stm32f4xx_hal_sd.c ****   * @param pCallback : pointer to the Callback function
1821:Drivers/STM32F4xx_HAL_Driver/Src/stm32f4xx_hal_sd.c ****   * @retval status
1822:Drivers/STM32F4xx_HAL_Driver/Src/stm32f4xx_hal_sd.c ****   */
1823:Drivers/STM32F4xx_HAL_Driver/Src/stm32f4xx_hal_sd.c **** HAL_StatusTypeDef HAL_SD_RegisterCallback(SD_HandleTypeDef *hsd, HAL_SD_CallbackIDTypeDef CallbackI
1824:Drivers/STM32F4xx_HAL_Driver/Src/stm32f4xx_hal_sd.c **** {
1825:Drivers/STM32F4xx_HAL_Driver/Src/stm32f4xx_hal_sd.c ****   HAL_StatusTypeDef status = HAL_OK;
1826:Drivers/STM32F4xx_HAL_Driver/Src/stm32f4xx_hal_sd.c **** 
1827:Drivers/STM32F4xx_HAL_Driver/Src/stm32f4xx_hal_sd.c ****   if(pCallback == NULL)
1828:Drivers/STM32F4xx_HAL_Driver/Src/stm32f4xx_hal_sd.c ****   {
1829:Drivers/STM32F4xx_HAL_Driver/Src/stm32f4xx_hal_sd.c ****     /* Update the error code */
1830:Drivers/STM32F4xx_HAL_Driver/Src/stm32f4xx_hal_sd.c ****     hsd->ErrorCode |= HAL_SD_ERROR_INVALID_CALLBACK;
1831:Drivers/STM32F4xx_HAL_Driver/Src/stm32f4xx_hal_sd.c ****     return HAL_ERROR;
1832:Drivers/STM32F4xx_HAL_Driver/Src/stm32f4xx_hal_sd.c ****   }
1833:Drivers/STM32F4xx_HAL_Driver/Src/stm32f4xx_hal_sd.c **** 
1834:Drivers/STM32F4xx_HAL_Driver/Src/stm32f4xx_hal_sd.c ****   /* Process locked */
1835:Drivers/STM32F4xx_HAL_Driver/Src/stm32f4xx_hal_sd.c ****   __HAL_LOCK(hsd);
1836:Drivers/STM32F4xx_HAL_Driver/Src/stm32f4xx_hal_sd.c **** 
1837:Drivers/STM32F4xx_HAL_Driver/Src/stm32f4xx_hal_sd.c ****   if(hsd->State == HAL_SD_STATE_READY)
1838:Drivers/STM32F4xx_HAL_Driver/Src/stm32f4xx_hal_sd.c ****   {
1839:Drivers/STM32F4xx_HAL_Driver/Src/stm32f4xx_hal_sd.c ****     switch (CallbackID)
1840:Drivers/STM32F4xx_HAL_Driver/Src/stm32f4xx_hal_sd.c ****     {
1841:Drivers/STM32F4xx_HAL_Driver/Src/stm32f4xx_hal_sd.c ****     case HAL_SD_TX_CPLT_CB_ID :
1842:Drivers/STM32F4xx_HAL_Driver/Src/stm32f4xx_hal_sd.c ****       hsd->TxCpltCallback = pCallback;
1843:Drivers/STM32F4xx_HAL_Driver/Src/stm32f4xx_hal_sd.c ****       break;
1844:Drivers/STM32F4xx_HAL_Driver/Src/stm32f4xx_hal_sd.c ****     case HAL_SD_RX_CPLT_CB_ID :
1845:Drivers/STM32F4xx_HAL_Driver/Src/stm32f4xx_hal_sd.c ****       hsd->RxCpltCallback = pCallback;
1846:Drivers/STM32F4xx_HAL_Driver/Src/stm32f4xx_hal_sd.c ****       break;
1847:Drivers/STM32F4xx_HAL_Driver/Src/stm32f4xx_hal_sd.c ****     case HAL_SD_ERROR_CB_ID :
1848:Drivers/STM32F4xx_HAL_Driver/Src/stm32f4xx_hal_sd.c ****       hsd->ErrorCallback = pCallback;
1849:Drivers/STM32F4xx_HAL_Driver/Src/stm32f4xx_hal_sd.c ****       break;
1850:Drivers/STM32F4xx_HAL_Driver/Src/stm32f4xx_hal_sd.c ****     case HAL_SD_ABORT_CB_ID :
1851:Drivers/STM32F4xx_HAL_Driver/Src/stm32f4xx_hal_sd.c ****       hsd->AbortCpltCallback = pCallback;
1852:Drivers/STM32F4xx_HAL_Driver/Src/stm32f4xx_hal_sd.c ****       break;
1853:Drivers/STM32F4xx_HAL_Driver/Src/stm32f4xx_hal_sd.c ****     case HAL_SD_MSP_INIT_CB_ID :
1854:Drivers/STM32F4xx_HAL_Driver/Src/stm32f4xx_hal_sd.c ****       hsd->MspInitCallback = pCallback;
ARM GAS  C:\Users\40918\AppData\Local\Temp\cc5Xi7iV.s 			page 34


1855:Drivers/STM32F4xx_HAL_Driver/Src/stm32f4xx_hal_sd.c ****       break;
1856:Drivers/STM32F4xx_HAL_Driver/Src/stm32f4xx_hal_sd.c ****     case HAL_SD_MSP_DEINIT_CB_ID :
1857:Drivers/STM32F4xx_HAL_Driver/Src/stm32f4xx_hal_sd.c ****       hsd->MspDeInitCallback = pCallback;
1858:Drivers/STM32F4xx_HAL_Driver/Src/stm32f4xx_hal_sd.c ****       break;
1859:Drivers/STM32F4xx_HAL_Driver/Src/stm32f4xx_hal_sd.c ****     default :
1860:Drivers/STM32F4xx_HAL_Driver/Src/stm32f4xx_hal_sd.c ****       /* Update the error code */
1861:Drivers/STM32F4xx_HAL_Driver/Src/stm32f4xx_hal_sd.c ****       hsd->ErrorCode |= HAL_SD_ERROR_INVALID_CALLBACK;
1862:Drivers/STM32F4xx_HAL_Driver/Src/stm32f4xx_hal_sd.c ****       /* update return status */
1863:Drivers/STM32F4xx_HAL_Driver/Src/stm32f4xx_hal_sd.c ****       status =  HAL_ERROR;
1864:Drivers/STM32F4xx_HAL_Driver/Src/stm32f4xx_hal_sd.c ****       break;
1865:Drivers/STM32F4xx_HAL_Driver/Src/stm32f4xx_hal_sd.c ****     }
1866:Drivers/STM32F4xx_HAL_Driver/Src/stm32f4xx_hal_sd.c ****   }
1867:Drivers/STM32F4xx_HAL_Driver/Src/stm32f4xx_hal_sd.c ****   else if (hsd->State == HAL_SD_STATE_RESET)
1868:Drivers/STM32F4xx_HAL_Driver/Src/stm32f4xx_hal_sd.c ****   {
1869:Drivers/STM32F4xx_HAL_Driver/Src/stm32f4xx_hal_sd.c ****     switch (CallbackID)
1870:Drivers/STM32F4xx_HAL_Driver/Src/stm32f4xx_hal_sd.c ****     {
1871:Drivers/STM32F4xx_HAL_Driver/Src/stm32f4xx_hal_sd.c ****     case HAL_SD_MSP_INIT_CB_ID :
1872:Drivers/STM32F4xx_HAL_Driver/Src/stm32f4xx_hal_sd.c ****       hsd->MspInitCallback = pCallback;
1873:Drivers/STM32F4xx_HAL_Driver/Src/stm32f4xx_hal_sd.c ****       break;
1874:Drivers/STM32F4xx_HAL_Driver/Src/stm32f4xx_hal_sd.c ****     case HAL_SD_MSP_DEINIT_CB_ID :
1875:Drivers/STM32F4xx_HAL_Driver/Src/stm32f4xx_hal_sd.c ****       hsd->MspDeInitCallback = pCallback;
1876:Drivers/STM32F4xx_HAL_Driver/Src/stm32f4xx_hal_sd.c ****       break;
1877:Drivers/STM32F4xx_HAL_Driver/Src/stm32f4xx_hal_sd.c ****     default :
1878:Drivers/STM32F4xx_HAL_Driver/Src/stm32f4xx_hal_sd.c ****       /* Update the error code */
1879:Drivers/STM32F4xx_HAL_Driver/Src/stm32f4xx_hal_sd.c ****       hsd->ErrorCode |= HAL_SD_ERROR_INVALID_CALLBACK;
1880:Drivers/STM32F4xx_HAL_Driver/Src/stm32f4xx_hal_sd.c ****       /* update return status */
1881:Drivers/STM32F4xx_HAL_Driver/Src/stm32f4xx_hal_sd.c ****       status =  HAL_ERROR;
1882:Drivers/STM32F4xx_HAL_Driver/Src/stm32f4xx_hal_sd.c ****       break;
1883:Drivers/STM32F4xx_HAL_Driver/Src/stm32f4xx_hal_sd.c ****     }
1884:Drivers/STM32F4xx_HAL_Driver/Src/stm32f4xx_hal_sd.c ****   }
1885:Drivers/STM32F4xx_HAL_Driver/Src/stm32f4xx_hal_sd.c ****   else
1886:Drivers/STM32F4xx_HAL_Driver/Src/stm32f4xx_hal_sd.c ****   {
1887:Drivers/STM32F4xx_HAL_Driver/Src/stm32f4xx_hal_sd.c ****     /* Update the error code */
1888:Drivers/STM32F4xx_HAL_Driver/Src/stm32f4xx_hal_sd.c ****     hsd->ErrorCode |= HAL_SD_ERROR_INVALID_CALLBACK;
1889:Drivers/STM32F4xx_HAL_Driver/Src/stm32f4xx_hal_sd.c ****     /* update return status */
1890:Drivers/STM32F4xx_HAL_Driver/Src/stm32f4xx_hal_sd.c ****     status =  HAL_ERROR;
1891:Drivers/STM32F4xx_HAL_Driver/Src/stm32f4xx_hal_sd.c ****   }
1892:Drivers/STM32F4xx_HAL_Driver/Src/stm32f4xx_hal_sd.c **** 
1893:Drivers/STM32F4xx_HAL_Driver/Src/stm32f4xx_hal_sd.c ****   /* Release Lock */
1894:Drivers/STM32F4xx_HAL_Driver/Src/stm32f4xx_hal_sd.c ****   __HAL_UNLOCK(hsd);
1895:Drivers/STM32F4xx_HAL_Driver/Src/stm32f4xx_hal_sd.c ****   return status;
1896:Drivers/STM32F4xx_HAL_Driver/Src/stm32f4xx_hal_sd.c **** }
1897:Drivers/STM32F4xx_HAL_Driver/Src/stm32f4xx_hal_sd.c **** 
1898:Drivers/STM32F4xx_HAL_Driver/Src/stm32f4xx_hal_sd.c **** /**
1899:Drivers/STM32F4xx_HAL_Driver/Src/stm32f4xx_hal_sd.c ****   * @brief  Unregister a User SD Callback
1900:Drivers/STM32F4xx_HAL_Driver/Src/stm32f4xx_hal_sd.c ****   *         SD Callback is redirected to the weak (surcharged) predefined callback
1901:Drivers/STM32F4xx_HAL_Driver/Src/stm32f4xx_hal_sd.c ****   * @param hsd : SD handle
1902:Drivers/STM32F4xx_HAL_Driver/Src/stm32f4xx_hal_sd.c ****   * @param CallbackID : ID of the callback to be unregistered
1903:Drivers/STM32F4xx_HAL_Driver/Src/stm32f4xx_hal_sd.c ****   *        This parameter can be one of the following values:
1904:Drivers/STM32F4xx_HAL_Driver/Src/stm32f4xx_hal_sd.c ****   *          @arg @ref HAL_SD_TX_CPLT_CB_ID    SD Tx Complete Callback ID
1905:Drivers/STM32F4xx_HAL_Driver/Src/stm32f4xx_hal_sd.c ****   *          @arg @ref HAL_SD_RX_CPLT_CB_ID    SD Rx Complete Callback ID
1906:Drivers/STM32F4xx_HAL_Driver/Src/stm32f4xx_hal_sd.c ****   *          @arg @ref HAL_SD_ERROR_CB_ID      SD Error Callback ID
1907:Drivers/STM32F4xx_HAL_Driver/Src/stm32f4xx_hal_sd.c ****   *          @arg @ref HAL_SD_ABORT_CB_ID      SD Abort Callback ID
1908:Drivers/STM32F4xx_HAL_Driver/Src/stm32f4xx_hal_sd.c ****   *          @arg @ref HAL_SD_MSP_INIT_CB_ID   SD MspInit Callback ID
1909:Drivers/STM32F4xx_HAL_Driver/Src/stm32f4xx_hal_sd.c ****   *          @arg @ref HAL_SD_MSP_DEINIT_CB_ID SD MspDeInit Callback ID
1910:Drivers/STM32F4xx_HAL_Driver/Src/stm32f4xx_hal_sd.c ****   * @retval status
1911:Drivers/STM32F4xx_HAL_Driver/Src/stm32f4xx_hal_sd.c ****   */
ARM GAS  C:\Users\40918\AppData\Local\Temp\cc5Xi7iV.s 			page 35


1912:Drivers/STM32F4xx_HAL_Driver/Src/stm32f4xx_hal_sd.c **** HAL_StatusTypeDef HAL_SD_UnRegisterCallback(SD_HandleTypeDef *hsd, HAL_SD_CallbackIDTypeDef Callbac
1913:Drivers/STM32F4xx_HAL_Driver/Src/stm32f4xx_hal_sd.c **** {
1914:Drivers/STM32F4xx_HAL_Driver/Src/stm32f4xx_hal_sd.c ****   HAL_StatusTypeDef status = HAL_OK;
1915:Drivers/STM32F4xx_HAL_Driver/Src/stm32f4xx_hal_sd.c **** 
1916:Drivers/STM32F4xx_HAL_Driver/Src/stm32f4xx_hal_sd.c ****   /* Process locked */
1917:Drivers/STM32F4xx_HAL_Driver/Src/stm32f4xx_hal_sd.c ****   __HAL_LOCK(hsd);
1918:Drivers/STM32F4xx_HAL_Driver/Src/stm32f4xx_hal_sd.c **** 
1919:Drivers/STM32F4xx_HAL_Driver/Src/stm32f4xx_hal_sd.c ****   if(hsd->State == HAL_SD_STATE_READY)
1920:Drivers/STM32F4xx_HAL_Driver/Src/stm32f4xx_hal_sd.c ****   {
1921:Drivers/STM32F4xx_HAL_Driver/Src/stm32f4xx_hal_sd.c ****     switch (CallbackID)
1922:Drivers/STM32F4xx_HAL_Driver/Src/stm32f4xx_hal_sd.c ****     {
1923:Drivers/STM32F4xx_HAL_Driver/Src/stm32f4xx_hal_sd.c ****     case HAL_SD_TX_CPLT_CB_ID :
1924:Drivers/STM32F4xx_HAL_Driver/Src/stm32f4xx_hal_sd.c ****       hsd->TxCpltCallback = HAL_SD_TxCpltCallback;
1925:Drivers/STM32F4xx_HAL_Driver/Src/stm32f4xx_hal_sd.c ****       break;
1926:Drivers/STM32F4xx_HAL_Driver/Src/stm32f4xx_hal_sd.c ****     case HAL_SD_RX_CPLT_CB_ID :
1927:Drivers/STM32F4xx_HAL_Driver/Src/stm32f4xx_hal_sd.c ****       hsd->RxCpltCallback = HAL_SD_RxCpltCallback;
1928:Drivers/STM32F4xx_HAL_Driver/Src/stm32f4xx_hal_sd.c ****       break;
1929:Drivers/STM32F4xx_HAL_Driver/Src/stm32f4xx_hal_sd.c ****     case HAL_SD_ERROR_CB_ID :
1930:Drivers/STM32F4xx_HAL_Driver/Src/stm32f4xx_hal_sd.c ****       hsd->ErrorCallback = HAL_SD_ErrorCallback;
1931:Drivers/STM32F4xx_HAL_Driver/Src/stm32f4xx_hal_sd.c ****       break;
1932:Drivers/STM32F4xx_HAL_Driver/Src/stm32f4xx_hal_sd.c ****     case HAL_SD_ABORT_CB_ID :
1933:Drivers/STM32F4xx_HAL_Driver/Src/stm32f4xx_hal_sd.c ****       hsd->AbortCpltCallback = HAL_SD_AbortCallback;
1934:Drivers/STM32F4xx_HAL_Driver/Src/stm32f4xx_hal_sd.c ****       break;
1935:Drivers/STM32F4xx_HAL_Driver/Src/stm32f4xx_hal_sd.c ****     case HAL_SD_MSP_INIT_CB_ID :
1936:Drivers/STM32F4xx_HAL_Driver/Src/stm32f4xx_hal_sd.c ****       hsd->MspInitCallback = HAL_SD_MspInit;
1937:Drivers/STM32F4xx_HAL_Driver/Src/stm32f4xx_hal_sd.c ****       break;
1938:Drivers/STM32F4xx_HAL_Driver/Src/stm32f4xx_hal_sd.c ****     case HAL_SD_MSP_DEINIT_CB_ID :
1939:Drivers/STM32F4xx_HAL_Driver/Src/stm32f4xx_hal_sd.c ****       hsd->MspDeInitCallback = HAL_SD_MspDeInit;
1940:Drivers/STM32F4xx_HAL_Driver/Src/stm32f4xx_hal_sd.c ****       break;
1941:Drivers/STM32F4xx_HAL_Driver/Src/stm32f4xx_hal_sd.c ****     default :
1942:Drivers/STM32F4xx_HAL_Driver/Src/stm32f4xx_hal_sd.c ****       /* Update the error code */
1943:Drivers/STM32F4xx_HAL_Driver/Src/stm32f4xx_hal_sd.c ****       hsd->ErrorCode |= HAL_SD_ERROR_INVALID_CALLBACK;
1944:Drivers/STM32F4xx_HAL_Driver/Src/stm32f4xx_hal_sd.c ****       /* update return status */
1945:Drivers/STM32F4xx_HAL_Driver/Src/stm32f4xx_hal_sd.c ****       status =  HAL_ERROR;
1946:Drivers/STM32F4xx_HAL_Driver/Src/stm32f4xx_hal_sd.c ****       break;
1947:Drivers/STM32F4xx_HAL_Driver/Src/stm32f4xx_hal_sd.c ****     }
1948:Drivers/STM32F4xx_HAL_Driver/Src/stm32f4xx_hal_sd.c ****   }
1949:Drivers/STM32F4xx_HAL_Driver/Src/stm32f4xx_hal_sd.c ****   else if (hsd->State == HAL_SD_STATE_RESET)
1950:Drivers/STM32F4xx_HAL_Driver/Src/stm32f4xx_hal_sd.c ****   {
1951:Drivers/STM32F4xx_HAL_Driver/Src/stm32f4xx_hal_sd.c ****     switch (CallbackID)
1952:Drivers/STM32F4xx_HAL_Driver/Src/stm32f4xx_hal_sd.c ****     {
1953:Drivers/STM32F4xx_HAL_Driver/Src/stm32f4xx_hal_sd.c ****     case HAL_SD_MSP_INIT_CB_ID :
1954:Drivers/STM32F4xx_HAL_Driver/Src/stm32f4xx_hal_sd.c ****       hsd->MspInitCallback = HAL_SD_MspInit;
1955:Drivers/STM32F4xx_HAL_Driver/Src/stm32f4xx_hal_sd.c ****       break;
1956:Drivers/STM32F4xx_HAL_Driver/Src/stm32f4xx_hal_sd.c ****     case HAL_SD_MSP_DEINIT_CB_ID :
1957:Drivers/STM32F4xx_HAL_Driver/Src/stm32f4xx_hal_sd.c ****       hsd->MspDeInitCallback = HAL_SD_MspDeInit;
1958:Drivers/STM32F4xx_HAL_Driver/Src/stm32f4xx_hal_sd.c ****       break;
1959:Drivers/STM32F4xx_HAL_Driver/Src/stm32f4xx_hal_sd.c ****     default :
1960:Drivers/STM32F4xx_HAL_Driver/Src/stm32f4xx_hal_sd.c ****       /* Update the error code */
1961:Drivers/STM32F4xx_HAL_Driver/Src/stm32f4xx_hal_sd.c ****       hsd->ErrorCode |= HAL_SD_ERROR_INVALID_CALLBACK;
1962:Drivers/STM32F4xx_HAL_Driver/Src/stm32f4xx_hal_sd.c ****       /* update return status */
1963:Drivers/STM32F4xx_HAL_Driver/Src/stm32f4xx_hal_sd.c ****       status =  HAL_ERROR;
1964:Drivers/STM32F4xx_HAL_Driver/Src/stm32f4xx_hal_sd.c ****       break;
1965:Drivers/STM32F4xx_HAL_Driver/Src/stm32f4xx_hal_sd.c ****     }
1966:Drivers/STM32F4xx_HAL_Driver/Src/stm32f4xx_hal_sd.c ****   }
1967:Drivers/STM32F4xx_HAL_Driver/Src/stm32f4xx_hal_sd.c ****   else
1968:Drivers/STM32F4xx_HAL_Driver/Src/stm32f4xx_hal_sd.c ****   {
ARM GAS  C:\Users\40918\AppData\Local\Temp\cc5Xi7iV.s 			page 36


1969:Drivers/STM32F4xx_HAL_Driver/Src/stm32f4xx_hal_sd.c ****     /* Update the error code */
1970:Drivers/STM32F4xx_HAL_Driver/Src/stm32f4xx_hal_sd.c ****     hsd->ErrorCode |= HAL_SD_ERROR_INVALID_CALLBACK;
1971:Drivers/STM32F4xx_HAL_Driver/Src/stm32f4xx_hal_sd.c ****     /* update return status */
1972:Drivers/STM32F4xx_HAL_Driver/Src/stm32f4xx_hal_sd.c ****     status =  HAL_ERROR;
1973:Drivers/STM32F4xx_HAL_Driver/Src/stm32f4xx_hal_sd.c ****   }
1974:Drivers/STM32F4xx_HAL_Driver/Src/stm32f4xx_hal_sd.c **** 
1975:Drivers/STM32F4xx_HAL_Driver/Src/stm32f4xx_hal_sd.c ****   /* Release Lock */
1976:Drivers/STM32F4xx_HAL_Driver/Src/stm32f4xx_hal_sd.c ****   __HAL_UNLOCK(hsd);
1977:Drivers/STM32F4xx_HAL_Driver/Src/stm32f4xx_hal_sd.c ****   return status;
1978:Drivers/STM32F4xx_HAL_Driver/Src/stm32f4xx_hal_sd.c **** }
1979:Drivers/STM32F4xx_HAL_Driver/Src/stm32f4xx_hal_sd.c **** #endif /* USE_HAL_SD_REGISTER_CALLBACKS */
1980:Drivers/STM32F4xx_HAL_Driver/Src/stm32f4xx_hal_sd.c **** 
1981:Drivers/STM32F4xx_HAL_Driver/Src/stm32f4xx_hal_sd.c **** /**
1982:Drivers/STM32F4xx_HAL_Driver/Src/stm32f4xx_hal_sd.c ****   * @}
1983:Drivers/STM32F4xx_HAL_Driver/Src/stm32f4xx_hal_sd.c ****   */
1984:Drivers/STM32F4xx_HAL_Driver/Src/stm32f4xx_hal_sd.c **** 
1985:Drivers/STM32F4xx_HAL_Driver/Src/stm32f4xx_hal_sd.c **** /** @addtogroup SD_Exported_Functions_Group3
1986:Drivers/STM32F4xx_HAL_Driver/Src/stm32f4xx_hal_sd.c ****  *  @brief   management functions
1987:Drivers/STM32F4xx_HAL_Driver/Src/stm32f4xx_hal_sd.c ****  *
1988:Drivers/STM32F4xx_HAL_Driver/Src/stm32f4xx_hal_sd.c **** @verbatim
1989:Drivers/STM32F4xx_HAL_Driver/Src/stm32f4xx_hal_sd.c ****   ==============================================================================
1990:Drivers/STM32F4xx_HAL_Driver/Src/stm32f4xx_hal_sd.c ****                       ##### Peripheral Control functions #####
1991:Drivers/STM32F4xx_HAL_Driver/Src/stm32f4xx_hal_sd.c ****   ==============================================================================
1992:Drivers/STM32F4xx_HAL_Driver/Src/stm32f4xx_hal_sd.c ****   [..]
1993:Drivers/STM32F4xx_HAL_Driver/Src/stm32f4xx_hal_sd.c ****     This subsection provides a set of functions allowing to control the SD card
1994:Drivers/STM32F4xx_HAL_Driver/Src/stm32f4xx_hal_sd.c ****     operations and get the related information
1995:Drivers/STM32F4xx_HAL_Driver/Src/stm32f4xx_hal_sd.c **** 
1996:Drivers/STM32F4xx_HAL_Driver/Src/stm32f4xx_hal_sd.c **** @endverbatim
1997:Drivers/STM32F4xx_HAL_Driver/Src/stm32f4xx_hal_sd.c ****   * @{
1998:Drivers/STM32F4xx_HAL_Driver/Src/stm32f4xx_hal_sd.c ****   */
1999:Drivers/STM32F4xx_HAL_Driver/Src/stm32f4xx_hal_sd.c **** 
2000:Drivers/STM32F4xx_HAL_Driver/Src/stm32f4xx_hal_sd.c **** /**
2001:Drivers/STM32F4xx_HAL_Driver/Src/stm32f4xx_hal_sd.c ****   * @brief  Returns information the information of the card which are stored on
2002:Drivers/STM32F4xx_HAL_Driver/Src/stm32f4xx_hal_sd.c ****   *         the CID register.
2003:Drivers/STM32F4xx_HAL_Driver/Src/stm32f4xx_hal_sd.c ****   * @param  hsd: Pointer to SD handle
2004:Drivers/STM32F4xx_HAL_Driver/Src/stm32f4xx_hal_sd.c ****   * @param  pCID: Pointer to a HAL_SD_CardCIDTypeDef structure that  
2005:Drivers/STM32F4xx_HAL_Driver/Src/stm32f4xx_hal_sd.c ****   *         contains all CID register parameters
2006:Drivers/STM32F4xx_HAL_Driver/Src/stm32f4xx_hal_sd.c ****   * @retval HAL status
2007:Drivers/STM32F4xx_HAL_Driver/Src/stm32f4xx_hal_sd.c ****   */
2008:Drivers/STM32F4xx_HAL_Driver/Src/stm32f4xx_hal_sd.c **** HAL_StatusTypeDef HAL_SD_GetCardCID(SD_HandleTypeDef *hsd, HAL_SD_CardCIDTypeDef *pCID)
2009:Drivers/STM32F4xx_HAL_Driver/Src/stm32f4xx_hal_sd.c **** {
2010:Drivers/STM32F4xx_HAL_Driver/Src/stm32f4xx_hal_sd.c ****   pCID->ManufacturerID = (uint8_t)((hsd->CID[0] & 0xFF000000U) >> 24U);
2011:Drivers/STM32F4xx_HAL_Driver/Src/stm32f4xx_hal_sd.c **** 
2012:Drivers/STM32F4xx_HAL_Driver/Src/stm32f4xx_hal_sd.c ****   pCID->OEM_AppliID = (uint16_t)((hsd->CID[0] & 0x00FFFF00U) >> 8U);
2013:Drivers/STM32F4xx_HAL_Driver/Src/stm32f4xx_hal_sd.c **** 
2014:Drivers/STM32F4xx_HAL_Driver/Src/stm32f4xx_hal_sd.c ****   pCID->ProdName1 = (((hsd->CID[0] & 0x000000FFU) << 24U) | ((hsd->CID[1] & 0xFFFFFF00U) >> 8U));
2015:Drivers/STM32F4xx_HAL_Driver/Src/stm32f4xx_hal_sd.c **** 
2016:Drivers/STM32F4xx_HAL_Driver/Src/stm32f4xx_hal_sd.c ****   pCID->ProdName2 = (uint8_t)(hsd->CID[1] & 0x000000FFU);
2017:Drivers/STM32F4xx_HAL_Driver/Src/stm32f4xx_hal_sd.c **** 
2018:Drivers/STM32F4xx_HAL_Driver/Src/stm32f4xx_hal_sd.c ****   pCID->ProdRev = (uint8_t)((hsd->CID[2] & 0xFF000000U) >> 24U);
2019:Drivers/STM32F4xx_HAL_Driver/Src/stm32f4xx_hal_sd.c **** 
2020:Drivers/STM32F4xx_HAL_Driver/Src/stm32f4xx_hal_sd.c ****   pCID->ProdSN = (((hsd->CID[2] & 0x00FFFFFFU) << 8U) | ((hsd->CID[3] & 0xFF000000U) >> 24U));
2021:Drivers/STM32F4xx_HAL_Driver/Src/stm32f4xx_hal_sd.c **** 
2022:Drivers/STM32F4xx_HAL_Driver/Src/stm32f4xx_hal_sd.c ****   pCID->Reserved1 = (uint8_t)((hsd->CID[3] & 0x00F00000U) >> 20U);
2023:Drivers/STM32F4xx_HAL_Driver/Src/stm32f4xx_hal_sd.c **** 
2024:Drivers/STM32F4xx_HAL_Driver/Src/stm32f4xx_hal_sd.c ****   pCID->ManufactDate = (uint16_t)((hsd->CID[3] & 0x000FFF00U) >> 8U);
2025:Drivers/STM32F4xx_HAL_Driver/Src/stm32f4xx_hal_sd.c **** 
ARM GAS  C:\Users\40918\AppData\Local\Temp\cc5Xi7iV.s 			page 37


2026:Drivers/STM32F4xx_HAL_Driver/Src/stm32f4xx_hal_sd.c ****   pCID->CID_CRC = (uint8_t)((hsd->CID[3] & 0x000000FEU) >> 1U);
2027:Drivers/STM32F4xx_HAL_Driver/Src/stm32f4xx_hal_sd.c **** 
2028:Drivers/STM32F4xx_HAL_Driver/Src/stm32f4xx_hal_sd.c ****   pCID->Reserved2 = 1U;
2029:Drivers/STM32F4xx_HAL_Driver/Src/stm32f4xx_hal_sd.c **** 
2030:Drivers/STM32F4xx_HAL_Driver/Src/stm32f4xx_hal_sd.c ****   return HAL_OK;
2031:Drivers/STM32F4xx_HAL_Driver/Src/stm32f4xx_hal_sd.c **** }
2032:Drivers/STM32F4xx_HAL_Driver/Src/stm32f4xx_hal_sd.c **** 
2033:Drivers/STM32F4xx_HAL_Driver/Src/stm32f4xx_hal_sd.c **** /**
2034:Drivers/STM32F4xx_HAL_Driver/Src/stm32f4xx_hal_sd.c ****   * @brief  Returns information the information of the card which are stored on
2035:Drivers/STM32F4xx_HAL_Driver/Src/stm32f4xx_hal_sd.c ****   *         the CSD register.
2036:Drivers/STM32F4xx_HAL_Driver/Src/stm32f4xx_hal_sd.c ****   * @param  hsd: Pointer to SD handle
2037:Drivers/STM32F4xx_HAL_Driver/Src/stm32f4xx_hal_sd.c ****   * @param  pCSD: Pointer to a HAL_SD_CardCSDTypeDef structure that  
2038:Drivers/STM32F4xx_HAL_Driver/Src/stm32f4xx_hal_sd.c ****   *         contains all CSD register parameters
2039:Drivers/STM32F4xx_HAL_Driver/Src/stm32f4xx_hal_sd.c ****   * @retval HAL status
2040:Drivers/STM32F4xx_HAL_Driver/Src/stm32f4xx_hal_sd.c ****   */
2041:Drivers/STM32F4xx_HAL_Driver/Src/stm32f4xx_hal_sd.c **** HAL_StatusTypeDef HAL_SD_GetCardCSD(SD_HandleTypeDef *hsd, HAL_SD_CardCSDTypeDef *pCSD)
2042:Drivers/STM32F4xx_HAL_Driver/Src/stm32f4xx_hal_sd.c **** {
2043:Drivers/STM32F4xx_HAL_Driver/Src/stm32f4xx_hal_sd.c ****   pCSD->CSDStruct = (uint8_t)((hsd->CSD[0] & 0xC0000000U) >> 30U);
2044:Drivers/STM32F4xx_HAL_Driver/Src/stm32f4xx_hal_sd.c **** 
2045:Drivers/STM32F4xx_HAL_Driver/Src/stm32f4xx_hal_sd.c ****   pCSD->SysSpecVersion = (uint8_t)((hsd->CSD[0] & 0x3C000000U) >> 26U);
2046:Drivers/STM32F4xx_HAL_Driver/Src/stm32f4xx_hal_sd.c **** 
2047:Drivers/STM32F4xx_HAL_Driver/Src/stm32f4xx_hal_sd.c ****   pCSD->Reserved1 = (uint8_t)((hsd->CSD[0] & 0x03000000U) >> 24U);
2048:Drivers/STM32F4xx_HAL_Driver/Src/stm32f4xx_hal_sd.c **** 
2049:Drivers/STM32F4xx_HAL_Driver/Src/stm32f4xx_hal_sd.c ****   pCSD->TAAC = (uint8_t)((hsd->CSD[0] & 0x00FF0000U) >> 16U);
2050:Drivers/STM32F4xx_HAL_Driver/Src/stm32f4xx_hal_sd.c **** 
2051:Drivers/STM32F4xx_HAL_Driver/Src/stm32f4xx_hal_sd.c ****   pCSD->NSAC = (uint8_t)((hsd->CSD[0] & 0x0000FF00U) >> 8U);
2052:Drivers/STM32F4xx_HAL_Driver/Src/stm32f4xx_hal_sd.c **** 
2053:Drivers/STM32F4xx_HAL_Driver/Src/stm32f4xx_hal_sd.c ****   pCSD->MaxBusClkFrec = (uint8_t)(hsd->CSD[0] & 0x000000FFU);
2054:Drivers/STM32F4xx_HAL_Driver/Src/stm32f4xx_hal_sd.c **** 
2055:Drivers/STM32F4xx_HAL_Driver/Src/stm32f4xx_hal_sd.c ****   pCSD->CardComdClasses = (uint16_t)((hsd->CSD[1] & 0xFFF00000U) >> 20U);
2056:Drivers/STM32F4xx_HAL_Driver/Src/stm32f4xx_hal_sd.c **** 
2057:Drivers/STM32F4xx_HAL_Driver/Src/stm32f4xx_hal_sd.c ****   pCSD->RdBlockLen = (uint8_t)((hsd->CSD[1] & 0x000F0000U) >> 16U);
2058:Drivers/STM32F4xx_HAL_Driver/Src/stm32f4xx_hal_sd.c **** 
2059:Drivers/STM32F4xx_HAL_Driver/Src/stm32f4xx_hal_sd.c ****   pCSD->PartBlockRead   = (uint8_t)((hsd->CSD[1] & 0x00008000U) >> 15U);
2060:Drivers/STM32F4xx_HAL_Driver/Src/stm32f4xx_hal_sd.c **** 
2061:Drivers/STM32F4xx_HAL_Driver/Src/stm32f4xx_hal_sd.c ****   pCSD->WrBlockMisalign = (uint8_t)((hsd->CSD[1] & 0x00004000U) >> 14U);
2062:Drivers/STM32F4xx_HAL_Driver/Src/stm32f4xx_hal_sd.c **** 
2063:Drivers/STM32F4xx_HAL_Driver/Src/stm32f4xx_hal_sd.c ****   pCSD->RdBlockMisalign = (uint8_t)((hsd->CSD[1] & 0x00002000U) >> 13U);
2064:Drivers/STM32F4xx_HAL_Driver/Src/stm32f4xx_hal_sd.c **** 
2065:Drivers/STM32F4xx_HAL_Driver/Src/stm32f4xx_hal_sd.c ****   pCSD->DSRImpl = (uint8_t)((hsd->CSD[1] & 0x00001000U) >> 12U);
2066:Drivers/STM32F4xx_HAL_Driver/Src/stm32f4xx_hal_sd.c **** 
2067:Drivers/STM32F4xx_HAL_Driver/Src/stm32f4xx_hal_sd.c ****   pCSD->Reserved2 = 0U; /*!< Reserved */
2068:Drivers/STM32F4xx_HAL_Driver/Src/stm32f4xx_hal_sd.c **** 
2069:Drivers/STM32F4xx_HAL_Driver/Src/stm32f4xx_hal_sd.c ****   if(hsd->SdCard.CardType == CARD_SDSC)
2070:Drivers/STM32F4xx_HAL_Driver/Src/stm32f4xx_hal_sd.c ****   {
2071:Drivers/STM32F4xx_HAL_Driver/Src/stm32f4xx_hal_sd.c ****     pCSD->DeviceSize = (((hsd->CSD[1] & 0x000003FFU) << 2U) | ((hsd->CSD[2] & 0xC0000000U) >> 30U))
2072:Drivers/STM32F4xx_HAL_Driver/Src/stm32f4xx_hal_sd.c **** 
2073:Drivers/STM32F4xx_HAL_Driver/Src/stm32f4xx_hal_sd.c ****     pCSD->MaxRdCurrentVDDMin = (uint8_t)((hsd->CSD[2] & 0x38000000U) >> 27U);
2074:Drivers/STM32F4xx_HAL_Driver/Src/stm32f4xx_hal_sd.c **** 
2075:Drivers/STM32F4xx_HAL_Driver/Src/stm32f4xx_hal_sd.c ****     pCSD->MaxRdCurrentVDDMax = (uint8_t)((hsd->CSD[2] & 0x07000000U) >> 24U);
2076:Drivers/STM32F4xx_HAL_Driver/Src/stm32f4xx_hal_sd.c **** 
2077:Drivers/STM32F4xx_HAL_Driver/Src/stm32f4xx_hal_sd.c ****     pCSD->MaxWrCurrentVDDMin = (uint8_t)((hsd->CSD[2] & 0x00E00000U) >> 21U);
2078:Drivers/STM32F4xx_HAL_Driver/Src/stm32f4xx_hal_sd.c **** 
2079:Drivers/STM32F4xx_HAL_Driver/Src/stm32f4xx_hal_sd.c ****     pCSD->MaxWrCurrentVDDMax = (uint8_t)((hsd->CSD[2] & 0x001C0000U) >> 18U);
2080:Drivers/STM32F4xx_HAL_Driver/Src/stm32f4xx_hal_sd.c **** 
2081:Drivers/STM32F4xx_HAL_Driver/Src/stm32f4xx_hal_sd.c ****     pCSD->DeviceSizeMul = (uint8_t)((hsd->CSD[2] & 0x00038000U) >> 15U);
2082:Drivers/STM32F4xx_HAL_Driver/Src/stm32f4xx_hal_sd.c **** 
ARM GAS  C:\Users\40918\AppData\Local\Temp\cc5Xi7iV.s 			page 38


2083:Drivers/STM32F4xx_HAL_Driver/Src/stm32f4xx_hal_sd.c ****     hsd->SdCard.BlockNbr  = (pCSD->DeviceSize + 1U) ;
2084:Drivers/STM32F4xx_HAL_Driver/Src/stm32f4xx_hal_sd.c ****     hsd->SdCard.BlockNbr *= (1UL << ((pCSD->DeviceSizeMul & 0x07U) + 2U));
2085:Drivers/STM32F4xx_HAL_Driver/Src/stm32f4xx_hal_sd.c ****     hsd->SdCard.BlockSize = (1UL << (pCSD->RdBlockLen & 0x0FU));
2086:Drivers/STM32F4xx_HAL_Driver/Src/stm32f4xx_hal_sd.c **** 
2087:Drivers/STM32F4xx_HAL_Driver/Src/stm32f4xx_hal_sd.c ****     hsd->SdCard.LogBlockNbr =  (hsd->SdCard.BlockNbr) * ((hsd->SdCard.BlockSize) / 512U);
2088:Drivers/STM32F4xx_HAL_Driver/Src/stm32f4xx_hal_sd.c ****     hsd->SdCard.LogBlockSize = 512U;
2089:Drivers/STM32F4xx_HAL_Driver/Src/stm32f4xx_hal_sd.c ****   }
2090:Drivers/STM32F4xx_HAL_Driver/Src/stm32f4xx_hal_sd.c ****   else if(hsd->SdCard.CardType == CARD_SDHC_SDXC)
2091:Drivers/STM32F4xx_HAL_Driver/Src/stm32f4xx_hal_sd.c ****   {
2092:Drivers/STM32F4xx_HAL_Driver/Src/stm32f4xx_hal_sd.c ****     /* Byte 7 */
2093:Drivers/STM32F4xx_HAL_Driver/Src/stm32f4xx_hal_sd.c ****     pCSD->DeviceSize = (((hsd->CSD[1] & 0x0000003FU) << 16U) | ((hsd->CSD[2] & 0xFFFF0000U) >> 16U)
2094:Drivers/STM32F4xx_HAL_Driver/Src/stm32f4xx_hal_sd.c **** 
2095:Drivers/STM32F4xx_HAL_Driver/Src/stm32f4xx_hal_sd.c ****     hsd->SdCard.BlockNbr = ((pCSD->DeviceSize + 1U) * 1024U);
2096:Drivers/STM32F4xx_HAL_Driver/Src/stm32f4xx_hal_sd.c ****     hsd->SdCard.LogBlockNbr = hsd->SdCard.BlockNbr;
2097:Drivers/STM32F4xx_HAL_Driver/Src/stm32f4xx_hal_sd.c ****     hsd->SdCard.BlockSize = 512U;
2098:Drivers/STM32F4xx_HAL_Driver/Src/stm32f4xx_hal_sd.c ****     hsd->SdCard.LogBlockSize = hsd->SdCard.BlockSize;
2099:Drivers/STM32F4xx_HAL_Driver/Src/stm32f4xx_hal_sd.c ****   }
2100:Drivers/STM32F4xx_HAL_Driver/Src/stm32f4xx_hal_sd.c ****   else
2101:Drivers/STM32F4xx_HAL_Driver/Src/stm32f4xx_hal_sd.c ****   {
2102:Drivers/STM32F4xx_HAL_Driver/Src/stm32f4xx_hal_sd.c ****     /* Clear all the static flags */
2103:Drivers/STM32F4xx_HAL_Driver/Src/stm32f4xx_hal_sd.c ****     __HAL_SD_CLEAR_FLAG(hsd, SDIO_STATIC_FLAGS);
2104:Drivers/STM32F4xx_HAL_Driver/Src/stm32f4xx_hal_sd.c ****     hsd->ErrorCode |= HAL_SD_ERROR_UNSUPPORTED_FEATURE;
2105:Drivers/STM32F4xx_HAL_Driver/Src/stm32f4xx_hal_sd.c ****     hsd->State = HAL_SD_STATE_READY;
2106:Drivers/STM32F4xx_HAL_Driver/Src/stm32f4xx_hal_sd.c ****     return HAL_ERROR;
2107:Drivers/STM32F4xx_HAL_Driver/Src/stm32f4xx_hal_sd.c ****   }
2108:Drivers/STM32F4xx_HAL_Driver/Src/stm32f4xx_hal_sd.c **** 
2109:Drivers/STM32F4xx_HAL_Driver/Src/stm32f4xx_hal_sd.c ****   pCSD->EraseGrSize = (uint8_t)((hsd->CSD[2] & 0x00004000U) >> 14U);
2110:Drivers/STM32F4xx_HAL_Driver/Src/stm32f4xx_hal_sd.c **** 
2111:Drivers/STM32F4xx_HAL_Driver/Src/stm32f4xx_hal_sd.c ****   pCSD->EraseGrMul = (uint8_t)((hsd->CSD[2] & 0x00003F80U) >> 7U);
2112:Drivers/STM32F4xx_HAL_Driver/Src/stm32f4xx_hal_sd.c **** 
2113:Drivers/STM32F4xx_HAL_Driver/Src/stm32f4xx_hal_sd.c ****   pCSD->WrProtectGrSize = (uint8_t)(hsd->CSD[2] & 0x0000007FU);
2114:Drivers/STM32F4xx_HAL_Driver/Src/stm32f4xx_hal_sd.c **** 
2115:Drivers/STM32F4xx_HAL_Driver/Src/stm32f4xx_hal_sd.c ****   pCSD->WrProtectGrEnable = (uint8_t)((hsd->CSD[3] & 0x80000000U) >> 31U);
2116:Drivers/STM32F4xx_HAL_Driver/Src/stm32f4xx_hal_sd.c **** 
2117:Drivers/STM32F4xx_HAL_Driver/Src/stm32f4xx_hal_sd.c ****   pCSD->ManDeflECC = (uint8_t)((hsd->CSD[3] & 0x60000000U) >> 29U);
2118:Drivers/STM32F4xx_HAL_Driver/Src/stm32f4xx_hal_sd.c **** 
2119:Drivers/STM32F4xx_HAL_Driver/Src/stm32f4xx_hal_sd.c ****   pCSD->WrSpeedFact = (uint8_t)((hsd->CSD[3] & 0x1C000000U) >> 26U);
2120:Drivers/STM32F4xx_HAL_Driver/Src/stm32f4xx_hal_sd.c **** 
2121:Drivers/STM32F4xx_HAL_Driver/Src/stm32f4xx_hal_sd.c ****   pCSD->MaxWrBlockLen= (uint8_t)((hsd->CSD[3] & 0x03C00000U) >> 22U);
2122:Drivers/STM32F4xx_HAL_Driver/Src/stm32f4xx_hal_sd.c **** 
2123:Drivers/STM32F4xx_HAL_Driver/Src/stm32f4xx_hal_sd.c ****   pCSD->WriteBlockPaPartial = (uint8_t)((hsd->CSD[3] & 0x00200000U) >> 21U);
2124:Drivers/STM32F4xx_HAL_Driver/Src/stm32f4xx_hal_sd.c **** 
2125:Drivers/STM32F4xx_HAL_Driver/Src/stm32f4xx_hal_sd.c ****   pCSD->Reserved3 = 0;
2126:Drivers/STM32F4xx_HAL_Driver/Src/stm32f4xx_hal_sd.c **** 
2127:Drivers/STM32F4xx_HAL_Driver/Src/stm32f4xx_hal_sd.c ****   pCSD->ContentProtectAppli = (uint8_t)((hsd->CSD[3] & 0x00010000U) >> 16U);
2128:Drivers/STM32F4xx_HAL_Driver/Src/stm32f4xx_hal_sd.c **** 
2129:Drivers/STM32F4xx_HAL_Driver/Src/stm32f4xx_hal_sd.c ****   pCSD->FileFormatGroup = (uint8_t)((hsd->CSD[3] & 0x00008000U) >> 15U);
2130:Drivers/STM32F4xx_HAL_Driver/Src/stm32f4xx_hal_sd.c **** 
2131:Drivers/STM32F4xx_HAL_Driver/Src/stm32f4xx_hal_sd.c ****   pCSD->CopyFlag = (uint8_t)((hsd->CSD[3] & 0x00004000U) >> 14U);
2132:Drivers/STM32F4xx_HAL_Driver/Src/stm32f4xx_hal_sd.c **** 
2133:Drivers/STM32F4xx_HAL_Driver/Src/stm32f4xx_hal_sd.c ****   pCSD->PermWrProtect = (uint8_t)((hsd->CSD[3] & 0x00002000U) >> 13U);
2134:Drivers/STM32F4xx_HAL_Driver/Src/stm32f4xx_hal_sd.c **** 
2135:Drivers/STM32F4xx_HAL_Driver/Src/stm32f4xx_hal_sd.c ****   pCSD->TempWrProtect = (uint8_t)((hsd->CSD[3] & 0x00001000U) >> 12U);
2136:Drivers/STM32F4xx_HAL_Driver/Src/stm32f4xx_hal_sd.c **** 
2137:Drivers/STM32F4xx_HAL_Driver/Src/stm32f4xx_hal_sd.c ****   pCSD->FileFormat = (uint8_t)((hsd->CSD[3] & 0x00000C00U) >> 10U);
2138:Drivers/STM32F4xx_HAL_Driver/Src/stm32f4xx_hal_sd.c **** 
2139:Drivers/STM32F4xx_HAL_Driver/Src/stm32f4xx_hal_sd.c ****   pCSD->ECC= (uint8_t)((hsd->CSD[3] & 0x00000300U) >> 8U);
ARM GAS  C:\Users\40918\AppData\Local\Temp\cc5Xi7iV.s 			page 39


2140:Drivers/STM32F4xx_HAL_Driver/Src/stm32f4xx_hal_sd.c **** 
2141:Drivers/STM32F4xx_HAL_Driver/Src/stm32f4xx_hal_sd.c ****   pCSD->CSD_CRC = (uint8_t)((hsd->CSD[3] & 0x000000FEU) >> 1U);
2142:Drivers/STM32F4xx_HAL_Driver/Src/stm32f4xx_hal_sd.c **** 
2143:Drivers/STM32F4xx_HAL_Driver/Src/stm32f4xx_hal_sd.c ****   pCSD->Reserved4 = 1;
2144:Drivers/STM32F4xx_HAL_Driver/Src/stm32f4xx_hal_sd.c **** 
2145:Drivers/STM32F4xx_HAL_Driver/Src/stm32f4xx_hal_sd.c ****   return HAL_OK;
2146:Drivers/STM32F4xx_HAL_Driver/Src/stm32f4xx_hal_sd.c **** }
2147:Drivers/STM32F4xx_HAL_Driver/Src/stm32f4xx_hal_sd.c **** 
2148:Drivers/STM32F4xx_HAL_Driver/Src/stm32f4xx_hal_sd.c **** /**
2149:Drivers/STM32F4xx_HAL_Driver/Src/stm32f4xx_hal_sd.c ****   * @brief  Gets the SD status info.
2150:Drivers/STM32F4xx_HAL_Driver/Src/stm32f4xx_hal_sd.c ****   * @param  hsd: Pointer to SD handle
2151:Drivers/STM32F4xx_HAL_Driver/Src/stm32f4xx_hal_sd.c ****   * @param  pStatus: Pointer to the HAL_SD_CardStatusTypeDef structure that 
2152:Drivers/STM32F4xx_HAL_Driver/Src/stm32f4xx_hal_sd.c ****   *         will contain the SD card status information
2153:Drivers/STM32F4xx_HAL_Driver/Src/stm32f4xx_hal_sd.c ****   * @retval HAL status
2154:Drivers/STM32F4xx_HAL_Driver/Src/stm32f4xx_hal_sd.c ****   */
2155:Drivers/STM32F4xx_HAL_Driver/Src/stm32f4xx_hal_sd.c **** HAL_StatusTypeDef HAL_SD_GetCardStatus(SD_HandleTypeDef *hsd, HAL_SD_CardStatusTypeDef *pStatus)
2156:Drivers/STM32F4xx_HAL_Driver/Src/stm32f4xx_hal_sd.c **** {
2157:Drivers/STM32F4xx_HAL_Driver/Src/stm32f4xx_hal_sd.c ****   uint32_t sd_status[16];
2158:Drivers/STM32F4xx_HAL_Driver/Src/stm32f4xx_hal_sd.c ****   uint32_t errorstate;
2159:Drivers/STM32F4xx_HAL_Driver/Src/stm32f4xx_hal_sd.c ****   HAL_StatusTypeDef status = HAL_OK;
2160:Drivers/STM32F4xx_HAL_Driver/Src/stm32f4xx_hal_sd.c **** 
2161:Drivers/STM32F4xx_HAL_Driver/Src/stm32f4xx_hal_sd.c ****   errorstate = SD_SendSDStatus(hsd, sd_status);
2162:Drivers/STM32F4xx_HAL_Driver/Src/stm32f4xx_hal_sd.c ****   if(errorstate != HAL_SD_ERROR_NONE)
2163:Drivers/STM32F4xx_HAL_Driver/Src/stm32f4xx_hal_sd.c ****   {
2164:Drivers/STM32F4xx_HAL_Driver/Src/stm32f4xx_hal_sd.c ****     /* Clear all the static flags */
2165:Drivers/STM32F4xx_HAL_Driver/Src/stm32f4xx_hal_sd.c ****     __HAL_SD_CLEAR_FLAG(hsd, SDIO_STATIC_FLAGS);
2166:Drivers/STM32F4xx_HAL_Driver/Src/stm32f4xx_hal_sd.c ****     hsd->ErrorCode |= errorstate;
2167:Drivers/STM32F4xx_HAL_Driver/Src/stm32f4xx_hal_sd.c ****     hsd->State = HAL_SD_STATE_READY;
2168:Drivers/STM32F4xx_HAL_Driver/Src/stm32f4xx_hal_sd.c ****     status = HAL_ERROR;
2169:Drivers/STM32F4xx_HAL_Driver/Src/stm32f4xx_hal_sd.c ****   }
2170:Drivers/STM32F4xx_HAL_Driver/Src/stm32f4xx_hal_sd.c ****   else
2171:Drivers/STM32F4xx_HAL_Driver/Src/stm32f4xx_hal_sd.c ****   {
2172:Drivers/STM32F4xx_HAL_Driver/Src/stm32f4xx_hal_sd.c ****     pStatus->DataBusWidth = (uint8_t)((sd_status[0] & 0xC0U) >> 6U);
2173:Drivers/STM32F4xx_HAL_Driver/Src/stm32f4xx_hal_sd.c **** 
2174:Drivers/STM32F4xx_HAL_Driver/Src/stm32f4xx_hal_sd.c ****     pStatus->SecuredMode = (uint8_t)((sd_status[0] & 0x20U) >> 5U);
2175:Drivers/STM32F4xx_HAL_Driver/Src/stm32f4xx_hal_sd.c **** 
2176:Drivers/STM32F4xx_HAL_Driver/Src/stm32f4xx_hal_sd.c ****     pStatus->CardType = (uint16_t)(((sd_status[0] & 0x00FF0000U) >> 8U) | ((sd_status[0] & 0xFF0000
2177:Drivers/STM32F4xx_HAL_Driver/Src/stm32f4xx_hal_sd.c **** 
2178:Drivers/STM32F4xx_HAL_Driver/Src/stm32f4xx_hal_sd.c ****     pStatus->ProtectedAreaSize = (((sd_status[1] & 0xFFU) << 24U)    | ((sd_status[1] & 0xFF00U) <<
2179:Drivers/STM32F4xx_HAL_Driver/Src/stm32f4xx_hal_sd.c ****                                   ((sd_status[1] & 0xFF0000U) >> 8U) | ((sd_status[1] & 0xFF000000U
2180:Drivers/STM32F4xx_HAL_Driver/Src/stm32f4xx_hal_sd.c **** 
2181:Drivers/STM32F4xx_HAL_Driver/Src/stm32f4xx_hal_sd.c ****     pStatus->SpeedClass = (uint8_t)(sd_status[2] & 0xFFU);
2182:Drivers/STM32F4xx_HAL_Driver/Src/stm32f4xx_hal_sd.c **** 
2183:Drivers/STM32F4xx_HAL_Driver/Src/stm32f4xx_hal_sd.c ****     pStatus->PerformanceMove = (uint8_t)((sd_status[2] & 0xFF00U) >> 8U);
2184:Drivers/STM32F4xx_HAL_Driver/Src/stm32f4xx_hal_sd.c **** 
2185:Drivers/STM32F4xx_HAL_Driver/Src/stm32f4xx_hal_sd.c ****     pStatus->AllocationUnitSize = (uint8_t)((sd_status[2] & 0xF00000U) >> 20U);
2186:Drivers/STM32F4xx_HAL_Driver/Src/stm32f4xx_hal_sd.c **** 
2187:Drivers/STM32F4xx_HAL_Driver/Src/stm32f4xx_hal_sd.c ****     pStatus->EraseSize = (uint16_t)(((sd_status[2] & 0xFF000000U) >> 16U) | (sd_status[3] & 0xFFU))
2188:Drivers/STM32F4xx_HAL_Driver/Src/stm32f4xx_hal_sd.c **** 
2189:Drivers/STM32F4xx_HAL_Driver/Src/stm32f4xx_hal_sd.c ****     pStatus->EraseTimeout = (uint8_t)((sd_status[3] & 0xFC00U) >> 10U);
2190:Drivers/STM32F4xx_HAL_Driver/Src/stm32f4xx_hal_sd.c **** 
2191:Drivers/STM32F4xx_HAL_Driver/Src/stm32f4xx_hal_sd.c ****     pStatus->EraseOffset = (uint8_t)((sd_status[3] & 0x0300U) >> 8U);
2192:Drivers/STM32F4xx_HAL_Driver/Src/stm32f4xx_hal_sd.c ****   }
2193:Drivers/STM32F4xx_HAL_Driver/Src/stm32f4xx_hal_sd.c **** 
2194:Drivers/STM32F4xx_HAL_Driver/Src/stm32f4xx_hal_sd.c ****   /* Set Block Size for Card */
2195:Drivers/STM32F4xx_HAL_Driver/Src/stm32f4xx_hal_sd.c ****   errorstate = SDMMC_CmdBlockLength(hsd->Instance, BLOCKSIZE);
2196:Drivers/STM32F4xx_HAL_Driver/Src/stm32f4xx_hal_sd.c ****   if(errorstate != HAL_SD_ERROR_NONE)
ARM GAS  C:\Users\40918\AppData\Local\Temp\cc5Xi7iV.s 			page 40


2197:Drivers/STM32F4xx_HAL_Driver/Src/stm32f4xx_hal_sd.c ****   {
2198:Drivers/STM32F4xx_HAL_Driver/Src/stm32f4xx_hal_sd.c ****     /* Clear all the static flags */
2199:Drivers/STM32F4xx_HAL_Driver/Src/stm32f4xx_hal_sd.c ****     __HAL_SD_CLEAR_FLAG(hsd, SDIO_STATIC_FLAGS);
2200:Drivers/STM32F4xx_HAL_Driver/Src/stm32f4xx_hal_sd.c ****     hsd->ErrorCode = errorstate;
2201:Drivers/STM32F4xx_HAL_Driver/Src/stm32f4xx_hal_sd.c ****     hsd->State = HAL_SD_STATE_READY;
2202:Drivers/STM32F4xx_HAL_Driver/Src/stm32f4xx_hal_sd.c ****     status = HAL_ERROR;
2203:Drivers/STM32F4xx_HAL_Driver/Src/stm32f4xx_hal_sd.c ****   }
2204:Drivers/STM32F4xx_HAL_Driver/Src/stm32f4xx_hal_sd.c **** 
2205:Drivers/STM32F4xx_HAL_Driver/Src/stm32f4xx_hal_sd.c ****   return status;
2206:Drivers/STM32F4xx_HAL_Driver/Src/stm32f4xx_hal_sd.c **** }
2207:Drivers/STM32F4xx_HAL_Driver/Src/stm32f4xx_hal_sd.c **** 
2208:Drivers/STM32F4xx_HAL_Driver/Src/stm32f4xx_hal_sd.c **** /**
2209:Drivers/STM32F4xx_HAL_Driver/Src/stm32f4xx_hal_sd.c ****   * @brief  Gets the SD card info.
2210:Drivers/STM32F4xx_HAL_Driver/Src/stm32f4xx_hal_sd.c ****   * @param  hsd: Pointer to SD handle
2211:Drivers/STM32F4xx_HAL_Driver/Src/stm32f4xx_hal_sd.c ****   * @param  pCardInfo: Pointer to the HAL_SD_CardInfoTypeDef structure that
2212:Drivers/STM32F4xx_HAL_Driver/Src/stm32f4xx_hal_sd.c ****   *         will contain the SD card status information
2213:Drivers/STM32F4xx_HAL_Driver/Src/stm32f4xx_hal_sd.c ****   * @retval HAL status
2214:Drivers/STM32F4xx_HAL_Driver/Src/stm32f4xx_hal_sd.c ****   */
2215:Drivers/STM32F4xx_HAL_Driver/Src/stm32f4xx_hal_sd.c **** HAL_StatusTypeDef HAL_SD_GetCardInfo(SD_HandleTypeDef *hsd, HAL_SD_CardInfoTypeDef *pCardInfo)
2216:Drivers/STM32F4xx_HAL_Driver/Src/stm32f4xx_hal_sd.c **** {
2217:Drivers/STM32F4xx_HAL_Driver/Src/stm32f4xx_hal_sd.c ****   pCardInfo->CardType     = (uint32_t)(hsd->SdCard.CardType);
2218:Drivers/STM32F4xx_HAL_Driver/Src/stm32f4xx_hal_sd.c ****   pCardInfo->CardVersion  = (uint32_t)(hsd->SdCard.CardVersion);
2219:Drivers/STM32F4xx_HAL_Driver/Src/stm32f4xx_hal_sd.c ****   pCardInfo->Class        = (uint32_t)(hsd->SdCard.Class);
2220:Drivers/STM32F4xx_HAL_Driver/Src/stm32f4xx_hal_sd.c ****   pCardInfo->RelCardAdd   = (uint32_t)(hsd->SdCard.RelCardAdd);
2221:Drivers/STM32F4xx_HAL_Driver/Src/stm32f4xx_hal_sd.c ****   pCardInfo->BlockNbr     = (uint32_t)(hsd->SdCard.BlockNbr);
2222:Drivers/STM32F4xx_HAL_Driver/Src/stm32f4xx_hal_sd.c ****   pCardInfo->BlockSize    = (uint32_t)(hsd->SdCard.BlockSize);
2223:Drivers/STM32F4xx_HAL_Driver/Src/stm32f4xx_hal_sd.c ****   pCardInfo->LogBlockNbr  = (uint32_t)(hsd->SdCard.LogBlockNbr);
2224:Drivers/STM32F4xx_HAL_Driver/Src/stm32f4xx_hal_sd.c ****   pCardInfo->LogBlockSize = (uint32_t)(hsd->SdCard.LogBlockSize);
2225:Drivers/STM32F4xx_HAL_Driver/Src/stm32f4xx_hal_sd.c **** 
2226:Drivers/STM32F4xx_HAL_Driver/Src/stm32f4xx_hal_sd.c ****   return HAL_OK;
2227:Drivers/STM32F4xx_HAL_Driver/Src/stm32f4xx_hal_sd.c **** }
2228:Drivers/STM32F4xx_HAL_Driver/Src/stm32f4xx_hal_sd.c **** 
2229:Drivers/STM32F4xx_HAL_Driver/Src/stm32f4xx_hal_sd.c **** /**
2230:Drivers/STM32F4xx_HAL_Driver/Src/stm32f4xx_hal_sd.c ****   * @brief  Enables wide bus operation for the requested card if supported by
2231:Drivers/STM32F4xx_HAL_Driver/Src/stm32f4xx_hal_sd.c ****   *         card.
2232:Drivers/STM32F4xx_HAL_Driver/Src/stm32f4xx_hal_sd.c ****   * @param  hsd: Pointer to SD handle
2233:Drivers/STM32F4xx_HAL_Driver/Src/stm32f4xx_hal_sd.c ****   * @param  WideMode: Specifies the SD card wide bus mode
2234:Drivers/STM32F4xx_HAL_Driver/Src/stm32f4xx_hal_sd.c ****   *          This parameter can be one of the following values:
2235:Drivers/STM32F4xx_HAL_Driver/Src/stm32f4xx_hal_sd.c ****   *            @arg SDIO_BUS_WIDE_8B: 8-bit data transfer
2236:Drivers/STM32F4xx_HAL_Driver/Src/stm32f4xx_hal_sd.c ****   *            @arg SDIO_BUS_WIDE_4B: 4-bit data transfer
2237:Drivers/STM32F4xx_HAL_Driver/Src/stm32f4xx_hal_sd.c ****   *            @arg SDIO_BUS_WIDE_1B: 1-bit data transfer
2238:Drivers/STM32F4xx_HAL_Driver/Src/stm32f4xx_hal_sd.c ****   * @retval HAL status
2239:Drivers/STM32F4xx_HAL_Driver/Src/stm32f4xx_hal_sd.c ****   */
2240:Drivers/STM32F4xx_HAL_Driver/Src/stm32f4xx_hal_sd.c **** HAL_StatusTypeDef HAL_SD_ConfigWideBusOperation(SD_HandleTypeDef *hsd, uint32_t WideMode)
2241:Drivers/STM32F4xx_HAL_Driver/Src/stm32f4xx_hal_sd.c **** {
2242:Drivers/STM32F4xx_HAL_Driver/Src/stm32f4xx_hal_sd.c ****   SDIO_InitTypeDef Init;
2243:Drivers/STM32F4xx_HAL_Driver/Src/stm32f4xx_hal_sd.c ****   uint32_t errorstate;
2244:Drivers/STM32F4xx_HAL_Driver/Src/stm32f4xx_hal_sd.c ****   HAL_StatusTypeDef status = HAL_OK;
2245:Drivers/STM32F4xx_HAL_Driver/Src/stm32f4xx_hal_sd.c **** 
2246:Drivers/STM32F4xx_HAL_Driver/Src/stm32f4xx_hal_sd.c ****   /* Check the parameters */
2247:Drivers/STM32F4xx_HAL_Driver/Src/stm32f4xx_hal_sd.c ****   assert_param(IS_SDIO_BUS_WIDE(WideMode));
2248:Drivers/STM32F4xx_HAL_Driver/Src/stm32f4xx_hal_sd.c **** 
2249:Drivers/STM32F4xx_HAL_Driver/Src/stm32f4xx_hal_sd.c ****   /* Change State */
2250:Drivers/STM32F4xx_HAL_Driver/Src/stm32f4xx_hal_sd.c ****   hsd->State = HAL_SD_STATE_BUSY;
2251:Drivers/STM32F4xx_HAL_Driver/Src/stm32f4xx_hal_sd.c **** 
2252:Drivers/STM32F4xx_HAL_Driver/Src/stm32f4xx_hal_sd.c ****   if(hsd->SdCard.CardType != CARD_SECURED)
2253:Drivers/STM32F4xx_HAL_Driver/Src/stm32f4xx_hal_sd.c ****   {
ARM GAS  C:\Users\40918\AppData\Local\Temp\cc5Xi7iV.s 			page 41


2254:Drivers/STM32F4xx_HAL_Driver/Src/stm32f4xx_hal_sd.c ****     if(WideMode == SDIO_BUS_WIDE_8B)
2255:Drivers/STM32F4xx_HAL_Driver/Src/stm32f4xx_hal_sd.c ****     {
2256:Drivers/STM32F4xx_HAL_Driver/Src/stm32f4xx_hal_sd.c ****       hsd->ErrorCode |= HAL_SD_ERROR_UNSUPPORTED_FEATURE;
2257:Drivers/STM32F4xx_HAL_Driver/Src/stm32f4xx_hal_sd.c ****     }
2258:Drivers/STM32F4xx_HAL_Driver/Src/stm32f4xx_hal_sd.c ****     else if(WideMode == SDIO_BUS_WIDE_4B)
2259:Drivers/STM32F4xx_HAL_Driver/Src/stm32f4xx_hal_sd.c ****     {
2260:Drivers/STM32F4xx_HAL_Driver/Src/stm32f4xx_hal_sd.c ****       errorstate = SD_WideBus_Enable(hsd);
2261:Drivers/STM32F4xx_HAL_Driver/Src/stm32f4xx_hal_sd.c **** 
2262:Drivers/STM32F4xx_HAL_Driver/Src/stm32f4xx_hal_sd.c ****       hsd->ErrorCode |= errorstate;
2263:Drivers/STM32F4xx_HAL_Driver/Src/stm32f4xx_hal_sd.c ****     }
2264:Drivers/STM32F4xx_HAL_Driver/Src/stm32f4xx_hal_sd.c ****     else if(WideMode == SDIO_BUS_WIDE_1B)
2265:Drivers/STM32F4xx_HAL_Driver/Src/stm32f4xx_hal_sd.c ****     {
2266:Drivers/STM32F4xx_HAL_Driver/Src/stm32f4xx_hal_sd.c ****       errorstate = SD_WideBus_Disable(hsd);
2267:Drivers/STM32F4xx_HAL_Driver/Src/stm32f4xx_hal_sd.c **** 
2268:Drivers/STM32F4xx_HAL_Driver/Src/stm32f4xx_hal_sd.c ****       hsd->ErrorCode |= errorstate;
2269:Drivers/STM32F4xx_HAL_Driver/Src/stm32f4xx_hal_sd.c ****     }
2270:Drivers/STM32F4xx_HAL_Driver/Src/stm32f4xx_hal_sd.c ****     else
2271:Drivers/STM32F4xx_HAL_Driver/Src/stm32f4xx_hal_sd.c ****     {
2272:Drivers/STM32F4xx_HAL_Driver/Src/stm32f4xx_hal_sd.c ****       /* WideMode is not a valid argument*/
2273:Drivers/STM32F4xx_HAL_Driver/Src/stm32f4xx_hal_sd.c ****       hsd->ErrorCode |= HAL_SD_ERROR_PARAM;
2274:Drivers/STM32F4xx_HAL_Driver/Src/stm32f4xx_hal_sd.c ****     }
2275:Drivers/STM32F4xx_HAL_Driver/Src/stm32f4xx_hal_sd.c ****   }
2276:Drivers/STM32F4xx_HAL_Driver/Src/stm32f4xx_hal_sd.c ****   else
2277:Drivers/STM32F4xx_HAL_Driver/Src/stm32f4xx_hal_sd.c ****   {
2278:Drivers/STM32F4xx_HAL_Driver/Src/stm32f4xx_hal_sd.c ****     /* MMC Card does not support this feature */
2279:Drivers/STM32F4xx_HAL_Driver/Src/stm32f4xx_hal_sd.c ****     hsd->ErrorCode |= HAL_SD_ERROR_UNSUPPORTED_FEATURE;
2280:Drivers/STM32F4xx_HAL_Driver/Src/stm32f4xx_hal_sd.c ****   }
2281:Drivers/STM32F4xx_HAL_Driver/Src/stm32f4xx_hal_sd.c **** 
2282:Drivers/STM32F4xx_HAL_Driver/Src/stm32f4xx_hal_sd.c ****   if(hsd->ErrorCode != HAL_SD_ERROR_NONE)
2283:Drivers/STM32F4xx_HAL_Driver/Src/stm32f4xx_hal_sd.c ****   {
2284:Drivers/STM32F4xx_HAL_Driver/Src/stm32f4xx_hal_sd.c ****     /* Clear all the static flags */
2285:Drivers/STM32F4xx_HAL_Driver/Src/stm32f4xx_hal_sd.c ****     __HAL_SD_CLEAR_FLAG(hsd, SDIO_STATIC_FLAGS);
2286:Drivers/STM32F4xx_HAL_Driver/Src/stm32f4xx_hal_sd.c ****     hsd->State = HAL_SD_STATE_READY;
2287:Drivers/STM32F4xx_HAL_Driver/Src/stm32f4xx_hal_sd.c ****     status = HAL_ERROR;
2288:Drivers/STM32F4xx_HAL_Driver/Src/stm32f4xx_hal_sd.c ****   }
2289:Drivers/STM32F4xx_HAL_Driver/Src/stm32f4xx_hal_sd.c ****   else
2290:Drivers/STM32F4xx_HAL_Driver/Src/stm32f4xx_hal_sd.c ****   {
2291:Drivers/STM32F4xx_HAL_Driver/Src/stm32f4xx_hal_sd.c ****     /* Configure the SDIO peripheral */
2292:Drivers/STM32F4xx_HAL_Driver/Src/stm32f4xx_hal_sd.c ****     Init.ClockEdge           = hsd->Init.ClockEdge;
2293:Drivers/STM32F4xx_HAL_Driver/Src/stm32f4xx_hal_sd.c ****     Init.ClockBypass         = hsd->Init.ClockBypass;
2294:Drivers/STM32F4xx_HAL_Driver/Src/stm32f4xx_hal_sd.c ****     Init.ClockPowerSave      = hsd->Init.ClockPowerSave;
2295:Drivers/STM32F4xx_HAL_Driver/Src/stm32f4xx_hal_sd.c ****     Init.BusWide             = WideMode;
2296:Drivers/STM32F4xx_HAL_Driver/Src/stm32f4xx_hal_sd.c ****     Init.HardwareFlowControl = hsd->Init.HardwareFlowControl;
2297:Drivers/STM32F4xx_HAL_Driver/Src/stm32f4xx_hal_sd.c ****     Init.ClockDiv            = hsd->Init.ClockDiv;
2298:Drivers/STM32F4xx_HAL_Driver/Src/stm32f4xx_hal_sd.c ****     (void)SDIO_Init(hsd->Instance, Init);
2299:Drivers/STM32F4xx_HAL_Driver/Src/stm32f4xx_hal_sd.c ****   }
2300:Drivers/STM32F4xx_HAL_Driver/Src/stm32f4xx_hal_sd.c **** 
2301:Drivers/STM32F4xx_HAL_Driver/Src/stm32f4xx_hal_sd.c ****   /* Set Block Size for Card */
2302:Drivers/STM32F4xx_HAL_Driver/Src/stm32f4xx_hal_sd.c ****   errorstate = SDMMC_CmdBlockLength(hsd->Instance, BLOCKSIZE);
2303:Drivers/STM32F4xx_HAL_Driver/Src/stm32f4xx_hal_sd.c ****   if(errorstate != HAL_SD_ERROR_NONE)
2304:Drivers/STM32F4xx_HAL_Driver/Src/stm32f4xx_hal_sd.c ****   {
2305:Drivers/STM32F4xx_HAL_Driver/Src/stm32f4xx_hal_sd.c ****     /* Clear all the static flags */
2306:Drivers/STM32F4xx_HAL_Driver/Src/stm32f4xx_hal_sd.c ****     __HAL_SD_CLEAR_FLAG(hsd, SDIO_STATIC_FLAGS);
2307:Drivers/STM32F4xx_HAL_Driver/Src/stm32f4xx_hal_sd.c ****     hsd->ErrorCode |= errorstate;
2308:Drivers/STM32F4xx_HAL_Driver/Src/stm32f4xx_hal_sd.c ****     status = HAL_ERROR;
2309:Drivers/STM32F4xx_HAL_Driver/Src/stm32f4xx_hal_sd.c ****   }
2310:Drivers/STM32F4xx_HAL_Driver/Src/stm32f4xx_hal_sd.c **** 
ARM GAS  C:\Users\40918\AppData\Local\Temp\cc5Xi7iV.s 			page 42


2311:Drivers/STM32F4xx_HAL_Driver/Src/stm32f4xx_hal_sd.c ****   /* Change State */
2312:Drivers/STM32F4xx_HAL_Driver/Src/stm32f4xx_hal_sd.c ****   hsd->State = HAL_SD_STATE_READY;
2313:Drivers/STM32F4xx_HAL_Driver/Src/stm32f4xx_hal_sd.c **** 
2314:Drivers/STM32F4xx_HAL_Driver/Src/stm32f4xx_hal_sd.c ****   return status;
2315:Drivers/STM32F4xx_HAL_Driver/Src/stm32f4xx_hal_sd.c **** }
2316:Drivers/STM32F4xx_HAL_Driver/Src/stm32f4xx_hal_sd.c **** 
2317:Drivers/STM32F4xx_HAL_Driver/Src/stm32f4xx_hal_sd.c **** /**
2318:Drivers/STM32F4xx_HAL_Driver/Src/stm32f4xx_hal_sd.c ****   * @brief  Gets the current sd card data state.
2319:Drivers/STM32F4xx_HAL_Driver/Src/stm32f4xx_hal_sd.c ****   * @param  hsd: pointer to SD handle
2320:Drivers/STM32F4xx_HAL_Driver/Src/stm32f4xx_hal_sd.c ****   * @retval Card state
2321:Drivers/STM32F4xx_HAL_Driver/Src/stm32f4xx_hal_sd.c ****   */
2322:Drivers/STM32F4xx_HAL_Driver/Src/stm32f4xx_hal_sd.c **** HAL_SD_CardStateTypeDef HAL_SD_GetCardState(SD_HandleTypeDef *hsd)
2323:Drivers/STM32F4xx_HAL_Driver/Src/stm32f4xx_hal_sd.c **** {
2324:Drivers/STM32F4xx_HAL_Driver/Src/stm32f4xx_hal_sd.c ****   uint32_t cardstate;
2325:Drivers/STM32F4xx_HAL_Driver/Src/stm32f4xx_hal_sd.c ****   uint32_t errorstate;
2326:Drivers/STM32F4xx_HAL_Driver/Src/stm32f4xx_hal_sd.c ****   uint32_t resp1 = 0;
2327:Drivers/STM32F4xx_HAL_Driver/Src/stm32f4xx_hal_sd.c **** 
2328:Drivers/STM32F4xx_HAL_Driver/Src/stm32f4xx_hal_sd.c ****   errorstate = SD_SendStatus(hsd, &resp1);
2329:Drivers/STM32F4xx_HAL_Driver/Src/stm32f4xx_hal_sd.c ****   if(errorstate != HAL_SD_ERROR_NONE)
2330:Drivers/STM32F4xx_HAL_Driver/Src/stm32f4xx_hal_sd.c ****   {
2331:Drivers/STM32F4xx_HAL_Driver/Src/stm32f4xx_hal_sd.c ****     hsd->ErrorCode |= errorstate;
2332:Drivers/STM32F4xx_HAL_Driver/Src/stm32f4xx_hal_sd.c ****   }
2333:Drivers/STM32F4xx_HAL_Driver/Src/stm32f4xx_hal_sd.c **** 
2334:Drivers/STM32F4xx_HAL_Driver/Src/stm32f4xx_hal_sd.c ****   cardstate = ((resp1 >> 9U) & 0x0FU);
2335:Drivers/STM32F4xx_HAL_Driver/Src/stm32f4xx_hal_sd.c **** 
2336:Drivers/STM32F4xx_HAL_Driver/Src/stm32f4xx_hal_sd.c ****   return (HAL_SD_CardStateTypeDef)cardstate;
2337:Drivers/STM32F4xx_HAL_Driver/Src/stm32f4xx_hal_sd.c **** }
2338:Drivers/STM32F4xx_HAL_Driver/Src/stm32f4xx_hal_sd.c **** 
2339:Drivers/STM32F4xx_HAL_Driver/Src/stm32f4xx_hal_sd.c **** /**
2340:Drivers/STM32F4xx_HAL_Driver/Src/stm32f4xx_hal_sd.c ****   * @brief  Abort the current transfer and disable the SD.
2341:Drivers/STM32F4xx_HAL_Driver/Src/stm32f4xx_hal_sd.c ****   * @param  hsd: pointer to a SD_HandleTypeDef structure that contains
2342:Drivers/STM32F4xx_HAL_Driver/Src/stm32f4xx_hal_sd.c ****   *                the configuration information for SD module.
2343:Drivers/STM32F4xx_HAL_Driver/Src/stm32f4xx_hal_sd.c ****   * @retval HAL status
2344:Drivers/STM32F4xx_HAL_Driver/Src/stm32f4xx_hal_sd.c ****   */
2345:Drivers/STM32F4xx_HAL_Driver/Src/stm32f4xx_hal_sd.c **** HAL_StatusTypeDef HAL_SD_Abort(SD_HandleTypeDef *hsd)
2346:Drivers/STM32F4xx_HAL_Driver/Src/stm32f4xx_hal_sd.c **** {
2347:Drivers/STM32F4xx_HAL_Driver/Src/stm32f4xx_hal_sd.c ****   HAL_SD_CardStateTypeDef CardState;
2348:Drivers/STM32F4xx_HAL_Driver/Src/stm32f4xx_hal_sd.c ****   uint32_t context = hsd->Context;
2349:Drivers/STM32F4xx_HAL_Driver/Src/stm32f4xx_hal_sd.c **** 
2350:Drivers/STM32F4xx_HAL_Driver/Src/stm32f4xx_hal_sd.c ****   /* DIsable All interrupts */
2351:Drivers/STM32F4xx_HAL_Driver/Src/stm32f4xx_hal_sd.c ****   __HAL_SD_DISABLE_IT(hsd, SDIO_IT_DATAEND | SDIO_IT_DCRCFAIL | SDIO_IT_DTIMEOUT|\
2352:Drivers/STM32F4xx_HAL_Driver/Src/stm32f4xx_hal_sd.c ****                            SDIO_IT_TXUNDERR| SDIO_IT_RXOVERR);
2353:Drivers/STM32F4xx_HAL_Driver/Src/stm32f4xx_hal_sd.c **** 
2354:Drivers/STM32F4xx_HAL_Driver/Src/stm32f4xx_hal_sd.c ****   /* Clear All flags */
2355:Drivers/STM32F4xx_HAL_Driver/Src/stm32f4xx_hal_sd.c ****   __HAL_SD_CLEAR_FLAG(hsd, SDIO_STATIC_DATA_FLAGS);
2356:Drivers/STM32F4xx_HAL_Driver/Src/stm32f4xx_hal_sd.c **** 
2357:Drivers/STM32F4xx_HAL_Driver/Src/stm32f4xx_hal_sd.c ****   CLEAR_BIT(hsd->Instance->DCTRL, SDIO_DCTRL_DTEN);
2358:Drivers/STM32F4xx_HAL_Driver/Src/stm32f4xx_hal_sd.c **** 
2359:Drivers/STM32F4xx_HAL_Driver/Src/stm32f4xx_hal_sd.c ****   if ((context & SD_CONTEXT_DMA) != 0U)
2360:Drivers/STM32F4xx_HAL_Driver/Src/stm32f4xx_hal_sd.c ****   {
2361:Drivers/STM32F4xx_HAL_Driver/Src/stm32f4xx_hal_sd.c ****     /* Disable the SD DMA request */
2362:Drivers/STM32F4xx_HAL_Driver/Src/stm32f4xx_hal_sd.c ****     hsd->Instance->DCTRL &= (uint32_t)~((uint32_t)SDIO_DCTRL_DMAEN);
2363:Drivers/STM32F4xx_HAL_Driver/Src/stm32f4xx_hal_sd.c **** 
2364:Drivers/STM32F4xx_HAL_Driver/Src/stm32f4xx_hal_sd.c ****     /* Abort the SD DMA Tx channel */
2365:Drivers/STM32F4xx_HAL_Driver/Src/stm32f4xx_hal_sd.c ****     if (((context & SD_CONTEXT_WRITE_SINGLE_BLOCK) != 0U) || ((context & SD_CONTEXT_WRITE_MULTIPLE_
2366:Drivers/STM32F4xx_HAL_Driver/Src/stm32f4xx_hal_sd.c ****     {
2367:Drivers/STM32F4xx_HAL_Driver/Src/stm32f4xx_hal_sd.c ****       if(HAL_DMA_Abort(hsd->hdmatx) != HAL_OK)
ARM GAS  C:\Users\40918\AppData\Local\Temp\cc5Xi7iV.s 			page 43


2368:Drivers/STM32F4xx_HAL_Driver/Src/stm32f4xx_hal_sd.c ****       {
2369:Drivers/STM32F4xx_HAL_Driver/Src/stm32f4xx_hal_sd.c ****         hsd->ErrorCode |= HAL_SD_ERROR_DMA;
2370:Drivers/STM32F4xx_HAL_Driver/Src/stm32f4xx_hal_sd.c ****       }
2371:Drivers/STM32F4xx_HAL_Driver/Src/stm32f4xx_hal_sd.c ****     }
2372:Drivers/STM32F4xx_HAL_Driver/Src/stm32f4xx_hal_sd.c ****     /* Abort the SD DMA Rx channel */
2373:Drivers/STM32F4xx_HAL_Driver/Src/stm32f4xx_hal_sd.c ****     else if (((context & SD_CONTEXT_READ_SINGLE_BLOCK) != 0U) || ((context & SD_CONTEXT_READ_MULTIP
2374:Drivers/STM32F4xx_HAL_Driver/Src/stm32f4xx_hal_sd.c ****     {
2375:Drivers/STM32F4xx_HAL_Driver/Src/stm32f4xx_hal_sd.c ****       if(HAL_DMA_Abort(hsd->hdmarx) != HAL_OK)
2376:Drivers/STM32F4xx_HAL_Driver/Src/stm32f4xx_hal_sd.c ****       {
2377:Drivers/STM32F4xx_HAL_Driver/Src/stm32f4xx_hal_sd.c ****         hsd->ErrorCode |= HAL_SD_ERROR_DMA;
2378:Drivers/STM32F4xx_HAL_Driver/Src/stm32f4xx_hal_sd.c ****       }
2379:Drivers/STM32F4xx_HAL_Driver/Src/stm32f4xx_hal_sd.c ****     }
2380:Drivers/STM32F4xx_HAL_Driver/Src/stm32f4xx_hal_sd.c ****     else
2381:Drivers/STM32F4xx_HAL_Driver/Src/stm32f4xx_hal_sd.c ****     {
2382:Drivers/STM32F4xx_HAL_Driver/Src/stm32f4xx_hal_sd.c ****       /* Nothing to do */
2383:Drivers/STM32F4xx_HAL_Driver/Src/stm32f4xx_hal_sd.c ****     }
2384:Drivers/STM32F4xx_HAL_Driver/Src/stm32f4xx_hal_sd.c ****   }
2385:Drivers/STM32F4xx_HAL_Driver/Src/stm32f4xx_hal_sd.c **** 
2386:Drivers/STM32F4xx_HAL_Driver/Src/stm32f4xx_hal_sd.c ****   hsd->State = HAL_SD_STATE_READY;
2387:Drivers/STM32F4xx_HAL_Driver/Src/stm32f4xx_hal_sd.c **** 
2388:Drivers/STM32F4xx_HAL_Driver/Src/stm32f4xx_hal_sd.c ****   /* Initialize the SD operation */
2389:Drivers/STM32F4xx_HAL_Driver/Src/stm32f4xx_hal_sd.c ****   hsd->Context = SD_CONTEXT_NONE;
2390:Drivers/STM32F4xx_HAL_Driver/Src/stm32f4xx_hal_sd.c **** 
2391:Drivers/STM32F4xx_HAL_Driver/Src/stm32f4xx_hal_sd.c ****   CardState = HAL_SD_GetCardState(hsd);
2392:Drivers/STM32F4xx_HAL_Driver/Src/stm32f4xx_hal_sd.c ****   if((CardState == HAL_SD_CARD_RECEIVING) || (CardState == HAL_SD_CARD_SENDING))
2393:Drivers/STM32F4xx_HAL_Driver/Src/stm32f4xx_hal_sd.c ****   {
2394:Drivers/STM32F4xx_HAL_Driver/Src/stm32f4xx_hal_sd.c ****     hsd->ErrorCode = SDMMC_CmdStopTransfer(hsd->Instance);
2395:Drivers/STM32F4xx_HAL_Driver/Src/stm32f4xx_hal_sd.c ****   }
2396:Drivers/STM32F4xx_HAL_Driver/Src/stm32f4xx_hal_sd.c ****   if(hsd->ErrorCode != HAL_SD_ERROR_NONE)
2397:Drivers/STM32F4xx_HAL_Driver/Src/stm32f4xx_hal_sd.c ****   {
2398:Drivers/STM32F4xx_HAL_Driver/Src/stm32f4xx_hal_sd.c ****     return HAL_ERROR;
2399:Drivers/STM32F4xx_HAL_Driver/Src/stm32f4xx_hal_sd.c ****   }
2400:Drivers/STM32F4xx_HAL_Driver/Src/stm32f4xx_hal_sd.c ****   return HAL_OK;
2401:Drivers/STM32F4xx_HAL_Driver/Src/stm32f4xx_hal_sd.c **** }
2402:Drivers/STM32F4xx_HAL_Driver/Src/stm32f4xx_hal_sd.c **** 
2403:Drivers/STM32F4xx_HAL_Driver/Src/stm32f4xx_hal_sd.c **** /**
2404:Drivers/STM32F4xx_HAL_Driver/Src/stm32f4xx_hal_sd.c ****   * @brief  Abort the current transfer and disable the SD (IT mode).
2405:Drivers/STM32F4xx_HAL_Driver/Src/stm32f4xx_hal_sd.c ****   * @param  hsd: pointer to a SD_HandleTypeDef structure that contains
2406:Drivers/STM32F4xx_HAL_Driver/Src/stm32f4xx_hal_sd.c ****   *                the configuration information for SD module.
2407:Drivers/STM32F4xx_HAL_Driver/Src/stm32f4xx_hal_sd.c ****   * @retval HAL status
2408:Drivers/STM32F4xx_HAL_Driver/Src/stm32f4xx_hal_sd.c ****   */
2409:Drivers/STM32F4xx_HAL_Driver/Src/stm32f4xx_hal_sd.c **** HAL_StatusTypeDef HAL_SD_Abort_IT(SD_HandleTypeDef *hsd)
2410:Drivers/STM32F4xx_HAL_Driver/Src/stm32f4xx_hal_sd.c **** {
2411:Drivers/STM32F4xx_HAL_Driver/Src/stm32f4xx_hal_sd.c ****   HAL_SD_CardStateTypeDef CardState;
2412:Drivers/STM32F4xx_HAL_Driver/Src/stm32f4xx_hal_sd.c ****   uint32_t context = hsd->Context;
2413:Drivers/STM32F4xx_HAL_Driver/Src/stm32f4xx_hal_sd.c **** 
2414:Drivers/STM32F4xx_HAL_Driver/Src/stm32f4xx_hal_sd.c ****   /* Disable All interrupts */
2415:Drivers/STM32F4xx_HAL_Driver/Src/stm32f4xx_hal_sd.c ****   __HAL_SD_DISABLE_IT(hsd, SDIO_IT_DATAEND | SDIO_IT_DCRCFAIL | SDIO_IT_DTIMEOUT|\
2416:Drivers/STM32F4xx_HAL_Driver/Src/stm32f4xx_hal_sd.c ****                            SDIO_IT_TXUNDERR| SDIO_IT_RXOVERR);
2417:Drivers/STM32F4xx_HAL_Driver/Src/stm32f4xx_hal_sd.c **** 
2418:Drivers/STM32F4xx_HAL_Driver/Src/stm32f4xx_hal_sd.c ****   CLEAR_BIT(hsd->Instance->DCTRL, SDIO_DCTRL_DTEN);
2419:Drivers/STM32F4xx_HAL_Driver/Src/stm32f4xx_hal_sd.c **** 
2420:Drivers/STM32F4xx_HAL_Driver/Src/stm32f4xx_hal_sd.c ****   if ((context & SD_CONTEXT_DMA) != 0U)
2421:Drivers/STM32F4xx_HAL_Driver/Src/stm32f4xx_hal_sd.c ****   {
2422:Drivers/STM32F4xx_HAL_Driver/Src/stm32f4xx_hal_sd.c ****     /* Disable the SD DMA request */
2423:Drivers/STM32F4xx_HAL_Driver/Src/stm32f4xx_hal_sd.c ****     hsd->Instance->DCTRL &= (uint32_t)~((uint32_t)SDIO_DCTRL_DMAEN);
2424:Drivers/STM32F4xx_HAL_Driver/Src/stm32f4xx_hal_sd.c **** 
ARM GAS  C:\Users\40918\AppData\Local\Temp\cc5Xi7iV.s 			page 44


2425:Drivers/STM32F4xx_HAL_Driver/Src/stm32f4xx_hal_sd.c ****     /* Abort the SD DMA Tx channel */
2426:Drivers/STM32F4xx_HAL_Driver/Src/stm32f4xx_hal_sd.c ****     if (((context & SD_CONTEXT_WRITE_SINGLE_BLOCK) != 0U) || ((context & SD_CONTEXT_WRITE_MULTIPLE_
2427:Drivers/STM32F4xx_HAL_Driver/Src/stm32f4xx_hal_sd.c ****     {
2428:Drivers/STM32F4xx_HAL_Driver/Src/stm32f4xx_hal_sd.c ****       hsd->hdmatx->XferAbortCallback = SD_DMATxAbort;
2429:Drivers/STM32F4xx_HAL_Driver/Src/stm32f4xx_hal_sd.c ****       if(HAL_DMA_Abort_IT(hsd->hdmatx) != HAL_OK)
2430:Drivers/STM32F4xx_HAL_Driver/Src/stm32f4xx_hal_sd.c ****       {
2431:Drivers/STM32F4xx_HAL_Driver/Src/stm32f4xx_hal_sd.c ****         hsd->hdmatx = NULL;
2432:Drivers/STM32F4xx_HAL_Driver/Src/stm32f4xx_hal_sd.c ****       }
2433:Drivers/STM32F4xx_HAL_Driver/Src/stm32f4xx_hal_sd.c ****     }
2434:Drivers/STM32F4xx_HAL_Driver/Src/stm32f4xx_hal_sd.c ****     /* Abort the SD DMA Rx channel */
2435:Drivers/STM32F4xx_HAL_Driver/Src/stm32f4xx_hal_sd.c ****     else if (((context & SD_CONTEXT_READ_SINGLE_BLOCK) != 0U) || ((context & SD_CONTEXT_READ_MULTIP
2436:Drivers/STM32F4xx_HAL_Driver/Src/stm32f4xx_hal_sd.c ****     {
2437:Drivers/STM32F4xx_HAL_Driver/Src/stm32f4xx_hal_sd.c ****       hsd->hdmarx->XferAbortCallback = SD_DMARxAbort;
2438:Drivers/STM32F4xx_HAL_Driver/Src/stm32f4xx_hal_sd.c ****       if(HAL_DMA_Abort_IT(hsd->hdmarx) != HAL_OK)
2439:Drivers/STM32F4xx_HAL_Driver/Src/stm32f4xx_hal_sd.c ****       {
2440:Drivers/STM32F4xx_HAL_Driver/Src/stm32f4xx_hal_sd.c ****         hsd->hdmarx = NULL;
2441:Drivers/STM32F4xx_HAL_Driver/Src/stm32f4xx_hal_sd.c ****       }
2442:Drivers/STM32F4xx_HAL_Driver/Src/stm32f4xx_hal_sd.c ****     }
2443:Drivers/STM32F4xx_HAL_Driver/Src/stm32f4xx_hal_sd.c ****     else
2444:Drivers/STM32F4xx_HAL_Driver/Src/stm32f4xx_hal_sd.c ****     {
2445:Drivers/STM32F4xx_HAL_Driver/Src/stm32f4xx_hal_sd.c ****       /* Nothing to do */
2446:Drivers/STM32F4xx_HAL_Driver/Src/stm32f4xx_hal_sd.c ****     }
2447:Drivers/STM32F4xx_HAL_Driver/Src/stm32f4xx_hal_sd.c ****   }
2448:Drivers/STM32F4xx_HAL_Driver/Src/stm32f4xx_hal_sd.c ****   /* No transfer ongoing on both DMA channels*/
2449:Drivers/STM32F4xx_HAL_Driver/Src/stm32f4xx_hal_sd.c ****   else
2450:Drivers/STM32F4xx_HAL_Driver/Src/stm32f4xx_hal_sd.c ****   {
2451:Drivers/STM32F4xx_HAL_Driver/Src/stm32f4xx_hal_sd.c ****     /* Clear All flags */
2452:Drivers/STM32F4xx_HAL_Driver/Src/stm32f4xx_hal_sd.c ****     __HAL_SD_CLEAR_FLAG(hsd, SDIO_STATIC_DATA_FLAGS);
2453:Drivers/STM32F4xx_HAL_Driver/Src/stm32f4xx_hal_sd.c **** 
2454:Drivers/STM32F4xx_HAL_Driver/Src/stm32f4xx_hal_sd.c ****     CardState = HAL_SD_GetCardState(hsd);
2455:Drivers/STM32F4xx_HAL_Driver/Src/stm32f4xx_hal_sd.c ****     hsd->State = HAL_SD_STATE_READY;
2456:Drivers/STM32F4xx_HAL_Driver/Src/stm32f4xx_hal_sd.c ****     hsd->Context = SD_CONTEXT_NONE;
2457:Drivers/STM32F4xx_HAL_Driver/Src/stm32f4xx_hal_sd.c ****     if((CardState == HAL_SD_CARD_RECEIVING) || (CardState == HAL_SD_CARD_SENDING))
2458:Drivers/STM32F4xx_HAL_Driver/Src/stm32f4xx_hal_sd.c ****     {
2459:Drivers/STM32F4xx_HAL_Driver/Src/stm32f4xx_hal_sd.c ****       hsd->ErrorCode = SDMMC_CmdStopTransfer(hsd->Instance);
2460:Drivers/STM32F4xx_HAL_Driver/Src/stm32f4xx_hal_sd.c ****     }
2461:Drivers/STM32F4xx_HAL_Driver/Src/stm32f4xx_hal_sd.c ****     if(hsd->ErrorCode != HAL_SD_ERROR_NONE)
2462:Drivers/STM32F4xx_HAL_Driver/Src/stm32f4xx_hal_sd.c ****     {
2463:Drivers/STM32F4xx_HAL_Driver/Src/stm32f4xx_hal_sd.c ****       return HAL_ERROR;
2464:Drivers/STM32F4xx_HAL_Driver/Src/stm32f4xx_hal_sd.c ****     }
2465:Drivers/STM32F4xx_HAL_Driver/Src/stm32f4xx_hal_sd.c ****     else
2466:Drivers/STM32F4xx_HAL_Driver/Src/stm32f4xx_hal_sd.c ****     {
2467:Drivers/STM32F4xx_HAL_Driver/Src/stm32f4xx_hal_sd.c **** #if defined (USE_HAL_SD_REGISTER_CALLBACKS) && (USE_HAL_SD_REGISTER_CALLBACKS == 1U)
2468:Drivers/STM32F4xx_HAL_Driver/Src/stm32f4xx_hal_sd.c ****       hsd->AbortCpltCallback(hsd);
2469:Drivers/STM32F4xx_HAL_Driver/Src/stm32f4xx_hal_sd.c **** #else
2470:Drivers/STM32F4xx_HAL_Driver/Src/stm32f4xx_hal_sd.c ****       HAL_SD_AbortCallback(hsd);
2471:Drivers/STM32F4xx_HAL_Driver/Src/stm32f4xx_hal_sd.c **** #endif /* USE_HAL_SD_REGISTER_CALLBACKS */
2472:Drivers/STM32F4xx_HAL_Driver/Src/stm32f4xx_hal_sd.c ****     }
2473:Drivers/STM32F4xx_HAL_Driver/Src/stm32f4xx_hal_sd.c ****   }
2474:Drivers/STM32F4xx_HAL_Driver/Src/stm32f4xx_hal_sd.c **** 
2475:Drivers/STM32F4xx_HAL_Driver/Src/stm32f4xx_hal_sd.c ****   return HAL_OK;
2476:Drivers/STM32F4xx_HAL_Driver/Src/stm32f4xx_hal_sd.c **** }
2477:Drivers/STM32F4xx_HAL_Driver/Src/stm32f4xx_hal_sd.c **** 
2478:Drivers/STM32F4xx_HAL_Driver/Src/stm32f4xx_hal_sd.c **** /**
2479:Drivers/STM32F4xx_HAL_Driver/Src/stm32f4xx_hal_sd.c ****   * @}
2480:Drivers/STM32F4xx_HAL_Driver/Src/stm32f4xx_hal_sd.c ****   */
2481:Drivers/STM32F4xx_HAL_Driver/Src/stm32f4xx_hal_sd.c **** 
ARM GAS  C:\Users\40918\AppData\Local\Temp\cc5Xi7iV.s 			page 45


2482:Drivers/STM32F4xx_HAL_Driver/Src/stm32f4xx_hal_sd.c **** /**
2483:Drivers/STM32F4xx_HAL_Driver/Src/stm32f4xx_hal_sd.c ****   * @}
2484:Drivers/STM32F4xx_HAL_Driver/Src/stm32f4xx_hal_sd.c ****   */
2485:Drivers/STM32F4xx_HAL_Driver/Src/stm32f4xx_hal_sd.c **** 
2486:Drivers/STM32F4xx_HAL_Driver/Src/stm32f4xx_hal_sd.c **** /* Private function ----------------------------------------------------------*/
2487:Drivers/STM32F4xx_HAL_Driver/Src/stm32f4xx_hal_sd.c **** /** @addtogroup SD_Private_Functions
2488:Drivers/STM32F4xx_HAL_Driver/Src/stm32f4xx_hal_sd.c ****   * @{
2489:Drivers/STM32F4xx_HAL_Driver/Src/stm32f4xx_hal_sd.c ****   */
2490:Drivers/STM32F4xx_HAL_Driver/Src/stm32f4xx_hal_sd.c **** 
2491:Drivers/STM32F4xx_HAL_Driver/Src/stm32f4xx_hal_sd.c **** /**
2492:Drivers/STM32F4xx_HAL_Driver/Src/stm32f4xx_hal_sd.c ****   * @brief  DMA SD transmit process complete callback
2493:Drivers/STM32F4xx_HAL_Driver/Src/stm32f4xx_hal_sd.c ****   * @param  hdma: DMA handle
2494:Drivers/STM32F4xx_HAL_Driver/Src/stm32f4xx_hal_sd.c ****   * @retval None
2495:Drivers/STM32F4xx_HAL_Driver/Src/stm32f4xx_hal_sd.c ****   */
2496:Drivers/STM32F4xx_HAL_Driver/Src/stm32f4xx_hal_sd.c **** static void SD_DMATransmitCplt(DMA_HandleTypeDef *hdma)
2497:Drivers/STM32F4xx_HAL_Driver/Src/stm32f4xx_hal_sd.c **** {
  29              		.loc 1 2497 1 view -0
  30              		.cfi_startproc
  31              		@ args = 0, pretend = 0, frame = 0
  32              		@ frame_needed = 0, uses_anonymous_args = 0
  33              		@ link register save eliminated.
2498:Drivers/STM32F4xx_HAL_Driver/Src/stm32f4xx_hal_sd.c ****   SD_HandleTypeDef* hsd = (SD_HandleTypeDef* )(hdma->Parent);
  34              		.loc 1 2498 3 view .LVU1
  35              		.loc 1 2498 21 is_stmt 0 view .LVU2
  36 0000 836B     		ldr	r3, [r0, #56]
  37              	.LVL1:
2499:Drivers/STM32F4xx_HAL_Driver/Src/stm32f4xx_hal_sd.c **** 
2500:Drivers/STM32F4xx_HAL_Driver/Src/stm32f4xx_hal_sd.c ****   /* Enable DATAEND Interrupt */
2501:Drivers/STM32F4xx_HAL_Driver/Src/stm32f4xx_hal_sd.c ****   __HAL_SD_ENABLE_IT(hsd, (SDIO_IT_DATAEND));
  38              		.loc 1 2501 3 is_stmt 1 view .LVU3
  39 0002 1A68     		ldr	r2, [r3]
  40 0004 D36B     		ldr	r3, [r2, #60]
  41              	.LVL2:
  42              		.loc 1 2501 3 is_stmt 0 view .LVU4
  43 0006 43F48073 		orr	r3, r3, #256
  44 000a D363     		str	r3, [r2, #60]
  45              	.LVL3:
2502:Drivers/STM32F4xx_HAL_Driver/Src/stm32f4xx_hal_sd.c **** }
  46              		.loc 1 2502 1 view .LVU5
  47 000c 7047     		bx	lr
  48              		.cfi_endproc
  49              	.LFE266:
  51              		.section	.text.SD_PowerON,"ax",%progbits
  52              		.align	1
  53              		.syntax unified
  54              		.thumb
  55              		.thumb_func
  57              	SD_PowerON:
  58              	.LVL4:
  59              	.LFB272:
2503:Drivers/STM32F4xx_HAL_Driver/Src/stm32f4xx_hal_sd.c **** 
2504:Drivers/STM32F4xx_HAL_Driver/Src/stm32f4xx_hal_sd.c **** /**
2505:Drivers/STM32F4xx_HAL_Driver/Src/stm32f4xx_hal_sd.c ****   * @brief  DMA SD receive process complete callback
2506:Drivers/STM32F4xx_HAL_Driver/Src/stm32f4xx_hal_sd.c ****   * @param  hdma: DMA handle
2507:Drivers/STM32F4xx_HAL_Driver/Src/stm32f4xx_hal_sd.c ****   * @retval None
2508:Drivers/STM32F4xx_HAL_Driver/Src/stm32f4xx_hal_sd.c ****   */
2509:Drivers/STM32F4xx_HAL_Driver/Src/stm32f4xx_hal_sd.c **** static void SD_DMAReceiveCplt(DMA_HandleTypeDef *hdma)
ARM GAS  C:\Users\40918\AppData\Local\Temp\cc5Xi7iV.s 			page 46


2510:Drivers/STM32F4xx_HAL_Driver/Src/stm32f4xx_hal_sd.c **** {
2511:Drivers/STM32F4xx_HAL_Driver/Src/stm32f4xx_hal_sd.c ****   SD_HandleTypeDef* hsd = (SD_HandleTypeDef* )(hdma->Parent);
2512:Drivers/STM32F4xx_HAL_Driver/Src/stm32f4xx_hal_sd.c ****   uint32_t errorstate;
2513:Drivers/STM32F4xx_HAL_Driver/Src/stm32f4xx_hal_sd.c **** 
2514:Drivers/STM32F4xx_HAL_Driver/Src/stm32f4xx_hal_sd.c ****   /* Send stop command in multiblock write */
2515:Drivers/STM32F4xx_HAL_Driver/Src/stm32f4xx_hal_sd.c ****   if(hsd->Context == (SD_CONTEXT_READ_MULTIPLE_BLOCK | SD_CONTEXT_DMA))
2516:Drivers/STM32F4xx_HAL_Driver/Src/stm32f4xx_hal_sd.c ****   {
2517:Drivers/STM32F4xx_HAL_Driver/Src/stm32f4xx_hal_sd.c ****     errorstate = SDMMC_CmdStopTransfer(hsd->Instance);
2518:Drivers/STM32F4xx_HAL_Driver/Src/stm32f4xx_hal_sd.c ****     if(errorstate != HAL_SD_ERROR_NONE)
2519:Drivers/STM32F4xx_HAL_Driver/Src/stm32f4xx_hal_sd.c ****     {
2520:Drivers/STM32F4xx_HAL_Driver/Src/stm32f4xx_hal_sd.c ****       hsd->ErrorCode |= errorstate;
2521:Drivers/STM32F4xx_HAL_Driver/Src/stm32f4xx_hal_sd.c **** #if (USE_HAL_SD_REGISTER_CALLBACKS == 1)
2522:Drivers/STM32F4xx_HAL_Driver/Src/stm32f4xx_hal_sd.c ****       hsd->ErrorCallback(hsd);
2523:Drivers/STM32F4xx_HAL_Driver/Src/stm32f4xx_hal_sd.c **** #else
2524:Drivers/STM32F4xx_HAL_Driver/Src/stm32f4xx_hal_sd.c ****       HAL_SD_ErrorCallback(hsd);
2525:Drivers/STM32F4xx_HAL_Driver/Src/stm32f4xx_hal_sd.c **** #endif
2526:Drivers/STM32F4xx_HAL_Driver/Src/stm32f4xx_hal_sd.c ****     }
2527:Drivers/STM32F4xx_HAL_Driver/Src/stm32f4xx_hal_sd.c ****   }
2528:Drivers/STM32F4xx_HAL_Driver/Src/stm32f4xx_hal_sd.c **** 
2529:Drivers/STM32F4xx_HAL_Driver/Src/stm32f4xx_hal_sd.c ****   /* Disable the DMA transfer for transmit request by setting the DMAEN bit
2530:Drivers/STM32F4xx_HAL_Driver/Src/stm32f4xx_hal_sd.c ****   in the SD DCTRL register */
2531:Drivers/STM32F4xx_HAL_Driver/Src/stm32f4xx_hal_sd.c ****   hsd->Instance->DCTRL &= (uint32_t)~((uint32_t)SDIO_DCTRL_DMAEN);
2532:Drivers/STM32F4xx_HAL_Driver/Src/stm32f4xx_hal_sd.c **** 
2533:Drivers/STM32F4xx_HAL_Driver/Src/stm32f4xx_hal_sd.c ****   /* Clear all the static flags */
2534:Drivers/STM32F4xx_HAL_Driver/Src/stm32f4xx_hal_sd.c ****   __HAL_SD_CLEAR_FLAG(hsd, SDIO_STATIC_DATA_FLAGS);
2535:Drivers/STM32F4xx_HAL_Driver/Src/stm32f4xx_hal_sd.c **** 
2536:Drivers/STM32F4xx_HAL_Driver/Src/stm32f4xx_hal_sd.c ****   hsd->State = HAL_SD_STATE_READY;
2537:Drivers/STM32F4xx_HAL_Driver/Src/stm32f4xx_hal_sd.c ****   hsd->Context = SD_CONTEXT_NONE;
2538:Drivers/STM32F4xx_HAL_Driver/Src/stm32f4xx_hal_sd.c **** 
2539:Drivers/STM32F4xx_HAL_Driver/Src/stm32f4xx_hal_sd.c **** #if (USE_HAL_SD_REGISTER_CALLBACKS == 1)
2540:Drivers/STM32F4xx_HAL_Driver/Src/stm32f4xx_hal_sd.c ****   hsd->RxCpltCallback(hsd);
2541:Drivers/STM32F4xx_HAL_Driver/Src/stm32f4xx_hal_sd.c **** #else
2542:Drivers/STM32F4xx_HAL_Driver/Src/stm32f4xx_hal_sd.c ****   HAL_SD_RxCpltCallback(hsd);
2543:Drivers/STM32F4xx_HAL_Driver/Src/stm32f4xx_hal_sd.c **** #endif
2544:Drivers/STM32F4xx_HAL_Driver/Src/stm32f4xx_hal_sd.c **** }
2545:Drivers/STM32F4xx_HAL_Driver/Src/stm32f4xx_hal_sd.c **** 
2546:Drivers/STM32F4xx_HAL_Driver/Src/stm32f4xx_hal_sd.c **** /**
2547:Drivers/STM32F4xx_HAL_Driver/Src/stm32f4xx_hal_sd.c ****   * @brief  DMA SD communication error callback
2548:Drivers/STM32F4xx_HAL_Driver/Src/stm32f4xx_hal_sd.c ****   * @param  hdma: DMA handle
2549:Drivers/STM32F4xx_HAL_Driver/Src/stm32f4xx_hal_sd.c ****   * @retval None
2550:Drivers/STM32F4xx_HAL_Driver/Src/stm32f4xx_hal_sd.c ****   */
2551:Drivers/STM32F4xx_HAL_Driver/Src/stm32f4xx_hal_sd.c **** static void SD_DMAError(DMA_HandleTypeDef *hdma)
2552:Drivers/STM32F4xx_HAL_Driver/Src/stm32f4xx_hal_sd.c **** {
2553:Drivers/STM32F4xx_HAL_Driver/Src/stm32f4xx_hal_sd.c ****   SD_HandleTypeDef* hsd = (SD_HandleTypeDef* )(hdma->Parent);
2554:Drivers/STM32F4xx_HAL_Driver/Src/stm32f4xx_hal_sd.c ****   HAL_SD_CardStateTypeDef CardState;
2555:Drivers/STM32F4xx_HAL_Driver/Src/stm32f4xx_hal_sd.c ****   uint32_t RxErrorCode, TxErrorCode;
2556:Drivers/STM32F4xx_HAL_Driver/Src/stm32f4xx_hal_sd.c **** 
2557:Drivers/STM32F4xx_HAL_Driver/Src/stm32f4xx_hal_sd.c ****   /* if DMA error is FIFO error ignore it */
2558:Drivers/STM32F4xx_HAL_Driver/Src/stm32f4xx_hal_sd.c ****   if(HAL_DMA_GetError(hdma) != HAL_DMA_ERROR_FE)
2559:Drivers/STM32F4xx_HAL_Driver/Src/stm32f4xx_hal_sd.c ****   {
2560:Drivers/STM32F4xx_HAL_Driver/Src/stm32f4xx_hal_sd.c ****     RxErrorCode = hsd->hdmarx->ErrorCode;
2561:Drivers/STM32F4xx_HAL_Driver/Src/stm32f4xx_hal_sd.c ****     TxErrorCode = hsd->hdmatx->ErrorCode;  
2562:Drivers/STM32F4xx_HAL_Driver/Src/stm32f4xx_hal_sd.c ****     if((RxErrorCode == HAL_DMA_ERROR_TE) || (TxErrorCode == HAL_DMA_ERROR_TE))
2563:Drivers/STM32F4xx_HAL_Driver/Src/stm32f4xx_hal_sd.c ****     {
2564:Drivers/STM32F4xx_HAL_Driver/Src/stm32f4xx_hal_sd.c ****       /* Clear All flags */
2565:Drivers/STM32F4xx_HAL_Driver/Src/stm32f4xx_hal_sd.c ****       __HAL_SD_CLEAR_FLAG(hsd, SDIO_STATIC_FLAGS);
2566:Drivers/STM32F4xx_HAL_Driver/Src/stm32f4xx_hal_sd.c **** 
ARM GAS  C:\Users\40918\AppData\Local\Temp\cc5Xi7iV.s 			page 47


2567:Drivers/STM32F4xx_HAL_Driver/Src/stm32f4xx_hal_sd.c ****       /* Disable All interrupts */
2568:Drivers/STM32F4xx_HAL_Driver/Src/stm32f4xx_hal_sd.c ****       __HAL_SD_DISABLE_IT(hsd, SDIO_IT_DATAEND | SDIO_IT_DCRCFAIL | SDIO_IT_DTIMEOUT|\
2569:Drivers/STM32F4xx_HAL_Driver/Src/stm32f4xx_hal_sd.c ****         SDIO_IT_TXUNDERR| SDIO_IT_RXOVERR);
2570:Drivers/STM32F4xx_HAL_Driver/Src/stm32f4xx_hal_sd.c **** 
2571:Drivers/STM32F4xx_HAL_Driver/Src/stm32f4xx_hal_sd.c ****       hsd->ErrorCode |= HAL_SD_ERROR_DMA;
2572:Drivers/STM32F4xx_HAL_Driver/Src/stm32f4xx_hal_sd.c ****       CardState = HAL_SD_GetCardState(hsd);
2573:Drivers/STM32F4xx_HAL_Driver/Src/stm32f4xx_hal_sd.c ****       if((CardState == HAL_SD_CARD_RECEIVING) || (CardState == HAL_SD_CARD_SENDING))
2574:Drivers/STM32F4xx_HAL_Driver/Src/stm32f4xx_hal_sd.c ****       {
2575:Drivers/STM32F4xx_HAL_Driver/Src/stm32f4xx_hal_sd.c ****         hsd->ErrorCode |= SDMMC_CmdStopTransfer(hsd->Instance);
2576:Drivers/STM32F4xx_HAL_Driver/Src/stm32f4xx_hal_sd.c ****       }
2577:Drivers/STM32F4xx_HAL_Driver/Src/stm32f4xx_hal_sd.c **** 
2578:Drivers/STM32F4xx_HAL_Driver/Src/stm32f4xx_hal_sd.c ****       hsd->State= HAL_SD_STATE_READY;
2579:Drivers/STM32F4xx_HAL_Driver/Src/stm32f4xx_hal_sd.c ****       hsd->Context = SD_CONTEXT_NONE;
2580:Drivers/STM32F4xx_HAL_Driver/Src/stm32f4xx_hal_sd.c ****     }
2581:Drivers/STM32F4xx_HAL_Driver/Src/stm32f4xx_hal_sd.c **** 
2582:Drivers/STM32F4xx_HAL_Driver/Src/stm32f4xx_hal_sd.c **** #if (USE_HAL_SD_REGISTER_CALLBACKS == 1)
2583:Drivers/STM32F4xx_HAL_Driver/Src/stm32f4xx_hal_sd.c ****     hsd->ErrorCallback(hsd);
2584:Drivers/STM32F4xx_HAL_Driver/Src/stm32f4xx_hal_sd.c **** #else
2585:Drivers/STM32F4xx_HAL_Driver/Src/stm32f4xx_hal_sd.c ****     HAL_SD_ErrorCallback(hsd);
2586:Drivers/STM32F4xx_HAL_Driver/Src/stm32f4xx_hal_sd.c **** #endif
2587:Drivers/STM32F4xx_HAL_Driver/Src/stm32f4xx_hal_sd.c ****   }
2588:Drivers/STM32F4xx_HAL_Driver/Src/stm32f4xx_hal_sd.c **** }
2589:Drivers/STM32F4xx_HAL_Driver/Src/stm32f4xx_hal_sd.c **** 
2590:Drivers/STM32F4xx_HAL_Driver/Src/stm32f4xx_hal_sd.c **** /**
2591:Drivers/STM32F4xx_HAL_Driver/Src/stm32f4xx_hal_sd.c ****   * @brief  DMA SD Tx Abort callback
2592:Drivers/STM32F4xx_HAL_Driver/Src/stm32f4xx_hal_sd.c ****   * @param  hdma: DMA handle
2593:Drivers/STM32F4xx_HAL_Driver/Src/stm32f4xx_hal_sd.c ****   * @retval None
2594:Drivers/STM32F4xx_HAL_Driver/Src/stm32f4xx_hal_sd.c ****   */
2595:Drivers/STM32F4xx_HAL_Driver/Src/stm32f4xx_hal_sd.c **** static void SD_DMATxAbort(DMA_HandleTypeDef *hdma)
2596:Drivers/STM32F4xx_HAL_Driver/Src/stm32f4xx_hal_sd.c **** {
2597:Drivers/STM32F4xx_HAL_Driver/Src/stm32f4xx_hal_sd.c ****   SD_HandleTypeDef* hsd = (SD_HandleTypeDef* )(hdma->Parent);
2598:Drivers/STM32F4xx_HAL_Driver/Src/stm32f4xx_hal_sd.c ****   HAL_SD_CardStateTypeDef CardState;
2599:Drivers/STM32F4xx_HAL_Driver/Src/stm32f4xx_hal_sd.c **** 
2600:Drivers/STM32F4xx_HAL_Driver/Src/stm32f4xx_hal_sd.c ****   /* Clear All flags */
2601:Drivers/STM32F4xx_HAL_Driver/Src/stm32f4xx_hal_sd.c ****   __HAL_SD_CLEAR_FLAG(hsd, SDIO_STATIC_DATA_FLAGS);
2602:Drivers/STM32F4xx_HAL_Driver/Src/stm32f4xx_hal_sd.c **** 
2603:Drivers/STM32F4xx_HAL_Driver/Src/stm32f4xx_hal_sd.c ****   CardState = HAL_SD_GetCardState(hsd);
2604:Drivers/STM32F4xx_HAL_Driver/Src/stm32f4xx_hal_sd.c ****   hsd->State = HAL_SD_STATE_READY;
2605:Drivers/STM32F4xx_HAL_Driver/Src/stm32f4xx_hal_sd.c ****   hsd->Context = SD_CONTEXT_NONE;
2606:Drivers/STM32F4xx_HAL_Driver/Src/stm32f4xx_hal_sd.c ****   if((CardState == HAL_SD_CARD_RECEIVING) || (CardState == HAL_SD_CARD_SENDING))
2607:Drivers/STM32F4xx_HAL_Driver/Src/stm32f4xx_hal_sd.c ****   {
2608:Drivers/STM32F4xx_HAL_Driver/Src/stm32f4xx_hal_sd.c ****     hsd->ErrorCode |= SDMMC_CmdStopTransfer(hsd->Instance);
2609:Drivers/STM32F4xx_HAL_Driver/Src/stm32f4xx_hal_sd.c ****   }
2610:Drivers/STM32F4xx_HAL_Driver/Src/stm32f4xx_hal_sd.c **** 
2611:Drivers/STM32F4xx_HAL_Driver/Src/stm32f4xx_hal_sd.c ****   if(hsd->ErrorCode == HAL_SD_ERROR_NONE)
2612:Drivers/STM32F4xx_HAL_Driver/Src/stm32f4xx_hal_sd.c ****   {
2613:Drivers/STM32F4xx_HAL_Driver/Src/stm32f4xx_hal_sd.c **** #if (USE_HAL_SD_REGISTER_CALLBACKS == 1)
2614:Drivers/STM32F4xx_HAL_Driver/Src/stm32f4xx_hal_sd.c ****     hsd->AbortCpltCallback(hsd);
2615:Drivers/STM32F4xx_HAL_Driver/Src/stm32f4xx_hal_sd.c **** #else
2616:Drivers/STM32F4xx_HAL_Driver/Src/stm32f4xx_hal_sd.c ****     HAL_SD_AbortCallback(hsd);
2617:Drivers/STM32F4xx_HAL_Driver/Src/stm32f4xx_hal_sd.c **** #endif
2618:Drivers/STM32F4xx_HAL_Driver/Src/stm32f4xx_hal_sd.c ****   }
2619:Drivers/STM32F4xx_HAL_Driver/Src/stm32f4xx_hal_sd.c ****   else
2620:Drivers/STM32F4xx_HAL_Driver/Src/stm32f4xx_hal_sd.c ****   {
2621:Drivers/STM32F4xx_HAL_Driver/Src/stm32f4xx_hal_sd.c **** #if (USE_HAL_SD_REGISTER_CALLBACKS == 1)
2622:Drivers/STM32F4xx_HAL_Driver/Src/stm32f4xx_hal_sd.c ****     hsd->ErrorCallback(hsd);
2623:Drivers/STM32F4xx_HAL_Driver/Src/stm32f4xx_hal_sd.c **** #else
ARM GAS  C:\Users\40918\AppData\Local\Temp\cc5Xi7iV.s 			page 48


2624:Drivers/STM32F4xx_HAL_Driver/Src/stm32f4xx_hal_sd.c ****     HAL_SD_ErrorCallback(hsd);
2625:Drivers/STM32F4xx_HAL_Driver/Src/stm32f4xx_hal_sd.c **** #endif
2626:Drivers/STM32F4xx_HAL_Driver/Src/stm32f4xx_hal_sd.c ****   }
2627:Drivers/STM32F4xx_HAL_Driver/Src/stm32f4xx_hal_sd.c **** }
2628:Drivers/STM32F4xx_HAL_Driver/Src/stm32f4xx_hal_sd.c **** 
2629:Drivers/STM32F4xx_HAL_Driver/Src/stm32f4xx_hal_sd.c **** /**
2630:Drivers/STM32F4xx_HAL_Driver/Src/stm32f4xx_hal_sd.c ****   * @brief  DMA SD Rx Abort callback
2631:Drivers/STM32F4xx_HAL_Driver/Src/stm32f4xx_hal_sd.c ****   * @param  hdma: DMA handle
2632:Drivers/STM32F4xx_HAL_Driver/Src/stm32f4xx_hal_sd.c ****   * @retval None
2633:Drivers/STM32F4xx_HAL_Driver/Src/stm32f4xx_hal_sd.c ****   */
2634:Drivers/STM32F4xx_HAL_Driver/Src/stm32f4xx_hal_sd.c **** static void SD_DMARxAbort(DMA_HandleTypeDef *hdma)
2635:Drivers/STM32F4xx_HAL_Driver/Src/stm32f4xx_hal_sd.c **** {
2636:Drivers/STM32F4xx_HAL_Driver/Src/stm32f4xx_hal_sd.c ****   SD_HandleTypeDef* hsd = (SD_HandleTypeDef* )(hdma->Parent);
2637:Drivers/STM32F4xx_HAL_Driver/Src/stm32f4xx_hal_sd.c ****   HAL_SD_CardStateTypeDef CardState;
2638:Drivers/STM32F4xx_HAL_Driver/Src/stm32f4xx_hal_sd.c **** 
2639:Drivers/STM32F4xx_HAL_Driver/Src/stm32f4xx_hal_sd.c ****   /* Clear All flags */
2640:Drivers/STM32F4xx_HAL_Driver/Src/stm32f4xx_hal_sd.c ****   __HAL_SD_CLEAR_FLAG(hsd, SDIO_STATIC_DATA_FLAGS);
2641:Drivers/STM32F4xx_HAL_Driver/Src/stm32f4xx_hal_sd.c **** 
2642:Drivers/STM32F4xx_HAL_Driver/Src/stm32f4xx_hal_sd.c ****   CardState = HAL_SD_GetCardState(hsd);
2643:Drivers/STM32F4xx_HAL_Driver/Src/stm32f4xx_hal_sd.c ****   hsd->State = HAL_SD_STATE_READY;
2644:Drivers/STM32F4xx_HAL_Driver/Src/stm32f4xx_hal_sd.c ****   hsd->Context = SD_CONTEXT_NONE;
2645:Drivers/STM32F4xx_HAL_Driver/Src/stm32f4xx_hal_sd.c ****   if((CardState == HAL_SD_CARD_RECEIVING) || (CardState == HAL_SD_CARD_SENDING))
2646:Drivers/STM32F4xx_HAL_Driver/Src/stm32f4xx_hal_sd.c ****   {
2647:Drivers/STM32F4xx_HAL_Driver/Src/stm32f4xx_hal_sd.c ****     hsd->ErrorCode |= SDMMC_CmdStopTransfer(hsd->Instance);
2648:Drivers/STM32F4xx_HAL_Driver/Src/stm32f4xx_hal_sd.c ****   }
2649:Drivers/STM32F4xx_HAL_Driver/Src/stm32f4xx_hal_sd.c **** 
2650:Drivers/STM32F4xx_HAL_Driver/Src/stm32f4xx_hal_sd.c ****   if(hsd->ErrorCode == HAL_SD_ERROR_NONE)
2651:Drivers/STM32F4xx_HAL_Driver/Src/stm32f4xx_hal_sd.c ****   {
2652:Drivers/STM32F4xx_HAL_Driver/Src/stm32f4xx_hal_sd.c **** #if (USE_HAL_SD_REGISTER_CALLBACKS == 1)
2653:Drivers/STM32F4xx_HAL_Driver/Src/stm32f4xx_hal_sd.c ****     hsd->AbortCpltCallback(hsd);
2654:Drivers/STM32F4xx_HAL_Driver/Src/stm32f4xx_hal_sd.c **** #else
2655:Drivers/STM32F4xx_HAL_Driver/Src/stm32f4xx_hal_sd.c ****     HAL_SD_AbortCallback(hsd);
2656:Drivers/STM32F4xx_HAL_Driver/Src/stm32f4xx_hal_sd.c **** #endif
2657:Drivers/STM32F4xx_HAL_Driver/Src/stm32f4xx_hal_sd.c ****   }
2658:Drivers/STM32F4xx_HAL_Driver/Src/stm32f4xx_hal_sd.c ****   else
2659:Drivers/STM32F4xx_HAL_Driver/Src/stm32f4xx_hal_sd.c ****   {
2660:Drivers/STM32F4xx_HAL_Driver/Src/stm32f4xx_hal_sd.c **** #if (USE_HAL_SD_REGISTER_CALLBACKS == 1)
2661:Drivers/STM32F4xx_HAL_Driver/Src/stm32f4xx_hal_sd.c ****     hsd->ErrorCallback(hsd);
2662:Drivers/STM32F4xx_HAL_Driver/Src/stm32f4xx_hal_sd.c **** #else
2663:Drivers/STM32F4xx_HAL_Driver/Src/stm32f4xx_hal_sd.c ****     HAL_SD_ErrorCallback(hsd);
2664:Drivers/STM32F4xx_HAL_Driver/Src/stm32f4xx_hal_sd.c **** #endif
2665:Drivers/STM32F4xx_HAL_Driver/Src/stm32f4xx_hal_sd.c ****   }
2666:Drivers/STM32F4xx_HAL_Driver/Src/stm32f4xx_hal_sd.c **** }
2667:Drivers/STM32F4xx_HAL_Driver/Src/stm32f4xx_hal_sd.c **** 
2668:Drivers/STM32F4xx_HAL_Driver/Src/stm32f4xx_hal_sd.c **** /**
2669:Drivers/STM32F4xx_HAL_Driver/Src/stm32f4xx_hal_sd.c ****   * @brief  Initializes the sd card.
2670:Drivers/STM32F4xx_HAL_Driver/Src/stm32f4xx_hal_sd.c ****   * @param  hsd: Pointer to SD handle
2671:Drivers/STM32F4xx_HAL_Driver/Src/stm32f4xx_hal_sd.c ****   * @retval SD Card error state
2672:Drivers/STM32F4xx_HAL_Driver/Src/stm32f4xx_hal_sd.c ****   */
2673:Drivers/STM32F4xx_HAL_Driver/Src/stm32f4xx_hal_sd.c **** static uint32_t SD_InitCard(SD_HandleTypeDef *hsd)
2674:Drivers/STM32F4xx_HAL_Driver/Src/stm32f4xx_hal_sd.c **** {
2675:Drivers/STM32F4xx_HAL_Driver/Src/stm32f4xx_hal_sd.c ****   HAL_SD_CardCSDTypeDef CSD;
2676:Drivers/STM32F4xx_HAL_Driver/Src/stm32f4xx_hal_sd.c ****   uint32_t errorstate;
2677:Drivers/STM32F4xx_HAL_Driver/Src/stm32f4xx_hal_sd.c ****   uint16_t sd_rca = 1U;
2678:Drivers/STM32F4xx_HAL_Driver/Src/stm32f4xx_hal_sd.c **** 
2679:Drivers/STM32F4xx_HAL_Driver/Src/stm32f4xx_hal_sd.c ****   /* Check the power State */
2680:Drivers/STM32F4xx_HAL_Driver/Src/stm32f4xx_hal_sd.c ****   if(SDIO_GetPowerState(hsd->Instance) == 0U)
ARM GAS  C:\Users\40918\AppData\Local\Temp\cc5Xi7iV.s 			page 49


2681:Drivers/STM32F4xx_HAL_Driver/Src/stm32f4xx_hal_sd.c ****   {
2682:Drivers/STM32F4xx_HAL_Driver/Src/stm32f4xx_hal_sd.c ****     /* Power off */
2683:Drivers/STM32F4xx_HAL_Driver/Src/stm32f4xx_hal_sd.c ****     return HAL_SD_ERROR_REQUEST_NOT_APPLICABLE;
2684:Drivers/STM32F4xx_HAL_Driver/Src/stm32f4xx_hal_sd.c ****   }
2685:Drivers/STM32F4xx_HAL_Driver/Src/stm32f4xx_hal_sd.c **** 
2686:Drivers/STM32F4xx_HAL_Driver/Src/stm32f4xx_hal_sd.c ****   if(hsd->SdCard.CardType != CARD_SECURED)
2687:Drivers/STM32F4xx_HAL_Driver/Src/stm32f4xx_hal_sd.c ****   {
2688:Drivers/STM32F4xx_HAL_Driver/Src/stm32f4xx_hal_sd.c ****     /* Send CMD2 ALL_SEND_CID */
2689:Drivers/STM32F4xx_HAL_Driver/Src/stm32f4xx_hal_sd.c ****     errorstate = SDMMC_CmdSendCID(hsd->Instance);
2690:Drivers/STM32F4xx_HAL_Driver/Src/stm32f4xx_hal_sd.c ****     if(errorstate != HAL_SD_ERROR_NONE)
2691:Drivers/STM32F4xx_HAL_Driver/Src/stm32f4xx_hal_sd.c ****     {
2692:Drivers/STM32F4xx_HAL_Driver/Src/stm32f4xx_hal_sd.c ****       return errorstate;
2693:Drivers/STM32F4xx_HAL_Driver/Src/stm32f4xx_hal_sd.c ****     }
2694:Drivers/STM32F4xx_HAL_Driver/Src/stm32f4xx_hal_sd.c ****     else
2695:Drivers/STM32F4xx_HAL_Driver/Src/stm32f4xx_hal_sd.c ****     {
2696:Drivers/STM32F4xx_HAL_Driver/Src/stm32f4xx_hal_sd.c ****       /* Get Card identification number data */
2697:Drivers/STM32F4xx_HAL_Driver/Src/stm32f4xx_hal_sd.c ****       hsd->CID[0U] = SDIO_GetResponse(hsd->Instance, SDIO_RESP1);
2698:Drivers/STM32F4xx_HAL_Driver/Src/stm32f4xx_hal_sd.c ****       hsd->CID[1U] = SDIO_GetResponse(hsd->Instance, SDIO_RESP2);
2699:Drivers/STM32F4xx_HAL_Driver/Src/stm32f4xx_hal_sd.c ****       hsd->CID[2U] = SDIO_GetResponse(hsd->Instance, SDIO_RESP3);
2700:Drivers/STM32F4xx_HAL_Driver/Src/stm32f4xx_hal_sd.c ****       hsd->CID[3U] = SDIO_GetResponse(hsd->Instance, SDIO_RESP4);
2701:Drivers/STM32F4xx_HAL_Driver/Src/stm32f4xx_hal_sd.c ****     }
2702:Drivers/STM32F4xx_HAL_Driver/Src/stm32f4xx_hal_sd.c ****   }
2703:Drivers/STM32F4xx_HAL_Driver/Src/stm32f4xx_hal_sd.c **** 
2704:Drivers/STM32F4xx_HAL_Driver/Src/stm32f4xx_hal_sd.c ****   if(hsd->SdCard.CardType != CARD_SECURED)
2705:Drivers/STM32F4xx_HAL_Driver/Src/stm32f4xx_hal_sd.c ****   {
2706:Drivers/STM32F4xx_HAL_Driver/Src/stm32f4xx_hal_sd.c ****     /* Send CMD3 SET_REL_ADDR with argument 0 */
2707:Drivers/STM32F4xx_HAL_Driver/Src/stm32f4xx_hal_sd.c ****     /* SD Card publishes its RCA. */
2708:Drivers/STM32F4xx_HAL_Driver/Src/stm32f4xx_hal_sd.c ****     errorstate = SDMMC_CmdSetRelAdd(hsd->Instance, &sd_rca);
2709:Drivers/STM32F4xx_HAL_Driver/Src/stm32f4xx_hal_sd.c ****     if(errorstate != HAL_SD_ERROR_NONE)
2710:Drivers/STM32F4xx_HAL_Driver/Src/stm32f4xx_hal_sd.c ****     {
2711:Drivers/STM32F4xx_HAL_Driver/Src/stm32f4xx_hal_sd.c ****       return errorstate;
2712:Drivers/STM32F4xx_HAL_Driver/Src/stm32f4xx_hal_sd.c ****     }
2713:Drivers/STM32F4xx_HAL_Driver/Src/stm32f4xx_hal_sd.c ****   }
2714:Drivers/STM32F4xx_HAL_Driver/Src/stm32f4xx_hal_sd.c ****   if(hsd->SdCard.CardType != CARD_SECURED)
2715:Drivers/STM32F4xx_HAL_Driver/Src/stm32f4xx_hal_sd.c ****   {
2716:Drivers/STM32F4xx_HAL_Driver/Src/stm32f4xx_hal_sd.c ****     /* Get the SD card RCA */
2717:Drivers/STM32F4xx_HAL_Driver/Src/stm32f4xx_hal_sd.c ****     hsd->SdCard.RelCardAdd = sd_rca;
2718:Drivers/STM32F4xx_HAL_Driver/Src/stm32f4xx_hal_sd.c **** 
2719:Drivers/STM32F4xx_HAL_Driver/Src/stm32f4xx_hal_sd.c ****     /* Send CMD9 SEND_CSD with argument as card's RCA */
2720:Drivers/STM32F4xx_HAL_Driver/Src/stm32f4xx_hal_sd.c ****     errorstate = SDMMC_CmdSendCSD(hsd->Instance, (uint32_t)(hsd->SdCard.RelCardAdd << 16U));
2721:Drivers/STM32F4xx_HAL_Driver/Src/stm32f4xx_hal_sd.c ****     if(errorstate != HAL_SD_ERROR_NONE)
2722:Drivers/STM32F4xx_HAL_Driver/Src/stm32f4xx_hal_sd.c ****     {
2723:Drivers/STM32F4xx_HAL_Driver/Src/stm32f4xx_hal_sd.c ****       return errorstate;
2724:Drivers/STM32F4xx_HAL_Driver/Src/stm32f4xx_hal_sd.c ****     }
2725:Drivers/STM32F4xx_HAL_Driver/Src/stm32f4xx_hal_sd.c ****     else
2726:Drivers/STM32F4xx_HAL_Driver/Src/stm32f4xx_hal_sd.c ****     {
2727:Drivers/STM32F4xx_HAL_Driver/Src/stm32f4xx_hal_sd.c ****       /* Get Card Specific Data */
2728:Drivers/STM32F4xx_HAL_Driver/Src/stm32f4xx_hal_sd.c ****       hsd->CSD[0U] = SDIO_GetResponse(hsd->Instance, SDIO_RESP1);
2729:Drivers/STM32F4xx_HAL_Driver/Src/stm32f4xx_hal_sd.c ****       hsd->CSD[1U] = SDIO_GetResponse(hsd->Instance, SDIO_RESP2);
2730:Drivers/STM32F4xx_HAL_Driver/Src/stm32f4xx_hal_sd.c ****       hsd->CSD[2U] = SDIO_GetResponse(hsd->Instance, SDIO_RESP3);
2731:Drivers/STM32F4xx_HAL_Driver/Src/stm32f4xx_hal_sd.c ****       hsd->CSD[3U] = SDIO_GetResponse(hsd->Instance, SDIO_RESP4);
2732:Drivers/STM32F4xx_HAL_Driver/Src/stm32f4xx_hal_sd.c ****     }
2733:Drivers/STM32F4xx_HAL_Driver/Src/stm32f4xx_hal_sd.c ****   }
2734:Drivers/STM32F4xx_HAL_Driver/Src/stm32f4xx_hal_sd.c **** 
2735:Drivers/STM32F4xx_HAL_Driver/Src/stm32f4xx_hal_sd.c ****   /* Get the Card Class */
2736:Drivers/STM32F4xx_HAL_Driver/Src/stm32f4xx_hal_sd.c ****   hsd->SdCard.Class = (SDIO_GetResponse(hsd->Instance, SDIO_RESP2) >> 20U);
2737:Drivers/STM32F4xx_HAL_Driver/Src/stm32f4xx_hal_sd.c **** 
ARM GAS  C:\Users\40918\AppData\Local\Temp\cc5Xi7iV.s 			page 50


2738:Drivers/STM32F4xx_HAL_Driver/Src/stm32f4xx_hal_sd.c ****   /* Get CSD parameters */
2739:Drivers/STM32F4xx_HAL_Driver/Src/stm32f4xx_hal_sd.c ****   if (HAL_SD_GetCardCSD(hsd, &CSD) != HAL_OK)
2740:Drivers/STM32F4xx_HAL_Driver/Src/stm32f4xx_hal_sd.c ****   {
2741:Drivers/STM32F4xx_HAL_Driver/Src/stm32f4xx_hal_sd.c ****     return HAL_SD_ERROR_UNSUPPORTED_FEATURE;
2742:Drivers/STM32F4xx_HAL_Driver/Src/stm32f4xx_hal_sd.c ****   }
2743:Drivers/STM32F4xx_HAL_Driver/Src/stm32f4xx_hal_sd.c **** 
2744:Drivers/STM32F4xx_HAL_Driver/Src/stm32f4xx_hal_sd.c ****   /* Select the Card */
2745:Drivers/STM32F4xx_HAL_Driver/Src/stm32f4xx_hal_sd.c ****   errorstate = SDMMC_CmdSelDesel(hsd->Instance, (uint32_t)(((uint32_t)hsd->SdCard.RelCardAdd) << 16
2746:Drivers/STM32F4xx_HAL_Driver/Src/stm32f4xx_hal_sd.c ****   if(errorstate != HAL_SD_ERROR_NONE)
2747:Drivers/STM32F4xx_HAL_Driver/Src/stm32f4xx_hal_sd.c ****   {
2748:Drivers/STM32F4xx_HAL_Driver/Src/stm32f4xx_hal_sd.c ****     return errorstate;
2749:Drivers/STM32F4xx_HAL_Driver/Src/stm32f4xx_hal_sd.c ****   }
2750:Drivers/STM32F4xx_HAL_Driver/Src/stm32f4xx_hal_sd.c **** 
2751:Drivers/STM32F4xx_HAL_Driver/Src/stm32f4xx_hal_sd.c ****   /* Configure SDIO peripheral interface */
2752:Drivers/STM32F4xx_HAL_Driver/Src/stm32f4xx_hal_sd.c ****   (void)SDIO_Init(hsd->Instance, hsd->Init);
2753:Drivers/STM32F4xx_HAL_Driver/Src/stm32f4xx_hal_sd.c **** 
2754:Drivers/STM32F4xx_HAL_Driver/Src/stm32f4xx_hal_sd.c ****   /* All cards are initialized */
2755:Drivers/STM32F4xx_HAL_Driver/Src/stm32f4xx_hal_sd.c ****   return HAL_SD_ERROR_NONE;
2756:Drivers/STM32F4xx_HAL_Driver/Src/stm32f4xx_hal_sd.c **** }
2757:Drivers/STM32F4xx_HAL_Driver/Src/stm32f4xx_hal_sd.c **** 
2758:Drivers/STM32F4xx_HAL_Driver/Src/stm32f4xx_hal_sd.c **** /**
2759:Drivers/STM32F4xx_HAL_Driver/Src/stm32f4xx_hal_sd.c ****   * @brief  Enquires cards about their operating voltage and configures clock
2760:Drivers/STM32F4xx_HAL_Driver/Src/stm32f4xx_hal_sd.c ****   *         controls and stores SD information that will be needed in future
2761:Drivers/STM32F4xx_HAL_Driver/Src/stm32f4xx_hal_sd.c ****   *         in the SD handle.
2762:Drivers/STM32F4xx_HAL_Driver/Src/stm32f4xx_hal_sd.c ****   * @param  hsd: Pointer to SD handle
2763:Drivers/STM32F4xx_HAL_Driver/Src/stm32f4xx_hal_sd.c ****   * @retval error state
2764:Drivers/STM32F4xx_HAL_Driver/Src/stm32f4xx_hal_sd.c ****   */
2765:Drivers/STM32F4xx_HAL_Driver/Src/stm32f4xx_hal_sd.c **** static uint32_t SD_PowerON(SD_HandleTypeDef *hsd)
2766:Drivers/STM32F4xx_HAL_Driver/Src/stm32f4xx_hal_sd.c **** {
  60              		.loc 1 2766 1 is_stmt 1 view -0
  61              		.cfi_startproc
  62              		@ args = 0, pretend = 0, frame = 8
  63              		@ frame_needed = 0, uses_anonymous_args = 0
  64              		.loc 1 2766 1 is_stmt 0 view .LVU7
  65 0000 70B5     		push	{r4, r5, r6, lr}
  66              	.LCFI0:
  67              		.cfi_def_cfa_offset 16
  68              		.cfi_offset 4, -16
  69              		.cfi_offset 5, -12
  70              		.cfi_offset 6, -8
  71              		.cfi_offset 14, -4
  72 0002 82B0     		sub	sp, sp, #8
  73              	.LCFI1:
  74              		.cfi_def_cfa_offset 24
  75 0004 0446     		mov	r4, r0
2767:Drivers/STM32F4xx_HAL_Driver/Src/stm32f4xx_hal_sd.c ****   __IO uint32_t count = 0U;
  76              		.loc 1 2767 3 is_stmt 1 view .LVU8
  77              		.loc 1 2767 17 is_stmt 0 view .LVU9
  78 0006 0023     		movs	r3, #0
  79 0008 0193     		str	r3, [sp, #4]
2768:Drivers/STM32F4xx_HAL_Driver/Src/stm32f4xx_hal_sd.c ****   uint32_t response = 0U, validvoltage = 0U;
  80              		.loc 1 2768 3 is_stmt 1 view .LVU10
  81              	.LVL5:
2769:Drivers/STM32F4xx_HAL_Driver/Src/stm32f4xx_hal_sd.c ****   uint32_t errorstate;
  82              		.loc 1 2769 3 view .LVU11
2770:Drivers/STM32F4xx_HAL_Driver/Src/stm32f4xx_hal_sd.c **** 
2771:Drivers/STM32F4xx_HAL_Driver/Src/stm32f4xx_hal_sd.c ****   /* CMD0: GO_IDLE_STATE */
ARM GAS  C:\Users\40918\AppData\Local\Temp\cc5Xi7iV.s 			page 51


2772:Drivers/STM32F4xx_HAL_Driver/Src/stm32f4xx_hal_sd.c ****   errorstate = SDMMC_CmdGoIdleState(hsd->Instance);
  83              		.loc 1 2772 3 view .LVU12
  84              		.loc 1 2772 16 is_stmt 0 view .LVU13
  85 000a 0068     		ldr	r0, [r0]
  86              	.LVL6:
  87              		.loc 1 2772 16 view .LVU14
  88 000c FFF7FEFF 		bl	SDMMC_CmdGoIdleState
  89              	.LVL7:
2773:Drivers/STM32F4xx_HAL_Driver/Src/stm32f4xx_hal_sd.c ****   if(errorstate != HAL_SD_ERROR_NONE)
  90              		.loc 1 2773 3 is_stmt 1 view .LVU15
  91              		.loc 1 2773 5 is_stmt 0 view .LVU16
  92 0010 0546     		mov	r5, r0
  93 0012 10B1     		cbz	r0, .L19
  94              	.LVL8:
  95              	.L2:
2774:Drivers/STM32F4xx_HAL_Driver/Src/stm32f4xx_hal_sd.c ****   {
2775:Drivers/STM32F4xx_HAL_Driver/Src/stm32f4xx_hal_sd.c ****     return errorstate;
2776:Drivers/STM32F4xx_HAL_Driver/Src/stm32f4xx_hal_sd.c ****   }
2777:Drivers/STM32F4xx_HAL_Driver/Src/stm32f4xx_hal_sd.c **** 
2778:Drivers/STM32F4xx_HAL_Driver/Src/stm32f4xx_hal_sd.c ****   /* CMD8: SEND_IF_COND: Command available only on V2.0 cards */
2779:Drivers/STM32F4xx_HAL_Driver/Src/stm32f4xx_hal_sd.c ****   errorstate = SDMMC_CmdOperCond(hsd->Instance);
2780:Drivers/STM32F4xx_HAL_Driver/Src/stm32f4xx_hal_sd.c ****   if(errorstate != HAL_SD_ERROR_NONE)
2781:Drivers/STM32F4xx_HAL_Driver/Src/stm32f4xx_hal_sd.c ****   {
2782:Drivers/STM32F4xx_HAL_Driver/Src/stm32f4xx_hal_sd.c ****     hsd->SdCard.CardVersion = CARD_V1_X;
2783:Drivers/STM32F4xx_HAL_Driver/Src/stm32f4xx_hal_sd.c ****     /* CMD0: GO_IDLE_STATE */
2784:Drivers/STM32F4xx_HAL_Driver/Src/stm32f4xx_hal_sd.c ****     errorstate = SDMMC_CmdGoIdleState(hsd->Instance);
2785:Drivers/STM32F4xx_HAL_Driver/Src/stm32f4xx_hal_sd.c ****     if(errorstate != HAL_SD_ERROR_NONE)
2786:Drivers/STM32F4xx_HAL_Driver/Src/stm32f4xx_hal_sd.c ****     {
2787:Drivers/STM32F4xx_HAL_Driver/Src/stm32f4xx_hal_sd.c ****       return errorstate;
2788:Drivers/STM32F4xx_HAL_Driver/Src/stm32f4xx_hal_sd.c ****     }
2789:Drivers/STM32F4xx_HAL_Driver/Src/stm32f4xx_hal_sd.c **** 
2790:Drivers/STM32F4xx_HAL_Driver/Src/stm32f4xx_hal_sd.c ****   }
2791:Drivers/STM32F4xx_HAL_Driver/Src/stm32f4xx_hal_sd.c ****   else
2792:Drivers/STM32F4xx_HAL_Driver/Src/stm32f4xx_hal_sd.c ****   {
2793:Drivers/STM32F4xx_HAL_Driver/Src/stm32f4xx_hal_sd.c ****     hsd->SdCard.CardVersion = CARD_V2_X;
2794:Drivers/STM32F4xx_HAL_Driver/Src/stm32f4xx_hal_sd.c ****   }
2795:Drivers/STM32F4xx_HAL_Driver/Src/stm32f4xx_hal_sd.c **** 
2796:Drivers/STM32F4xx_HAL_Driver/Src/stm32f4xx_hal_sd.c ****   if( hsd->SdCard.CardVersion == CARD_V2_X)
2797:Drivers/STM32F4xx_HAL_Driver/Src/stm32f4xx_hal_sd.c ****   {
2798:Drivers/STM32F4xx_HAL_Driver/Src/stm32f4xx_hal_sd.c ****     /* SEND CMD55 APP_CMD with RCA as 0 */
2799:Drivers/STM32F4xx_HAL_Driver/Src/stm32f4xx_hal_sd.c ****     errorstate = SDMMC_CmdAppCommand(hsd->Instance, 0);
2800:Drivers/STM32F4xx_HAL_Driver/Src/stm32f4xx_hal_sd.c ****     if(errorstate != HAL_SD_ERROR_NONE)
2801:Drivers/STM32F4xx_HAL_Driver/Src/stm32f4xx_hal_sd.c ****     {
2802:Drivers/STM32F4xx_HAL_Driver/Src/stm32f4xx_hal_sd.c ****       return HAL_SD_ERROR_UNSUPPORTED_FEATURE;
2803:Drivers/STM32F4xx_HAL_Driver/Src/stm32f4xx_hal_sd.c ****     }
2804:Drivers/STM32F4xx_HAL_Driver/Src/stm32f4xx_hal_sd.c ****   }
2805:Drivers/STM32F4xx_HAL_Driver/Src/stm32f4xx_hal_sd.c ****   /* SD CARD */
2806:Drivers/STM32F4xx_HAL_Driver/Src/stm32f4xx_hal_sd.c ****   /* Send ACMD41 SD_APP_OP_COND with Argument 0x80100000 */
2807:Drivers/STM32F4xx_HAL_Driver/Src/stm32f4xx_hal_sd.c ****   while((count < SDMMC_MAX_VOLT_TRIAL) && (validvoltage == 0U))
2808:Drivers/STM32F4xx_HAL_Driver/Src/stm32f4xx_hal_sd.c ****   {
2809:Drivers/STM32F4xx_HAL_Driver/Src/stm32f4xx_hal_sd.c ****     /* SEND CMD55 APP_CMD with RCA as 0 */
2810:Drivers/STM32F4xx_HAL_Driver/Src/stm32f4xx_hal_sd.c ****     errorstate = SDMMC_CmdAppCommand(hsd->Instance, 0);
2811:Drivers/STM32F4xx_HAL_Driver/Src/stm32f4xx_hal_sd.c ****     if(errorstate != HAL_SD_ERROR_NONE)
2812:Drivers/STM32F4xx_HAL_Driver/Src/stm32f4xx_hal_sd.c ****     {
2813:Drivers/STM32F4xx_HAL_Driver/Src/stm32f4xx_hal_sd.c ****       return errorstate;
2814:Drivers/STM32F4xx_HAL_Driver/Src/stm32f4xx_hal_sd.c ****     }
2815:Drivers/STM32F4xx_HAL_Driver/Src/stm32f4xx_hal_sd.c **** 
ARM GAS  C:\Users\40918\AppData\Local\Temp\cc5Xi7iV.s 			page 52


2816:Drivers/STM32F4xx_HAL_Driver/Src/stm32f4xx_hal_sd.c ****     /* Send CMD41 */
2817:Drivers/STM32F4xx_HAL_Driver/Src/stm32f4xx_hal_sd.c ****     errorstate = SDMMC_CmdAppOperCommand(hsd->Instance, SDMMC_VOLTAGE_WINDOW_SD | SDMMC_HIGH_CAPACI
2818:Drivers/STM32F4xx_HAL_Driver/Src/stm32f4xx_hal_sd.c ****     if(errorstate != HAL_SD_ERROR_NONE)
2819:Drivers/STM32F4xx_HAL_Driver/Src/stm32f4xx_hal_sd.c ****     {
2820:Drivers/STM32F4xx_HAL_Driver/Src/stm32f4xx_hal_sd.c ****       return HAL_SD_ERROR_UNSUPPORTED_FEATURE;
2821:Drivers/STM32F4xx_HAL_Driver/Src/stm32f4xx_hal_sd.c ****     }
2822:Drivers/STM32F4xx_HAL_Driver/Src/stm32f4xx_hal_sd.c **** 
2823:Drivers/STM32F4xx_HAL_Driver/Src/stm32f4xx_hal_sd.c ****     /* Get command response */
2824:Drivers/STM32F4xx_HAL_Driver/Src/stm32f4xx_hal_sd.c ****     response = SDIO_GetResponse(hsd->Instance, SDIO_RESP1);
2825:Drivers/STM32F4xx_HAL_Driver/Src/stm32f4xx_hal_sd.c **** 
2826:Drivers/STM32F4xx_HAL_Driver/Src/stm32f4xx_hal_sd.c ****     /* Get operating voltage*/
2827:Drivers/STM32F4xx_HAL_Driver/Src/stm32f4xx_hal_sd.c ****     validvoltage = (((response >> 31U) == 1U) ? 1U : 0U);
2828:Drivers/STM32F4xx_HAL_Driver/Src/stm32f4xx_hal_sd.c **** 
2829:Drivers/STM32F4xx_HAL_Driver/Src/stm32f4xx_hal_sd.c ****     count++;
2830:Drivers/STM32F4xx_HAL_Driver/Src/stm32f4xx_hal_sd.c ****   }
2831:Drivers/STM32F4xx_HAL_Driver/Src/stm32f4xx_hal_sd.c **** 
2832:Drivers/STM32F4xx_HAL_Driver/Src/stm32f4xx_hal_sd.c ****   if(count >= SDMMC_MAX_VOLT_TRIAL)
2833:Drivers/STM32F4xx_HAL_Driver/Src/stm32f4xx_hal_sd.c ****   {
2834:Drivers/STM32F4xx_HAL_Driver/Src/stm32f4xx_hal_sd.c ****     return HAL_SD_ERROR_INVALID_VOLTRANGE;
2835:Drivers/STM32F4xx_HAL_Driver/Src/stm32f4xx_hal_sd.c ****   }
2836:Drivers/STM32F4xx_HAL_Driver/Src/stm32f4xx_hal_sd.c **** 
2837:Drivers/STM32F4xx_HAL_Driver/Src/stm32f4xx_hal_sd.c ****   if((response & SDMMC_HIGH_CAPACITY) == SDMMC_HIGH_CAPACITY) /* (response &= SD_HIGH_CAPACITY) */
2838:Drivers/STM32F4xx_HAL_Driver/Src/stm32f4xx_hal_sd.c ****   {
2839:Drivers/STM32F4xx_HAL_Driver/Src/stm32f4xx_hal_sd.c ****     hsd->SdCard.CardType = CARD_SDHC_SDXC;
2840:Drivers/STM32F4xx_HAL_Driver/Src/stm32f4xx_hal_sd.c ****   }
2841:Drivers/STM32F4xx_HAL_Driver/Src/stm32f4xx_hal_sd.c ****   else
2842:Drivers/STM32F4xx_HAL_Driver/Src/stm32f4xx_hal_sd.c ****   {
2843:Drivers/STM32F4xx_HAL_Driver/Src/stm32f4xx_hal_sd.c ****     hsd->SdCard.CardType = CARD_SDSC;
2844:Drivers/STM32F4xx_HAL_Driver/Src/stm32f4xx_hal_sd.c ****   }
2845:Drivers/STM32F4xx_HAL_Driver/Src/stm32f4xx_hal_sd.c **** 
2846:Drivers/STM32F4xx_HAL_Driver/Src/stm32f4xx_hal_sd.c **** 
2847:Drivers/STM32F4xx_HAL_Driver/Src/stm32f4xx_hal_sd.c ****   return HAL_SD_ERROR_NONE;
2848:Drivers/STM32F4xx_HAL_Driver/Src/stm32f4xx_hal_sd.c **** }
  96              		.loc 1 2848 1 view .LVU17
  97 0014 2846     		mov	r0, r5
  98 0016 02B0     		add	sp, sp, #8
  99              	.LCFI2:
 100              		.cfi_remember_state
 101              		.cfi_def_cfa_offset 16
 102              		@ sp needed
 103 0018 70BD     		pop	{r4, r5, r6, pc}
 104              	.LVL9:
 105              	.L19:
 106              	.LCFI3:
 107              		.cfi_restore_state
2779:Drivers/STM32F4xx_HAL_Driver/Src/stm32f4xx_hal_sd.c ****   if(errorstate != HAL_SD_ERROR_NONE)
 108              		.loc 1 2779 3 is_stmt 1 view .LVU18
2779:Drivers/STM32F4xx_HAL_Driver/Src/stm32f4xx_hal_sd.c ****   if(errorstate != HAL_SD_ERROR_NONE)
 109              		.loc 1 2779 16 is_stmt 0 view .LVU19
 110 001a 2068     		ldr	r0, [r4]
 111              	.LVL10:
2779:Drivers/STM32F4xx_HAL_Driver/Src/stm32f4xx_hal_sd.c ****   if(errorstate != HAL_SD_ERROR_NONE)
 112              		.loc 1 2779 16 view .LVU20
 113 001c FFF7FEFF 		bl	SDMMC_CmdOperCond
 114              	.LVL11:
2780:Drivers/STM32F4xx_HAL_Driver/Src/stm32f4xx_hal_sd.c ****   {
 115              		.loc 1 2780 3 is_stmt 1 view .LVU21
ARM GAS  C:\Users\40918\AppData\Local\Temp\cc5Xi7iV.s 			page 53


2780:Drivers/STM32F4xx_HAL_Driver/Src/stm32f4xx_hal_sd.c ****   {
 116              		.loc 1 2780 5 is_stmt 0 view .LVU22
 117 0020 38B9     		cbnz	r0, .L20
2793:Drivers/STM32F4xx_HAL_Driver/Src/stm32f4xx_hal_sd.c ****   }
 118              		.loc 1 2793 5 is_stmt 1 view .LVU23
2793:Drivers/STM32F4xx_HAL_Driver/Src/stm32f4xx_hal_sd.c ****   }
 119              		.loc 1 2793 29 is_stmt 0 view .LVU24
 120 0022 0123     		movs	r3, #1
 121 0024 A364     		str	r3, [r4, #72]
 122              	.L5:
2796:Drivers/STM32F4xx_HAL_Driver/Src/stm32f4xx_hal_sd.c ****   {
 123              		.loc 1 2796 3 is_stmt 1 view .LVU25
2796:Drivers/STM32F4xx_HAL_Driver/Src/stm32f4xx_hal_sd.c ****   {
 124              		.loc 1 2796 18 is_stmt 0 view .LVU26
 125 0026 A36C     		ldr	r3, [r4, #72]
2796:Drivers/STM32F4xx_HAL_Driver/Src/stm32f4xx_hal_sd.c ****   {
 126              		.loc 1 2796 5 view .LVU27
 127 0028 012B     		cmp	r3, #1
 128 002a 0BD0     		beq	.L6
 129              	.L8:
2827:Drivers/STM32F4xx_HAL_Driver/Src/stm32f4xx_hal_sd.c **** 
 130              		.loc 1 2827 52 discriminator 1 view .LVU28
 131 002c 2E46     		mov	r6, r5
 132 002e 2846     		mov	r0, r5
 133              	.LVL12:
2827:Drivers/STM32F4xx_HAL_Driver/Src/stm32f4xx_hal_sd.c **** 
 134              		.loc 1 2827 52 discriminator 1 view .LVU29
 135 0030 14E0     		b	.L7
 136              	.LVL13:
 137              	.L20:
2782:Drivers/STM32F4xx_HAL_Driver/Src/stm32f4xx_hal_sd.c ****     /* CMD0: GO_IDLE_STATE */
 138              		.loc 1 2782 5 is_stmt 1 view .LVU30
2782:Drivers/STM32F4xx_HAL_Driver/Src/stm32f4xx_hal_sd.c ****     /* CMD0: GO_IDLE_STATE */
 139              		.loc 1 2782 29 is_stmt 0 view .LVU31
 140 0032 0023     		movs	r3, #0
 141 0034 A364     		str	r3, [r4, #72]
2784:Drivers/STM32F4xx_HAL_Driver/Src/stm32f4xx_hal_sd.c ****     if(errorstate != HAL_SD_ERROR_NONE)
 142              		.loc 1 2784 5 is_stmt 1 view .LVU32
2784:Drivers/STM32F4xx_HAL_Driver/Src/stm32f4xx_hal_sd.c ****     if(errorstate != HAL_SD_ERROR_NONE)
 143              		.loc 1 2784 18 is_stmt 0 view .LVU33
 144 0036 2068     		ldr	r0, [r4]
 145              	.LVL14:
2784:Drivers/STM32F4xx_HAL_Driver/Src/stm32f4xx_hal_sd.c ****     if(errorstate != HAL_SD_ERROR_NONE)
 146              		.loc 1 2784 18 view .LVU34
 147 0038 FFF7FEFF 		bl	SDMMC_CmdGoIdleState
 148              	.LVL15:
2785:Drivers/STM32F4xx_HAL_Driver/Src/stm32f4xx_hal_sd.c ****     {
 149              		.loc 1 2785 5 is_stmt 1 view .LVU35
2785:Drivers/STM32F4xx_HAL_Driver/Src/stm32f4xx_hal_sd.c ****     {
 150              		.loc 1 2785 7 is_stmt 0 view .LVU36
 151 003c 0028     		cmp	r0, #0
 152 003e F2D0     		beq	.L5
2787:Drivers/STM32F4xx_HAL_Driver/Src/stm32f4xx_hal_sd.c ****     }
 153              		.loc 1 2787 14 view .LVU37
 154 0040 0546     		mov	r5, r0
 155 0042 E7E7     		b	.L2
 156              	.L6:
ARM GAS  C:\Users\40918\AppData\Local\Temp\cc5Xi7iV.s 			page 54


2799:Drivers/STM32F4xx_HAL_Driver/Src/stm32f4xx_hal_sd.c ****     if(errorstate != HAL_SD_ERROR_NONE)
 157              		.loc 1 2799 5 is_stmt 1 view .LVU38
2799:Drivers/STM32F4xx_HAL_Driver/Src/stm32f4xx_hal_sd.c ****     if(errorstate != HAL_SD_ERROR_NONE)
 158              		.loc 1 2799 18 is_stmt 0 view .LVU39
 159 0044 0021     		movs	r1, #0
 160 0046 2068     		ldr	r0, [r4]
 161              	.LVL16:
2799:Drivers/STM32F4xx_HAL_Driver/Src/stm32f4xx_hal_sd.c ****     if(errorstate != HAL_SD_ERROR_NONE)
 162              		.loc 1 2799 18 view .LVU40
 163 0048 FFF7FEFF 		bl	SDMMC_CmdAppCommand
 164              	.LVL17:
2800:Drivers/STM32F4xx_HAL_Driver/Src/stm32f4xx_hal_sd.c ****     {
 165              		.loc 1 2800 5 is_stmt 1 view .LVU41
2800:Drivers/STM32F4xx_HAL_Driver/Src/stm32f4xx_hal_sd.c ****     {
 166              		.loc 1 2800 7 is_stmt 0 view .LVU42
 167 004c 0028     		cmp	r0, #0
 168 004e EDD0     		beq	.L8
2802:Drivers/STM32F4xx_HAL_Driver/Src/stm32f4xx_hal_sd.c ****     }
 169              		.loc 1 2802 14 view .LVU43
 170 0050 4FF08055 		mov	r5, #268435456
 171 0054 DEE7     		b	.L2
 172              	.LVL18:
 173              	.L9:
2829:Drivers/STM32F4xx_HAL_Driver/Src/stm32f4xx_hal_sd.c ****   }
 174              		.loc 1 2829 5 is_stmt 1 view .LVU44
2829:Drivers/STM32F4xx_HAL_Driver/Src/stm32f4xx_hal_sd.c ****   }
 175              		.loc 1 2829 10 is_stmt 0 view .LVU45
 176 0056 019B     		ldr	r3, [sp, #4]
 177 0058 0133     		adds	r3, r3, #1
 178 005a 0193     		str	r3, [sp, #4]
 179              	.LVL19:
 180              	.L7:
2807:Drivers/STM32F4xx_HAL_Driver/Src/stm32f4xx_hal_sd.c ****   {
 181              		.loc 1 2807 40 is_stmt 1 view .LVU46
2807:Drivers/STM32F4xx_HAL_Driver/Src/stm32f4xx_hal_sd.c ****   {
 182              		.loc 1 2807 16 is_stmt 0 view .LVU47
 183 005c 019A     		ldr	r2, [sp, #4]
2807:Drivers/STM32F4xx_HAL_Driver/Src/stm32f4xx_hal_sd.c ****   {
 184              		.loc 1 2807 40 view .LVU48
 185 005e 4FF6FE73 		movw	r3, #65534
 186 0062 9A42     		cmp	r2, r3
 187 0064 13D8     		bhi	.L10
2807:Drivers/STM32F4xx_HAL_Driver/Src/stm32f4xx_hal_sd.c ****   {
 188              		.loc 1 2807 40 discriminator 1 view .LVU49
 189 0066 96B9     		cbnz	r6, .L10
2810:Drivers/STM32F4xx_HAL_Driver/Src/stm32f4xx_hal_sd.c ****     if(errorstate != HAL_SD_ERROR_NONE)
 190              		.loc 1 2810 5 is_stmt 1 view .LVU50
2810:Drivers/STM32F4xx_HAL_Driver/Src/stm32f4xx_hal_sd.c ****     if(errorstate != HAL_SD_ERROR_NONE)
 191              		.loc 1 2810 18 is_stmt 0 view .LVU51
 192 0068 0021     		movs	r1, #0
 193 006a 2068     		ldr	r0, [r4]
 194              	.LVL20:
2810:Drivers/STM32F4xx_HAL_Driver/Src/stm32f4xx_hal_sd.c ****     if(errorstate != HAL_SD_ERROR_NONE)
 195              		.loc 1 2810 18 view .LVU52
 196 006c FFF7FEFF 		bl	SDMMC_CmdAppCommand
 197              	.LVL21:
2811:Drivers/STM32F4xx_HAL_Driver/Src/stm32f4xx_hal_sd.c ****     {
ARM GAS  C:\Users\40918\AppData\Local\Temp\cc5Xi7iV.s 			page 55


 198              		.loc 1 2811 5 is_stmt 1 view .LVU53
2811:Drivers/STM32F4xx_HAL_Driver/Src/stm32f4xx_hal_sd.c ****     {
 199              		.loc 1 2811 7 is_stmt 0 view .LVU54
 200 0070 E0B9     		cbnz	r0, .L15
2817:Drivers/STM32F4xx_HAL_Driver/Src/stm32f4xx_hal_sd.c ****     if(errorstate != HAL_SD_ERROR_NONE)
 201              		.loc 1 2817 5 is_stmt 1 view .LVU55
2817:Drivers/STM32F4xx_HAL_Driver/Src/stm32f4xx_hal_sd.c ****     if(errorstate != HAL_SD_ERROR_NONE)
 202              		.loc 1 2817 18 is_stmt 0 view .LVU56
 203 0072 1249     		ldr	r1, .L21
 204 0074 2068     		ldr	r0, [r4]
 205              	.LVL22:
2817:Drivers/STM32F4xx_HAL_Driver/Src/stm32f4xx_hal_sd.c ****     if(errorstate != HAL_SD_ERROR_NONE)
 206              		.loc 1 2817 18 view .LVU57
 207 0076 FFF7FEFF 		bl	SDMMC_CmdAppOperCommand
 208              	.LVL23:
2818:Drivers/STM32F4xx_HAL_Driver/Src/stm32f4xx_hal_sd.c ****     {
 209              		.loc 1 2818 5 is_stmt 1 view .LVU58
2818:Drivers/STM32F4xx_HAL_Driver/Src/stm32f4xx_hal_sd.c ****     {
 210              		.loc 1 2818 7 is_stmt 0 view .LVU59
 211 007a 0646     		mov	r6, r0
 212              	.LVL24:
2818:Drivers/STM32F4xx_HAL_Driver/Src/stm32f4xx_hal_sd.c ****     {
 213              		.loc 1 2818 7 view .LVU60
 214 007c C0B9     		cbnz	r0, .L16
2824:Drivers/STM32F4xx_HAL_Driver/Src/stm32f4xx_hal_sd.c **** 
 215              		.loc 1 2824 5 is_stmt 1 view .LVU61
2824:Drivers/STM32F4xx_HAL_Driver/Src/stm32f4xx_hal_sd.c **** 
 216              		.loc 1 2824 16 is_stmt 0 view .LVU62
 217 007e 0021     		movs	r1, #0
 218 0080 2068     		ldr	r0, [r4]
 219              	.LVL25:
2824:Drivers/STM32F4xx_HAL_Driver/Src/stm32f4xx_hal_sd.c **** 
 220              		.loc 1 2824 16 view .LVU63
 221 0082 FFF7FEFF 		bl	SDIO_GetResponse
 222              	.LVL26:
2827:Drivers/STM32F4xx_HAL_Driver/Src/stm32f4xx_hal_sd.c **** 
 223              		.loc 1 2827 5 is_stmt 1 view .LVU64
2827:Drivers/STM32F4xx_HAL_Driver/Src/stm32f4xx_hal_sd.c **** 
 224              		.loc 1 2827 52 is_stmt 0 view .LVU65
 225 0086 C30F     		lsrs	r3, r0, #31
 226 0088 E5D0     		beq	.L9
2827:Drivers/STM32F4xx_HAL_Driver/Src/stm32f4xx_hal_sd.c **** 
 227              		.loc 1 2827 52 discriminator 1 view .LVU66
 228 008a 1E46     		mov	r6, r3
 229              	.LVL27:
2827:Drivers/STM32F4xx_HAL_Driver/Src/stm32f4xx_hal_sd.c **** 
 230              		.loc 1 2827 52 discriminator 1 view .LVU67
 231 008c E3E7     		b	.L9
 232              	.LVL28:
 233              	.L10:
2832:Drivers/STM32F4xx_HAL_Driver/Src/stm32f4xx_hal_sd.c ****   {
 234              		.loc 1 2832 3 is_stmt 1 view .LVU68
2832:Drivers/STM32F4xx_HAL_Driver/Src/stm32f4xx_hal_sd.c ****   {
 235              		.loc 1 2832 12 is_stmt 0 view .LVU69
 236 008e 019A     		ldr	r2, [sp, #4]
2832:Drivers/STM32F4xx_HAL_Driver/Src/stm32f4xx_hal_sd.c ****   {
 237              		.loc 1 2832 5 view .LVU70
ARM GAS  C:\Users\40918\AppData\Local\Temp\cc5Xi7iV.s 			page 56


 238 0090 4FF6FE73 		movw	r3, #65534
 239 0094 9A42     		cmp	r2, r3
 240 0096 0ED8     		bhi	.L17
2837:Drivers/STM32F4xx_HAL_Driver/Src/stm32f4xx_hal_sd.c ****   {
 241              		.loc 1 2837 3 is_stmt 1 view .LVU71
2837:Drivers/STM32F4xx_HAL_Driver/Src/stm32f4xx_hal_sd.c ****   {
 242              		.loc 1 2837 5 is_stmt 0 view .LVU72
 243 0098 10F08043 		ands	r3, r0, #1073741824
 244 009c 02D0     		beq	.L12
2839:Drivers/STM32F4xx_HAL_Driver/Src/stm32f4xx_hal_sd.c ****   }
 245              		.loc 1 2839 5 is_stmt 1 view .LVU73
2839:Drivers/STM32F4xx_HAL_Driver/Src/stm32f4xx_hal_sd.c ****   }
 246              		.loc 1 2839 26 is_stmt 0 view .LVU74
 247 009e 0123     		movs	r3, #1
 248 00a0 6364     		str	r3, [r4, #68]
 249 00a2 B7E7     		b	.L2
 250              	.L12:
2843:Drivers/STM32F4xx_HAL_Driver/Src/stm32f4xx_hal_sd.c ****   }
 251              		.loc 1 2843 5 is_stmt 1 view .LVU75
2843:Drivers/STM32F4xx_HAL_Driver/Src/stm32f4xx_hal_sd.c ****   }
 252              		.loc 1 2843 26 is_stmt 0 view .LVU76
 253 00a4 0022     		movs	r2, #0
 254 00a6 6264     		str	r2, [r4, #68]
2847:Drivers/STM32F4xx_HAL_Driver/Src/stm32f4xx_hal_sd.c **** }
 255              		.loc 1 2847 10 view .LVU77
 256 00a8 1D46     		mov	r5, r3
 257 00aa B3E7     		b	.L2
 258              	.LVL29:
 259              	.L15:
2813:Drivers/STM32F4xx_HAL_Driver/Src/stm32f4xx_hal_sd.c ****     }
 260              		.loc 1 2813 14 view .LVU78
 261 00ac 0546     		mov	r5, r0
 262 00ae B1E7     		b	.L2
 263              	.LVL30:
 264              	.L16:
2820:Drivers/STM32F4xx_HAL_Driver/Src/stm32f4xx_hal_sd.c ****     }
 265              		.loc 1 2820 14 view .LVU79
 266 00b0 4FF08055 		mov	r5, #268435456
 267 00b4 AEE7     		b	.L2
 268              	.LVL31:
 269              	.L17:
2834:Drivers/STM32F4xx_HAL_Driver/Src/stm32f4xx_hal_sd.c ****   }
 270              		.loc 1 2834 12 view .LVU80
 271 00b6 4FF08075 		mov	r5, #16777216
 272 00ba ABE7     		b	.L2
 273              	.L22:
 274              		.align	2
 275              	.L21:
 276 00bc 000010C1 		.word	-1055916032
 277              		.cfi_endproc
 278              	.LFE272:
 280              		.section	.text.SD_PowerOFF,"ax",%progbits
 281              		.align	1
 282              		.syntax unified
 283              		.thumb
 284              		.thumb_func
 286              	SD_PowerOFF:
ARM GAS  C:\Users\40918\AppData\Local\Temp\cc5Xi7iV.s 			page 57


 287              	.LVL32:
 288              	.LFB273:
2849:Drivers/STM32F4xx_HAL_Driver/Src/stm32f4xx_hal_sd.c **** 
2850:Drivers/STM32F4xx_HAL_Driver/Src/stm32f4xx_hal_sd.c **** /**
2851:Drivers/STM32F4xx_HAL_Driver/Src/stm32f4xx_hal_sd.c ****   * @brief  Turns the SDIO output signals off.
2852:Drivers/STM32F4xx_HAL_Driver/Src/stm32f4xx_hal_sd.c ****   * @param  hsd: Pointer to SD handle
2853:Drivers/STM32F4xx_HAL_Driver/Src/stm32f4xx_hal_sd.c ****   * @retval None
2854:Drivers/STM32F4xx_HAL_Driver/Src/stm32f4xx_hal_sd.c ****   */
2855:Drivers/STM32F4xx_HAL_Driver/Src/stm32f4xx_hal_sd.c **** static void SD_PowerOFF(SD_HandleTypeDef *hsd)
2856:Drivers/STM32F4xx_HAL_Driver/Src/stm32f4xx_hal_sd.c **** {
 289              		.loc 1 2856 1 is_stmt 1 view -0
 290              		.cfi_startproc
 291              		@ args = 0, pretend = 0, frame = 0
 292              		@ frame_needed = 0, uses_anonymous_args = 0
 293              		.loc 1 2856 1 is_stmt 0 view .LVU82
 294 0000 08B5     		push	{r3, lr}
 295              	.LCFI4:
 296              		.cfi_def_cfa_offset 8
 297              		.cfi_offset 3, -8
 298              		.cfi_offset 14, -4
2857:Drivers/STM32F4xx_HAL_Driver/Src/stm32f4xx_hal_sd.c ****   /* Set Power State to OFF */
2858:Drivers/STM32F4xx_HAL_Driver/Src/stm32f4xx_hal_sd.c ****   (void)SDIO_PowerState_OFF(hsd->Instance);
 299              		.loc 1 2858 3 is_stmt 1 view .LVU83
 300              		.loc 1 2858 9 is_stmt 0 view .LVU84
 301 0002 0068     		ldr	r0, [r0]
 302              	.LVL33:
 303              		.loc 1 2858 9 view .LVU85
 304 0004 FFF7FEFF 		bl	SDIO_PowerState_OFF
 305              	.LVL34:
2859:Drivers/STM32F4xx_HAL_Driver/Src/stm32f4xx_hal_sd.c **** }
 306              		.loc 1 2859 1 view .LVU86
 307 0008 08BD     		pop	{r3, pc}
 308              		.cfi_endproc
 309              	.LFE273:
 311              		.section	.text.SD_Read_IT,"ax",%progbits
 312              		.align	1
 313              		.syntax unified
 314              		.thumb
 315              		.thumb_func
 317              	SD_Read_IT:
 318              	.LVL35:
 319              	.LFB279:
2860:Drivers/STM32F4xx_HAL_Driver/Src/stm32f4xx_hal_sd.c **** 
2861:Drivers/STM32F4xx_HAL_Driver/Src/stm32f4xx_hal_sd.c **** /**
2862:Drivers/STM32F4xx_HAL_Driver/Src/stm32f4xx_hal_sd.c ****   * @brief  Send Status info command.
2863:Drivers/STM32F4xx_HAL_Driver/Src/stm32f4xx_hal_sd.c ****   * @param  hsd: pointer to SD handle
2864:Drivers/STM32F4xx_HAL_Driver/Src/stm32f4xx_hal_sd.c ****   * @param  pSDstatus: Pointer to the buffer that will contain the SD card status
2865:Drivers/STM32F4xx_HAL_Driver/Src/stm32f4xx_hal_sd.c ****   *         SD Status register)
2866:Drivers/STM32F4xx_HAL_Driver/Src/stm32f4xx_hal_sd.c ****   * @retval error state
2867:Drivers/STM32F4xx_HAL_Driver/Src/stm32f4xx_hal_sd.c ****   */
2868:Drivers/STM32F4xx_HAL_Driver/Src/stm32f4xx_hal_sd.c **** static uint32_t SD_SendSDStatus(SD_HandleTypeDef *hsd, uint32_t *pSDstatus)
2869:Drivers/STM32F4xx_HAL_Driver/Src/stm32f4xx_hal_sd.c **** {
2870:Drivers/STM32F4xx_HAL_Driver/Src/stm32f4xx_hal_sd.c ****   SDIO_DataInitTypeDef config;
2871:Drivers/STM32F4xx_HAL_Driver/Src/stm32f4xx_hal_sd.c ****   uint32_t errorstate;
2872:Drivers/STM32F4xx_HAL_Driver/Src/stm32f4xx_hal_sd.c ****   uint32_t tickstart = HAL_GetTick();
2873:Drivers/STM32F4xx_HAL_Driver/Src/stm32f4xx_hal_sd.c ****   uint32_t count;
2874:Drivers/STM32F4xx_HAL_Driver/Src/stm32f4xx_hal_sd.c ****   uint32_t *pData = pSDstatus;
ARM GAS  C:\Users\40918\AppData\Local\Temp\cc5Xi7iV.s 			page 58


2875:Drivers/STM32F4xx_HAL_Driver/Src/stm32f4xx_hal_sd.c **** 
2876:Drivers/STM32F4xx_HAL_Driver/Src/stm32f4xx_hal_sd.c ****   /* Check SD response */
2877:Drivers/STM32F4xx_HAL_Driver/Src/stm32f4xx_hal_sd.c ****   if((SDIO_GetResponse(hsd->Instance, SDIO_RESP1) & SDMMC_CARD_LOCKED) == SDMMC_CARD_LOCKED)
2878:Drivers/STM32F4xx_HAL_Driver/Src/stm32f4xx_hal_sd.c ****   {
2879:Drivers/STM32F4xx_HAL_Driver/Src/stm32f4xx_hal_sd.c ****     return HAL_SD_ERROR_LOCK_UNLOCK_FAILED;
2880:Drivers/STM32F4xx_HAL_Driver/Src/stm32f4xx_hal_sd.c ****   }
2881:Drivers/STM32F4xx_HAL_Driver/Src/stm32f4xx_hal_sd.c **** 
2882:Drivers/STM32F4xx_HAL_Driver/Src/stm32f4xx_hal_sd.c ****   /* Set block size for card if it is not equal to current block size for card */
2883:Drivers/STM32F4xx_HAL_Driver/Src/stm32f4xx_hal_sd.c ****   errorstate = SDMMC_CmdBlockLength(hsd->Instance, 64U);
2884:Drivers/STM32F4xx_HAL_Driver/Src/stm32f4xx_hal_sd.c ****   if(errorstate != HAL_SD_ERROR_NONE)
2885:Drivers/STM32F4xx_HAL_Driver/Src/stm32f4xx_hal_sd.c ****   {
2886:Drivers/STM32F4xx_HAL_Driver/Src/stm32f4xx_hal_sd.c ****     hsd->ErrorCode |= HAL_SD_ERROR_NONE;
2887:Drivers/STM32F4xx_HAL_Driver/Src/stm32f4xx_hal_sd.c ****     return errorstate;
2888:Drivers/STM32F4xx_HAL_Driver/Src/stm32f4xx_hal_sd.c ****   }
2889:Drivers/STM32F4xx_HAL_Driver/Src/stm32f4xx_hal_sd.c **** 
2890:Drivers/STM32F4xx_HAL_Driver/Src/stm32f4xx_hal_sd.c ****   /* Send CMD55 */
2891:Drivers/STM32F4xx_HAL_Driver/Src/stm32f4xx_hal_sd.c ****   errorstate = SDMMC_CmdAppCommand(hsd->Instance, (uint32_t)(hsd->SdCard.RelCardAdd << 16U));
2892:Drivers/STM32F4xx_HAL_Driver/Src/stm32f4xx_hal_sd.c ****   if(errorstate != HAL_SD_ERROR_NONE)
2893:Drivers/STM32F4xx_HAL_Driver/Src/stm32f4xx_hal_sd.c ****   {
2894:Drivers/STM32F4xx_HAL_Driver/Src/stm32f4xx_hal_sd.c ****     hsd->ErrorCode |= HAL_SD_ERROR_NONE;
2895:Drivers/STM32F4xx_HAL_Driver/Src/stm32f4xx_hal_sd.c ****     return errorstate;
2896:Drivers/STM32F4xx_HAL_Driver/Src/stm32f4xx_hal_sd.c ****   }
2897:Drivers/STM32F4xx_HAL_Driver/Src/stm32f4xx_hal_sd.c **** 
2898:Drivers/STM32F4xx_HAL_Driver/Src/stm32f4xx_hal_sd.c ****   /* Configure the SD DPSM (Data Path State Machine) */
2899:Drivers/STM32F4xx_HAL_Driver/Src/stm32f4xx_hal_sd.c ****   config.DataTimeOut   = SDMMC_DATATIMEOUT;
2900:Drivers/STM32F4xx_HAL_Driver/Src/stm32f4xx_hal_sd.c ****   config.DataLength    = 64U;
2901:Drivers/STM32F4xx_HAL_Driver/Src/stm32f4xx_hal_sd.c ****   config.DataBlockSize = SDIO_DATABLOCK_SIZE_64B;
2902:Drivers/STM32F4xx_HAL_Driver/Src/stm32f4xx_hal_sd.c ****   config.TransferDir   = SDIO_TRANSFER_DIR_TO_SDIO;
2903:Drivers/STM32F4xx_HAL_Driver/Src/stm32f4xx_hal_sd.c ****   config.TransferMode  = SDIO_TRANSFER_MODE_BLOCK;
2904:Drivers/STM32F4xx_HAL_Driver/Src/stm32f4xx_hal_sd.c ****   config.DPSM          = SDIO_DPSM_ENABLE;
2905:Drivers/STM32F4xx_HAL_Driver/Src/stm32f4xx_hal_sd.c ****   (void)SDIO_ConfigData(hsd->Instance, &config);
2906:Drivers/STM32F4xx_HAL_Driver/Src/stm32f4xx_hal_sd.c **** 
2907:Drivers/STM32F4xx_HAL_Driver/Src/stm32f4xx_hal_sd.c ****   /* Send ACMD13 (SD_APP_STAUS)  with argument as card's RCA */
2908:Drivers/STM32F4xx_HAL_Driver/Src/stm32f4xx_hal_sd.c ****   errorstate = SDMMC_CmdStatusRegister(hsd->Instance);
2909:Drivers/STM32F4xx_HAL_Driver/Src/stm32f4xx_hal_sd.c ****   if(errorstate != HAL_SD_ERROR_NONE)
2910:Drivers/STM32F4xx_HAL_Driver/Src/stm32f4xx_hal_sd.c ****   {
2911:Drivers/STM32F4xx_HAL_Driver/Src/stm32f4xx_hal_sd.c ****     hsd->ErrorCode |= HAL_SD_ERROR_NONE;
2912:Drivers/STM32F4xx_HAL_Driver/Src/stm32f4xx_hal_sd.c ****     return errorstate;
2913:Drivers/STM32F4xx_HAL_Driver/Src/stm32f4xx_hal_sd.c ****   }
2914:Drivers/STM32F4xx_HAL_Driver/Src/stm32f4xx_hal_sd.c **** 
2915:Drivers/STM32F4xx_HAL_Driver/Src/stm32f4xx_hal_sd.c ****   /* Get status data */
2916:Drivers/STM32F4xx_HAL_Driver/Src/stm32f4xx_hal_sd.c ****   while(!__HAL_SD_GET_FLAG(hsd, SDIO_FLAG_RXOVERR | SDIO_FLAG_DCRCFAIL | SDIO_FLAG_DTIMEOUT | SDIO_
2917:Drivers/STM32F4xx_HAL_Driver/Src/stm32f4xx_hal_sd.c ****   {
2918:Drivers/STM32F4xx_HAL_Driver/Src/stm32f4xx_hal_sd.c ****     if(__HAL_SD_GET_FLAG(hsd, SDIO_FLAG_RXFIFOHF))
2919:Drivers/STM32F4xx_HAL_Driver/Src/stm32f4xx_hal_sd.c ****     {
2920:Drivers/STM32F4xx_HAL_Driver/Src/stm32f4xx_hal_sd.c ****       for(count = 0U; count < 8U; count++)
2921:Drivers/STM32F4xx_HAL_Driver/Src/stm32f4xx_hal_sd.c ****       {
2922:Drivers/STM32F4xx_HAL_Driver/Src/stm32f4xx_hal_sd.c ****         *pData = SDIO_ReadFIFO(hsd->Instance);
2923:Drivers/STM32F4xx_HAL_Driver/Src/stm32f4xx_hal_sd.c ****         pData++;
2924:Drivers/STM32F4xx_HAL_Driver/Src/stm32f4xx_hal_sd.c ****       }
2925:Drivers/STM32F4xx_HAL_Driver/Src/stm32f4xx_hal_sd.c ****     }
2926:Drivers/STM32F4xx_HAL_Driver/Src/stm32f4xx_hal_sd.c **** 
2927:Drivers/STM32F4xx_HAL_Driver/Src/stm32f4xx_hal_sd.c ****     if((HAL_GetTick() - tickstart) >=  SDMMC_SWDATATIMEOUT)
2928:Drivers/STM32F4xx_HAL_Driver/Src/stm32f4xx_hal_sd.c ****     {
2929:Drivers/STM32F4xx_HAL_Driver/Src/stm32f4xx_hal_sd.c ****       return HAL_SD_ERROR_TIMEOUT;
2930:Drivers/STM32F4xx_HAL_Driver/Src/stm32f4xx_hal_sd.c ****     }
2931:Drivers/STM32F4xx_HAL_Driver/Src/stm32f4xx_hal_sd.c ****   }
ARM GAS  C:\Users\40918\AppData\Local\Temp\cc5Xi7iV.s 			page 59


2932:Drivers/STM32F4xx_HAL_Driver/Src/stm32f4xx_hal_sd.c **** 
2933:Drivers/STM32F4xx_HAL_Driver/Src/stm32f4xx_hal_sd.c **** #if defined(SDIO_STA_STBITERR)
2934:Drivers/STM32F4xx_HAL_Driver/Src/stm32f4xx_hal_sd.c ****   if(__HAL_SD_GET_FLAG(hsd, SDIO_FLAG_DTIMEOUT) || (__HAL_SD_GET_FLAG(hsd, SDIO_FLAG_STBITERR)))
2935:Drivers/STM32F4xx_HAL_Driver/Src/stm32f4xx_hal_sd.c **** #else /* SDIO_STA_STBITERR not defined */
2936:Drivers/STM32F4xx_HAL_Driver/Src/stm32f4xx_hal_sd.c ****   if(__HAL_SD_GET_FLAG(hsd, SDIO_FLAG_DTIMEOUT))
2937:Drivers/STM32F4xx_HAL_Driver/Src/stm32f4xx_hal_sd.c **** #endif /* SDIO_STA_STBITERR */
2938:Drivers/STM32F4xx_HAL_Driver/Src/stm32f4xx_hal_sd.c ****   {
2939:Drivers/STM32F4xx_HAL_Driver/Src/stm32f4xx_hal_sd.c ****     return HAL_SD_ERROR_DATA_TIMEOUT;
2940:Drivers/STM32F4xx_HAL_Driver/Src/stm32f4xx_hal_sd.c ****   }
2941:Drivers/STM32F4xx_HAL_Driver/Src/stm32f4xx_hal_sd.c ****   else if(__HAL_SD_GET_FLAG(hsd, SDIO_FLAG_DCRCFAIL))
2942:Drivers/STM32F4xx_HAL_Driver/Src/stm32f4xx_hal_sd.c ****   {
2943:Drivers/STM32F4xx_HAL_Driver/Src/stm32f4xx_hal_sd.c ****     return HAL_SD_ERROR_DATA_CRC_FAIL;
2944:Drivers/STM32F4xx_HAL_Driver/Src/stm32f4xx_hal_sd.c ****   }
2945:Drivers/STM32F4xx_HAL_Driver/Src/stm32f4xx_hal_sd.c ****   else if(__HAL_SD_GET_FLAG(hsd, SDIO_FLAG_RXOVERR))
2946:Drivers/STM32F4xx_HAL_Driver/Src/stm32f4xx_hal_sd.c ****   {
2947:Drivers/STM32F4xx_HAL_Driver/Src/stm32f4xx_hal_sd.c ****     return HAL_SD_ERROR_RX_OVERRUN;
2948:Drivers/STM32F4xx_HAL_Driver/Src/stm32f4xx_hal_sd.c ****   }
2949:Drivers/STM32F4xx_HAL_Driver/Src/stm32f4xx_hal_sd.c ****   else
2950:Drivers/STM32F4xx_HAL_Driver/Src/stm32f4xx_hal_sd.c ****   {
2951:Drivers/STM32F4xx_HAL_Driver/Src/stm32f4xx_hal_sd.c ****     /* Nothing to do */
2952:Drivers/STM32F4xx_HAL_Driver/Src/stm32f4xx_hal_sd.c ****   }
2953:Drivers/STM32F4xx_HAL_Driver/Src/stm32f4xx_hal_sd.c **** 
2954:Drivers/STM32F4xx_HAL_Driver/Src/stm32f4xx_hal_sd.c ****   while ((__HAL_SD_GET_FLAG(hsd, SDIO_FLAG_RXDAVL)))
2955:Drivers/STM32F4xx_HAL_Driver/Src/stm32f4xx_hal_sd.c ****   {
2956:Drivers/STM32F4xx_HAL_Driver/Src/stm32f4xx_hal_sd.c ****     *pData = SDIO_ReadFIFO(hsd->Instance);
2957:Drivers/STM32F4xx_HAL_Driver/Src/stm32f4xx_hal_sd.c ****     pData++;
2958:Drivers/STM32F4xx_HAL_Driver/Src/stm32f4xx_hal_sd.c **** 
2959:Drivers/STM32F4xx_HAL_Driver/Src/stm32f4xx_hal_sd.c ****     if((HAL_GetTick() - tickstart) >=  SDMMC_SWDATATIMEOUT)
2960:Drivers/STM32F4xx_HAL_Driver/Src/stm32f4xx_hal_sd.c ****     {
2961:Drivers/STM32F4xx_HAL_Driver/Src/stm32f4xx_hal_sd.c ****       return HAL_SD_ERROR_TIMEOUT;
2962:Drivers/STM32F4xx_HAL_Driver/Src/stm32f4xx_hal_sd.c ****     }
2963:Drivers/STM32F4xx_HAL_Driver/Src/stm32f4xx_hal_sd.c ****   }
2964:Drivers/STM32F4xx_HAL_Driver/Src/stm32f4xx_hal_sd.c **** 
2965:Drivers/STM32F4xx_HAL_Driver/Src/stm32f4xx_hal_sd.c ****   /* Clear all the static status flags*/
2966:Drivers/STM32F4xx_HAL_Driver/Src/stm32f4xx_hal_sd.c ****   __HAL_SD_CLEAR_FLAG(hsd, SDIO_STATIC_DATA_FLAGS);
2967:Drivers/STM32F4xx_HAL_Driver/Src/stm32f4xx_hal_sd.c **** 
2968:Drivers/STM32F4xx_HAL_Driver/Src/stm32f4xx_hal_sd.c ****   return HAL_SD_ERROR_NONE;
2969:Drivers/STM32F4xx_HAL_Driver/Src/stm32f4xx_hal_sd.c **** }
2970:Drivers/STM32F4xx_HAL_Driver/Src/stm32f4xx_hal_sd.c **** 
2971:Drivers/STM32F4xx_HAL_Driver/Src/stm32f4xx_hal_sd.c **** /**
2972:Drivers/STM32F4xx_HAL_Driver/Src/stm32f4xx_hal_sd.c ****   * @brief  Returns the current card's status.
2973:Drivers/STM32F4xx_HAL_Driver/Src/stm32f4xx_hal_sd.c ****   * @param  hsd: Pointer to SD handle
2974:Drivers/STM32F4xx_HAL_Driver/Src/stm32f4xx_hal_sd.c ****   * @param  pCardStatus: pointer to the buffer that will contain the SD card
2975:Drivers/STM32F4xx_HAL_Driver/Src/stm32f4xx_hal_sd.c ****   *         status (Card Status register)
2976:Drivers/STM32F4xx_HAL_Driver/Src/stm32f4xx_hal_sd.c ****   * @retval error state
2977:Drivers/STM32F4xx_HAL_Driver/Src/stm32f4xx_hal_sd.c ****   */
2978:Drivers/STM32F4xx_HAL_Driver/Src/stm32f4xx_hal_sd.c **** static uint32_t SD_SendStatus(SD_HandleTypeDef *hsd, uint32_t *pCardStatus)
2979:Drivers/STM32F4xx_HAL_Driver/Src/stm32f4xx_hal_sd.c **** {
2980:Drivers/STM32F4xx_HAL_Driver/Src/stm32f4xx_hal_sd.c ****   uint32_t errorstate;
2981:Drivers/STM32F4xx_HAL_Driver/Src/stm32f4xx_hal_sd.c **** 
2982:Drivers/STM32F4xx_HAL_Driver/Src/stm32f4xx_hal_sd.c ****   if(pCardStatus == NULL)
2983:Drivers/STM32F4xx_HAL_Driver/Src/stm32f4xx_hal_sd.c ****   {
2984:Drivers/STM32F4xx_HAL_Driver/Src/stm32f4xx_hal_sd.c ****     return HAL_SD_ERROR_PARAM;
2985:Drivers/STM32F4xx_HAL_Driver/Src/stm32f4xx_hal_sd.c ****   }
2986:Drivers/STM32F4xx_HAL_Driver/Src/stm32f4xx_hal_sd.c **** 
2987:Drivers/STM32F4xx_HAL_Driver/Src/stm32f4xx_hal_sd.c ****   /* Send Status command */
2988:Drivers/STM32F4xx_HAL_Driver/Src/stm32f4xx_hal_sd.c ****   errorstate = SDMMC_CmdSendStatus(hsd->Instance, (uint32_t)(hsd->SdCard.RelCardAdd << 16U));
ARM GAS  C:\Users\40918\AppData\Local\Temp\cc5Xi7iV.s 			page 60


2989:Drivers/STM32F4xx_HAL_Driver/Src/stm32f4xx_hal_sd.c ****   if(errorstate != HAL_SD_ERROR_NONE)
2990:Drivers/STM32F4xx_HAL_Driver/Src/stm32f4xx_hal_sd.c ****   {
2991:Drivers/STM32F4xx_HAL_Driver/Src/stm32f4xx_hal_sd.c ****     return errorstate;
2992:Drivers/STM32F4xx_HAL_Driver/Src/stm32f4xx_hal_sd.c ****   }
2993:Drivers/STM32F4xx_HAL_Driver/Src/stm32f4xx_hal_sd.c **** 
2994:Drivers/STM32F4xx_HAL_Driver/Src/stm32f4xx_hal_sd.c ****   /* Get SD card status */
2995:Drivers/STM32F4xx_HAL_Driver/Src/stm32f4xx_hal_sd.c ****   *pCardStatus = SDIO_GetResponse(hsd->Instance, SDIO_RESP1);
2996:Drivers/STM32F4xx_HAL_Driver/Src/stm32f4xx_hal_sd.c **** 
2997:Drivers/STM32F4xx_HAL_Driver/Src/stm32f4xx_hal_sd.c ****   return HAL_SD_ERROR_NONE;
2998:Drivers/STM32F4xx_HAL_Driver/Src/stm32f4xx_hal_sd.c **** }
2999:Drivers/STM32F4xx_HAL_Driver/Src/stm32f4xx_hal_sd.c **** 
3000:Drivers/STM32F4xx_HAL_Driver/Src/stm32f4xx_hal_sd.c **** /**
3001:Drivers/STM32F4xx_HAL_Driver/Src/stm32f4xx_hal_sd.c ****   * @brief  Enables the SDIO wide bus mode.
3002:Drivers/STM32F4xx_HAL_Driver/Src/stm32f4xx_hal_sd.c ****   * @param  hsd: pointer to SD handle
3003:Drivers/STM32F4xx_HAL_Driver/Src/stm32f4xx_hal_sd.c ****   * @retval error state
3004:Drivers/STM32F4xx_HAL_Driver/Src/stm32f4xx_hal_sd.c ****   */
3005:Drivers/STM32F4xx_HAL_Driver/Src/stm32f4xx_hal_sd.c **** static uint32_t SD_WideBus_Enable(SD_HandleTypeDef *hsd)
3006:Drivers/STM32F4xx_HAL_Driver/Src/stm32f4xx_hal_sd.c **** {
3007:Drivers/STM32F4xx_HAL_Driver/Src/stm32f4xx_hal_sd.c ****   uint32_t scr[2U] = {0U, 0U};
3008:Drivers/STM32F4xx_HAL_Driver/Src/stm32f4xx_hal_sd.c ****   uint32_t errorstate;
3009:Drivers/STM32F4xx_HAL_Driver/Src/stm32f4xx_hal_sd.c **** 
3010:Drivers/STM32F4xx_HAL_Driver/Src/stm32f4xx_hal_sd.c ****   if((SDIO_GetResponse(hsd->Instance, SDIO_RESP1) & SDMMC_CARD_LOCKED) == SDMMC_CARD_LOCKED)
3011:Drivers/STM32F4xx_HAL_Driver/Src/stm32f4xx_hal_sd.c ****   {
3012:Drivers/STM32F4xx_HAL_Driver/Src/stm32f4xx_hal_sd.c ****     return HAL_SD_ERROR_LOCK_UNLOCK_FAILED;
3013:Drivers/STM32F4xx_HAL_Driver/Src/stm32f4xx_hal_sd.c ****   }
3014:Drivers/STM32F4xx_HAL_Driver/Src/stm32f4xx_hal_sd.c **** 
3015:Drivers/STM32F4xx_HAL_Driver/Src/stm32f4xx_hal_sd.c ****   /* Get SCR Register */
3016:Drivers/STM32F4xx_HAL_Driver/Src/stm32f4xx_hal_sd.c ****   errorstate = SD_FindSCR(hsd, scr);
3017:Drivers/STM32F4xx_HAL_Driver/Src/stm32f4xx_hal_sd.c ****   if(errorstate != HAL_SD_ERROR_NONE)
3018:Drivers/STM32F4xx_HAL_Driver/Src/stm32f4xx_hal_sd.c ****   {
3019:Drivers/STM32F4xx_HAL_Driver/Src/stm32f4xx_hal_sd.c ****     return errorstate;
3020:Drivers/STM32F4xx_HAL_Driver/Src/stm32f4xx_hal_sd.c ****   }
3021:Drivers/STM32F4xx_HAL_Driver/Src/stm32f4xx_hal_sd.c **** 
3022:Drivers/STM32F4xx_HAL_Driver/Src/stm32f4xx_hal_sd.c ****   /* If requested card supports wide bus operation */
3023:Drivers/STM32F4xx_HAL_Driver/Src/stm32f4xx_hal_sd.c ****   if((scr[1U] & SDMMC_WIDE_BUS_SUPPORT) != SDMMC_ALLZERO)
3024:Drivers/STM32F4xx_HAL_Driver/Src/stm32f4xx_hal_sd.c ****   {
3025:Drivers/STM32F4xx_HAL_Driver/Src/stm32f4xx_hal_sd.c ****     /* Send CMD55 APP_CMD with argument as card's RCA.*/
3026:Drivers/STM32F4xx_HAL_Driver/Src/stm32f4xx_hal_sd.c ****     errorstate = SDMMC_CmdAppCommand(hsd->Instance, (uint32_t)(hsd->SdCard.RelCardAdd << 16U));
3027:Drivers/STM32F4xx_HAL_Driver/Src/stm32f4xx_hal_sd.c ****     if(errorstate != HAL_SD_ERROR_NONE)
3028:Drivers/STM32F4xx_HAL_Driver/Src/stm32f4xx_hal_sd.c ****     {
3029:Drivers/STM32F4xx_HAL_Driver/Src/stm32f4xx_hal_sd.c ****       return errorstate;
3030:Drivers/STM32F4xx_HAL_Driver/Src/stm32f4xx_hal_sd.c ****     }
3031:Drivers/STM32F4xx_HAL_Driver/Src/stm32f4xx_hal_sd.c **** 
3032:Drivers/STM32F4xx_HAL_Driver/Src/stm32f4xx_hal_sd.c ****     /* Send ACMD6 APP_CMD with argument as 2 for wide bus mode */
3033:Drivers/STM32F4xx_HAL_Driver/Src/stm32f4xx_hal_sd.c ****     errorstate = SDMMC_CmdBusWidth(hsd->Instance, 2U);
3034:Drivers/STM32F4xx_HAL_Driver/Src/stm32f4xx_hal_sd.c ****     if(errorstate != HAL_SD_ERROR_NONE)
3035:Drivers/STM32F4xx_HAL_Driver/Src/stm32f4xx_hal_sd.c ****     {
3036:Drivers/STM32F4xx_HAL_Driver/Src/stm32f4xx_hal_sd.c ****       return errorstate;
3037:Drivers/STM32F4xx_HAL_Driver/Src/stm32f4xx_hal_sd.c ****     }
3038:Drivers/STM32F4xx_HAL_Driver/Src/stm32f4xx_hal_sd.c **** 
3039:Drivers/STM32F4xx_HAL_Driver/Src/stm32f4xx_hal_sd.c ****     return HAL_SD_ERROR_NONE;
3040:Drivers/STM32F4xx_HAL_Driver/Src/stm32f4xx_hal_sd.c ****   }
3041:Drivers/STM32F4xx_HAL_Driver/Src/stm32f4xx_hal_sd.c ****   else
3042:Drivers/STM32F4xx_HAL_Driver/Src/stm32f4xx_hal_sd.c ****   {
3043:Drivers/STM32F4xx_HAL_Driver/Src/stm32f4xx_hal_sd.c ****     return HAL_SD_ERROR_REQUEST_NOT_APPLICABLE;
3044:Drivers/STM32F4xx_HAL_Driver/Src/stm32f4xx_hal_sd.c ****   }
3045:Drivers/STM32F4xx_HAL_Driver/Src/stm32f4xx_hal_sd.c **** }
ARM GAS  C:\Users\40918\AppData\Local\Temp\cc5Xi7iV.s 			page 61


3046:Drivers/STM32F4xx_HAL_Driver/Src/stm32f4xx_hal_sd.c **** 
3047:Drivers/STM32F4xx_HAL_Driver/Src/stm32f4xx_hal_sd.c **** /**
3048:Drivers/STM32F4xx_HAL_Driver/Src/stm32f4xx_hal_sd.c ****   * @brief  Disables the SDIO wide bus mode.
3049:Drivers/STM32F4xx_HAL_Driver/Src/stm32f4xx_hal_sd.c ****   * @param  hsd: Pointer to SD handle
3050:Drivers/STM32F4xx_HAL_Driver/Src/stm32f4xx_hal_sd.c ****   * @retval error state
3051:Drivers/STM32F4xx_HAL_Driver/Src/stm32f4xx_hal_sd.c ****   */
3052:Drivers/STM32F4xx_HAL_Driver/Src/stm32f4xx_hal_sd.c **** static uint32_t SD_WideBus_Disable(SD_HandleTypeDef *hsd)
3053:Drivers/STM32F4xx_HAL_Driver/Src/stm32f4xx_hal_sd.c **** {
3054:Drivers/STM32F4xx_HAL_Driver/Src/stm32f4xx_hal_sd.c ****   uint32_t scr[2U] = {0U, 0U};
3055:Drivers/STM32F4xx_HAL_Driver/Src/stm32f4xx_hal_sd.c ****   uint32_t errorstate;
3056:Drivers/STM32F4xx_HAL_Driver/Src/stm32f4xx_hal_sd.c **** 
3057:Drivers/STM32F4xx_HAL_Driver/Src/stm32f4xx_hal_sd.c ****   if((SDIO_GetResponse(hsd->Instance, SDIO_RESP1) & SDMMC_CARD_LOCKED) == SDMMC_CARD_LOCKED)
3058:Drivers/STM32F4xx_HAL_Driver/Src/stm32f4xx_hal_sd.c ****   {
3059:Drivers/STM32F4xx_HAL_Driver/Src/stm32f4xx_hal_sd.c ****     return HAL_SD_ERROR_LOCK_UNLOCK_FAILED;
3060:Drivers/STM32F4xx_HAL_Driver/Src/stm32f4xx_hal_sd.c ****   }
3061:Drivers/STM32F4xx_HAL_Driver/Src/stm32f4xx_hal_sd.c **** 
3062:Drivers/STM32F4xx_HAL_Driver/Src/stm32f4xx_hal_sd.c ****   /* Get SCR Register */
3063:Drivers/STM32F4xx_HAL_Driver/Src/stm32f4xx_hal_sd.c ****   errorstate = SD_FindSCR(hsd, scr);
3064:Drivers/STM32F4xx_HAL_Driver/Src/stm32f4xx_hal_sd.c ****   if(errorstate != HAL_SD_ERROR_NONE)
3065:Drivers/STM32F4xx_HAL_Driver/Src/stm32f4xx_hal_sd.c ****   {
3066:Drivers/STM32F4xx_HAL_Driver/Src/stm32f4xx_hal_sd.c ****     return errorstate;
3067:Drivers/STM32F4xx_HAL_Driver/Src/stm32f4xx_hal_sd.c ****   }
3068:Drivers/STM32F4xx_HAL_Driver/Src/stm32f4xx_hal_sd.c **** 
3069:Drivers/STM32F4xx_HAL_Driver/Src/stm32f4xx_hal_sd.c ****   /* If requested card supports 1 bit mode operation */
3070:Drivers/STM32F4xx_HAL_Driver/Src/stm32f4xx_hal_sd.c ****   if((scr[1U] & SDMMC_SINGLE_BUS_SUPPORT) != SDMMC_ALLZERO)
3071:Drivers/STM32F4xx_HAL_Driver/Src/stm32f4xx_hal_sd.c ****   {
3072:Drivers/STM32F4xx_HAL_Driver/Src/stm32f4xx_hal_sd.c ****     /* Send CMD55 APP_CMD with argument as card's RCA */
3073:Drivers/STM32F4xx_HAL_Driver/Src/stm32f4xx_hal_sd.c ****     errorstate = SDMMC_CmdAppCommand(hsd->Instance, (uint32_t)(hsd->SdCard.RelCardAdd << 16U));
3074:Drivers/STM32F4xx_HAL_Driver/Src/stm32f4xx_hal_sd.c ****     if(errorstate != HAL_SD_ERROR_NONE)
3075:Drivers/STM32F4xx_HAL_Driver/Src/stm32f4xx_hal_sd.c ****     {
3076:Drivers/STM32F4xx_HAL_Driver/Src/stm32f4xx_hal_sd.c ****       return errorstate;
3077:Drivers/STM32F4xx_HAL_Driver/Src/stm32f4xx_hal_sd.c ****     }
3078:Drivers/STM32F4xx_HAL_Driver/Src/stm32f4xx_hal_sd.c **** 
3079:Drivers/STM32F4xx_HAL_Driver/Src/stm32f4xx_hal_sd.c ****     /* Send ACMD6 APP_CMD with argument as 0 for single bus mode */
3080:Drivers/STM32F4xx_HAL_Driver/Src/stm32f4xx_hal_sd.c ****     errorstate = SDMMC_CmdBusWidth(hsd->Instance, 0U);
3081:Drivers/STM32F4xx_HAL_Driver/Src/stm32f4xx_hal_sd.c ****     if(errorstate != HAL_SD_ERROR_NONE)
3082:Drivers/STM32F4xx_HAL_Driver/Src/stm32f4xx_hal_sd.c ****     {
3083:Drivers/STM32F4xx_HAL_Driver/Src/stm32f4xx_hal_sd.c ****       return errorstate;
3084:Drivers/STM32F4xx_HAL_Driver/Src/stm32f4xx_hal_sd.c ****     }
3085:Drivers/STM32F4xx_HAL_Driver/Src/stm32f4xx_hal_sd.c **** 
3086:Drivers/STM32F4xx_HAL_Driver/Src/stm32f4xx_hal_sd.c ****     return HAL_SD_ERROR_NONE;
3087:Drivers/STM32F4xx_HAL_Driver/Src/stm32f4xx_hal_sd.c ****   }
3088:Drivers/STM32F4xx_HAL_Driver/Src/stm32f4xx_hal_sd.c ****   else
3089:Drivers/STM32F4xx_HAL_Driver/Src/stm32f4xx_hal_sd.c ****   {
3090:Drivers/STM32F4xx_HAL_Driver/Src/stm32f4xx_hal_sd.c ****     return HAL_SD_ERROR_REQUEST_NOT_APPLICABLE;
3091:Drivers/STM32F4xx_HAL_Driver/Src/stm32f4xx_hal_sd.c ****   }
3092:Drivers/STM32F4xx_HAL_Driver/Src/stm32f4xx_hal_sd.c **** }
3093:Drivers/STM32F4xx_HAL_Driver/Src/stm32f4xx_hal_sd.c **** 
3094:Drivers/STM32F4xx_HAL_Driver/Src/stm32f4xx_hal_sd.c **** 
3095:Drivers/STM32F4xx_HAL_Driver/Src/stm32f4xx_hal_sd.c **** /**
3096:Drivers/STM32F4xx_HAL_Driver/Src/stm32f4xx_hal_sd.c ****   * @brief  Finds the SD card SCR register value.
3097:Drivers/STM32F4xx_HAL_Driver/Src/stm32f4xx_hal_sd.c ****   * @param  hsd: Pointer to SD handle
3098:Drivers/STM32F4xx_HAL_Driver/Src/stm32f4xx_hal_sd.c ****   * @param  pSCR: pointer to the buffer that will contain the SCR value
3099:Drivers/STM32F4xx_HAL_Driver/Src/stm32f4xx_hal_sd.c ****   * @retval error state
3100:Drivers/STM32F4xx_HAL_Driver/Src/stm32f4xx_hal_sd.c ****   */
3101:Drivers/STM32F4xx_HAL_Driver/Src/stm32f4xx_hal_sd.c **** static uint32_t SD_FindSCR(SD_HandleTypeDef *hsd, uint32_t *pSCR)
3102:Drivers/STM32F4xx_HAL_Driver/Src/stm32f4xx_hal_sd.c **** {
ARM GAS  C:\Users\40918\AppData\Local\Temp\cc5Xi7iV.s 			page 62


3103:Drivers/STM32F4xx_HAL_Driver/Src/stm32f4xx_hal_sd.c ****   SDIO_DataInitTypeDef config;
3104:Drivers/STM32F4xx_HAL_Driver/Src/stm32f4xx_hal_sd.c ****   uint32_t errorstate;
3105:Drivers/STM32F4xx_HAL_Driver/Src/stm32f4xx_hal_sd.c ****   uint32_t tickstart = HAL_GetTick();
3106:Drivers/STM32F4xx_HAL_Driver/Src/stm32f4xx_hal_sd.c ****   uint32_t index = 0U;
3107:Drivers/STM32F4xx_HAL_Driver/Src/stm32f4xx_hal_sd.c ****   uint32_t tempscr[2U] = {0U, 0U};
3108:Drivers/STM32F4xx_HAL_Driver/Src/stm32f4xx_hal_sd.c ****   uint32_t *scr = pSCR;
3109:Drivers/STM32F4xx_HAL_Driver/Src/stm32f4xx_hal_sd.c **** 
3110:Drivers/STM32F4xx_HAL_Driver/Src/stm32f4xx_hal_sd.c ****   /* Set Block Size To 8 Bytes */
3111:Drivers/STM32F4xx_HAL_Driver/Src/stm32f4xx_hal_sd.c ****   errorstate = SDMMC_CmdBlockLength(hsd->Instance, 8U);
3112:Drivers/STM32F4xx_HAL_Driver/Src/stm32f4xx_hal_sd.c ****   if(errorstate != HAL_SD_ERROR_NONE)
3113:Drivers/STM32F4xx_HAL_Driver/Src/stm32f4xx_hal_sd.c ****   {
3114:Drivers/STM32F4xx_HAL_Driver/Src/stm32f4xx_hal_sd.c ****     return errorstate;
3115:Drivers/STM32F4xx_HAL_Driver/Src/stm32f4xx_hal_sd.c ****   }
3116:Drivers/STM32F4xx_HAL_Driver/Src/stm32f4xx_hal_sd.c **** 
3117:Drivers/STM32F4xx_HAL_Driver/Src/stm32f4xx_hal_sd.c ****   /* Send CMD55 APP_CMD with argument as card's RCA */
3118:Drivers/STM32F4xx_HAL_Driver/Src/stm32f4xx_hal_sd.c ****   errorstate = SDMMC_CmdAppCommand(hsd->Instance, (uint32_t)((hsd->SdCard.RelCardAdd) << 16U));
3119:Drivers/STM32F4xx_HAL_Driver/Src/stm32f4xx_hal_sd.c ****   if(errorstate != HAL_SD_ERROR_NONE)
3120:Drivers/STM32F4xx_HAL_Driver/Src/stm32f4xx_hal_sd.c ****   {
3121:Drivers/STM32F4xx_HAL_Driver/Src/stm32f4xx_hal_sd.c ****     return errorstate;
3122:Drivers/STM32F4xx_HAL_Driver/Src/stm32f4xx_hal_sd.c ****   }
3123:Drivers/STM32F4xx_HAL_Driver/Src/stm32f4xx_hal_sd.c **** 
3124:Drivers/STM32F4xx_HAL_Driver/Src/stm32f4xx_hal_sd.c ****   config.DataTimeOut   = SDMMC_DATATIMEOUT;
3125:Drivers/STM32F4xx_HAL_Driver/Src/stm32f4xx_hal_sd.c ****   config.DataLength    = 8U;
3126:Drivers/STM32F4xx_HAL_Driver/Src/stm32f4xx_hal_sd.c ****   config.DataBlockSize = SDIO_DATABLOCK_SIZE_8B;
3127:Drivers/STM32F4xx_HAL_Driver/Src/stm32f4xx_hal_sd.c ****   config.TransferDir   = SDIO_TRANSFER_DIR_TO_SDIO;
3128:Drivers/STM32F4xx_HAL_Driver/Src/stm32f4xx_hal_sd.c ****   config.TransferMode  = SDIO_TRANSFER_MODE_BLOCK;
3129:Drivers/STM32F4xx_HAL_Driver/Src/stm32f4xx_hal_sd.c ****   config.DPSM          = SDIO_DPSM_ENABLE;
3130:Drivers/STM32F4xx_HAL_Driver/Src/stm32f4xx_hal_sd.c ****   (void)SDIO_ConfigData(hsd->Instance, &config);
3131:Drivers/STM32F4xx_HAL_Driver/Src/stm32f4xx_hal_sd.c **** 
3132:Drivers/STM32F4xx_HAL_Driver/Src/stm32f4xx_hal_sd.c ****   /* Send ACMD51 SD_APP_SEND_SCR with argument as 0 */
3133:Drivers/STM32F4xx_HAL_Driver/Src/stm32f4xx_hal_sd.c ****   errorstate = SDMMC_CmdSendSCR(hsd->Instance);
3134:Drivers/STM32F4xx_HAL_Driver/Src/stm32f4xx_hal_sd.c ****   if(errorstate != HAL_SD_ERROR_NONE)
3135:Drivers/STM32F4xx_HAL_Driver/Src/stm32f4xx_hal_sd.c ****   {
3136:Drivers/STM32F4xx_HAL_Driver/Src/stm32f4xx_hal_sd.c ****     return errorstate;
3137:Drivers/STM32F4xx_HAL_Driver/Src/stm32f4xx_hal_sd.c ****   }
3138:Drivers/STM32F4xx_HAL_Driver/Src/stm32f4xx_hal_sd.c **** 
3139:Drivers/STM32F4xx_HAL_Driver/Src/stm32f4xx_hal_sd.c ****   while(!__HAL_SD_GET_FLAG(hsd, SDIO_FLAG_RXOVERR | SDIO_FLAG_DCRCFAIL | SDIO_FLAG_DTIMEOUT))
3140:Drivers/STM32F4xx_HAL_Driver/Src/stm32f4xx_hal_sd.c ****   {
3141:Drivers/STM32F4xx_HAL_Driver/Src/stm32f4xx_hal_sd.c ****     if(__HAL_SD_GET_FLAG(hsd, SDIO_FLAG_RXDAVL))
3142:Drivers/STM32F4xx_HAL_Driver/Src/stm32f4xx_hal_sd.c ****     {
3143:Drivers/STM32F4xx_HAL_Driver/Src/stm32f4xx_hal_sd.c ****       *(tempscr + index) = SDIO_ReadFIFO(hsd->Instance);
3144:Drivers/STM32F4xx_HAL_Driver/Src/stm32f4xx_hal_sd.c ****       index++;
3145:Drivers/STM32F4xx_HAL_Driver/Src/stm32f4xx_hal_sd.c ****     }
3146:Drivers/STM32F4xx_HAL_Driver/Src/stm32f4xx_hal_sd.c ****     else if(!__HAL_SD_GET_FLAG(hsd, SDIO_FLAG_RXACT))
3147:Drivers/STM32F4xx_HAL_Driver/Src/stm32f4xx_hal_sd.c ****     {
3148:Drivers/STM32F4xx_HAL_Driver/Src/stm32f4xx_hal_sd.c ****       break;
3149:Drivers/STM32F4xx_HAL_Driver/Src/stm32f4xx_hal_sd.c ****     }
3150:Drivers/STM32F4xx_HAL_Driver/Src/stm32f4xx_hal_sd.c **** 
3151:Drivers/STM32F4xx_HAL_Driver/Src/stm32f4xx_hal_sd.c ****     if((HAL_GetTick() - tickstart) >=  SDMMC_SWDATATIMEOUT)
3152:Drivers/STM32F4xx_HAL_Driver/Src/stm32f4xx_hal_sd.c ****     {
3153:Drivers/STM32F4xx_HAL_Driver/Src/stm32f4xx_hal_sd.c ****       return HAL_SD_ERROR_TIMEOUT;
3154:Drivers/STM32F4xx_HAL_Driver/Src/stm32f4xx_hal_sd.c ****     }
3155:Drivers/STM32F4xx_HAL_Driver/Src/stm32f4xx_hal_sd.c ****   }
3156:Drivers/STM32F4xx_HAL_Driver/Src/stm32f4xx_hal_sd.c **** 
3157:Drivers/STM32F4xx_HAL_Driver/Src/stm32f4xx_hal_sd.c **** #if defined(SDIO_STA_STBITERR)
3158:Drivers/STM32F4xx_HAL_Driver/Src/stm32f4xx_hal_sd.c ****   if(__HAL_SD_GET_FLAG(hsd, SDIO_FLAG_DTIMEOUT) || (__HAL_SD_GET_FLAG(hsd, SDIO_FLAG_STBITERR)))
3159:Drivers/STM32F4xx_HAL_Driver/Src/stm32f4xx_hal_sd.c **** #else /* SDIO_STA_STBITERR not defined */
ARM GAS  C:\Users\40918\AppData\Local\Temp\cc5Xi7iV.s 			page 63


3160:Drivers/STM32F4xx_HAL_Driver/Src/stm32f4xx_hal_sd.c ****   if(__HAL_SD_GET_FLAG(hsd, SDIO_FLAG_DTIMEOUT))
3161:Drivers/STM32F4xx_HAL_Driver/Src/stm32f4xx_hal_sd.c **** #endif /* SDIO_STA_STBITERR */
3162:Drivers/STM32F4xx_HAL_Driver/Src/stm32f4xx_hal_sd.c ****   {
3163:Drivers/STM32F4xx_HAL_Driver/Src/stm32f4xx_hal_sd.c ****     __HAL_SD_CLEAR_FLAG(hsd, SDIO_FLAG_DTIMEOUT);
3164:Drivers/STM32F4xx_HAL_Driver/Src/stm32f4xx_hal_sd.c **** 
3165:Drivers/STM32F4xx_HAL_Driver/Src/stm32f4xx_hal_sd.c ****     return HAL_SD_ERROR_DATA_TIMEOUT;
3166:Drivers/STM32F4xx_HAL_Driver/Src/stm32f4xx_hal_sd.c ****   }
3167:Drivers/STM32F4xx_HAL_Driver/Src/stm32f4xx_hal_sd.c ****   else if(__HAL_SD_GET_FLAG(hsd, SDIO_FLAG_DCRCFAIL))
3168:Drivers/STM32F4xx_HAL_Driver/Src/stm32f4xx_hal_sd.c ****   {
3169:Drivers/STM32F4xx_HAL_Driver/Src/stm32f4xx_hal_sd.c ****     __HAL_SD_CLEAR_FLAG(hsd, SDIO_FLAG_DCRCFAIL);
3170:Drivers/STM32F4xx_HAL_Driver/Src/stm32f4xx_hal_sd.c **** 
3171:Drivers/STM32F4xx_HAL_Driver/Src/stm32f4xx_hal_sd.c ****     return HAL_SD_ERROR_DATA_CRC_FAIL;
3172:Drivers/STM32F4xx_HAL_Driver/Src/stm32f4xx_hal_sd.c ****   }
3173:Drivers/STM32F4xx_HAL_Driver/Src/stm32f4xx_hal_sd.c ****   else if(__HAL_SD_GET_FLAG(hsd, SDIO_FLAG_RXOVERR))
3174:Drivers/STM32F4xx_HAL_Driver/Src/stm32f4xx_hal_sd.c ****   {
3175:Drivers/STM32F4xx_HAL_Driver/Src/stm32f4xx_hal_sd.c ****     __HAL_SD_CLEAR_FLAG(hsd, SDIO_FLAG_RXOVERR);
3176:Drivers/STM32F4xx_HAL_Driver/Src/stm32f4xx_hal_sd.c **** 
3177:Drivers/STM32F4xx_HAL_Driver/Src/stm32f4xx_hal_sd.c ****     return HAL_SD_ERROR_RX_OVERRUN;
3178:Drivers/STM32F4xx_HAL_Driver/Src/stm32f4xx_hal_sd.c ****   }
3179:Drivers/STM32F4xx_HAL_Driver/Src/stm32f4xx_hal_sd.c ****   else
3180:Drivers/STM32F4xx_HAL_Driver/Src/stm32f4xx_hal_sd.c ****   {
3181:Drivers/STM32F4xx_HAL_Driver/Src/stm32f4xx_hal_sd.c ****     /* No error flag set */
3182:Drivers/STM32F4xx_HAL_Driver/Src/stm32f4xx_hal_sd.c ****     /* Clear all the static flags */
3183:Drivers/STM32F4xx_HAL_Driver/Src/stm32f4xx_hal_sd.c ****     __HAL_SD_CLEAR_FLAG(hsd, SDIO_STATIC_DATA_FLAGS);
3184:Drivers/STM32F4xx_HAL_Driver/Src/stm32f4xx_hal_sd.c **** 
3185:Drivers/STM32F4xx_HAL_Driver/Src/stm32f4xx_hal_sd.c ****     *scr = (((tempscr[1] & SDMMC_0TO7BITS) << 24)  | ((tempscr[1] & SDMMC_8TO15BITS) << 8) |\
3186:Drivers/STM32F4xx_HAL_Driver/Src/stm32f4xx_hal_sd.c ****             ((tempscr[1] & SDMMC_16TO23BITS) >> 8) | ((tempscr[1] & SDMMC_24TO31BITS) >> 24));
3187:Drivers/STM32F4xx_HAL_Driver/Src/stm32f4xx_hal_sd.c ****     scr++;
3188:Drivers/STM32F4xx_HAL_Driver/Src/stm32f4xx_hal_sd.c ****     *scr = (((tempscr[0] & SDMMC_0TO7BITS) << 24)  | ((tempscr[0] & SDMMC_8TO15BITS) << 8) |\
3189:Drivers/STM32F4xx_HAL_Driver/Src/stm32f4xx_hal_sd.c ****             ((tempscr[0] & SDMMC_16TO23BITS) >> 8) | ((tempscr[0] & SDMMC_24TO31BITS) >> 24));
3190:Drivers/STM32F4xx_HAL_Driver/Src/stm32f4xx_hal_sd.c **** 
3191:Drivers/STM32F4xx_HAL_Driver/Src/stm32f4xx_hal_sd.c ****   }
3192:Drivers/STM32F4xx_HAL_Driver/Src/stm32f4xx_hal_sd.c **** 
3193:Drivers/STM32F4xx_HAL_Driver/Src/stm32f4xx_hal_sd.c ****   return HAL_SD_ERROR_NONE;
3194:Drivers/STM32F4xx_HAL_Driver/Src/stm32f4xx_hal_sd.c **** }
3195:Drivers/STM32F4xx_HAL_Driver/Src/stm32f4xx_hal_sd.c **** 
3196:Drivers/STM32F4xx_HAL_Driver/Src/stm32f4xx_hal_sd.c **** /**
3197:Drivers/STM32F4xx_HAL_Driver/Src/stm32f4xx_hal_sd.c ****   * @brief  Wrap up reading in non-blocking mode.
3198:Drivers/STM32F4xx_HAL_Driver/Src/stm32f4xx_hal_sd.c ****   * @param  hsd: pointer to a SD_HandleTypeDef structure that contains
3199:Drivers/STM32F4xx_HAL_Driver/Src/stm32f4xx_hal_sd.c ****   *              the configuration information.
3200:Drivers/STM32F4xx_HAL_Driver/Src/stm32f4xx_hal_sd.c ****   * @retval None
3201:Drivers/STM32F4xx_HAL_Driver/Src/stm32f4xx_hal_sd.c ****   */
3202:Drivers/STM32F4xx_HAL_Driver/Src/stm32f4xx_hal_sd.c **** static void SD_Read_IT(SD_HandleTypeDef *hsd)
3203:Drivers/STM32F4xx_HAL_Driver/Src/stm32f4xx_hal_sd.c **** {
 320              		.loc 1 3203 1 is_stmt 1 view -0
 321              		.cfi_startproc
 322              		@ args = 0, pretend = 0, frame = 0
 323              		@ frame_needed = 0, uses_anonymous_args = 0
 324              		.loc 1 3203 1 is_stmt 0 view .LVU88
 325 0000 F8B5     		push	{r3, r4, r5, r6, r7, lr}
 326              	.LCFI5:
 327              		.cfi_def_cfa_offset 24
 328              		.cfi_offset 3, -24
 329              		.cfi_offset 4, -20
 330              		.cfi_offset 5, -16
 331              		.cfi_offset 6, -12
 332              		.cfi_offset 7, -8
ARM GAS  C:\Users\40918\AppData\Local\Temp\cc5Xi7iV.s 			page 64


 333              		.cfi_offset 14, -4
3204:Drivers/STM32F4xx_HAL_Driver/Src/stm32f4xx_hal_sd.c ****   uint32_t count, data, dataremaining;
 334              		.loc 1 3204 3 is_stmt 1 view .LVU89
3205:Drivers/STM32F4xx_HAL_Driver/Src/stm32f4xx_hal_sd.c ****   uint8_t* tmp;
 335              		.loc 1 3205 3 view .LVU90
3206:Drivers/STM32F4xx_HAL_Driver/Src/stm32f4xx_hal_sd.c **** 
3207:Drivers/STM32F4xx_HAL_Driver/Src/stm32f4xx_hal_sd.c ****   tmp = hsd->pRxBuffPtr;
 336              		.loc 1 3207 3 view .LVU91
 337              		.loc 1 3207 7 is_stmt 0 view .LVU92
 338 0002 846A     		ldr	r4, [r0, #40]
 339              	.LVL36:
3208:Drivers/STM32F4xx_HAL_Driver/Src/stm32f4xx_hal_sd.c ****   dataremaining = hsd->RxXferSize;
 340              		.loc 1 3208 3 is_stmt 1 view .LVU93
 341              		.loc 1 3208 17 is_stmt 0 view .LVU94
 342 0004 C66A     		ldr	r6, [r0, #44]
 343              	.LVL37:
3209:Drivers/STM32F4xx_HAL_Driver/Src/stm32f4xx_hal_sd.c **** 
3210:Drivers/STM32F4xx_HAL_Driver/Src/stm32f4xx_hal_sd.c ****   if (dataremaining > 0U)
 344              		.loc 1 3210 3 is_stmt 1 view .LVU95
 345              		.loc 1 3210 6 is_stmt 0 view .LVU96
 346 0006 A6B9     		cbnz	r6, .L29
 347              	.LVL38:
 348              	.L25:
3211:Drivers/STM32F4xx_HAL_Driver/Src/stm32f4xx_hal_sd.c ****   {
3212:Drivers/STM32F4xx_HAL_Driver/Src/stm32f4xx_hal_sd.c ****     /* Read data from SDIO Rx FIFO */
3213:Drivers/STM32F4xx_HAL_Driver/Src/stm32f4xx_hal_sd.c ****     for(count = 0U; count < 8U; count++)
3214:Drivers/STM32F4xx_HAL_Driver/Src/stm32f4xx_hal_sd.c ****     {
3215:Drivers/STM32F4xx_HAL_Driver/Src/stm32f4xx_hal_sd.c ****       data = SDIO_ReadFIFO(hsd->Instance);
3216:Drivers/STM32F4xx_HAL_Driver/Src/stm32f4xx_hal_sd.c ****       *tmp = (uint8_t)(data & 0xFFU);
3217:Drivers/STM32F4xx_HAL_Driver/Src/stm32f4xx_hal_sd.c ****       tmp++;
3218:Drivers/STM32F4xx_HAL_Driver/Src/stm32f4xx_hal_sd.c ****       dataremaining--;
3219:Drivers/STM32F4xx_HAL_Driver/Src/stm32f4xx_hal_sd.c ****       *tmp = (uint8_t)((data >> 8U) & 0xFFU);
3220:Drivers/STM32F4xx_HAL_Driver/Src/stm32f4xx_hal_sd.c ****       tmp++;
3221:Drivers/STM32F4xx_HAL_Driver/Src/stm32f4xx_hal_sd.c ****       dataremaining--;
3222:Drivers/STM32F4xx_HAL_Driver/Src/stm32f4xx_hal_sd.c ****       *tmp = (uint8_t)((data >> 16U) & 0xFFU);
3223:Drivers/STM32F4xx_HAL_Driver/Src/stm32f4xx_hal_sd.c ****       tmp++;
3224:Drivers/STM32F4xx_HAL_Driver/Src/stm32f4xx_hal_sd.c ****       dataremaining--;
3225:Drivers/STM32F4xx_HAL_Driver/Src/stm32f4xx_hal_sd.c ****       *tmp = (uint8_t)((data >> 24U) & 0xFFU);
3226:Drivers/STM32F4xx_HAL_Driver/Src/stm32f4xx_hal_sd.c ****       tmp++;
3227:Drivers/STM32F4xx_HAL_Driver/Src/stm32f4xx_hal_sd.c ****       dataremaining--;
3228:Drivers/STM32F4xx_HAL_Driver/Src/stm32f4xx_hal_sd.c ****     }
3229:Drivers/STM32F4xx_HAL_Driver/Src/stm32f4xx_hal_sd.c **** 
3230:Drivers/STM32F4xx_HAL_Driver/Src/stm32f4xx_hal_sd.c ****     hsd->pRxBuffPtr = tmp;
3231:Drivers/STM32F4xx_HAL_Driver/Src/stm32f4xx_hal_sd.c ****     hsd->RxXferSize = dataremaining;
3232:Drivers/STM32F4xx_HAL_Driver/Src/stm32f4xx_hal_sd.c ****   }
3233:Drivers/STM32F4xx_HAL_Driver/Src/stm32f4xx_hal_sd.c **** }
 349              		.loc 1 3233 1 view .LVU97
 350 0008 F8BD     		pop	{r3, r4, r5, r6, r7, pc}
 351              	.LVL39:
 352              	.L28:
3215:Drivers/STM32F4xx_HAL_Driver/Src/stm32f4xx_hal_sd.c ****       *tmp = (uint8_t)(data & 0xFFU);
 353              		.loc 1 3215 7 is_stmt 1 view .LVU98
3215:Drivers/STM32F4xx_HAL_Driver/Src/stm32f4xx_hal_sd.c ****       *tmp = (uint8_t)(data & 0xFFU);
 354              		.loc 1 3215 14 is_stmt 0 view .LVU99
 355 000a 3868     		ldr	r0, [r7]
 356 000c FFF7FEFF 		bl	SDIO_ReadFIFO
 357              	.LVL40:
ARM GAS  C:\Users\40918\AppData\Local\Temp\cc5Xi7iV.s 			page 65


3216:Drivers/STM32F4xx_HAL_Driver/Src/stm32f4xx_hal_sd.c ****       tmp++;
 358              		.loc 1 3216 7 is_stmt 1 view .LVU100
3216:Drivers/STM32F4xx_HAL_Driver/Src/stm32f4xx_hal_sd.c ****       tmp++;
 359              		.loc 1 3216 12 is_stmt 0 view .LVU101
 360 0010 2070     		strb	r0, [r4]
3217:Drivers/STM32F4xx_HAL_Driver/Src/stm32f4xx_hal_sd.c ****       dataremaining--;
 361              		.loc 1 3217 7 is_stmt 1 view .LVU102
 362              	.LVL41:
3218:Drivers/STM32F4xx_HAL_Driver/Src/stm32f4xx_hal_sd.c ****       *tmp = (uint8_t)((data >> 8U) & 0xFFU);
 363              		.loc 1 3218 7 view .LVU103
3219:Drivers/STM32F4xx_HAL_Driver/Src/stm32f4xx_hal_sd.c ****       tmp++;
 364              		.loc 1 3219 7 view .LVU104
3219:Drivers/STM32F4xx_HAL_Driver/Src/stm32f4xx_hal_sd.c ****       tmp++;
 365              		.loc 1 3219 14 is_stmt 0 view .LVU105
 366 0012 C0F30723 		ubfx	r3, r0, #8, #8
3219:Drivers/STM32F4xx_HAL_Driver/Src/stm32f4xx_hal_sd.c ****       tmp++;
 367              		.loc 1 3219 12 view .LVU106
 368 0016 6370     		strb	r3, [r4, #1]
3220:Drivers/STM32F4xx_HAL_Driver/Src/stm32f4xx_hal_sd.c ****       dataremaining--;
 369              		.loc 1 3220 7 is_stmt 1 view .LVU107
 370              	.LVL42:
3221:Drivers/STM32F4xx_HAL_Driver/Src/stm32f4xx_hal_sd.c ****       *tmp = (uint8_t)((data >> 16U) & 0xFFU);
 371              		.loc 1 3221 7 view .LVU108
3222:Drivers/STM32F4xx_HAL_Driver/Src/stm32f4xx_hal_sd.c ****       tmp++;
 372              		.loc 1 3222 7 view .LVU109
3222:Drivers/STM32F4xx_HAL_Driver/Src/stm32f4xx_hal_sd.c ****       tmp++;
 373              		.loc 1 3222 14 is_stmt 0 view .LVU110
 374 0018 C0F30743 		ubfx	r3, r0, #16, #8
3222:Drivers/STM32F4xx_HAL_Driver/Src/stm32f4xx_hal_sd.c ****       tmp++;
 375              		.loc 1 3222 12 view .LVU111
 376 001c A370     		strb	r3, [r4, #2]
3223:Drivers/STM32F4xx_HAL_Driver/Src/stm32f4xx_hal_sd.c ****       dataremaining--;
 377              		.loc 1 3223 7 is_stmt 1 view .LVU112
 378              	.LVL43:
3224:Drivers/STM32F4xx_HAL_Driver/Src/stm32f4xx_hal_sd.c ****       *tmp = (uint8_t)((data >> 24U) & 0xFFU);
 379              		.loc 1 3224 7 view .LVU113
3225:Drivers/STM32F4xx_HAL_Driver/Src/stm32f4xx_hal_sd.c ****       tmp++;
 380              		.loc 1 3225 7 view .LVU114
3225:Drivers/STM32F4xx_HAL_Driver/Src/stm32f4xx_hal_sd.c ****       tmp++;
 381              		.loc 1 3225 14 is_stmt 0 view .LVU115
 382 001e 000E     		lsrs	r0, r0, #24
 383              	.LVL44:
3225:Drivers/STM32F4xx_HAL_Driver/Src/stm32f4xx_hal_sd.c ****       tmp++;
 384              		.loc 1 3225 12 view .LVU116
 385 0020 E070     		strb	r0, [r4, #3]
3226:Drivers/STM32F4xx_HAL_Driver/Src/stm32f4xx_hal_sd.c ****       dataremaining--;
 386              		.loc 1 3226 7 is_stmt 1 view .LVU117
3226:Drivers/STM32F4xx_HAL_Driver/Src/stm32f4xx_hal_sd.c ****       dataremaining--;
 387              		.loc 1 3226 10 is_stmt 0 view .LVU118
 388 0022 0434     		adds	r4, r4, #4
 389              	.LVL45:
3227:Drivers/STM32F4xx_HAL_Driver/Src/stm32f4xx_hal_sd.c ****     }
 390              		.loc 1 3227 7 is_stmt 1 view .LVU119
3227:Drivers/STM32F4xx_HAL_Driver/Src/stm32f4xx_hal_sd.c ****     }
 391              		.loc 1 3227 20 is_stmt 0 view .LVU120
 392 0024 043E     		subs	r6, r6, #4
 393              	.LVL46:
ARM GAS  C:\Users\40918\AppData\Local\Temp\cc5Xi7iV.s 			page 66


3213:Drivers/STM32F4xx_HAL_Driver/Src/stm32f4xx_hal_sd.c ****     {
 394              		.loc 1 3213 38 is_stmt 1 discriminator 3 view .LVU121
 395 0026 0135     		adds	r5, r5, #1
 396              	.LVL47:
 397              	.L26:
3213:Drivers/STM32F4xx_HAL_Driver/Src/stm32f4xx_hal_sd.c ****     {
 398              		.loc 1 3213 27 discriminator 1 view .LVU122
 399 0028 072D     		cmp	r5, #7
 400 002a EED9     		bls	.L28
3230:Drivers/STM32F4xx_HAL_Driver/Src/stm32f4xx_hal_sd.c ****     hsd->RxXferSize = dataremaining;
 401              		.loc 1 3230 5 view .LVU123
3230:Drivers/STM32F4xx_HAL_Driver/Src/stm32f4xx_hal_sd.c ****     hsd->RxXferSize = dataremaining;
 402              		.loc 1 3230 21 is_stmt 0 view .LVU124
 403 002c BC62     		str	r4, [r7, #40]
3231:Drivers/STM32F4xx_HAL_Driver/Src/stm32f4xx_hal_sd.c ****   }
 404              		.loc 1 3231 5 is_stmt 1 view .LVU125
3231:Drivers/STM32F4xx_HAL_Driver/Src/stm32f4xx_hal_sd.c ****   }
 405              		.loc 1 3231 21 is_stmt 0 view .LVU126
 406 002e FE62     		str	r6, [r7, #44]
 407              		.loc 1 3233 1 view .LVU127
 408 0030 EAE7     		b	.L25
 409              	.LVL48:
 410              	.L29:
 411              		.loc 1 3233 1 view .LVU128
 412 0032 0746     		mov	r7, r0
3213:Drivers/STM32F4xx_HAL_Driver/Src/stm32f4xx_hal_sd.c ****     {
 413              		.loc 1 3213 15 view .LVU129
 414 0034 0025     		movs	r5, #0
 415 0036 F7E7     		b	.L26
 416              		.cfi_endproc
 417              	.LFE279:
 419              		.section	.text.SD_Write_IT,"ax",%progbits
 420              		.align	1
 421              		.syntax unified
 422              		.thumb
 423              		.thumb_func
 425              	SD_Write_IT:
 426              	.LVL49:
 427              	.LFB280:
3234:Drivers/STM32F4xx_HAL_Driver/Src/stm32f4xx_hal_sd.c **** 
3235:Drivers/STM32F4xx_HAL_Driver/Src/stm32f4xx_hal_sd.c **** /**
3236:Drivers/STM32F4xx_HAL_Driver/Src/stm32f4xx_hal_sd.c ****   * @brief  Wrap up writing in non-blocking mode.
3237:Drivers/STM32F4xx_HAL_Driver/Src/stm32f4xx_hal_sd.c ****   * @param  hsd: pointer to a SD_HandleTypeDef structure that contains
3238:Drivers/STM32F4xx_HAL_Driver/Src/stm32f4xx_hal_sd.c ****   *              the configuration information.
3239:Drivers/STM32F4xx_HAL_Driver/Src/stm32f4xx_hal_sd.c ****   * @retval None
3240:Drivers/STM32F4xx_HAL_Driver/Src/stm32f4xx_hal_sd.c ****   */
3241:Drivers/STM32F4xx_HAL_Driver/Src/stm32f4xx_hal_sd.c **** static void SD_Write_IT(SD_HandleTypeDef *hsd)
3242:Drivers/STM32F4xx_HAL_Driver/Src/stm32f4xx_hal_sd.c **** {
 428              		.loc 1 3242 1 is_stmt 1 view -0
 429              		.cfi_startproc
 430              		@ args = 0, pretend = 0, frame = 8
 431              		@ frame_needed = 0, uses_anonymous_args = 0
 432              		.loc 1 3242 1 is_stmt 0 view .LVU131
 433 0000 F0B5     		push	{r4, r5, r6, r7, lr}
 434              	.LCFI6:
 435              		.cfi_def_cfa_offset 20
 436              		.cfi_offset 4, -20
ARM GAS  C:\Users\40918\AppData\Local\Temp\cc5Xi7iV.s 			page 67


 437              		.cfi_offset 5, -16
 438              		.cfi_offset 6, -12
 439              		.cfi_offset 7, -8
 440              		.cfi_offset 14, -4
 441 0002 83B0     		sub	sp, sp, #12
 442              	.LCFI7:
 443              		.cfi_def_cfa_offset 32
3243:Drivers/STM32F4xx_HAL_Driver/Src/stm32f4xx_hal_sd.c ****   uint32_t count, data, dataremaining;
 444              		.loc 1 3243 3 is_stmt 1 view .LVU132
3244:Drivers/STM32F4xx_HAL_Driver/Src/stm32f4xx_hal_sd.c ****   uint8_t* tmp;
 445              		.loc 1 3244 3 view .LVU133
3245:Drivers/STM32F4xx_HAL_Driver/Src/stm32f4xx_hal_sd.c **** 
3246:Drivers/STM32F4xx_HAL_Driver/Src/stm32f4xx_hal_sd.c ****   tmp = hsd->pTxBuffPtr;
 446              		.loc 1 3246 3 view .LVU134
 447              		.loc 1 3246 7 is_stmt 0 view .LVU135
 448 0004 046A     		ldr	r4, [r0, #32]
 449              	.LVL50:
3247:Drivers/STM32F4xx_HAL_Driver/Src/stm32f4xx_hal_sd.c ****   dataremaining = hsd->TxXferSize;
 450              		.loc 1 3247 3 is_stmt 1 view .LVU136
 451              		.loc 1 3247 17 is_stmt 0 view .LVU137
 452 0006 466A     		ldr	r6, [r0, #36]
 453              	.LVL51:
3248:Drivers/STM32F4xx_HAL_Driver/Src/stm32f4xx_hal_sd.c **** 
3249:Drivers/STM32F4xx_HAL_Driver/Src/stm32f4xx_hal_sd.c ****   if (dataremaining > 0U)
 454              		.loc 1 3249 3 is_stmt 1 view .LVU138
 455              		.loc 1 3249 6 is_stmt 0 view .LVU139
 456 0008 DEB9     		cbnz	r6, .L35
 457              	.LVL52:
 458              	.L31:
3250:Drivers/STM32F4xx_HAL_Driver/Src/stm32f4xx_hal_sd.c ****   {
3251:Drivers/STM32F4xx_HAL_Driver/Src/stm32f4xx_hal_sd.c ****     /* Write data to SDIO Tx FIFO */
3252:Drivers/STM32F4xx_HAL_Driver/Src/stm32f4xx_hal_sd.c ****     for(count = 0U; count < 8U; count++)
3253:Drivers/STM32F4xx_HAL_Driver/Src/stm32f4xx_hal_sd.c ****     {
3254:Drivers/STM32F4xx_HAL_Driver/Src/stm32f4xx_hal_sd.c ****       data = (uint32_t)(*tmp);
3255:Drivers/STM32F4xx_HAL_Driver/Src/stm32f4xx_hal_sd.c ****       tmp++;
3256:Drivers/STM32F4xx_HAL_Driver/Src/stm32f4xx_hal_sd.c ****       dataremaining--;
3257:Drivers/STM32F4xx_HAL_Driver/Src/stm32f4xx_hal_sd.c ****       data |= ((uint32_t)(*tmp) << 8U);
3258:Drivers/STM32F4xx_HAL_Driver/Src/stm32f4xx_hal_sd.c ****       tmp++;
3259:Drivers/STM32F4xx_HAL_Driver/Src/stm32f4xx_hal_sd.c ****       dataremaining--;
3260:Drivers/STM32F4xx_HAL_Driver/Src/stm32f4xx_hal_sd.c ****       data |= ((uint32_t)(*tmp) << 16U);
3261:Drivers/STM32F4xx_HAL_Driver/Src/stm32f4xx_hal_sd.c ****       tmp++;
3262:Drivers/STM32F4xx_HAL_Driver/Src/stm32f4xx_hal_sd.c ****       dataremaining--;
3263:Drivers/STM32F4xx_HAL_Driver/Src/stm32f4xx_hal_sd.c ****       data |= ((uint32_t)(*tmp) << 24U);
3264:Drivers/STM32F4xx_HAL_Driver/Src/stm32f4xx_hal_sd.c ****       tmp++;
3265:Drivers/STM32F4xx_HAL_Driver/Src/stm32f4xx_hal_sd.c ****       dataremaining--;
3266:Drivers/STM32F4xx_HAL_Driver/Src/stm32f4xx_hal_sd.c ****       (void)SDIO_WriteFIFO(hsd->Instance, &data);
3267:Drivers/STM32F4xx_HAL_Driver/Src/stm32f4xx_hal_sd.c ****     }
3268:Drivers/STM32F4xx_HAL_Driver/Src/stm32f4xx_hal_sd.c **** 
3269:Drivers/STM32F4xx_HAL_Driver/Src/stm32f4xx_hal_sd.c ****     hsd->pTxBuffPtr = tmp;
3270:Drivers/STM32F4xx_HAL_Driver/Src/stm32f4xx_hal_sd.c ****     hsd->TxXferSize = dataremaining;
3271:Drivers/STM32F4xx_HAL_Driver/Src/stm32f4xx_hal_sd.c ****   }
3272:Drivers/STM32F4xx_HAL_Driver/Src/stm32f4xx_hal_sd.c **** }
 459              		.loc 1 3272 1 view .LVU140
 460 000a 03B0     		add	sp, sp, #12
 461              	.LCFI8:
 462              		.cfi_remember_state
 463              		.cfi_def_cfa_offset 20
ARM GAS  C:\Users\40918\AppData\Local\Temp\cc5Xi7iV.s 			page 68


 464              		@ sp needed
 465 000c F0BD     		pop	{r4, r5, r6, r7, pc}
 466              	.LVL53:
 467              	.L34:
 468              	.LCFI9:
 469              		.cfi_restore_state
3254:Drivers/STM32F4xx_HAL_Driver/Src/stm32f4xx_hal_sd.c ****       tmp++;
 470              		.loc 1 3254 7 is_stmt 1 view .LVU141
3254:Drivers/STM32F4xx_HAL_Driver/Src/stm32f4xx_hal_sd.c ****       tmp++;
 471              		.loc 1 3254 25 is_stmt 0 view .LVU142
 472 000e 2378     		ldrb	r3, [r4]	@ zero_extendqisi2
3254:Drivers/STM32F4xx_HAL_Driver/Src/stm32f4xx_hal_sd.c ****       tmp++;
 473              		.loc 1 3254 12 view .LVU143
 474 0010 0193     		str	r3, [sp, #4]
3255:Drivers/STM32F4xx_HAL_Driver/Src/stm32f4xx_hal_sd.c ****       dataremaining--;
 475              		.loc 1 3255 7 is_stmt 1 view .LVU144
 476              	.LVL54:
3256:Drivers/STM32F4xx_HAL_Driver/Src/stm32f4xx_hal_sd.c ****       data |= ((uint32_t)(*tmp) << 8U);
 477              		.loc 1 3256 7 view .LVU145
3257:Drivers/STM32F4xx_HAL_Driver/Src/stm32f4xx_hal_sd.c ****       tmp++;
 478              		.loc 1 3257 7 view .LVU146
3257:Drivers/STM32F4xx_HAL_Driver/Src/stm32f4xx_hal_sd.c ****       tmp++;
 479              		.loc 1 3257 27 is_stmt 0 view .LVU147
 480 0012 6278     		ldrb	r2, [r4, #1]	@ zero_extendqisi2
3257:Drivers/STM32F4xx_HAL_Driver/Src/stm32f4xx_hal_sd.c ****       tmp++;
 481              		.loc 1 3257 12 view .LVU148
 482 0014 43EA0223 		orr	r3, r3, r2, lsl #8
 483 0018 0193     		str	r3, [sp, #4]
3258:Drivers/STM32F4xx_HAL_Driver/Src/stm32f4xx_hal_sd.c ****       dataremaining--;
 484              		.loc 1 3258 7 is_stmt 1 view .LVU149
 485              	.LVL55:
3259:Drivers/STM32F4xx_HAL_Driver/Src/stm32f4xx_hal_sd.c ****       data |= ((uint32_t)(*tmp) << 16U);
 486              		.loc 1 3259 7 view .LVU150
3260:Drivers/STM32F4xx_HAL_Driver/Src/stm32f4xx_hal_sd.c ****       tmp++;
 487              		.loc 1 3260 7 view .LVU151
3260:Drivers/STM32F4xx_HAL_Driver/Src/stm32f4xx_hal_sd.c ****       tmp++;
 488              		.loc 1 3260 27 is_stmt 0 view .LVU152
 489 001a A278     		ldrb	r2, [r4, #2]	@ zero_extendqisi2
3260:Drivers/STM32F4xx_HAL_Driver/Src/stm32f4xx_hal_sd.c ****       tmp++;
 490              		.loc 1 3260 12 view .LVU153
 491 001c 43EA0243 		orr	r3, r3, r2, lsl #16
 492 0020 0193     		str	r3, [sp, #4]
3261:Drivers/STM32F4xx_HAL_Driver/Src/stm32f4xx_hal_sd.c ****       dataremaining--;
 493              		.loc 1 3261 7 is_stmt 1 view .LVU154
 494              	.LVL56:
3262:Drivers/STM32F4xx_HAL_Driver/Src/stm32f4xx_hal_sd.c ****       data |= ((uint32_t)(*tmp) << 24U);
 495              		.loc 1 3262 7 view .LVU155
3263:Drivers/STM32F4xx_HAL_Driver/Src/stm32f4xx_hal_sd.c ****       tmp++;
 496              		.loc 1 3263 7 view .LVU156
3263:Drivers/STM32F4xx_HAL_Driver/Src/stm32f4xx_hal_sd.c ****       tmp++;
 497              		.loc 1 3263 27 is_stmt 0 view .LVU157
 498 0022 E278     		ldrb	r2, [r4, #3]	@ zero_extendqisi2
3263:Drivers/STM32F4xx_HAL_Driver/Src/stm32f4xx_hal_sd.c ****       tmp++;
 499              		.loc 1 3263 12 view .LVU158
 500 0024 43EA0263 		orr	r3, r3, r2, lsl #24
 501 0028 0193     		str	r3, [sp, #4]
3264:Drivers/STM32F4xx_HAL_Driver/Src/stm32f4xx_hal_sd.c ****       dataremaining--;
ARM GAS  C:\Users\40918\AppData\Local\Temp\cc5Xi7iV.s 			page 69


 502              		.loc 1 3264 7 is_stmt 1 view .LVU159
3264:Drivers/STM32F4xx_HAL_Driver/Src/stm32f4xx_hal_sd.c ****       dataremaining--;
 503              		.loc 1 3264 10 is_stmt 0 view .LVU160
 504 002a 0434     		adds	r4, r4, #4
 505              	.LVL57:
3265:Drivers/STM32F4xx_HAL_Driver/Src/stm32f4xx_hal_sd.c ****       (void)SDIO_WriteFIFO(hsd->Instance, &data);
 506              		.loc 1 3265 7 is_stmt 1 view .LVU161
3265:Drivers/STM32F4xx_HAL_Driver/Src/stm32f4xx_hal_sd.c ****       (void)SDIO_WriteFIFO(hsd->Instance, &data);
 507              		.loc 1 3265 20 is_stmt 0 view .LVU162
 508 002c 043E     		subs	r6, r6, #4
 509              	.LVL58:
3266:Drivers/STM32F4xx_HAL_Driver/Src/stm32f4xx_hal_sd.c ****     }
 510              		.loc 1 3266 7 is_stmt 1 view .LVU163
3266:Drivers/STM32F4xx_HAL_Driver/Src/stm32f4xx_hal_sd.c ****     }
 511              		.loc 1 3266 13 is_stmt 0 view .LVU164
 512 002e 01A9     		add	r1, sp, #4
 513 0030 3868     		ldr	r0, [r7]
 514 0032 FFF7FEFF 		bl	SDIO_WriteFIFO
 515              	.LVL59:
3252:Drivers/STM32F4xx_HAL_Driver/Src/stm32f4xx_hal_sd.c ****     {
 516              		.loc 1 3252 38 is_stmt 1 discriminator 3 view .LVU165
 517 0036 0135     		adds	r5, r5, #1
 518              	.LVL60:
 519              	.L32:
3252:Drivers/STM32F4xx_HAL_Driver/Src/stm32f4xx_hal_sd.c ****     {
 520              		.loc 1 3252 27 discriminator 1 view .LVU166
 521 0038 072D     		cmp	r5, #7
 522 003a E8D9     		bls	.L34
3269:Drivers/STM32F4xx_HAL_Driver/Src/stm32f4xx_hal_sd.c ****     hsd->TxXferSize = dataremaining;
 523              		.loc 1 3269 5 view .LVU167
3269:Drivers/STM32F4xx_HAL_Driver/Src/stm32f4xx_hal_sd.c ****     hsd->TxXferSize = dataremaining;
 524              		.loc 1 3269 21 is_stmt 0 view .LVU168
 525 003c 3C62     		str	r4, [r7, #32]
3270:Drivers/STM32F4xx_HAL_Driver/Src/stm32f4xx_hal_sd.c ****   }
 526              		.loc 1 3270 5 is_stmt 1 view .LVU169
3270:Drivers/STM32F4xx_HAL_Driver/Src/stm32f4xx_hal_sd.c ****   }
 527              		.loc 1 3270 21 is_stmt 0 view .LVU170
 528 003e 7E62     		str	r6, [r7, #36]
 529              		.loc 1 3272 1 view .LVU171
 530 0040 E3E7     		b	.L31
 531              	.LVL61:
 532              	.L35:
 533              		.loc 1 3272 1 view .LVU172
 534 0042 0746     		mov	r7, r0
3252:Drivers/STM32F4xx_HAL_Driver/Src/stm32f4xx_hal_sd.c ****     {
 535              		.loc 1 3252 15 view .LVU173
 536 0044 0025     		movs	r5, #0
 537 0046 F7E7     		b	.L32
 538              		.cfi_endproc
 539              	.LFE280:
 541              		.section	.text.SD_SendSDStatus,"ax",%progbits
 542              		.align	1
 543              		.syntax unified
 544              		.thumb
 545              		.thumb_func
 547              	SD_SendSDStatus:
 548              	.LVL62:
ARM GAS  C:\Users\40918\AppData\Local\Temp\cc5Xi7iV.s 			page 70


 549              	.LFB274:
2869:Drivers/STM32F4xx_HAL_Driver/Src/stm32f4xx_hal_sd.c ****   SDIO_DataInitTypeDef config;
 550              		.loc 1 2869 1 is_stmt 1 view -0
 551              		.cfi_startproc
 552              		@ args = 0, pretend = 0, frame = 24
 553              		@ frame_needed = 0, uses_anonymous_args = 0
2869:Drivers/STM32F4xx_HAL_Driver/Src/stm32f4xx_hal_sd.c ****   SDIO_DataInitTypeDef config;
 554              		.loc 1 2869 1 is_stmt 0 view .LVU175
 555 0000 F0B5     		push	{r4, r5, r6, r7, lr}
 556              	.LCFI10:
 557              		.cfi_def_cfa_offset 20
 558              		.cfi_offset 4, -20
 559              		.cfi_offset 5, -16
 560              		.cfi_offset 6, -12
 561              		.cfi_offset 7, -8
 562              		.cfi_offset 14, -4
 563 0002 87B0     		sub	sp, sp, #28
 564              	.LCFI11:
 565              		.cfi_def_cfa_offset 48
 566 0004 0546     		mov	r5, r0
 567 0006 0E46     		mov	r6, r1
2870:Drivers/STM32F4xx_HAL_Driver/Src/stm32f4xx_hal_sd.c ****   uint32_t errorstate;
 568              		.loc 1 2870 3 is_stmt 1 view .LVU176
2871:Drivers/STM32F4xx_HAL_Driver/Src/stm32f4xx_hal_sd.c ****   uint32_t tickstart = HAL_GetTick();
 569              		.loc 1 2871 3 view .LVU177
2872:Drivers/STM32F4xx_HAL_Driver/Src/stm32f4xx_hal_sd.c ****   uint32_t count;
 570              		.loc 1 2872 3 view .LVU178
2872:Drivers/STM32F4xx_HAL_Driver/Src/stm32f4xx_hal_sd.c ****   uint32_t count;
 571              		.loc 1 2872 24 is_stmt 0 view .LVU179
 572 0008 FFF7FEFF 		bl	HAL_GetTick
 573              	.LVL63:
2872:Drivers/STM32F4xx_HAL_Driver/Src/stm32f4xx_hal_sd.c ****   uint32_t count;
 574              		.loc 1 2872 24 view .LVU180
 575 000c 0746     		mov	r7, r0
 576              	.LVL64:
2873:Drivers/STM32F4xx_HAL_Driver/Src/stm32f4xx_hal_sd.c ****   uint32_t *pData = pSDstatus;
 577              		.loc 1 2873 3 is_stmt 1 view .LVU181
2874:Drivers/STM32F4xx_HAL_Driver/Src/stm32f4xx_hal_sd.c **** 
 578              		.loc 1 2874 3 view .LVU182
2877:Drivers/STM32F4xx_HAL_Driver/Src/stm32f4xx_hal_sd.c ****   {
 579              		.loc 1 2877 3 view .LVU183
2877:Drivers/STM32F4xx_HAL_Driver/Src/stm32f4xx_hal_sd.c ****   {
 580              		.loc 1 2877 7 is_stmt 0 view .LVU184
 581 000e 0021     		movs	r1, #0
 582 0010 2868     		ldr	r0, [r5]
 583              	.LVL65:
2877:Drivers/STM32F4xx_HAL_Driver/Src/stm32f4xx_hal_sd.c ****   {
 584              		.loc 1 2877 7 view .LVU185
 585 0012 FFF7FEFF 		bl	SDIO_GetResponse
 586              	.LVL66:
2877:Drivers/STM32F4xx_HAL_Driver/Src/stm32f4xx_hal_sd.c ****   {
 587              		.loc 1 2877 5 discriminator 1 view .LVU186
 588 0016 10F0007F 		tst	r0, #33554432
 589 001a 6AD1     		bne	.L48
2883:Drivers/STM32F4xx_HAL_Driver/Src/stm32f4xx_hal_sd.c ****   if(errorstate != HAL_SD_ERROR_NONE)
 590              		.loc 1 2883 3 is_stmt 1 view .LVU187
2883:Drivers/STM32F4xx_HAL_Driver/Src/stm32f4xx_hal_sd.c ****   if(errorstate != HAL_SD_ERROR_NONE)
ARM GAS  C:\Users\40918\AppData\Local\Temp\cc5Xi7iV.s 			page 71


 591              		.loc 1 2883 16 is_stmt 0 view .LVU188
 592 001c 4021     		movs	r1, #64
 593 001e 2868     		ldr	r0, [r5]
 594 0020 FFF7FEFF 		bl	SDMMC_CmdBlockLength
 595              	.LVL67:
2884:Drivers/STM32F4xx_HAL_Driver/Src/stm32f4xx_hal_sd.c ****   {
 596              		.loc 1 2884 3 is_stmt 1 view .LVU189
2884:Drivers/STM32F4xx_HAL_Driver/Src/stm32f4xx_hal_sd.c ****   {
 597              		.loc 1 2884 5 is_stmt 0 view .LVU190
 598 0024 0346     		mov	r3, r0
 599 0026 10B1     		cbz	r0, .L39
2886:Drivers/STM32F4xx_HAL_Driver/Src/stm32f4xx_hal_sd.c ****     return errorstate;
 600              		.loc 1 2886 5 is_stmt 1 view .LVU191
2886:Drivers/STM32F4xx_HAL_Driver/Src/stm32f4xx_hal_sd.c ****     return errorstate;
 601              		.loc 1 2886 8 is_stmt 0 view .LVU192
 602 0028 AA6B     		ldr	r2, [r5, #56]
2886:Drivers/STM32F4xx_HAL_Driver/Src/stm32f4xx_hal_sd.c ****     return errorstate;
 603              		.loc 1 2886 20 view .LVU193
 604 002a AA63     		str	r2, [r5, #56]
2887:Drivers/STM32F4xx_HAL_Driver/Src/stm32f4xx_hal_sd.c ****   }
 605              		.loc 1 2887 5 is_stmt 1 view .LVU194
2887:Drivers/STM32F4xx_HAL_Driver/Src/stm32f4xx_hal_sd.c ****   }
 606              		.loc 1 2887 12 is_stmt 0 view .LVU195
 607 002c 63E0     		b	.L37
 608              	.L39:
2891:Drivers/STM32F4xx_HAL_Driver/Src/stm32f4xx_hal_sd.c ****   if(errorstate != HAL_SD_ERROR_NONE)
 609              		.loc 1 2891 3 is_stmt 1 view .LVU196
2891:Drivers/STM32F4xx_HAL_Driver/Src/stm32f4xx_hal_sd.c ****   if(errorstate != HAL_SD_ERROR_NONE)
 610              		.loc 1 2891 73 is_stmt 0 view .LVU197
 611 002e 296D     		ldr	r1, [r5, #80]
2891:Drivers/STM32F4xx_HAL_Driver/Src/stm32f4xx_hal_sd.c ****   if(errorstate != HAL_SD_ERROR_NONE)
 612              		.loc 1 2891 16 view .LVU198
 613 0030 0904     		lsls	r1, r1, #16
 614 0032 2868     		ldr	r0, [r5]
 615              	.LVL68:
2891:Drivers/STM32F4xx_HAL_Driver/Src/stm32f4xx_hal_sd.c ****   if(errorstate != HAL_SD_ERROR_NONE)
 616              		.loc 1 2891 16 view .LVU199
 617 0034 FFF7FEFF 		bl	SDMMC_CmdAppCommand
 618              	.LVL69:
2892:Drivers/STM32F4xx_HAL_Driver/Src/stm32f4xx_hal_sd.c ****   {
 619              		.loc 1 2892 3 is_stmt 1 view .LVU200
2892:Drivers/STM32F4xx_HAL_Driver/Src/stm32f4xx_hal_sd.c ****   {
 620              		.loc 1 2892 5 is_stmt 0 view .LVU201
 621 0038 0346     		mov	r3, r0
 622 003a 10B1     		cbz	r0, .L40
2894:Drivers/STM32F4xx_HAL_Driver/Src/stm32f4xx_hal_sd.c ****     return errorstate;
 623              		.loc 1 2894 5 is_stmt 1 view .LVU202
2894:Drivers/STM32F4xx_HAL_Driver/Src/stm32f4xx_hal_sd.c ****     return errorstate;
 624              		.loc 1 2894 8 is_stmt 0 view .LVU203
 625 003c AA6B     		ldr	r2, [r5, #56]
2894:Drivers/STM32F4xx_HAL_Driver/Src/stm32f4xx_hal_sd.c ****     return errorstate;
 626              		.loc 1 2894 20 view .LVU204
 627 003e AA63     		str	r2, [r5, #56]
2895:Drivers/STM32F4xx_HAL_Driver/Src/stm32f4xx_hal_sd.c ****   }
 628              		.loc 1 2895 5 is_stmt 1 view .LVU205
2895:Drivers/STM32F4xx_HAL_Driver/Src/stm32f4xx_hal_sd.c ****   }
 629              		.loc 1 2895 12 is_stmt 0 view .LVU206
ARM GAS  C:\Users\40918\AppData\Local\Temp\cc5Xi7iV.s 			page 72


 630 0040 59E0     		b	.L37
 631              	.L40:
2899:Drivers/STM32F4xx_HAL_Driver/Src/stm32f4xx_hal_sd.c ****   config.DataLength    = 64U;
 632              		.loc 1 2899 3 is_stmt 1 view .LVU207
2899:Drivers/STM32F4xx_HAL_Driver/Src/stm32f4xx_hal_sd.c ****   config.DataLength    = 64U;
 633              		.loc 1 2899 24 is_stmt 0 view .LVU208
 634 0042 4FF0FF33 		mov	r3, #-1
 635 0046 0093     		str	r3, [sp]
2900:Drivers/STM32F4xx_HAL_Driver/Src/stm32f4xx_hal_sd.c ****   config.DataBlockSize = SDIO_DATABLOCK_SIZE_64B;
 636              		.loc 1 2900 3 is_stmt 1 view .LVU209
2900:Drivers/STM32F4xx_HAL_Driver/Src/stm32f4xx_hal_sd.c ****   config.DataBlockSize = SDIO_DATABLOCK_SIZE_64B;
 637              		.loc 1 2900 24 is_stmt 0 view .LVU210
 638 0048 4023     		movs	r3, #64
 639 004a 0193     		str	r3, [sp, #4]
2901:Drivers/STM32F4xx_HAL_Driver/Src/stm32f4xx_hal_sd.c ****   config.TransferDir   = SDIO_TRANSFER_DIR_TO_SDIO;
 640              		.loc 1 2901 3 is_stmt 1 view .LVU211
2901:Drivers/STM32F4xx_HAL_Driver/Src/stm32f4xx_hal_sd.c ****   config.TransferDir   = SDIO_TRANSFER_DIR_TO_SDIO;
 641              		.loc 1 2901 24 is_stmt 0 view .LVU212
 642 004c 6023     		movs	r3, #96
 643 004e 0293     		str	r3, [sp, #8]
2902:Drivers/STM32F4xx_HAL_Driver/Src/stm32f4xx_hal_sd.c ****   config.TransferMode  = SDIO_TRANSFER_MODE_BLOCK;
 644              		.loc 1 2902 3 is_stmt 1 view .LVU213
2902:Drivers/STM32F4xx_HAL_Driver/Src/stm32f4xx_hal_sd.c ****   config.TransferMode  = SDIO_TRANSFER_MODE_BLOCK;
 645              		.loc 1 2902 24 is_stmt 0 view .LVU214
 646 0050 0223     		movs	r3, #2
 647 0052 0393     		str	r3, [sp, #12]
2903:Drivers/STM32F4xx_HAL_Driver/Src/stm32f4xx_hal_sd.c ****   config.DPSM          = SDIO_DPSM_ENABLE;
 648              		.loc 1 2903 3 is_stmt 1 view .LVU215
2903:Drivers/STM32F4xx_HAL_Driver/Src/stm32f4xx_hal_sd.c ****   config.DPSM          = SDIO_DPSM_ENABLE;
 649              		.loc 1 2903 24 is_stmt 0 view .LVU216
 650 0054 0023     		movs	r3, #0
 651 0056 0493     		str	r3, [sp, #16]
2904:Drivers/STM32F4xx_HAL_Driver/Src/stm32f4xx_hal_sd.c ****   (void)SDIO_ConfigData(hsd->Instance, &config);
 652              		.loc 1 2904 3 is_stmt 1 view .LVU217
2904:Drivers/STM32F4xx_HAL_Driver/Src/stm32f4xx_hal_sd.c ****   (void)SDIO_ConfigData(hsd->Instance, &config);
 653              		.loc 1 2904 24 is_stmt 0 view .LVU218
 654 0058 0123     		movs	r3, #1
 655 005a 0593     		str	r3, [sp, #20]
2905:Drivers/STM32F4xx_HAL_Driver/Src/stm32f4xx_hal_sd.c **** 
 656              		.loc 1 2905 3 is_stmt 1 view .LVU219
2905:Drivers/STM32F4xx_HAL_Driver/Src/stm32f4xx_hal_sd.c **** 
 657              		.loc 1 2905 9 is_stmt 0 view .LVU220
 658 005c 6946     		mov	r1, sp
 659 005e 2868     		ldr	r0, [r5]
 660              	.LVL70:
2905:Drivers/STM32F4xx_HAL_Driver/Src/stm32f4xx_hal_sd.c **** 
 661              		.loc 1 2905 9 view .LVU221
 662 0060 FFF7FEFF 		bl	SDIO_ConfigData
 663              	.LVL71:
2908:Drivers/STM32F4xx_HAL_Driver/Src/stm32f4xx_hal_sd.c ****   if(errorstate != HAL_SD_ERROR_NONE)
 664              		.loc 1 2908 3 is_stmt 1 view .LVU222
2908:Drivers/STM32F4xx_HAL_Driver/Src/stm32f4xx_hal_sd.c ****   if(errorstate != HAL_SD_ERROR_NONE)
 665              		.loc 1 2908 16 is_stmt 0 view .LVU223
 666 0064 2868     		ldr	r0, [r5]
 667 0066 FFF7FEFF 		bl	SDMMC_CmdStatusRegister
 668              	.LVL72:
2909:Drivers/STM32F4xx_HAL_Driver/Src/stm32f4xx_hal_sd.c ****   {
ARM GAS  C:\Users\40918\AppData\Local\Temp\cc5Xi7iV.s 			page 73


 669              		.loc 1 2909 3 is_stmt 1 view .LVU224
2909:Drivers/STM32F4xx_HAL_Driver/Src/stm32f4xx_hal_sd.c ****   {
 670              		.loc 1 2909 5 is_stmt 0 view .LVU225
 671 006a 0346     		mov	r3, r0
 672 006c 80B1     		cbz	r0, .L41
2911:Drivers/STM32F4xx_HAL_Driver/Src/stm32f4xx_hal_sd.c ****     return errorstate;
 673              		.loc 1 2911 5 is_stmt 1 view .LVU226
2911:Drivers/STM32F4xx_HAL_Driver/Src/stm32f4xx_hal_sd.c ****     return errorstate;
 674              		.loc 1 2911 8 is_stmt 0 view .LVU227
 675 006e AA6B     		ldr	r2, [r5, #56]
2911:Drivers/STM32F4xx_HAL_Driver/Src/stm32f4xx_hal_sd.c ****     return errorstate;
 676              		.loc 1 2911 20 view .LVU228
 677 0070 AA63     		str	r2, [r5, #56]
2912:Drivers/STM32F4xx_HAL_Driver/Src/stm32f4xx_hal_sd.c ****   }
 678              		.loc 1 2912 5 is_stmt 1 view .LVU229
2912:Drivers/STM32F4xx_HAL_Driver/Src/stm32f4xx_hal_sd.c ****   }
 679              		.loc 1 2912 12 is_stmt 0 view .LVU230
 680 0072 40E0     		b	.L37
 681              	.LVL73:
 682              	.L44:
2922:Drivers/STM32F4xx_HAL_Driver/Src/stm32f4xx_hal_sd.c ****         pData++;
 683              		.loc 1 2922 9 is_stmt 1 view .LVU231
2922:Drivers/STM32F4xx_HAL_Driver/Src/stm32f4xx_hal_sd.c ****         pData++;
 684              		.loc 1 2922 18 is_stmt 0 view .LVU232
 685 0074 2868     		ldr	r0, [r5]
 686 0076 FFF7FEFF 		bl	SDIO_ReadFIFO
 687              	.LVL74:
2922:Drivers/STM32F4xx_HAL_Driver/Src/stm32f4xx_hal_sd.c ****         pData++;
 688              		.loc 1 2922 16 discriminator 1 view .LVU233
 689 007a 46F8040B 		str	r0, [r6], #4
 690              	.LVL75:
2923:Drivers/STM32F4xx_HAL_Driver/Src/stm32f4xx_hal_sd.c ****       }
 691              		.loc 1 2923 9 is_stmt 1 view .LVU234
2920:Drivers/STM32F4xx_HAL_Driver/Src/stm32f4xx_hal_sd.c ****       {
 692              		.loc 1 2920 40 discriminator 3 view .LVU235
 693 007e 0134     		adds	r4, r4, #1
 694              	.LVL76:
 695              	.L42:
2920:Drivers/STM32F4xx_HAL_Driver/Src/stm32f4xx_hal_sd.c ****       {
 696              		.loc 1 2920 29 discriminator 1 view .LVU236
 697 0080 072C     		cmp	r4, #7
 698 0082 F7D9     		bls	.L44
 699              	.LVL77:
 700              	.L43:
2927:Drivers/STM32F4xx_HAL_Driver/Src/stm32f4xx_hal_sd.c ****     {
 701              		.loc 1 2927 5 view .LVU237
2927:Drivers/STM32F4xx_HAL_Driver/Src/stm32f4xx_hal_sd.c ****     {
 702              		.loc 1 2927 9 is_stmt 0 view .LVU238
 703 0084 FFF7FEFF 		bl	HAL_GetTick
 704              	.LVL78:
2927:Drivers/STM32F4xx_HAL_Driver/Src/stm32f4xx_hal_sd.c ****     {
 705              		.loc 1 2927 23 discriminator 1 view .LVU239
 706 0088 C01B     		subs	r0, r0, r7
2927:Drivers/STM32F4xx_HAL_Driver/Src/stm32f4xx_hal_sd.c ****     {
 707              		.loc 1 2927 7 discriminator 1 view .LVU240
 708 008a B0F1FF3F 		cmp	r0, #-1
 709 008e 35D0     		beq	.L49
ARM GAS  C:\Users\40918\AppData\Local\Temp\cc5Xi7iV.s 			page 74


 710              	.L41:
2916:Drivers/STM32F4xx_HAL_Driver/Src/stm32f4xx_hal_sd.c ****   {
 711              		.loc 1 2916 9 is_stmt 1 view .LVU241
2916:Drivers/STM32F4xx_HAL_Driver/Src/stm32f4xx_hal_sd.c ****   {
 712              		.loc 1 2916 10 is_stmt 0 view .LVU242
 713 0090 2B68     		ldr	r3, [r5]
 714 0092 5C6B     		ldr	r4, [r3, #52]
 715 0094 40F22A42 		movw	r2, #1066
2916:Drivers/STM32F4xx_HAL_Driver/Src/stm32f4xx_hal_sd.c ****   {
 716              		.loc 1 2916 9 view .LVU243
 717 0098 1440     		ands	r4, r4, r2
 718 009a 04D1     		bne	.L56
2918:Drivers/STM32F4xx_HAL_Driver/Src/stm32f4xx_hal_sd.c ****     {
 719              		.loc 1 2918 5 is_stmt 1 view .LVU244
2918:Drivers/STM32F4xx_HAL_Driver/Src/stm32f4xx_hal_sd.c ****     {
 720              		.loc 1 2918 8 is_stmt 0 view .LVU245
 721 009c 5B6B     		ldr	r3, [r3, #52]
2918:Drivers/STM32F4xx_HAL_Driver/Src/stm32f4xx_hal_sd.c ****     {
 722              		.loc 1 2918 7 view .LVU246
 723 009e 13F4004F 		tst	r3, #32768
 724 00a2 EFD0     		beq	.L43
 725 00a4 ECE7     		b	.L42
 726              	.L56:
2934:Drivers/STM32F4xx_HAL_Driver/Src/stm32f4xx_hal_sd.c **** #else /* SDIO_STA_STBITERR not defined */
 727              		.loc 1 2934 3 is_stmt 1 view .LVU247
2934:Drivers/STM32F4xx_HAL_Driver/Src/stm32f4xx_hal_sd.c **** #else /* SDIO_STA_STBITERR not defined */
 728              		.loc 1 2934 6 is_stmt 0 view .LVU248
 729 00a6 5A6B     		ldr	r2, [r3, #52]
2934:Drivers/STM32F4xx_HAL_Driver/Src/stm32f4xx_hal_sd.c **** #else /* SDIO_STA_STBITERR not defined */
 730              		.loc 1 2934 5 view .LVU249
 731 00a8 12F0080F 		tst	r2, #8
 732 00ac 29D1     		bne	.L50
2934:Drivers/STM32F4xx_HAL_Driver/Src/stm32f4xx_hal_sd.c **** #else /* SDIO_STA_STBITERR not defined */
 733              		.loc 1 2934 53 discriminator 1 view .LVU250
 734 00ae 5A6B     		ldr	r2, [r3, #52]
2934:Drivers/STM32F4xx_HAL_Driver/Src/stm32f4xx_hal_sd.c **** #else /* SDIO_STA_STBITERR not defined */
 735              		.loc 1 2934 49 discriminator 1 view .LVU251
 736 00b0 12F4007F 		tst	r2, #512
 737 00b4 27D1     		bne	.L51
2941:Drivers/STM32F4xx_HAL_Driver/Src/stm32f4xx_hal_sd.c ****   {
 738              		.loc 1 2941 8 is_stmt 1 view .LVU252
2941:Drivers/STM32F4xx_HAL_Driver/Src/stm32f4xx_hal_sd.c ****   {
 739              		.loc 1 2941 11 is_stmt 0 view .LVU253
 740 00b6 5A6B     		ldr	r2, [r3, #52]
2941:Drivers/STM32F4xx_HAL_Driver/Src/stm32f4xx_hal_sd.c ****   {
 741              		.loc 1 2941 10 view .LVU254
 742 00b8 12F0020F 		tst	r2, #2
 743 00bc 25D1     		bne	.L52
2945:Drivers/STM32F4xx_HAL_Driver/Src/stm32f4xx_hal_sd.c ****   {
 744              		.loc 1 2945 8 is_stmt 1 view .LVU255
2945:Drivers/STM32F4xx_HAL_Driver/Src/stm32f4xx_hal_sd.c ****   {
 745              		.loc 1 2945 11 is_stmt 0 view .LVU256
 746 00be 5B6B     		ldr	r3, [r3, #52]
2945:Drivers/STM32F4xx_HAL_Driver/Src/stm32f4xx_hal_sd.c ****   {
 747              		.loc 1 2945 10 view .LVU257
 748 00c0 13F0200F 		tst	r3, #32
 749 00c4 23D1     		bne	.L57
ARM GAS  C:\Users\40918\AppData\Local\Temp\cc5Xi7iV.s 			page 75


 750              	.L46:
2954:Drivers/STM32F4xx_HAL_Driver/Src/stm32f4xx_hal_sd.c ****   {
 751              		.loc 1 2954 11 is_stmt 1 view .LVU258
 752 00c6 2868     		ldr	r0, [r5]
 753 00c8 436B     		ldr	r3, [r0, #52]
 754 00ca 13F40013 		ands	r3, r3, #2097152
 755 00ce 0CD0     		beq	.L58
2956:Drivers/STM32F4xx_HAL_Driver/Src/stm32f4xx_hal_sd.c ****     pData++;
 756              		.loc 1 2956 5 view .LVU259
2956:Drivers/STM32F4xx_HAL_Driver/Src/stm32f4xx_hal_sd.c ****     pData++;
 757              		.loc 1 2956 14 is_stmt 0 view .LVU260
 758 00d0 FFF7FEFF 		bl	SDIO_ReadFIFO
 759              	.LVL79:
2956:Drivers/STM32F4xx_HAL_Driver/Src/stm32f4xx_hal_sd.c ****     pData++;
 760              		.loc 1 2956 12 discriminator 1 view .LVU261
 761 00d4 46F8040B 		str	r0, [r6], #4
 762              	.LVL80:
2957:Drivers/STM32F4xx_HAL_Driver/Src/stm32f4xx_hal_sd.c **** 
 763              		.loc 1 2957 5 is_stmt 1 view .LVU262
2959:Drivers/STM32F4xx_HAL_Driver/Src/stm32f4xx_hal_sd.c ****     {
 764              		.loc 1 2959 5 view .LVU263
2959:Drivers/STM32F4xx_HAL_Driver/Src/stm32f4xx_hal_sd.c ****     {
 765              		.loc 1 2959 9 is_stmt 0 view .LVU264
 766 00d8 FFF7FEFF 		bl	HAL_GetTick
 767              	.LVL81:
2959:Drivers/STM32F4xx_HAL_Driver/Src/stm32f4xx_hal_sd.c ****     {
 768              		.loc 1 2959 23 discriminator 1 view .LVU265
 769 00dc C01B     		subs	r0, r0, r7
2959:Drivers/STM32F4xx_HAL_Driver/Src/stm32f4xx_hal_sd.c ****     {
 770              		.loc 1 2959 7 discriminator 1 view .LVU266
 771 00de B0F1FF3F 		cmp	r0, #-1
 772 00e2 F0D1     		bne	.L46
2961:Drivers/STM32F4xx_HAL_Driver/Src/stm32f4xx_hal_sd.c ****     }
 773              		.loc 1 2961 14 view .LVU267
 774 00e4 4FF00043 		mov	r3, #-2147483648
 775 00e8 05E0     		b	.L37
 776              	.L58:
2966:Drivers/STM32F4xx_HAL_Driver/Src/stm32f4xx_hal_sd.c **** 
 777              		.loc 1 2966 3 is_stmt 1 view .LVU268
 778 00ea 40F23A52 		movw	r2, #1338
 779 00ee 8263     		str	r2, [r0, #56]
2968:Drivers/STM32F4xx_HAL_Driver/Src/stm32f4xx_hal_sd.c **** }
 780              		.loc 1 2968 3 view .LVU269
2968:Drivers/STM32F4xx_HAL_Driver/Src/stm32f4xx_hal_sd.c **** }
 781              		.loc 1 2968 10 is_stmt 0 view .LVU270
 782 00f0 01E0     		b	.L37
 783              	.LVL82:
 784              	.L48:
2879:Drivers/STM32F4xx_HAL_Driver/Src/stm32f4xx_hal_sd.c ****   }
 785              		.loc 1 2879 12 view .LVU271
 786 00f2 4FF40063 		mov	r3, #2048
 787              	.LVL83:
 788              	.L37:
2969:Drivers/STM32F4xx_HAL_Driver/Src/stm32f4xx_hal_sd.c **** 
 789              		.loc 1 2969 1 view .LVU272
 790 00f6 1846     		mov	r0, r3
 791 00f8 07B0     		add	sp, sp, #28
ARM GAS  C:\Users\40918\AppData\Local\Temp\cc5Xi7iV.s 			page 76


 792              	.LCFI12:
 793              		.cfi_remember_state
 794              		.cfi_def_cfa_offset 20
 795              		@ sp needed
 796 00fa F0BD     		pop	{r4, r5, r6, r7, pc}
 797              	.LVL84:
 798              	.L49:
 799              	.LCFI13:
 800              		.cfi_restore_state
2929:Drivers/STM32F4xx_HAL_Driver/Src/stm32f4xx_hal_sd.c ****     }
 801              		.loc 1 2929 14 view .LVU273
 802 00fc 4FF00043 		mov	r3, #-2147483648
 803 0100 F9E7     		b	.L37
 804              	.L50:
2939:Drivers/STM32F4xx_HAL_Driver/Src/stm32f4xx_hal_sd.c ****   }
 805              		.loc 1 2939 12 view .LVU274
 806 0102 0823     		movs	r3, #8
 807 0104 F7E7     		b	.L37
 808              	.L51:
 809 0106 0823     		movs	r3, #8
 810 0108 F5E7     		b	.L37
 811              	.L52:
2943:Drivers/STM32F4xx_HAL_Driver/Src/stm32f4xx_hal_sd.c ****   }
 812              		.loc 1 2943 12 view .LVU275
 813 010a 0223     		movs	r3, #2
 814 010c F3E7     		b	.L37
 815              	.L57:
2947:Drivers/STM32F4xx_HAL_Driver/Src/stm32f4xx_hal_sd.c ****   }
 816              		.loc 1 2947 12 view .LVU276
 817 010e 2023     		movs	r3, #32
 818 0110 F1E7     		b	.L37
 819              		.cfi_endproc
 820              	.LFE274:
 822              		.section	.text.SD_FindSCR,"ax",%progbits
 823              		.align	1
 824              		.syntax unified
 825              		.thumb
 826              		.thumb_func
 828              	SD_FindSCR:
 829              	.LVL85:
 830              	.LFB278:
3102:Drivers/STM32F4xx_HAL_Driver/Src/stm32f4xx_hal_sd.c ****   SDIO_DataInitTypeDef config;
 831              		.loc 1 3102 1 is_stmt 1 view -0
 832              		.cfi_startproc
 833              		@ args = 0, pretend = 0, frame = 32
 834              		@ frame_needed = 0, uses_anonymous_args = 0
3102:Drivers/STM32F4xx_HAL_Driver/Src/stm32f4xx_hal_sd.c ****   SDIO_DataInitTypeDef config;
 835              		.loc 1 3102 1 is_stmt 0 view .LVU278
 836 0000 F0B5     		push	{r4, r5, r6, r7, lr}
 837              	.LCFI14:
 838              		.cfi_def_cfa_offset 20
 839              		.cfi_offset 4, -20
 840              		.cfi_offset 5, -16
 841              		.cfi_offset 6, -12
 842              		.cfi_offset 7, -8
 843              		.cfi_offset 14, -4
 844 0002 89B0     		sub	sp, sp, #36
ARM GAS  C:\Users\40918\AppData\Local\Temp\cc5Xi7iV.s 			page 77


 845              	.LCFI15:
 846              		.cfi_def_cfa_offset 56
 847 0004 0446     		mov	r4, r0
 848 0006 0F46     		mov	r7, r1
3103:Drivers/STM32F4xx_HAL_Driver/Src/stm32f4xx_hal_sd.c ****   uint32_t errorstate;
 849              		.loc 1 3103 3 is_stmt 1 view .LVU279
3104:Drivers/STM32F4xx_HAL_Driver/Src/stm32f4xx_hal_sd.c ****   uint32_t tickstart = HAL_GetTick();
 850              		.loc 1 3104 3 view .LVU280
3105:Drivers/STM32F4xx_HAL_Driver/Src/stm32f4xx_hal_sd.c ****   uint32_t index = 0U;
 851              		.loc 1 3105 3 view .LVU281
3105:Drivers/STM32F4xx_HAL_Driver/Src/stm32f4xx_hal_sd.c ****   uint32_t index = 0U;
 852              		.loc 1 3105 24 is_stmt 0 view .LVU282
 853 0008 FFF7FEFF 		bl	HAL_GetTick
 854              	.LVL86:
3105:Drivers/STM32F4xx_HAL_Driver/Src/stm32f4xx_hal_sd.c ****   uint32_t index = 0U;
 855              		.loc 1 3105 24 view .LVU283
 856 000c 0646     		mov	r6, r0
 857              	.LVL87:
3106:Drivers/STM32F4xx_HAL_Driver/Src/stm32f4xx_hal_sd.c ****   uint32_t tempscr[2U] = {0U, 0U};
 858              		.loc 1 3106 3 is_stmt 1 view .LVU284
3107:Drivers/STM32F4xx_HAL_Driver/Src/stm32f4xx_hal_sd.c ****   uint32_t *scr = pSCR;
 859              		.loc 1 3107 3 view .LVU285
3107:Drivers/STM32F4xx_HAL_Driver/Src/stm32f4xx_hal_sd.c ****   uint32_t *scr = pSCR;
 860              		.loc 1 3107 12 is_stmt 0 view .LVU286
 861 000e 0023     		movs	r3, #0
 862 0010 0093     		str	r3, [sp]
 863 0012 0193     		str	r3, [sp, #4]
3108:Drivers/STM32F4xx_HAL_Driver/Src/stm32f4xx_hal_sd.c **** 
 864              		.loc 1 3108 3 is_stmt 1 view .LVU287
 865              	.LVL88:
3111:Drivers/STM32F4xx_HAL_Driver/Src/stm32f4xx_hal_sd.c ****   if(errorstate != HAL_SD_ERROR_NONE)
 866              		.loc 1 3111 3 view .LVU288
3111:Drivers/STM32F4xx_HAL_Driver/Src/stm32f4xx_hal_sd.c ****   if(errorstate != HAL_SD_ERROR_NONE)
 867              		.loc 1 3111 16 is_stmt 0 view .LVU289
 868 0014 0821     		movs	r1, #8
 869 0016 2068     		ldr	r0, [r4]
 870              	.LVL89:
3111:Drivers/STM32F4xx_HAL_Driver/Src/stm32f4xx_hal_sd.c ****   if(errorstate != HAL_SD_ERROR_NONE)
 871              		.loc 1 3111 16 view .LVU290
 872 0018 FFF7FEFF 		bl	SDMMC_CmdBlockLength
 873              	.LVL90:
3112:Drivers/STM32F4xx_HAL_Driver/Src/stm32f4xx_hal_sd.c ****   {
 874              		.loc 1 3112 3 is_stmt 1 view .LVU291
3112:Drivers/STM32F4xx_HAL_Driver/Src/stm32f4xx_hal_sd.c ****   {
 875              		.loc 1 3112 5 is_stmt 0 view .LVU292
 876 001c 0546     		mov	r5, r0
 877 001e 10B1     		cbz	r0, .L72
 878              	.LVL91:
 879              	.L59:
3194:Drivers/STM32F4xx_HAL_Driver/Src/stm32f4xx_hal_sd.c **** 
 880              		.loc 1 3194 1 view .LVU293
 881 0020 2846     		mov	r0, r5
 882 0022 09B0     		add	sp, sp, #36
 883              	.LCFI16:
 884              		.cfi_remember_state
 885              		.cfi_def_cfa_offset 20
 886              		@ sp needed
ARM GAS  C:\Users\40918\AppData\Local\Temp\cc5Xi7iV.s 			page 78


 887 0024 F0BD     		pop	{r4, r5, r6, r7, pc}
 888              	.LVL92:
 889              	.L72:
 890              	.LCFI17:
 891              		.cfi_restore_state
3118:Drivers/STM32F4xx_HAL_Driver/Src/stm32f4xx_hal_sd.c ****   if(errorstate != HAL_SD_ERROR_NONE)
 892              		.loc 1 3118 3 is_stmt 1 view .LVU294
3118:Drivers/STM32F4xx_HAL_Driver/Src/stm32f4xx_hal_sd.c ****   if(errorstate != HAL_SD_ERROR_NONE)
 893              		.loc 1 3118 74 is_stmt 0 view .LVU295
 894 0026 216D     		ldr	r1, [r4, #80]
3118:Drivers/STM32F4xx_HAL_Driver/Src/stm32f4xx_hal_sd.c ****   if(errorstate != HAL_SD_ERROR_NONE)
 895              		.loc 1 3118 16 view .LVU296
 896 0028 0904     		lsls	r1, r1, #16
 897 002a 2068     		ldr	r0, [r4]
 898              	.LVL93:
3118:Drivers/STM32F4xx_HAL_Driver/Src/stm32f4xx_hal_sd.c ****   if(errorstate != HAL_SD_ERROR_NONE)
 899              		.loc 1 3118 16 view .LVU297
 900 002c FFF7FEFF 		bl	SDMMC_CmdAppCommand
 901              	.LVL94:
3119:Drivers/STM32F4xx_HAL_Driver/Src/stm32f4xx_hal_sd.c ****   {
 902              		.loc 1 3119 3 is_stmt 1 view .LVU298
3119:Drivers/STM32F4xx_HAL_Driver/Src/stm32f4xx_hal_sd.c ****   {
 903              		.loc 1 3119 5 is_stmt 0 view .LVU299
 904 0030 0546     		mov	r5, r0
 905 0032 0028     		cmp	r0, #0
 906 0034 F4D1     		bne	.L59
3124:Drivers/STM32F4xx_HAL_Driver/Src/stm32f4xx_hal_sd.c ****   config.DataLength    = 8U;
 907              		.loc 1 3124 3 is_stmt 1 view .LVU300
3124:Drivers/STM32F4xx_HAL_Driver/Src/stm32f4xx_hal_sd.c ****   config.DataLength    = 8U;
 908              		.loc 1 3124 24 is_stmt 0 view .LVU301
 909 0036 4FF0FF33 		mov	r3, #-1
 910 003a 0293     		str	r3, [sp, #8]
3125:Drivers/STM32F4xx_HAL_Driver/Src/stm32f4xx_hal_sd.c ****   config.DataBlockSize = SDIO_DATABLOCK_SIZE_8B;
 911              		.loc 1 3125 3 is_stmt 1 view .LVU302
3125:Drivers/STM32F4xx_HAL_Driver/Src/stm32f4xx_hal_sd.c ****   config.DataBlockSize = SDIO_DATABLOCK_SIZE_8B;
 912              		.loc 1 3125 24 is_stmt 0 view .LVU303
 913 003c 0823     		movs	r3, #8
 914 003e 0393     		str	r3, [sp, #12]
3126:Drivers/STM32F4xx_HAL_Driver/Src/stm32f4xx_hal_sd.c ****   config.TransferDir   = SDIO_TRANSFER_DIR_TO_SDIO;
 915              		.loc 1 3126 3 is_stmt 1 view .LVU304
3126:Drivers/STM32F4xx_HAL_Driver/Src/stm32f4xx_hal_sd.c ****   config.TransferDir   = SDIO_TRANSFER_DIR_TO_SDIO;
 916              		.loc 1 3126 24 is_stmt 0 view .LVU305
 917 0040 3023     		movs	r3, #48
 918 0042 0493     		str	r3, [sp, #16]
3127:Drivers/STM32F4xx_HAL_Driver/Src/stm32f4xx_hal_sd.c ****   config.TransferMode  = SDIO_TRANSFER_MODE_BLOCK;
 919              		.loc 1 3127 3 is_stmt 1 view .LVU306
3127:Drivers/STM32F4xx_HAL_Driver/Src/stm32f4xx_hal_sd.c ****   config.TransferMode  = SDIO_TRANSFER_MODE_BLOCK;
 920              		.loc 1 3127 24 is_stmt 0 view .LVU307
 921 0044 0223     		movs	r3, #2
 922 0046 0593     		str	r3, [sp, #20]
3128:Drivers/STM32F4xx_HAL_Driver/Src/stm32f4xx_hal_sd.c ****   config.DPSM          = SDIO_DPSM_ENABLE;
 923              		.loc 1 3128 3 is_stmt 1 view .LVU308
3128:Drivers/STM32F4xx_HAL_Driver/Src/stm32f4xx_hal_sd.c ****   config.DPSM          = SDIO_DPSM_ENABLE;
 924              		.loc 1 3128 24 is_stmt 0 view .LVU309
 925 0048 0023     		movs	r3, #0
 926 004a 0693     		str	r3, [sp, #24]
3129:Drivers/STM32F4xx_HAL_Driver/Src/stm32f4xx_hal_sd.c ****   (void)SDIO_ConfigData(hsd->Instance, &config);
ARM GAS  C:\Users\40918\AppData\Local\Temp\cc5Xi7iV.s 			page 79


 927              		.loc 1 3129 3 is_stmt 1 view .LVU310
3129:Drivers/STM32F4xx_HAL_Driver/Src/stm32f4xx_hal_sd.c ****   (void)SDIO_ConfigData(hsd->Instance, &config);
 928              		.loc 1 3129 24 is_stmt 0 view .LVU311
 929 004c 0123     		movs	r3, #1
 930 004e 0793     		str	r3, [sp, #28]
3130:Drivers/STM32F4xx_HAL_Driver/Src/stm32f4xx_hal_sd.c **** 
 931              		.loc 1 3130 3 is_stmt 1 view .LVU312
3130:Drivers/STM32F4xx_HAL_Driver/Src/stm32f4xx_hal_sd.c **** 
 932              		.loc 1 3130 9 is_stmt 0 view .LVU313
 933 0050 02A9     		add	r1, sp, #8
 934 0052 2068     		ldr	r0, [r4]
 935              	.LVL95:
3130:Drivers/STM32F4xx_HAL_Driver/Src/stm32f4xx_hal_sd.c **** 
 936              		.loc 1 3130 9 view .LVU314
 937 0054 FFF7FEFF 		bl	SDIO_ConfigData
 938              	.LVL96:
3133:Drivers/STM32F4xx_HAL_Driver/Src/stm32f4xx_hal_sd.c ****   if(errorstate != HAL_SD_ERROR_NONE)
 939              		.loc 1 3133 3 is_stmt 1 view .LVU315
3133:Drivers/STM32F4xx_HAL_Driver/Src/stm32f4xx_hal_sd.c ****   if(errorstate != HAL_SD_ERROR_NONE)
 940              		.loc 1 3133 16 is_stmt 0 view .LVU316
 941 0058 2068     		ldr	r0, [r4]
 942 005a FFF7FEFF 		bl	SDMMC_CmdSendSCR
 943              	.LVL97:
3134:Drivers/STM32F4xx_HAL_Driver/Src/stm32f4xx_hal_sd.c ****   {
 944              		.loc 1 3134 3 is_stmt 1 view .LVU317
3134:Drivers/STM32F4xx_HAL_Driver/Src/stm32f4xx_hal_sd.c ****   {
 945              		.loc 1 3134 5 is_stmt 0 view .LVU318
 946 005e 0546     		mov	r5, r0
 947 0060 58B1     		cbz	r0, .L61
 948 0062 DDE7     		b	.L59
 949              	.LVL98:
 950              	.L73:
3143:Drivers/STM32F4xx_HAL_Driver/Src/stm32f4xx_hal_sd.c ****       index++;
 951              		.loc 1 3143 7 is_stmt 1 view .LVU319
3143:Drivers/STM32F4xx_HAL_Driver/Src/stm32f4xx_hal_sd.c ****       index++;
 952              		.loc 1 3143 28 is_stmt 0 view .LVU320
 953 0064 FFF7FEFF 		bl	SDIO_ReadFIFO
 954              	.LVL99:
3143:Drivers/STM32F4xx_HAL_Driver/Src/stm32f4xx_hal_sd.c ****       index++;
 955              		.loc 1 3143 26 discriminator 1 view .LVU321
 956 0068 4DF82500 		str	r0, [sp, r5, lsl #2]
3144:Drivers/STM32F4xx_HAL_Driver/Src/stm32f4xx_hal_sd.c ****     }
 957              		.loc 1 3144 7 is_stmt 1 view .LVU322
3144:Drivers/STM32F4xx_HAL_Driver/Src/stm32f4xx_hal_sd.c ****     }
 958              		.loc 1 3144 12 is_stmt 0 view .LVU323
 959 006c 0135     		adds	r5, r5, #1
 960              	.LVL100:
 961              	.L63:
3151:Drivers/STM32F4xx_HAL_Driver/Src/stm32f4xx_hal_sd.c ****     {
 962              		.loc 1 3151 5 is_stmt 1 view .LVU324
3151:Drivers/STM32F4xx_HAL_Driver/Src/stm32f4xx_hal_sd.c ****     {
 963              		.loc 1 3151 9 is_stmt 0 view .LVU325
 964 006e FFF7FEFF 		bl	HAL_GetTick
 965              	.LVL101:
3151:Drivers/STM32F4xx_HAL_Driver/Src/stm32f4xx_hal_sd.c ****     {
 966              		.loc 1 3151 23 discriminator 1 view .LVU326
 967 0072 831B     		subs	r3, r0, r6
ARM GAS  C:\Users\40918\AppData\Local\Temp\cc5Xi7iV.s 			page 80


3151:Drivers/STM32F4xx_HAL_Driver/Src/stm32f4xx_hal_sd.c ****     {
 968              		.loc 1 3151 7 discriminator 1 view .LVU327
 969 0074 B3F1FF3F 		cmp	r3, #-1
 970 0078 43D0     		beq	.L70
 971              	.LVL102:
 972              	.L61:
3139:Drivers/STM32F4xx_HAL_Driver/Src/stm32f4xx_hal_sd.c ****   {
 973              		.loc 1 3139 9 is_stmt 1 view .LVU328
3139:Drivers/STM32F4xx_HAL_Driver/Src/stm32f4xx_hal_sd.c ****   {
 974              		.loc 1 3139 10 is_stmt 0 view .LVU329
 975 007a 2068     		ldr	r0, [r4]
 976 007c 436B     		ldr	r3, [r0, #52]
3139:Drivers/STM32F4xx_HAL_Driver/Src/stm32f4xx_hal_sd.c ****   {
 977              		.loc 1 3139 9 view .LVU330
 978 007e 13F02A0F 		tst	r3, #42
 979 0082 07D1     		bne	.L64
3141:Drivers/STM32F4xx_HAL_Driver/Src/stm32f4xx_hal_sd.c ****     {
 980              		.loc 1 3141 5 is_stmt 1 view .LVU331
3141:Drivers/STM32F4xx_HAL_Driver/Src/stm32f4xx_hal_sd.c ****     {
 981              		.loc 1 3141 8 is_stmt 0 view .LVU332
 982 0084 436B     		ldr	r3, [r0, #52]
3141:Drivers/STM32F4xx_HAL_Driver/Src/stm32f4xx_hal_sd.c ****     {
 983              		.loc 1 3141 7 view .LVU333
 984 0086 13F4001F 		tst	r3, #2097152
 985 008a EBD1     		bne	.L73
3146:Drivers/STM32F4xx_HAL_Driver/Src/stm32f4xx_hal_sd.c ****     {
 986              		.loc 1 3146 10 is_stmt 1 view .LVU334
3146:Drivers/STM32F4xx_HAL_Driver/Src/stm32f4xx_hal_sd.c ****     {
 987              		.loc 1 3146 14 is_stmt 0 view .LVU335
 988 008c 436B     		ldr	r3, [r0, #52]
3146:Drivers/STM32F4xx_HAL_Driver/Src/stm32f4xx_hal_sd.c ****     {
 989              		.loc 1 3146 12 view .LVU336
 990 008e 13F4005F 		tst	r3, #8192
 991 0092 ECD1     		bne	.L63
 992              	.L64:
3158:Drivers/STM32F4xx_HAL_Driver/Src/stm32f4xx_hal_sd.c **** #else /* SDIO_STA_STBITERR not defined */
 993              		.loc 1 3158 3 is_stmt 1 view .LVU337
3158:Drivers/STM32F4xx_HAL_Driver/Src/stm32f4xx_hal_sd.c **** #else /* SDIO_STA_STBITERR not defined */
 994              		.loc 1 3158 6 is_stmt 0 view .LVU338
 995 0094 436B     		ldr	r3, [r0, #52]
3158:Drivers/STM32F4xx_HAL_Driver/Src/stm32f4xx_hal_sd.c **** #else /* SDIO_STA_STBITERR not defined */
 996              		.loc 1 3158 5 view .LVU339
 997 0096 13F0080F 		tst	r3, #8
 998 009a 29D1     		bne	.L66
3158:Drivers/STM32F4xx_HAL_Driver/Src/stm32f4xx_hal_sd.c **** #else /* SDIO_STA_STBITERR not defined */
 999              		.loc 1 3158 53 discriminator 1 view .LVU340
 1000 009c 436B     		ldr	r3, [r0, #52]
3158:Drivers/STM32F4xx_HAL_Driver/Src/stm32f4xx_hal_sd.c **** #else /* SDIO_STA_STBITERR not defined */
 1001              		.loc 1 3158 49 discriminator 1 view .LVU341
 1002 009e 13F4007F 		tst	r3, #512
 1003 00a2 25D1     		bne	.L66
3167:Drivers/STM32F4xx_HAL_Driver/Src/stm32f4xx_hal_sd.c ****   {
 1004              		.loc 1 3167 8 is_stmt 1 view .LVU342
3167:Drivers/STM32F4xx_HAL_Driver/Src/stm32f4xx_hal_sd.c ****   {
 1005              		.loc 1 3167 11 is_stmt 0 view .LVU343
 1006 00a4 436B     		ldr	r3, [r0, #52]
3167:Drivers/STM32F4xx_HAL_Driver/Src/stm32f4xx_hal_sd.c ****   {
ARM GAS  C:\Users\40918\AppData\Local\Temp\cc5Xi7iV.s 			page 81


 1007              		.loc 1 3167 10 view .LVU344
 1008 00a6 13F0020F 		tst	r3, #2
 1009 00aa 24D1     		bne	.L74
3173:Drivers/STM32F4xx_HAL_Driver/Src/stm32f4xx_hal_sd.c ****   {
 1010              		.loc 1 3173 8 is_stmt 1 view .LVU345
3173:Drivers/STM32F4xx_HAL_Driver/Src/stm32f4xx_hal_sd.c ****   {
 1011              		.loc 1 3173 11 is_stmt 0 view .LVU346
 1012 00ac 456B     		ldr	r5, [r0, #52]
 1013              	.LVL103:
3173:Drivers/STM32F4xx_HAL_Driver/Src/stm32f4xx_hal_sd.c ****   {
 1014              		.loc 1 3173 10 view .LVU347
 1015 00ae 15F02005 		ands	r5, r5, #32
 1016 00b2 23D1     		bne	.L75
3183:Drivers/STM32F4xx_HAL_Driver/Src/stm32f4xx_hal_sd.c **** 
 1017              		.loc 1 3183 5 is_stmt 1 view .LVU348
 1018 00b4 40F23A53 		movw	r3, #1338
 1019 00b8 8363     		str	r3, [r0, #56]
3185:Drivers/STM32F4xx_HAL_Driver/Src/stm32f4xx_hal_sd.c ****             ((tempscr[1] & SDMMC_16TO23BITS) >> 8) | ((tempscr[1] & SDMMC_24TO31BITS) >> 24));
 1020              		.loc 1 3185 5 view .LVU349
3185:Drivers/STM32F4xx_HAL_Driver/Src/stm32f4xx_hal_sd.c ****             ((tempscr[1] & SDMMC_16TO23BITS) >> 8) | ((tempscr[1] & SDMMC_24TO31BITS) >> 24));
 1021              		.loc 1 3185 22 is_stmt 0 view .LVU350
 1022 00ba 019A     		ldr	r2, [sp, #4]
3185:Drivers/STM32F4xx_HAL_Driver/Src/stm32f4xx_hal_sd.c ****             ((tempscr[1] & SDMMC_16TO23BITS) >> 8) | ((tempscr[1] & SDMMC_24TO31BITS) >> 24));
 1023              		.loc 1 3185 86 view .LVU351
 1024 00bc 1302     		lsls	r3, r2, #8
 1025 00be 03F47F03 		and	r3, r3, #16711680
3185:Drivers/STM32F4xx_HAL_Driver/Src/stm32f4xx_hal_sd.c ****             ((tempscr[1] & SDMMC_16TO23BITS) >> 8) | ((tempscr[1] & SDMMC_24TO31BITS) >> 24));
 1026              		.loc 1 3185 52 view .LVU352
 1027 00c2 43EA0263 		orr	r3, r3, r2, lsl #24
3186:Drivers/STM32F4xx_HAL_Driver/Src/stm32f4xx_hal_sd.c ****     scr++;
 1028              		.loc 1 3186 46 view .LVU353
 1029 00c6 110A     		lsrs	r1, r2, #8
 1030 00c8 01F47F41 		and	r1, r1, #65280
3185:Drivers/STM32F4xx_HAL_Driver/Src/stm32f4xx_hal_sd.c ****             ((tempscr[1] & SDMMC_16TO23BITS) >> 8) | ((tempscr[1] & SDMMC_24TO31BITS) >> 24));
 1031              		.loc 1 3185 92 view .LVU354
 1032 00cc 0B43     		orrs	r3, r3, r1
3186:Drivers/STM32F4xx_HAL_Driver/Src/stm32f4xx_hal_sd.c ****     scr++;
 1033              		.loc 1 3186 52 view .LVU355
 1034 00ce 43EA1263 		orr	r3, r3, r2, lsr #24
3185:Drivers/STM32F4xx_HAL_Driver/Src/stm32f4xx_hal_sd.c ****             ((tempscr[1] & SDMMC_16TO23BITS) >> 8) | ((tempscr[1] & SDMMC_24TO31BITS) >> 24));
 1035              		.loc 1 3185 10 view .LVU356
 1036 00d2 3B60     		str	r3, [r7]
3187:Drivers/STM32F4xx_HAL_Driver/Src/stm32f4xx_hal_sd.c ****     *scr = (((tempscr[0] & SDMMC_0TO7BITS) << 24)  | ((tempscr[0] & SDMMC_8TO15BITS) << 8) |\
 1037              		.loc 1 3187 5 is_stmt 1 view .LVU357
 1038              	.LVL104:
3188:Drivers/STM32F4xx_HAL_Driver/Src/stm32f4xx_hal_sd.c ****             ((tempscr[0] & SDMMC_16TO23BITS) >> 8) | ((tempscr[0] & SDMMC_24TO31BITS) >> 24));
 1039              		.loc 1 3188 5 view .LVU358
3188:Drivers/STM32F4xx_HAL_Driver/Src/stm32f4xx_hal_sd.c ****             ((tempscr[0] & SDMMC_16TO23BITS) >> 8) | ((tempscr[0] & SDMMC_24TO31BITS) >> 24));
 1040              		.loc 1 3188 22 is_stmt 0 view .LVU359
 1041 00d4 009A     		ldr	r2, [sp]
3188:Drivers/STM32F4xx_HAL_Driver/Src/stm32f4xx_hal_sd.c ****             ((tempscr[0] & SDMMC_16TO23BITS) >> 8) | ((tempscr[0] & SDMMC_24TO31BITS) >> 24));
 1042              		.loc 1 3188 86 view .LVU360
 1043 00d6 1302     		lsls	r3, r2, #8
 1044 00d8 03F47F03 		and	r3, r3, #16711680
3188:Drivers/STM32F4xx_HAL_Driver/Src/stm32f4xx_hal_sd.c ****             ((tempscr[0] & SDMMC_16TO23BITS) >> 8) | ((tempscr[0] & SDMMC_24TO31BITS) >> 24));
 1045              		.loc 1 3188 52 view .LVU361
 1046 00dc 43EA0263 		orr	r3, r3, r2, lsl #24
ARM GAS  C:\Users\40918\AppData\Local\Temp\cc5Xi7iV.s 			page 82


3189:Drivers/STM32F4xx_HAL_Driver/Src/stm32f4xx_hal_sd.c **** 
 1047              		.loc 1 3189 46 view .LVU362
 1048 00e0 110A     		lsrs	r1, r2, #8
 1049 00e2 01F47F41 		and	r1, r1, #65280
3188:Drivers/STM32F4xx_HAL_Driver/Src/stm32f4xx_hal_sd.c ****             ((tempscr[0] & SDMMC_16TO23BITS) >> 8) | ((tempscr[0] & SDMMC_24TO31BITS) >> 24));
 1050              		.loc 1 3188 92 view .LVU363
 1051 00e6 0B43     		orrs	r3, r3, r1
3189:Drivers/STM32F4xx_HAL_Driver/Src/stm32f4xx_hal_sd.c **** 
 1052              		.loc 1 3189 52 view .LVU364
 1053 00e8 43EA1263 		orr	r3, r3, r2, lsr #24
3188:Drivers/STM32F4xx_HAL_Driver/Src/stm32f4xx_hal_sd.c ****             ((tempscr[0] & SDMMC_16TO23BITS) >> 8) | ((tempscr[0] & SDMMC_24TO31BITS) >> 24));
 1054              		.loc 1 3188 10 view .LVU365
 1055 00ec 7B60     		str	r3, [r7, #4]
3193:Drivers/STM32F4xx_HAL_Driver/Src/stm32f4xx_hal_sd.c **** }
 1056              		.loc 1 3193 3 is_stmt 1 view .LVU366
3193:Drivers/STM32F4xx_HAL_Driver/Src/stm32f4xx_hal_sd.c **** }
 1057              		.loc 1 3193 10 is_stmt 0 view .LVU367
 1058 00ee 97E7     		b	.L59
 1059              	.LVL105:
 1060              	.L66:
3163:Drivers/STM32F4xx_HAL_Driver/Src/stm32f4xx_hal_sd.c **** 
 1061              		.loc 1 3163 5 is_stmt 1 view .LVU368
 1062 00f0 0825     		movs	r5, #8
 1063              	.LVL106:
3163:Drivers/STM32F4xx_HAL_Driver/Src/stm32f4xx_hal_sd.c **** 
 1064              		.loc 1 3163 5 is_stmt 0 view .LVU369
 1065 00f2 8563     		str	r5, [r0, #56]
3165:Drivers/STM32F4xx_HAL_Driver/Src/stm32f4xx_hal_sd.c ****   }
 1066              		.loc 1 3165 5 is_stmt 1 view .LVU370
3165:Drivers/STM32F4xx_HAL_Driver/Src/stm32f4xx_hal_sd.c ****   }
 1067              		.loc 1 3165 12 is_stmt 0 view .LVU371
 1068 00f4 94E7     		b	.L59
 1069              	.LVL107:
 1070              	.L74:
3169:Drivers/STM32F4xx_HAL_Driver/Src/stm32f4xx_hal_sd.c **** 
 1071              		.loc 1 3169 5 is_stmt 1 view .LVU372
 1072 00f6 0225     		movs	r5, #2
 1073              	.LVL108:
3169:Drivers/STM32F4xx_HAL_Driver/Src/stm32f4xx_hal_sd.c **** 
 1074              		.loc 1 3169 5 is_stmt 0 view .LVU373
 1075 00f8 8563     		str	r5, [r0, #56]
3171:Drivers/STM32F4xx_HAL_Driver/Src/stm32f4xx_hal_sd.c ****   }
 1076              		.loc 1 3171 5 is_stmt 1 view .LVU374
3171:Drivers/STM32F4xx_HAL_Driver/Src/stm32f4xx_hal_sd.c ****   }
 1077              		.loc 1 3171 12 is_stmt 0 view .LVU375
 1078 00fa 91E7     		b	.L59
 1079              	.L75:
3175:Drivers/STM32F4xx_HAL_Driver/Src/stm32f4xx_hal_sd.c **** 
 1080              		.loc 1 3175 5 is_stmt 1 view .LVU376
 1081 00fc 2025     		movs	r5, #32
 1082 00fe 8563     		str	r5, [r0, #56]
3177:Drivers/STM32F4xx_HAL_Driver/Src/stm32f4xx_hal_sd.c ****   }
 1083              		.loc 1 3177 5 view .LVU377
3177:Drivers/STM32F4xx_HAL_Driver/Src/stm32f4xx_hal_sd.c ****   }
 1084              		.loc 1 3177 12 is_stmt 0 view .LVU378
 1085 0100 8EE7     		b	.L59
 1086              	.LVL109:
ARM GAS  C:\Users\40918\AppData\Local\Temp\cc5Xi7iV.s 			page 83


 1087              	.L70:
3153:Drivers/STM32F4xx_HAL_Driver/Src/stm32f4xx_hal_sd.c ****     }
 1088              		.loc 1 3153 14 view .LVU379
 1089 0102 4FF00045 		mov	r5, #-2147483648
 1090              	.LVL110:
3153:Drivers/STM32F4xx_HAL_Driver/Src/stm32f4xx_hal_sd.c ****     }
 1091              		.loc 1 3153 14 view .LVU380
 1092 0106 8BE7     		b	.L59
 1093              		.cfi_endproc
 1094              	.LFE278:
 1096              		.section	.text.SD_WideBus_Enable,"ax",%progbits
 1097              		.align	1
 1098              		.syntax unified
 1099              		.thumb
 1100              		.thumb_func
 1102              	SD_WideBus_Enable:
 1103              	.LVL111:
 1104              	.LFB276:
3006:Drivers/STM32F4xx_HAL_Driver/Src/stm32f4xx_hal_sd.c ****   uint32_t scr[2U] = {0U, 0U};
 1105              		.loc 1 3006 1 is_stmt 1 view -0
 1106              		.cfi_startproc
 1107              		@ args = 0, pretend = 0, frame = 8
 1108              		@ frame_needed = 0, uses_anonymous_args = 0
3006:Drivers/STM32F4xx_HAL_Driver/Src/stm32f4xx_hal_sd.c ****   uint32_t scr[2U] = {0U, 0U};
 1109              		.loc 1 3006 1 is_stmt 0 view .LVU382
 1110 0000 10B5     		push	{r4, lr}
 1111              	.LCFI18:
 1112              		.cfi_def_cfa_offset 8
 1113              		.cfi_offset 4, -8
 1114              		.cfi_offset 14, -4
 1115 0002 82B0     		sub	sp, sp, #8
 1116              	.LCFI19:
 1117              		.cfi_def_cfa_offset 16
 1118 0004 0446     		mov	r4, r0
3007:Drivers/STM32F4xx_HAL_Driver/Src/stm32f4xx_hal_sd.c ****   uint32_t errorstate;
 1119              		.loc 1 3007 3 is_stmt 1 view .LVU383
3007:Drivers/STM32F4xx_HAL_Driver/Src/stm32f4xx_hal_sd.c ****   uint32_t errorstate;
 1120              		.loc 1 3007 12 is_stmt 0 view .LVU384
 1121 0006 0021     		movs	r1, #0
 1122 0008 0091     		str	r1, [sp]
 1123 000a 0191     		str	r1, [sp, #4]
3008:Drivers/STM32F4xx_HAL_Driver/Src/stm32f4xx_hal_sd.c **** 
 1124              		.loc 1 3008 3 is_stmt 1 view .LVU385
3010:Drivers/STM32F4xx_HAL_Driver/Src/stm32f4xx_hal_sd.c ****   {
 1125              		.loc 1 3010 3 view .LVU386
3010:Drivers/STM32F4xx_HAL_Driver/Src/stm32f4xx_hal_sd.c ****   {
 1126              		.loc 1 3010 7 is_stmt 0 view .LVU387
 1127 000c 0068     		ldr	r0, [r0]
 1128              	.LVL112:
3010:Drivers/STM32F4xx_HAL_Driver/Src/stm32f4xx_hal_sd.c ****   {
 1129              		.loc 1 3010 7 view .LVU388
 1130 000e FFF7FEFF 		bl	SDIO_GetResponse
 1131              	.LVL113:
3010:Drivers/STM32F4xx_HAL_Driver/Src/stm32f4xx_hal_sd.c ****   {
 1132              		.loc 1 3010 5 discriminator 1 view .LVU389
 1133 0012 10F0007F 		tst	r0, #33554432
 1134 0016 13D1     		bne	.L78
ARM GAS  C:\Users\40918\AppData\Local\Temp\cc5Xi7iV.s 			page 84


3016:Drivers/STM32F4xx_HAL_Driver/Src/stm32f4xx_hal_sd.c ****   if(errorstate != HAL_SD_ERROR_NONE)
 1135              		.loc 1 3016 3 is_stmt 1 view .LVU390
3016:Drivers/STM32F4xx_HAL_Driver/Src/stm32f4xx_hal_sd.c ****   if(errorstate != HAL_SD_ERROR_NONE)
 1136              		.loc 1 3016 16 is_stmt 0 view .LVU391
 1137 0018 6946     		mov	r1, sp
 1138 001a 2046     		mov	r0, r4
 1139 001c FFF7FEFF 		bl	SD_FindSCR
 1140              	.LVL114:
3017:Drivers/STM32F4xx_HAL_Driver/Src/stm32f4xx_hal_sd.c ****   {
 1141              		.loc 1 3017 3 is_stmt 1 view .LVU392
3017:Drivers/STM32F4xx_HAL_Driver/Src/stm32f4xx_hal_sd.c ****   {
 1142              		.loc 1 3017 5 is_stmt 0 view .LVU393
 1143 0020 80B9     		cbnz	r0, .L76
3023:Drivers/STM32F4xx_HAL_Driver/Src/stm32f4xx_hal_sd.c ****   {
 1144              		.loc 1 3023 3 is_stmt 1 view .LVU394
3023:Drivers/STM32F4xx_HAL_Driver/Src/stm32f4xx_hal_sd.c ****   {
 1145              		.loc 1 3023 5 is_stmt 0 view .LVU395
 1146 0022 019B     		ldr	r3, [sp, #4]
 1147 0024 13F4802F 		tst	r3, #262144
 1148 0028 0ED0     		beq	.L79
3026:Drivers/STM32F4xx_HAL_Driver/Src/stm32f4xx_hal_sd.c ****     if(errorstate != HAL_SD_ERROR_NONE)
 1149              		.loc 1 3026 5 is_stmt 1 view .LVU396
3026:Drivers/STM32F4xx_HAL_Driver/Src/stm32f4xx_hal_sd.c ****     if(errorstate != HAL_SD_ERROR_NONE)
 1150              		.loc 1 3026 75 is_stmt 0 view .LVU397
 1151 002a 216D     		ldr	r1, [r4, #80]
3026:Drivers/STM32F4xx_HAL_Driver/Src/stm32f4xx_hal_sd.c ****     if(errorstate != HAL_SD_ERROR_NONE)
 1152              		.loc 1 3026 18 view .LVU398
 1153 002c 0904     		lsls	r1, r1, #16
 1154 002e 2068     		ldr	r0, [r4]
 1155              	.LVL115:
3026:Drivers/STM32F4xx_HAL_Driver/Src/stm32f4xx_hal_sd.c ****     if(errorstate != HAL_SD_ERROR_NONE)
 1156              		.loc 1 3026 18 view .LVU399
 1157 0030 FFF7FEFF 		bl	SDMMC_CmdAppCommand
 1158              	.LVL116:
3027:Drivers/STM32F4xx_HAL_Driver/Src/stm32f4xx_hal_sd.c ****     {
 1159              		.loc 1 3027 5 is_stmt 1 view .LVU400
3027:Drivers/STM32F4xx_HAL_Driver/Src/stm32f4xx_hal_sd.c ****     {
 1160              		.loc 1 3027 7 is_stmt 0 view .LVU401
 1161 0034 30B9     		cbnz	r0, .L76
3033:Drivers/STM32F4xx_HAL_Driver/Src/stm32f4xx_hal_sd.c ****     if(errorstate != HAL_SD_ERROR_NONE)
 1162              		.loc 1 3033 5 is_stmt 1 view .LVU402
3033:Drivers/STM32F4xx_HAL_Driver/Src/stm32f4xx_hal_sd.c ****     if(errorstate != HAL_SD_ERROR_NONE)
 1163              		.loc 1 3033 18 is_stmt 0 view .LVU403
 1164 0036 0221     		movs	r1, #2
 1165 0038 2068     		ldr	r0, [r4]
 1166              	.LVL117:
3033:Drivers/STM32F4xx_HAL_Driver/Src/stm32f4xx_hal_sd.c ****     if(errorstate != HAL_SD_ERROR_NONE)
 1167              		.loc 1 3033 18 view .LVU404
 1168 003a FFF7FEFF 		bl	SDMMC_CmdBusWidth
 1169              	.LVL118:
3034:Drivers/STM32F4xx_HAL_Driver/Src/stm32f4xx_hal_sd.c ****     {
 1170              		.loc 1 3034 5 is_stmt 1 view .LVU405
 1171 003e 01E0     		b	.L76
 1172              	.LVL119:
 1173              	.L78:
3012:Drivers/STM32F4xx_HAL_Driver/Src/stm32f4xx_hal_sd.c ****   }
 1174              		.loc 1 3012 12 is_stmt 0 view .LVU406
ARM GAS  C:\Users\40918\AppData\Local\Temp\cc5Xi7iV.s 			page 85


 1175 0040 4FF40060 		mov	r0, #2048
 1176              	.L76:
3045:Drivers/STM32F4xx_HAL_Driver/Src/stm32f4xx_hal_sd.c **** 
 1177              		.loc 1 3045 1 view .LVU407
 1178 0044 02B0     		add	sp, sp, #8
 1179              	.LCFI20:
 1180              		.cfi_remember_state
 1181              		.cfi_def_cfa_offset 8
 1182              		@ sp needed
 1183 0046 10BD     		pop	{r4, pc}
 1184              	.LVL120:
 1185              	.L79:
 1186              	.LCFI21:
 1187              		.cfi_restore_state
3043:Drivers/STM32F4xx_HAL_Driver/Src/stm32f4xx_hal_sd.c ****   }
 1188              		.loc 1 3043 12 view .LVU408
 1189 0048 4FF08060 		mov	r0, #67108864
 1190              	.LVL121:
3043:Drivers/STM32F4xx_HAL_Driver/Src/stm32f4xx_hal_sd.c ****   }
 1191              		.loc 1 3043 12 view .LVU409
 1192 004c FAE7     		b	.L76
 1193              		.cfi_endproc
 1194              	.LFE276:
 1196              		.section	.text.SD_WideBus_Disable,"ax",%progbits
 1197              		.align	1
 1198              		.syntax unified
 1199              		.thumb
 1200              		.thumb_func
 1202              	SD_WideBus_Disable:
 1203              	.LVL122:
 1204              	.LFB277:
3053:Drivers/STM32F4xx_HAL_Driver/Src/stm32f4xx_hal_sd.c ****   uint32_t scr[2U] = {0U, 0U};
 1205              		.loc 1 3053 1 is_stmt 1 view -0
 1206              		.cfi_startproc
 1207              		@ args = 0, pretend = 0, frame = 8
 1208              		@ frame_needed = 0, uses_anonymous_args = 0
3053:Drivers/STM32F4xx_HAL_Driver/Src/stm32f4xx_hal_sd.c ****   uint32_t scr[2U] = {0U, 0U};
 1209              		.loc 1 3053 1 is_stmt 0 view .LVU411
 1210 0000 10B5     		push	{r4, lr}
 1211              	.LCFI22:
 1212              		.cfi_def_cfa_offset 8
 1213              		.cfi_offset 4, -8
 1214              		.cfi_offset 14, -4
 1215 0002 82B0     		sub	sp, sp, #8
 1216              	.LCFI23:
 1217              		.cfi_def_cfa_offset 16
 1218 0004 0446     		mov	r4, r0
3054:Drivers/STM32F4xx_HAL_Driver/Src/stm32f4xx_hal_sd.c ****   uint32_t errorstate;
 1219              		.loc 1 3054 3 is_stmt 1 view .LVU412
3054:Drivers/STM32F4xx_HAL_Driver/Src/stm32f4xx_hal_sd.c ****   uint32_t errorstate;
 1220              		.loc 1 3054 12 is_stmt 0 view .LVU413
 1221 0006 0021     		movs	r1, #0
 1222 0008 0091     		str	r1, [sp]
 1223 000a 0191     		str	r1, [sp, #4]
3055:Drivers/STM32F4xx_HAL_Driver/Src/stm32f4xx_hal_sd.c **** 
 1224              		.loc 1 3055 3 is_stmt 1 view .LVU414
3057:Drivers/STM32F4xx_HAL_Driver/Src/stm32f4xx_hal_sd.c ****   {
ARM GAS  C:\Users\40918\AppData\Local\Temp\cc5Xi7iV.s 			page 86


 1225              		.loc 1 3057 3 view .LVU415
3057:Drivers/STM32F4xx_HAL_Driver/Src/stm32f4xx_hal_sd.c ****   {
 1226              		.loc 1 3057 7 is_stmt 0 view .LVU416
 1227 000c 0068     		ldr	r0, [r0]
 1228              	.LVL123:
3057:Drivers/STM32F4xx_HAL_Driver/Src/stm32f4xx_hal_sd.c ****   {
 1229              		.loc 1 3057 7 view .LVU417
 1230 000e FFF7FEFF 		bl	SDIO_GetResponse
 1231              	.LVL124:
3057:Drivers/STM32F4xx_HAL_Driver/Src/stm32f4xx_hal_sd.c ****   {
 1232              		.loc 1 3057 5 discriminator 1 view .LVU418
 1233 0012 10F0007F 		tst	r0, #33554432
 1234 0016 13D1     		bne	.L83
3063:Drivers/STM32F4xx_HAL_Driver/Src/stm32f4xx_hal_sd.c ****   if(errorstate != HAL_SD_ERROR_NONE)
 1235              		.loc 1 3063 3 is_stmt 1 view .LVU419
3063:Drivers/STM32F4xx_HAL_Driver/Src/stm32f4xx_hal_sd.c ****   if(errorstate != HAL_SD_ERROR_NONE)
 1236              		.loc 1 3063 16 is_stmt 0 view .LVU420
 1237 0018 6946     		mov	r1, sp
 1238 001a 2046     		mov	r0, r4
 1239 001c FFF7FEFF 		bl	SD_FindSCR
 1240              	.LVL125:
3064:Drivers/STM32F4xx_HAL_Driver/Src/stm32f4xx_hal_sd.c ****   {
 1241              		.loc 1 3064 3 is_stmt 1 view .LVU421
3064:Drivers/STM32F4xx_HAL_Driver/Src/stm32f4xx_hal_sd.c ****   {
 1242              		.loc 1 3064 5 is_stmt 0 view .LVU422
 1243 0020 80B9     		cbnz	r0, .L81
3070:Drivers/STM32F4xx_HAL_Driver/Src/stm32f4xx_hal_sd.c ****   {
 1244              		.loc 1 3070 3 is_stmt 1 view .LVU423
3070:Drivers/STM32F4xx_HAL_Driver/Src/stm32f4xx_hal_sd.c ****   {
 1245              		.loc 1 3070 5 is_stmt 0 view .LVU424
 1246 0022 019B     		ldr	r3, [sp, #4]
 1247 0024 13F4803F 		tst	r3, #65536
 1248 0028 0ED0     		beq	.L84
3073:Drivers/STM32F4xx_HAL_Driver/Src/stm32f4xx_hal_sd.c ****     if(errorstate != HAL_SD_ERROR_NONE)
 1249              		.loc 1 3073 5 is_stmt 1 view .LVU425
3073:Drivers/STM32F4xx_HAL_Driver/Src/stm32f4xx_hal_sd.c ****     if(errorstate != HAL_SD_ERROR_NONE)
 1250              		.loc 1 3073 75 is_stmt 0 view .LVU426
 1251 002a 216D     		ldr	r1, [r4, #80]
3073:Drivers/STM32F4xx_HAL_Driver/Src/stm32f4xx_hal_sd.c ****     if(errorstate != HAL_SD_ERROR_NONE)
 1252              		.loc 1 3073 18 view .LVU427
 1253 002c 0904     		lsls	r1, r1, #16
 1254 002e 2068     		ldr	r0, [r4]
 1255              	.LVL126:
3073:Drivers/STM32F4xx_HAL_Driver/Src/stm32f4xx_hal_sd.c ****     if(errorstate != HAL_SD_ERROR_NONE)
 1256              		.loc 1 3073 18 view .LVU428
 1257 0030 FFF7FEFF 		bl	SDMMC_CmdAppCommand
 1258              	.LVL127:
3074:Drivers/STM32F4xx_HAL_Driver/Src/stm32f4xx_hal_sd.c ****     {
 1259              		.loc 1 3074 5 is_stmt 1 view .LVU429
3074:Drivers/STM32F4xx_HAL_Driver/Src/stm32f4xx_hal_sd.c ****     {
 1260              		.loc 1 3074 7 is_stmt 0 view .LVU430
 1261 0034 30B9     		cbnz	r0, .L81
3080:Drivers/STM32F4xx_HAL_Driver/Src/stm32f4xx_hal_sd.c ****     if(errorstate != HAL_SD_ERROR_NONE)
 1262              		.loc 1 3080 5 is_stmt 1 view .LVU431
3080:Drivers/STM32F4xx_HAL_Driver/Src/stm32f4xx_hal_sd.c ****     if(errorstate != HAL_SD_ERROR_NONE)
 1263              		.loc 1 3080 18 is_stmt 0 view .LVU432
 1264 0036 0021     		movs	r1, #0
ARM GAS  C:\Users\40918\AppData\Local\Temp\cc5Xi7iV.s 			page 87


 1265 0038 2068     		ldr	r0, [r4]
 1266              	.LVL128:
3080:Drivers/STM32F4xx_HAL_Driver/Src/stm32f4xx_hal_sd.c ****     if(errorstate != HAL_SD_ERROR_NONE)
 1267              		.loc 1 3080 18 view .LVU433
 1268 003a FFF7FEFF 		bl	SDMMC_CmdBusWidth
 1269              	.LVL129:
3081:Drivers/STM32F4xx_HAL_Driver/Src/stm32f4xx_hal_sd.c ****     {
 1270              		.loc 1 3081 5 is_stmt 1 view .LVU434
 1271 003e 01E0     		b	.L81
 1272              	.LVL130:
 1273              	.L83:
3059:Drivers/STM32F4xx_HAL_Driver/Src/stm32f4xx_hal_sd.c ****   }
 1274              		.loc 1 3059 12 is_stmt 0 view .LVU435
 1275 0040 4FF40060 		mov	r0, #2048
 1276              	.L81:
3092:Drivers/STM32F4xx_HAL_Driver/Src/stm32f4xx_hal_sd.c **** 
 1277              		.loc 1 3092 1 view .LVU436
 1278 0044 02B0     		add	sp, sp, #8
 1279              	.LCFI24:
 1280              		.cfi_remember_state
 1281              		.cfi_def_cfa_offset 8
 1282              		@ sp needed
 1283 0046 10BD     		pop	{r4, pc}
 1284              	.LVL131:
 1285              	.L84:
 1286              	.LCFI25:
 1287              		.cfi_restore_state
3090:Drivers/STM32F4xx_HAL_Driver/Src/stm32f4xx_hal_sd.c ****   }
 1288              		.loc 1 3090 12 view .LVU437
 1289 0048 4FF08060 		mov	r0, #67108864
 1290              	.LVL132:
3090:Drivers/STM32F4xx_HAL_Driver/Src/stm32f4xx_hal_sd.c ****   }
 1291              		.loc 1 3090 12 view .LVU438
 1292 004c FAE7     		b	.L81
 1293              		.cfi_endproc
 1294              	.LFE277:
 1296              		.section	.text.SD_SendStatus,"ax",%progbits
 1297              		.align	1
 1298              		.syntax unified
 1299              		.thumb
 1300              		.thumb_func
 1302              	SD_SendStatus:
 1303              	.LVL133:
 1304              	.LFB275:
2979:Drivers/STM32F4xx_HAL_Driver/Src/stm32f4xx_hal_sd.c ****   uint32_t errorstate;
 1305              		.loc 1 2979 1 is_stmt 1 view -0
 1306              		.cfi_startproc
 1307              		@ args = 0, pretend = 0, frame = 0
 1308              		@ frame_needed = 0, uses_anonymous_args = 0
2979:Drivers/STM32F4xx_HAL_Driver/Src/stm32f4xx_hal_sd.c ****   uint32_t errorstate;
 1309              		.loc 1 2979 1 is_stmt 0 view .LVU440
 1310 0000 70B5     		push	{r4, r5, r6, lr}
 1311              	.LCFI26:
 1312              		.cfi_def_cfa_offset 16
 1313              		.cfi_offset 4, -16
 1314              		.cfi_offset 5, -12
 1315              		.cfi_offset 6, -8
ARM GAS  C:\Users\40918\AppData\Local\Temp\cc5Xi7iV.s 			page 88


 1316              		.cfi_offset 14, -4
2980:Drivers/STM32F4xx_HAL_Driver/Src/stm32f4xx_hal_sd.c **** 
 1317              		.loc 1 2980 3 is_stmt 1 view .LVU441
2982:Drivers/STM32F4xx_HAL_Driver/Src/stm32f4xx_hal_sd.c ****   {
 1318              		.loc 1 2982 3 view .LVU442
2982:Drivers/STM32F4xx_HAL_Driver/Src/stm32f4xx_hal_sd.c ****   {
 1319              		.loc 1 2982 5 is_stmt 0 view .LVU443
 1320 0002 81B1     		cbz	r1, .L88
 1321 0004 0446     		mov	r4, r0
 1322 0006 0E46     		mov	r6, r1
2988:Drivers/STM32F4xx_HAL_Driver/Src/stm32f4xx_hal_sd.c ****   if(errorstate != HAL_SD_ERROR_NONE)
 1323              		.loc 1 2988 3 is_stmt 1 view .LVU444
2988:Drivers/STM32F4xx_HAL_Driver/Src/stm32f4xx_hal_sd.c ****   if(errorstate != HAL_SD_ERROR_NONE)
 1324              		.loc 1 2988 73 is_stmt 0 view .LVU445
 1325 0008 016D     		ldr	r1, [r0, #80]
 1326              	.LVL134:
2988:Drivers/STM32F4xx_HAL_Driver/Src/stm32f4xx_hal_sd.c ****   if(errorstate != HAL_SD_ERROR_NONE)
 1327              		.loc 1 2988 16 view .LVU446
 1328 000a 0904     		lsls	r1, r1, #16
 1329 000c 0068     		ldr	r0, [r0]
 1330              	.LVL135:
2988:Drivers/STM32F4xx_HAL_Driver/Src/stm32f4xx_hal_sd.c ****   if(errorstate != HAL_SD_ERROR_NONE)
 1331              		.loc 1 2988 16 view .LVU447
 1332 000e FFF7FEFF 		bl	SDMMC_CmdSendStatus
 1333              	.LVL136:
2989:Drivers/STM32F4xx_HAL_Driver/Src/stm32f4xx_hal_sd.c ****   {
 1334              		.loc 1 2989 3 is_stmt 1 view .LVU448
2989:Drivers/STM32F4xx_HAL_Driver/Src/stm32f4xx_hal_sd.c ****   {
 1335              		.loc 1 2989 5 is_stmt 0 view .LVU449
 1336 0012 0546     		mov	r5, r0
 1337 0014 08B1     		cbz	r0, .L90
 1338              	.LVL137:
 1339              	.L86:
2998:Drivers/STM32F4xx_HAL_Driver/Src/stm32f4xx_hal_sd.c **** 
 1340              		.loc 1 2998 1 view .LVU450
 1341 0016 2846     		mov	r0, r5
 1342 0018 70BD     		pop	{r4, r5, r6, pc}
 1343              	.LVL138:
 1344              	.L90:
2995:Drivers/STM32F4xx_HAL_Driver/Src/stm32f4xx_hal_sd.c **** 
 1345              		.loc 1 2995 3 is_stmt 1 view .LVU451
2995:Drivers/STM32F4xx_HAL_Driver/Src/stm32f4xx_hal_sd.c **** 
 1346              		.loc 1 2995 18 is_stmt 0 view .LVU452
 1347 001a 0021     		movs	r1, #0
 1348 001c 2068     		ldr	r0, [r4]
 1349              	.LVL139:
2995:Drivers/STM32F4xx_HAL_Driver/Src/stm32f4xx_hal_sd.c **** 
 1350              		.loc 1 2995 18 view .LVU453
 1351 001e FFF7FEFF 		bl	SDIO_GetResponse
 1352              	.LVL140:
2995:Drivers/STM32F4xx_HAL_Driver/Src/stm32f4xx_hal_sd.c **** 
 1353              		.loc 1 2995 16 discriminator 1 view .LVU454
 1354 0022 3060     		str	r0, [r6]
2997:Drivers/STM32F4xx_HAL_Driver/Src/stm32f4xx_hal_sd.c **** }
 1355              		.loc 1 2997 3 is_stmt 1 view .LVU455
2997:Drivers/STM32F4xx_HAL_Driver/Src/stm32f4xx_hal_sd.c **** }
 1356              		.loc 1 2997 10 is_stmt 0 view .LVU456
ARM GAS  C:\Users\40918\AppData\Local\Temp\cc5Xi7iV.s 			page 89


 1357 0024 F7E7     		b	.L86
 1358              	.LVL141:
 1359              	.L88:
2984:Drivers/STM32F4xx_HAL_Driver/Src/stm32f4xx_hal_sd.c ****   }
 1360              		.loc 1 2984 12 view .LVU457
 1361 0026 4FF00065 		mov	r5, #134217728
 1362 002a F4E7     		b	.L86
 1363              		.cfi_endproc
 1364              	.LFE275:
 1366              		.section	.text.HAL_SD_MspInit,"ax",%progbits
 1367              		.align	1
 1368              		.weak	HAL_SD_MspInit
 1369              		.syntax unified
 1370              		.thumb
 1371              		.thumb_func
 1373              	HAL_SD_MspInit:
 1374              	.LVL142:
 1375              	.LFB242:
 510:Drivers/STM32F4xx_HAL_Driver/Src/stm32f4xx_hal_sd.c ****   /* Prevent unused argument(s) compilation warning */
 1376              		.loc 1 510 1 is_stmt 1 view -0
 1377              		.cfi_startproc
 1378              		@ args = 0, pretend = 0, frame = 0
 1379              		@ frame_needed = 0, uses_anonymous_args = 0
 1380              		@ link register save eliminated.
 512:Drivers/STM32F4xx_HAL_Driver/Src/stm32f4xx_hal_sd.c **** 
 1381              		.loc 1 512 3 view .LVU459
 517:Drivers/STM32F4xx_HAL_Driver/Src/stm32f4xx_hal_sd.c **** 
 1382              		.loc 1 517 1 is_stmt 0 view .LVU460
 1383 0000 7047     		bx	lr
 1384              		.cfi_endproc
 1385              	.LFE242:
 1387              		.section	.text.HAL_SD_MspDeInit,"ax",%progbits
 1388              		.align	1
 1389              		.weak	HAL_SD_MspDeInit
 1390              		.syntax unified
 1391              		.thumb
 1392              		.thumb_func
 1394              	HAL_SD_MspDeInit:
 1395              	.LVL143:
 1396              	.LFB243:
 525:Drivers/STM32F4xx_HAL_Driver/Src/stm32f4xx_hal_sd.c ****   /* Prevent unused argument(s) compilation warning */
 1397              		.loc 1 525 1 is_stmt 1 view -0
 1398              		.cfi_startproc
 1399              		@ args = 0, pretend = 0, frame = 0
 1400              		@ frame_needed = 0, uses_anonymous_args = 0
 1401              		@ link register save eliminated.
 527:Drivers/STM32F4xx_HAL_Driver/Src/stm32f4xx_hal_sd.c **** 
 1402              		.loc 1 527 3 view .LVU462
 532:Drivers/STM32F4xx_HAL_Driver/Src/stm32f4xx_hal_sd.c **** 
 1403              		.loc 1 532 1 is_stmt 0 view .LVU463
 1404 0000 7047     		bx	lr
 1405              		.cfi_endproc
 1406              	.LFE243:
 1408              		.section	.text.HAL_SD_DeInit,"ax",%progbits
 1409              		.align	1
 1410              		.global	HAL_SD_DeInit
 1411              		.syntax unified
ARM GAS  C:\Users\40918\AppData\Local\Temp\cc5Xi7iV.s 			page 90


 1412              		.thumb
 1413              		.thumb_func
 1415              	HAL_SD_DeInit:
 1416              	.LVL144:
 1417              	.LFB241:
 469:Drivers/STM32F4xx_HAL_Driver/Src/stm32f4xx_hal_sd.c ****   /* Check the SD handle allocation */
 1418              		.loc 1 469 1 is_stmt 1 view -0
 1419              		.cfi_startproc
 1420              		@ args = 0, pretend = 0, frame = 0
 1421              		@ frame_needed = 0, uses_anonymous_args = 0
 471:Drivers/STM32F4xx_HAL_Driver/Src/stm32f4xx_hal_sd.c ****   {
 1422              		.loc 1 471 3 view .LVU465
 471:Drivers/STM32F4xx_HAL_Driver/Src/stm32f4xx_hal_sd.c ****   {
 1423              		.loc 1 471 5 is_stmt 0 view .LVU466
 1424 0000 70B1     		cbz	r0, .L95
 469:Drivers/STM32F4xx_HAL_Driver/Src/stm32f4xx_hal_sd.c ****   /* Check the SD handle allocation */
 1425              		.loc 1 469 1 view .LVU467
 1426 0002 10B5     		push	{r4, lr}
 1427              	.LCFI27:
 1428              		.cfi_def_cfa_offset 8
 1429              		.cfi_offset 4, -8
 1430              		.cfi_offset 14, -4
 1431 0004 0446     		mov	r4, r0
 477:Drivers/STM32F4xx_HAL_Driver/Src/stm32f4xx_hal_sd.c **** 
 1432              		.loc 1 477 3 is_stmt 1 view .LVU468
 479:Drivers/STM32F4xx_HAL_Driver/Src/stm32f4xx_hal_sd.c **** 
 1433              		.loc 1 479 3 view .LVU469
 479:Drivers/STM32F4xx_HAL_Driver/Src/stm32f4xx_hal_sd.c **** 
 1434              		.loc 1 479 14 is_stmt 0 view .LVU470
 1435 0006 0323     		movs	r3, #3
 1436 0008 80F83430 		strb	r3, [r0, #52]
 482:Drivers/STM32F4xx_HAL_Driver/Src/stm32f4xx_hal_sd.c **** 
 1437              		.loc 1 482 3 is_stmt 1 view .LVU471
 1438 000c FFF7FEFF 		bl	SD_PowerOFF
 1439              	.LVL145:
 494:Drivers/STM32F4xx_HAL_Driver/Src/stm32f4xx_hal_sd.c **** #endif /* USE_HAL_SD_REGISTER_CALLBACKS */
 1440              		.loc 1 494 3 view .LVU472
 1441 0010 2046     		mov	r0, r4
 1442 0012 FFF7FEFF 		bl	HAL_SD_MspDeInit
 1443              	.LVL146:
 497:Drivers/STM32F4xx_HAL_Driver/Src/stm32f4xx_hal_sd.c ****   hsd->State = HAL_SD_STATE_RESET;
 1444              		.loc 1 497 3 view .LVU473
 497:Drivers/STM32F4xx_HAL_Driver/Src/stm32f4xx_hal_sd.c ****   hsd->State = HAL_SD_STATE_RESET;
 1445              		.loc 1 497 18 is_stmt 0 view .LVU474
 1446 0016 0020     		movs	r0, #0
 1447 0018 A063     		str	r0, [r4, #56]
 498:Drivers/STM32F4xx_HAL_Driver/Src/stm32f4xx_hal_sd.c **** 
 1448              		.loc 1 498 3 is_stmt 1 view .LVU475
 498:Drivers/STM32F4xx_HAL_Driver/Src/stm32f4xx_hal_sd.c **** 
 1449              		.loc 1 498 14 is_stmt 0 view .LVU476
 1450 001a 84F83400 		strb	r0, [r4, #52]
 500:Drivers/STM32F4xx_HAL_Driver/Src/stm32f4xx_hal_sd.c **** }
 1451              		.loc 1 500 3 is_stmt 1 view .LVU477
 501:Drivers/STM32F4xx_HAL_Driver/Src/stm32f4xx_hal_sd.c **** 
 1452              		.loc 1 501 1 is_stmt 0 view .LVU478
 1453 001e 10BD     		pop	{r4, pc}
 1454              	.LVL147:
ARM GAS  C:\Users\40918\AppData\Local\Temp\cc5Xi7iV.s 			page 91


 1455              	.L95:
 1456              	.LCFI28:
 1457              		.cfi_def_cfa_offset 0
 1458              		.cfi_restore 4
 1459              		.cfi_restore 14
 473:Drivers/STM32F4xx_HAL_Driver/Src/stm32f4xx_hal_sd.c ****   }
 1460              		.loc 1 473 12 view .LVU479
 1461 0020 0120     		movs	r0, #1
 1462              	.LVL148:
 501:Drivers/STM32F4xx_HAL_Driver/Src/stm32f4xx_hal_sd.c **** 
 1463              		.loc 1 501 1 view .LVU480
 1464 0022 7047     		bx	lr
 1465              		.cfi_endproc
 1466              	.LFE241:
 1468              		.section	.text.HAL_SD_ReadBlocks,"ax",%progbits
 1469              		.align	1
 1470              		.global	HAL_SD_ReadBlocks
 1471              		.syntax unified
 1472              		.thumb
 1473              		.thumb_func
 1475              	HAL_SD_ReadBlocks:
 1476              	.LVL149:
 1477              	.LFB244:
 566:Drivers/STM32F4xx_HAL_Driver/Src/stm32f4xx_hal_sd.c ****   SDIO_DataInitTypeDef config;
 1478              		.loc 1 566 1 is_stmt 1 view -0
 1479              		.cfi_startproc
 1480              		@ args = 4, pretend = 0, frame = 24
 1481              		@ frame_needed = 0, uses_anonymous_args = 0
 566:Drivers/STM32F4xx_HAL_Driver/Src/stm32f4xx_hal_sd.c ****   SDIO_DataInitTypeDef config;
 1482              		.loc 1 566 1 is_stmt 0 view .LVU482
 1483 0000 2DE9F04F 		push	{r4, r5, r6, r7, r8, r9, r10, fp, lr}
 1484              	.LCFI29:
 1485              		.cfi_def_cfa_offset 36
 1486              		.cfi_offset 4, -36
 1487              		.cfi_offset 5, -32
 1488              		.cfi_offset 6, -28
 1489              		.cfi_offset 7, -24
 1490              		.cfi_offset 8, -20
 1491              		.cfi_offset 9, -16
 1492              		.cfi_offset 10, -12
 1493              		.cfi_offset 11, -8
 1494              		.cfi_offset 14, -4
 1495 0004 87B0     		sub	sp, sp, #28
 1496              	.LCFI30:
 1497              		.cfi_def_cfa_offset 64
 1498 0006 0546     		mov	r5, r0
 1499 0008 0C46     		mov	r4, r1
 1500 000a 1646     		mov	r6, r2
 1501 000c 9B46     		mov	fp, r3
 1502 000e DDF840A0 		ldr	r10, [sp, #64]
 567:Drivers/STM32F4xx_HAL_Driver/Src/stm32f4xx_hal_sd.c ****   uint32_t errorstate;
 1503              		.loc 1 567 3 is_stmt 1 view .LVU483
 568:Drivers/STM32F4xx_HAL_Driver/Src/stm32f4xx_hal_sd.c ****   uint32_t tickstart = HAL_GetTick();
 1504              		.loc 1 568 3 view .LVU484
 569:Drivers/STM32F4xx_HAL_Driver/Src/stm32f4xx_hal_sd.c ****   uint32_t count, data, dataremaining;
 1505              		.loc 1 569 3 view .LVU485
 569:Drivers/STM32F4xx_HAL_Driver/Src/stm32f4xx_hal_sd.c ****   uint32_t count, data, dataremaining;
ARM GAS  C:\Users\40918\AppData\Local\Temp\cc5Xi7iV.s 			page 92


 1506              		.loc 1 569 24 is_stmt 0 view .LVU486
 1507 0012 FFF7FEFF 		bl	HAL_GetTick
 1508              	.LVL150:
 570:Drivers/STM32F4xx_HAL_Driver/Src/stm32f4xx_hal_sd.c ****   uint32_t add = BlockAdd;
 1509              		.loc 1 570 3 is_stmt 1 view .LVU487
 571:Drivers/STM32F4xx_HAL_Driver/Src/stm32f4xx_hal_sd.c ****   uint8_t *tempbuff = pData;
 1510              		.loc 1 571 3 view .LVU488
 572:Drivers/STM32F4xx_HAL_Driver/Src/stm32f4xx_hal_sd.c **** 
 1511              		.loc 1 572 3 view .LVU489
 574:Drivers/STM32F4xx_HAL_Driver/Src/stm32f4xx_hal_sd.c ****   {
 1512              		.loc 1 574 3 view .LVU490
 574:Drivers/STM32F4xx_HAL_Driver/Src/stm32f4xx_hal_sd.c ****   {
 1513              		.loc 1 574 5 is_stmt 0 view .LVU491
 1514 0016 002C     		cmp	r4, #0
 1515 0018 36D0     		beq	.L124
 1516 001a 8146     		mov	r9, r0
 580:Drivers/STM32F4xx_HAL_Driver/Src/stm32f4xx_hal_sd.c ****   {
 1517              		.loc 1 580 3 is_stmt 1 view .LVU492
 580:Drivers/STM32F4xx_HAL_Driver/Src/stm32f4xx_hal_sd.c ****   {
 1518              		.loc 1 580 9 is_stmt 0 view .LVU493
 1519 001c 95F83470 		ldrb	r7, [r5, #52]	@ zero_extendqisi2
 1520 0020 FFB2     		uxtb	r7, r7
 580:Drivers/STM32F4xx_HAL_Driver/Src/stm32f4xx_hal_sd.c ****   {
 1521              		.loc 1 580 5 view .LVU494
 1522 0022 012F     		cmp	r7, #1
 1523 0024 40F00981 		bne	.L103
 582:Drivers/STM32F4xx_HAL_Driver/Src/stm32f4xx_hal_sd.c **** 
 1524              		.loc 1 582 5 is_stmt 1 view .LVU495
 582:Drivers/STM32F4xx_HAL_Driver/Src/stm32f4xx_hal_sd.c **** 
 1525              		.loc 1 582 20 is_stmt 0 view .LVU496
 1526 0028 0023     		movs	r3, #0
 1527 002a AB63     		str	r3, [r5, #56]
 584:Drivers/STM32F4xx_HAL_Driver/Src/stm32f4xx_hal_sd.c ****     {
 1528              		.loc 1 584 5 is_stmt 1 view .LVU497
 584:Drivers/STM32F4xx_HAL_Driver/Src/stm32f4xx_hal_sd.c ****     {
 1529              		.loc 1 584 13 is_stmt 0 view .LVU498
 1530 002c 06EB0B03 		add	r3, r6, fp
 584:Drivers/STM32F4xx_HAL_Driver/Src/stm32f4xx_hal_sd.c ****     {
 1531              		.loc 1 584 45 view .LVU499
 1532 0030 EA6D     		ldr	r2, [r5, #92]
 584:Drivers/STM32F4xx_HAL_Driver/Src/stm32f4xx_hal_sd.c ****     {
 1533              		.loc 1 584 7 view .LVU500
 1534 0032 9342     		cmp	r3, r2
 1535 0034 2ED8     		bhi	.L125
 590:Drivers/STM32F4xx_HAL_Driver/Src/stm32f4xx_hal_sd.c **** 
 1536              		.loc 1 590 5 is_stmt 1 view .LVU501
 590:Drivers/STM32F4xx_HAL_Driver/Src/stm32f4xx_hal_sd.c **** 
 1537              		.loc 1 590 16 is_stmt 0 view .LVU502
 1538 0036 0323     		movs	r3, #3
 1539 0038 85F83430 		strb	r3, [r5, #52]
 593:Drivers/STM32F4xx_HAL_Driver/Src/stm32f4xx_hal_sd.c **** 
 1540              		.loc 1 593 5 is_stmt 1 view .LVU503
 593:Drivers/STM32F4xx_HAL_Driver/Src/stm32f4xx_hal_sd.c **** 
 1541              		.loc 1 593 8 is_stmt 0 view .LVU504
 1542 003c 2B68     		ldr	r3, [r5]
 593:Drivers/STM32F4xx_HAL_Driver/Src/stm32f4xx_hal_sd.c **** 
 1543              		.loc 1 593 26 view .LVU505
ARM GAS  C:\Users\40918\AppData\Local\Temp\cc5Xi7iV.s 			page 93


 1544 003e 0022     		movs	r2, #0
 1545 0040 DA62     		str	r2, [r3, #44]
 595:Drivers/STM32F4xx_HAL_Driver/Src/stm32f4xx_hal_sd.c ****     {
 1546              		.loc 1 595 5 is_stmt 1 view .LVU506
 595:Drivers/STM32F4xx_HAL_Driver/Src/stm32f4xx_hal_sd.c ****     {
 1547              		.loc 1 595 19 is_stmt 0 view .LVU507
 1548 0042 6B6C     		ldr	r3, [r5, #68]
 595:Drivers/STM32F4xx_HAL_Driver/Src/stm32f4xx_hal_sd.c ****     {
 1549              		.loc 1 595 7 view .LVU508
 1550 0044 012B     		cmp	r3, #1
 1551 0046 00D0     		beq	.L105
 597:Drivers/STM32F4xx_HAL_Driver/Src/stm32f4xx_hal_sd.c ****     }
 1552              		.loc 1 597 7 is_stmt 1 view .LVU509
 597:Drivers/STM32F4xx_HAL_Driver/Src/stm32f4xx_hal_sd.c ****     }
 1553              		.loc 1 597 11 is_stmt 0 view .LVU510
 1554 0048 7602     		lsls	r6, r6, #9
 1555              	.LVL151:
 1556              	.L105:
 601:Drivers/STM32F4xx_HAL_Driver/Src/stm32f4xx_hal_sd.c ****     config.DataLength    = NumberOfBlocks * BLOCKSIZE;
 1557              		.loc 1 601 5 is_stmt 1 view .LVU511
 601:Drivers/STM32F4xx_HAL_Driver/Src/stm32f4xx_hal_sd.c ****     config.DataLength    = NumberOfBlocks * BLOCKSIZE;
 1558              		.loc 1 601 26 is_stmt 0 view .LVU512
 1559 004a 4FF0FF33 		mov	r3, #-1
 1560 004e 0093     		str	r3, [sp]
 602:Drivers/STM32F4xx_HAL_Driver/Src/stm32f4xx_hal_sd.c ****     config.DataBlockSize = SDIO_DATABLOCK_SIZE_512B;
 1561              		.loc 1 602 5 is_stmt 1 view .LVU513
 602:Drivers/STM32F4xx_HAL_Driver/Src/stm32f4xx_hal_sd.c ****     config.DataBlockSize = SDIO_DATABLOCK_SIZE_512B;
 1562              		.loc 1 602 43 is_stmt 0 view .LVU514
 1563 0050 4FEA4B23 		lsl	r3, fp, #9
 602:Drivers/STM32F4xx_HAL_Driver/Src/stm32f4xx_hal_sd.c ****     config.DataBlockSize = SDIO_DATABLOCK_SIZE_512B;
 1564              		.loc 1 602 26 view .LVU515
 1565 0054 0193     		str	r3, [sp, #4]
 603:Drivers/STM32F4xx_HAL_Driver/Src/stm32f4xx_hal_sd.c ****     config.TransferDir   = SDIO_TRANSFER_DIR_TO_SDIO;
 1566              		.loc 1 603 5 is_stmt 1 view .LVU516
 603:Drivers/STM32F4xx_HAL_Driver/Src/stm32f4xx_hal_sd.c ****     config.TransferDir   = SDIO_TRANSFER_DIR_TO_SDIO;
 1567              		.loc 1 603 26 is_stmt 0 view .LVU517
 1568 0056 9023     		movs	r3, #144
 1569 0058 0293     		str	r3, [sp, #8]
 604:Drivers/STM32F4xx_HAL_Driver/Src/stm32f4xx_hal_sd.c ****     config.TransferMode  = SDIO_TRANSFER_MODE_BLOCK;
 1570              		.loc 1 604 5 is_stmt 1 view .LVU518
 604:Drivers/STM32F4xx_HAL_Driver/Src/stm32f4xx_hal_sd.c ****     config.TransferMode  = SDIO_TRANSFER_MODE_BLOCK;
 1571              		.loc 1 604 26 is_stmt 0 view .LVU519
 1572 005a 0223     		movs	r3, #2
 1573 005c 0393     		str	r3, [sp, #12]
 605:Drivers/STM32F4xx_HAL_Driver/Src/stm32f4xx_hal_sd.c ****     config.DPSM          = SDIO_DPSM_ENABLE;
 1574              		.loc 1 605 5 is_stmt 1 view .LVU520
 605:Drivers/STM32F4xx_HAL_Driver/Src/stm32f4xx_hal_sd.c ****     config.DPSM          = SDIO_DPSM_ENABLE;
 1575              		.loc 1 605 26 is_stmt 0 view .LVU521
 1576 005e 0023     		movs	r3, #0
 1577 0060 0493     		str	r3, [sp, #16]
 606:Drivers/STM32F4xx_HAL_Driver/Src/stm32f4xx_hal_sd.c ****     (void)SDIO_ConfigData(hsd->Instance, &config);
 1578              		.loc 1 606 5 is_stmt 1 view .LVU522
 606:Drivers/STM32F4xx_HAL_Driver/Src/stm32f4xx_hal_sd.c ****     (void)SDIO_ConfigData(hsd->Instance, &config);
 1579              		.loc 1 606 26 is_stmt 0 view .LVU523
 1580 0062 0123     		movs	r3, #1
 1581 0064 0593     		str	r3, [sp, #20]
 607:Drivers/STM32F4xx_HAL_Driver/Src/stm32f4xx_hal_sd.c **** 
ARM GAS  C:\Users\40918\AppData\Local\Temp\cc5Xi7iV.s 			page 94


 1582              		.loc 1 607 5 is_stmt 1 view .LVU524
 607:Drivers/STM32F4xx_HAL_Driver/Src/stm32f4xx_hal_sd.c **** 
 1583              		.loc 1 607 11 is_stmt 0 view .LVU525
 1584 0066 6946     		mov	r1, sp
 1585 0068 2868     		ldr	r0, [r5]
 1586              	.LVL152:
 607:Drivers/STM32F4xx_HAL_Driver/Src/stm32f4xx_hal_sd.c **** 
 1587              		.loc 1 607 11 view .LVU526
 1588 006a FFF7FEFF 		bl	SDIO_ConfigData
 1589              	.LVL153:
 610:Drivers/STM32F4xx_HAL_Driver/Src/stm32f4xx_hal_sd.c ****     {
 1590              		.loc 1 610 5 is_stmt 1 view .LVU527
 610:Drivers/STM32F4xx_HAL_Driver/Src/stm32f4xx_hal_sd.c ****     {
 1591              		.loc 1 610 7 is_stmt 0 view .LVU528
 1592 006e BBF1010F 		cmp	fp, #1
 1593 0072 14D9     		bls	.L106
 612:Drivers/STM32F4xx_HAL_Driver/Src/stm32f4xx_hal_sd.c **** 
 1594              		.loc 1 612 7 is_stmt 1 view .LVU529
 612:Drivers/STM32F4xx_HAL_Driver/Src/stm32f4xx_hal_sd.c **** 
 1595              		.loc 1 612 20 is_stmt 0 view .LVU530
 1596 0074 0223     		movs	r3, #2
 1597 0076 2B63     		str	r3, [r5, #48]
 615:Drivers/STM32F4xx_HAL_Driver/Src/stm32f4xx_hal_sd.c ****     }
 1598              		.loc 1 615 7 is_stmt 1 view .LVU531
 615:Drivers/STM32F4xx_HAL_Driver/Src/stm32f4xx_hal_sd.c ****     }
 1599              		.loc 1 615 20 is_stmt 0 view .LVU532
 1600 0078 3146     		mov	r1, r6
 1601 007a 2868     		ldr	r0, [r5]
 1602 007c FFF7FEFF 		bl	SDMMC_CmdReadMultiBlock
 1603              	.LVL154:
 1604              	.L107:
 624:Drivers/STM32F4xx_HAL_Driver/Src/stm32f4xx_hal_sd.c ****     {
 1605              		.loc 1 624 5 is_stmt 1 view .LVU533
 624:Drivers/STM32F4xx_HAL_Driver/Src/stm32f4xx_hal_sd.c ****     {
 1606              		.loc 1 624 7 is_stmt 0 view .LVU534
 1607 0080 A0B9     		cbnz	r0, .L126
 635:Drivers/STM32F4xx_HAL_Driver/Src/stm32f4xx_hal_sd.c **** #if defined(SDIO_STA_STBITERR)
 1608              		.loc 1 635 5 is_stmt 1 view .LVU535
 635:Drivers/STM32F4xx_HAL_Driver/Src/stm32f4xx_hal_sd.c **** #if defined(SDIO_STA_STBITERR)
 1609              		.loc 1 635 19 is_stmt 0 view .LVU536
 1610 0082 DDF80480 		ldr	r8, [sp, #4]
 1611              	.LVL155:
 637:Drivers/STM32F4xx_HAL_Driver/Src/stm32f4xx_hal_sd.c **** #else /* SDIO_STA_STBITERR not defined */
 1612              		.loc 1 637 5 is_stmt 1 view .LVU537
 637:Drivers/STM32F4xx_HAL_Driver/Src/stm32f4xx_hal_sd.c **** #else /* SDIO_STA_STBITERR not defined */
 1613              		.loc 1 637 10 is_stmt 0 view .LVU538
 1614 0086 38E0     		b	.L109
 1615              	.LVL156:
 1616              	.L124:
 576:Drivers/STM32F4xx_HAL_Driver/Src/stm32f4xx_hal_sd.c ****     return HAL_ERROR;
 1617              		.loc 1 576 5 is_stmt 1 view .LVU539
 576:Drivers/STM32F4xx_HAL_Driver/Src/stm32f4xx_hal_sd.c ****     return HAL_ERROR;
 1618              		.loc 1 576 8 is_stmt 0 view .LVU540
 1619 0088 AB6B     		ldr	r3, [r5, #56]
 576:Drivers/STM32F4xx_HAL_Driver/Src/stm32f4xx_hal_sd.c ****     return HAL_ERROR;
 1620              		.loc 1 576 20 view .LVU541
 1621 008a 43F00063 		orr	r3, r3, #134217728
ARM GAS  C:\Users\40918\AppData\Local\Temp\cc5Xi7iV.s 			page 95


 1622 008e AB63     		str	r3, [r5, #56]
 577:Drivers/STM32F4xx_HAL_Driver/Src/stm32f4xx_hal_sd.c ****   }
 1623              		.loc 1 577 5 is_stmt 1 view .LVU542
 577:Drivers/STM32F4xx_HAL_Driver/Src/stm32f4xx_hal_sd.c ****   }
 1624              		.loc 1 577 12 is_stmt 0 view .LVU543
 1625 0090 0127     		movs	r7, #1
 1626 0092 D7E0     		b	.L102
 1627              	.L125:
 586:Drivers/STM32F4xx_HAL_Driver/Src/stm32f4xx_hal_sd.c ****       return HAL_ERROR;
 1628              		.loc 1 586 7 is_stmt 1 view .LVU544
 586:Drivers/STM32F4xx_HAL_Driver/Src/stm32f4xx_hal_sd.c ****       return HAL_ERROR;
 1629              		.loc 1 586 10 is_stmt 0 view .LVU545
 1630 0094 AB6B     		ldr	r3, [r5, #56]
 586:Drivers/STM32F4xx_HAL_Driver/Src/stm32f4xx_hal_sd.c ****       return HAL_ERROR;
 1631              		.loc 1 586 22 view .LVU546
 1632 0096 43F00073 		orr	r3, r3, #33554432
 1633 009a AB63     		str	r3, [r5, #56]
 587:Drivers/STM32F4xx_HAL_Driver/Src/stm32f4xx_hal_sd.c ****     }
 1634              		.loc 1 587 7 is_stmt 1 view .LVU547
 587:Drivers/STM32F4xx_HAL_Driver/Src/stm32f4xx_hal_sd.c ****     }
 1635              		.loc 1 587 14 is_stmt 0 view .LVU548
 1636 009c D2E0     		b	.L102
 1637              	.LVL157:
 1638              	.L106:
 619:Drivers/STM32F4xx_HAL_Driver/Src/stm32f4xx_hal_sd.c **** 
 1639              		.loc 1 619 7 is_stmt 1 view .LVU549
 619:Drivers/STM32F4xx_HAL_Driver/Src/stm32f4xx_hal_sd.c **** 
 1640              		.loc 1 619 20 is_stmt 0 view .LVU550
 1641 009e 0123     		movs	r3, #1
 1642 00a0 2B63     		str	r3, [r5, #48]
 622:Drivers/STM32F4xx_HAL_Driver/Src/stm32f4xx_hal_sd.c ****     }
 1643              		.loc 1 622 7 is_stmt 1 view .LVU551
 622:Drivers/STM32F4xx_HAL_Driver/Src/stm32f4xx_hal_sd.c ****     }
 1644              		.loc 1 622 20 is_stmt 0 view .LVU552
 1645 00a2 3146     		mov	r1, r6
 1646 00a4 2868     		ldr	r0, [r5]
 1647 00a6 FFF7FEFF 		bl	SDMMC_CmdReadSingleBlock
 1648              	.LVL158:
 622:Drivers/STM32F4xx_HAL_Driver/Src/stm32f4xx_hal_sd.c ****     }
 1649              		.loc 1 622 20 view .LVU553
 1650 00aa E9E7     		b	.L107
 1651              	.L126:
 627:Drivers/STM32F4xx_HAL_Driver/Src/stm32f4xx_hal_sd.c ****       hsd->ErrorCode |= errorstate;
 1652              		.loc 1 627 7 is_stmt 1 view .LVU554
 1653 00ac 2B68     		ldr	r3, [r5]
 1654 00ae 674A     		ldr	r2, .L131
 1655 00b0 9A63     		str	r2, [r3, #56]
 628:Drivers/STM32F4xx_HAL_Driver/Src/stm32f4xx_hal_sd.c ****       hsd->State = HAL_SD_STATE_READY;
 1656              		.loc 1 628 7 view .LVU555
 628:Drivers/STM32F4xx_HAL_Driver/Src/stm32f4xx_hal_sd.c ****       hsd->State = HAL_SD_STATE_READY;
 1657              		.loc 1 628 10 is_stmt 0 view .LVU556
 1658 00b2 AB6B     		ldr	r3, [r5, #56]
 628:Drivers/STM32F4xx_HAL_Driver/Src/stm32f4xx_hal_sd.c ****       hsd->State = HAL_SD_STATE_READY;
 1659              		.loc 1 628 22 view .LVU557
 1660 00b4 0343     		orrs	r3, r3, r0
 1661 00b6 AB63     		str	r3, [r5, #56]
 629:Drivers/STM32F4xx_HAL_Driver/Src/stm32f4xx_hal_sd.c ****       hsd->Context = SD_CONTEXT_NONE;
ARM GAS  C:\Users\40918\AppData\Local\Temp\cc5Xi7iV.s 			page 96


 1662              		.loc 1 629 7 is_stmt 1 view .LVU558
 629:Drivers/STM32F4xx_HAL_Driver/Src/stm32f4xx_hal_sd.c ****       hsd->Context = SD_CONTEXT_NONE;
 1663              		.loc 1 629 18 is_stmt 0 view .LVU559
 1664 00b8 0123     		movs	r3, #1
 1665 00ba 85F83430 		strb	r3, [r5, #52]
 630:Drivers/STM32F4xx_HAL_Driver/Src/stm32f4xx_hal_sd.c ****       return HAL_ERROR;
 1666              		.loc 1 630 7 is_stmt 1 view .LVU560
 630:Drivers/STM32F4xx_HAL_Driver/Src/stm32f4xx_hal_sd.c ****       return HAL_ERROR;
 1667              		.loc 1 630 20 is_stmt 0 view .LVU561
 1668 00be 0023     		movs	r3, #0
 1669 00c0 2B63     		str	r3, [r5, #48]
 631:Drivers/STM32F4xx_HAL_Driver/Src/stm32f4xx_hal_sd.c ****     }
 1670              		.loc 1 631 7 is_stmt 1 view .LVU562
 631:Drivers/STM32F4xx_HAL_Driver/Src/stm32f4xx_hal_sd.c ****     }
 1671              		.loc 1 631 14 is_stmt 0 view .LVU563
 1672 00c2 BFE0     		b	.L102
 1673              	.LVL159:
 1674              	.L112:
 647:Drivers/STM32F4xx_HAL_Driver/Src/stm32f4xx_hal_sd.c ****           *tempbuff = (uint8_t)(data & 0xFFU);
 1675              		.loc 1 647 11 is_stmt 1 view .LVU564
 647:Drivers/STM32F4xx_HAL_Driver/Src/stm32f4xx_hal_sd.c ****           *tempbuff = (uint8_t)(data & 0xFFU);
 1676              		.loc 1 647 18 is_stmt 0 view .LVU565
 1677 00c4 2868     		ldr	r0, [r5]
 1678 00c6 FFF7FEFF 		bl	SDIO_ReadFIFO
 1679              	.LVL160:
 648:Drivers/STM32F4xx_HAL_Driver/Src/stm32f4xx_hal_sd.c ****           tempbuff++;
 1680              		.loc 1 648 11 is_stmt 1 view .LVU566
 648:Drivers/STM32F4xx_HAL_Driver/Src/stm32f4xx_hal_sd.c ****           tempbuff++;
 1681              		.loc 1 648 21 is_stmt 0 view .LVU567
 1682 00ca 2070     		strb	r0, [r4]
 649:Drivers/STM32F4xx_HAL_Driver/Src/stm32f4xx_hal_sd.c ****           dataremaining--;
 1683              		.loc 1 649 11 is_stmt 1 view .LVU568
 1684              	.LVL161:
 650:Drivers/STM32F4xx_HAL_Driver/Src/stm32f4xx_hal_sd.c ****           *tempbuff = (uint8_t)((data >> 8U) & 0xFFU);
 1685              		.loc 1 650 11 view .LVU569
 651:Drivers/STM32F4xx_HAL_Driver/Src/stm32f4xx_hal_sd.c ****           tempbuff++;
 1686              		.loc 1 651 11 view .LVU570
 651:Drivers/STM32F4xx_HAL_Driver/Src/stm32f4xx_hal_sd.c ****           tempbuff++;
 1687              		.loc 1 651 23 is_stmt 0 view .LVU571
 1688 00cc C0F30723 		ubfx	r3, r0, #8, #8
 651:Drivers/STM32F4xx_HAL_Driver/Src/stm32f4xx_hal_sd.c ****           tempbuff++;
 1689              		.loc 1 651 21 view .LVU572
 1690 00d0 6370     		strb	r3, [r4, #1]
 652:Drivers/STM32F4xx_HAL_Driver/Src/stm32f4xx_hal_sd.c ****           dataremaining--;
 1691              		.loc 1 652 11 is_stmt 1 view .LVU573
 1692              	.LVL162:
 653:Drivers/STM32F4xx_HAL_Driver/Src/stm32f4xx_hal_sd.c ****           *tempbuff = (uint8_t)((data >> 16U) & 0xFFU);
 1693              		.loc 1 653 11 view .LVU574
 654:Drivers/STM32F4xx_HAL_Driver/Src/stm32f4xx_hal_sd.c ****           tempbuff++;
 1694              		.loc 1 654 11 view .LVU575
 654:Drivers/STM32F4xx_HAL_Driver/Src/stm32f4xx_hal_sd.c ****           tempbuff++;
 1695              		.loc 1 654 23 is_stmt 0 view .LVU576
 1696 00d2 C0F30743 		ubfx	r3, r0, #16, #8
 654:Drivers/STM32F4xx_HAL_Driver/Src/stm32f4xx_hal_sd.c ****           tempbuff++;
 1697              		.loc 1 654 21 view .LVU577
 1698 00d6 A370     		strb	r3, [r4, #2]
 655:Drivers/STM32F4xx_HAL_Driver/Src/stm32f4xx_hal_sd.c ****           dataremaining--;
ARM GAS  C:\Users\40918\AppData\Local\Temp\cc5Xi7iV.s 			page 97


 1699              		.loc 1 655 11 is_stmt 1 view .LVU578
 1700              	.LVL163:
 656:Drivers/STM32F4xx_HAL_Driver/Src/stm32f4xx_hal_sd.c ****           *tempbuff = (uint8_t)((data >> 24U) & 0xFFU);
 1701              		.loc 1 656 11 view .LVU579
 657:Drivers/STM32F4xx_HAL_Driver/Src/stm32f4xx_hal_sd.c ****           tempbuff++;
 1702              		.loc 1 657 11 view .LVU580
 657:Drivers/STM32F4xx_HAL_Driver/Src/stm32f4xx_hal_sd.c ****           tempbuff++;
 1703              		.loc 1 657 23 is_stmt 0 view .LVU581
 1704 00d8 000E     		lsrs	r0, r0, #24
 1705              	.LVL164:
 657:Drivers/STM32F4xx_HAL_Driver/Src/stm32f4xx_hal_sd.c ****           tempbuff++;
 1706              		.loc 1 657 21 view .LVU582
 1707 00da E070     		strb	r0, [r4, #3]
 658:Drivers/STM32F4xx_HAL_Driver/Src/stm32f4xx_hal_sd.c ****           dataremaining--;
 1708              		.loc 1 658 11 is_stmt 1 view .LVU583
 658:Drivers/STM32F4xx_HAL_Driver/Src/stm32f4xx_hal_sd.c ****           dataremaining--;
 1709              		.loc 1 658 19 is_stmt 0 view .LVU584
 1710 00dc 0434     		adds	r4, r4, #4
 1711              	.LVL165:
 659:Drivers/STM32F4xx_HAL_Driver/Src/stm32f4xx_hal_sd.c ****         }
 1712              		.loc 1 659 11 is_stmt 1 view .LVU585
 659:Drivers/STM32F4xx_HAL_Driver/Src/stm32f4xx_hal_sd.c ****         }
 1713              		.loc 1 659 24 is_stmt 0 view .LVU586
 1714 00de A8F10408 		sub	r8, r8, #4
 1715              	.LVL166:
 645:Drivers/STM32F4xx_HAL_Driver/Src/stm32f4xx_hal_sd.c ****         {
 1716              		.loc 1 645 42 is_stmt 1 discriminator 3 view .LVU587
 1717 00e2 0136     		adds	r6, r6, #1
 1718              	.LVL167:
 1719              	.L111:
 645:Drivers/STM32F4xx_HAL_Driver/Src/stm32f4xx_hal_sd.c ****         {
 1720              		.loc 1 645 31 discriminator 1 view .LVU588
 1721 00e4 072E     		cmp	r6, #7
 1722 00e6 EDD9     		bls	.L112
 1723              	.LVL168:
 1724              	.L110:
 663:Drivers/STM32F4xx_HAL_Driver/Src/stm32f4xx_hal_sd.c ****       {
 1725              		.loc 1 663 7 view .LVU589
 663:Drivers/STM32F4xx_HAL_Driver/Src/stm32f4xx_hal_sd.c ****       {
 1726              		.loc 1 663 12 is_stmt 0 view .LVU590
 1727 00e8 FFF7FEFF 		bl	HAL_GetTick
 1728              	.LVL169:
 663:Drivers/STM32F4xx_HAL_Driver/Src/stm32f4xx_hal_sd.c ****       {
 1729              		.loc 1 663 25 discriminator 1 view .LVU591
 1730 00ec A0EB0900 		sub	r0, r0, r9
 663:Drivers/STM32F4xx_HAL_Driver/Src/stm32f4xx_hal_sd.c ****       {
 1731              		.loc 1 663 9 discriminator 1 view .LVU592
 1732 00f0 5045     		cmp	r0, r10
 1733 00f2 10D2     		bcs	.L113
 663:Drivers/STM32F4xx_HAL_Driver/Src/stm32f4xx_hal_sd.c ****       {
 1734              		.loc 1 663 50 discriminator 1 view .LVU593
 1735 00f4 BAF1000F 		cmp	r10, #0
 1736 00f8 0DD0     		beq	.L113
 1737              	.L109:
 637:Drivers/STM32F4xx_HAL_Driver/Src/stm32f4xx_hal_sd.c **** #else /* SDIO_STA_STBITERR not defined */
 1738              		.loc 1 637 11 is_stmt 1 view .LVU594
 637:Drivers/STM32F4xx_HAL_Driver/Src/stm32f4xx_hal_sd.c **** #else /* SDIO_STA_STBITERR not defined */
ARM GAS  C:\Users\40918\AppData\Local\Temp\cc5Xi7iV.s 			page 98


 1739              		.loc 1 637 12 is_stmt 0 view .LVU595
 1740 00fa 2868     		ldr	r0, [r5]
 1741 00fc 466B     		ldr	r6, [r0, #52]
 1742 00fe 40F22A33 		movw	r3, #810
 637:Drivers/STM32F4xx_HAL_Driver/Src/stm32f4xx_hal_sd.c **** #else /* SDIO_STA_STBITERR not defined */
 1743              		.loc 1 637 11 view .LVU596
 1744 0102 1E40     		ands	r6, r6, r3
 1745 0104 15D1     		bne	.L127
 642:Drivers/STM32F4xx_HAL_Driver/Src/stm32f4xx_hal_sd.c ****       {
 1746              		.loc 1 642 7 is_stmt 1 view .LVU597
 642:Drivers/STM32F4xx_HAL_Driver/Src/stm32f4xx_hal_sd.c ****       {
 1747              		.loc 1 642 10 is_stmt 0 view .LVU598
 1748 0106 436B     		ldr	r3, [r0, #52]
 642:Drivers/STM32F4xx_HAL_Driver/Src/stm32f4xx_hal_sd.c ****       {
 1749              		.loc 1 642 9 view .LVU599
 1750 0108 13F4004F 		tst	r3, #32768
 1751 010c ECD0     		beq	.L110
 642:Drivers/STM32F4xx_HAL_Driver/Src/stm32f4xx_hal_sd.c ****       {
 1752              		.loc 1 642 53 discriminator 1 view .LVU600
 1753 010e B8F1000F 		cmp	r8, #0
 1754 0112 E9D0     		beq	.L110
 1755 0114 E6E7     		b	.L111
 1756              	.L113:
 666:Drivers/STM32F4xx_HAL_Driver/Src/stm32f4xx_hal_sd.c ****         hsd->ErrorCode |= HAL_SD_ERROR_TIMEOUT;
 1757              		.loc 1 666 9 is_stmt 1 view .LVU601
 1758 0116 2B68     		ldr	r3, [r5]
 1759 0118 4C4A     		ldr	r2, .L131
 1760 011a 9A63     		str	r2, [r3, #56]
 667:Drivers/STM32F4xx_HAL_Driver/Src/stm32f4xx_hal_sd.c ****         hsd->State= HAL_SD_STATE_READY;
 1761              		.loc 1 667 9 view .LVU602
 667:Drivers/STM32F4xx_HAL_Driver/Src/stm32f4xx_hal_sd.c ****         hsd->State= HAL_SD_STATE_READY;
 1762              		.loc 1 667 12 is_stmt 0 view .LVU603
 1763 011c AB6B     		ldr	r3, [r5, #56]
 667:Drivers/STM32F4xx_HAL_Driver/Src/stm32f4xx_hal_sd.c ****         hsd->State= HAL_SD_STATE_READY;
 1764              		.loc 1 667 24 view .LVU604
 1765 011e 43F00043 		orr	r3, r3, #-2147483648
 1766 0122 AB63     		str	r3, [r5, #56]
 668:Drivers/STM32F4xx_HAL_Driver/Src/stm32f4xx_hal_sd.c ****         hsd->Context = SD_CONTEXT_NONE;
 1767              		.loc 1 668 9 is_stmt 1 view .LVU605
 668:Drivers/STM32F4xx_HAL_Driver/Src/stm32f4xx_hal_sd.c ****         hsd->Context = SD_CONTEXT_NONE;
 1768              		.loc 1 668 19 is_stmt 0 view .LVU606
 1769 0124 0123     		movs	r3, #1
 1770 0126 85F83430 		strb	r3, [r5, #52]
 669:Drivers/STM32F4xx_HAL_Driver/Src/stm32f4xx_hal_sd.c ****         return HAL_TIMEOUT;
 1771              		.loc 1 669 9 is_stmt 1 view .LVU607
 669:Drivers/STM32F4xx_HAL_Driver/Src/stm32f4xx_hal_sd.c ****         return HAL_TIMEOUT;
 1772              		.loc 1 669 22 is_stmt 0 view .LVU608
 1773 012a 0023     		movs	r3, #0
 1774 012c 2B63     		str	r3, [r5, #48]
 670:Drivers/STM32F4xx_HAL_Driver/Src/stm32f4xx_hal_sd.c ****       }
 1775              		.loc 1 670 9 is_stmt 1 view .LVU609
 670:Drivers/STM32F4xx_HAL_Driver/Src/stm32f4xx_hal_sd.c ****       }
 1776              		.loc 1 670 16 is_stmt 0 view .LVU610
 1777 012e 0327     		movs	r7, #3
 1778 0130 88E0     		b	.L102
 1779              	.L127:
 675:Drivers/STM32F4xx_HAL_Driver/Src/stm32f4xx_hal_sd.c ****     {
ARM GAS  C:\Users\40918\AppData\Local\Temp\cc5Xi7iV.s 			page 99


 1780              		.loc 1 675 5 is_stmt 1 view .LVU611
 675:Drivers/STM32F4xx_HAL_Driver/Src/stm32f4xx_hal_sd.c ****     {
 1781              		.loc 1 675 8 is_stmt 0 view .LVU612
 1782 0132 436B     		ldr	r3, [r0, #52]
 675:Drivers/STM32F4xx_HAL_Driver/Src/stm32f4xx_hal_sd.c ****     {
 1783              		.loc 1 675 7 view .LVU613
 1784 0134 13F4807F 		tst	r3, #256
 1785 0138 05D0     		beq	.L115
 675:Drivers/STM32F4xx_HAL_Driver/Src/stm32f4xx_hal_sd.c ****     {
 1786              		.loc 1 675 50 discriminator 1 view .LVU614
 1787 013a BBF1010F 		cmp	fp, #1
 1788 013e 02D9     		bls	.L115
 677:Drivers/STM32F4xx_HAL_Driver/Src/stm32f4xx_hal_sd.c ****       {
 1789              		.loc 1 677 7 is_stmt 1 view .LVU615
 677:Drivers/STM32F4xx_HAL_Driver/Src/stm32f4xx_hal_sd.c ****       {
 1790              		.loc 1 677 21 is_stmt 0 view .LVU616
 1791 0140 6B6C     		ldr	r3, [r5, #68]
 677:Drivers/STM32F4xx_HAL_Driver/Src/stm32f4xx_hal_sd.c ****       {
 1792              		.loc 1 677 9 view .LVU617
 1793 0142 032B     		cmp	r3, #3
 1794 0144 3CD1     		bne	.L128
 1795              	.LVL170:
 1796              	.L115:
 695:Drivers/STM32F4xx_HAL_Driver/Src/stm32f4xx_hal_sd.c **** #else /* SDIO_STA_STBITERR not defined */
 1797              		.loc 1 695 5 is_stmt 1 view .LVU618
 695:Drivers/STM32F4xx_HAL_Driver/Src/stm32f4xx_hal_sd.c **** #else /* SDIO_STA_STBITERR not defined */
 1798              		.loc 1 695 8 is_stmt 0 view .LVU619
 1799 0146 2B68     		ldr	r3, [r5]
 1800 0148 5A6B     		ldr	r2, [r3, #52]
 695:Drivers/STM32F4xx_HAL_Driver/Src/stm32f4xx_hal_sd.c **** #else /* SDIO_STA_STBITERR not defined */
 1801              		.loc 1 695 7 view .LVU620
 1802 014a 12F0080F 		tst	r2, #8
 1803 014e 48D1     		bne	.L116
 695:Drivers/STM32F4xx_HAL_Driver/Src/stm32f4xx_hal_sd.c **** #else /* SDIO_STA_STBITERR not defined */
 1804              		.loc 1 695 55 discriminator 1 view .LVU621
 1805 0150 5A6B     		ldr	r2, [r3, #52]
 695:Drivers/STM32F4xx_HAL_Driver/Src/stm32f4xx_hal_sd.c **** #else /* SDIO_STA_STBITERR not defined */
 1806              		.loc 1 695 51 discriminator 1 view .LVU622
 1807 0152 12F4007F 		tst	r2, #512
 1808 0156 44D1     		bne	.L116
 707:Drivers/STM32F4xx_HAL_Driver/Src/stm32f4xx_hal_sd.c ****     {
 1809              		.loc 1 707 10 is_stmt 1 view .LVU623
 707:Drivers/STM32F4xx_HAL_Driver/Src/stm32f4xx_hal_sd.c ****     {
 1810              		.loc 1 707 13 is_stmt 0 view .LVU624
 1811 0158 5A6B     		ldr	r2, [r3, #52]
 707:Drivers/STM32F4xx_HAL_Driver/Src/stm32f4xx_hal_sd.c ****     {
 1812              		.loc 1 707 12 view .LVU625
 1813 015a 12F0020F 		tst	r2, #2
 1814 015e 4CD1     		bne	.L129
 716:Drivers/STM32F4xx_HAL_Driver/Src/stm32f4xx_hal_sd.c ****     {
 1815              		.loc 1 716 10 is_stmt 1 view .LVU626
 716:Drivers/STM32F4xx_HAL_Driver/Src/stm32f4xx_hal_sd.c ****     {
 1816              		.loc 1 716 13 is_stmt 0 view .LVU627
 1817 0160 5A6B     		ldr	r2, [r3, #52]
 716:Drivers/STM32F4xx_HAL_Driver/Src/stm32f4xx_hal_sd.c ****     {
 1818              		.loc 1 716 12 view .LVU628
 1819 0162 12F0200F 		tst	r2, #32
ARM GAS  C:\Users\40918\AppData\Local\Temp\cc5Xi7iV.s 			page 100


 1820 0166 54D1     		bne	.L130
 1821              	.L119:
 731:Drivers/STM32F4xx_HAL_Driver/Src/stm32f4xx_hal_sd.c ****     {
 1822              		.loc 1 731 55 is_stmt 1 view .LVU629
 731:Drivers/STM32F4xx_HAL_Driver/Src/stm32f4xx_hal_sd.c ****     {
 1823              		.loc 1 731 13 is_stmt 0 view .LVU630
 1824 0168 2868     		ldr	r0, [r5]
 1825 016a 436B     		ldr	r3, [r0, #52]
 731:Drivers/STM32F4xx_HAL_Driver/Src/stm32f4xx_hal_sd.c ****     {
 1826              		.loc 1 731 55 view .LVU631
 1827 016c 13F4001F 		tst	r3, #2097152
 1828 0170 5BD0     		beq	.L121
 731:Drivers/STM32F4xx_HAL_Driver/Src/stm32f4xx_hal_sd.c ****     {
 1829              		.loc 1 731 55 discriminator 1 view .LVU632
 1830 0172 B8F1000F 		cmp	r8, #0
 1831 0176 58D0     		beq	.L121
 733:Drivers/STM32F4xx_HAL_Driver/Src/stm32f4xx_hal_sd.c ****       *tempbuff = (uint8_t)(data & 0xFFU);
 1832              		.loc 1 733 7 is_stmt 1 view .LVU633
 733:Drivers/STM32F4xx_HAL_Driver/Src/stm32f4xx_hal_sd.c ****       *tempbuff = (uint8_t)(data & 0xFFU);
 1833              		.loc 1 733 14 is_stmt 0 view .LVU634
 1834 0178 FFF7FEFF 		bl	SDIO_ReadFIFO
 1835              	.LVL171:
 734:Drivers/STM32F4xx_HAL_Driver/Src/stm32f4xx_hal_sd.c ****       tempbuff++;
 1836              		.loc 1 734 7 is_stmt 1 view .LVU635
 734:Drivers/STM32F4xx_HAL_Driver/Src/stm32f4xx_hal_sd.c ****       tempbuff++;
 1837              		.loc 1 734 17 is_stmt 0 view .LVU636
 1838 017c 2070     		strb	r0, [r4]
 735:Drivers/STM32F4xx_HAL_Driver/Src/stm32f4xx_hal_sd.c ****       dataremaining--;
 1839              		.loc 1 735 7 is_stmt 1 view .LVU637
 1840              	.LVL172:
 736:Drivers/STM32F4xx_HAL_Driver/Src/stm32f4xx_hal_sd.c ****       *tempbuff = (uint8_t)((data >> 8U) & 0xFFU);
 1841              		.loc 1 736 7 view .LVU638
 737:Drivers/STM32F4xx_HAL_Driver/Src/stm32f4xx_hal_sd.c ****       tempbuff++;
 1842              		.loc 1 737 7 view .LVU639
 737:Drivers/STM32F4xx_HAL_Driver/Src/stm32f4xx_hal_sd.c ****       tempbuff++;
 1843              		.loc 1 737 19 is_stmt 0 view .LVU640
 1844 017e C0F30723 		ubfx	r3, r0, #8, #8
 737:Drivers/STM32F4xx_HAL_Driver/Src/stm32f4xx_hal_sd.c ****       tempbuff++;
 1845              		.loc 1 737 17 view .LVU641
 1846 0182 6370     		strb	r3, [r4, #1]
 738:Drivers/STM32F4xx_HAL_Driver/Src/stm32f4xx_hal_sd.c ****       dataremaining--;
 1847              		.loc 1 738 7 is_stmt 1 view .LVU642
 1848              	.LVL173:
 739:Drivers/STM32F4xx_HAL_Driver/Src/stm32f4xx_hal_sd.c ****       *tempbuff = (uint8_t)((data >> 16U) & 0xFFU);
 1849              		.loc 1 739 7 view .LVU643
 740:Drivers/STM32F4xx_HAL_Driver/Src/stm32f4xx_hal_sd.c ****       tempbuff++;
 1850              		.loc 1 740 7 view .LVU644
 740:Drivers/STM32F4xx_HAL_Driver/Src/stm32f4xx_hal_sd.c ****       tempbuff++;
 1851              		.loc 1 740 19 is_stmt 0 view .LVU645
 1852 0184 C0F30743 		ubfx	r3, r0, #16, #8
 740:Drivers/STM32F4xx_HAL_Driver/Src/stm32f4xx_hal_sd.c ****       tempbuff++;
 1853              		.loc 1 740 17 view .LVU646
 1854 0188 A370     		strb	r3, [r4, #2]
 741:Drivers/STM32F4xx_HAL_Driver/Src/stm32f4xx_hal_sd.c ****       dataremaining--;
 1855              		.loc 1 741 7 is_stmt 1 view .LVU647
 1856              	.LVL174:
 742:Drivers/STM32F4xx_HAL_Driver/Src/stm32f4xx_hal_sd.c ****       *tempbuff = (uint8_t)((data >> 24U) & 0xFFU);
ARM GAS  C:\Users\40918\AppData\Local\Temp\cc5Xi7iV.s 			page 101


 1857              		.loc 1 742 7 view .LVU648
 743:Drivers/STM32F4xx_HAL_Driver/Src/stm32f4xx_hal_sd.c ****       tempbuff++;
 1858              		.loc 1 743 7 view .LVU649
 743:Drivers/STM32F4xx_HAL_Driver/Src/stm32f4xx_hal_sd.c ****       tempbuff++;
 1859              		.loc 1 743 19 is_stmt 0 view .LVU650
 1860 018a 000E     		lsrs	r0, r0, #24
 1861              	.LVL175:
 743:Drivers/STM32F4xx_HAL_Driver/Src/stm32f4xx_hal_sd.c ****       tempbuff++;
 1862              		.loc 1 743 17 view .LVU651
 1863 018c E070     		strb	r0, [r4, #3]
 744:Drivers/STM32F4xx_HAL_Driver/Src/stm32f4xx_hal_sd.c ****       dataremaining--;
 1864              		.loc 1 744 7 is_stmt 1 view .LVU652
 744:Drivers/STM32F4xx_HAL_Driver/Src/stm32f4xx_hal_sd.c ****       dataremaining--;
 1865              		.loc 1 744 15 is_stmt 0 view .LVU653
 1866 018e 0434     		adds	r4, r4, #4
 1867              	.LVL176:
 745:Drivers/STM32F4xx_HAL_Driver/Src/stm32f4xx_hal_sd.c **** 
 1868              		.loc 1 745 7 is_stmt 1 view .LVU654
 745:Drivers/STM32F4xx_HAL_Driver/Src/stm32f4xx_hal_sd.c **** 
 1869              		.loc 1 745 20 is_stmt 0 view .LVU655
 1870 0190 A8F10408 		sub	r8, r8, #4
 1871              	.LVL177:
 747:Drivers/STM32F4xx_HAL_Driver/Src/stm32f4xx_hal_sd.c ****       {
 1872              		.loc 1 747 7 is_stmt 1 view .LVU656
 747:Drivers/STM32F4xx_HAL_Driver/Src/stm32f4xx_hal_sd.c ****       {
 1873              		.loc 1 747 12 is_stmt 0 view .LVU657
 1874 0194 FFF7FEFF 		bl	HAL_GetTick
 1875              	.LVL178:
 747:Drivers/STM32F4xx_HAL_Driver/Src/stm32f4xx_hal_sd.c ****       {
 1876              		.loc 1 747 25 discriminator 1 view .LVU658
 1877 0198 A0EB0900 		sub	r0, r0, r9
 747:Drivers/STM32F4xx_HAL_Driver/Src/stm32f4xx_hal_sd.c ****       {
 1878              		.loc 1 747 9 discriminator 1 view .LVU659
 1879 019c 5045     		cmp	r0, r10
 1880 019e 02D2     		bcs	.L120
 747:Drivers/STM32F4xx_HAL_Driver/Src/stm32f4xx_hal_sd.c ****       {
 1881              		.loc 1 747 50 discriminator 1 view .LVU660
 1882 01a0 BAF1000F 		cmp	r10, #0
 1883 01a4 E0D1     		bne	.L119
 1884              	.L120:
 750:Drivers/STM32F4xx_HAL_Driver/Src/stm32f4xx_hal_sd.c ****         hsd->ErrorCode |= HAL_SD_ERROR_TIMEOUT;
 1885              		.loc 1 750 9 is_stmt 1 view .LVU661
 1886 01a6 2B68     		ldr	r3, [r5]
 1887 01a8 284A     		ldr	r2, .L131
 1888 01aa 9A63     		str	r2, [r3, #56]
 751:Drivers/STM32F4xx_HAL_Driver/Src/stm32f4xx_hal_sd.c ****         hsd->State= HAL_SD_STATE_READY;
 1889              		.loc 1 751 9 view .LVU662
 751:Drivers/STM32F4xx_HAL_Driver/Src/stm32f4xx_hal_sd.c ****         hsd->State= HAL_SD_STATE_READY;
 1890              		.loc 1 751 12 is_stmt 0 view .LVU663
 1891 01ac AB6B     		ldr	r3, [r5, #56]
 751:Drivers/STM32F4xx_HAL_Driver/Src/stm32f4xx_hal_sd.c ****         hsd->State= HAL_SD_STATE_READY;
 1892              		.loc 1 751 24 view .LVU664
 1893 01ae 43F00043 		orr	r3, r3, #-2147483648
 1894 01b2 AB63     		str	r3, [r5, #56]
 752:Drivers/STM32F4xx_HAL_Driver/Src/stm32f4xx_hal_sd.c ****         hsd->Context = SD_CONTEXT_NONE;
 1895              		.loc 1 752 9 is_stmt 1 view .LVU665
 752:Drivers/STM32F4xx_HAL_Driver/Src/stm32f4xx_hal_sd.c ****         hsd->Context = SD_CONTEXT_NONE;
ARM GAS  C:\Users\40918\AppData\Local\Temp\cc5Xi7iV.s 			page 102


 1896              		.loc 1 752 19 is_stmt 0 view .LVU666
 1897 01b4 0123     		movs	r3, #1
 1898 01b6 85F83430 		strb	r3, [r5, #52]
 753:Drivers/STM32F4xx_HAL_Driver/Src/stm32f4xx_hal_sd.c ****         return HAL_ERROR;
 1899              		.loc 1 753 9 is_stmt 1 view .LVU667
 753:Drivers/STM32F4xx_HAL_Driver/Src/stm32f4xx_hal_sd.c ****         return HAL_ERROR;
 1900              		.loc 1 753 22 is_stmt 0 view .LVU668
 1901 01ba 0023     		movs	r3, #0
 1902 01bc 2B63     		str	r3, [r5, #48]
 754:Drivers/STM32F4xx_HAL_Driver/Src/stm32f4xx_hal_sd.c ****       }
 1903              		.loc 1 754 9 is_stmt 1 view .LVU669
 754:Drivers/STM32F4xx_HAL_Driver/Src/stm32f4xx_hal_sd.c ****       }
 1904              		.loc 1 754 16 is_stmt 0 view .LVU670
 1905 01be 41E0     		b	.L102
 1906              	.LVL179:
 1907              	.L128:
 680:Drivers/STM32F4xx_HAL_Driver/Src/stm32f4xx_hal_sd.c ****         if(errorstate != HAL_SD_ERROR_NONE)
 1908              		.loc 1 680 9 is_stmt 1 view .LVU671
 680:Drivers/STM32F4xx_HAL_Driver/Src/stm32f4xx_hal_sd.c ****         if(errorstate != HAL_SD_ERROR_NONE)
 1909              		.loc 1 680 22 is_stmt 0 view .LVU672
 1910 01c0 FFF7FEFF 		bl	SDMMC_CmdStopTransfer
 1911              	.LVL180:
 681:Drivers/STM32F4xx_HAL_Driver/Src/stm32f4xx_hal_sd.c ****         {
 1912              		.loc 1 681 9 is_stmt 1 view .LVU673
 681:Drivers/STM32F4xx_HAL_Driver/Src/stm32f4xx_hal_sd.c ****         {
 1913              		.loc 1 681 11 is_stmt 0 view .LVU674
 1914 01c4 0346     		mov	r3, r0
 1915 01c6 0028     		cmp	r0, #0
 1916 01c8 BDD0     		beq	.L115
 684:Drivers/STM32F4xx_HAL_Driver/Src/stm32f4xx_hal_sd.c ****           hsd->ErrorCode |= errorstate;
 1917              		.loc 1 684 11 is_stmt 1 view .LVU675
 1918 01ca 2A68     		ldr	r2, [r5]
 1919 01cc 1F49     		ldr	r1, .L131
 1920 01ce 9163     		str	r1, [r2, #56]
 685:Drivers/STM32F4xx_HAL_Driver/Src/stm32f4xx_hal_sd.c ****           hsd->State = HAL_SD_STATE_READY;
 1921              		.loc 1 685 11 view .LVU676
 685:Drivers/STM32F4xx_HAL_Driver/Src/stm32f4xx_hal_sd.c ****           hsd->State = HAL_SD_STATE_READY;
 1922              		.loc 1 685 14 is_stmt 0 view .LVU677
 1923 01d0 AA6B     		ldr	r2, [r5, #56]
 685:Drivers/STM32F4xx_HAL_Driver/Src/stm32f4xx_hal_sd.c ****           hsd->State = HAL_SD_STATE_READY;
 1924              		.loc 1 685 26 view .LVU678
 1925 01d2 1343     		orrs	r3, r3, r2
 1926 01d4 AB63     		str	r3, [r5, #56]
 686:Drivers/STM32F4xx_HAL_Driver/Src/stm32f4xx_hal_sd.c ****           hsd->Context = SD_CONTEXT_NONE;
 1927              		.loc 1 686 11 is_stmt 1 view .LVU679
 686:Drivers/STM32F4xx_HAL_Driver/Src/stm32f4xx_hal_sd.c ****           hsd->Context = SD_CONTEXT_NONE;
 1928              		.loc 1 686 22 is_stmt 0 view .LVU680
 1929 01d6 0123     		movs	r3, #1
 1930 01d8 85F83430 		strb	r3, [r5, #52]
 687:Drivers/STM32F4xx_HAL_Driver/Src/stm32f4xx_hal_sd.c ****           return HAL_ERROR;
 1931              		.loc 1 687 11 is_stmt 1 view .LVU681
 687:Drivers/STM32F4xx_HAL_Driver/Src/stm32f4xx_hal_sd.c ****           return HAL_ERROR;
 1932              		.loc 1 687 24 is_stmt 0 view .LVU682
 1933 01dc 0023     		movs	r3, #0
 1934 01de 2B63     		str	r3, [r5, #48]
 688:Drivers/STM32F4xx_HAL_Driver/Src/stm32f4xx_hal_sd.c ****         }
 1935              		.loc 1 688 11 is_stmt 1 view .LVU683
ARM GAS  C:\Users\40918\AppData\Local\Temp\cc5Xi7iV.s 			page 103


 688:Drivers/STM32F4xx_HAL_Driver/Src/stm32f4xx_hal_sd.c ****         }
 1936              		.loc 1 688 18 is_stmt 0 view .LVU684
 1937 01e0 30E0     		b	.L102
 1938              	.LVL181:
 1939              	.L116:
 701:Drivers/STM32F4xx_HAL_Driver/Src/stm32f4xx_hal_sd.c ****       hsd->ErrorCode |= HAL_SD_ERROR_DATA_TIMEOUT;
 1940              		.loc 1 701 7 is_stmt 1 view .LVU685
 1941 01e2 1A4A     		ldr	r2, .L131
 1942 01e4 9A63     		str	r2, [r3, #56]
 702:Drivers/STM32F4xx_HAL_Driver/Src/stm32f4xx_hal_sd.c ****       hsd->State = HAL_SD_STATE_READY;
 1943              		.loc 1 702 7 view .LVU686
 702:Drivers/STM32F4xx_HAL_Driver/Src/stm32f4xx_hal_sd.c ****       hsd->State = HAL_SD_STATE_READY;
 1944              		.loc 1 702 10 is_stmt 0 view .LVU687
 1945 01e6 AB6B     		ldr	r3, [r5, #56]
 702:Drivers/STM32F4xx_HAL_Driver/Src/stm32f4xx_hal_sd.c ****       hsd->State = HAL_SD_STATE_READY;
 1946              		.loc 1 702 22 view .LVU688
 1947 01e8 43F00803 		orr	r3, r3, #8
 1948 01ec AB63     		str	r3, [r5, #56]
 703:Drivers/STM32F4xx_HAL_Driver/Src/stm32f4xx_hal_sd.c ****       hsd->Context = SD_CONTEXT_NONE;
 1949              		.loc 1 703 7 is_stmt 1 view .LVU689
 703:Drivers/STM32F4xx_HAL_Driver/Src/stm32f4xx_hal_sd.c ****       hsd->Context = SD_CONTEXT_NONE;
 1950              		.loc 1 703 18 is_stmt 0 view .LVU690
 1951 01ee 0123     		movs	r3, #1
 1952 01f0 85F83430 		strb	r3, [r5, #52]
 704:Drivers/STM32F4xx_HAL_Driver/Src/stm32f4xx_hal_sd.c ****       return HAL_ERROR;
 1953              		.loc 1 704 7 is_stmt 1 view .LVU691
 704:Drivers/STM32F4xx_HAL_Driver/Src/stm32f4xx_hal_sd.c ****       return HAL_ERROR;
 1954              		.loc 1 704 20 is_stmt 0 view .LVU692
 1955 01f4 0023     		movs	r3, #0
 1956 01f6 2B63     		str	r3, [r5, #48]
 705:Drivers/STM32F4xx_HAL_Driver/Src/stm32f4xx_hal_sd.c ****     }
 1957              		.loc 1 705 7 is_stmt 1 view .LVU693
 705:Drivers/STM32F4xx_HAL_Driver/Src/stm32f4xx_hal_sd.c ****     }
 1958              		.loc 1 705 14 is_stmt 0 view .LVU694
 1959 01f8 24E0     		b	.L102
 1960              	.L129:
 710:Drivers/STM32F4xx_HAL_Driver/Src/stm32f4xx_hal_sd.c ****       hsd->ErrorCode |= HAL_SD_ERROR_DATA_CRC_FAIL;
 1961              		.loc 1 710 7 is_stmt 1 view .LVU695
 1962 01fa 144A     		ldr	r2, .L131
 1963 01fc 9A63     		str	r2, [r3, #56]
 711:Drivers/STM32F4xx_HAL_Driver/Src/stm32f4xx_hal_sd.c ****       hsd->State = HAL_SD_STATE_READY;
 1964              		.loc 1 711 7 view .LVU696
 711:Drivers/STM32F4xx_HAL_Driver/Src/stm32f4xx_hal_sd.c ****       hsd->State = HAL_SD_STATE_READY;
 1965              		.loc 1 711 10 is_stmt 0 view .LVU697
 1966 01fe AB6B     		ldr	r3, [r5, #56]
 711:Drivers/STM32F4xx_HAL_Driver/Src/stm32f4xx_hal_sd.c ****       hsd->State = HAL_SD_STATE_READY;
 1967              		.loc 1 711 22 view .LVU698
 1968 0200 43F00203 		orr	r3, r3, #2
 1969 0204 AB63     		str	r3, [r5, #56]
 712:Drivers/STM32F4xx_HAL_Driver/Src/stm32f4xx_hal_sd.c ****       hsd->Context = SD_CONTEXT_NONE;
 1970              		.loc 1 712 7 is_stmt 1 view .LVU699
 712:Drivers/STM32F4xx_HAL_Driver/Src/stm32f4xx_hal_sd.c ****       hsd->Context = SD_CONTEXT_NONE;
 1971              		.loc 1 712 18 is_stmt 0 view .LVU700
 1972 0206 0123     		movs	r3, #1
 1973 0208 85F83430 		strb	r3, [r5, #52]
 713:Drivers/STM32F4xx_HAL_Driver/Src/stm32f4xx_hal_sd.c ****       return HAL_ERROR;
 1974              		.loc 1 713 7 is_stmt 1 view .LVU701
ARM GAS  C:\Users\40918\AppData\Local\Temp\cc5Xi7iV.s 			page 104


 713:Drivers/STM32F4xx_HAL_Driver/Src/stm32f4xx_hal_sd.c ****       return HAL_ERROR;
 1975              		.loc 1 713 20 is_stmt 0 view .LVU702
 1976 020c 0023     		movs	r3, #0
 1977 020e 2B63     		str	r3, [r5, #48]
 714:Drivers/STM32F4xx_HAL_Driver/Src/stm32f4xx_hal_sd.c ****     }
 1978              		.loc 1 714 7 is_stmt 1 view .LVU703
 714:Drivers/STM32F4xx_HAL_Driver/Src/stm32f4xx_hal_sd.c ****     }
 1979              		.loc 1 714 14 is_stmt 0 view .LVU704
 1980 0210 18E0     		b	.L102
 1981              	.L130:
 719:Drivers/STM32F4xx_HAL_Driver/Src/stm32f4xx_hal_sd.c ****       hsd->ErrorCode |= HAL_SD_ERROR_RX_OVERRUN;
 1982              		.loc 1 719 7 is_stmt 1 view .LVU705
 1983 0212 0E4A     		ldr	r2, .L131
 1984 0214 9A63     		str	r2, [r3, #56]
 720:Drivers/STM32F4xx_HAL_Driver/Src/stm32f4xx_hal_sd.c ****       hsd->State = HAL_SD_STATE_READY;
 1985              		.loc 1 720 7 view .LVU706
 720:Drivers/STM32F4xx_HAL_Driver/Src/stm32f4xx_hal_sd.c ****       hsd->State = HAL_SD_STATE_READY;
 1986              		.loc 1 720 10 is_stmt 0 view .LVU707
 1987 0216 AB6B     		ldr	r3, [r5, #56]
 720:Drivers/STM32F4xx_HAL_Driver/Src/stm32f4xx_hal_sd.c ****       hsd->State = HAL_SD_STATE_READY;
 1988              		.loc 1 720 22 view .LVU708
 1989 0218 43F02003 		orr	r3, r3, #32
 1990 021c AB63     		str	r3, [r5, #56]
 721:Drivers/STM32F4xx_HAL_Driver/Src/stm32f4xx_hal_sd.c ****       hsd->Context = SD_CONTEXT_NONE;
 1991              		.loc 1 721 7 is_stmt 1 view .LVU709
 721:Drivers/STM32F4xx_HAL_Driver/Src/stm32f4xx_hal_sd.c ****       hsd->Context = SD_CONTEXT_NONE;
 1992              		.loc 1 721 18 is_stmt 0 view .LVU710
 1993 021e 0123     		movs	r3, #1
 1994 0220 85F83430 		strb	r3, [r5, #52]
 722:Drivers/STM32F4xx_HAL_Driver/Src/stm32f4xx_hal_sd.c ****       return HAL_ERROR;
 1995              		.loc 1 722 7 is_stmt 1 view .LVU711
 722:Drivers/STM32F4xx_HAL_Driver/Src/stm32f4xx_hal_sd.c ****       return HAL_ERROR;
 1996              		.loc 1 722 20 is_stmt 0 view .LVU712
 1997 0224 0023     		movs	r3, #0
 1998 0226 2B63     		str	r3, [r5, #48]
 723:Drivers/STM32F4xx_HAL_Driver/Src/stm32f4xx_hal_sd.c ****     }
 1999              		.loc 1 723 7 is_stmt 1 view .LVU713
 723:Drivers/STM32F4xx_HAL_Driver/Src/stm32f4xx_hal_sd.c ****     }
 2000              		.loc 1 723 14 is_stmt 0 view .LVU714
 2001 0228 0CE0     		b	.L102
 2002              	.L121:
 759:Drivers/STM32F4xx_HAL_Driver/Src/stm32f4xx_hal_sd.c **** 
 2003              		.loc 1 759 5 is_stmt 1 view .LVU715
 2004 022a 40F23A53 		movw	r3, #1338
 2005 022e 8363     		str	r3, [r0, #56]
 761:Drivers/STM32F4xx_HAL_Driver/Src/stm32f4xx_hal_sd.c **** 
 2006              		.loc 1 761 5 view .LVU716
 761:Drivers/STM32F4xx_HAL_Driver/Src/stm32f4xx_hal_sd.c **** 
 2007              		.loc 1 761 16 is_stmt 0 view .LVU717
 2008 0230 0123     		movs	r3, #1
 2009 0232 85F83430 		strb	r3, [r5, #52]
 763:Drivers/STM32F4xx_HAL_Driver/Src/stm32f4xx_hal_sd.c ****   }
 2010              		.loc 1 763 5 is_stmt 1 view .LVU718
 763:Drivers/STM32F4xx_HAL_Driver/Src/stm32f4xx_hal_sd.c ****   }
 2011              		.loc 1 763 12 is_stmt 0 view .LVU719
 2012 0236 0027     		movs	r7, #0
 2013 0238 04E0     		b	.L102
ARM GAS  C:\Users\40918\AppData\Local\Temp\cc5Xi7iV.s 			page 105


 2014              	.LVL182:
 2015              	.L103:
 767:Drivers/STM32F4xx_HAL_Driver/Src/stm32f4xx_hal_sd.c ****     return HAL_ERROR;
 2016              		.loc 1 767 5 is_stmt 1 view .LVU720
 767:Drivers/STM32F4xx_HAL_Driver/Src/stm32f4xx_hal_sd.c ****     return HAL_ERROR;
 2017              		.loc 1 767 8 is_stmt 0 view .LVU721
 2018 023a AB6B     		ldr	r3, [r5, #56]
 767:Drivers/STM32F4xx_HAL_Driver/Src/stm32f4xx_hal_sd.c ****     return HAL_ERROR;
 2019              		.loc 1 767 20 view .LVU722
 2020 023c 43F00053 		orr	r3, r3, #536870912
 2021 0240 AB63     		str	r3, [r5, #56]
 768:Drivers/STM32F4xx_HAL_Driver/Src/stm32f4xx_hal_sd.c ****   }
 2022              		.loc 1 768 5 is_stmt 1 view .LVU723
 768:Drivers/STM32F4xx_HAL_Driver/Src/stm32f4xx_hal_sd.c ****   }
 2023              		.loc 1 768 12 is_stmt 0 view .LVU724
 2024 0242 0127     		movs	r7, #1
 2025              	.LVL183:
 2026              	.L102:
 770:Drivers/STM32F4xx_HAL_Driver/Src/stm32f4xx_hal_sd.c **** 
 2027              		.loc 1 770 1 view .LVU725
 2028 0244 3846     		mov	r0, r7
 2029 0246 07B0     		add	sp, sp, #28
 2030              	.LCFI31:
 2031              		.cfi_def_cfa_offset 36
 2032              		@ sp needed
 2033 0248 BDE8F08F 		pop	{r4, r5, r6, r7, r8, r9, r10, fp, pc}
 2034              	.LVL184:
 2035              	.L132:
 770:Drivers/STM32F4xx_HAL_Driver/Src/stm32f4xx_hal_sd.c **** 
 2036              		.loc 1 770 1 view .LVU726
 2037              		.align	2
 2038              	.L131:
 2039 024c FF054000 		.word	4195839
 2040              		.cfi_endproc
 2041              	.LFE244:
 2043              		.section	.text.HAL_SD_WriteBlocks,"ax",%progbits
 2044              		.align	1
 2045              		.global	HAL_SD_WriteBlocks
 2046              		.syntax unified
 2047              		.thumb
 2048              		.thumb_func
 2050              	HAL_SD_WriteBlocks:
 2051              	.LVL185:
 2052              	.LFB245:
 785:Drivers/STM32F4xx_HAL_Driver/Src/stm32f4xx_hal_sd.c ****   SDIO_DataInitTypeDef config;
 2053              		.loc 1 785 1 is_stmt 1 view -0
 2054              		.cfi_startproc
 2055              		@ args = 4, pretend = 0, frame = 40
 2056              		@ frame_needed = 0, uses_anonymous_args = 0
 785:Drivers/STM32F4xx_HAL_Driver/Src/stm32f4xx_hal_sd.c ****   SDIO_DataInitTypeDef config;
 2057              		.loc 1 785 1 is_stmt 0 view .LVU728
 2058 0000 2DE9F04F 		push	{r4, r5, r6, r7, r8, r9, r10, fp, lr}
 2059              	.LCFI32:
 2060              		.cfi_def_cfa_offset 36
 2061              		.cfi_offset 4, -36
 2062              		.cfi_offset 5, -32
 2063              		.cfi_offset 6, -28
ARM GAS  C:\Users\40918\AppData\Local\Temp\cc5Xi7iV.s 			page 106


 2064              		.cfi_offset 7, -24
 2065              		.cfi_offset 8, -20
 2066              		.cfi_offset 9, -16
 2067              		.cfi_offset 10, -12
 2068              		.cfi_offset 11, -8
 2069              		.cfi_offset 14, -4
 2070 0004 8BB0     		sub	sp, sp, #44
 2071              	.LCFI33:
 2072              		.cfi_def_cfa_offset 80
 2073 0006 0546     		mov	r5, r0
 2074 0008 0C46     		mov	r4, r1
 2075 000a 1646     		mov	r6, r2
 2076 000c 9B46     		mov	fp, r3
 2077 000e DDF850A0 		ldr	r10, [sp, #80]
 786:Drivers/STM32F4xx_HAL_Driver/Src/stm32f4xx_hal_sd.c ****   uint32_t errorstate;
 2078              		.loc 1 786 3 is_stmt 1 view .LVU729
 787:Drivers/STM32F4xx_HAL_Driver/Src/stm32f4xx_hal_sd.c ****   uint32_t tickstart = HAL_GetTick();
 2079              		.loc 1 787 3 view .LVU730
 788:Drivers/STM32F4xx_HAL_Driver/Src/stm32f4xx_hal_sd.c ****   uint32_t count, data, dataremaining;
 2080              		.loc 1 788 3 view .LVU731
 788:Drivers/STM32F4xx_HAL_Driver/Src/stm32f4xx_hal_sd.c ****   uint32_t count, data, dataremaining;
 2081              		.loc 1 788 24 is_stmt 0 view .LVU732
 2082 0012 FFF7FEFF 		bl	HAL_GetTick
 2083              	.LVL186:
 789:Drivers/STM32F4xx_HAL_Driver/Src/stm32f4xx_hal_sd.c ****   uint32_t add = BlockAdd;
 2084              		.loc 1 789 3 is_stmt 1 view .LVU733
 790:Drivers/STM32F4xx_HAL_Driver/Src/stm32f4xx_hal_sd.c ****   uint8_t *tempbuff = pData;
 2085              		.loc 1 790 3 view .LVU734
 791:Drivers/STM32F4xx_HAL_Driver/Src/stm32f4xx_hal_sd.c **** 
 2086              		.loc 1 791 3 view .LVU735
 793:Drivers/STM32F4xx_HAL_Driver/Src/stm32f4xx_hal_sd.c ****   {
 2087              		.loc 1 793 3 view .LVU736
 793:Drivers/STM32F4xx_HAL_Driver/Src/stm32f4xx_hal_sd.c ****   {
 2088              		.loc 1 793 5 is_stmt 0 view .LVU737
 2089 0016 002C     		cmp	r4, #0
 2090 0018 37D0     		beq	.L154
 2091 001a 8046     		mov	r8, r0
 799:Drivers/STM32F4xx_HAL_Driver/Src/stm32f4xx_hal_sd.c ****   {
 2092              		.loc 1 799 3 is_stmt 1 view .LVU738
 799:Drivers/STM32F4xx_HAL_Driver/Src/stm32f4xx_hal_sd.c ****   {
 2093              		.loc 1 799 9 is_stmt 0 view .LVU739
 2094 001c 95F83470 		ldrb	r7, [r5, #52]	@ zero_extendqisi2
 2095 0020 FFB2     		uxtb	r7, r7
 799:Drivers/STM32F4xx_HAL_Driver/Src/stm32f4xx_hal_sd.c ****   {
 2096              		.loc 1 799 5 view .LVU740
 2097 0022 012F     		cmp	r7, #1
 2098 0024 40F0E680 		bne	.L136
 801:Drivers/STM32F4xx_HAL_Driver/Src/stm32f4xx_hal_sd.c **** 
 2099              		.loc 1 801 5 is_stmt 1 view .LVU741
 801:Drivers/STM32F4xx_HAL_Driver/Src/stm32f4xx_hal_sd.c **** 
 2100              		.loc 1 801 20 is_stmt 0 view .LVU742
 2101 0028 0023     		movs	r3, #0
 2102 002a AB63     		str	r3, [r5, #56]
 803:Drivers/STM32F4xx_HAL_Driver/Src/stm32f4xx_hal_sd.c ****     {
 2103              		.loc 1 803 5 is_stmt 1 view .LVU743
 803:Drivers/STM32F4xx_HAL_Driver/Src/stm32f4xx_hal_sd.c ****     {
 2104              		.loc 1 803 13 is_stmt 0 view .LVU744
ARM GAS  C:\Users\40918\AppData\Local\Temp\cc5Xi7iV.s 			page 107


 2105 002c 06EB0B03 		add	r3, r6, fp
 803:Drivers/STM32F4xx_HAL_Driver/Src/stm32f4xx_hal_sd.c ****     {
 2106              		.loc 1 803 45 view .LVU745
 2107 0030 EA6D     		ldr	r2, [r5, #92]
 803:Drivers/STM32F4xx_HAL_Driver/Src/stm32f4xx_hal_sd.c ****     {
 2108              		.loc 1 803 7 view .LVU746
 2109 0032 9342     		cmp	r3, r2
 2110 0034 2FD8     		bhi	.L155
 809:Drivers/STM32F4xx_HAL_Driver/Src/stm32f4xx_hal_sd.c **** 
 2111              		.loc 1 809 5 is_stmt 1 view .LVU747
 809:Drivers/STM32F4xx_HAL_Driver/Src/stm32f4xx_hal_sd.c **** 
 2112              		.loc 1 809 16 is_stmt 0 view .LVU748
 2113 0036 0323     		movs	r3, #3
 2114 0038 85F83430 		strb	r3, [r5, #52]
 812:Drivers/STM32F4xx_HAL_Driver/Src/stm32f4xx_hal_sd.c **** 
 2115              		.loc 1 812 5 is_stmt 1 view .LVU749
 812:Drivers/STM32F4xx_HAL_Driver/Src/stm32f4xx_hal_sd.c **** 
 2116              		.loc 1 812 8 is_stmt 0 view .LVU750
 2117 003c 2B68     		ldr	r3, [r5]
 812:Drivers/STM32F4xx_HAL_Driver/Src/stm32f4xx_hal_sd.c **** 
 2118              		.loc 1 812 26 view .LVU751
 2119 003e 0022     		movs	r2, #0
 2120 0040 DA62     		str	r2, [r3, #44]
 814:Drivers/STM32F4xx_HAL_Driver/Src/stm32f4xx_hal_sd.c ****     {
 2121              		.loc 1 814 5 is_stmt 1 view .LVU752
 814:Drivers/STM32F4xx_HAL_Driver/Src/stm32f4xx_hal_sd.c ****     {
 2122              		.loc 1 814 19 is_stmt 0 view .LVU753
 2123 0042 6B6C     		ldr	r3, [r5, #68]
 814:Drivers/STM32F4xx_HAL_Driver/Src/stm32f4xx_hal_sd.c ****     {
 2124              		.loc 1 814 7 view .LVU754
 2125 0044 012B     		cmp	r3, #1
 2126 0046 00D0     		beq	.L138
 816:Drivers/STM32F4xx_HAL_Driver/Src/stm32f4xx_hal_sd.c ****     }
 2127              		.loc 1 816 7 is_stmt 1 view .LVU755
 816:Drivers/STM32F4xx_HAL_Driver/Src/stm32f4xx_hal_sd.c ****     }
 2128              		.loc 1 816 11 is_stmt 0 view .LVU756
 2129 0048 7602     		lsls	r6, r6, #9
 2130              	.LVL187:
 2131              	.L138:
 820:Drivers/STM32F4xx_HAL_Driver/Src/stm32f4xx_hal_sd.c ****     config.DataLength    = NumberOfBlocks * BLOCKSIZE;
 2132              		.loc 1 820 5 is_stmt 1 view .LVU757
 820:Drivers/STM32F4xx_HAL_Driver/Src/stm32f4xx_hal_sd.c ****     config.DataLength    = NumberOfBlocks * BLOCKSIZE;
 2133              		.loc 1 820 26 is_stmt 0 view .LVU758
 2134 004a 4FF0FF33 		mov	r3, #-1
 2135 004e 0493     		str	r3, [sp, #16]
 821:Drivers/STM32F4xx_HAL_Driver/Src/stm32f4xx_hal_sd.c ****     config.DataBlockSize = SDIO_DATABLOCK_SIZE_512B;
 2136              		.loc 1 821 5 is_stmt 1 view .LVU759
 821:Drivers/STM32F4xx_HAL_Driver/Src/stm32f4xx_hal_sd.c ****     config.DataBlockSize = SDIO_DATABLOCK_SIZE_512B;
 2137              		.loc 1 821 43 is_stmt 0 view .LVU760
 2138 0050 4FEA4B23 		lsl	r3, fp, #9
 821:Drivers/STM32F4xx_HAL_Driver/Src/stm32f4xx_hal_sd.c ****     config.DataBlockSize = SDIO_DATABLOCK_SIZE_512B;
 2139              		.loc 1 821 26 view .LVU761
 2140 0054 0593     		str	r3, [sp, #20]
 822:Drivers/STM32F4xx_HAL_Driver/Src/stm32f4xx_hal_sd.c ****     config.TransferDir   = SDIO_TRANSFER_DIR_TO_CARD;
 2141              		.loc 1 822 5 is_stmt 1 view .LVU762
 822:Drivers/STM32F4xx_HAL_Driver/Src/stm32f4xx_hal_sd.c ****     config.TransferDir   = SDIO_TRANSFER_DIR_TO_CARD;
 2142              		.loc 1 822 26 is_stmt 0 view .LVU763
ARM GAS  C:\Users\40918\AppData\Local\Temp\cc5Xi7iV.s 			page 108


 2143 0056 9023     		movs	r3, #144
 2144 0058 0693     		str	r3, [sp, #24]
 823:Drivers/STM32F4xx_HAL_Driver/Src/stm32f4xx_hal_sd.c ****     config.TransferMode  = SDIO_TRANSFER_MODE_BLOCK;
 2145              		.loc 1 823 5 is_stmt 1 view .LVU764
 823:Drivers/STM32F4xx_HAL_Driver/Src/stm32f4xx_hal_sd.c ****     config.TransferMode  = SDIO_TRANSFER_MODE_BLOCK;
 2146              		.loc 1 823 26 is_stmt 0 view .LVU765
 2147 005a 0023     		movs	r3, #0
 2148 005c 0793     		str	r3, [sp, #28]
 824:Drivers/STM32F4xx_HAL_Driver/Src/stm32f4xx_hal_sd.c ****     config.DPSM          = SDIO_DPSM_ENABLE;
 2149              		.loc 1 824 5 is_stmt 1 view .LVU766
 824:Drivers/STM32F4xx_HAL_Driver/Src/stm32f4xx_hal_sd.c ****     config.DPSM          = SDIO_DPSM_ENABLE;
 2150              		.loc 1 824 26 is_stmt 0 view .LVU767
 2151 005e 0893     		str	r3, [sp, #32]
 825:Drivers/STM32F4xx_HAL_Driver/Src/stm32f4xx_hal_sd.c ****     (void)SDIO_ConfigData(hsd->Instance, &config);
 2152              		.loc 1 825 5 is_stmt 1 view .LVU768
 825:Drivers/STM32F4xx_HAL_Driver/Src/stm32f4xx_hal_sd.c ****     (void)SDIO_ConfigData(hsd->Instance, &config);
 2153              		.loc 1 825 26 is_stmt 0 view .LVU769
 2154 0060 0123     		movs	r3, #1
 2155 0062 0993     		str	r3, [sp, #36]
 826:Drivers/STM32F4xx_HAL_Driver/Src/stm32f4xx_hal_sd.c **** 
 2156              		.loc 1 826 5 is_stmt 1 view .LVU770
 826:Drivers/STM32F4xx_HAL_Driver/Src/stm32f4xx_hal_sd.c **** 
 2157              		.loc 1 826 11 is_stmt 0 view .LVU771
 2158 0064 04A9     		add	r1, sp, #16
 2159 0066 2868     		ldr	r0, [r5]
 2160              	.LVL188:
 826:Drivers/STM32F4xx_HAL_Driver/Src/stm32f4xx_hal_sd.c **** 
 2161              		.loc 1 826 11 view .LVU772
 2162 0068 FFF7FEFF 		bl	SDIO_ConfigData
 2163              	.LVL189:
 829:Drivers/STM32F4xx_HAL_Driver/Src/stm32f4xx_hal_sd.c ****     {
 2164              		.loc 1 829 5 is_stmt 1 view .LVU773
 829:Drivers/STM32F4xx_HAL_Driver/Src/stm32f4xx_hal_sd.c ****     {
 2165              		.loc 1 829 7 is_stmt 0 view .LVU774
 2166 006c BBF1010F 		cmp	fp, #1
 2167 0070 16D9     		bls	.L139
 831:Drivers/STM32F4xx_HAL_Driver/Src/stm32f4xx_hal_sd.c **** 
 2168              		.loc 1 831 7 is_stmt 1 view .LVU775
 831:Drivers/STM32F4xx_HAL_Driver/Src/stm32f4xx_hal_sd.c **** 
 2169              		.loc 1 831 20 is_stmt 0 view .LVU776
 2170 0072 2023     		movs	r3, #32
 2171 0074 2B63     		str	r3, [r5, #48]
 834:Drivers/STM32F4xx_HAL_Driver/Src/stm32f4xx_hal_sd.c ****     }
 2172              		.loc 1 834 7 is_stmt 1 view .LVU777
 834:Drivers/STM32F4xx_HAL_Driver/Src/stm32f4xx_hal_sd.c ****     }
 2173              		.loc 1 834 20 is_stmt 0 view .LVU778
 2174 0076 3146     		mov	r1, r6
 2175 0078 2868     		ldr	r0, [r5]
 2176 007a FFF7FEFF 		bl	SDMMC_CmdWriteMultiBlock
 2177              	.LVL190:
 2178 007e 0190     		str	r0, [sp, #4]
 2179              	.LVL191:
 2180              	.L140:
 843:Drivers/STM32F4xx_HAL_Driver/Src/stm32f4xx_hal_sd.c ****     {
 2181              		.loc 1 843 5 is_stmt 1 view .LVU779
 843:Drivers/STM32F4xx_HAL_Driver/Src/stm32f4xx_hal_sd.c ****     {
 2182              		.loc 1 843 7 is_stmt 0 view .LVU780
ARM GAS  C:\Users\40918\AppData\Local\Temp\cc5Xi7iV.s 			page 109


 2183 0080 019B     		ldr	r3, [sp, #4]
 2184 0082 ABB9     		cbnz	r3, .L156
 854:Drivers/STM32F4xx_HAL_Driver/Src/stm32f4xx_hal_sd.c **** #if defined(SDIO_STA_STBITERR)
 2185              		.loc 1 854 5 is_stmt 1 view .LVU781
 854:Drivers/STM32F4xx_HAL_Driver/Src/stm32f4xx_hal_sd.c **** #if defined(SDIO_STA_STBITERR)
 2186              		.loc 1 854 19 is_stmt 0 view .LVU782
 2187 0084 DDF81490 		ldr	r9, [sp, #20]
 2188              	.LVL192:
 856:Drivers/STM32F4xx_HAL_Driver/Src/stm32f4xx_hal_sd.c **** #else /* SDIO_STA_STBITERR not defined */
 2189              		.loc 1 856 5 is_stmt 1 view .LVU783
 856:Drivers/STM32F4xx_HAL_Driver/Src/stm32f4xx_hal_sd.c **** #else /* SDIO_STA_STBITERR not defined */
 2190              		.loc 1 856 10 is_stmt 0 view .LVU784
 2191 0088 40E0     		b	.L142
 2192              	.LVL193:
 2193              	.L154:
 795:Drivers/STM32F4xx_HAL_Driver/Src/stm32f4xx_hal_sd.c ****     return HAL_ERROR;
 2194              		.loc 1 795 5 is_stmt 1 view .LVU785
 795:Drivers/STM32F4xx_HAL_Driver/Src/stm32f4xx_hal_sd.c ****     return HAL_ERROR;
 2195              		.loc 1 795 8 is_stmt 0 view .LVU786
 2196 008a AB6B     		ldr	r3, [r5, #56]
 795:Drivers/STM32F4xx_HAL_Driver/Src/stm32f4xx_hal_sd.c ****     return HAL_ERROR;
 2197              		.loc 1 795 20 view .LVU787
 2198 008c 43F00063 		orr	r3, r3, #134217728
 2199 0090 AB63     		str	r3, [r5, #56]
 796:Drivers/STM32F4xx_HAL_Driver/Src/stm32f4xx_hal_sd.c ****   }
 2200              		.loc 1 796 5 is_stmt 1 view .LVU788
 796:Drivers/STM32F4xx_HAL_Driver/Src/stm32f4xx_hal_sd.c ****   }
 2201              		.loc 1 796 12 is_stmt 0 view .LVU789
 2202 0092 0127     		movs	r7, #1
 2203 0094 B3E0     		b	.L135
 2204              	.L155:
 805:Drivers/STM32F4xx_HAL_Driver/Src/stm32f4xx_hal_sd.c ****       return HAL_ERROR;
 2205              		.loc 1 805 7 is_stmt 1 view .LVU790
 805:Drivers/STM32F4xx_HAL_Driver/Src/stm32f4xx_hal_sd.c ****       return HAL_ERROR;
 2206              		.loc 1 805 10 is_stmt 0 view .LVU791
 2207 0096 AB6B     		ldr	r3, [r5, #56]
 805:Drivers/STM32F4xx_HAL_Driver/Src/stm32f4xx_hal_sd.c ****       return HAL_ERROR;
 2208              		.loc 1 805 22 view .LVU792
 2209 0098 43F00073 		orr	r3, r3, #33554432
 2210 009c AB63     		str	r3, [r5, #56]
 806:Drivers/STM32F4xx_HAL_Driver/Src/stm32f4xx_hal_sd.c ****     }
 2211              		.loc 1 806 7 is_stmt 1 view .LVU793
 806:Drivers/STM32F4xx_HAL_Driver/Src/stm32f4xx_hal_sd.c ****     }
 2212              		.loc 1 806 14 is_stmt 0 view .LVU794
 2213 009e AEE0     		b	.L135
 2214              	.LVL194:
 2215              	.L139:
 838:Drivers/STM32F4xx_HAL_Driver/Src/stm32f4xx_hal_sd.c **** 
 2216              		.loc 1 838 7 is_stmt 1 view .LVU795
 838:Drivers/STM32F4xx_HAL_Driver/Src/stm32f4xx_hal_sd.c **** 
 2217              		.loc 1 838 20 is_stmt 0 view .LVU796
 2218 00a0 1023     		movs	r3, #16
 2219 00a2 2B63     		str	r3, [r5, #48]
 841:Drivers/STM32F4xx_HAL_Driver/Src/stm32f4xx_hal_sd.c ****     }
 2220              		.loc 1 841 7 is_stmt 1 view .LVU797
 841:Drivers/STM32F4xx_HAL_Driver/Src/stm32f4xx_hal_sd.c ****     }
 2221              		.loc 1 841 20 is_stmt 0 view .LVU798
ARM GAS  C:\Users\40918\AppData\Local\Temp\cc5Xi7iV.s 			page 110


 2222 00a4 3146     		mov	r1, r6
 2223 00a6 2868     		ldr	r0, [r5]
 2224 00a8 FFF7FEFF 		bl	SDMMC_CmdWriteSingleBlock
 2225              	.LVL195:
 2226 00ac 0190     		str	r0, [sp, #4]
 2227              	.LVL196:
 841:Drivers/STM32F4xx_HAL_Driver/Src/stm32f4xx_hal_sd.c ****     }
 2228              		.loc 1 841 20 view .LVU799
 2229 00ae E7E7     		b	.L140
 2230              	.LVL197:
 2231              	.L156:
 846:Drivers/STM32F4xx_HAL_Driver/Src/stm32f4xx_hal_sd.c ****       hsd->ErrorCode |= errorstate;
 2232              		.loc 1 846 7 is_stmt 1 view .LVU800
 2233 00b0 2B68     		ldr	r3, [r5]
 2234              	.LVL198:
 846:Drivers/STM32F4xx_HAL_Driver/Src/stm32f4xx_hal_sd.c ****       hsd->ErrorCode |= errorstate;
 2235              		.loc 1 846 7 is_stmt 0 view .LVU801
 2236 00b2 554A     		ldr	r2, .L160
 2237 00b4 9A63     		str	r2, [r3, #56]
 847:Drivers/STM32F4xx_HAL_Driver/Src/stm32f4xx_hal_sd.c ****       hsd->State = HAL_SD_STATE_READY;
 2238              		.loc 1 847 7 is_stmt 1 view .LVU802
 847:Drivers/STM32F4xx_HAL_Driver/Src/stm32f4xx_hal_sd.c ****       hsd->State = HAL_SD_STATE_READY;
 2239              		.loc 1 847 10 is_stmt 0 view .LVU803
 2240 00b6 AB6B     		ldr	r3, [r5, #56]
 847:Drivers/STM32F4xx_HAL_Driver/Src/stm32f4xx_hal_sd.c ****       hsd->State = HAL_SD_STATE_READY;
 2241              		.loc 1 847 22 view .LVU804
 2242 00b8 019A     		ldr	r2, [sp, #4]
 2243 00ba 1343     		orrs	r3, r3, r2
 2244 00bc AB63     		str	r3, [r5, #56]
 848:Drivers/STM32F4xx_HAL_Driver/Src/stm32f4xx_hal_sd.c ****       hsd->Context = SD_CONTEXT_NONE;
 2245              		.loc 1 848 7 is_stmt 1 view .LVU805
 848:Drivers/STM32F4xx_HAL_Driver/Src/stm32f4xx_hal_sd.c ****       hsd->Context = SD_CONTEXT_NONE;
 2246              		.loc 1 848 18 is_stmt 0 view .LVU806
 2247 00be 0123     		movs	r3, #1
 2248 00c0 85F83430 		strb	r3, [r5, #52]
 849:Drivers/STM32F4xx_HAL_Driver/Src/stm32f4xx_hal_sd.c ****       return HAL_ERROR;
 2249              		.loc 1 849 7 is_stmt 1 view .LVU807
 849:Drivers/STM32F4xx_HAL_Driver/Src/stm32f4xx_hal_sd.c ****       return HAL_ERROR;
 2250              		.loc 1 849 20 is_stmt 0 view .LVU808
 2251 00c4 0023     		movs	r3, #0
 2252 00c6 2B63     		str	r3, [r5, #48]
 850:Drivers/STM32F4xx_HAL_Driver/Src/stm32f4xx_hal_sd.c ****     }
 2253              		.loc 1 850 7 is_stmt 1 view .LVU809
 850:Drivers/STM32F4xx_HAL_Driver/Src/stm32f4xx_hal_sd.c ****     }
 2254              		.loc 1 850 14 is_stmt 0 view .LVU810
 2255 00c8 99E0     		b	.L135
 2256              	.LVL199:
 2257              	.L145:
 866:Drivers/STM32F4xx_HAL_Driver/Src/stm32f4xx_hal_sd.c ****           tempbuff++;
 2258              		.loc 1 866 11 is_stmt 1 view .LVU811
 866:Drivers/STM32F4xx_HAL_Driver/Src/stm32f4xx_hal_sd.c ****           tempbuff++;
 2259              		.loc 1 866 29 is_stmt 0 view .LVU812
 2260 00ca 2378     		ldrb	r3, [r4]	@ zero_extendqisi2
 866:Drivers/STM32F4xx_HAL_Driver/Src/stm32f4xx_hal_sd.c ****           tempbuff++;
 2261              		.loc 1 866 16 view .LVU813
 2262 00cc 0393     		str	r3, [sp, #12]
 867:Drivers/STM32F4xx_HAL_Driver/Src/stm32f4xx_hal_sd.c ****           dataremaining--;
ARM GAS  C:\Users\40918\AppData\Local\Temp\cc5Xi7iV.s 			page 111


 2263              		.loc 1 867 11 is_stmt 1 view .LVU814
 2264              	.LVL200:
 868:Drivers/STM32F4xx_HAL_Driver/Src/stm32f4xx_hal_sd.c ****           data |= ((uint32_t)(*tempbuff) << 8U);
 2265              		.loc 1 868 11 view .LVU815
 869:Drivers/STM32F4xx_HAL_Driver/Src/stm32f4xx_hal_sd.c ****           tempbuff++;
 2266              		.loc 1 869 11 view .LVU816
 869:Drivers/STM32F4xx_HAL_Driver/Src/stm32f4xx_hal_sd.c ****           tempbuff++;
 2267              		.loc 1 869 31 is_stmt 0 view .LVU817
 2268 00ce 6278     		ldrb	r2, [r4, #1]	@ zero_extendqisi2
 869:Drivers/STM32F4xx_HAL_Driver/Src/stm32f4xx_hal_sd.c ****           tempbuff++;
 2269              		.loc 1 869 16 view .LVU818
 2270 00d0 43EA0223 		orr	r3, r3, r2, lsl #8
 2271 00d4 0393     		str	r3, [sp, #12]
 870:Drivers/STM32F4xx_HAL_Driver/Src/stm32f4xx_hal_sd.c ****           dataremaining--;
 2272              		.loc 1 870 11 is_stmt 1 view .LVU819
 2273              	.LVL201:
 871:Drivers/STM32F4xx_HAL_Driver/Src/stm32f4xx_hal_sd.c ****           data |= ((uint32_t)(*tempbuff) << 16U);
 2274              		.loc 1 871 11 view .LVU820
 872:Drivers/STM32F4xx_HAL_Driver/Src/stm32f4xx_hal_sd.c ****           tempbuff++;
 2275              		.loc 1 872 11 view .LVU821
 872:Drivers/STM32F4xx_HAL_Driver/Src/stm32f4xx_hal_sd.c ****           tempbuff++;
 2276              		.loc 1 872 31 is_stmt 0 view .LVU822
 2277 00d6 A278     		ldrb	r2, [r4, #2]	@ zero_extendqisi2
 872:Drivers/STM32F4xx_HAL_Driver/Src/stm32f4xx_hal_sd.c ****           tempbuff++;
 2278              		.loc 1 872 16 view .LVU823
 2279 00d8 43EA0243 		orr	r3, r3, r2, lsl #16
 2280 00dc 0393     		str	r3, [sp, #12]
 873:Drivers/STM32F4xx_HAL_Driver/Src/stm32f4xx_hal_sd.c ****           dataremaining--;
 2281              		.loc 1 873 11 is_stmt 1 view .LVU824
 2282              	.LVL202:
 874:Drivers/STM32F4xx_HAL_Driver/Src/stm32f4xx_hal_sd.c ****           data |= ((uint32_t)(*tempbuff) << 24U);
 2283              		.loc 1 874 11 view .LVU825
 875:Drivers/STM32F4xx_HAL_Driver/Src/stm32f4xx_hal_sd.c ****           tempbuff++;
 2284              		.loc 1 875 11 view .LVU826
 875:Drivers/STM32F4xx_HAL_Driver/Src/stm32f4xx_hal_sd.c ****           tempbuff++;
 2285              		.loc 1 875 31 is_stmt 0 view .LVU827
 2286 00de E278     		ldrb	r2, [r4, #3]	@ zero_extendqisi2
 875:Drivers/STM32F4xx_HAL_Driver/Src/stm32f4xx_hal_sd.c ****           tempbuff++;
 2287              		.loc 1 875 16 view .LVU828
 2288 00e0 43EA0263 		orr	r3, r3, r2, lsl #24
 2289 00e4 0393     		str	r3, [sp, #12]
 876:Drivers/STM32F4xx_HAL_Driver/Src/stm32f4xx_hal_sd.c ****           dataremaining--;
 2290              		.loc 1 876 11 is_stmt 1 view .LVU829
 876:Drivers/STM32F4xx_HAL_Driver/Src/stm32f4xx_hal_sd.c ****           dataremaining--;
 2291              		.loc 1 876 19 is_stmt 0 view .LVU830
 2292 00e6 0434     		adds	r4, r4, #4
 2293              	.LVL203:
 877:Drivers/STM32F4xx_HAL_Driver/Src/stm32f4xx_hal_sd.c ****           (void)SDIO_WriteFIFO(hsd->Instance, &data);
 2294              		.loc 1 877 11 is_stmt 1 view .LVU831
 877:Drivers/STM32F4xx_HAL_Driver/Src/stm32f4xx_hal_sd.c ****           (void)SDIO_WriteFIFO(hsd->Instance, &data);
 2295              		.loc 1 877 24 is_stmt 0 view .LVU832
 2296 00e8 A9F10409 		sub	r9, r9, #4
 2297              	.LVL204:
 878:Drivers/STM32F4xx_HAL_Driver/Src/stm32f4xx_hal_sd.c ****         }
 2298              		.loc 1 878 11 is_stmt 1 view .LVU833
 878:Drivers/STM32F4xx_HAL_Driver/Src/stm32f4xx_hal_sd.c ****         }
 2299              		.loc 1 878 17 is_stmt 0 view .LVU834
ARM GAS  C:\Users\40918\AppData\Local\Temp\cc5Xi7iV.s 			page 112


 2300 00ec 03A9     		add	r1, sp, #12
 2301 00ee 2868     		ldr	r0, [r5]
 2302 00f0 FFF7FEFF 		bl	SDIO_WriteFIFO
 2303              	.LVL205:
 864:Drivers/STM32F4xx_HAL_Driver/Src/stm32f4xx_hal_sd.c ****         {
 2304              		.loc 1 864 42 is_stmt 1 discriminator 3 view .LVU835
 2305 00f4 0136     		adds	r6, r6, #1
 2306              	.LVL206:
 2307              	.L144:
 864:Drivers/STM32F4xx_HAL_Driver/Src/stm32f4xx_hal_sd.c ****         {
 2308              		.loc 1 864 31 discriminator 1 view .LVU836
 2309 00f6 072E     		cmp	r6, #7
 2310 00f8 E7D9     		bls	.L145
 2311              	.LVL207:
 2312              	.L143:
 882:Drivers/STM32F4xx_HAL_Driver/Src/stm32f4xx_hal_sd.c ****       {
 2313              		.loc 1 882 7 view .LVU837
 882:Drivers/STM32F4xx_HAL_Driver/Src/stm32f4xx_hal_sd.c ****       {
 2314              		.loc 1 882 12 is_stmt 0 view .LVU838
 2315 00fa FFF7FEFF 		bl	HAL_GetTick
 2316              	.LVL208:
 882:Drivers/STM32F4xx_HAL_Driver/Src/stm32f4xx_hal_sd.c ****       {
 2317              		.loc 1 882 25 discriminator 1 view .LVU839
 2318 00fe A0EB0800 		sub	r0, r0, r8
 882:Drivers/STM32F4xx_HAL_Driver/Src/stm32f4xx_hal_sd.c ****       {
 2319              		.loc 1 882 9 discriminator 1 view .LVU840
 2320 0102 5045     		cmp	r0, r10
 2321 0104 10D2     		bcs	.L146
 882:Drivers/STM32F4xx_HAL_Driver/Src/stm32f4xx_hal_sd.c ****       {
 2322              		.loc 1 882 50 discriminator 1 view .LVU841
 2323 0106 BAF1000F 		cmp	r10, #0
 2324 010a 0DD0     		beq	.L146
 2325              	.L142:
 856:Drivers/STM32F4xx_HAL_Driver/Src/stm32f4xx_hal_sd.c **** #else /* SDIO_STA_STBITERR not defined */
 2326              		.loc 1 856 11 is_stmt 1 view .LVU842
 856:Drivers/STM32F4xx_HAL_Driver/Src/stm32f4xx_hal_sd.c **** #else /* SDIO_STA_STBITERR not defined */
 2327              		.loc 1 856 12 is_stmt 0 view .LVU843
 2328 010c 2868     		ldr	r0, [r5]
 2329 010e 466B     		ldr	r6, [r0, #52]
 2330 0110 40F21A33 		movw	r3, #794
 856:Drivers/STM32F4xx_HAL_Driver/Src/stm32f4xx_hal_sd.c **** #else /* SDIO_STA_STBITERR not defined */
 2331              		.loc 1 856 11 view .LVU844
 2332 0114 1E40     		ands	r6, r6, r3
 2333 0116 15D1     		bne	.L157
 861:Drivers/STM32F4xx_HAL_Driver/Src/stm32f4xx_hal_sd.c ****       {
 2334              		.loc 1 861 7 is_stmt 1 view .LVU845
 861:Drivers/STM32F4xx_HAL_Driver/Src/stm32f4xx_hal_sd.c ****       {
 2335              		.loc 1 861 10 is_stmt 0 view .LVU846
 2336 0118 436B     		ldr	r3, [r0, #52]
 861:Drivers/STM32F4xx_HAL_Driver/Src/stm32f4xx_hal_sd.c ****       {
 2337              		.loc 1 861 9 view .LVU847
 2338 011a 13F4804F 		tst	r3, #16384
 2339 011e ECD0     		beq	.L143
 861:Drivers/STM32F4xx_HAL_Driver/Src/stm32f4xx_hal_sd.c ****       {
 2340              		.loc 1 861 53 discriminator 1 view .LVU848
 2341 0120 B9F1000F 		cmp	r9, #0
 2342 0124 E9D0     		beq	.L143
ARM GAS  C:\Users\40918\AppData\Local\Temp\cc5Xi7iV.s 			page 113


 2343 0126 E6E7     		b	.L144
 2344              	.L146:
 885:Drivers/STM32F4xx_HAL_Driver/Src/stm32f4xx_hal_sd.c ****         hsd->ErrorCode |= errorstate;
 2345              		.loc 1 885 9 is_stmt 1 view .LVU849
 2346 0128 2B68     		ldr	r3, [r5]
 2347 012a 374A     		ldr	r2, .L160
 2348 012c 9A63     		str	r2, [r3, #56]
 886:Drivers/STM32F4xx_HAL_Driver/Src/stm32f4xx_hal_sd.c ****         hsd->State = HAL_SD_STATE_READY;
 2349              		.loc 1 886 9 view .LVU850
 886:Drivers/STM32F4xx_HAL_Driver/Src/stm32f4xx_hal_sd.c ****         hsd->State = HAL_SD_STATE_READY;
 2350              		.loc 1 886 12 is_stmt 0 view .LVU851
 2351 012e AB6B     		ldr	r3, [r5, #56]
 886:Drivers/STM32F4xx_HAL_Driver/Src/stm32f4xx_hal_sd.c ****         hsd->State = HAL_SD_STATE_READY;
 2352              		.loc 1 886 24 view .LVU852
 2353 0130 019A     		ldr	r2, [sp, #4]
 2354 0132 1343     		orrs	r3, r3, r2
 2355 0134 AB63     		str	r3, [r5, #56]
 887:Drivers/STM32F4xx_HAL_Driver/Src/stm32f4xx_hal_sd.c ****         hsd->Context = SD_CONTEXT_NONE;
 2356              		.loc 1 887 9 is_stmt 1 view .LVU853
 887:Drivers/STM32F4xx_HAL_Driver/Src/stm32f4xx_hal_sd.c ****         hsd->Context = SD_CONTEXT_NONE;
 2357              		.loc 1 887 20 is_stmt 0 view .LVU854
 2358 0136 0123     		movs	r3, #1
 2359 0138 85F83430 		strb	r3, [r5, #52]
 888:Drivers/STM32F4xx_HAL_Driver/Src/stm32f4xx_hal_sd.c ****         return HAL_TIMEOUT;
 2360              		.loc 1 888 9 is_stmt 1 view .LVU855
 888:Drivers/STM32F4xx_HAL_Driver/Src/stm32f4xx_hal_sd.c ****         return HAL_TIMEOUT;
 2361              		.loc 1 888 22 is_stmt 0 view .LVU856
 2362 013c 0023     		movs	r3, #0
 2363 013e 2B63     		str	r3, [r5, #48]
 889:Drivers/STM32F4xx_HAL_Driver/Src/stm32f4xx_hal_sd.c ****       }
 2364              		.loc 1 889 9 is_stmt 1 view .LVU857
 889:Drivers/STM32F4xx_HAL_Driver/Src/stm32f4xx_hal_sd.c ****       }
 2365              		.loc 1 889 16 is_stmt 0 view .LVU858
 2366 0140 0327     		movs	r7, #3
 2367 0142 5CE0     		b	.L135
 2368              	.L157:
 894:Drivers/STM32F4xx_HAL_Driver/Src/stm32f4xx_hal_sd.c ****     {
 2369              		.loc 1 894 5 is_stmt 1 view .LVU859
 894:Drivers/STM32F4xx_HAL_Driver/Src/stm32f4xx_hal_sd.c ****     {
 2370              		.loc 1 894 8 is_stmt 0 view .LVU860
 2371 0144 436B     		ldr	r3, [r0, #52]
 894:Drivers/STM32F4xx_HAL_Driver/Src/stm32f4xx_hal_sd.c ****     {
 2372              		.loc 1 894 7 view .LVU861
 2373 0146 13F4807F 		tst	r3, #256
 2374 014a 05D0     		beq	.L148
 894:Drivers/STM32F4xx_HAL_Driver/Src/stm32f4xx_hal_sd.c ****     {
 2375              		.loc 1 894 50 discriminator 1 view .LVU862
 2376 014c BBF1010F 		cmp	fp, #1
 2377 0150 02D9     		bls	.L148
 896:Drivers/STM32F4xx_HAL_Driver/Src/stm32f4xx_hal_sd.c ****       {
 2378              		.loc 1 896 7 is_stmt 1 view .LVU863
 896:Drivers/STM32F4xx_HAL_Driver/Src/stm32f4xx_hal_sd.c ****       {
 2379              		.loc 1 896 21 is_stmt 0 view .LVU864
 2380 0152 6B6C     		ldr	r3, [r5, #68]
 896:Drivers/STM32F4xx_HAL_Driver/Src/stm32f4xx_hal_sd.c ****       {
 2381              		.loc 1 896 9 view .LVU865
 2382 0154 032B     		cmp	r3, #3
ARM GAS  C:\Users\40918\AppData\Local\Temp\cc5Xi7iV.s 			page 114


 2383 0156 1CD1     		bne	.L158
 2384              	.LVL209:
 2385              	.L148:
 914:Drivers/STM32F4xx_HAL_Driver/Src/stm32f4xx_hal_sd.c **** #else /* SDIO_STA_STBITERR not defined */
 2386              		.loc 1 914 5 is_stmt 1 view .LVU866
 914:Drivers/STM32F4xx_HAL_Driver/Src/stm32f4xx_hal_sd.c **** #else /* SDIO_STA_STBITERR not defined */
 2387              		.loc 1 914 8 is_stmt 0 view .LVU867
 2388 0158 2B68     		ldr	r3, [r5]
 2389 015a 5A6B     		ldr	r2, [r3, #52]
 914:Drivers/STM32F4xx_HAL_Driver/Src/stm32f4xx_hal_sd.c **** #else /* SDIO_STA_STBITERR not defined */
 2390              		.loc 1 914 7 view .LVU868
 2391 015c 12F0080F 		tst	r2, #8
 2392 0160 28D1     		bne	.L149
 914:Drivers/STM32F4xx_HAL_Driver/Src/stm32f4xx_hal_sd.c **** #else /* SDIO_STA_STBITERR not defined */
 2393              		.loc 1 914 55 discriminator 1 view .LVU869
 2394 0162 5A6B     		ldr	r2, [r3, #52]
 914:Drivers/STM32F4xx_HAL_Driver/Src/stm32f4xx_hal_sd.c **** #else /* SDIO_STA_STBITERR not defined */
 2395              		.loc 1 914 51 discriminator 1 view .LVU870
 2396 0164 12F4007F 		tst	r2, #512
 2397 0168 24D1     		bne	.L149
 926:Drivers/STM32F4xx_HAL_Driver/Src/stm32f4xx_hal_sd.c ****     {
 2398              		.loc 1 926 10 is_stmt 1 view .LVU871
 926:Drivers/STM32F4xx_HAL_Driver/Src/stm32f4xx_hal_sd.c ****     {
 2399              		.loc 1 926 13 is_stmt 0 view .LVU872
 2400 016a 5A6B     		ldr	r2, [r3, #52]
 926:Drivers/STM32F4xx_HAL_Driver/Src/stm32f4xx_hal_sd.c ****     {
 2401              		.loc 1 926 12 view .LVU873
 2402 016c 12F0020F 		tst	r2, #2
 2403 0170 2CD1     		bne	.L159
 935:Drivers/STM32F4xx_HAL_Driver/Src/stm32f4xx_hal_sd.c ****     {
 2404              		.loc 1 935 10 is_stmt 1 view .LVU874
 935:Drivers/STM32F4xx_HAL_Driver/Src/stm32f4xx_hal_sd.c ****     {
 2405              		.loc 1 935 13 is_stmt 0 view .LVU875
 2406 0172 5A6B     		ldr	r2, [r3, #52]
 935:Drivers/STM32F4xx_HAL_Driver/Src/stm32f4xx_hal_sd.c ****     {
 2407              		.loc 1 935 12 view .LVU876
 2408 0174 12F0100F 		tst	r2, #16
 2409 0178 34D0     		beq	.L152
 938:Drivers/STM32F4xx_HAL_Driver/Src/stm32f4xx_hal_sd.c ****       hsd->ErrorCode |= HAL_SD_ERROR_TX_UNDERRUN;
 2410              		.loc 1 938 7 is_stmt 1 view .LVU877
 2411 017a 234A     		ldr	r2, .L160
 2412 017c 9A63     		str	r2, [r3, #56]
 939:Drivers/STM32F4xx_HAL_Driver/Src/stm32f4xx_hal_sd.c ****       hsd->State = HAL_SD_STATE_READY;
 2413              		.loc 1 939 7 view .LVU878
 939:Drivers/STM32F4xx_HAL_Driver/Src/stm32f4xx_hal_sd.c ****       hsd->State = HAL_SD_STATE_READY;
 2414              		.loc 1 939 10 is_stmt 0 view .LVU879
 2415 017e AB6B     		ldr	r3, [r5, #56]
 939:Drivers/STM32F4xx_HAL_Driver/Src/stm32f4xx_hal_sd.c ****       hsd->State = HAL_SD_STATE_READY;
 2416              		.loc 1 939 22 view .LVU880
 2417 0180 43F01003 		orr	r3, r3, #16
 2418 0184 AB63     		str	r3, [r5, #56]
 940:Drivers/STM32F4xx_HAL_Driver/Src/stm32f4xx_hal_sd.c ****       hsd->Context = SD_CONTEXT_NONE;
 2419              		.loc 1 940 7 is_stmt 1 view .LVU881
 940:Drivers/STM32F4xx_HAL_Driver/Src/stm32f4xx_hal_sd.c ****       hsd->Context = SD_CONTEXT_NONE;
 2420              		.loc 1 940 18 is_stmt 0 view .LVU882
 2421 0186 0123     		movs	r3, #1
 2422 0188 85F83430 		strb	r3, [r5, #52]
ARM GAS  C:\Users\40918\AppData\Local\Temp\cc5Xi7iV.s 			page 115


 941:Drivers/STM32F4xx_HAL_Driver/Src/stm32f4xx_hal_sd.c ****       return HAL_ERROR;
 2423              		.loc 1 941 7 is_stmt 1 view .LVU883
 941:Drivers/STM32F4xx_HAL_Driver/Src/stm32f4xx_hal_sd.c ****       return HAL_ERROR;
 2424              		.loc 1 941 20 is_stmt 0 view .LVU884
 2425 018c 0023     		movs	r3, #0
 2426 018e 2B63     		str	r3, [r5, #48]
 942:Drivers/STM32F4xx_HAL_Driver/Src/stm32f4xx_hal_sd.c ****     }
 2427              		.loc 1 942 7 is_stmt 1 view .LVU885
 942:Drivers/STM32F4xx_HAL_Driver/Src/stm32f4xx_hal_sd.c ****     }
 2428              		.loc 1 942 14 is_stmt 0 view .LVU886
 2429 0190 35E0     		b	.L135
 2430              	.LVL210:
 2431              	.L158:
 899:Drivers/STM32F4xx_HAL_Driver/Src/stm32f4xx_hal_sd.c ****         if(errorstate != HAL_SD_ERROR_NONE)
 2432              		.loc 1 899 9 is_stmt 1 view .LVU887
 899:Drivers/STM32F4xx_HAL_Driver/Src/stm32f4xx_hal_sd.c ****         if(errorstate != HAL_SD_ERROR_NONE)
 2433              		.loc 1 899 22 is_stmt 0 view .LVU888
 2434 0192 FFF7FEFF 		bl	SDMMC_CmdStopTransfer
 2435              	.LVL211:
 900:Drivers/STM32F4xx_HAL_Driver/Src/stm32f4xx_hal_sd.c ****         {
 2436              		.loc 1 900 9 is_stmt 1 view .LVU889
 900:Drivers/STM32F4xx_HAL_Driver/Src/stm32f4xx_hal_sd.c ****         {
 2437              		.loc 1 900 11 is_stmt 0 view .LVU890
 2438 0196 0346     		mov	r3, r0
 2439 0198 0028     		cmp	r0, #0
 2440 019a DDD0     		beq	.L148
 903:Drivers/STM32F4xx_HAL_Driver/Src/stm32f4xx_hal_sd.c ****           hsd->ErrorCode |= errorstate;
 2441              		.loc 1 903 11 is_stmt 1 view .LVU891
 2442 019c 2A68     		ldr	r2, [r5]
 2443 019e 1A49     		ldr	r1, .L160
 2444 01a0 9163     		str	r1, [r2, #56]
 904:Drivers/STM32F4xx_HAL_Driver/Src/stm32f4xx_hal_sd.c ****           hsd->State = HAL_SD_STATE_READY;
 2445              		.loc 1 904 11 view .LVU892
 904:Drivers/STM32F4xx_HAL_Driver/Src/stm32f4xx_hal_sd.c ****           hsd->State = HAL_SD_STATE_READY;
 2446              		.loc 1 904 14 is_stmt 0 view .LVU893
 2447 01a2 AA6B     		ldr	r2, [r5, #56]
 904:Drivers/STM32F4xx_HAL_Driver/Src/stm32f4xx_hal_sd.c ****           hsd->State = HAL_SD_STATE_READY;
 2448              		.loc 1 904 26 view .LVU894
 2449 01a4 1343     		orrs	r3, r3, r2
 2450 01a6 AB63     		str	r3, [r5, #56]
 905:Drivers/STM32F4xx_HAL_Driver/Src/stm32f4xx_hal_sd.c ****           hsd->Context = SD_CONTEXT_NONE;
 2451              		.loc 1 905 11 is_stmt 1 view .LVU895
 905:Drivers/STM32F4xx_HAL_Driver/Src/stm32f4xx_hal_sd.c ****           hsd->Context = SD_CONTEXT_NONE;
 2452              		.loc 1 905 22 is_stmt 0 view .LVU896
 2453 01a8 0123     		movs	r3, #1
 2454 01aa 85F83430 		strb	r3, [r5, #52]
 906:Drivers/STM32F4xx_HAL_Driver/Src/stm32f4xx_hal_sd.c ****           return HAL_ERROR;
 2455              		.loc 1 906 11 is_stmt 1 view .LVU897
 906:Drivers/STM32F4xx_HAL_Driver/Src/stm32f4xx_hal_sd.c ****           return HAL_ERROR;
 2456              		.loc 1 906 24 is_stmt 0 view .LVU898
 2457 01ae 0023     		movs	r3, #0
 2458 01b0 2B63     		str	r3, [r5, #48]
 907:Drivers/STM32F4xx_HAL_Driver/Src/stm32f4xx_hal_sd.c ****         }
 2459              		.loc 1 907 11 is_stmt 1 view .LVU899
 907:Drivers/STM32F4xx_HAL_Driver/Src/stm32f4xx_hal_sd.c ****         }
 2460              		.loc 1 907 18 is_stmt 0 view .LVU900
 2461 01b2 24E0     		b	.L135
ARM GAS  C:\Users\40918\AppData\Local\Temp\cc5Xi7iV.s 			page 116


 2462              	.LVL212:
 2463              	.L149:
 920:Drivers/STM32F4xx_HAL_Driver/Src/stm32f4xx_hal_sd.c ****       hsd->ErrorCode |= HAL_SD_ERROR_DATA_TIMEOUT;
 2464              		.loc 1 920 7 is_stmt 1 view .LVU901
 2465 01b4 144A     		ldr	r2, .L160
 2466 01b6 9A63     		str	r2, [r3, #56]
 921:Drivers/STM32F4xx_HAL_Driver/Src/stm32f4xx_hal_sd.c ****       hsd->State = HAL_SD_STATE_READY;
 2467              		.loc 1 921 7 view .LVU902
 921:Drivers/STM32F4xx_HAL_Driver/Src/stm32f4xx_hal_sd.c ****       hsd->State = HAL_SD_STATE_READY;
 2468              		.loc 1 921 10 is_stmt 0 view .LVU903
 2469 01b8 AB6B     		ldr	r3, [r5, #56]
 921:Drivers/STM32F4xx_HAL_Driver/Src/stm32f4xx_hal_sd.c ****       hsd->State = HAL_SD_STATE_READY;
 2470              		.loc 1 921 22 view .LVU904
 2471 01ba 43F00803 		orr	r3, r3, #8
 2472 01be AB63     		str	r3, [r5, #56]
 922:Drivers/STM32F4xx_HAL_Driver/Src/stm32f4xx_hal_sd.c ****       hsd->Context = SD_CONTEXT_NONE;
 2473              		.loc 1 922 7 is_stmt 1 view .LVU905
 922:Drivers/STM32F4xx_HAL_Driver/Src/stm32f4xx_hal_sd.c ****       hsd->Context = SD_CONTEXT_NONE;
 2474              		.loc 1 922 18 is_stmt 0 view .LVU906
 2475 01c0 0123     		movs	r3, #1
 2476 01c2 85F83430 		strb	r3, [r5, #52]
 923:Drivers/STM32F4xx_HAL_Driver/Src/stm32f4xx_hal_sd.c ****       return HAL_ERROR;
 2477              		.loc 1 923 7 is_stmt 1 view .LVU907
 923:Drivers/STM32F4xx_HAL_Driver/Src/stm32f4xx_hal_sd.c ****       return HAL_ERROR;
 2478              		.loc 1 923 20 is_stmt 0 view .LVU908
 2479 01c6 0023     		movs	r3, #0
 2480 01c8 2B63     		str	r3, [r5, #48]
 924:Drivers/STM32F4xx_HAL_Driver/Src/stm32f4xx_hal_sd.c ****     }
 2481              		.loc 1 924 7 is_stmt 1 view .LVU909
 924:Drivers/STM32F4xx_HAL_Driver/Src/stm32f4xx_hal_sd.c ****     }
 2482              		.loc 1 924 14 is_stmt 0 view .LVU910
 2483 01ca 18E0     		b	.L135
 2484              	.L159:
 929:Drivers/STM32F4xx_HAL_Driver/Src/stm32f4xx_hal_sd.c ****       hsd->ErrorCode |= HAL_SD_ERROR_DATA_CRC_FAIL;
 2485              		.loc 1 929 7 is_stmt 1 view .LVU911
 2486 01cc 0E4A     		ldr	r2, .L160
 2487 01ce 9A63     		str	r2, [r3, #56]
 930:Drivers/STM32F4xx_HAL_Driver/Src/stm32f4xx_hal_sd.c ****       hsd->State = HAL_SD_STATE_READY;
 2488              		.loc 1 930 7 view .LVU912
 930:Drivers/STM32F4xx_HAL_Driver/Src/stm32f4xx_hal_sd.c ****       hsd->State = HAL_SD_STATE_READY;
 2489              		.loc 1 930 10 is_stmt 0 view .LVU913
 2490 01d0 AB6B     		ldr	r3, [r5, #56]
 930:Drivers/STM32F4xx_HAL_Driver/Src/stm32f4xx_hal_sd.c ****       hsd->State = HAL_SD_STATE_READY;
 2491              		.loc 1 930 22 view .LVU914
 2492 01d2 43F00203 		orr	r3, r3, #2
 2493 01d6 AB63     		str	r3, [r5, #56]
 931:Drivers/STM32F4xx_HAL_Driver/Src/stm32f4xx_hal_sd.c ****       hsd->Context = SD_CONTEXT_NONE;
 2494              		.loc 1 931 7 is_stmt 1 view .LVU915
 931:Drivers/STM32F4xx_HAL_Driver/Src/stm32f4xx_hal_sd.c ****       hsd->Context = SD_CONTEXT_NONE;
 2495              		.loc 1 931 18 is_stmt 0 view .LVU916
 2496 01d8 0123     		movs	r3, #1
 2497 01da 85F83430 		strb	r3, [r5, #52]
 932:Drivers/STM32F4xx_HAL_Driver/Src/stm32f4xx_hal_sd.c ****       return HAL_ERROR;
 2498              		.loc 1 932 7 is_stmt 1 view .LVU917
 932:Drivers/STM32F4xx_HAL_Driver/Src/stm32f4xx_hal_sd.c ****       return HAL_ERROR;
 2499              		.loc 1 932 20 is_stmt 0 view .LVU918
 2500 01de 0023     		movs	r3, #0
ARM GAS  C:\Users\40918\AppData\Local\Temp\cc5Xi7iV.s 			page 117


 2501 01e0 2B63     		str	r3, [r5, #48]
 933:Drivers/STM32F4xx_HAL_Driver/Src/stm32f4xx_hal_sd.c ****     }
 2502              		.loc 1 933 7 is_stmt 1 view .LVU919
 933:Drivers/STM32F4xx_HAL_Driver/Src/stm32f4xx_hal_sd.c ****     }
 2503              		.loc 1 933 14 is_stmt 0 view .LVU920
 2504 01e2 0CE0     		b	.L135
 2505              	.L152:
 947:Drivers/STM32F4xx_HAL_Driver/Src/stm32f4xx_hal_sd.c **** 
 2506              		.loc 1 947 5 is_stmt 1 view .LVU921
 950:Drivers/STM32F4xx_HAL_Driver/Src/stm32f4xx_hal_sd.c **** 
 2507              		.loc 1 950 5 view .LVU922
 2508 01e4 40F23A52 		movw	r2, #1338
 2509 01e8 9A63     		str	r2, [r3, #56]
 952:Drivers/STM32F4xx_HAL_Driver/Src/stm32f4xx_hal_sd.c **** 
 2510              		.loc 1 952 5 view .LVU923
 952:Drivers/STM32F4xx_HAL_Driver/Src/stm32f4xx_hal_sd.c **** 
 2511              		.loc 1 952 16 is_stmt 0 view .LVU924
 2512 01ea 0123     		movs	r3, #1
 2513 01ec 85F83430 		strb	r3, [r5, #52]
 954:Drivers/STM32F4xx_HAL_Driver/Src/stm32f4xx_hal_sd.c ****   }
 2514              		.loc 1 954 5 is_stmt 1 view .LVU925
 954:Drivers/STM32F4xx_HAL_Driver/Src/stm32f4xx_hal_sd.c ****   }
 2515              		.loc 1 954 12 is_stmt 0 view .LVU926
 2516 01f0 0027     		movs	r7, #0
 2517 01f2 04E0     		b	.L135
 2518              	.LVL213:
 2519              	.L136:
 958:Drivers/STM32F4xx_HAL_Driver/Src/stm32f4xx_hal_sd.c ****     return HAL_ERROR;
 2520              		.loc 1 958 5 is_stmt 1 view .LVU927
 958:Drivers/STM32F4xx_HAL_Driver/Src/stm32f4xx_hal_sd.c ****     return HAL_ERROR;
 2521              		.loc 1 958 8 is_stmt 0 view .LVU928
 2522 01f4 AB6B     		ldr	r3, [r5, #56]
 958:Drivers/STM32F4xx_HAL_Driver/Src/stm32f4xx_hal_sd.c ****     return HAL_ERROR;
 2523              		.loc 1 958 20 view .LVU929
 2524 01f6 43F00053 		orr	r3, r3, #536870912
 2525 01fa AB63     		str	r3, [r5, #56]
 959:Drivers/STM32F4xx_HAL_Driver/Src/stm32f4xx_hal_sd.c ****   }
 2526              		.loc 1 959 5 is_stmt 1 view .LVU930
 959:Drivers/STM32F4xx_HAL_Driver/Src/stm32f4xx_hal_sd.c ****   }
 2527              		.loc 1 959 12 is_stmt 0 view .LVU931
 2528 01fc 0127     		movs	r7, #1
 2529              	.LVL214:
 2530              	.L135:
 961:Drivers/STM32F4xx_HAL_Driver/Src/stm32f4xx_hal_sd.c **** 
 2531              		.loc 1 961 1 view .LVU932
 2532 01fe 3846     		mov	r0, r7
 2533 0200 0BB0     		add	sp, sp, #44
 2534              	.LCFI34:
 2535              		.cfi_def_cfa_offset 36
 2536              		@ sp needed
 2537 0202 BDE8F08F 		pop	{r4, r5, r6, r7, r8, r9, r10, fp, pc}
 2538              	.LVL215:
 2539              	.L161:
 961:Drivers/STM32F4xx_HAL_Driver/Src/stm32f4xx_hal_sd.c **** 
 2540              		.loc 1 961 1 view .LVU933
 2541 0206 00BF     		.align	2
 2542              	.L160:
ARM GAS  C:\Users\40918\AppData\Local\Temp\cc5Xi7iV.s 			page 118


 2543 0208 FF054000 		.word	4195839
 2544              		.cfi_endproc
 2545              	.LFE245:
 2547              		.section	.text.HAL_SD_ReadBlocks_IT,"ax",%progbits
 2548              		.align	1
 2549              		.global	HAL_SD_ReadBlocks_IT
 2550              		.syntax unified
 2551              		.thumb
 2552              		.thumb_func
 2554              	HAL_SD_ReadBlocks_IT:
 2555              	.LVL216:
 2556              	.LFB246:
 977:Drivers/STM32F4xx_HAL_Driver/Src/stm32f4xx_hal_sd.c ****   SDIO_DataInitTypeDef config;
 2557              		.loc 1 977 1 is_stmt 1 view -0
 2558              		.cfi_startproc
 2559              		@ args = 0, pretend = 0, frame = 24
 2560              		@ frame_needed = 0, uses_anonymous_args = 0
 977:Drivers/STM32F4xx_HAL_Driver/Src/stm32f4xx_hal_sd.c ****   SDIO_DataInitTypeDef config;
 2561              		.loc 1 977 1 is_stmt 0 view .LVU935
 2562 0000 F0B5     		push	{r4, r5, r6, r7, lr}
 2563              	.LCFI35:
 2564              		.cfi_def_cfa_offset 20
 2565              		.cfi_offset 4, -20
 2566              		.cfi_offset 5, -16
 2567              		.cfi_offset 6, -12
 2568              		.cfi_offset 7, -8
 2569              		.cfi_offset 14, -4
 2570 0002 87B0     		sub	sp, sp, #28
 2571              	.LCFI36:
 2572              		.cfi_def_cfa_offset 48
 2573 0004 0446     		mov	r4, r0
 978:Drivers/STM32F4xx_HAL_Driver/Src/stm32f4xx_hal_sd.c ****   uint32_t errorstate;
 2574              		.loc 1 978 3 is_stmt 1 view .LVU936
 979:Drivers/STM32F4xx_HAL_Driver/Src/stm32f4xx_hal_sd.c ****   uint32_t add = BlockAdd;
 2575              		.loc 1 979 3 view .LVU937
 980:Drivers/STM32F4xx_HAL_Driver/Src/stm32f4xx_hal_sd.c **** 
 2576              		.loc 1 980 3 view .LVU938
 2577              	.LVL217:
 982:Drivers/STM32F4xx_HAL_Driver/Src/stm32f4xx_hal_sd.c ****   {
 2578              		.loc 1 982 3 view .LVU939
 982:Drivers/STM32F4xx_HAL_Driver/Src/stm32f4xx_hal_sd.c ****   {
 2579              		.loc 1 982 5 is_stmt 0 view .LVU940
 2580 0006 0029     		cmp	r1, #0
 2581 0008 46D0     		beq	.L172
 2582 000a 1646     		mov	r6, r2
 2583 000c 1F46     		mov	r7, r3
 2584 000e 0A46     		mov	r2, r1
 2585              	.LVL218:
 988:Drivers/STM32F4xx_HAL_Driver/Src/stm32f4xx_hal_sd.c ****   {
 2586              		.loc 1 988 3 is_stmt 1 view .LVU941
 988:Drivers/STM32F4xx_HAL_Driver/Src/stm32f4xx_hal_sd.c ****   {
 2587              		.loc 1 988 9 is_stmt 0 view .LVU942
 2588 0010 90F83450 		ldrb	r5, [r0, #52]	@ zero_extendqisi2
 2589 0014 EDB2     		uxtb	r5, r5
 988:Drivers/STM32F4xx_HAL_Driver/Src/stm32f4xx_hal_sd.c ****   {
 2590              		.loc 1 988 5 view .LVU943
 2591 0016 012D     		cmp	r5, #1
ARM GAS  C:\Users\40918\AppData\Local\Temp\cc5Xi7iV.s 			page 119


 2592 0018 50D1     		bne	.L169
 990:Drivers/STM32F4xx_HAL_Driver/Src/stm32f4xx_hal_sd.c **** 
 2593              		.loc 1 990 5 is_stmt 1 view .LVU944
 990:Drivers/STM32F4xx_HAL_Driver/Src/stm32f4xx_hal_sd.c **** 
 2594              		.loc 1 990 20 is_stmt 0 view .LVU945
 2595 001a 0023     		movs	r3, #0
 2596              	.LVL219:
 990:Drivers/STM32F4xx_HAL_Driver/Src/stm32f4xx_hal_sd.c **** 
 2597              		.loc 1 990 20 view .LVU946
 2598 001c 8363     		str	r3, [r0, #56]
 992:Drivers/STM32F4xx_HAL_Driver/Src/stm32f4xx_hal_sd.c ****     {
 2599              		.loc 1 992 5 is_stmt 1 view .LVU947
 992:Drivers/STM32F4xx_HAL_Driver/Src/stm32f4xx_hal_sd.c ****     {
 2600              		.loc 1 992 13 is_stmt 0 view .LVU948
 2601 001e F319     		adds	r3, r6, r7
 992:Drivers/STM32F4xx_HAL_Driver/Src/stm32f4xx_hal_sd.c ****     {
 2602              		.loc 1 992 45 view .LVU949
 2603 0020 C16D     		ldr	r1, [r0, #92]
 2604              	.LVL220:
 992:Drivers/STM32F4xx_HAL_Driver/Src/stm32f4xx_hal_sd.c ****     {
 2605              		.loc 1 992 7 view .LVU950
 2606 0022 8B42     		cmp	r3, r1
 2607 0024 3ED8     		bhi	.L173
 998:Drivers/STM32F4xx_HAL_Driver/Src/stm32f4xx_hal_sd.c **** 
 2608              		.loc 1 998 5 is_stmt 1 view .LVU951
 998:Drivers/STM32F4xx_HAL_Driver/Src/stm32f4xx_hal_sd.c **** 
 2609              		.loc 1 998 16 is_stmt 0 view .LVU952
 2610 0026 0323     		movs	r3, #3
 2611 0028 80F83430 		strb	r3, [r0, #52]
1001:Drivers/STM32F4xx_HAL_Driver/Src/stm32f4xx_hal_sd.c **** 
 2612              		.loc 1 1001 5 is_stmt 1 view .LVU953
1001:Drivers/STM32F4xx_HAL_Driver/Src/stm32f4xx_hal_sd.c **** 
 2613              		.loc 1 1001 8 is_stmt 0 view .LVU954
 2614 002c 0368     		ldr	r3, [r0]
1001:Drivers/STM32F4xx_HAL_Driver/Src/stm32f4xx_hal_sd.c **** 
 2615              		.loc 1 1001 26 view .LVU955
 2616 002e 0021     		movs	r1, #0
 2617 0030 D962     		str	r1, [r3, #44]
1003:Drivers/STM32F4xx_HAL_Driver/Src/stm32f4xx_hal_sd.c ****     hsd->RxXferSize = BLOCKSIZE * NumberOfBlocks;
 2618              		.loc 1 1003 5 is_stmt 1 view .LVU956
1003:Drivers/STM32F4xx_HAL_Driver/Src/stm32f4xx_hal_sd.c ****     hsd->RxXferSize = BLOCKSIZE * NumberOfBlocks;
 2619              		.loc 1 1003 21 is_stmt 0 view .LVU957
 2620 0032 8262     		str	r2, [r0, #40]
1004:Drivers/STM32F4xx_HAL_Driver/Src/stm32f4xx_hal_sd.c **** 
 2621              		.loc 1 1004 5 is_stmt 1 view .LVU958
1004:Drivers/STM32F4xx_HAL_Driver/Src/stm32f4xx_hal_sd.c **** 
 2622              		.loc 1 1004 33 is_stmt 0 view .LVU959
 2623 0034 7A02     		lsls	r2, r7, #9
 2624              	.LVL221:
1004:Drivers/STM32F4xx_HAL_Driver/Src/stm32f4xx_hal_sd.c **** 
 2625              		.loc 1 1004 21 view .LVU960
 2626 0036 C262     		str	r2, [r0, #44]
1007:Drivers/STM32F4xx_HAL_Driver/Src/stm32f4xx_hal_sd.c **** #else /* SDIO_STA_STBITERR not defined */
 2627              		.loc 1 1007 5 is_stmt 1 view .LVU961
 2628 0038 0168     		ldr	r1, [r0]
 2629 003a CB6B     		ldr	r3, [r1, #60]
 2630 003c 43F40343 		orr	r3, r3, #33536
ARM GAS  C:\Users\40918\AppData\Local\Temp\cc5Xi7iV.s 			page 120


 2631 0040 43F02A03 		orr	r3, r3, #42
 2632 0044 CB63     		str	r3, [r1, #60]
 2633              	.LVL222:
1012:Drivers/STM32F4xx_HAL_Driver/Src/stm32f4xx_hal_sd.c ****     {
 2634              		.loc 1 1012 5 view .LVU962
1012:Drivers/STM32F4xx_HAL_Driver/Src/stm32f4xx_hal_sd.c ****     {
 2635              		.loc 1 1012 19 is_stmt 0 view .LVU963
 2636 0046 436C     		ldr	r3, [r0, #68]
1012:Drivers/STM32F4xx_HAL_Driver/Src/stm32f4xx_hal_sd.c ****     {
 2637              		.loc 1 1012 7 view .LVU964
 2638 0048 012B     		cmp	r3, #1
 2639 004a 00D0     		beq	.L166
1014:Drivers/STM32F4xx_HAL_Driver/Src/stm32f4xx_hal_sd.c ****     }
 2640              		.loc 1 1014 7 is_stmt 1 view .LVU965
1014:Drivers/STM32F4xx_HAL_Driver/Src/stm32f4xx_hal_sd.c ****     }
 2641              		.loc 1 1014 11 is_stmt 0 view .LVU966
 2642 004c 7602     		lsls	r6, r6, #9
 2643              	.LVL223:
 2644              	.L166:
1018:Drivers/STM32F4xx_HAL_Driver/Src/stm32f4xx_hal_sd.c ****     config.DataLength    = BLOCKSIZE * NumberOfBlocks;
 2645              		.loc 1 1018 5 is_stmt 1 view .LVU967
1018:Drivers/STM32F4xx_HAL_Driver/Src/stm32f4xx_hal_sd.c ****     config.DataLength    = BLOCKSIZE * NumberOfBlocks;
 2646              		.loc 1 1018 26 is_stmt 0 view .LVU968
 2647 004e 4FF0FF33 		mov	r3, #-1
 2648 0052 0093     		str	r3, [sp]
1019:Drivers/STM32F4xx_HAL_Driver/Src/stm32f4xx_hal_sd.c ****     config.DataBlockSize = SDIO_DATABLOCK_SIZE_512B;
 2649              		.loc 1 1019 5 is_stmt 1 view .LVU969
1019:Drivers/STM32F4xx_HAL_Driver/Src/stm32f4xx_hal_sd.c ****     config.DataBlockSize = SDIO_DATABLOCK_SIZE_512B;
 2650              		.loc 1 1019 26 is_stmt 0 view .LVU970
 2651 0054 0192     		str	r2, [sp, #4]
1020:Drivers/STM32F4xx_HAL_Driver/Src/stm32f4xx_hal_sd.c ****     config.TransferDir   = SDIO_TRANSFER_DIR_TO_SDIO;
 2652              		.loc 1 1020 5 is_stmt 1 view .LVU971
1020:Drivers/STM32F4xx_HAL_Driver/Src/stm32f4xx_hal_sd.c ****     config.TransferDir   = SDIO_TRANSFER_DIR_TO_SDIO;
 2653              		.loc 1 1020 26 is_stmt 0 view .LVU972
 2654 0056 9023     		movs	r3, #144
 2655 0058 0293     		str	r3, [sp, #8]
1021:Drivers/STM32F4xx_HAL_Driver/Src/stm32f4xx_hal_sd.c ****     config.TransferMode  = SDIO_TRANSFER_MODE_BLOCK;
 2656              		.loc 1 1021 5 is_stmt 1 view .LVU973
1021:Drivers/STM32F4xx_HAL_Driver/Src/stm32f4xx_hal_sd.c ****     config.TransferMode  = SDIO_TRANSFER_MODE_BLOCK;
 2657              		.loc 1 1021 26 is_stmt 0 view .LVU974
 2658 005a 0223     		movs	r3, #2
 2659 005c 0393     		str	r3, [sp, #12]
1022:Drivers/STM32F4xx_HAL_Driver/Src/stm32f4xx_hal_sd.c ****     config.DPSM          = SDIO_DPSM_ENABLE;
 2660              		.loc 1 1022 5 is_stmt 1 view .LVU975
1022:Drivers/STM32F4xx_HAL_Driver/Src/stm32f4xx_hal_sd.c ****     config.DPSM          = SDIO_DPSM_ENABLE;
 2661              		.loc 1 1022 26 is_stmt 0 view .LVU976
 2662 005e 0023     		movs	r3, #0
 2663 0060 0493     		str	r3, [sp, #16]
1023:Drivers/STM32F4xx_HAL_Driver/Src/stm32f4xx_hal_sd.c ****     (void)SDIO_ConfigData(hsd->Instance, &config);
 2664              		.loc 1 1023 5 is_stmt 1 view .LVU977
1023:Drivers/STM32F4xx_HAL_Driver/Src/stm32f4xx_hal_sd.c ****     (void)SDIO_ConfigData(hsd->Instance, &config);
 2665              		.loc 1 1023 26 is_stmt 0 view .LVU978
 2666 0062 0123     		movs	r3, #1
 2667 0064 0593     		str	r3, [sp, #20]
1024:Drivers/STM32F4xx_HAL_Driver/Src/stm32f4xx_hal_sd.c **** 
 2668              		.loc 1 1024 5 is_stmt 1 view .LVU979
1024:Drivers/STM32F4xx_HAL_Driver/Src/stm32f4xx_hal_sd.c **** 
ARM GAS  C:\Users\40918\AppData\Local\Temp\cc5Xi7iV.s 			page 121


 2669              		.loc 1 1024 11 is_stmt 0 view .LVU980
 2670 0066 6946     		mov	r1, sp
 2671 0068 2068     		ldr	r0, [r4]
 2672              	.LVL224:
1024:Drivers/STM32F4xx_HAL_Driver/Src/stm32f4xx_hal_sd.c **** 
 2673              		.loc 1 1024 11 view .LVU981
 2674 006a FFF7FEFF 		bl	SDIO_ConfigData
 2675              	.LVL225:
1027:Drivers/STM32F4xx_HAL_Driver/Src/stm32f4xx_hal_sd.c ****     {
 2676              		.loc 1 1027 5 is_stmt 1 view .LVU982
1027:Drivers/STM32F4xx_HAL_Driver/Src/stm32f4xx_hal_sd.c ****     {
 2677              		.loc 1 1027 7 is_stmt 0 view .LVU983
 2678 006e 012F     		cmp	r7, #1
 2679 0070 1DD9     		bls	.L167
1029:Drivers/STM32F4xx_HAL_Driver/Src/stm32f4xx_hal_sd.c **** 
 2680              		.loc 1 1029 7 is_stmt 1 view .LVU984
1029:Drivers/STM32F4xx_HAL_Driver/Src/stm32f4xx_hal_sd.c **** 
 2681              		.loc 1 1029 20 is_stmt 0 view .LVU985
 2682 0072 0A23     		movs	r3, #10
 2683 0074 2363     		str	r3, [r4, #48]
1032:Drivers/STM32F4xx_HAL_Driver/Src/stm32f4xx_hal_sd.c ****     }
 2684              		.loc 1 1032 7 is_stmt 1 view .LVU986
1032:Drivers/STM32F4xx_HAL_Driver/Src/stm32f4xx_hal_sd.c ****     }
 2685              		.loc 1 1032 20 is_stmt 0 view .LVU987
 2686 0076 3146     		mov	r1, r6
 2687 0078 2068     		ldr	r0, [r4]
 2688 007a FFF7FEFF 		bl	SDMMC_CmdReadMultiBlock
 2689              	.LVL226:
 2690              	.L168:
1041:Drivers/STM32F4xx_HAL_Driver/Src/stm32f4xx_hal_sd.c ****     {
 2691              		.loc 1 1041 5 is_stmt 1 view .LVU988
1041:Drivers/STM32F4xx_HAL_Driver/Src/stm32f4xx_hal_sd.c ****     {
 2692              		.loc 1 1041 7 is_stmt 0 view .LVU989
 2693 007e 08B3     		cbz	r0, .L170
1044:Drivers/STM32F4xx_HAL_Driver/Src/stm32f4xx_hal_sd.c ****       hsd->ErrorCode |= errorstate;
 2694              		.loc 1 1044 7 is_stmt 1 view .LVU990
 2695 0080 2368     		ldr	r3, [r4]
 2696 0082 114A     		ldr	r2, .L174
 2697 0084 9A63     		str	r2, [r3, #56]
1045:Drivers/STM32F4xx_HAL_Driver/Src/stm32f4xx_hal_sd.c ****       hsd->State = HAL_SD_STATE_READY;
 2698              		.loc 1 1045 7 view .LVU991
1045:Drivers/STM32F4xx_HAL_Driver/Src/stm32f4xx_hal_sd.c ****       hsd->State = HAL_SD_STATE_READY;
 2699              		.loc 1 1045 10 is_stmt 0 view .LVU992
 2700 0086 A36B     		ldr	r3, [r4, #56]
1045:Drivers/STM32F4xx_HAL_Driver/Src/stm32f4xx_hal_sd.c ****       hsd->State = HAL_SD_STATE_READY;
 2701              		.loc 1 1045 22 view .LVU993
 2702 0088 0343     		orrs	r3, r3, r0
 2703 008a A363     		str	r3, [r4, #56]
1046:Drivers/STM32F4xx_HAL_Driver/Src/stm32f4xx_hal_sd.c ****       hsd->Context = SD_CONTEXT_NONE;
 2704              		.loc 1 1046 7 is_stmt 1 view .LVU994
1046:Drivers/STM32F4xx_HAL_Driver/Src/stm32f4xx_hal_sd.c ****       hsd->Context = SD_CONTEXT_NONE;
 2705              		.loc 1 1046 18 is_stmt 0 view .LVU995
 2706 008c 0123     		movs	r3, #1
 2707 008e 84F83430 		strb	r3, [r4, #52]
1047:Drivers/STM32F4xx_HAL_Driver/Src/stm32f4xx_hal_sd.c ****       return HAL_ERROR;
 2708              		.loc 1 1047 7 is_stmt 1 view .LVU996
1047:Drivers/STM32F4xx_HAL_Driver/Src/stm32f4xx_hal_sd.c ****       return HAL_ERROR;
ARM GAS  C:\Users\40918\AppData\Local\Temp\cc5Xi7iV.s 			page 122


 2709              		.loc 1 1047 20 is_stmt 0 view .LVU997
 2710 0092 0023     		movs	r3, #0
 2711 0094 2363     		str	r3, [r4, #48]
1048:Drivers/STM32F4xx_HAL_Driver/Src/stm32f4xx_hal_sd.c ****     }
 2712              		.loc 1 1048 7 is_stmt 1 view .LVU998
1048:Drivers/STM32F4xx_HAL_Driver/Src/stm32f4xx_hal_sd.c ****     }
 2713              		.loc 1 1048 14 is_stmt 0 view .LVU999
 2714 0096 12E0     		b	.L164
 2715              	.LVL227:
 2716              	.L172:
 984:Drivers/STM32F4xx_HAL_Driver/Src/stm32f4xx_hal_sd.c ****     return HAL_ERROR;
 2717              		.loc 1 984 5 is_stmt 1 view .LVU1000
 984:Drivers/STM32F4xx_HAL_Driver/Src/stm32f4xx_hal_sd.c ****     return HAL_ERROR;
 2718              		.loc 1 984 8 is_stmt 0 view .LVU1001
 2719 0098 836B     		ldr	r3, [r0, #56]
 2720              	.LVL228:
 984:Drivers/STM32F4xx_HAL_Driver/Src/stm32f4xx_hal_sd.c ****     return HAL_ERROR;
 2721              		.loc 1 984 20 view .LVU1002
 2722 009a 43F00063 		orr	r3, r3, #134217728
 2723 009e 8363     		str	r3, [r0, #56]
 985:Drivers/STM32F4xx_HAL_Driver/Src/stm32f4xx_hal_sd.c ****   }
 2724              		.loc 1 985 5 is_stmt 1 view .LVU1003
 985:Drivers/STM32F4xx_HAL_Driver/Src/stm32f4xx_hal_sd.c ****   }
 2725              		.loc 1 985 12 is_stmt 0 view .LVU1004
 2726 00a0 0125     		movs	r5, #1
 2727 00a2 0CE0     		b	.L164
 2728              	.LVL229:
 2729              	.L173:
 994:Drivers/STM32F4xx_HAL_Driver/Src/stm32f4xx_hal_sd.c ****       return HAL_ERROR;
 2730              		.loc 1 994 7 is_stmt 1 view .LVU1005
 994:Drivers/STM32F4xx_HAL_Driver/Src/stm32f4xx_hal_sd.c ****       return HAL_ERROR;
 2731              		.loc 1 994 10 is_stmt 0 view .LVU1006
 2732 00a4 836B     		ldr	r3, [r0, #56]
 994:Drivers/STM32F4xx_HAL_Driver/Src/stm32f4xx_hal_sd.c ****       return HAL_ERROR;
 2733              		.loc 1 994 22 view .LVU1007
 2734 00a6 43F00073 		orr	r3, r3, #33554432
 2735 00aa 8363     		str	r3, [r0, #56]
 995:Drivers/STM32F4xx_HAL_Driver/Src/stm32f4xx_hal_sd.c ****     }
 2736              		.loc 1 995 7 is_stmt 1 view .LVU1008
 995:Drivers/STM32F4xx_HAL_Driver/Src/stm32f4xx_hal_sd.c ****     }
 2737              		.loc 1 995 14 is_stmt 0 view .LVU1009
 2738 00ac 07E0     		b	.L164
 2739              	.LVL230:
 2740              	.L167:
1036:Drivers/STM32F4xx_HAL_Driver/Src/stm32f4xx_hal_sd.c **** 
 2741              		.loc 1 1036 7 is_stmt 1 view .LVU1010
1036:Drivers/STM32F4xx_HAL_Driver/Src/stm32f4xx_hal_sd.c **** 
 2742              		.loc 1 1036 20 is_stmt 0 view .LVU1011
 2743 00ae 0923     		movs	r3, #9
 2744 00b0 2363     		str	r3, [r4, #48]
1039:Drivers/STM32F4xx_HAL_Driver/Src/stm32f4xx_hal_sd.c ****     }
 2745              		.loc 1 1039 7 is_stmt 1 view .LVU1012
1039:Drivers/STM32F4xx_HAL_Driver/Src/stm32f4xx_hal_sd.c ****     }
 2746              		.loc 1 1039 20 is_stmt 0 view .LVU1013
 2747 00b2 3146     		mov	r1, r6
 2748 00b4 2068     		ldr	r0, [r4]
 2749 00b6 FFF7FEFF 		bl	SDMMC_CmdReadSingleBlock
ARM GAS  C:\Users\40918\AppData\Local\Temp\cc5Xi7iV.s 			page 123


 2750              	.LVL231:
1039:Drivers/STM32F4xx_HAL_Driver/Src/stm32f4xx_hal_sd.c ****     }
 2751              		.loc 1 1039 20 view .LVU1014
 2752 00ba E0E7     		b	.L168
 2753              	.LVL232:
 2754              	.L169:
1055:Drivers/STM32F4xx_HAL_Driver/Src/stm32f4xx_hal_sd.c ****   }
 2755              		.loc 1 1055 12 view .LVU1015
 2756 00bc 0225     		movs	r5, #2
 2757              	.LVL233:
 2758              	.L164:
1057:Drivers/STM32F4xx_HAL_Driver/Src/stm32f4xx_hal_sd.c **** 
 2759              		.loc 1 1057 1 view .LVU1016
 2760 00be 2846     		mov	r0, r5
 2761 00c0 07B0     		add	sp, sp, #28
 2762              	.LCFI37:
 2763              		.cfi_remember_state
 2764              		.cfi_def_cfa_offset 20
 2765              		@ sp needed
 2766 00c2 F0BD     		pop	{r4, r5, r6, r7, pc}
 2767              	.LVL234:
 2768              	.L170:
 2769              	.LCFI38:
 2770              		.cfi_restore_state
1051:Drivers/STM32F4xx_HAL_Driver/Src/stm32f4xx_hal_sd.c ****   }
 2771              		.loc 1 1051 12 view .LVU1017
 2772 00c4 0025     		movs	r5, #0
 2773 00c6 FAE7     		b	.L164
 2774              	.L175:
 2775              		.align	2
 2776              	.L174:
 2777 00c8 FF054000 		.word	4195839
 2778              		.cfi_endproc
 2779              	.LFE246:
 2781              		.section	.text.HAL_SD_WriteBlocks_IT,"ax",%progbits
 2782              		.align	1
 2783              		.global	HAL_SD_WriteBlocks_IT
 2784              		.syntax unified
 2785              		.thumb
 2786              		.thumb_func
 2788              	HAL_SD_WriteBlocks_IT:
 2789              	.LVL235:
 2790              	.LFB247:
1073:Drivers/STM32F4xx_HAL_Driver/Src/stm32f4xx_hal_sd.c ****   SDIO_DataInitTypeDef config;
 2791              		.loc 1 1073 1 is_stmt 1 view -0
 2792              		.cfi_startproc
 2793              		@ args = 0, pretend = 0, frame = 24
 2794              		@ frame_needed = 0, uses_anonymous_args = 0
1073:Drivers/STM32F4xx_HAL_Driver/Src/stm32f4xx_hal_sd.c ****   SDIO_DataInitTypeDef config;
 2795              		.loc 1 1073 1 is_stmt 0 view .LVU1019
 2796 0000 70B5     		push	{r4, r5, r6, lr}
 2797              	.LCFI39:
 2798              		.cfi_def_cfa_offset 16
 2799              		.cfi_offset 4, -16
 2800              		.cfi_offset 5, -12
 2801              		.cfi_offset 6, -8
 2802              		.cfi_offset 14, -4
ARM GAS  C:\Users\40918\AppData\Local\Temp\cc5Xi7iV.s 			page 124


 2803 0002 86B0     		sub	sp, sp, #24
 2804              	.LCFI40:
 2805              		.cfi_def_cfa_offset 40
 2806 0004 0446     		mov	r4, r0
1074:Drivers/STM32F4xx_HAL_Driver/Src/stm32f4xx_hal_sd.c ****   uint32_t errorstate;
 2807              		.loc 1 1074 3 is_stmt 1 view .LVU1020
1075:Drivers/STM32F4xx_HAL_Driver/Src/stm32f4xx_hal_sd.c ****   uint32_t add = BlockAdd;
 2808              		.loc 1 1075 3 view .LVU1021
1076:Drivers/STM32F4xx_HAL_Driver/Src/stm32f4xx_hal_sd.c **** 
 2809              		.loc 1 1076 3 view .LVU1022
 2810              	.LVL236:
1078:Drivers/STM32F4xx_HAL_Driver/Src/stm32f4xx_hal_sd.c ****   {
 2811              		.loc 1 1078 3 view .LVU1023
1078:Drivers/STM32F4xx_HAL_Driver/Src/stm32f4xx_hal_sd.c ****   {
 2812              		.loc 1 1078 5 is_stmt 0 view .LVU1024
 2813 0006 0029     		cmp	r1, #0
 2814 0008 34D0     		beq	.L186
 2815 000a 0846     		mov	r0, r1
 2816              	.LVL237:
1084:Drivers/STM32F4xx_HAL_Driver/Src/stm32f4xx_hal_sd.c ****   {
 2817              		.loc 1 1084 3 is_stmt 1 view .LVU1025
1084:Drivers/STM32F4xx_HAL_Driver/Src/stm32f4xx_hal_sd.c ****   {
 2818              		.loc 1 1084 9 is_stmt 0 view .LVU1026
 2819 000c 94F83450 		ldrb	r5, [r4, #52]	@ zero_extendqisi2
 2820 0010 EDB2     		uxtb	r5, r5
1084:Drivers/STM32F4xx_HAL_Driver/Src/stm32f4xx_hal_sd.c ****   {
 2821              		.loc 1 1084 5 view .LVU1027
 2822 0012 012D     		cmp	r5, #1
 2823 0014 50D1     		bne	.L184
1086:Drivers/STM32F4xx_HAL_Driver/Src/stm32f4xx_hal_sd.c **** 
 2824              		.loc 1 1086 5 is_stmt 1 view .LVU1028
1086:Drivers/STM32F4xx_HAL_Driver/Src/stm32f4xx_hal_sd.c **** 
 2825              		.loc 1 1086 20 is_stmt 0 view .LVU1029
 2826 0016 0021     		movs	r1, #0
 2827              	.LVL238:
1086:Drivers/STM32F4xx_HAL_Driver/Src/stm32f4xx_hal_sd.c **** 
 2828              		.loc 1 1086 20 view .LVU1030
 2829 0018 A163     		str	r1, [r4, #56]
1088:Drivers/STM32F4xx_HAL_Driver/Src/stm32f4xx_hal_sd.c ****     {
 2830              		.loc 1 1088 5 is_stmt 1 view .LVU1031
1088:Drivers/STM32F4xx_HAL_Driver/Src/stm32f4xx_hal_sd.c ****     {
 2831              		.loc 1 1088 13 is_stmt 0 view .LVU1032
 2832 001a D118     		adds	r1, r2, r3
1088:Drivers/STM32F4xx_HAL_Driver/Src/stm32f4xx_hal_sd.c ****     {
 2833              		.loc 1 1088 45 view .LVU1033
 2834 001c E66D     		ldr	r6, [r4, #92]
1088:Drivers/STM32F4xx_HAL_Driver/Src/stm32f4xx_hal_sd.c ****     {
 2835              		.loc 1 1088 7 view .LVU1034
 2836 001e B142     		cmp	r1, r6
 2837 0020 2ED8     		bhi	.L187
1094:Drivers/STM32F4xx_HAL_Driver/Src/stm32f4xx_hal_sd.c **** 
 2838              		.loc 1 1094 5 is_stmt 1 view .LVU1035
1094:Drivers/STM32F4xx_HAL_Driver/Src/stm32f4xx_hal_sd.c **** 
 2839              		.loc 1 1094 16 is_stmt 0 view .LVU1036
 2840 0022 0321     		movs	r1, #3
 2841 0024 84F83410 		strb	r1, [r4, #52]
1097:Drivers/STM32F4xx_HAL_Driver/Src/stm32f4xx_hal_sd.c **** 
ARM GAS  C:\Users\40918\AppData\Local\Temp\cc5Xi7iV.s 			page 125


 2842              		.loc 1 1097 5 is_stmt 1 view .LVU1037
1097:Drivers/STM32F4xx_HAL_Driver/Src/stm32f4xx_hal_sd.c **** 
 2843              		.loc 1 1097 8 is_stmt 0 view .LVU1038
 2844 0028 2168     		ldr	r1, [r4]
1097:Drivers/STM32F4xx_HAL_Driver/Src/stm32f4xx_hal_sd.c **** 
 2845              		.loc 1 1097 26 view .LVU1039
 2846 002a 0026     		movs	r6, #0
 2847 002c CE62     		str	r6, [r1, #44]
1099:Drivers/STM32F4xx_HAL_Driver/Src/stm32f4xx_hal_sd.c ****     hsd->TxXferSize = BLOCKSIZE * NumberOfBlocks;
 2848              		.loc 1 1099 5 is_stmt 1 view .LVU1040
1099:Drivers/STM32F4xx_HAL_Driver/Src/stm32f4xx_hal_sd.c ****     hsd->TxXferSize = BLOCKSIZE * NumberOfBlocks;
 2849              		.loc 1 1099 21 is_stmt 0 view .LVU1041
 2850 002e 2062     		str	r0, [r4, #32]
1100:Drivers/STM32F4xx_HAL_Driver/Src/stm32f4xx_hal_sd.c **** 
 2851              		.loc 1 1100 5 is_stmt 1 view .LVU1042
1100:Drivers/STM32F4xx_HAL_Driver/Src/stm32f4xx_hal_sd.c **** 
 2852              		.loc 1 1100 33 is_stmt 0 view .LVU1043
 2853 0030 5E02     		lsls	r6, r3, #9
1100:Drivers/STM32F4xx_HAL_Driver/Src/stm32f4xx_hal_sd.c **** 
 2854              		.loc 1 1100 21 view .LVU1044
 2855 0032 6662     		str	r6, [r4, #36]
1104:Drivers/STM32F4xx_HAL_Driver/Src/stm32f4xx_hal_sd.c **** #else /* SDIO_STA_STBITERR not defined */
 2856              		.loc 1 1104 5 is_stmt 1 view .LVU1045
 2857 0034 2068     		ldr	r0, [r4]
 2858              	.LVL239:
1104:Drivers/STM32F4xx_HAL_Driver/Src/stm32f4xx_hal_sd.c **** #else /* SDIO_STA_STBITERR not defined */
 2859              		.loc 1 1104 5 is_stmt 0 view .LVU1046
 2860 0036 C16B     		ldr	r1, [r0, #60]
 2861 0038 41F48641 		orr	r1, r1, #17152
 2862 003c 41F01A01 		orr	r1, r1, #26
 2863 0040 C163     		str	r1, [r0, #60]
 2864              	.LVL240:
1109:Drivers/STM32F4xx_HAL_Driver/Src/stm32f4xx_hal_sd.c ****     {
 2865              		.loc 1 1109 5 is_stmt 1 view .LVU1047
1109:Drivers/STM32F4xx_HAL_Driver/Src/stm32f4xx_hal_sd.c ****     {
 2866              		.loc 1 1109 19 is_stmt 0 view .LVU1048
 2867 0042 616C     		ldr	r1, [r4, #68]
1109:Drivers/STM32F4xx_HAL_Driver/Src/stm32f4xx_hal_sd.c ****     {
 2868              		.loc 1 1109 7 view .LVU1049
 2869 0044 0129     		cmp	r1, #1
 2870 0046 00D0     		beq	.L180
1111:Drivers/STM32F4xx_HAL_Driver/Src/stm32f4xx_hal_sd.c ****     }
 2871              		.loc 1 1111 7 is_stmt 1 view .LVU1050
1111:Drivers/STM32F4xx_HAL_Driver/Src/stm32f4xx_hal_sd.c ****     }
 2872              		.loc 1 1111 11 is_stmt 0 view .LVU1051
 2873 0048 5202     		lsls	r2, r2, #9
 2874              	.LVL241:
 2875              	.L180:
1115:Drivers/STM32F4xx_HAL_Driver/Src/stm32f4xx_hal_sd.c ****     {
 2876              		.loc 1 1115 5 is_stmt 1 view .LVU1052
1115:Drivers/STM32F4xx_HAL_Driver/Src/stm32f4xx_hal_sd.c ****     {
 2877              		.loc 1 1115 7 is_stmt 0 view .LVU1053
 2878 004a 012B     		cmp	r3, #1
 2879 004c 1DD9     		bls	.L181
1117:Drivers/STM32F4xx_HAL_Driver/Src/stm32f4xx_hal_sd.c **** 
 2880              		.loc 1 1117 7 is_stmt 1 view .LVU1054
1117:Drivers/STM32F4xx_HAL_Driver/Src/stm32f4xx_hal_sd.c **** 
ARM GAS  C:\Users\40918\AppData\Local\Temp\cc5Xi7iV.s 			page 126


 2881              		.loc 1 1117 20 is_stmt 0 view .LVU1055
 2882 004e 2823     		movs	r3, #40
 2883              	.LVL242:
1117:Drivers/STM32F4xx_HAL_Driver/Src/stm32f4xx_hal_sd.c **** 
 2884              		.loc 1 1117 20 view .LVU1056
 2885 0050 2363     		str	r3, [r4, #48]
1120:Drivers/STM32F4xx_HAL_Driver/Src/stm32f4xx_hal_sd.c ****     }
 2886              		.loc 1 1120 7 is_stmt 1 view .LVU1057
1120:Drivers/STM32F4xx_HAL_Driver/Src/stm32f4xx_hal_sd.c ****     }
 2887              		.loc 1 1120 20 is_stmt 0 view .LVU1058
 2888 0052 1146     		mov	r1, r2
 2889 0054 2068     		ldr	r0, [r4]
 2890 0056 FFF7FEFF 		bl	SDMMC_CmdWriteMultiBlock
 2891              	.LVL243:
 2892              	.L182:
1129:Drivers/STM32F4xx_HAL_Driver/Src/stm32f4xx_hal_sd.c ****     {
 2893              		.loc 1 1129 5 is_stmt 1 view .LVU1059
1129:Drivers/STM32F4xx_HAL_Driver/Src/stm32f4xx_hal_sd.c ****     {
 2894              		.loc 1 1129 7 is_stmt 0 view .LVU1060
 2895 005a E8B1     		cbz	r0, .L183
1132:Drivers/STM32F4xx_HAL_Driver/Src/stm32f4xx_hal_sd.c ****       hsd->ErrorCode |= errorstate;
 2896              		.loc 1 1132 7 is_stmt 1 view .LVU1061
 2897 005c 2368     		ldr	r3, [r4]
 2898 005e 184A     		ldr	r2, .L188
 2899 0060 9A63     		str	r2, [r3, #56]
1133:Drivers/STM32F4xx_HAL_Driver/Src/stm32f4xx_hal_sd.c ****       hsd->State = HAL_SD_STATE_READY;
 2900              		.loc 1 1133 7 view .LVU1062
1133:Drivers/STM32F4xx_HAL_Driver/Src/stm32f4xx_hal_sd.c ****       hsd->State = HAL_SD_STATE_READY;
 2901              		.loc 1 1133 10 is_stmt 0 view .LVU1063
 2902 0062 A36B     		ldr	r3, [r4, #56]
1133:Drivers/STM32F4xx_HAL_Driver/Src/stm32f4xx_hal_sd.c ****       hsd->State = HAL_SD_STATE_READY;
 2903              		.loc 1 1133 22 view .LVU1064
 2904 0064 0343     		orrs	r3, r3, r0
 2905 0066 A363     		str	r3, [r4, #56]
1134:Drivers/STM32F4xx_HAL_Driver/Src/stm32f4xx_hal_sd.c ****       hsd->Context = SD_CONTEXT_NONE;
 2906              		.loc 1 1134 7 is_stmt 1 view .LVU1065
1134:Drivers/STM32F4xx_HAL_Driver/Src/stm32f4xx_hal_sd.c ****       hsd->Context = SD_CONTEXT_NONE;
 2907              		.loc 1 1134 18 is_stmt 0 view .LVU1066
 2908 0068 0123     		movs	r3, #1
 2909 006a 84F83430 		strb	r3, [r4, #52]
1135:Drivers/STM32F4xx_HAL_Driver/Src/stm32f4xx_hal_sd.c ****       return HAL_ERROR;
 2910              		.loc 1 1135 7 is_stmt 1 view .LVU1067
1135:Drivers/STM32F4xx_HAL_Driver/Src/stm32f4xx_hal_sd.c ****       return HAL_ERROR;
 2911              		.loc 1 1135 20 is_stmt 0 view .LVU1068
 2912 006e 0023     		movs	r3, #0
 2913 0070 2363     		str	r3, [r4, #48]
1136:Drivers/STM32F4xx_HAL_Driver/Src/stm32f4xx_hal_sd.c ****     }
 2914              		.loc 1 1136 7 is_stmt 1 view .LVU1069
1136:Drivers/STM32F4xx_HAL_Driver/Src/stm32f4xx_hal_sd.c ****     }
 2915              		.loc 1 1136 14 is_stmt 0 view .LVU1070
 2916 0072 22E0     		b	.L178
 2917              	.LVL244:
 2918              	.L186:
1080:Drivers/STM32F4xx_HAL_Driver/Src/stm32f4xx_hal_sd.c ****     return HAL_ERROR;
 2919              		.loc 1 1080 5 is_stmt 1 view .LVU1071
1080:Drivers/STM32F4xx_HAL_Driver/Src/stm32f4xx_hal_sd.c ****     return HAL_ERROR;
 2920              		.loc 1 1080 8 is_stmt 0 view .LVU1072
ARM GAS  C:\Users\40918\AppData\Local\Temp\cc5Xi7iV.s 			page 127


 2921 0074 836B     		ldr	r3, [r0, #56]
 2922              	.LVL245:
1080:Drivers/STM32F4xx_HAL_Driver/Src/stm32f4xx_hal_sd.c ****     return HAL_ERROR;
 2923              		.loc 1 1080 20 view .LVU1073
 2924 0076 43F00063 		orr	r3, r3, #134217728
 2925 007a 8363     		str	r3, [r0, #56]
1081:Drivers/STM32F4xx_HAL_Driver/Src/stm32f4xx_hal_sd.c ****   }
 2926              		.loc 1 1081 5 is_stmt 1 view .LVU1074
1081:Drivers/STM32F4xx_HAL_Driver/Src/stm32f4xx_hal_sd.c ****   }
 2927              		.loc 1 1081 12 is_stmt 0 view .LVU1075
 2928 007c 0125     		movs	r5, #1
 2929 007e 1CE0     		b	.L178
 2930              	.LVL246:
 2931              	.L187:
1090:Drivers/STM32F4xx_HAL_Driver/Src/stm32f4xx_hal_sd.c ****       return HAL_ERROR;
 2932              		.loc 1 1090 7 is_stmt 1 view .LVU1076
1090:Drivers/STM32F4xx_HAL_Driver/Src/stm32f4xx_hal_sd.c ****       return HAL_ERROR;
 2933              		.loc 1 1090 10 is_stmt 0 view .LVU1077
 2934 0080 A36B     		ldr	r3, [r4, #56]
 2935              	.LVL247:
1090:Drivers/STM32F4xx_HAL_Driver/Src/stm32f4xx_hal_sd.c ****       return HAL_ERROR;
 2936              		.loc 1 1090 22 view .LVU1078
 2937 0082 43F00073 		orr	r3, r3, #33554432
 2938 0086 A363     		str	r3, [r4, #56]
1091:Drivers/STM32F4xx_HAL_Driver/Src/stm32f4xx_hal_sd.c ****     }
 2939              		.loc 1 1091 7 is_stmt 1 view .LVU1079
1091:Drivers/STM32F4xx_HAL_Driver/Src/stm32f4xx_hal_sd.c ****     }
 2940              		.loc 1 1091 14 is_stmt 0 view .LVU1080
 2941 0088 17E0     		b	.L178
 2942              	.LVL248:
 2943              	.L181:
1124:Drivers/STM32F4xx_HAL_Driver/Src/stm32f4xx_hal_sd.c **** 
 2944              		.loc 1 1124 7 is_stmt 1 view .LVU1081
1124:Drivers/STM32F4xx_HAL_Driver/Src/stm32f4xx_hal_sd.c **** 
 2945              		.loc 1 1124 20 is_stmt 0 view .LVU1082
 2946 008a 1823     		movs	r3, #24
 2947              	.LVL249:
1124:Drivers/STM32F4xx_HAL_Driver/Src/stm32f4xx_hal_sd.c **** 
 2948              		.loc 1 1124 20 view .LVU1083
 2949 008c 2363     		str	r3, [r4, #48]
1127:Drivers/STM32F4xx_HAL_Driver/Src/stm32f4xx_hal_sd.c ****     }
 2950              		.loc 1 1127 7 is_stmt 1 view .LVU1084
1127:Drivers/STM32F4xx_HAL_Driver/Src/stm32f4xx_hal_sd.c ****     }
 2951              		.loc 1 1127 20 is_stmt 0 view .LVU1085
 2952 008e 1146     		mov	r1, r2
 2953 0090 2068     		ldr	r0, [r4]
 2954 0092 FFF7FEFF 		bl	SDMMC_CmdWriteSingleBlock
 2955              	.LVL250:
1127:Drivers/STM32F4xx_HAL_Driver/Src/stm32f4xx_hal_sd.c ****     }
 2956              		.loc 1 1127 20 view .LVU1086
 2957 0096 E0E7     		b	.L182
 2958              	.L183:
1140:Drivers/STM32F4xx_HAL_Driver/Src/stm32f4xx_hal_sd.c ****     config.DataLength    = BLOCKSIZE * NumberOfBlocks;
 2959              		.loc 1 1140 5 is_stmt 1 view .LVU1087
1140:Drivers/STM32F4xx_HAL_Driver/Src/stm32f4xx_hal_sd.c ****     config.DataLength    = BLOCKSIZE * NumberOfBlocks;
 2960              		.loc 1 1140 26 is_stmt 0 view .LVU1088
 2961 0098 4FF0FF33 		mov	r3, #-1
ARM GAS  C:\Users\40918\AppData\Local\Temp\cc5Xi7iV.s 			page 128


 2962 009c 0093     		str	r3, [sp]
1141:Drivers/STM32F4xx_HAL_Driver/Src/stm32f4xx_hal_sd.c ****     config.DataBlockSize = SDIO_DATABLOCK_SIZE_512B;
 2963              		.loc 1 1141 5 is_stmt 1 view .LVU1089
1141:Drivers/STM32F4xx_HAL_Driver/Src/stm32f4xx_hal_sd.c ****     config.DataBlockSize = SDIO_DATABLOCK_SIZE_512B;
 2964              		.loc 1 1141 26 is_stmt 0 view .LVU1090
 2965 009e 0196     		str	r6, [sp, #4]
1142:Drivers/STM32F4xx_HAL_Driver/Src/stm32f4xx_hal_sd.c ****     config.TransferDir   = SDIO_TRANSFER_DIR_TO_CARD;
 2966              		.loc 1 1142 5 is_stmt 1 view .LVU1091
1142:Drivers/STM32F4xx_HAL_Driver/Src/stm32f4xx_hal_sd.c ****     config.TransferDir   = SDIO_TRANSFER_DIR_TO_CARD;
 2967              		.loc 1 1142 26 is_stmt 0 view .LVU1092
 2968 00a0 9023     		movs	r3, #144
 2969 00a2 0293     		str	r3, [sp, #8]
1143:Drivers/STM32F4xx_HAL_Driver/Src/stm32f4xx_hal_sd.c ****     config.TransferMode  = SDIO_TRANSFER_MODE_BLOCK;
 2970              		.loc 1 1143 5 is_stmt 1 view .LVU1093
1143:Drivers/STM32F4xx_HAL_Driver/Src/stm32f4xx_hal_sd.c ****     config.TransferMode  = SDIO_TRANSFER_MODE_BLOCK;
 2971              		.loc 1 1143 26 is_stmt 0 view .LVU1094
 2972 00a4 0025     		movs	r5, #0
 2973 00a6 0395     		str	r5, [sp, #12]
1144:Drivers/STM32F4xx_HAL_Driver/Src/stm32f4xx_hal_sd.c ****     config.DPSM          = SDIO_DPSM_ENABLE;
 2974              		.loc 1 1144 5 is_stmt 1 view .LVU1095
1144:Drivers/STM32F4xx_HAL_Driver/Src/stm32f4xx_hal_sd.c ****     config.DPSM          = SDIO_DPSM_ENABLE;
 2975              		.loc 1 1144 26 is_stmt 0 view .LVU1096
 2976 00a8 0495     		str	r5, [sp, #16]
1145:Drivers/STM32F4xx_HAL_Driver/Src/stm32f4xx_hal_sd.c ****     (void)SDIO_ConfigData(hsd->Instance, &config);
 2977              		.loc 1 1145 5 is_stmt 1 view .LVU1097
1145:Drivers/STM32F4xx_HAL_Driver/Src/stm32f4xx_hal_sd.c ****     (void)SDIO_ConfigData(hsd->Instance, &config);
 2978              		.loc 1 1145 26 is_stmt 0 view .LVU1098
 2979 00aa 0123     		movs	r3, #1
 2980 00ac 0593     		str	r3, [sp, #20]
1146:Drivers/STM32F4xx_HAL_Driver/Src/stm32f4xx_hal_sd.c **** 
 2981              		.loc 1 1146 5 is_stmt 1 view .LVU1099
1146:Drivers/STM32F4xx_HAL_Driver/Src/stm32f4xx_hal_sd.c **** 
 2982              		.loc 1 1146 11 is_stmt 0 view .LVU1100
 2983 00ae 6946     		mov	r1, sp
 2984 00b0 2068     		ldr	r0, [r4]
 2985              	.LVL251:
1146:Drivers/STM32F4xx_HAL_Driver/Src/stm32f4xx_hal_sd.c **** 
 2986              		.loc 1 1146 11 view .LVU1101
 2987 00b2 FFF7FEFF 		bl	SDIO_ConfigData
 2988              	.LVL252:
1148:Drivers/STM32F4xx_HAL_Driver/Src/stm32f4xx_hal_sd.c ****   }
 2989              		.loc 1 1148 5 is_stmt 1 view .LVU1102
1148:Drivers/STM32F4xx_HAL_Driver/Src/stm32f4xx_hal_sd.c ****   }
 2990              		.loc 1 1148 12 is_stmt 0 view .LVU1103
 2991 00b6 00E0     		b	.L178
 2992              	.LVL253:
 2993              	.L184:
1152:Drivers/STM32F4xx_HAL_Driver/Src/stm32f4xx_hal_sd.c ****   }
 2994              		.loc 1 1152 12 view .LVU1104
 2995 00b8 0225     		movs	r5, #2
 2996              	.LVL254:
 2997              	.L178:
1154:Drivers/STM32F4xx_HAL_Driver/Src/stm32f4xx_hal_sd.c **** 
 2998              		.loc 1 1154 1 view .LVU1105
 2999 00ba 2846     		mov	r0, r5
 3000 00bc 06B0     		add	sp, sp, #24
 3001              	.LCFI41:
ARM GAS  C:\Users\40918\AppData\Local\Temp\cc5Xi7iV.s 			page 129


 3002              		.cfi_def_cfa_offset 16
 3003              		@ sp needed
 3004 00be 70BD     		pop	{r4, r5, r6, pc}
 3005              	.LVL255:
 3006              	.L189:
1154:Drivers/STM32F4xx_HAL_Driver/Src/stm32f4xx_hal_sd.c **** 
 3007              		.loc 1 1154 1 view .LVU1106
 3008              		.align	2
 3009              	.L188:
 3010 00c0 FF054000 		.word	4195839
 3011              		.cfi_endproc
 3012              	.LFE247:
 3014              		.section	.text.HAL_SD_ReadBlocks_DMA,"ax",%progbits
 3015              		.align	1
 3016              		.global	HAL_SD_ReadBlocks_DMA
 3017              		.syntax unified
 3018              		.thumb
 3019              		.thumb_func
 3021              	HAL_SD_ReadBlocks_DMA:
 3022              	.LVL256:
 3023              	.LFB248:
1170:Drivers/STM32F4xx_HAL_Driver/Src/stm32f4xx_hal_sd.c ****   SDIO_DataInitTypeDef config;
 3024              		.loc 1 1170 1 is_stmt 1 view -0
 3025              		.cfi_startproc
 3026              		@ args = 0, pretend = 0, frame = 24
 3027              		@ frame_needed = 0, uses_anonymous_args = 0
1170:Drivers/STM32F4xx_HAL_Driver/Src/stm32f4xx_hal_sd.c ****   SDIO_DataInitTypeDef config;
 3028              		.loc 1 1170 1 is_stmt 0 view .LVU1108
 3029 0000 2DE9F043 		push	{r4, r5, r6, r7, r8, r9, lr}
 3030              	.LCFI42:
 3031              		.cfi_def_cfa_offset 28
 3032              		.cfi_offset 4, -28
 3033              		.cfi_offset 5, -24
 3034              		.cfi_offset 6, -20
 3035              		.cfi_offset 7, -16
 3036              		.cfi_offset 8, -12
 3037              		.cfi_offset 9, -8
 3038              		.cfi_offset 14, -4
 3039 0004 87B0     		sub	sp, sp, #28
 3040              	.LCFI43:
 3041              		.cfi_def_cfa_offset 56
 3042 0006 0446     		mov	r4, r0
1171:Drivers/STM32F4xx_HAL_Driver/Src/stm32f4xx_hal_sd.c ****   uint32_t errorstate;
 3043              		.loc 1 1171 3 is_stmt 1 view .LVU1109
1172:Drivers/STM32F4xx_HAL_Driver/Src/stm32f4xx_hal_sd.c ****   uint32_t add = BlockAdd;
 3044              		.loc 1 1172 3 view .LVU1110
1173:Drivers/STM32F4xx_HAL_Driver/Src/stm32f4xx_hal_sd.c **** 
 3045              		.loc 1 1173 3 view .LVU1111
 3046              	.LVL257:
1175:Drivers/STM32F4xx_HAL_Driver/Src/stm32f4xx_hal_sd.c ****   {
 3047              		.loc 1 1175 3 view .LVU1112
1175:Drivers/STM32F4xx_HAL_Driver/Src/stm32f4xx_hal_sd.c ****   {
 3048              		.loc 1 1175 5 is_stmt 0 view .LVU1113
 3049 0008 91B1     		cbz	r1, .L201
 3050 000a 1646     		mov	r6, r2
 3051 000c 1F46     		mov	r7, r3
 3052 000e 0A46     		mov	r2, r1
ARM GAS  C:\Users\40918\AppData\Local\Temp\cc5Xi7iV.s 			page 130


 3053              	.LVL258:
1181:Drivers/STM32F4xx_HAL_Driver/Src/stm32f4xx_hal_sd.c ****   {
 3054              		.loc 1 1181 3 is_stmt 1 view .LVU1114
1181:Drivers/STM32F4xx_HAL_Driver/Src/stm32f4xx_hal_sd.c ****   {
 3055              		.loc 1 1181 9 is_stmt 0 view .LVU1115
 3056 0010 90F83450 		ldrb	r5, [r0, #52]	@ zero_extendqisi2
 3057 0014 EDB2     		uxtb	r5, r5
1181:Drivers/STM32F4xx_HAL_Driver/Src/stm32f4xx_hal_sd.c ****   {
 3058              		.loc 1 1181 5 view .LVU1116
 3059 0016 012D     		cmp	r5, #1
 3060 0018 7FD1     		bne	.L198
1183:Drivers/STM32F4xx_HAL_Driver/Src/stm32f4xx_hal_sd.c **** 
 3061              		.loc 1 1183 5 is_stmt 1 view .LVU1117
1183:Drivers/STM32F4xx_HAL_Driver/Src/stm32f4xx_hal_sd.c **** 
 3062              		.loc 1 1183 20 is_stmt 0 view .LVU1118
 3063 001a 0023     		movs	r3, #0
 3064              	.LVL259:
1183:Drivers/STM32F4xx_HAL_Driver/Src/stm32f4xx_hal_sd.c **** 
 3065              		.loc 1 1183 20 view .LVU1119
 3066 001c 8363     		str	r3, [r0, #56]
1185:Drivers/STM32F4xx_HAL_Driver/Src/stm32f4xx_hal_sd.c ****     {
 3067              		.loc 1 1185 5 is_stmt 1 view .LVU1120
1185:Drivers/STM32F4xx_HAL_Driver/Src/stm32f4xx_hal_sd.c ****     {
 3068              		.loc 1 1185 13 is_stmt 0 view .LVU1121
 3069 001e F019     		adds	r0, r6, r7
 3070              	.LVL260:
1185:Drivers/STM32F4xx_HAL_Driver/Src/stm32f4xx_hal_sd.c ****     {
 3071              		.loc 1 1185 45 view .LVU1122
 3072 0020 E36D     		ldr	r3, [r4, #92]
1185:Drivers/STM32F4xx_HAL_Driver/Src/stm32f4xx_hal_sd.c ****     {
 3073              		.loc 1 1185 7 view .LVU1123
 3074 0022 9842     		cmp	r0, r3
 3075 0024 0AD9     		bls	.L193
1187:Drivers/STM32F4xx_HAL_Driver/Src/stm32f4xx_hal_sd.c ****       return HAL_ERROR;
 3076              		.loc 1 1187 7 is_stmt 1 view .LVU1124
1187:Drivers/STM32F4xx_HAL_Driver/Src/stm32f4xx_hal_sd.c ****       return HAL_ERROR;
 3077              		.loc 1 1187 10 is_stmt 0 view .LVU1125
 3078 0026 A36B     		ldr	r3, [r4, #56]
1187:Drivers/STM32F4xx_HAL_Driver/Src/stm32f4xx_hal_sd.c ****       return HAL_ERROR;
 3079              		.loc 1 1187 22 view .LVU1126
 3080 0028 43F00073 		orr	r3, r3, #33554432
 3081 002c A363     		str	r3, [r4, #56]
1188:Drivers/STM32F4xx_HAL_Driver/Src/stm32f4xx_hal_sd.c ****     }
 3082              		.loc 1 1188 7 is_stmt 1 view .LVU1127
1188:Drivers/STM32F4xx_HAL_Driver/Src/stm32f4xx_hal_sd.c ****     }
 3083              		.loc 1 1188 14 is_stmt 0 view .LVU1128
 3084 002e 75E0     		b	.L192
 3085              	.LVL261:
 3086              	.L201:
1177:Drivers/STM32F4xx_HAL_Driver/Src/stm32f4xx_hal_sd.c ****     return HAL_ERROR;
 3087              		.loc 1 1177 5 is_stmt 1 view .LVU1129
1177:Drivers/STM32F4xx_HAL_Driver/Src/stm32f4xx_hal_sd.c ****     return HAL_ERROR;
 3088              		.loc 1 1177 8 is_stmt 0 view .LVU1130
 3089 0030 836B     		ldr	r3, [r0, #56]
 3090              	.LVL262:
1177:Drivers/STM32F4xx_HAL_Driver/Src/stm32f4xx_hal_sd.c ****     return HAL_ERROR;
 3091              		.loc 1 1177 20 view .LVU1131
ARM GAS  C:\Users\40918\AppData\Local\Temp\cc5Xi7iV.s 			page 131


 3092 0032 43F00063 		orr	r3, r3, #134217728
 3093 0036 8363     		str	r3, [r0, #56]
1178:Drivers/STM32F4xx_HAL_Driver/Src/stm32f4xx_hal_sd.c ****   }
 3094              		.loc 1 1178 5 is_stmt 1 view .LVU1132
1178:Drivers/STM32F4xx_HAL_Driver/Src/stm32f4xx_hal_sd.c ****   }
 3095              		.loc 1 1178 12 is_stmt 0 view .LVU1133
 3096 0038 0125     		movs	r5, #1
 3097 003a 6FE0     		b	.L192
 3098              	.LVL263:
 3099              	.L193:
1191:Drivers/STM32F4xx_HAL_Driver/Src/stm32f4xx_hal_sd.c **** 
 3100              		.loc 1 1191 5 is_stmt 1 view .LVU1134
1191:Drivers/STM32F4xx_HAL_Driver/Src/stm32f4xx_hal_sd.c **** 
 3101              		.loc 1 1191 16 is_stmt 0 view .LVU1135
 3102 003c 0323     		movs	r3, #3
 3103 003e 84F83430 		strb	r3, [r4, #52]
1194:Drivers/STM32F4xx_HAL_Driver/Src/stm32f4xx_hal_sd.c **** 
 3104              		.loc 1 1194 5 is_stmt 1 view .LVU1136
1194:Drivers/STM32F4xx_HAL_Driver/Src/stm32f4xx_hal_sd.c **** 
 3105              		.loc 1 1194 8 is_stmt 0 view .LVU1137
 3106 0042 2368     		ldr	r3, [r4]
1194:Drivers/STM32F4xx_HAL_Driver/Src/stm32f4xx_hal_sd.c **** 
 3107              		.loc 1 1194 26 view .LVU1138
 3108 0044 0021     		movs	r1, #0
 3109              	.LVL264:
1194:Drivers/STM32F4xx_HAL_Driver/Src/stm32f4xx_hal_sd.c **** 
 3110              		.loc 1 1194 26 view .LVU1139
 3111 0046 D962     		str	r1, [r3, #44]
1197:Drivers/STM32F4xx_HAL_Driver/Src/stm32f4xx_hal_sd.c **** #else /* SDIO_STA_STBITERR not defined */
 3112              		.loc 1 1197 5 is_stmt 1 view .LVU1140
 3113 0048 2068     		ldr	r0, [r4]
 3114 004a C36B     		ldr	r3, [r0, #60]
 3115 004c 43F44A73 		orr	r3, r3, #808
 3116 0050 43F00203 		orr	r3, r3, #2
 3117 0054 C363     		str	r3, [r0, #60]
1203:Drivers/STM32F4xx_HAL_Driver/Src/stm32f4xx_hal_sd.c **** 
 3118              		.loc 1 1203 5 view .LVU1141
1203:Drivers/STM32F4xx_HAL_Driver/Src/stm32f4xx_hal_sd.c **** 
 3119              		.loc 1 1203 8 is_stmt 0 view .LVU1142
 3120 0056 236C     		ldr	r3, [r4, #64]
1203:Drivers/STM32F4xx_HAL_Driver/Src/stm32f4xx_hal_sd.c **** 
 3121              		.loc 1 1203 35 view .LVU1143
 3122 0058 3348     		ldr	r0, .L203
 3123 005a D863     		str	r0, [r3, #60]
1206:Drivers/STM32F4xx_HAL_Driver/Src/stm32f4xx_hal_sd.c **** 
 3124              		.loc 1 1206 5 is_stmt 1 view .LVU1144
1206:Drivers/STM32F4xx_HAL_Driver/Src/stm32f4xx_hal_sd.c **** 
 3125              		.loc 1 1206 8 is_stmt 0 view .LVU1145
 3126 005c 236C     		ldr	r3, [r4, #64]
1206:Drivers/STM32F4xx_HAL_Driver/Src/stm32f4xx_hal_sd.c **** 
 3127              		.loc 1 1206 36 view .LVU1146
 3128 005e 3348     		ldr	r0, .L203+4
 3129 0060 D864     		str	r0, [r3, #76]
1209:Drivers/STM32F4xx_HAL_Driver/Src/stm32f4xx_hal_sd.c **** 
 3130              		.loc 1 1209 5 is_stmt 1 view .LVU1147
1209:Drivers/STM32F4xx_HAL_Driver/Src/stm32f4xx_hal_sd.c **** 
 3131              		.loc 1 1209 8 is_stmt 0 view .LVU1148
ARM GAS  C:\Users\40918\AppData\Local\Temp\cc5Xi7iV.s 			page 132


 3132 0062 236C     		ldr	r3, [r4, #64]
1209:Drivers/STM32F4xx_HAL_Driver/Src/stm32f4xx_hal_sd.c **** 
 3133              		.loc 1 1209 36 view .LVU1149
 3134 0064 1965     		str	r1, [r3, #80]
1212:Drivers/STM32F4xx_HAL_Driver/Src/stm32f4xx_hal_sd.c ****     MODIFY_REG(hsd->hdmarx->Instance->CR, DMA_SxCR_DIR, hsd->hdmarx->Init.Direction);
 3135              		.loc 1 1212 5 is_stmt 1 view .LVU1150
1212:Drivers/STM32F4xx_HAL_Driver/Src/stm32f4xx_hal_sd.c ****     MODIFY_REG(hsd->hdmarx->Instance->CR, DMA_SxCR_DIR, hsd->hdmarx->Init.Direction);
 3136              		.loc 1 1212 8 is_stmt 0 view .LVU1151
 3137 0066 236C     		ldr	r3, [r4, #64]
1212:Drivers/STM32F4xx_HAL_Driver/Src/stm32f4xx_hal_sd.c ****     MODIFY_REG(hsd->hdmarx->Instance->CR, DMA_SxCR_DIR, hsd->hdmarx->Init.Direction);
 3138              		.loc 1 1212 33 view .LVU1152
 3139 0068 9960     		str	r1, [r3, #8]
1213:Drivers/STM32F4xx_HAL_Driver/Src/stm32f4xx_hal_sd.c **** 
 3140              		.loc 1 1213 5 is_stmt 1 view .LVU1153
 3141 006a 206C     		ldr	r0, [r4, #64]
 3142 006c 0168     		ldr	r1, [r0]
 3143 006e 0B68     		ldr	r3, [r1]
 3144 0070 23F0C003 		bic	r3, r3, #192
 3145 0074 8068     		ldr	r0, [r0, #8]
 3146 0076 0343     		orrs	r3, r3, r0
 3147 0078 0B60     		str	r3, [r1]
1216:Drivers/STM32F4xx_HAL_Driver/Src/stm32f4xx_hal_sd.c ****     {
 3148              		.loc 1 1216 5 view .LVU1154
1216:Drivers/STM32F4xx_HAL_Driver/Src/stm32f4xx_hal_sd.c ****     {
 3149              		.loc 1 1216 52 is_stmt 0 view .LVU1155
 3150 007a 2168     		ldr	r1, [r4]
1216:Drivers/STM32F4xx_HAL_Driver/Src/stm32f4xx_hal_sd.c ****     {
 3151              		.loc 1 1216 87 view .LVU1156
 3152 007c 4FEA4729 		lsl	r9, r7, #9
1216:Drivers/STM32F4xx_HAL_Driver/Src/stm32f4xx_hal_sd.c ****     {
 3153              		.loc 1 1216 8 view .LVU1157
 3154 0080 4FEA9903 		lsr	r3, r9, #2
 3155 0084 8031     		adds	r1, r1, #128
 3156 0086 206C     		ldr	r0, [r4, #64]
 3157 0088 FFF7FEFF 		bl	HAL_DMA_Start_IT
 3158              	.LVL265:
1216:Drivers/STM32F4xx_HAL_Driver/Src/stm32f4xx_hal_sd.c ****     {
 3159              		.loc 1 1216 7 discriminator 1 view .LVU1158
 3160 008c 8046     		mov	r8, r0
 3161 008e 68BB     		cbnz	r0, .L202
1227:Drivers/STM32F4xx_HAL_Driver/Src/stm32f4xx_hal_sd.c **** 
 3162              		.loc 1 1227 7 is_stmt 1 view .LVU1159
 3163 0090 274B     		ldr	r3, .L203+8
 3164 0092 0122     		movs	r2, #1
 3165 0094 C3F88C25 		str	r2, [r3, #1420]
1229:Drivers/STM32F4xx_HAL_Driver/Src/stm32f4xx_hal_sd.c ****       {
 3166              		.loc 1 1229 7 view .LVU1160
1229:Drivers/STM32F4xx_HAL_Driver/Src/stm32f4xx_hal_sd.c ****       {
 3167              		.loc 1 1229 21 is_stmt 0 view .LVU1161
 3168 0098 636C     		ldr	r3, [r4, #68]
1229:Drivers/STM32F4xx_HAL_Driver/Src/stm32f4xx_hal_sd.c ****       {
 3169              		.loc 1 1229 9 view .LVU1162
 3170 009a 9342     		cmp	r3, r2
 3171 009c 00D0     		beq	.L195
1231:Drivers/STM32F4xx_HAL_Driver/Src/stm32f4xx_hal_sd.c ****       }
 3172              		.loc 1 1231 9 is_stmt 1 view .LVU1163
1231:Drivers/STM32F4xx_HAL_Driver/Src/stm32f4xx_hal_sd.c ****       }
ARM GAS  C:\Users\40918\AppData\Local\Temp\cc5Xi7iV.s 			page 133


 3173              		.loc 1 1231 13 is_stmt 0 view .LVU1164
 3174 009e 7602     		lsls	r6, r6, #9
 3175              	.LVL266:
 3176              	.L195:
1235:Drivers/STM32F4xx_HAL_Driver/Src/stm32f4xx_hal_sd.c ****       config.DataLength    = BLOCKSIZE * NumberOfBlocks;
 3177              		.loc 1 1235 7 is_stmt 1 view .LVU1165
1235:Drivers/STM32F4xx_HAL_Driver/Src/stm32f4xx_hal_sd.c ****       config.DataLength    = BLOCKSIZE * NumberOfBlocks;
 3178              		.loc 1 1235 28 is_stmt 0 view .LVU1166
 3179 00a0 4FF0FF33 		mov	r3, #-1
 3180 00a4 0093     		str	r3, [sp]
1236:Drivers/STM32F4xx_HAL_Driver/Src/stm32f4xx_hal_sd.c ****       config.DataBlockSize = SDIO_DATABLOCK_SIZE_512B;
 3181              		.loc 1 1236 7 is_stmt 1 view .LVU1167
1236:Drivers/STM32F4xx_HAL_Driver/Src/stm32f4xx_hal_sd.c ****       config.DataBlockSize = SDIO_DATABLOCK_SIZE_512B;
 3182              		.loc 1 1236 28 is_stmt 0 view .LVU1168
 3183 00a6 CDF80490 		str	r9, [sp, #4]
1237:Drivers/STM32F4xx_HAL_Driver/Src/stm32f4xx_hal_sd.c ****       config.TransferDir   = SDIO_TRANSFER_DIR_TO_SDIO;
 3184              		.loc 1 1237 7 is_stmt 1 view .LVU1169
1237:Drivers/STM32F4xx_HAL_Driver/Src/stm32f4xx_hal_sd.c ****       config.TransferDir   = SDIO_TRANSFER_DIR_TO_SDIO;
 3185              		.loc 1 1237 28 is_stmt 0 view .LVU1170
 3186 00aa 9023     		movs	r3, #144
 3187 00ac 0293     		str	r3, [sp, #8]
1238:Drivers/STM32F4xx_HAL_Driver/Src/stm32f4xx_hal_sd.c ****       config.TransferMode  = SDIO_TRANSFER_MODE_BLOCK;
 3188              		.loc 1 1238 7 is_stmt 1 view .LVU1171
1238:Drivers/STM32F4xx_HAL_Driver/Src/stm32f4xx_hal_sd.c ****       config.TransferMode  = SDIO_TRANSFER_MODE_BLOCK;
 3189              		.loc 1 1238 28 is_stmt 0 view .LVU1172
 3190 00ae 0223     		movs	r3, #2
 3191 00b0 0393     		str	r3, [sp, #12]
1239:Drivers/STM32F4xx_HAL_Driver/Src/stm32f4xx_hal_sd.c ****       config.DPSM          = SDIO_DPSM_ENABLE;
 3192              		.loc 1 1239 7 is_stmt 1 view .LVU1173
1239:Drivers/STM32F4xx_HAL_Driver/Src/stm32f4xx_hal_sd.c ****       config.DPSM          = SDIO_DPSM_ENABLE;
 3193              		.loc 1 1239 28 is_stmt 0 view .LVU1174
 3194 00b2 0023     		movs	r3, #0
 3195 00b4 0493     		str	r3, [sp, #16]
1240:Drivers/STM32F4xx_HAL_Driver/Src/stm32f4xx_hal_sd.c ****       (void)SDIO_ConfigData(hsd->Instance, &config);
 3196              		.loc 1 1240 7 is_stmt 1 view .LVU1175
1240:Drivers/STM32F4xx_HAL_Driver/Src/stm32f4xx_hal_sd.c ****       (void)SDIO_ConfigData(hsd->Instance, &config);
 3197              		.loc 1 1240 28 is_stmt 0 view .LVU1176
 3198 00b6 0123     		movs	r3, #1
 3199 00b8 0593     		str	r3, [sp, #20]
1241:Drivers/STM32F4xx_HAL_Driver/Src/stm32f4xx_hal_sd.c **** 
 3200              		.loc 1 1241 7 is_stmt 1 view .LVU1177
1241:Drivers/STM32F4xx_HAL_Driver/Src/stm32f4xx_hal_sd.c **** 
 3201              		.loc 1 1241 13 is_stmt 0 view .LVU1178
 3202 00ba 6946     		mov	r1, sp
 3203 00bc 2068     		ldr	r0, [r4]
 3204 00be FFF7FEFF 		bl	SDIO_ConfigData
 3205              	.LVL267:
1244:Drivers/STM32F4xx_HAL_Driver/Src/stm32f4xx_hal_sd.c ****       {
 3206              		.loc 1 1244 7 is_stmt 1 view .LVU1179
1244:Drivers/STM32F4xx_HAL_Driver/Src/stm32f4xx_hal_sd.c ****       {
 3207              		.loc 1 1244 9 is_stmt 0 view .LVU1180
 3208 00c2 012F     		cmp	r7, #1
 3209 00c4 22D9     		bls	.L196
1246:Drivers/STM32F4xx_HAL_Driver/Src/stm32f4xx_hal_sd.c **** 
 3210              		.loc 1 1246 9 is_stmt 1 view .LVU1181
1246:Drivers/STM32F4xx_HAL_Driver/Src/stm32f4xx_hal_sd.c **** 
 3211              		.loc 1 1246 22 is_stmt 0 view .LVU1182
ARM GAS  C:\Users\40918\AppData\Local\Temp\cc5Xi7iV.s 			page 134


 3212 00c6 8223     		movs	r3, #130
 3213 00c8 2363     		str	r3, [r4, #48]
1249:Drivers/STM32F4xx_HAL_Driver/Src/stm32f4xx_hal_sd.c ****       }
 3214              		.loc 1 1249 9 is_stmt 1 view .LVU1183
1249:Drivers/STM32F4xx_HAL_Driver/Src/stm32f4xx_hal_sd.c ****       }
 3215              		.loc 1 1249 22 is_stmt 0 view .LVU1184
 3216 00ca 3146     		mov	r1, r6
 3217 00cc 2068     		ldr	r0, [r4]
 3218 00ce FFF7FEFF 		bl	SDMMC_CmdReadMultiBlock
 3219              	.LVL268:
 3220              	.L197:
1258:Drivers/STM32F4xx_HAL_Driver/Src/stm32f4xx_hal_sd.c ****       {
 3221              		.loc 1 1258 7 is_stmt 1 view .LVU1185
1258:Drivers/STM32F4xx_HAL_Driver/Src/stm32f4xx_hal_sd.c ****       {
 3222              		.loc 1 1258 9 is_stmt 0 view .LVU1186
 3223 00d2 38B3     		cbz	r0, .L199
1261:Drivers/STM32F4xx_HAL_Driver/Src/stm32f4xx_hal_sd.c ****         hsd->ErrorCode |= errorstate;
 3224              		.loc 1 1261 9 is_stmt 1 view .LVU1187
 3225 00d4 2368     		ldr	r3, [r4]
 3226 00d6 174A     		ldr	r2, .L203+12
 3227 00d8 9A63     		str	r2, [r3, #56]
1262:Drivers/STM32F4xx_HAL_Driver/Src/stm32f4xx_hal_sd.c ****         hsd->State = HAL_SD_STATE_READY;
 3228              		.loc 1 1262 9 view .LVU1188
1262:Drivers/STM32F4xx_HAL_Driver/Src/stm32f4xx_hal_sd.c ****         hsd->State = HAL_SD_STATE_READY;
 3229              		.loc 1 1262 12 is_stmt 0 view .LVU1189
 3230 00da A36B     		ldr	r3, [r4, #56]
1262:Drivers/STM32F4xx_HAL_Driver/Src/stm32f4xx_hal_sd.c ****         hsd->State = HAL_SD_STATE_READY;
 3231              		.loc 1 1262 24 view .LVU1190
 3232 00dc 0343     		orrs	r3, r3, r0
 3233 00de A363     		str	r3, [r4, #56]
1263:Drivers/STM32F4xx_HAL_Driver/Src/stm32f4xx_hal_sd.c ****         hsd->Context = SD_CONTEXT_NONE;
 3234              		.loc 1 1263 9 is_stmt 1 view .LVU1191
1263:Drivers/STM32F4xx_HAL_Driver/Src/stm32f4xx_hal_sd.c ****         hsd->Context = SD_CONTEXT_NONE;
 3235              		.loc 1 1263 20 is_stmt 0 view .LVU1192
 3236 00e0 0123     		movs	r3, #1
 3237 00e2 84F83430 		strb	r3, [r4, #52]
1264:Drivers/STM32F4xx_HAL_Driver/Src/stm32f4xx_hal_sd.c ****         return HAL_ERROR;
 3238              		.loc 1 1264 9 is_stmt 1 view .LVU1193
1264:Drivers/STM32F4xx_HAL_Driver/Src/stm32f4xx_hal_sd.c ****         return HAL_ERROR;
 3239              		.loc 1 1264 22 is_stmt 0 view .LVU1194
 3240 00e6 0023     		movs	r3, #0
 3241 00e8 2363     		str	r3, [r4, #48]
1265:Drivers/STM32F4xx_HAL_Driver/Src/stm32f4xx_hal_sd.c ****       }
 3242              		.loc 1 1265 9 is_stmt 1 view .LVU1195
1265:Drivers/STM32F4xx_HAL_Driver/Src/stm32f4xx_hal_sd.c ****       }
 3243              		.loc 1 1265 16 is_stmt 0 view .LVU1196
 3244 00ea 17E0     		b	.L192
 3245              	.LVL269:
 3246              	.L202:
1218:Drivers/STM32F4xx_HAL_Driver/Src/stm32f4xx_hal_sd.c ****       __HAL_SD_CLEAR_FLAG(hsd, SDIO_STATIC_FLAGS);
 3247              		.loc 1 1218 7 is_stmt 1 view .LVU1197
 3248 00ec 2268     		ldr	r2, [r4]
 3249 00ee D36B     		ldr	r3, [r2, #60]
 3250 00f0 23F49573 		bic	r3, r3, #298
 3251 00f4 D363     		str	r3, [r2, #60]
1219:Drivers/STM32F4xx_HAL_Driver/Src/stm32f4xx_hal_sd.c ****       hsd->ErrorCode |= HAL_SD_ERROR_DMA;
 3252              		.loc 1 1219 7 view .LVU1198
ARM GAS  C:\Users\40918\AppData\Local\Temp\cc5Xi7iV.s 			page 135


 3253 00f6 2368     		ldr	r3, [r4]
 3254 00f8 0E4A     		ldr	r2, .L203+12
 3255 00fa 9A63     		str	r2, [r3, #56]
1220:Drivers/STM32F4xx_HAL_Driver/Src/stm32f4xx_hal_sd.c ****       hsd->State = HAL_SD_STATE_READY;
 3256              		.loc 1 1220 7 view .LVU1199
1220:Drivers/STM32F4xx_HAL_Driver/Src/stm32f4xx_hal_sd.c ****       hsd->State = HAL_SD_STATE_READY;
 3257              		.loc 1 1220 10 is_stmt 0 view .LVU1200
 3258 00fc A36B     		ldr	r3, [r4, #56]
1220:Drivers/STM32F4xx_HAL_Driver/Src/stm32f4xx_hal_sd.c ****       hsd->State = HAL_SD_STATE_READY;
 3259              		.loc 1 1220 22 view .LVU1201
 3260 00fe 43F08043 		orr	r3, r3, #1073741824
 3261 0102 A363     		str	r3, [r4, #56]
1221:Drivers/STM32F4xx_HAL_Driver/Src/stm32f4xx_hal_sd.c ****       return HAL_ERROR;
 3262              		.loc 1 1221 7 is_stmt 1 view .LVU1202
1221:Drivers/STM32F4xx_HAL_Driver/Src/stm32f4xx_hal_sd.c ****       return HAL_ERROR;
 3263              		.loc 1 1221 18 is_stmt 0 view .LVU1203
 3264 0104 0123     		movs	r3, #1
 3265 0106 84F83430 		strb	r3, [r4, #52]
1222:Drivers/STM32F4xx_HAL_Driver/Src/stm32f4xx_hal_sd.c ****     }
 3266              		.loc 1 1222 7 is_stmt 1 view .LVU1204
1222:Drivers/STM32F4xx_HAL_Driver/Src/stm32f4xx_hal_sd.c ****     }
 3267              		.loc 1 1222 14 is_stmt 0 view .LVU1205
 3268 010a 07E0     		b	.L192
 3269              	.LVL270:
 3270              	.L196:
1253:Drivers/STM32F4xx_HAL_Driver/Src/stm32f4xx_hal_sd.c **** 
 3271              		.loc 1 1253 9 is_stmt 1 view .LVU1206
1253:Drivers/STM32F4xx_HAL_Driver/Src/stm32f4xx_hal_sd.c **** 
 3272              		.loc 1 1253 22 is_stmt 0 view .LVU1207
 3273 010c 8123     		movs	r3, #129
 3274 010e 2363     		str	r3, [r4, #48]
1256:Drivers/STM32F4xx_HAL_Driver/Src/stm32f4xx_hal_sd.c ****       }
 3275              		.loc 1 1256 9 is_stmt 1 view .LVU1208
1256:Drivers/STM32F4xx_HAL_Driver/Src/stm32f4xx_hal_sd.c ****       }
 3276              		.loc 1 1256 22 is_stmt 0 view .LVU1209
 3277 0110 3146     		mov	r1, r6
 3278 0112 2068     		ldr	r0, [r4]
 3279 0114 FFF7FEFF 		bl	SDMMC_CmdReadSingleBlock
 3280              	.LVL271:
1256:Drivers/STM32F4xx_HAL_Driver/Src/stm32f4xx_hal_sd.c ****       }
 3281              		.loc 1 1256 22 view .LVU1210
 3282 0118 DBE7     		b	.L197
 3283              	.LVL272:
 3284              	.L198:
1273:Drivers/STM32F4xx_HAL_Driver/Src/stm32f4xx_hal_sd.c ****   }
 3285              		.loc 1 1273 12 view .LVU1211
 3286 011a 0225     		movs	r5, #2
 3287              	.LVL273:
 3288              	.L192:
1275:Drivers/STM32F4xx_HAL_Driver/Src/stm32f4xx_hal_sd.c **** 
 3289              		.loc 1 1275 1 view .LVU1212
 3290 011c 2846     		mov	r0, r5
 3291 011e 07B0     		add	sp, sp, #28
 3292              	.LCFI44:
 3293              		.cfi_remember_state
 3294              		.cfi_def_cfa_offset 28
 3295              		@ sp needed
ARM GAS  C:\Users\40918\AppData\Local\Temp\cc5Xi7iV.s 			page 136


 3296 0120 BDE8F083 		pop	{r4, r5, r6, r7, r8, r9, pc}
 3297              	.LVL274:
 3298              	.L199:
 3299              	.LCFI45:
 3300              		.cfi_restore_state
1268:Drivers/STM32F4xx_HAL_Driver/Src/stm32f4xx_hal_sd.c ****     }
 3301              		.loc 1 1268 14 view .LVU1213
 3302 0124 4546     		mov	r5, r8
 3303 0126 F9E7     		b	.L192
 3304              	.L204:
 3305              		.align	2
 3306              	.L203:
 3307 0128 00000000 		.word	SD_DMAReceiveCplt
 3308 012c 00000000 		.word	SD_DMAError
 3309 0130 00802542 		.word	1109753856
 3310 0134 FF054000 		.word	4195839
 3311              		.cfi_endproc
 3312              	.LFE248:
 3314              		.section	.text.HAL_SD_WriteBlocks_DMA,"ax",%progbits
 3315              		.align	1
 3316              		.global	HAL_SD_WriteBlocks_DMA
 3317              		.syntax unified
 3318              		.thumb
 3319              		.thumb_func
 3321              	HAL_SD_WriteBlocks_DMA:
 3322              	.LVL275:
 3323              	.LFB249:
1291:Drivers/STM32F4xx_HAL_Driver/Src/stm32f4xx_hal_sd.c ****   SDIO_DataInitTypeDef config;
 3324              		.loc 1 1291 1 is_stmt 1 view -0
 3325              		.cfi_startproc
 3326              		@ args = 0, pretend = 0, frame = 24
 3327              		@ frame_needed = 0, uses_anonymous_args = 0
1291:Drivers/STM32F4xx_HAL_Driver/Src/stm32f4xx_hal_sd.c ****   SDIO_DataInitTypeDef config;
 3328              		.loc 1 1291 1 is_stmt 0 view .LVU1215
 3329 0000 F0B5     		push	{r4, r5, r6, r7, lr}
 3330              	.LCFI46:
 3331              		.cfi_def_cfa_offset 20
 3332              		.cfi_offset 4, -20
 3333              		.cfi_offset 5, -16
 3334              		.cfi_offset 6, -12
 3335              		.cfi_offset 7, -8
 3336              		.cfi_offset 14, -4
 3337 0002 87B0     		sub	sp, sp, #28
 3338              	.LCFI47:
 3339              		.cfi_def_cfa_offset 48
 3340 0004 0446     		mov	r4, r0
1292:Drivers/STM32F4xx_HAL_Driver/Src/stm32f4xx_hal_sd.c ****   uint32_t errorstate;
 3341              		.loc 1 1292 3 is_stmt 1 view .LVU1216
1293:Drivers/STM32F4xx_HAL_Driver/Src/stm32f4xx_hal_sd.c ****   uint32_t add = BlockAdd;
 3342              		.loc 1 1293 3 view .LVU1217
1294:Drivers/STM32F4xx_HAL_Driver/Src/stm32f4xx_hal_sd.c **** 
 3343              		.loc 1 1294 3 view .LVU1218
 3344              	.LVL276:
1296:Drivers/STM32F4xx_HAL_Driver/Src/stm32f4xx_hal_sd.c ****   {
 3345              		.loc 1 1296 3 view .LVU1219
1296:Drivers/STM32F4xx_HAL_Driver/Src/stm32f4xx_hal_sd.c ****   {
 3346              		.loc 1 1296 5 is_stmt 0 view .LVU1220
ARM GAS  C:\Users\40918\AppData\Local\Temp\cc5Xi7iV.s 			page 137


 3347 0006 0029     		cmp	r1, #0
 3348 0008 3BD0     		beq	.L216
 3349 000a 1E46     		mov	r6, r3
 3350 000c 0F46     		mov	r7, r1
1302:Drivers/STM32F4xx_HAL_Driver/Src/stm32f4xx_hal_sd.c ****   {
 3351              		.loc 1 1302 3 is_stmt 1 view .LVU1221
1302:Drivers/STM32F4xx_HAL_Driver/Src/stm32f4xx_hal_sd.c ****   {
 3352              		.loc 1 1302 9 is_stmt 0 view .LVU1222
 3353 000e 90F83450 		ldrb	r5, [r0, #52]	@ zero_extendqisi2
 3354 0012 EDB2     		uxtb	r5, r5
1302:Drivers/STM32F4xx_HAL_Driver/Src/stm32f4xx_hal_sd.c ****   {
 3355              		.loc 1 1302 5 view .LVU1223
 3356 0014 012D     		cmp	r5, #1
 3357 0016 40F08480 		bne	.L214
1304:Drivers/STM32F4xx_HAL_Driver/Src/stm32f4xx_hal_sd.c **** 
 3358              		.loc 1 1304 5 is_stmt 1 view .LVU1224
1304:Drivers/STM32F4xx_HAL_Driver/Src/stm32f4xx_hal_sd.c **** 
 3359              		.loc 1 1304 20 is_stmt 0 view .LVU1225
 3360 001a 0023     		movs	r3, #0
 3361              	.LVL277:
1304:Drivers/STM32F4xx_HAL_Driver/Src/stm32f4xx_hal_sd.c **** 
 3362              		.loc 1 1304 20 view .LVU1226
 3363 001c 8363     		str	r3, [r0, #56]
1306:Drivers/STM32F4xx_HAL_Driver/Src/stm32f4xx_hal_sd.c ****     {
 3364              		.loc 1 1306 5 is_stmt 1 view .LVU1227
1306:Drivers/STM32F4xx_HAL_Driver/Src/stm32f4xx_hal_sd.c ****     {
 3365              		.loc 1 1306 13 is_stmt 0 view .LVU1228
 3366 001e 9319     		adds	r3, r2, r6
1306:Drivers/STM32F4xx_HAL_Driver/Src/stm32f4xx_hal_sd.c ****     {
 3367              		.loc 1 1306 45 view .LVU1229
 3368 0020 C16D     		ldr	r1, [r0, #92]
 3369              	.LVL278:
1306:Drivers/STM32F4xx_HAL_Driver/Src/stm32f4xx_hal_sd.c ****     {
 3370              		.loc 1 1306 7 view .LVU1230
 3371 0022 8B42     		cmp	r3, r1
 3372 0024 33D8     		bhi	.L217
1312:Drivers/STM32F4xx_HAL_Driver/Src/stm32f4xx_hal_sd.c **** 
 3373              		.loc 1 1312 5 is_stmt 1 view .LVU1231
1312:Drivers/STM32F4xx_HAL_Driver/Src/stm32f4xx_hal_sd.c **** 
 3374              		.loc 1 1312 16 is_stmt 0 view .LVU1232
 3375 0026 0323     		movs	r3, #3
 3376 0028 80F83430 		strb	r3, [r0, #52]
1315:Drivers/STM32F4xx_HAL_Driver/Src/stm32f4xx_hal_sd.c **** 
 3377              		.loc 1 1315 5 is_stmt 1 view .LVU1233
1315:Drivers/STM32F4xx_HAL_Driver/Src/stm32f4xx_hal_sd.c **** 
 3378              		.loc 1 1315 8 is_stmt 0 view .LVU1234
 3379 002c 0368     		ldr	r3, [r0]
1315:Drivers/STM32F4xx_HAL_Driver/Src/stm32f4xx_hal_sd.c **** 
 3380              		.loc 1 1315 26 view .LVU1235
 3381 002e 0021     		movs	r1, #0
 3382 0030 D962     		str	r1, [r3, #44]
1319:Drivers/STM32F4xx_HAL_Driver/Src/stm32f4xx_hal_sd.c **** #else /* SDIO_STA_STBITERR not defined */
 3383              		.loc 1 1319 5 is_stmt 1 view .LVU1236
 3384 0032 0068     		ldr	r0, [r0]
 3385              	.LVL279:
1319:Drivers/STM32F4xx_HAL_Driver/Src/stm32f4xx_hal_sd.c **** #else /* SDIO_STA_STBITERR not defined */
 3386              		.loc 1 1319 5 is_stmt 0 view .LVU1237
ARM GAS  C:\Users\40918\AppData\Local\Temp\cc5Xi7iV.s 			page 138


 3387 0034 C36B     		ldr	r3, [r0, #60]
 3388 0036 43F40673 		orr	r3, r3, #536
 3389 003a 43F00203 		orr	r3, r3, #2
 3390 003e C363     		str	r3, [r0, #60]
1325:Drivers/STM32F4xx_HAL_Driver/Src/stm32f4xx_hal_sd.c **** 
 3391              		.loc 1 1325 5 is_stmt 1 view .LVU1238
1325:Drivers/STM32F4xx_HAL_Driver/Src/stm32f4xx_hal_sd.c **** 
 3392              		.loc 1 1325 8 is_stmt 0 view .LVU1239
 3393 0040 E36B     		ldr	r3, [r4, #60]
1325:Drivers/STM32F4xx_HAL_Driver/Src/stm32f4xx_hal_sd.c **** 
 3394              		.loc 1 1325 35 view .LVU1240
 3395 0042 3A48     		ldr	r0, .L218
 3396 0044 D863     		str	r0, [r3, #60]
1328:Drivers/STM32F4xx_HAL_Driver/Src/stm32f4xx_hal_sd.c **** 
 3397              		.loc 1 1328 5 is_stmt 1 view .LVU1241
1328:Drivers/STM32F4xx_HAL_Driver/Src/stm32f4xx_hal_sd.c **** 
 3398              		.loc 1 1328 8 is_stmt 0 view .LVU1242
 3399 0046 E36B     		ldr	r3, [r4, #60]
1328:Drivers/STM32F4xx_HAL_Driver/Src/stm32f4xx_hal_sd.c **** 
 3400              		.loc 1 1328 36 view .LVU1243
 3401 0048 3948     		ldr	r0, .L218+4
 3402 004a D864     		str	r0, [r3, #76]
1331:Drivers/STM32F4xx_HAL_Driver/Src/stm32f4xx_hal_sd.c **** 
 3403              		.loc 1 1331 5 is_stmt 1 view .LVU1244
1331:Drivers/STM32F4xx_HAL_Driver/Src/stm32f4xx_hal_sd.c **** 
 3404              		.loc 1 1331 8 is_stmt 0 view .LVU1245
 3405 004c E36B     		ldr	r3, [r4, #60]
1331:Drivers/STM32F4xx_HAL_Driver/Src/stm32f4xx_hal_sd.c **** 
 3406              		.loc 1 1331 36 view .LVU1246
 3407 004e 1965     		str	r1, [r3, #80]
1333:Drivers/STM32F4xx_HAL_Driver/Src/stm32f4xx_hal_sd.c ****     {
 3408              		.loc 1 1333 5 is_stmt 1 view .LVU1247
1333:Drivers/STM32F4xx_HAL_Driver/Src/stm32f4xx_hal_sd.c ****     {
 3409              		.loc 1 1333 19 is_stmt 0 view .LVU1248
 3410 0050 636C     		ldr	r3, [r4, #68]
1333:Drivers/STM32F4xx_HAL_Driver/Src/stm32f4xx_hal_sd.c ****     {
 3411              		.loc 1 1333 7 view .LVU1249
 3412 0052 012B     		cmp	r3, #1
 3413 0054 00D0     		beq	.L209
1335:Drivers/STM32F4xx_HAL_Driver/Src/stm32f4xx_hal_sd.c ****     }
 3414              		.loc 1 1335 7 is_stmt 1 view .LVU1250
1335:Drivers/STM32F4xx_HAL_Driver/Src/stm32f4xx_hal_sd.c ****     }
 3415              		.loc 1 1335 11 is_stmt 0 view .LVU1251
 3416 0056 5202     		lsls	r2, r2, #9
 3417              	.LVL280:
 3418              	.L209:
1339:Drivers/STM32F4xx_HAL_Driver/Src/stm32f4xx_hal_sd.c ****     {
 3419              		.loc 1 1339 5 is_stmt 1 view .LVU1252
1339:Drivers/STM32F4xx_HAL_Driver/Src/stm32f4xx_hal_sd.c ****     {
 3420              		.loc 1 1339 7 is_stmt 0 view .LVU1253
 3421 0058 012E     		cmp	r6, #1
 3422 005a 1DD9     		bls	.L210
1341:Drivers/STM32F4xx_HAL_Driver/Src/stm32f4xx_hal_sd.c **** 
 3423              		.loc 1 1341 7 is_stmt 1 view .LVU1254
1341:Drivers/STM32F4xx_HAL_Driver/Src/stm32f4xx_hal_sd.c **** 
 3424              		.loc 1 1341 20 is_stmt 0 view .LVU1255
 3425 005c A023     		movs	r3, #160
ARM GAS  C:\Users\40918\AppData\Local\Temp\cc5Xi7iV.s 			page 139


 3426 005e 2363     		str	r3, [r4, #48]
1344:Drivers/STM32F4xx_HAL_Driver/Src/stm32f4xx_hal_sd.c ****     }
 3427              		.loc 1 1344 7 is_stmt 1 view .LVU1256
1344:Drivers/STM32F4xx_HAL_Driver/Src/stm32f4xx_hal_sd.c ****     }
 3428              		.loc 1 1344 20 is_stmt 0 view .LVU1257
 3429 0060 1146     		mov	r1, r2
 3430 0062 2068     		ldr	r0, [r4]
 3431 0064 FFF7FEFF 		bl	SDMMC_CmdWriteMultiBlock
 3432              	.LVL281:
 3433              	.L211:
1353:Drivers/STM32F4xx_HAL_Driver/Src/stm32f4xx_hal_sd.c ****     {
 3434              		.loc 1 1353 5 is_stmt 1 view .LVU1258
1353:Drivers/STM32F4xx_HAL_Driver/Src/stm32f4xx_hal_sd.c ****     {
 3435              		.loc 1 1353 7 is_stmt 0 view .LVU1259
 3436 0068 E8B1     		cbz	r0, .L212
1356:Drivers/STM32F4xx_HAL_Driver/Src/stm32f4xx_hal_sd.c ****       hsd->ErrorCode |= errorstate;
 3437              		.loc 1 1356 7 is_stmt 1 view .LVU1260
 3438 006a 2368     		ldr	r3, [r4]
 3439 006c 314A     		ldr	r2, .L218+8
 3440 006e 9A63     		str	r2, [r3, #56]
1357:Drivers/STM32F4xx_HAL_Driver/Src/stm32f4xx_hal_sd.c ****       hsd->State = HAL_SD_STATE_READY;
 3441              		.loc 1 1357 7 view .LVU1261
1357:Drivers/STM32F4xx_HAL_Driver/Src/stm32f4xx_hal_sd.c ****       hsd->State = HAL_SD_STATE_READY;
 3442              		.loc 1 1357 10 is_stmt 0 view .LVU1262
 3443 0070 A36B     		ldr	r3, [r4, #56]
1357:Drivers/STM32F4xx_HAL_Driver/Src/stm32f4xx_hal_sd.c ****       hsd->State = HAL_SD_STATE_READY;
 3444              		.loc 1 1357 22 view .LVU1263
 3445 0072 0343     		orrs	r3, r3, r0
 3446 0074 A363     		str	r3, [r4, #56]
1358:Drivers/STM32F4xx_HAL_Driver/Src/stm32f4xx_hal_sd.c ****       hsd->Context = SD_CONTEXT_NONE;
 3447              		.loc 1 1358 7 is_stmt 1 view .LVU1264
1358:Drivers/STM32F4xx_HAL_Driver/Src/stm32f4xx_hal_sd.c ****       hsd->Context = SD_CONTEXT_NONE;
 3448              		.loc 1 1358 18 is_stmt 0 view .LVU1265
 3449 0076 0123     		movs	r3, #1
 3450 0078 84F83430 		strb	r3, [r4, #52]
1359:Drivers/STM32F4xx_HAL_Driver/Src/stm32f4xx_hal_sd.c ****       return HAL_ERROR;
 3451              		.loc 1 1359 7 is_stmt 1 view .LVU1266
1359:Drivers/STM32F4xx_HAL_Driver/Src/stm32f4xx_hal_sd.c ****       return HAL_ERROR;
 3452              		.loc 1 1359 20 is_stmt 0 view .LVU1267
 3453 007c 0023     		movs	r3, #0
 3454 007e 2363     		str	r3, [r4, #48]
1360:Drivers/STM32F4xx_HAL_Driver/Src/stm32f4xx_hal_sd.c ****     }
 3455              		.loc 1 1360 7 is_stmt 1 view .LVU1268
1360:Drivers/STM32F4xx_HAL_Driver/Src/stm32f4xx_hal_sd.c ****     }
 3456              		.loc 1 1360 14 is_stmt 0 view .LVU1269
 3457 0080 50E0     		b	.L207
 3458              	.LVL282:
 3459              	.L216:
1298:Drivers/STM32F4xx_HAL_Driver/Src/stm32f4xx_hal_sd.c ****     return HAL_ERROR;
 3460              		.loc 1 1298 5 is_stmt 1 view .LVU1270
1298:Drivers/STM32F4xx_HAL_Driver/Src/stm32f4xx_hal_sd.c ****     return HAL_ERROR;
 3461              		.loc 1 1298 8 is_stmt 0 view .LVU1271
 3462 0082 836B     		ldr	r3, [r0, #56]
 3463              	.LVL283:
1298:Drivers/STM32F4xx_HAL_Driver/Src/stm32f4xx_hal_sd.c ****     return HAL_ERROR;
 3464              		.loc 1 1298 20 view .LVU1272
 3465 0084 43F00063 		orr	r3, r3, #134217728
ARM GAS  C:\Users\40918\AppData\Local\Temp\cc5Xi7iV.s 			page 140


 3466 0088 8363     		str	r3, [r0, #56]
1299:Drivers/STM32F4xx_HAL_Driver/Src/stm32f4xx_hal_sd.c ****   }
 3467              		.loc 1 1299 5 is_stmt 1 view .LVU1273
1299:Drivers/STM32F4xx_HAL_Driver/Src/stm32f4xx_hal_sd.c ****   }
 3468              		.loc 1 1299 12 is_stmt 0 view .LVU1274
 3469 008a 0125     		movs	r5, #1
 3470 008c 4AE0     		b	.L207
 3471              	.LVL284:
 3472              	.L217:
1308:Drivers/STM32F4xx_HAL_Driver/Src/stm32f4xx_hal_sd.c ****       return HAL_ERROR;
 3473              		.loc 1 1308 7 is_stmt 1 view .LVU1275
1308:Drivers/STM32F4xx_HAL_Driver/Src/stm32f4xx_hal_sd.c ****       return HAL_ERROR;
 3474              		.loc 1 1308 10 is_stmt 0 view .LVU1276
 3475 008e 836B     		ldr	r3, [r0, #56]
1308:Drivers/STM32F4xx_HAL_Driver/Src/stm32f4xx_hal_sd.c ****       return HAL_ERROR;
 3476              		.loc 1 1308 22 view .LVU1277
 3477 0090 43F00073 		orr	r3, r3, #33554432
 3478 0094 8363     		str	r3, [r0, #56]
1309:Drivers/STM32F4xx_HAL_Driver/Src/stm32f4xx_hal_sd.c ****     }
 3479              		.loc 1 1309 7 is_stmt 1 view .LVU1278
1309:Drivers/STM32F4xx_HAL_Driver/Src/stm32f4xx_hal_sd.c ****     }
 3480              		.loc 1 1309 14 is_stmt 0 view .LVU1279
 3481 0096 45E0     		b	.L207
 3482              	.LVL285:
 3483              	.L210:
1348:Drivers/STM32F4xx_HAL_Driver/Src/stm32f4xx_hal_sd.c **** 
 3484              		.loc 1 1348 7 is_stmt 1 view .LVU1280
1348:Drivers/STM32F4xx_HAL_Driver/Src/stm32f4xx_hal_sd.c **** 
 3485              		.loc 1 1348 20 is_stmt 0 view .LVU1281
 3486 0098 9023     		movs	r3, #144
 3487 009a 2363     		str	r3, [r4, #48]
1351:Drivers/STM32F4xx_HAL_Driver/Src/stm32f4xx_hal_sd.c ****     }
 3488              		.loc 1 1351 7 is_stmt 1 view .LVU1282
1351:Drivers/STM32F4xx_HAL_Driver/Src/stm32f4xx_hal_sd.c ****     }
 3489              		.loc 1 1351 20 is_stmt 0 view .LVU1283
 3490 009c 1146     		mov	r1, r2
 3491 009e 2068     		ldr	r0, [r4]
 3492 00a0 FFF7FEFF 		bl	SDMMC_CmdWriteSingleBlock
 3493              	.LVL286:
1351:Drivers/STM32F4xx_HAL_Driver/Src/stm32f4xx_hal_sd.c ****     }
 3494              		.loc 1 1351 20 view .LVU1284
 3495 00a4 E0E7     		b	.L211
 3496              	.L212:
1364:Drivers/STM32F4xx_HAL_Driver/Src/stm32f4xx_hal_sd.c **** 
 3497              		.loc 1 1364 5 is_stmt 1 view .LVU1285
 3498 00a6 244B     		ldr	r3, .L218+12
 3499 00a8 0122     		movs	r2, #1
 3500 00aa C3F88C25 		str	r2, [r3, #1420]
1367:Drivers/STM32F4xx_HAL_Driver/Src/stm32f4xx_hal_sd.c ****     MODIFY_REG(hsd->hdmatx->Instance->CR, DMA_SxCR_DIR, hsd->hdmatx->Init.Direction);
 3501              		.loc 1 1367 5 view .LVU1286
1367:Drivers/STM32F4xx_HAL_Driver/Src/stm32f4xx_hal_sd.c ****     MODIFY_REG(hsd->hdmatx->Instance->CR, DMA_SxCR_DIR, hsd->hdmatx->Init.Direction);
 3502              		.loc 1 1367 8 is_stmt 0 view .LVU1287
 3503 00ae E36B     		ldr	r3, [r4, #60]
1367:Drivers/STM32F4xx_HAL_Driver/Src/stm32f4xx_hal_sd.c ****     MODIFY_REG(hsd->hdmatx->Instance->CR, DMA_SxCR_DIR, hsd->hdmatx->Init.Direction);
 3504              		.loc 1 1367 33 view .LVU1288
 3505 00b0 4022     		movs	r2, #64
 3506 00b2 9A60     		str	r2, [r3, #8]
ARM GAS  C:\Users\40918\AppData\Local\Temp\cc5Xi7iV.s 			page 141


1368:Drivers/STM32F4xx_HAL_Driver/Src/stm32f4xx_hal_sd.c **** 
 3507              		.loc 1 1368 5 is_stmt 1 view .LVU1289
 3508 00b4 E16B     		ldr	r1, [r4, #60]
 3509 00b6 0A68     		ldr	r2, [r1]
 3510 00b8 1368     		ldr	r3, [r2]
 3511 00ba 23F0C003 		bic	r3, r3, #192
 3512 00be 8968     		ldr	r1, [r1, #8]
 3513 00c0 0B43     		orrs	r3, r3, r1
 3514 00c2 1360     		str	r3, [r2]
1371:Drivers/STM32F4xx_HAL_Driver/Src/stm32f4xx_hal_sd.c ****     {
 3515              		.loc 1 1371 5 view .LVU1290
1371:Drivers/STM32F4xx_HAL_Driver/Src/stm32f4xx_hal_sd.c ****     {
 3516              		.loc 1 1371 69 is_stmt 0 view .LVU1291
 3517 00c4 2268     		ldr	r2, [r4]
1371:Drivers/STM32F4xx_HAL_Driver/Src/stm32f4xx_hal_sd.c ****     {
 3518              		.loc 1 1371 87 view .LVU1292
 3519 00c6 7602     		lsls	r6, r6, #9
 3520              	.LVL287:
1371:Drivers/STM32F4xx_HAL_Driver/Src/stm32f4xx_hal_sd.c ****     {
 3521              		.loc 1 1371 8 view .LVU1293
 3522 00c8 B308     		lsrs	r3, r6, #2
 3523 00ca 8032     		adds	r2, r2, #128
 3524 00cc 3946     		mov	r1, r7
 3525 00ce E06B     		ldr	r0, [r4, #60]
 3526              	.LVL288:
1371:Drivers/STM32F4xx_HAL_Driver/Src/stm32f4xx_hal_sd.c ****     {
 3527              		.loc 1 1371 8 view .LVU1294
 3528 00d0 FFF7FEFF 		bl	HAL_DMA_Start_IT
 3529              	.LVL289:
1371:Drivers/STM32F4xx_HAL_Driver/Src/stm32f4xx_hal_sd.c ****     {
 3530              		.loc 1 1371 7 discriminator 1 view .LVU1295
 3531 00d4 0746     		mov	r7, r0
 3532              	.LVL290:
1371:Drivers/STM32F4xx_HAL_Driver/Src/stm32f4xx_hal_sd.c ****     {
 3533              		.loc 1 1371 7 discriminator 1 view .LVU1296
 3534 00d6 98B1     		cbz	r0, .L213
1374:Drivers/STM32F4xx_HAL_Driver/Src/stm32f4xx_hal_sd.c **** #else /* SDIO_STA_STBITERR not defined */
 3535              		.loc 1 1374 7 is_stmt 1 view .LVU1297
 3536 00d8 2268     		ldr	r2, [r4]
 3537 00da D36B     		ldr	r3, [r2, #60]
 3538 00dc 23F40673 		bic	r3, r3, #536
 3539 00e0 23F00203 		bic	r3, r3, #2
 3540 00e4 D363     		str	r3, [r2, #60]
1378:Drivers/STM32F4xx_HAL_Driver/Src/stm32f4xx_hal_sd.c ****       hsd->ErrorCode |= HAL_SD_ERROR_DMA;
 3541              		.loc 1 1378 7 view .LVU1298
 3542 00e6 2368     		ldr	r3, [r4]
 3543 00e8 124A     		ldr	r2, .L218+8
 3544 00ea 9A63     		str	r2, [r3, #56]
1379:Drivers/STM32F4xx_HAL_Driver/Src/stm32f4xx_hal_sd.c ****       hsd->State = HAL_SD_STATE_READY;
 3545              		.loc 1 1379 7 view .LVU1299
1379:Drivers/STM32F4xx_HAL_Driver/Src/stm32f4xx_hal_sd.c ****       hsd->State = HAL_SD_STATE_READY;
 3546              		.loc 1 1379 10 is_stmt 0 view .LVU1300
 3547 00ec A36B     		ldr	r3, [r4, #56]
1379:Drivers/STM32F4xx_HAL_Driver/Src/stm32f4xx_hal_sd.c ****       hsd->State = HAL_SD_STATE_READY;
 3548              		.loc 1 1379 22 view .LVU1301
 3549 00ee 43F08043 		orr	r3, r3, #1073741824
 3550 00f2 A363     		str	r3, [r4, #56]
ARM GAS  C:\Users\40918\AppData\Local\Temp\cc5Xi7iV.s 			page 142


1380:Drivers/STM32F4xx_HAL_Driver/Src/stm32f4xx_hal_sd.c ****       hsd->Context = SD_CONTEXT_NONE;
 3551              		.loc 1 1380 7 is_stmt 1 view .LVU1302
1380:Drivers/STM32F4xx_HAL_Driver/Src/stm32f4xx_hal_sd.c ****       hsd->Context = SD_CONTEXT_NONE;
 3552              		.loc 1 1380 18 is_stmt 0 view .LVU1303
 3553 00f4 0123     		movs	r3, #1
 3554 00f6 84F83430 		strb	r3, [r4, #52]
1381:Drivers/STM32F4xx_HAL_Driver/Src/stm32f4xx_hal_sd.c ****       return HAL_ERROR;
 3555              		.loc 1 1381 7 is_stmt 1 view .LVU1304
1381:Drivers/STM32F4xx_HAL_Driver/Src/stm32f4xx_hal_sd.c ****       return HAL_ERROR;
 3556              		.loc 1 1381 20 is_stmt 0 view .LVU1305
 3557 00fa 0023     		movs	r3, #0
 3558 00fc 2363     		str	r3, [r4, #48]
1382:Drivers/STM32F4xx_HAL_Driver/Src/stm32f4xx_hal_sd.c ****     }
 3559              		.loc 1 1382 7 is_stmt 1 view .LVU1306
1382:Drivers/STM32F4xx_HAL_Driver/Src/stm32f4xx_hal_sd.c ****     }
 3560              		.loc 1 1382 14 is_stmt 0 view .LVU1307
 3561 00fe 11E0     		b	.L207
 3562              	.L213:
1387:Drivers/STM32F4xx_HAL_Driver/Src/stm32f4xx_hal_sd.c ****       config.DataLength    = BLOCKSIZE * NumberOfBlocks;
 3563              		.loc 1 1387 7 is_stmt 1 view .LVU1308
1387:Drivers/STM32F4xx_HAL_Driver/Src/stm32f4xx_hal_sd.c ****       config.DataLength    = BLOCKSIZE * NumberOfBlocks;
 3564              		.loc 1 1387 28 is_stmt 0 view .LVU1309
 3565 0100 4FF0FF33 		mov	r3, #-1
 3566 0104 0093     		str	r3, [sp]
1388:Drivers/STM32F4xx_HAL_Driver/Src/stm32f4xx_hal_sd.c ****       config.DataBlockSize = SDIO_DATABLOCK_SIZE_512B;
 3567              		.loc 1 1388 7 is_stmt 1 view .LVU1310
1388:Drivers/STM32F4xx_HAL_Driver/Src/stm32f4xx_hal_sd.c ****       config.DataBlockSize = SDIO_DATABLOCK_SIZE_512B;
 3568              		.loc 1 1388 28 is_stmt 0 view .LVU1311
 3569 0106 0196     		str	r6, [sp, #4]
1389:Drivers/STM32F4xx_HAL_Driver/Src/stm32f4xx_hal_sd.c ****       config.TransferDir   = SDIO_TRANSFER_DIR_TO_CARD;
 3570              		.loc 1 1389 7 is_stmt 1 view .LVU1312
1389:Drivers/STM32F4xx_HAL_Driver/Src/stm32f4xx_hal_sd.c ****       config.TransferDir   = SDIO_TRANSFER_DIR_TO_CARD;
 3571              		.loc 1 1389 28 is_stmt 0 view .LVU1313
 3572 0108 9023     		movs	r3, #144
 3573 010a 0293     		str	r3, [sp, #8]
1390:Drivers/STM32F4xx_HAL_Driver/Src/stm32f4xx_hal_sd.c ****       config.TransferMode  = SDIO_TRANSFER_MODE_BLOCK;
 3574              		.loc 1 1390 7 is_stmt 1 view .LVU1314
1390:Drivers/STM32F4xx_HAL_Driver/Src/stm32f4xx_hal_sd.c ****       config.TransferMode  = SDIO_TRANSFER_MODE_BLOCK;
 3575              		.loc 1 1390 28 is_stmt 0 view .LVU1315
 3576 010c 0023     		movs	r3, #0
 3577 010e 0393     		str	r3, [sp, #12]
1391:Drivers/STM32F4xx_HAL_Driver/Src/stm32f4xx_hal_sd.c ****       config.DPSM          = SDIO_DPSM_ENABLE;
 3578              		.loc 1 1391 7 is_stmt 1 view .LVU1316
1391:Drivers/STM32F4xx_HAL_Driver/Src/stm32f4xx_hal_sd.c ****       config.DPSM          = SDIO_DPSM_ENABLE;
 3579              		.loc 1 1391 28 is_stmt 0 view .LVU1317
 3580 0110 0493     		str	r3, [sp, #16]
1392:Drivers/STM32F4xx_HAL_Driver/Src/stm32f4xx_hal_sd.c ****       (void)SDIO_ConfigData(hsd->Instance, &config);
 3581              		.loc 1 1392 7 is_stmt 1 view .LVU1318
1392:Drivers/STM32F4xx_HAL_Driver/Src/stm32f4xx_hal_sd.c ****       (void)SDIO_ConfigData(hsd->Instance, &config);
 3582              		.loc 1 1392 28 is_stmt 0 view .LVU1319
 3583 0112 0123     		movs	r3, #1
 3584 0114 0593     		str	r3, [sp, #20]
1393:Drivers/STM32F4xx_HAL_Driver/Src/stm32f4xx_hal_sd.c **** 
 3585              		.loc 1 1393 7 is_stmt 1 view .LVU1320
1393:Drivers/STM32F4xx_HAL_Driver/Src/stm32f4xx_hal_sd.c **** 
 3586              		.loc 1 1393 13 is_stmt 0 view .LVU1321
 3587 0116 6946     		mov	r1, sp
ARM GAS  C:\Users\40918\AppData\Local\Temp\cc5Xi7iV.s 			page 143


 3588 0118 2068     		ldr	r0, [r4]
 3589 011a FFF7FEFF 		bl	SDIO_ConfigData
 3590              	.LVL291:
1395:Drivers/STM32F4xx_HAL_Driver/Src/stm32f4xx_hal_sd.c ****     }
 3591              		.loc 1 1395 7 is_stmt 1 view .LVU1322
1395:Drivers/STM32F4xx_HAL_Driver/Src/stm32f4xx_hal_sd.c ****     }
 3592              		.loc 1 1395 14 is_stmt 0 view .LVU1323
 3593 011e 3D46     		mov	r5, r7
 3594 0120 00E0     		b	.L207
 3595              	.LVL292:
 3596              	.L214:
1400:Drivers/STM32F4xx_HAL_Driver/Src/stm32f4xx_hal_sd.c ****   }
 3597              		.loc 1 1400 12 view .LVU1324
 3598 0122 0225     		movs	r5, #2
 3599              	.LVL293:
 3600              	.L207:
1402:Drivers/STM32F4xx_HAL_Driver/Src/stm32f4xx_hal_sd.c **** 
 3601              		.loc 1 1402 1 view .LVU1325
 3602 0124 2846     		mov	r0, r5
 3603 0126 07B0     		add	sp, sp, #28
 3604              	.LCFI48:
 3605              		.cfi_def_cfa_offset 20
 3606              		@ sp needed
 3607 0128 F0BD     		pop	{r4, r5, r6, r7, pc}
 3608              	.LVL294:
 3609              	.L219:
1402:Drivers/STM32F4xx_HAL_Driver/Src/stm32f4xx_hal_sd.c **** 
 3610              		.loc 1 1402 1 view .LVU1326
 3611 012a 00BF     		.align	2
 3612              	.L218:
 3613 012c 00000000 		.word	SD_DMATransmitCplt
 3614 0130 00000000 		.word	SD_DMAError
 3615 0134 FF054000 		.word	4195839
 3616 0138 00802542 		.word	1109753856
 3617              		.cfi_endproc
 3618              	.LFE249:
 3620              		.section	.text.HAL_SD_Erase,"ax",%progbits
 3621              		.align	1
 3622              		.global	HAL_SD_Erase
 3623              		.syntax unified
 3624              		.thumb
 3625              		.thumb_func
 3627              	HAL_SD_Erase:
 3628              	.LVL295:
 3629              	.LFB250:
1414:Drivers/STM32F4xx_HAL_Driver/Src/stm32f4xx_hal_sd.c ****   uint32_t errorstate;
 3630              		.loc 1 1414 1 is_stmt 1 view -0
 3631              		.cfi_startproc
 3632              		@ args = 0, pretend = 0, frame = 0
 3633              		@ frame_needed = 0, uses_anonymous_args = 0
1414:Drivers/STM32F4xx_HAL_Driver/Src/stm32f4xx_hal_sd.c ****   uint32_t errorstate;
 3634              		.loc 1 1414 1 is_stmt 0 view .LVU1328
 3635 0000 F8B5     		push	{r3, r4, r5, r6, r7, lr}
 3636              	.LCFI49:
 3637              		.cfi_def_cfa_offset 24
 3638              		.cfi_offset 3, -24
 3639              		.cfi_offset 4, -20
ARM GAS  C:\Users\40918\AppData\Local\Temp\cc5Xi7iV.s 			page 144


 3640              		.cfi_offset 5, -16
 3641              		.cfi_offset 6, -12
 3642              		.cfi_offset 7, -8
 3643              		.cfi_offset 14, -4
1415:Drivers/STM32F4xx_HAL_Driver/Src/stm32f4xx_hal_sd.c ****   uint32_t start_add = BlockStartAdd;
 3644              		.loc 1 1415 3 is_stmt 1 view .LVU1329
1416:Drivers/STM32F4xx_HAL_Driver/Src/stm32f4xx_hal_sd.c ****   uint32_t end_add = BlockEndAdd;
 3645              		.loc 1 1416 3 view .LVU1330
 3646              	.LVL296:
1417:Drivers/STM32F4xx_HAL_Driver/Src/stm32f4xx_hal_sd.c **** 
 3647              		.loc 1 1417 3 view .LVU1331
1419:Drivers/STM32F4xx_HAL_Driver/Src/stm32f4xx_hal_sd.c ****   {
 3648              		.loc 1 1419 3 view .LVU1332
1419:Drivers/STM32F4xx_HAL_Driver/Src/stm32f4xx_hal_sd.c ****   {
 3649              		.loc 1 1419 9 is_stmt 0 view .LVU1333
 3650 0002 90F83450 		ldrb	r5, [r0, #52]	@ zero_extendqisi2
 3651 0006 EDB2     		uxtb	r5, r5
1419:Drivers/STM32F4xx_HAL_Driver/Src/stm32f4xx_hal_sd.c ****   {
 3652              		.loc 1 1419 5 view .LVU1334
 3653 0008 012D     		cmp	r5, #1
 3654 000a 6FD1     		bne	.L230
 3655 000c 0446     		mov	r4, r0
 3656 000e 0F46     		mov	r7, r1
 3657 0010 1646     		mov	r6, r2
1421:Drivers/STM32F4xx_HAL_Driver/Src/stm32f4xx_hal_sd.c **** 
 3658              		.loc 1 1421 5 is_stmt 1 view .LVU1335
1421:Drivers/STM32F4xx_HAL_Driver/Src/stm32f4xx_hal_sd.c **** 
 3659              		.loc 1 1421 20 is_stmt 0 view .LVU1336
 3660 0012 0023     		movs	r3, #0
 3661 0014 8363     		str	r3, [r0, #56]
1423:Drivers/STM32F4xx_HAL_Driver/Src/stm32f4xx_hal_sd.c ****     {
 3662              		.loc 1 1423 5 is_stmt 1 view .LVU1337
1423:Drivers/STM32F4xx_HAL_Driver/Src/stm32f4xx_hal_sd.c ****     {
 3663              		.loc 1 1423 7 is_stmt 0 view .LVU1338
 3664 0016 9142     		cmp	r1, r2
 3665 0018 14D8     		bhi	.L232
1429:Drivers/STM32F4xx_HAL_Driver/Src/stm32f4xx_hal_sd.c ****     {
 3666              		.loc 1 1429 5 is_stmt 1 view .LVU1339
1429:Drivers/STM32F4xx_HAL_Driver/Src/stm32f4xx_hal_sd.c ****     {
 3667              		.loc 1 1429 30 is_stmt 0 view .LVU1340
 3668 001a C36D     		ldr	r3, [r0, #92]
1429:Drivers/STM32F4xx_HAL_Driver/Src/stm32f4xx_hal_sd.c ****     {
 3669              		.loc 1 1429 7 view .LVU1341
 3670 001c 9342     		cmp	r3, r2
 3671 001e 16D3     		bcc	.L233
1435:Drivers/STM32F4xx_HAL_Driver/Src/stm32f4xx_hal_sd.c **** 
 3672              		.loc 1 1435 5 is_stmt 1 view .LVU1342
1435:Drivers/STM32F4xx_HAL_Driver/Src/stm32f4xx_hal_sd.c **** 
 3673              		.loc 1 1435 16 is_stmt 0 view .LVU1343
 3674 0020 0323     		movs	r3, #3
 3675 0022 80F83430 		strb	r3, [r0, #52]
1438:Drivers/STM32F4xx_HAL_Driver/Src/stm32f4xx_hal_sd.c ****     {
 3676              		.loc 1 1438 5 is_stmt 1 view .LVU1344
1438:Drivers/STM32F4xx_HAL_Driver/Src/stm32f4xx_hal_sd.c ****     {
 3677              		.loc 1 1438 21 is_stmt 0 view .LVU1345
 3678 0026 C36C     		ldr	r3, [r0, #76]
1438:Drivers/STM32F4xx_HAL_Driver/Src/stm32f4xx_hal_sd.c ****     {
ARM GAS  C:\Users\40918\AppData\Local\Temp\cc5Xi7iV.s 			page 145


 3679              		.loc 1 1438 7 view .LVU1346
 3680 0028 13F0200F 		tst	r3, #32
 3681 002c 14D1     		bne	.L224
1441:Drivers/STM32F4xx_HAL_Driver/Src/stm32f4xx_hal_sd.c ****       hsd->ErrorCode |= HAL_SD_ERROR_REQUEST_NOT_APPLICABLE;
 3682              		.loc 1 1441 7 is_stmt 1 view .LVU1347
 3683 002e 0368     		ldr	r3, [r0]
 3684 0030 304A     		ldr	r2, .L236
 3685              	.LVL297:
1441:Drivers/STM32F4xx_HAL_Driver/Src/stm32f4xx_hal_sd.c ****       hsd->ErrorCode |= HAL_SD_ERROR_REQUEST_NOT_APPLICABLE;
 3686              		.loc 1 1441 7 is_stmt 0 view .LVU1348
 3687 0032 9A63     		str	r2, [r3, #56]
1442:Drivers/STM32F4xx_HAL_Driver/Src/stm32f4xx_hal_sd.c ****       hsd->State = HAL_SD_STATE_READY;
 3688              		.loc 1 1442 7 is_stmt 1 view .LVU1349
1442:Drivers/STM32F4xx_HAL_Driver/Src/stm32f4xx_hal_sd.c ****       hsd->State = HAL_SD_STATE_READY;
 3689              		.loc 1 1442 10 is_stmt 0 view .LVU1350
 3690 0034 836B     		ldr	r3, [r0, #56]
1442:Drivers/STM32F4xx_HAL_Driver/Src/stm32f4xx_hal_sd.c ****       hsd->State = HAL_SD_STATE_READY;
 3691              		.loc 1 1442 22 view .LVU1351
 3692 0036 43F08063 		orr	r3, r3, #67108864
 3693 003a 8363     		str	r3, [r0, #56]
1443:Drivers/STM32F4xx_HAL_Driver/Src/stm32f4xx_hal_sd.c ****       return HAL_ERROR;
 3694              		.loc 1 1443 7 is_stmt 1 view .LVU1352
1443:Drivers/STM32F4xx_HAL_Driver/Src/stm32f4xx_hal_sd.c ****       return HAL_ERROR;
 3695              		.loc 1 1443 18 is_stmt 0 view .LVU1353
 3696 003c 0123     		movs	r3, #1
 3697 003e 80F83430 		strb	r3, [r0, #52]
1444:Drivers/STM32F4xx_HAL_Driver/Src/stm32f4xx_hal_sd.c ****     }
 3698              		.loc 1 1444 7 is_stmt 1 view .LVU1354
1444:Drivers/STM32F4xx_HAL_Driver/Src/stm32f4xx_hal_sd.c ****     }
 3699              		.loc 1 1444 14 is_stmt 0 view .LVU1355
 3700 0042 54E0     		b	.L221
 3701              	.LVL298:
 3702              	.L232:
1425:Drivers/STM32F4xx_HAL_Driver/Src/stm32f4xx_hal_sd.c ****       return HAL_ERROR;
 3703              		.loc 1 1425 7 is_stmt 1 view .LVU1356
1425:Drivers/STM32F4xx_HAL_Driver/Src/stm32f4xx_hal_sd.c ****       return HAL_ERROR;
 3704              		.loc 1 1425 10 is_stmt 0 view .LVU1357
 3705 0044 836B     		ldr	r3, [r0, #56]
1425:Drivers/STM32F4xx_HAL_Driver/Src/stm32f4xx_hal_sd.c ****       return HAL_ERROR;
 3706              		.loc 1 1425 22 view .LVU1358
 3707 0046 43F00063 		orr	r3, r3, #134217728
 3708 004a 8363     		str	r3, [r0, #56]
1426:Drivers/STM32F4xx_HAL_Driver/Src/stm32f4xx_hal_sd.c ****     }
 3709              		.loc 1 1426 7 is_stmt 1 view .LVU1359
1426:Drivers/STM32F4xx_HAL_Driver/Src/stm32f4xx_hal_sd.c ****     }
 3710              		.loc 1 1426 14 is_stmt 0 view .LVU1360
 3711 004c 4FE0     		b	.L221
 3712              	.L233:
1431:Drivers/STM32F4xx_HAL_Driver/Src/stm32f4xx_hal_sd.c ****       return HAL_ERROR;
 3713              		.loc 1 1431 7 is_stmt 1 view .LVU1361
1431:Drivers/STM32F4xx_HAL_Driver/Src/stm32f4xx_hal_sd.c ****       return HAL_ERROR;
 3714              		.loc 1 1431 10 is_stmt 0 view .LVU1362
 3715 004e 836B     		ldr	r3, [r0, #56]
1431:Drivers/STM32F4xx_HAL_Driver/Src/stm32f4xx_hal_sd.c ****       return HAL_ERROR;
 3716              		.loc 1 1431 22 view .LVU1363
 3717 0050 43F00073 		orr	r3, r3, #33554432
 3718 0054 8363     		str	r3, [r0, #56]
ARM GAS  C:\Users\40918\AppData\Local\Temp\cc5Xi7iV.s 			page 146


1432:Drivers/STM32F4xx_HAL_Driver/Src/stm32f4xx_hal_sd.c ****     }
 3719              		.loc 1 1432 7 is_stmt 1 view .LVU1364
1432:Drivers/STM32F4xx_HAL_Driver/Src/stm32f4xx_hal_sd.c ****     }
 3720              		.loc 1 1432 14 is_stmt 0 view .LVU1365
 3721 0056 4AE0     		b	.L221
 3722              	.L224:
1447:Drivers/STM32F4xx_HAL_Driver/Src/stm32f4xx_hal_sd.c ****     {
 3723              		.loc 1 1447 5 is_stmt 1 view .LVU1366
1447:Drivers/STM32F4xx_HAL_Driver/Src/stm32f4xx_hal_sd.c ****     {
 3724              		.loc 1 1447 9 is_stmt 0 view .LVU1367
 3725 0058 0021     		movs	r1, #0
 3726              	.LVL299:
1447:Drivers/STM32F4xx_HAL_Driver/Src/stm32f4xx_hal_sd.c ****     {
 3727              		.loc 1 1447 9 view .LVU1368
 3728 005a 0068     		ldr	r0, [r0]
 3729              	.LVL300:
1447:Drivers/STM32F4xx_HAL_Driver/Src/stm32f4xx_hal_sd.c ****     {
 3730              		.loc 1 1447 9 view .LVU1369
 3731 005c FFF7FEFF 		bl	SDIO_GetResponse
 3732              	.LVL301:
1447:Drivers/STM32F4xx_HAL_Driver/Src/stm32f4xx_hal_sd.c ****     {
 3733              		.loc 1 1447 7 discriminator 1 view .LVU1370
 3734 0060 10F0007F 		tst	r0, #33554432
 3735 0064 15D1     		bne	.L234
1457:Drivers/STM32F4xx_HAL_Driver/Src/stm32f4xx_hal_sd.c ****     {
 3736              		.loc 1 1457 5 is_stmt 1 view .LVU1371
1457:Drivers/STM32F4xx_HAL_Driver/Src/stm32f4xx_hal_sd.c ****     {
 3737              		.loc 1 1457 19 is_stmt 0 view .LVU1372
 3738 0066 636C     		ldr	r3, [r4, #68]
1457:Drivers/STM32F4xx_HAL_Driver/Src/stm32f4xx_hal_sd.c ****     {
 3739              		.loc 1 1457 7 view .LVU1373
 3740 0068 012B     		cmp	r3, #1
 3741 006a 01D0     		beq	.L226
1459:Drivers/STM32F4xx_HAL_Driver/Src/stm32f4xx_hal_sd.c ****       end_add   *= 512U;
 3742              		.loc 1 1459 7 is_stmt 1 view .LVU1374
1459:Drivers/STM32F4xx_HAL_Driver/Src/stm32f4xx_hal_sd.c ****       end_add   *= 512U;
 3743              		.loc 1 1459 17 is_stmt 0 view .LVU1375
 3744 006c 7F02     		lsls	r7, r7, #9
 3745              	.LVL302:
1460:Drivers/STM32F4xx_HAL_Driver/Src/stm32f4xx_hal_sd.c ****     }
 3746              		.loc 1 1460 7 is_stmt 1 view .LVU1376
1460:Drivers/STM32F4xx_HAL_Driver/Src/stm32f4xx_hal_sd.c ****     }
 3747              		.loc 1 1460 17 is_stmt 0 view .LVU1377
 3748 006e 7602     		lsls	r6, r6, #9
 3749              	.LVL303:
 3750              	.L226:
1464:Drivers/STM32F4xx_HAL_Driver/Src/stm32f4xx_hal_sd.c ****     {
 3751              		.loc 1 1464 5 is_stmt 1 view .LVU1378
1464:Drivers/STM32F4xx_HAL_Driver/Src/stm32f4xx_hal_sd.c ****     {
 3752              		.loc 1 1464 7 is_stmt 0 view .LVU1379
 3753 0070 032B     		cmp	r3, #3
 3754 0072 1ED0     		beq	.L227
1467:Drivers/STM32F4xx_HAL_Driver/Src/stm32f4xx_hal_sd.c ****       if(errorstate != HAL_SD_ERROR_NONE)
 3755              		.loc 1 1467 7 is_stmt 1 view .LVU1380
1467:Drivers/STM32F4xx_HAL_Driver/Src/stm32f4xx_hal_sd.c ****       if(errorstate != HAL_SD_ERROR_NONE)
 3756              		.loc 1 1467 20 is_stmt 0 view .LVU1381
 3757 0074 3946     		mov	r1, r7
ARM GAS  C:\Users\40918\AppData\Local\Temp\cc5Xi7iV.s 			page 147


 3758 0076 2068     		ldr	r0, [r4]
 3759 0078 FFF7FEFF 		bl	SDMMC_CmdSDEraseStartAdd
 3760              	.LVL304:
1468:Drivers/STM32F4xx_HAL_Driver/Src/stm32f4xx_hal_sd.c ****       {
 3761              		.loc 1 1468 7 is_stmt 1 view .LVU1382
1468:Drivers/STM32F4xx_HAL_Driver/Src/stm32f4xx_hal_sd.c ****       {
 3762              		.loc 1 1468 9 is_stmt 0 view .LVU1383
 3763 007c A0B1     		cbz	r0, .L228
1471:Drivers/STM32F4xx_HAL_Driver/Src/stm32f4xx_hal_sd.c ****         hsd->ErrorCode |= errorstate;
 3764              		.loc 1 1471 9 is_stmt 1 view .LVU1384
 3765 007e 2368     		ldr	r3, [r4]
 3766 0080 1C49     		ldr	r1, .L236
 3767 0082 9963     		str	r1, [r3, #56]
1472:Drivers/STM32F4xx_HAL_Driver/Src/stm32f4xx_hal_sd.c ****         hsd->State = HAL_SD_STATE_READY;
 3768              		.loc 1 1472 9 view .LVU1385
1472:Drivers/STM32F4xx_HAL_Driver/Src/stm32f4xx_hal_sd.c ****         hsd->State = HAL_SD_STATE_READY;
 3769              		.loc 1 1472 12 is_stmt 0 view .LVU1386
 3770 0084 A36B     		ldr	r3, [r4, #56]
1472:Drivers/STM32F4xx_HAL_Driver/Src/stm32f4xx_hal_sd.c ****         hsd->State = HAL_SD_STATE_READY;
 3771              		.loc 1 1472 24 view .LVU1387
 3772 0086 0343     		orrs	r3, r3, r0
 3773 0088 A363     		str	r3, [r4, #56]
1473:Drivers/STM32F4xx_HAL_Driver/Src/stm32f4xx_hal_sd.c ****         return HAL_ERROR;
 3774              		.loc 1 1473 9 is_stmt 1 view .LVU1388
1473:Drivers/STM32F4xx_HAL_Driver/Src/stm32f4xx_hal_sd.c ****         return HAL_ERROR;
 3775              		.loc 1 1473 20 is_stmt 0 view .LVU1389
 3776 008a 0123     		movs	r3, #1
 3777 008c 84F83430 		strb	r3, [r4, #52]
1474:Drivers/STM32F4xx_HAL_Driver/Src/stm32f4xx_hal_sd.c ****       }
 3778              		.loc 1 1474 9 is_stmt 1 view .LVU1390
1474:Drivers/STM32F4xx_HAL_Driver/Src/stm32f4xx_hal_sd.c ****       }
 3779              		.loc 1 1474 16 is_stmt 0 view .LVU1391
 3780 0090 2DE0     		b	.L221
 3781              	.LVL305:
 3782              	.L234:
1450:Drivers/STM32F4xx_HAL_Driver/Src/stm32f4xx_hal_sd.c ****       hsd->ErrorCode |= HAL_SD_ERROR_LOCK_UNLOCK_FAILED;
 3783              		.loc 1 1450 7 is_stmt 1 view .LVU1392
 3784 0092 2368     		ldr	r3, [r4]
 3785 0094 174A     		ldr	r2, .L236
 3786 0096 9A63     		str	r2, [r3, #56]
1451:Drivers/STM32F4xx_HAL_Driver/Src/stm32f4xx_hal_sd.c ****       hsd->State = HAL_SD_STATE_READY;
 3787              		.loc 1 1451 7 view .LVU1393
1451:Drivers/STM32F4xx_HAL_Driver/Src/stm32f4xx_hal_sd.c ****       hsd->State = HAL_SD_STATE_READY;
 3788              		.loc 1 1451 10 is_stmt 0 view .LVU1394
 3789 0098 A36B     		ldr	r3, [r4, #56]
1451:Drivers/STM32F4xx_HAL_Driver/Src/stm32f4xx_hal_sd.c ****       hsd->State = HAL_SD_STATE_READY;
 3790              		.loc 1 1451 22 view .LVU1395
 3791 009a 43F40063 		orr	r3, r3, #2048
 3792 009e A363     		str	r3, [r4, #56]
1452:Drivers/STM32F4xx_HAL_Driver/Src/stm32f4xx_hal_sd.c ****       return HAL_ERROR;
 3793              		.loc 1 1452 7 is_stmt 1 view .LVU1396
1452:Drivers/STM32F4xx_HAL_Driver/Src/stm32f4xx_hal_sd.c ****       return HAL_ERROR;
 3794              		.loc 1 1452 18 is_stmt 0 view .LVU1397
 3795 00a0 0123     		movs	r3, #1
 3796 00a2 84F83430 		strb	r3, [r4, #52]
1453:Drivers/STM32F4xx_HAL_Driver/Src/stm32f4xx_hal_sd.c ****     }
 3797              		.loc 1 1453 7 is_stmt 1 view .LVU1398
ARM GAS  C:\Users\40918\AppData\Local\Temp\cc5Xi7iV.s 			page 148


1453:Drivers/STM32F4xx_HAL_Driver/Src/stm32f4xx_hal_sd.c ****     }
 3798              		.loc 1 1453 14 is_stmt 0 view .LVU1399
 3799 00a6 22E0     		b	.L221
 3800              	.LVL306:
 3801              	.L228:
1478:Drivers/STM32F4xx_HAL_Driver/Src/stm32f4xx_hal_sd.c ****       if(errorstate != HAL_SD_ERROR_NONE)
 3802              		.loc 1 1478 7 is_stmt 1 view .LVU1400
1478:Drivers/STM32F4xx_HAL_Driver/Src/stm32f4xx_hal_sd.c ****       if(errorstate != HAL_SD_ERROR_NONE)
 3803              		.loc 1 1478 20 is_stmt 0 view .LVU1401
 3804 00a8 3146     		mov	r1, r6
 3805 00aa 2068     		ldr	r0, [r4]
 3806              	.LVL307:
1478:Drivers/STM32F4xx_HAL_Driver/Src/stm32f4xx_hal_sd.c ****       if(errorstate != HAL_SD_ERROR_NONE)
 3807              		.loc 1 1478 20 view .LVU1402
 3808 00ac FFF7FEFF 		bl	SDMMC_CmdSDEraseEndAdd
 3809              	.LVL308:
1479:Drivers/STM32F4xx_HAL_Driver/Src/stm32f4xx_hal_sd.c ****       {
 3810              		.loc 1 1479 7 is_stmt 1 view .LVU1403
1479:Drivers/STM32F4xx_HAL_Driver/Src/stm32f4xx_hal_sd.c ****       {
 3811              		.loc 1 1479 9 is_stmt 0 view .LVU1404
 3812 00b0 68B9     		cbnz	r0, .L235
 3813              	.LVL309:
 3814              	.L227:
1490:Drivers/STM32F4xx_HAL_Driver/Src/stm32f4xx_hal_sd.c ****     if(errorstate != HAL_SD_ERROR_NONE)
 3815              		.loc 1 1490 5 is_stmt 1 view .LVU1405
1490:Drivers/STM32F4xx_HAL_Driver/Src/stm32f4xx_hal_sd.c ****     if(errorstate != HAL_SD_ERROR_NONE)
 3816              		.loc 1 1490 18 is_stmt 0 view .LVU1406
 3817 00b2 2068     		ldr	r0, [r4]
 3818 00b4 FFF7FEFF 		bl	SDMMC_CmdErase
 3819              	.LVL310:
1491:Drivers/STM32F4xx_HAL_Driver/Src/stm32f4xx_hal_sd.c ****     {
 3820              		.loc 1 1491 5 is_stmt 1 view .LVU1407
1491:Drivers/STM32F4xx_HAL_Driver/Src/stm32f4xx_hal_sd.c ****     {
 3821              		.loc 1 1491 7 is_stmt 0 view .LVU1408
 3822 00b8 98B1     		cbz	r0, .L229
1494:Drivers/STM32F4xx_HAL_Driver/Src/stm32f4xx_hal_sd.c ****       hsd->ErrorCode |= errorstate;
 3823              		.loc 1 1494 7 is_stmt 1 view .LVU1409
 3824 00ba 2368     		ldr	r3, [r4]
 3825 00bc 0D49     		ldr	r1, .L236
 3826 00be 9963     		str	r1, [r3, #56]
1495:Drivers/STM32F4xx_HAL_Driver/Src/stm32f4xx_hal_sd.c ****       hsd->State = HAL_SD_STATE_READY;
 3827              		.loc 1 1495 7 view .LVU1410
1495:Drivers/STM32F4xx_HAL_Driver/Src/stm32f4xx_hal_sd.c ****       hsd->State = HAL_SD_STATE_READY;
 3828              		.loc 1 1495 10 is_stmt 0 view .LVU1411
 3829 00c0 A36B     		ldr	r3, [r4, #56]
1495:Drivers/STM32F4xx_HAL_Driver/Src/stm32f4xx_hal_sd.c ****       hsd->State = HAL_SD_STATE_READY;
 3830              		.loc 1 1495 22 view .LVU1412
 3831 00c2 0343     		orrs	r3, r3, r0
 3832 00c4 A363     		str	r3, [r4, #56]
1496:Drivers/STM32F4xx_HAL_Driver/Src/stm32f4xx_hal_sd.c ****       return HAL_ERROR;
 3833              		.loc 1 1496 7 is_stmt 1 view .LVU1413
1496:Drivers/STM32F4xx_HAL_Driver/Src/stm32f4xx_hal_sd.c ****       return HAL_ERROR;
 3834              		.loc 1 1496 18 is_stmt 0 view .LVU1414
 3835 00c6 0123     		movs	r3, #1
 3836 00c8 84F83430 		strb	r3, [r4, #52]
1497:Drivers/STM32F4xx_HAL_Driver/Src/stm32f4xx_hal_sd.c ****     }
 3837              		.loc 1 1497 7 is_stmt 1 view .LVU1415
ARM GAS  C:\Users\40918\AppData\Local\Temp\cc5Xi7iV.s 			page 149


1497:Drivers/STM32F4xx_HAL_Driver/Src/stm32f4xx_hal_sd.c ****     }
 3838              		.loc 1 1497 14 is_stmt 0 view .LVU1416
 3839 00cc 0FE0     		b	.L221
 3840              	.L235:
1482:Drivers/STM32F4xx_HAL_Driver/Src/stm32f4xx_hal_sd.c ****         hsd->ErrorCode |= errorstate;
 3841              		.loc 1 1482 9 is_stmt 1 view .LVU1417
 3842 00ce 2368     		ldr	r3, [r4]
 3843 00d0 0849     		ldr	r1, .L236
 3844 00d2 9963     		str	r1, [r3, #56]
1483:Drivers/STM32F4xx_HAL_Driver/Src/stm32f4xx_hal_sd.c ****         hsd->State = HAL_SD_STATE_READY;
 3845              		.loc 1 1483 9 view .LVU1418
1483:Drivers/STM32F4xx_HAL_Driver/Src/stm32f4xx_hal_sd.c ****         hsd->State = HAL_SD_STATE_READY;
 3846              		.loc 1 1483 12 is_stmt 0 view .LVU1419
 3847 00d4 A36B     		ldr	r3, [r4, #56]
1483:Drivers/STM32F4xx_HAL_Driver/Src/stm32f4xx_hal_sd.c ****         hsd->State = HAL_SD_STATE_READY;
 3848              		.loc 1 1483 24 view .LVU1420
 3849 00d6 0343     		orrs	r3, r3, r0
 3850 00d8 A363     		str	r3, [r4, #56]
1484:Drivers/STM32F4xx_HAL_Driver/Src/stm32f4xx_hal_sd.c ****         return HAL_ERROR;
 3851              		.loc 1 1484 9 is_stmt 1 view .LVU1421
1484:Drivers/STM32F4xx_HAL_Driver/Src/stm32f4xx_hal_sd.c ****         return HAL_ERROR;
 3852              		.loc 1 1484 20 is_stmt 0 view .LVU1422
 3853 00da 0123     		movs	r3, #1
 3854 00dc 84F83430 		strb	r3, [r4, #52]
1485:Drivers/STM32F4xx_HAL_Driver/Src/stm32f4xx_hal_sd.c ****       }
 3855              		.loc 1 1485 9 is_stmt 1 view .LVU1423
1485:Drivers/STM32F4xx_HAL_Driver/Src/stm32f4xx_hal_sd.c ****       }
 3856              		.loc 1 1485 16 is_stmt 0 view .LVU1424
 3857 00e0 05E0     		b	.L221
 3858              	.L229:
1500:Drivers/STM32F4xx_HAL_Driver/Src/stm32f4xx_hal_sd.c **** 
 3859              		.loc 1 1500 5 is_stmt 1 view .LVU1425
1500:Drivers/STM32F4xx_HAL_Driver/Src/stm32f4xx_hal_sd.c **** 
 3860              		.loc 1 1500 16 is_stmt 0 view .LVU1426
 3861 00e2 0123     		movs	r3, #1
 3862 00e4 84F83430 		strb	r3, [r4, #52]
1502:Drivers/STM32F4xx_HAL_Driver/Src/stm32f4xx_hal_sd.c ****   }
 3863              		.loc 1 1502 5 is_stmt 1 view .LVU1427
1502:Drivers/STM32F4xx_HAL_Driver/Src/stm32f4xx_hal_sd.c ****   }
 3864              		.loc 1 1502 12 is_stmt 0 view .LVU1428
 3865 00e8 0025     		movs	r5, #0
 3866 00ea 00E0     		b	.L221
 3867              	.LVL311:
 3868              	.L230:
1506:Drivers/STM32F4xx_HAL_Driver/Src/stm32f4xx_hal_sd.c ****   }
 3869              		.loc 1 1506 12 view .LVU1429
 3870 00ec 0225     		movs	r5, #2
 3871              	.LVL312:
 3872              	.L221:
1508:Drivers/STM32F4xx_HAL_Driver/Src/stm32f4xx_hal_sd.c **** 
 3873              		.loc 1 1508 1 view .LVU1430
 3874 00ee 2846     		mov	r0, r5
 3875 00f0 F8BD     		pop	{r3, r4, r5, r6, r7, pc}
 3876              	.L237:
 3877 00f2 00BF     		.align	2
 3878              	.L236:
 3879 00f4 FF054000 		.word	4195839
ARM GAS  C:\Users\40918\AppData\Local\Temp\cc5Xi7iV.s 			page 150


 3880              		.cfi_endproc
 3881              	.LFE250:
 3883              		.section	.text.HAL_SD_GetState,"ax",%progbits
 3884              		.align	1
 3885              		.global	HAL_SD_GetState
 3886              		.syntax unified
 3887              		.thumb
 3888              		.thumb_func
 3890              	HAL_SD_GetState:
 3891              	.LVL313:
 3892              	.LFB252:
1732:Drivers/STM32F4xx_HAL_Driver/Src/stm32f4xx_hal_sd.c ****   return hsd->State;
 3893              		.loc 1 1732 1 is_stmt 1 view -0
 3894              		.cfi_startproc
 3895              		@ args = 0, pretend = 0, frame = 0
 3896              		@ frame_needed = 0, uses_anonymous_args = 0
 3897              		@ link register save eliminated.
1733:Drivers/STM32F4xx_HAL_Driver/Src/stm32f4xx_hal_sd.c **** }
 3898              		.loc 1 1733 3 view .LVU1432
1733:Drivers/STM32F4xx_HAL_Driver/Src/stm32f4xx_hal_sd.c **** }
 3899              		.loc 1 1733 13 is_stmt 0 view .LVU1433
 3900 0000 90F83400 		ldrb	r0, [r0, #52]	@ zero_extendqisi2
 3901              	.LVL314:
1734:Drivers/STM32F4xx_HAL_Driver/Src/stm32f4xx_hal_sd.c **** 
 3902              		.loc 1 1734 1 view .LVU1434
 3903 0004 7047     		bx	lr
 3904              		.cfi_endproc
 3905              	.LFE252:
 3907              		.section	.text.HAL_SD_GetError,"ax",%progbits
 3908              		.align	1
 3909              		.global	HAL_SD_GetError
 3910              		.syntax unified
 3911              		.thumb
 3912              		.thumb_func
 3914              	HAL_SD_GetError:
 3915              	.LVL315:
 3916              	.LFB253:
1743:Drivers/STM32F4xx_HAL_Driver/Src/stm32f4xx_hal_sd.c ****   return hsd->ErrorCode;
 3917              		.loc 1 1743 1 is_stmt 1 view -0
 3918              		.cfi_startproc
 3919              		@ args = 0, pretend = 0, frame = 0
 3920              		@ frame_needed = 0, uses_anonymous_args = 0
 3921              		@ link register save eliminated.
1744:Drivers/STM32F4xx_HAL_Driver/Src/stm32f4xx_hal_sd.c **** }
 3922              		.loc 1 1744 3 view .LVU1436
1744:Drivers/STM32F4xx_HAL_Driver/Src/stm32f4xx_hal_sd.c **** }
 3923              		.loc 1 1744 13 is_stmt 0 view .LVU1437
 3924 0000 806B     		ldr	r0, [r0, #56]
 3925              	.LVL316:
1745:Drivers/STM32F4xx_HAL_Driver/Src/stm32f4xx_hal_sd.c **** 
 3926              		.loc 1 1745 1 view .LVU1438
 3927 0002 7047     		bx	lr
 3928              		.cfi_endproc
 3929              	.LFE253:
 3931              		.section	.text.HAL_SD_TxCpltCallback,"ax",%progbits
 3932              		.align	1
 3933              		.weak	HAL_SD_TxCpltCallback
ARM GAS  C:\Users\40918\AppData\Local\Temp\cc5Xi7iV.s 			page 151


 3934              		.syntax unified
 3935              		.thumb
 3936              		.thumb_func
 3938              	HAL_SD_TxCpltCallback:
 3939              	.LVL317:
 3940              	.LFB254:
1753:Drivers/STM32F4xx_HAL_Driver/Src/stm32f4xx_hal_sd.c ****   /* Prevent unused argument(s) compilation warning */
 3941              		.loc 1 1753 1 is_stmt 1 view -0
 3942              		.cfi_startproc
 3943              		@ args = 0, pretend = 0, frame = 0
 3944              		@ frame_needed = 0, uses_anonymous_args = 0
 3945              		@ link register save eliminated.
1755:Drivers/STM32F4xx_HAL_Driver/Src/stm32f4xx_hal_sd.c **** 
 3946              		.loc 1 1755 3 view .LVU1440
1760:Drivers/STM32F4xx_HAL_Driver/Src/stm32f4xx_hal_sd.c **** 
 3947              		.loc 1 1760 1 is_stmt 0 view .LVU1441
 3948 0000 7047     		bx	lr
 3949              		.cfi_endproc
 3950              	.LFE254:
 3952              		.section	.text.HAL_SD_RxCpltCallback,"ax",%progbits
 3953              		.align	1
 3954              		.weak	HAL_SD_RxCpltCallback
 3955              		.syntax unified
 3956              		.thumb
 3957              		.thumb_func
 3959              	HAL_SD_RxCpltCallback:
 3960              	.LVL318:
 3961              	.LFB255:
1768:Drivers/STM32F4xx_HAL_Driver/Src/stm32f4xx_hal_sd.c ****   /* Prevent unused argument(s) compilation warning */
 3962              		.loc 1 1768 1 is_stmt 1 view -0
 3963              		.cfi_startproc
 3964              		@ args = 0, pretend = 0, frame = 0
 3965              		@ frame_needed = 0, uses_anonymous_args = 0
 3966              		@ link register save eliminated.
1770:Drivers/STM32F4xx_HAL_Driver/Src/stm32f4xx_hal_sd.c **** 
 3967              		.loc 1 1770 3 view .LVU1443
1775:Drivers/STM32F4xx_HAL_Driver/Src/stm32f4xx_hal_sd.c **** 
 3968              		.loc 1 1775 1 is_stmt 0 view .LVU1444
 3969 0000 7047     		bx	lr
 3970              		.cfi_endproc
 3971              	.LFE255:
 3973              		.section	.text.HAL_SD_ErrorCallback,"ax",%progbits
 3974              		.align	1
 3975              		.weak	HAL_SD_ErrorCallback
 3976              		.syntax unified
 3977              		.thumb
 3978              		.thumb_func
 3980              	HAL_SD_ErrorCallback:
 3981              	.LVL319:
 3982              	.LFB256:
1783:Drivers/STM32F4xx_HAL_Driver/Src/stm32f4xx_hal_sd.c ****   /* Prevent unused argument(s) compilation warning */
 3983              		.loc 1 1783 1 is_stmt 1 view -0
 3984              		.cfi_startproc
 3985              		@ args = 0, pretend = 0, frame = 0
 3986              		@ frame_needed = 0, uses_anonymous_args = 0
 3987              		@ link register save eliminated.
1785:Drivers/STM32F4xx_HAL_Driver/Src/stm32f4xx_hal_sd.c **** 
ARM GAS  C:\Users\40918\AppData\Local\Temp\cc5Xi7iV.s 			page 152


 3988              		.loc 1 1785 3 view .LVU1446
1790:Drivers/STM32F4xx_HAL_Driver/Src/stm32f4xx_hal_sd.c **** 
 3989              		.loc 1 1790 1 is_stmt 0 view .LVU1447
 3990 0000 7047     		bx	lr
 3991              		.cfi_endproc
 3992              	.LFE256:
 3994              		.section	.text.SD_DMAReceiveCplt,"ax",%progbits
 3995              		.align	1
 3996              		.syntax unified
 3997              		.thumb
 3998              		.thumb_func
 4000              	SD_DMAReceiveCplt:
 4001              	.LVL320:
 4002              	.LFB267:
2510:Drivers/STM32F4xx_HAL_Driver/Src/stm32f4xx_hal_sd.c ****   SD_HandleTypeDef* hsd = (SD_HandleTypeDef* )(hdma->Parent);
 4003              		.loc 1 2510 1 is_stmt 1 view -0
 4004              		.cfi_startproc
 4005              		@ args = 0, pretend = 0, frame = 0
 4006              		@ frame_needed = 0, uses_anonymous_args = 0
2510:Drivers/STM32F4xx_HAL_Driver/Src/stm32f4xx_hal_sd.c ****   SD_HandleTypeDef* hsd = (SD_HandleTypeDef* )(hdma->Parent);
 4007              		.loc 1 2510 1 is_stmt 0 view .LVU1449
 4008 0000 10B5     		push	{r4, lr}
 4009              	.LCFI50:
 4010              		.cfi_def_cfa_offset 8
 4011              		.cfi_offset 4, -8
 4012              		.cfi_offset 14, -4
2511:Drivers/STM32F4xx_HAL_Driver/Src/stm32f4xx_hal_sd.c ****   uint32_t errorstate;
 4013              		.loc 1 2511 3 is_stmt 1 view .LVU1450
2511:Drivers/STM32F4xx_HAL_Driver/Src/stm32f4xx_hal_sd.c ****   uint32_t errorstate;
 4014              		.loc 1 2511 21 is_stmt 0 view .LVU1451
 4015 0002 846B     		ldr	r4, [r0, #56]
 4016              	.LVL321:
2512:Drivers/STM32F4xx_HAL_Driver/Src/stm32f4xx_hal_sd.c **** 
 4017              		.loc 1 2512 3 is_stmt 1 view .LVU1452
2515:Drivers/STM32F4xx_HAL_Driver/Src/stm32f4xx_hal_sd.c ****   {
 4018              		.loc 1 2515 3 view .LVU1453
2515:Drivers/STM32F4xx_HAL_Driver/Src/stm32f4xx_hal_sd.c ****   {
 4019              		.loc 1 2515 9 is_stmt 0 view .LVU1454
 4020 0004 236B     		ldr	r3, [r4, #48]
2515:Drivers/STM32F4xx_HAL_Driver/Src/stm32f4xx_hal_sd.c ****   {
 4021              		.loc 1 2515 5 view .LVU1455
 4022 0006 822B     		cmp	r3, #130
 4023 0008 11D0     		beq	.L246
 4024              	.LVL322:
 4025              	.L244:
2531:Drivers/STM32F4xx_HAL_Driver/Src/stm32f4xx_hal_sd.c **** 
 4026              		.loc 1 2531 3 is_stmt 1 view .LVU1456
2531:Drivers/STM32F4xx_HAL_Driver/Src/stm32f4xx_hal_sd.c **** 
 4027              		.loc 1 2531 6 is_stmt 0 view .LVU1457
 4028 000a 2268     		ldr	r2, [r4]
2531:Drivers/STM32F4xx_HAL_Driver/Src/stm32f4xx_hal_sd.c **** 
 4029              		.loc 1 2531 16 view .LVU1458
 4030 000c D36A     		ldr	r3, [r2, #44]
2531:Drivers/STM32F4xx_HAL_Driver/Src/stm32f4xx_hal_sd.c **** 
 4031              		.loc 1 2531 24 view .LVU1459
 4032 000e 23F00803 		bic	r3, r3, #8
 4033 0012 D362     		str	r3, [r2, #44]
ARM GAS  C:\Users\40918\AppData\Local\Temp\cc5Xi7iV.s 			page 153


2534:Drivers/STM32F4xx_HAL_Driver/Src/stm32f4xx_hal_sd.c **** 
 4034              		.loc 1 2534 3 is_stmt 1 view .LVU1460
 4035 0014 2368     		ldr	r3, [r4]
 4036 0016 40F23A52 		movw	r2, #1338
 4037 001a 9A63     		str	r2, [r3, #56]
2536:Drivers/STM32F4xx_HAL_Driver/Src/stm32f4xx_hal_sd.c ****   hsd->Context = SD_CONTEXT_NONE;
 4038              		.loc 1 2536 3 view .LVU1461
2536:Drivers/STM32F4xx_HAL_Driver/Src/stm32f4xx_hal_sd.c ****   hsd->Context = SD_CONTEXT_NONE;
 4039              		.loc 1 2536 14 is_stmt 0 view .LVU1462
 4040 001c 0123     		movs	r3, #1
 4041 001e 84F83430 		strb	r3, [r4, #52]
2537:Drivers/STM32F4xx_HAL_Driver/Src/stm32f4xx_hal_sd.c **** 
 4042              		.loc 1 2537 3 is_stmt 1 view .LVU1463
2537:Drivers/STM32F4xx_HAL_Driver/Src/stm32f4xx_hal_sd.c **** 
 4043              		.loc 1 2537 16 is_stmt 0 view .LVU1464
 4044 0022 0023     		movs	r3, #0
 4045 0024 2363     		str	r3, [r4, #48]
2542:Drivers/STM32F4xx_HAL_Driver/Src/stm32f4xx_hal_sd.c **** #endif
 4046              		.loc 1 2542 3 is_stmt 1 view .LVU1465
 4047 0026 2046     		mov	r0, r4
 4048 0028 FFF7FEFF 		bl	HAL_SD_RxCpltCallback
 4049              	.LVL323:
2544:Drivers/STM32F4xx_HAL_Driver/Src/stm32f4xx_hal_sd.c **** 
 4050              		.loc 1 2544 1 is_stmt 0 view .LVU1466
 4051 002c 10BD     		pop	{r4, pc}
 4052              	.LVL324:
 4053              	.L246:
2517:Drivers/STM32F4xx_HAL_Driver/Src/stm32f4xx_hal_sd.c ****     if(errorstate != HAL_SD_ERROR_NONE)
 4054              		.loc 1 2517 5 is_stmt 1 view .LVU1467
2517:Drivers/STM32F4xx_HAL_Driver/Src/stm32f4xx_hal_sd.c ****     if(errorstate != HAL_SD_ERROR_NONE)
 4055              		.loc 1 2517 18 is_stmt 0 view .LVU1468
 4056 002e 2068     		ldr	r0, [r4]
 4057              	.LVL325:
2517:Drivers/STM32F4xx_HAL_Driver/Src/stm32f4xx_hal_sd.c ****     if(errorstate != HAL_SD_ERROR_NONE)
 4058              		.loc 1 2517 18 view .LVU1469
 4059 0030 FFF7FEFF 		bl	SDMMC_CmdStopTransfer
 4060              	.LVL326:
2518:Drivers/STM32F4xx_HAL_Driver/Src/stm32f4xx_hal_sd.c ****     {
 4061              		.loc 1 2518 5 is_stmt 1 view .LVU1470
2518:Drivers/STM32F4xx_HAL_Driver/Src/stm32f4xx_hal_sd.c ****     {
 4062              		.loc 1 2518 7 is_stmt 0 view .LVU1471
 4063 0034 0346     		mov	r3, r0
 4064 0036 0028     		cmp	r0, #0
 4065 0038 E7D0     		beq	.L244
2520:Drivers/STM32F4xx_HAL_Driver/Src/stm32f4xx_hal_sd.c **** #if (USE_HAL_SD_REGISTER_CALLBACKS == 1)
 4066              		.loc 1 2520 7 is_stmt 1 view .LVU1472
2520:Drivers/STM32F4xx_HAL_Driver/Src/stm32f4xx_hal_sd.c **** #if (USE_HAL_SD_REGISTER_CALLBACKS == 1)
 4067              		.loc 1 2520 10 is_stmt 0 view .LVU1473
 4068 003a A26B     		ldr	r2, [r4, #56]
2520:Drivers/STM32F4xx_HAL_Driver/Src/stm32f4xx_hal_sd.c **** #if (USE_HAL_SD_REGISTER_CALLBACKS == 1)
 4069              		.loc 1 2520 22 view .LVU1474
 4070 003c 1343     		orrs	r3, r3, r2
 4071 003e A363     		str	r3, [r4, #56]
2524:Drivers/STM32F4xx_HAL_Driver/Src/stm32f4xx_hal_sd.c **** #endif
 4072              		.loc 1 2524 7 is_stmt 1 view .LVU1475
 4073 0040 2046     		mov	r0, r4
 4074              	.LVL327:
ARM GAS  C:\Users\40918\AppData\Local\Temp\cc5Xi7iV.s 			page 154


2524:Drivers/STM32F4xx_HAL_Driver/Src/stm32f4xx_hal_sd.c **** #endif
 4075              		.loc 1 2524 7 is_stmt 0 view .LVU1476
 4076 0042 FFF7FEFF 		bl	HAL_SD_ErrorCallback
 4077              	.LVL328:
 4078 0046 E0E7     		b	.L244
 4079              		.cfi_endproc
 4080              	.LFE267:
 4082              		.section	.text.HAL_SD_AbortCallback,"ax",%progbits
 4083              		.align	1
 4084              		.weak	HAL_SD_AbortCallback
 4085              		.syntax unified
 4086              		.thumb
 4087              		.thumb_func
 4089              	HAL_SD_AbortCallback:
 4090              	.LVL329:
 4091              	.LFB257:
1798:Drivers/STM32F4xx_HAL_Driver/Src/stm32f4xx_hal_sd.c ****   /* Prevent unused argument(s) compilation warning */
 4092              		.loc 1 1798 1 is_stmt 1 view -0
 4093              		.cfi_startproc
 4094              		@ args = 0, pretend = 0, frame = 0
 4095              		@ frame_needed = 0, uses_anonymous_args = 0
 4096              		@ link register save eliminated.
1800:Drivers/STM32F4xx_HAL_Driver/Src/stm32f4xx_hal_sd.c **** 
 4097              		.loc 1 1800 3 view .LVU1478
1805:Drivers/STM32F4xx_HAL_Driver/Src/stm32f4xx_hal_sd.c **** 
 4098              		.loc 1 1805 1 is_stmt 0 view .LVU1479
 4099 0000 7047     		bx	lr
 4100              		.cfi_endproc
 4101              	.LFE257:
 4103              		.section	.text.HAL_SD_GetCardCID,"ax",%progbits
 4104              		.align	1
 4105              		.global	HAL_SD_GetCardCID
 4106              		.syntax unified
 4107              		.thumb
 4108              		.thumb_func
 4110              	HAL_SD_GetCardCID:
 4111              	.LVL330:
 4112              	.LFB258:
2009:Drivers/STM32F4xx_HAL_Driver/Src/stm32f4xx_hal_sd.c ****   pCID->ManufacturerID = (uint8_t)((hsd->CID[0] & 0xFF000000U) >> 24U);
 4113              		.loc 1 2009 1 is_stmt 1 view -0
 4114              		.cfi_startproc
 4115              		@ args = 0, pretend = 0, frame = 0
 4116              		@ frame_needed = 0, uses_anonymous_args = 0
 4117              		@ link register save eliminated.
2010:Drivers/STM32F4xx_HAL_Driver/Src/stm32f4xx_hal_sd.c **** 
 4118              		.loc 1 2010 3 view .LVU1481
2010:Drivers/STM32F4xx_HAL_Driver/Src/stm32f4xx_hal_sd.c **** 
 4119              		.loc 1 2010 26 is_stmt 0 view .LVU1482
 4120 0000 90F87730 		ldrb	r3, [r0, #119]	@ zero_extendqisi2
2010:Drivers/STM32F4xx_HAL_Driver/Src/stm32f4xx_hal_sd.c **** 
 4121              		.loc 1 2010 24 view .LVU1483
 4122 0004 0B70     		strb	r3, [r1]
2012:Drivers/STM32F4xx_HAL_Driver/Src/stm32f4xx_hal_sd.c **** 
 4123              		.loc 1 2012 3 is_stmt 1 view .LVU1484
2012:Drivers/STM32F4xx_HAL_Driver/Src/stm32f4xx_hal_sd.c **** 
 4124              		.loc 1 2012 43 is_stmt 0 view .LVU1485
 4125 0006 436F     		ldr	r3, [r0, #116]
ARM GAS  C:\Users\40918\AppData\Local\Temp\cc5Xi7iV.s 			page 155


2012:Drivers/STM32F4xx_HAL_Driver/Src/stm32f4xx_hal_sd.c **** 
 4126              		.loc 1 2012 23 view .LVU1486
 4127 0008 C3F30F23 		ubfx	r3, r3, #8, #16
2012:Drivers/STM32F4xx_HAL_Driver/Src/stm32f4xx_hal_sd.c **** 
 4128              		.loc 1 2012 21 view .LVU1487
 4129 000c 4B80     		strh	r3, [r1, #2]	@ movhi
2014:Drivers/STM32F4xx_HAL_Driver/Src/stm32f4xx_hal_sd.c **** 
 4130              		.loc 1 2014 3 is_stmt 1 view .LVU1488
2014:Drivers/STM32F4xx_HAL_Driver/Src/stm32f4xx_hal_sd.c **** 
 4131              		.loc 1 2014 32 is_stmt 0 view .LVU1489
 4132 000e 426F     		ldr	r2, [r0, #116]
2014:Drivers/STM32F4xx_HAL_Driver/Src/stm32f4xx_hal_sd.c **** 
 4133              		.loc 1 2014 71 view .LVU1490
 4134 0010 836F     		ldr	r3, [r0, #120]
2014:Drivers/STM32F4xx_HAL_Driver/Src/stm32f4xx_hal_sd.c **** 
 4135              		.loc 1 2014 90 view .LVU1491
 4136 0012 1B0A     		lsrs	r3, r3, #8
2014:Drivers/STM32F4xx_HAL_Driver/Src/stm32f4xx_hal_sd.c **** 
 4137              		.loc 1 2014 59 view .LVU1492
 4138 0014 43EA0263 		orr	r3, r3, r2, lsl #24
2014:Drivers/STM32F4xx_HAL_Driver/Src/stm32f4xx_hal_sd.c **** 
 4139              		.loc 1 2014 19 view .LVU1493
 4140 0018 4B60     		str	r3, [r1, #4]
2016:Drivers/STM32F4xx_HAL_Driver/Src/stm32f4xx_hal_sd.c **** 
 4141              		.loc 1 2016 3 is_stmt 1 view .LVU1494
2016:Drivers/STM32F4xx_HAL_Driver/Src/stm32f4xx_hal_sd.c **** 
 4142              		.loc 1 2016 21 is_stmt 0 view .LVU1495
 4143 001a 90F87830 		ldrb	r3, [r0, #120]	@ zero_extendqisi2
2016:Drivers/STM32F4xx_HAL_Driver/Src/stm32f4xx_hal_sd.c **** 
 4144              		.loc 1 2016 19 view .LVU1496
 4145 001e 0B72     		strb	r3, [r1, #8]
2018:Drivers/STM32F4xx_HAL_Driver/Src/stm32f4xx_hal_sd.c **** 
 4146              		.loc 1 2018 3 is_stmt 1 view .LVU1497
2018:Drivers/STM32F4xx_HAL_Driver/Src/stm32f4xx_hal_sd.c **** 
 4147              		.loc 1 2018 19 is_stmt 0 view .LVU1498
 4148 0020 90F87F30 		ldrb	r3, [r0, #127]	@ zero_extendqisi2
2018:Drivers/STM32F4xx_HAL_Driver/Src/stm32f4xx_hal_sd.c **** 
 4149              		.loc 1 2018 17 view .LVU1499
 4150 0024 4B72     		strb	r3, [r1, #9]
2020:Drivers/STM32F4xx_HAL_Driver/Src/stm32f4xx_hal_sd.c **** 
 4151              		.loc 1 2020 3 is_stmt 1 view .LVU1500
2020:Drivers/STM32F4xx_HAL_Driver/Src/stm32f4xx_hal_sd.c **** 
 4152              		.loc 1 2020 29 is_stmt 0 view .LVU1501
 4153 0026 C26F     		ldr	r2, [r0, #124]
2020:Drivers/STM32F4xx_HAL_Driver/Src/stm32f4xx_hal_sd.c **** 
 4154              		.loc 1 2020 86 view .LVU1502
 4155 0028 90F88330 		ldrb	r3, [r0, #131]	@ zero_extendqisi2
2020:Drivers/STM32F4xx_HAL_Driver/Src/stm32f4xx_hal_sd.c **** 
 4156              		.loc 1 2020 55 view .LVU1503
 4157 002c 43EA0223 		orr	r3, r3, r2, lsl #8
2020:Drivers/STM32F4xx_HAL_Driver/Src/stm32f4xx_hal_sd.c **** 
 4158              		.loc 1 2020 16 view .LVU1504
 4159 0030 CB60     		str	r3, [r1, #12]
2022:Drivers/STM32F4xx_HAL_Driver/Src/stm32f4xx_hal_sd.c **** 
 4160              		.loc 1 2022 3 is_stmt 1 view .LVU1505
2022:Drivers/STM32F4xx_HAL_Driver/Src/stm32f4xx_hal_sd.c **** 
 4161              		.loc 1 2022 40 is_stmt 0 view .LVU1506
ARM GAS  C:\Users\40918\AppData\Local\Temp\cc5Xi7iV.s 			page 156


 4162 0032 D0F88030 		ldr	r3, [r0, #128]
2022:Drivers/STM32F4xx_HAL_Driver/Src/stm32f4xx_hal_sd.c **** 
 4163              		.loc 1 2022 21 view .LVU1507
 4164 0036 C3F30353 		ubfx	r3, r3, #20, #4
2022:Drivers/STM32F4xx_HAL_Driver/Src/stm32f4xx_hal_sd.c **** 
 4165              		.loc 1 2022 19 view .LVU1508
 4166 003a 0B74     		strb	r3, [r1, #16]
2024:Drivers/STM32F4xx_HAL_Driver/Src/stm32f4xx_hal_sd.c **** 
 4167              		.loc 1 2024 3 is_stmt 1 view .LVU1509
2024:Drivers/STM32F4xx_HAL_Driver/Src/stm32f4xx_hal_sd.c **** 
 4168              		.loc 1 2024 44 is_stmt 0 view .LVU1510
 4169 003c D0F88030 		ldr	r3, [r0, #128]
2024:Drivers/STM32F4xx_HAL_Driver/Src/stm32f4xx_hal_sd.c **** 
 4170              		.loc 1 2024 24 view .LVU1511
 4171 0040 C3F30B23 		ubfx	r3, r3, #8, #12
2024:Drivers/STM32F4xx_HAL_Driver/Src/stm32f4xx_hal_sd.c **** 
 4172              		.loc 1 2024 22 view .LVU1512
 4173 0044 4B82     		strh	r3, [r1, #18]	@ movhi
2026:Drivers/STM32F4xx_HAL_Driver/Src/stm32f4xx_hal_sd.c **** 
 4174              		.loc 1 2026 3 is_stmt 1 view .LVU1513
2026:Drivers/STM32F4xx_HAL_Driver/Src/stm32f4xx_hal_sd.c **** 
 4175              		.loc 1 2026 38 is_stmt 0 view .LVU1514
 4176 0046 D0F88030 		ldr	r3, [r0, #128]
2026:Drivers/STM32F4xx_HAL_Driver/Src/stm32f4xx_hal_sd.c **** 
 4177              		.loc 1 2026 19 view .LVU1515
 4178 004a C3F34603 		ubfx	r3, r3, #1, #7
2026:Drivers/STM32F4xx_HAL_Driver/Src/stm32f4xx_hal_sd.c **** 
 4179              		.loc 1 2026 17 view .LVU1516
 4180 004e 0B75     		strb	r3, [r1, #20]
2028:Drivers/STM32F4xx_HAL_Driver/Src/stm32f4xx_hal_sd.c **** 
 4181              		.loc 1 2028 3 is_stmt 1 view .LVU1517
2028:Drivers/STM32F4xx_HAL_Driver/Src/stm32f4xx_hal_sd.c **** 
 4182              		.loc 1 2028 19 is_stmt 0 view .LVU1518
 4183 0050 0123     		movs	r3, #1
 4184 0052 4B75     		strb	r3, [r1, #21]
2030:Drivers/STM32F4xx_HAL_Driver/Src/stm32f4xx_hal_sd.c **** }
 4185              		.loc 1 2030 3 is_stmt 1 view .LVU1519
2031:Drivers/STM32F4xx_HAL_Driver/Src/stm32f4xx_hal_sd.c **** 
 4186              		.loc 1 2031 1 is_stmt 0 view .LVU1520
 4187 0054 0020     		movs	r0, #0
 4188              	.LVL331:
2031:Drivers/STM32F4xx_HAL_Driver/Src/stm32f4xx_hal_sd.c **** 
 4189              		.loc 1 2031 1 view .LVU1521
 4190 0056 7047     		bx	lr
 4191              		.cfi_endproc
 4192              	.LFE258:
 4194              		.section	.text.HAL_SD_GetCardCSD,"ax",%progbits
 4195              		.align	1
 4196              		.global	HAL_SD_GetCardCSD
 4197              		.syntax unified
 4198              		.thumb
 4199              		.thumb_func
 4201              	HAL_SD_GetCardCSD:
 4202              	.LVL332:
 4203              	.LFB259:
2042:Drivers/STM32F4xx_HAL_Driver/Src/stm32f4xx_hal_sd.c ****   pCSD->CSDStruct = (uint8_t)((hsd->CSD[0] & 0xC0000000U) >> 30U);
 4204              		.loc 1 2042 1 is_stmt 1 view -0
ARM GAS  C:\Users\40918\AppData\Local\Temp\cc5Xi7iV.s 			page 157


 4205              		.cfi_startproc
 4206              		@ args = 0, pretend = 0, frame = 0
 4207              		@ frame_needed = 0, uses_anonymous_args = 0
 4208              		@ link register save eliminated.
2042:Drivers/STM32F4xx_HAL_Driver/Src/stm32f4xx_hal_sd.c ****   pCSD->CSDStruct = (uint8_t)((hsd->CSD[0] & 0xC0000000U) >> 30U);
 4209              		.loc 1 2042 1 is_stmt 0 view .LVU1523
 4210 0000 0346     		mov	r3, r0
2043:Drivers/STM32F4xx_HAL_Driver/Src/stm32f4xx_hal_sd.c **** 
 4211              		.loc 1 2043 3 is_stmt 1 view .LVU1524
2043:Drivers/STM32F4xx_HAL_Driver/Src/stm32f4xx_hal_sd.c **** 
 4212              		.loc 1 2043 40 is_stmt 0 view .LVU1525
 4213 0002 426E     		ldr	r2, [r0, #100]
2043:Drivers/STM32F4xx_HAL_Driver/Src/stm32f4xx_hal_sd.c **** 
 4214              		.loc 1 2043 21 view .LVU1526
 4215 0004 920F     		lsrs	r2, r2, #30
2043:Drivers/STM32F4xx_HAL_Driver/Src/stm32f4xx_hal_sd.c **** 
 4216              		.loc 1 2043 19 view .LVU1527
 4217 0006 0A70     		strb	r2, [r1]
2045:Drivers/STM32F4xx_HAL_Driver/Src/stm32f4xx_hal_sd.c **** 
 4218              		.loc 1 2045 3 is_stmt 1 view .LVU1528
2045:Drivers/STM32F4xx_HAL_Driver/Src/stm32f4xx_hal_sd.c **** 
 4219              		.loc 1 2045 45 is_stmt 0 view .LVU1529
 4220 0008 426E     		ldr	r2, [r0, #100]
2045:Drivers/STM32F4xx_HAL_Driver/Src/stm32f4xx_hal_sd.c **** 
 4221              		.loc 1 2045 26 view .LVU1530
 4222 000a C2F38362 		ubfx	r2, r2, #26, #4
2045:Drivers/STM32F4xx_HAL_Driver/Src/stm32f4xx_hal_sd.c **** 
 4223              		.loc 1 2045 24 view .LVU1531
 4224 000e 4A70     		strb	r2, [r1, #1]
2047:Drivers/STM32F4xx_HAL_Driver/Src/stm32f4xx_hal_sd.c **** 
 4225              		.loc 1 2047 3 is_stmt 1 view .LVU1532
2047:Drivers/STM32F4xx_HAL_Driver/Src/stm32f4xx_hal_sd.c **** 
 4226              		.loc 1 2047 59 is_stmt 0 view .LVU1533
 4227 0010 90F86720 		ldrb	r2, [r0, #103]	@ zero_extendqisi2
2047:Drivers/STM32F4xx_HAL_Driver/Src/stm32f4xx_hal_sd.c **** 
 4228              		.loc 1 2047 21 view .LVU1534
 4229 0014 02F00302 		and	r2, r2, #3
2047:Drivers/STM32F4xx_HAL_Driver/Src/stm32f4xx_hal_sd.c **** 
 4230              		.loc 1 2047 19 view .LVU1535
 4231 0018 8A70     		strb	r2, [r1, #2]
2049:Drivers/STM32F4xx_HAL_Driver/Src/stm32f4xx_hal_sd.c **** 
 4232              		.loc 1 2049 3 is_stmt 1 view .LVU1536
2049:Drivers/STM32F4xx_HAL_Driver/Src/stm32f4xx_hal_sd.c **** 
 4233              		.loc 1 2049 16 is_stmt 0 view .LVU1537
 4234 001a 90F86620 		ldrb	r2, [r0, #102]	@ zero_extendqisi2
2049:Drivers/STM32F4xx_HAL_Driver/Src/stm32f4xx_hal_sd.c **** 
 4235              		.loc 1 2049 14 view .LVU1538
 4236 001e CA70     		strb	r2, [r1, #3]
2051:Drivers/STM32F4xx_HAL_Driver/Src/stm32f4xx_hal_sd.c **** 
 4237              		.loc 1 2051 3 is_stmt 1 view .LVU1539
2051:Drivers/STM32F4xx_HAL_Driver/Src/stm32f4xx_hal_sd.c **** 
 4238              		.loc 1 2051 16 is_stmt 0 view .LVU1540
 4239 0020 90F86520 		ldrb	r2, [r0, #101]	@ zero_extendqisi2
2051:Drivers/STM32F4xx_HAL_Driver/Src/stm32f4xx_hal_sd.c **** 
 4240              		.loc 1 2051 14 view .LVU1541
 4241 0024 0A71     		strb	r2, [r1, #4]
2053:Drivers/STM32F4xx_HAL_Driver/Src/stm32f4xx_hal_sd.c **** 
ARM GAS  C:\Users\40918\AppData\Local\Temp\cc5Xi7iV.s 			page 158


 4242              		.loc 1 2053 3 is_stmt 1 view .LVU1542
2053:Drivers/STM32F4xx_HAL_Driver/Src/stm32f4xx_hal_sd.c **** 
 4243              		.loc 1 2053 25 is_stmt 0 view .LVU1543
 4244 0026 90F86420 		ldrb	r2, [r0, #100]	@ zero_extendqisi2
2053:Drivers/STM32F4xx_HAL_Driver/Src/stm32f4xx_hal_sd.c **** 
 4245              		.loc 1 2053 23 view .LVU1544
 4246 002a 4A71     		strb	r2, [r1, #5]
2055:Drivers/STM32F4xx_HAL_Driver/Src/stm32f4xx_hal_sd.c **** 
 4247              		.loc 1 2055 3 is_stmt 1 view .LVU1545
2055:Drivers/STM32F4xx_HAL_Driver/Src/stm32f4xx_hal_sd.c **** 
 4248              		.loc 1 2055 47 is_stmt 0 view .LVU1546
 4249 002c 826E     		ldr	r2, [r0, #104]
2055:Drivers/STM32F4xx_HAL_Driver/Src/stm32f4xx_hal_sd.c **** 
 4250              		.loc 1 2055 27 view .LVU1547
 4251 002e 120D     		lsrs	r2, r2, #20
2055:Drivers/STM32F4xx_HAL_Driver/Src/stm32f4xx_hal_sd.c **** 
 4252              		.loc 1 2055 25 view .LVU1548
 4253 0030 CA80     		strh	r2, [r1, #6]	@ movhi
2057:Drivers/STM32F4xx_HAL_Driver/Src/stm32f4xx_hal_sd.c **** 
 4254              		.loc 1 2057 3 is_stmt 1 view .LVU1549
2057:Drivers/STM32F4xx_HAL_Driver/Src/stm32f4xx_hal_sd.c **** 
 4255              		.loc 1 2057 60 is_stmt 0 view .LVU1550
 4256 0032 B0F86A20 		ldrh	r2, [r0, #106]
2057:Drivers/STM32F4xx_HAL_Driver/Src/stm32f4xx_hal_sd.c **** 
 4257              		.loc 1 2057 22 view .LVU1551
 4258 0036 02F00F02 		and	r2, r2, #15
2057:Drivers/STM32F4xx_HAL_Driver/Src/stm32f4xx_hal_sd.c **** 
 4259              		.loc 1 2057 20 view .LVU1552
 4260 003a 0A72     		strb	r2, [r1, #8]
2059:Drivers/STM32F4xx_HAL_Driver/Src/stm32f4xx_hal_sd.c **** 
 4261              		.loc 1 2059 3 is_stmt 1 view .LVU1553
2059:Drivers/STM32F4xx_HAL_Driver/Src/stm32f4xx_hal_sd.c **** 
 4262              		.loc 1 2059 46 is_stmt 0 view .LVU1554
 4263 003c 826E     		ldr	r2, [r0, #104]
2059:Drivers/STM32F4xx_HAL_Driver/Src/stm32f4xx_hal_sd.c **** 
 4264              		.loc 1 2059 27 view .LVU1555
 4265 003e C2F3C032 		ubfx	r2, r2, #15, #1
2059:Drivers/STM32F4xx_HAL_Driver/Src/stm32f4xx_hal_sd.c **** 
 4266              		.loc 1 2059 25 view .LVU1556
 4267 0042 4A72     		strb	r2, [r1, #9]
2061:Drivers/STM32F4xx_HAL_Driver/Src/stm32f4xx_hal_sd.c **** 
 4268              		.loc 1 2061 3 is_stmt 1 view .LVU1557
2061:Drivers/STM32F4xx_HAL_Driver/Src/stm32f4xx_hal_sd.c **** 
 4269              		.loc 1 2061 46 is_stmt 0 view .LVU1558
 4270 0044 826E     		ldr	r2, [r0, #104]
2061:Drivers/STM32F4xx_HAL_Driver/Src/stm32f4xx_hal_sd.c **** 
 4271              		.loc 1 2061 27 view .LVU1559
 4272 0046 C2F38032 		ubfx	r2, r2, #14, #1
2061:Drivers/STM32F4xx_HAL_Driver/Src/stm32f4xx_hal_sd.c **** 
 4273              		.loc 1 2061 25 view .LVU1560
 4274 004a 8A72     		strb	r2, [r1, #10]
2063:Drivers/STM32F4xx_HAL_Driver/Src/stm32f4xx_hal_sd.c **** 
 4275              		.loc 1 2063 3 is_stmt 1 view .LVU1561
2063:Drivers/STM32F4xx_HAL_Driver/Src/stm32f4xx_hal_sd.c **** 
 4276              		.loc 1 2063 46 is_stmt 0 view .LVU1562
 4277 004c 826E     		ldr	r2, [r0, #104]
2063:Drivers/STM32F4xx_HAL_Driver/Src/stm32f4xx_hal_sd.c **** 
ARM GAS  C:\Users\40918\AppData\Local\Temp\cc5Xi7iV.s 			page 159


 4278              		.loc 1 2063 27 view .LVU1563
 4279 004e C2F34032 		ubfx	r2, r2, #13, #1
2063:Drivers/STM32F4xx_HAL_Driver/Src/stm32f4xx_hal_sd.c **** 
 4280              		.loc 1 2063 25 view .LVU1564
 4281 0052 CA72     		strb	r2, [r1, #11]
2065:Drivers/STM32F4xx_HAL_Driver/Src/stm32f4xx_hal_sd.c **** 
 4282              		.loc 1 2065 3 is_stmt 1 view .LVU1565
2065:Drivers/STM32F4xx_HAL_Driver/Src/stm32f4xx_hal_sd.c **** 
 4283              		.loc 1 2065 38 is_stmt 0 view .LVU1566
 4284 0054 826E     		ldr	r2, [r0, #104]
2065:Drivers/STM32F4xx_HAL_Driver/Src/stm32f4xx_hal_sd.c **** 
 4285              		.loc 1 2065 19 view .LVU1567
 4286 0056 C2F30032 		ubfx	r2, r2, #12, #1
2065:Drivers/STM32F4xx_HAL_Driver/Src/stm32f4xx_hal_sd.c **** 
 4287              		.loc 1 2065 17 view .LVU1568
 4288 005a 0A73     		strb	r2, [r1, #12]
2067:Drivers/STM32F4xx_HAL_Driver/Src/stm32f4xx_hal_sd.c **** 
 4289              		.loc 1 2067 3 is_stmt 1 view .LVU1569
2067:Drivers/STM32F4xx_HAL_Driver/Src/stm32f4xx_hal_sd.c **** 
 4290              		.loc 1 2067 19 is_stmt 0 view .LVU1570
 4291 005c 0022     		movs	r2, #0
 4292 005e 4A73     		strb	r2, [r1, #13]
2069:Drivers/STM32F4xx_HAL_Driver/Src/stm32f4xx_hal_sd.c ****   {
 4293              		.loc 1 2069 3 is_stmt 1 view .LVU1571
2069:Drivers/STM32F4xx_HAL_Driver/Src/stm32f4xx_hal_sd.c ****   {
 4294              		.loc 1 2069 17 is_stmt 0 view .LVU1572
 4295 0060 426C     		ldr	r2, [r0, #68]
2069:Drivers/STM32F4xx_HAL_Driver/Src/stm32f4xx_hal_sd.c ****   {
 4296              		.loc 1 2069 5 view .LVU1573
 4297 0062 002A     		cmp	r2, #0
 4298 0064 40F08680 		bne	.L250
2071:Drivers/STM32F4xx_HAL_Driver/Src/stm32f4xx_hal_sd.c **** 
 4299              		.loc 1 2071 5 is_stmt 1 view .LVU1574
2071:Drivers/STM32F4xx_HAL_Driver/Src/stm32f4xx_hal_sd.c **** 
 4300              		.loc 1 2071 35 is_stmt 0 view .LVU1575
 4301 0068 806E     		ldr	r0, [r0, #104]
 4302              	.LVL333:
2071:Drivers/STM32F4xx_HAL_Driver/Src/stm32f4xx_hal_sd.c **** 
 4303              		.loc 1 2071 54 view .LVU1576
 4304 006a 40F6FC72 		movw	r2, #4092
 4305 006e 02EA8002 		and	r2, r2, r0, lsl #2
2071:Drivers/STM32F4xx_HAL_Driver/Src/stm32f4xx_hal_sd.c **** 
 4306              		.loc 1 2071 73 view .LVU1577
 4307 0072 D86E     		ldr	r0, [r3, #108]
2071:Drivers/STM32F4xx_HAL_Driver/Src/stm32f4xx_hal_sd.c **** 
 4308              		.loc 1 2071 61 view .LVU1578
 4309 0074 42EA9072 		orr	r2, r2, r0, lsr #30
2071:Drivers/STM32F4xx_HAL_Driver/Src/stm32f4xx_hal_sd.c **** 
 4310              		.loc 1 2071 22 view .LVU1579
 4311 0078 0A61     		str	r2, [r1, #16]
2073:Drivers/STM32F4xx_HAL_Driver/Src/stm32f4xx_hal_sd.c **** 
 4312              		.loc 1 2073 5 is_stmt 1 view .LVU1580
2073:Drivers/STM32F4xx_HAL_Driver/Src/stm32f4xx_hal_sd.c **** 
 4313              		.loc 1 2073 51 is_stmt 0 view .LVU1581
 4314 007a DA6E     		ldr	r2, [r3, #108]
2073:Drivers/STM32F4xx_HAL_Driver/Src/stm32f4xx_hal_sd.c **** 
 4315              		.loc 1 2073 32 view .LVU1582
ARM GAS  C:\Users\40918\AppData\Local\Temp\cc5Xi7iV.s 			page 160


 4316 007c C2F3C262 		ubfx	r2, r2, #27, #3
2073:Drivers/STM32F4xx_HAL_Driver/Src/stm32f4xx_hal_sd.c **** 
 4317              		.loc 1 2073 30 view .LVU1583
 4318 0080 0A75     		strb	r2, [r1, #20]
2075:Drivers/STM32F4xx_HAL_Driver/Src/stm32f4xx_hal_sd.c **** 
 4319              		.loc 1 2075 5 is_stmt 1 view .LVU1584
2075:Drivers/STM32F4xx_HAL_Driver/Src/stm32f4xx_hal_sd.c **** 
 4320              		.loc 1 2075 70 is_stmt 0 view .LVU1585
 4321 0082 93F86F20 		ldrb	r2, [r3, #111]	@ zero_extendqisi2
2075:Drivers/STM32F4xx_HAL_Driver/Src/stm32f4xx_hal_sd.c **** 
 4322              		.loc 1 2075 32 view .LVU1586
 4323 0086 02F00702 		and	r2, r2, #7
2075:Drivers/STM32F4xx_HAL_Driver/Src/stm32f4xx_hal_sd.c **** 
 4324              		.loc 1 2075 30 view .LVU1587
 4325 008a 4A75     		strb	r2, [r1, #21]
2077:Drivers/STM32F4xx_HAL_Driver/Src/stm32f4xx_hal_sd.c **** 
 4326              		.loc 1 2077 5 is_stmt 1 view .LVU1588
2077:Drivers/STM32F4xx_HAL_Driver/Src/stm32f4xx_hal_sd.c **** 
 4327              		.loc 1 2077 51 is_stmt 0 view .LVU1589
 4328 008c DA6E     		ldr	r2, [r3, #108]
2077:Drivers/STM32F4xx_HAL_Driver/Src/stm32f4xx_hal_sd.c **** 
 4329              		.loc 1 2077 32 view .LVU1590
 4330 008e C2F34252 		ubfx	r2, r2, #21, #3
2077:Drivers/STM32F4xx_HAL_Driver/Src/stm32f4xx_hal_sd.c **** 
 4331              		.loc 1 2077 30 view .LVU1591
 4332 0092 8A75     		strb	r2, [r1, #22]
2079:Drivers/STM32F4xx_HAL_Driver/Src/stm32f4xx_hal_sd.c **** 
 4333              		.loc 1 2079 5 is_stmt 1 view .LVU1592
2079:Drivers/STM32F4xx_HAL_Driver/Src/stm32f4xx_hal_sd.c **** 
 4334              		.loc 1 2079 51 is_stmt 0 view .LVU1593
 4335 0094 DA6E     		ldr	r2, [r3, #108]
2079:Drivers/STM32F4xx_HAL_Driver/Src/stm32f4xx_hal_sd.c **** 
 4336              		.loc 1 2079 32 view .LVU1594
 4337 0096 C2F38242 		ubfx	r2, r2, #18, #3
2079:Drivers/STM32F4xx_HAL_Driver/Src/stm32f4xx_hal_sd.c **** 
 4338              		.loc 1 2079 30 view .LVU1595
 4339 009a CA75     		strb	r2, [r1, #23]
2081:Drivers/STM32F4xx_HAL_Driver/Src/stm32f4xx_hal_sd.c **** 
 4340              		.loc 1 2081 5 is_stmt 1 view .LVU1596
2081:Drivers/STM32F4xx_HAL_Driver/Src/stm32f4xx_hal_sd.c **** 
 4341              		.loc 1 2081 46 is_stmt 0 view .LVU1597
 4342 009c DA6E     		ldr	r2, [r3, #108]
2081:Drivers/STM32F4xx_HAL_Driver/Src/stm32f4xx_hal_sd.c **** 
 4343              		.loc 1 2081 27 view .LVU1598
 4344 009e C2F3C232 		ubfx	r2, r2, #15, #3
2081:Drivers/STM32F4xx_HAL_Driver/Src/stm32f4xx_hal_sd.c **** 
 4345              		.loc 1 2081 25 view .LVU1599
 4346 00a2 0A76     		strb	r2, [r1, #24]
2083:Drivers/STM32F4xx_HAL_Driver/Src/stm32f4xx_hal_sd.c ****     hsd->SdCard.BlockNbr *= (1UL << ((pCSD->DeviceSizeMul & 0x07U) + 2U));
 4347              		.loc 1 2083 5 is_stmt 1 view .LVU1600
2083:Drivers/STM32F4xx_HAL_Driver/Src/stm32f4xx_hal_sd.c ****     hsd->SdCard.BlockNbr *= (1UL << ((pCSD->DeviceSizeMul & 0x07U) + 2U));
 4348              		.loc 1 2083 34 is_stmt 0 view .LVU1601
 4349 00a4 0A69     		ldr	r2, [r1, #16]
2083:Drivers/STM32F4xx_HAL_Driver/Src/stm32f4xx_hal_sd.c ****     hsd->SdCard.BlockNbr *= (1UL << ((pCSD->DeviceSizeMul & 0x07U) + 2U));
 4350              		.loc 1 2083 47 view .LVU1602
 4351 00a6 0132     		adds	r2, r2, #1
2083:Drivers/STM32F4xx_HAL_Driver/Src/stm32f4xx_hal_sd.c ****     hsd->SdCard.BlockNbr *= (1UL << ((pCSD->DeviceSizeMul & 0x07U) + 2U));
ARM GAS  C:\Users\40918\AppData\Local\Temp\cc5Xi7iV.s 			page 161


 4352              		.loc 1 2083 27 view .LVU1603
 4353 00a8 5A65     		str	r2, [r3, #84]
2084:Drivers/STM32F4xx_HAL_Driver/Src/stm32f4xx_hal_sd.c ****     hsd->SdCard.BlockSize = (1UL << (pCSD->RdBlockLen & 0x0FU));
 4354              		.loc 1 2084 5 is_stmt 1 view .LVU1604
2084:Drivers/STM32F4xx_HAL_Driver/Src/stm32f4xx_hal_sd.c ****     hsd->SdCard.BlockSize = (1UL << (pCSD->RdBlockLen & 0x0FU));
 4355              		.loc 1 2084 43 is_stmt 0 view .LVU1605
 4356 00aa 087E     		ldrb	r0, [r1, #24]	@ zero_extendqisi2
2084:Drivers/STM32F4xx_HAL_Driver/Src/stm32f4xx_hal_sd.c ****     hsd->SdCard.BlockSize = (1UL << (pCSD->RdBlockLen & 0x0FU));
 4357              		.loc 1 2084 59 view .LVU1606
 4358 00ac 00F00700 		and	r0, r0, #7
2084:Drivers/STM32F4xx_HAL_Driver/Src/stm32f4xx_hal_sd.c ****     hsd->SdCard.BlockSize = (1UL << (pCSD->RdBlockLen & 0x0FU));
 4359              		.loc 1 2084 68 view .LVU1607
 4360 00b0 0230     		adds	r0, r0, #2
2084:Drivers/STM32F4xx_HAL_Driver/Src/stm32f4xx_hal_sd.c ****     hsd->SdCard.BlockSize = (1UL << (pCSD->RdBlockLen & 0x0FU));
 4361              		.loc 1 2084 26 view .LVU1608
 4362 00b2 8240     		lsls	r2, r2, r0
 4363 00b4 5A65     		str	r2, [r3, #84]
2085:Drivers/STM32F4xx_HAL_Driver/Src/stm32f4xx_hal_sd.c **** 
 4364              		.loc 1 2085 5 is_stmt 1 view .LVU1609
2085:Drivers/STM32F4xx_HAL_Driver/Src/stm32f4xx_hal_sd.c **** 
 4365              		.loc 1 2085 42 is_stmt 0 view .LVU1610
 4366 00b6 91F808C0 		ldrb	ip, [r1, #8]	@ zero_extendqisi2
2085:Drivers/STM32F4xx_HAL_Driver/Src/stm32f4xx_hal_sd.c **** 
 4367              		.loc 1 2085 55 view .LVU1611
 4368 00ba 0CF00F0C 		and	ip, ip, #15
2085:Drivers/STM32F4xx_HAL_Driver/Src/stm32f4xx_hal_sd.c **** 
 4369              		.loc 1 2085 34 view .LVU1612
 4370 00be 0120     		movs	r0, #1
 4371 00c0 00FA0CF0 		lsl	r0, r0, ip
2085:Drivers/STM32F4xx_HAL_Driver/Src/stm32f4xx_hal_sd.c **** 
 4372              		.loc 1 2085 27 view .LVU1613
 4373 00c4 9865     		str	r0, [r3, #88]
2087:Drivers/STM32F4xx_HAL_Driver/Src/stm32f4xx_hal_sd.c ****     hsd->SdCard.LogBlockSize = 512U;
 4374              		.loc 1 2087 5 is_stmt 1 view .LVU1614
2087:Drivers/STM32F4xx_HAL_Driver/Src/stm32f4xx_hal_sd.c ****     hsd->SdCard.LogBlockSize = 512U;
 4375              		.loc 1 2087 82 is_stmt 0 view .LVU1615
 4376 00c6 400A     		lsrs	r0, r0, #9
2087:Drivers/STM32F4xx_HAL_Driver/Src/stm32f4xx_hal_sd.c ****     hsd->SdCard.LogBlockSize = 512U;
 4377              		.loc 1 2087 55 view .LVU1616
 4378 00c8 00FB02F2 		mul	r2, r0, r2
2087:Drivers/STM32F4xx_HAL_Driver/Src/stm32f4xx_hal_sd.c ****     hsd->SdCard.LogBlockSize = 512U;
 4379              		.loc 1 2087 29 view .LVU1617
 4380 00cc DA65     		str	r2, [r3, #92]
2088:Drivers/STM32F4xx_HAL_Driver/Src/stm32f4xx_hal_sd.c ****   }
 4381              		.loc 1 2088 5 is_stmt 1 view .LVU1618
2088:Drivers/STM32F4xx_HAL_Driver/Src/stm32f4xx_hal_sd.c ****   }
 4382              		.loc 1 2088 30 is_stmt 0 view .LVU1619
 4383 00ce 4FF40072 		mov	r2, #512
 4384 00d2 1A66     		str	r2, [r3, #96]
 4385              	.L251:
2109:Drivers/STM32F4xx_HAL_Driver/Src/stm32f4xx_hal_sd.c **** 
 4386              		.loc 1 2109 3 is_stmt 1 view .LVU1620
2109:Drivers/STM32F4xx_HAL_Driver/Src/stm32f4xx_hal_sd.c **** 
 4387              		.loc 1 2109 42 is_stmt 0 view .LVU1621
 4388 00d4 DA6E     		ldr	r2, [r3, #108]
2109:Drivers/STM32F4xx_HAL_Driver/Src/stm32f4xx_hal_sd.c **** 
 4389              		.loc 1 2109 23 view .LVU1622
ARM GAS  C:\Users\40918\AppData\Local\Temp\cc5Xi7iV.s 			page 162


 4390 00d6 C2F38032 		ubfx	r2, r2, #14, #1
2109:Drivers/STM32F4xx_HAL_Driver/Src/stm32f4xx_hal_sd.c **** 
 4391              		.loc 1 2109 21 view .LVU1623
 4392 00da 4A76     		strb	r2, [r1, #25]
2111:Drivers/STM32F4xx_HAL_Driver/Src/stm32f4xx_hal_sd.c **** 
 4393              		.loc 1 2111 3 is_stmt 1 view .LVU1624
2111:Drivers/STM32F4xx_HAL_Driver/Src/stm32f4xx_hal_sd.c **** 
 4394              		.loc 1 2111 41 is_stmt 0 view .LVU1625
 4395 00dc DA6E     		ldr	r2, [r3, #108]
2111:Drivers/STM32F4xx_HAL_Driver/Src/stm32f4xx_hal_sd.c **** 
 4396              		.loc 1 2111 22 view .LVU1626
 4397 00de C2F3C612 		ubfx	r2, r2, #7, #7
2111:Drivers/STM32F4xx_HAL_Driver/Src/stm32f4xx_hal_sd.c **** 
 4398              		.loc 1 2111 20 view .LVU1627
 4399 00e2 8A76     		strb	r2, [r1, #26]
2113:Drivers/STM32F4xx_HAL_Driver/Src/stm32f4xx_hal_sd.c **** 
 4400              		.loc 1 2113 3 is_stmt 1 view .LVU1628
2113:Drivers/STM32F4xx_HAL_Driver/Src/stm32f4xx_hal_sd.c **** 
 4401              		.loc 1 2113 45 is_stmt 0 view .LVU1629
 4402 00e4 DA6E     		ldr	r2, [r3, #108]
2113:Drivers/STM32F4xx_HAL_Driver/Src/stm32f4xx_hal_sd.c **** 
 4403              		.loc 1 2113 27 view .LVU1630
 4404 00e6 02F07F02 		and	r2, r2, #127
2113:Drivers/STM32F4xx_HAL_Driver/Src/stm32f4xx_hal_sd.c **** 
 4405              		.loc 1 2113 25 view .LVU1631
 4406 00ea CA76     		strb	r2, [r1, #27]
2115:Drivers/STM32F4xx_HAL_Driver/Src/stm32f4xx_hal_sd.c **** 
 4407              		.loc 1 2115 3 is_stmt 1 view .LVU1632
2115:Drivers/STM32F4xx_HAL_Driver/Src/stm32f4xx_hal_sd.c **** 
 4408              		.loc 1 2115 48 is_stmt 0 view .LVU1633
 4409 00ec 1A6F     		ldr	r2, [r3, #112]
2115:Drivers/STM32F4xx_HAL_Driver/Src/stm32f4xx_hal_sd.c **** 
 4410              		.loc 1 2115 29 view .LVU1634
 4411 00ee D20F     		lsrs	r2, r2, #31
2115:Drivers/STM32F4xx_HAL_Driver/Src/stm32f4xx_hal_sd.c **** 
 4412              		.loc 1 2115 27 view .LVU1635
 4413 00f0 0A77     		strb	r2, [r1, #28]
2117:Drivers/STM32F4xx_HAL_Driver/Src/stm32f4xx_hal_sd.c **** 
 4414              		.loc 1 2117 3 is_stmt 1 view .LVU1636
2117:Drivers/STM32F4xx_HAL_Driver/Src/stm32f4xx_hal_sd.c **** 
 4415              		.loc 1 2117 41 is_stmt 0 view .LVU1637
 4416 00f2 1A6F     		ldr	r2, [r3, #112]
2117:Drivers/STM32F4xx_HAL_Driver/Src/stm32f4xx_hal_sd.c **** 
 4417              		.loc 1 2117 22 view .LVU1638
 4418 00f4 C2F34172 		ubfx	r2, r2, #29, #2
2117:Drivers/STM32F4xx_HAL_Driver/Src/stm32f4xx_hal_sd.c **** 
 4419              		.loc 1 2117 20 view .LVU1639
 4420 00f8 4A77     		strb	r2, [r1, #29]
2119:Drivers/STM32F4xx_HAL_Driver/Src/stm32f4xx_hal_sd.c **** 
 4421              		.loc 1 2119 3 is_stmt 1 view .LVU1640
2119:Drivers/STM32F4xx_HAL_Driver/Src/stm32f4xx_hal_sd.c **** 
 4422              		.loc 1 2119 42 is_stmt 0 view .LVU1641
 4423 00fa 1A6F     		ldr	r2, [r3, #112]
2119:Drivers/STM32F4xx_HAL_Driver/Src/stm32f4xx_hal_sd.c **** 
 4424              		.loc 1 2119 23 view .LVU1642
 4425 00fc C2F38262 		ubfx	r2, r2, #26, #3
2119:Drivers/STM32F4xx_HAL_Driver/Src/stm32f4xx_hal_sd.c **** 
ARM GAS  C:\Users\40918\AppData\Local\Temp\cc5Xi7iV.s 			page 163


 4426              		.loc 1 2119 21 view .LVU1643
 4427 0100 8A77     		strb	r2, [r1, #30]
2121:Drivers/STM32F4xx_HAL_Driver/Src/stm32f4xx_hal_sd.c **** 
 4428              		.loc 1 2121 3 is_stmt 1 view .LVU1644
2121:Drivers/STM32F4xx_HAL_Driver/Src/stm32f4xx_hal_sd.c **** 
 4429              		.loc 1 2121 43 is_stmt 0 view .LVU1645
 4430 0102 1A6F     		ldr	r2, [r3, #112]
2121:Drivers/STM32F4xx_HAL_Driver/Src/stm32f4xx_hal_sd.c **** 
 4431              		.loc 1 2121 24 view .LVU1646
 4432 0104 C2F38352 		ubfx	r2, r2, #22, #4
2121:Drivers/STM32F4xx_HAL_Driver/Src/stm32f4xx_hal_sd.c **** 
 4433              		.loc 1 2121 22 view .LVU1647
 4434 0108 CA77     		strb	r2, [r1, #31]
2123:Drivers/STM32F4xx_HAL_Driver/Src/stm32f4xx_hal_sd.c **** 
 4435              		.loc 1 2123 3 is_stmt 1 view .LVU1648
2123:Drivers/STM32F4xx_HAL_Driver/Src/stm32f4xx_hal_sd.c **** 
 4436              		.loc 1 2123 50 is_stmt 0 view .LVU1649
 4437 010a 1A6F     		ldr	r2, [r3, #112]
2123:Drivers/STM32F4xx_HAL_Driver/Src/stm32f4xx_hal_sd.c **** 
 4438              		.loc 1 2123 31 view .LVU1650
 4439 010c C2F34052 		ubfx	r2, r2, #21, #1
2123:Drivers/STM32F4xx_HAL_Driver/Src/stm32f4xx_hal_sd.c **** 
 4440              		.loc 1 2123 29 view .LVU1651
 4441 0110 81F82020 		strb	r2, [r1, #32]
2125:Drivers/STM32F4xx_HAL_Driver/Src/stm32f4xx_hal_sd.c **** 
 4442              		.loc 1 2125 3 is_stmt 1 view .LVU1652
2125:Drivers/STM32F4xx_HAL_Driver/Src/stm32f4xx_hal_sd.c **** 
 4443              		.loc 1 2125 19 is_stmt 0 view .LVU1653
 4444 0114 0020     		movs	r0, #0
 4445 0116 81F82100 		strb	r0, [r1, #33]
2127:Drivers/STM32F4xx_HAL_Driver/Src/stm32f4xx_hal_sd.c **** 
 4446              		.loc 1 2127 3 is_stmt 1 view .LVU1654
2127:Drivers/STM32F4xx_HAL_Driver/Src/stm32f4xx_hal_sd.c **** 
 4447              		.loc 1 2127 69 is_stmt 0 view .LVU1655
 4448 011a B3F87220 		ldrh	r2, [r3, #114]
2127:Drivers/STM32F4xx_HAL_Driver/Src/stm32f4xx_hal_sd.c **** 
 4449              		.loc 1 2127 31 view .LVU1656
 4450 011e 02F00102 		and	r2, r2, #1
2127:Drivers/STM32F4xx_HAL_Driver/Src/stm32f4xx_hal_sd.c **** 
 4451              		.loc 1 2127 29 view .LVU1657
 4452 0122 81F82220 		strb	r2, [r1, #34]
2129:Drivers/STM32F4xx_HAL_Driver/Src/stm32f4xx_hal_sd.c **** 
 4453              		.loc 1 2129 3 is_stmt 1 view .LVU1658
2129:Drivers/STM32F4xx_HAL_Driver/Src/stm32f4xx_hal_sd.c **** 
 4454              		.loc 1 2129 46 is_stmt 0 view .LVU1659
 4455 0126 1A6F     		ldr	r2, [r3, #112]
2129:Drivers/STM32F4xx_HAL_Driver/Src/stm32f4xx_hal_sd.c **** 
 4456              		.loc 1 2129 27 view .LVU1660
 4457 0128 C2F3C032 		ubfx	r2, r2, #15, #1
2129:Drivers/STM32F4xx_HAL_Driver/Src/stm32f4xx_hal_sd.c **** 
 4458              		.loc 1 2129 25 view .LVU1661
 4459 012c 81F82320 		strb	r2, [r1, #35]
2131:Drivers/STM32F4xx_HAL_Driver/Src/stm32f4xx_hal_sd.c **** 
 4460              		.loc 1 2131 3 is_stmt 1 view .LVU1662
2131:Drivers/STM32F4xx_HAL_Driver/Src/stm32f4xx_hal_sd.c **** 
 4461              		.loc 1 2131 39 is_stmt 0 view .LVU1663
 4462 0130 1A6F     		ldr	r2, [r3, #112]
ARM GAS  C:\Users\40918\AppData\Local\Temp\cc5Xi7iV.s 			page 164


2131:Drivers/STM32F4xx_HAL_Driver/Src/stm32f4xx_hal_sd.c **** 
 4463              		.loc 1 2131 20 view .LVU1664
 4464 0132 C2F38032 		ubfx	r2, r2, #14, #1
2131:Drivers/STM32F4xx_HAL_Driver/Src/stm32f4xx_hal_sd.c **** 
 4465              		.loc 1 2131 18 view .LVU1665
 4466 0136 81F82420 		strb	r2, [r1, #36]
2133:Drivers/STM32F4xx_HAL_Driver/Src/stm32f4xx_hal_sd.c **** 
 4467              		.loc 1 2133 3 is_stmt 1 view .LVU1666
2133:Drivers/STM32F4xx_HAL_Driver/Src/stm32f4xx_hal_sd.c **** 
 4468              		.loc 1 2133 44 is_stmt 0 view .LVU1667
 4469 013a 1A6F     		ldr	r2, [r3, #112]
2133:Drivers/STM32F4xx_HAL_Driver/Src/stm32f4xx_hal_sd.c **** 
 4470              		.loc 1 2133 25 view .LVU1668
 4471 013c C2F34032 		ubfx	r2, r2, #13, #1
2133:Drivers/STM32F4xx_HAL_Driver/Src/stm32f4xx_hal_sd.c **** 
 4472              		.loc 1 2133 23 view .LVU1669
 4473 0140 81F82520 		strb	r2, [r1, #37]
2135:Drivers/STM32F4xx_HAL_Driver/Src/stm32f4xx_hal_sd.c **** 
 4474              		.loc 1 2135 3 is_stmt 1 view .LVU1670
2135:Drivers/STM32F4xx_HAL_Driver/Src/stm32f4xx_hal_sd.c **** 
 4475              		.loc 1 2135 44 is_stmt 0 view .LVU1671
 4476 0144 1A6F     		ldr	r2, [r3, #112]
2135:Drivers/STM32F4xx_HAL_Driver/Src/stm32f4xx_hal_sd.c **** 
 4477              		.loc 1 2135 25 view .LVU1672
 4478 0146 C2F30032 		ubfx	r2, r2, #12, #1
2135:Drivers/STM32F4xx_HAL_Driver/Src/stm32f4xx_hal_sd.c **** 
 4479              		.loc 1 2135 23 view .LVU1673
 4480 014a 81F82620 		strb	r2, [r1, #38]
2137:Drivers/STM32F4xx_HAL_Driver/Src/stm32f4xx_hal_sd.c **** 
 4481              		.loc 1 2137 3 is_stmt 1 view .LVU1674
2137:Drivers/STM32F4xx_HAL_Driver/Src/stm32f4xx_hal_sd.c **** 
 4482              		.loc 1 2137 41 is_stmt 0 view .LVU1675
 4483 014e 1A6F     		ldr	r2, [r3, #112]
2137:Drivers/STM32F4xx_HAL_Driver/Src/stm32f4xx_hal_sd.c **** 
 4484              		.loc 1 2137 22 view .LVU1676
 4485 0150 C2F38122 		ubfx	r2, r2, #10, #2
2137:Drivers/STM32F4xx_HAL_Driver/Src/stm32f4xx_hal_sd.c **** 
 4486              		.loc 1 2137 20 view .LVU1677
 4487 0154 81F82720 		strb	r2, [r1, #39]
2139:Drivers/STM32F4xx_HAL_Driver/Src/stm32f4xx_hal_sd.c **** 
 4488              		.loc 1 2139 3 is_stmt 1 view .LVU1678
2139:Drivers/STM32F4xx_HAL_Driver/Src/stm32f4xx_hal_sd.c **** 
 4489              		.loc 1 2139 33 is_stmt 0 view .LVU1679
 4490 0158 1A6F     		ldr	r2, [r3, #112]
2139:Drivers/STM32F4xx_HAL_Driver/Src/stm32f4xx_hal_sd.c **** 
 4491              		.loc 1 2139 14 view .LVU1680
 4492 015a C2F30122 		ubfx	r2, r2, #8, #2
2139:Drivers/STM32F4xx_HAL_Driver/Src/stm32f4xx_hal_sd.c **** 
 4493              		.loc 1 2139 12 view .LVU1681
 4494 015e 81F82820 		strb	r2, [r1, #40]
2141:Drivers/STM32F4xx_HAL_Driver/Src/stm32f4xx_hal_sd.c **** 
 4495              		.loc 1 2141 3 is_stmt 1 view .LVU1682
2141:Drivers/STM32F4xx_HAL_Driver/Src/stm32f4xx_hal_sd.c **** 
 4496              		.loc 1 2141 38 is_stmt 0 view .LVU1683
 4497 0162 1B6F     		ldr	r3, [r3, #112]
 4498              	.LVL334:
2141:Drivers/STM32F4xx_HAL_Driver/Src/stm32f4xx_hal_sd.c **** 
ARM GAS  C:\Users\40918\AppData\Local\Temp\cc5Xi7iV.s 			page 165


 4499              		.loc 1 2141 19 view .LVU1684
 4500 0164 C3F34603 		ubfx	r3, r3, #1, #7
2141:Drivers/STM32F4xx_HAL_Driver/Src/stm32f4xx_hal_sd.c **** 
 4501              		.loc 1 2141 17 view .LVU1685
 4502 0168 81F82930 		strb	r3, [r1, #41]
2143:Drivers/STM32F4xx_HAL_Driver/Src/stm32f4xx_hal_sd.c **** 
 4503              		.loc 1 2143 3 is_stmt 1 view .LVU1686
2143:Drivers/STM32F4xx_HAL_Driver/Src/stm32f4xx_hal_sd.c **** 
 4504              		.loc 1 2143 19 is_stmt 0 view .LVU1687
 4505 016c 0123     		movs	r3, #1
 4506 016e 81F82A30 		strb	r3, [r1, #42]
2145:Drivers/STM32F4xx_HAL_Driver/Src/stm32f4xx_hal_sd.c **** }
 4507              		.loc 1 2145 3 is_stmt 1 view .LVU1688
2146:Drivers/STM32F4xx_HAL_Driver/Src/stm32f4xx_hal_sd.c **** 
 4508              		.loc 1 2146 1 is_stmt 0 view .LVU1689
 4509 0172 7047     		bx	lr
 4510              	.LVL335:
 4511              	.L250:
2090:Drivers/STM32F4xx_HAL_Driver/Src/stm32f4xx_hal_sd.c ****   {
 4512              		.loc 1 2090 8 is_stmt 1 view .LVU1690
2090:Drivers/STM32F4xx_HAL_Driver/Src/stm32f4xx_hal_sd.c ****   {
 4513              		.loc 1 2090 10 is_stmt 0 view .LVU1691
 4514 0174 012A     		cmp	r2, #1
 4515 0176 11D1     		bne	.L252
2093:Drivers/STM32F4xx_HAL_Driver/Src/stm32f4xx_hal_sd.c **** 
 4516              		.loc 1 2093 5 is_stmt 1 view .LVU1692
2093:Drivers/STM32F4xx_HAL_Driver/Src/stm32f4xx_hal_sd.c **** 
 4517              		.loc 1 2093 35 is_stmt 0 view .LVU1693
 4518 0178 826E     		ldr	r2, [r0, #104]
2093:Drivers/STM32F4xx_HAL_Driver/Src/stm32f4xx_hal_sd.c **** 
 4519              		.loc 1 2093 54 view .LVU1694
 4520 017a 1204     		lsls	r2, r2, #16
 4521 017c 02F47C12 		and	r2, r2, #4128768
2093:Drivers/STM32F4xx_HAL_Driver/Src/stm32f4xx_hal_sd.c **** 
 4522              		.loc 1 2093 93 view .LVU1695
 4523 0180 B0F86E00 		ldrh	r0, [r0, #110]
 4524              	.LVL336:
2093:Drivers/STM32F4xx_HAL_Driver/Src/stm32f4xx_hal_sd.c **** 
 4525              		.loc 1 2093 62 view .LVU1696
 4526 0184 0243     		orrs	r2, r2, r0
2093:Drivers/STM32F4xx_HAL_Driver/Src/stm32f4xx_hal_sd.c **** 
 4527              		.loc 1 2093 22 view .LVU1697
 4528 0186 0A61     		str	r2, [r1, #16]
2095:Drivers/STM32F4xx_HAL_Driver/Src/stm32f4xx_hal_sd.c ****     hsd->SdCard.LogBlockNbr = hsd->SdCard.BlockNbr;
 4529              		.loc 1 2095 5 is_stmt 1 view .LVU1698
2095:Drivers/STM32F4xx_HAL_Driver/Src/stm32f4xx_hal_sd.c ****     hsd->SdCard.LogBlockNbr = hsd->SdCard.BlockNbr;
 4530              		.loc 1 2095 34 is_stmt 0 view .LVU1699
 4531 0188 0A69     		ldr	r2, [r1, #16]
2095:Drivers/STM32F4xx_HAL_Driver/Src/stm32f4xx_hal_sd.c ****     hsd->SdCard.LogBlockNbr = hsd->SdCard.BlockNbr;
 4532              		.loc 1 2095 47 view .LVU1700
 4533 018a 0132     		adds	r2, r2, #1
2095:Drivers/STM32F4xx_HAL_Driver/Src/stm32f4xx_hal_sd.c ****     hsd->SdCard.LogBlockNbr = hsd->SdCard.BlockNbr;
 4534              		.loc 1 2095 53 view .LVU1701
 4535 018c 9202     		lsls	r2, r2, #10
2095:Drivers/STM32F4xx_HAL_Driver/Src/stm32f4xx_hal_sd.c ****     hsd->SdCard.LogBlockNbr = hsd->SdCard.BlockNbr;
 4536              		.loc 1 2095 26 view .LVU1702
 4537 018e 5A65     		str	r2, [r3, #84]
ARM GAS  C:\Users\40918\AppData\Local\Temp\cc5Xi7iV.s 			page 166


2096:Drivers/STM32F4xx_HAL_Driver/Src/stm32f4xx_hal_sd.c ****     hsd->SdCard.BlockSize = 512U;
 4538              		.loc 1 2096 5 is_stmt 1 view .LVU1703
2096:Drivers/STM32F4xx_HAL_Driver/Src/stm32f4xx_hal_sd.c ****     hsd->SdCard.BlockSize = 512U;
 4539              		.loc 1 2096 29 is_stmt 0 view .LVU1704
 4540 0190 DA65     		str	r2, [r3, #92]
2097:Drivers/STM32F4xx_HAL_Driver/Src/stm32f4xx_hal_sd.c ****     hsd->SdCard.LogBlockSize = hsd->SdCard.BlockSize;
 4541              		.loc 1 2097 5 is_stmt 1 view .LVU1705
2097:Drivers/STM32F4xx_HAL_Driver/Src/stm32f4xx_hal_sd.c ****     hsd->SdCard.LogBlockSize = hsd->SdCard.BlockSize;
 4542              		.loc 1 2097 27 is_stmt 0 view .LVU1706
 4543 0192 4FF40072 		mov	r2, #512
 4544 0196 9A65     		str	r2, [r3, #88]
2098:Drivers/STM32F4xx_HAL_Driver/Src/stm32f4xx_hal_sd.c ****   }
 4545              		.loc 1 2098 5 is_stmt 1 view .LVU1707
2098:Drivers/STM32F4xx_HAL_Driver/Src/stm32f4xx_hal_sd.c ****   }
 4546              		.loc 1 2098 30 is_stmt 0 view .LVU1708
 4547 0198 1A66     		str	r2, [r3, #96]
 4548 019a 9BE7     		b	.L251
 4549              	.LVL337:
 4550              	.L252:
2103:Drivers/STM32F4xx_HAL_Driver/Src/stm32f4xx_hal_sd.c ****     hsd->ErrorCode |= HAL_SD_ERROR_UNSUPPORTED_FEATURE;
 4551              		.loc 1 2103 5 is_stmt 1 view .LVU1709
 4552 019c 0268     		ldr	r2, [r0]
 4553 019e 0549     		ldr	r1, .L254
 4554              	.LVL338:
2103:Drivers/STM32F4xx_HAL_Driver/Src/stm32f4xx_hal_sd.c ****     hsd->ErrorCode |= HAL_SD_ERROR_UNSUPPORTED_FEATURE;
 4555              		.loc 1 2103 5 is_stmt 0 view .LVU1710
 4556 01a0 9163     		str	r1, [r2, #56]
2104:Drivers/STM32F4xx_HAL_Driver/Src/stm32f4xx_hal_sd.c ****     hsd->State = HAL_SD_STATE_READY;
 4557              		.loc 1 2104 5 is_stmt 1 view .LVU1711
2104:Drivers/STM32F4xx_HAL_Driver/Src/stm32f4xx_hal_sd.c ****     hsd->State = HAL_SD_STATE_READY;
 4558              		.loc 1 2104 8 is_stmt 0 view .LVU1712
 4559 01a2 826B     		ldr	r2, [r0, #56]
2104:Drivers/STM32F4xx_HAL_Driver/Src/stm32f4xx_hal_sd.c ****     hsd->State = HAL_SD_STATE_READY;
 4560              		.loc 1 2104 20 view .LVU1713
 4561 01a4 42F08052 		orr	r2, r2, #268435456
 4562 01a8 8263     		str	r2, [r0, #56]
2105:Drivers/STM32F4xx_HAL_Driver/Src/stm32f4xx_hal_sd.c ****     return HAL_ERROR;
 4563              		.loc 1 2105 5 is_stmt 1 view .LVU1714
2105:Drivers/STM32F4xx_HAL_Driver/Src/stm32f4xx_hal_sd.c ****     return HAL_ERROR;
 4564              		.loc 1 2105 16 is_stmt 0 view .LVU1715
 4565 01aa 0120     		movs	r0, #1
 4566              	.LVL339:
2105:Drivers/STM32F4xx_HAL_Driver/Src/stm32f4xx_hal_sd.c ****     return HAL_ERROR;
 4567              		.loc 1 2105 16 view .LVU1716
 4568 01ac 83F83400 		strb	r0, [r3, #52]
2106:Drivers/STM32F4xx_HAL_Driver/Src/stm32f4xx_hal_sd.c ****   }
 4569              		.loc 1 2106 5 is_stmt 1 view .LVU1717
2106:Drivers/STM32F4xx_HAL_Driver/Src/stm32f4xx_hal_sd.c ****   }
 4570              		.loc 1 2106 12 is_stmt 0 view .LVU1718
 4571 01b0 7047     		bx	lr
 4572              	.L255:
 4573 01b2 00BF     		.align	2
 4574              	.L254:
 4575 01b4 FF054000 		.word	4195839
 4576              		.cfi_endproc
 4577              	.LFE259:
 4579              		.section	.text.SD_InitCard,"ax",%progbits
ARM GAS  C:\Users\40918\AppData\Local\Temp\cc5Xi7iV.s 			page 167


 4580              		.align	1
 4581              		.syntax unified
 4582              		.thumb
 4583              		.thumb_func
 4585              	SD_InitCard:
 4586              	.LVL340:
 4587              	.LFB271:
2674:Drivers/STM32F4xx_HAL_Driver/Src/stm32f4xx_hal_sd.c ****   HAL_SD_CardCSDTypeDef CSD;
 4588              		.loc 1 2674 1 is_stmt 1 view -0
 4589              		.cfi_startproc
 4590              		@ args = 0, pretend = 0, frame = 48
 4591              		@ frame_needed = 0, uses_anonymous_args = 0
2674:Drivers/STM32F4xx_HAL_Driver/Src/stm32f4xx_hal_sd.c ****   HAL_SD_CardCSDTypeDef CSD;
 4592              		.loc 1 2674 1 is_stmt 0 view .LVU1720
 4593 0000 70B5     		push	{r4, r5, r6, lr}
 4594              	.LCFI51:
 4595              		.cfi_def_cfa_offset 16
 4596              		.cfi_offset 4, -16
 4597              		.cfi_offset 5, -12
 4598              		.cfi_offset 6, -8
 4599              		.cfi_offset 14, -4
 4600 0002 90B0     		sub	sp, sp, #64
 4601              	.LCFI52:
 4602              		.cfi_def_cfa_offset 80
 4603 0004 0446     		mov	r4, r0
2675:Drivers/STM32F4xx_HAL_Driver/Src/stm32f4xx_hal_sd.c ****   uint32_t errorstate;
 4604              		.loc 1 2675 3 is_stmt 1 view .LVU1721
2676:Drivers/STM32F4xx_HAL_Driver/Src/stm32f4xx_hal_sd.c ****   uint16_t sd_rca = 1U;
 4605              		.loc 1 2676 3 view .LVU1722
2677:Drivers/STM32F4xx_HAL_Driver/Src/stm32f4xx_hal_sd.c **** 
 4606              		.loc 1 2677 3 view .LVU1723
2677:Drivers/STM32F4xx_HAL_Driver/Src/stm32f4xx_hal_sd.c **** 
 4607              		.loc 1 2677 12 is_stmt 0 view .LVU1724
 4608 0006 0123     		movs	r3, #1
 4609 0008 ADF81230 		strh	r3, [sp, #18]	@ movhi
2680:Drivers/STM32F4xx_HAL_Driver/Src/stm32f4xx_hal_sd.c ****   {
 4610              		.loc 1 2680 3 is_stmt 1 view .LVU1725
2680:Drivers/STM32F4xx_HAL_Driver/Src/stm32f4xx_hal_sd.c ****   {
 4611              		.loc 1 2680 6 is_stmt 0 view .LVU1726
 4612 000c 0068     		ldr	r0, [r0]
 4613              	.LVL341:
2680:Drivers/STM32F4xx_HAL_Driver/Src/stm32f4xx_hal_sd.c ****   {
 4614              		.loc 1 2680 6 view .LVU1727
 4615 000e FFF7FEFF 		bl	SDIO_GetPowerState
 4616              	.LVL342:
2680:Drivers/STM32F4xx_HAL_Driver/Src/stm32f4xx_hal_sd.c ****   {
 4617              		.loc 1 2680 5 discriminator 1 view .LVU1728
 4618 0012 0028     		cmp	r0, #0
 4619 0014 6CD0     		beq	.L261
2686:Drivers/STM32F4xx_HAL_Driver/Src/stm32f4xx_hal_sd.c ****   {
 4620              		.loc 1 2686 3 is_stmt 1 view .LVU1729
2686:Drivers/STM32F4xx_HAL_Driver/Src/stm32f4xx_hal_sd.c ****   {
 4621              		.loc 1 2686 17 is_stmt 0 view .LVU1730
 4622 0016 636C     		ldr	r3, [r4, #68]
2686:Drivers/STM32F4xx_HAL_Driver/Src/stm32f4xx_hal_sd.c ****   {
 4623              		.loc 1 2686 5 view .LVU1731
 4624 0018 032B     		cmp	r3, #3
ARM GAS  C:\Users\40918\AppData\Local\Temp\cc5Xi7iV.s 			page 168


 4625 001a 45D1     		bne	.L264
 4626              	.L258:
2704:Drivers/STM32F4xx_HAL_Driver/Src/stm32f4xx_hal_sd.c ****   {
 4627              		.loc 1 2704 3 is_stmt 1 view .LVU1732
2704:Drivers/STM32F4xx_HAL_Driver/Src/stm32f4xx_hal_sd.c ****   {
 4628              		.loc 1 2704 17 is_stmt 0 view .LVU1733
 4629 001c 636C     		ldr	r3, [r4, #68]
2704:Drivers/STM32F4xx_HAL_Driver/Src/stm32f4xx_hal_sd.c ****   {
 4630              		.loc 1 2704 5 view .LVU1734
 4631 001e 032B     		cmp	r3, #3
 4632 0020 5DD1     		bne	.L265
 4633              	.L259:
2714:Drivers/STM32F4xx_HAL_Driver/Src/stm32f4xx_hal_sd.c ****   {
 4634              		.loc 1 2714 3 is_stmt 1 view .LVU1735
2714:Drivers/STM32F4xx_HAL_Driver/Src/stm32f4xx_hal_sd.c ****   {
 4635              		.loc 1 2714 17 is_stmt 0 view .LVU1736
 4636 0022 636C     		ldr	r3, [r4, #68]
2714:Drivers/STM32F4xx_HAL_Driver/Src/stm32f4xx_hal_sd.c ****   {
 4637              		.loc 1 2714 5 view .LVU1737
 4638 0024 032B     		cmp	r3, #3
 4639 0026 1DD0     		beq	.L260
2717:Drivers/STM32F4xx_HAL_Driver/Src/stm32f4xx_hal_sd.c **** 
 4640              		.loc 1 2717 5 is_stmt 1 view .LVU1738
2717:Drivers/STM32F4xx_HAL_Driver/Src/stm32f4xx_hal_sd.c **** 
 4641              		.loc 1 2717 28 is_stmt 0 view .LVU1739
 4642 0028 BDF81210 		ldrh	r1, [sp, #18]
 4643 002c 2165     		str	r1, [r4, #80]
2720:Drivers/STM32F4xx_HAL_Driver/Src/stm32f4xx_hal_sd.c ****     if(errorstate != HAL_SD_ERROR_NONE)
 4644              		.loc 1 2720 5 is_stmt 1 view .LVU1740
2720:Drivers/STM32F4xx_HAL_Driver/Src/stm32f4xx_hal_sd.c ****     if(errorstate != HAL_SD_ERROR_NONE)
 4645              		.loc 1 2720 18 is_stmt 0 view .LVU1741
 4646 002e 0904     		lsls	r1, r1, #16
 4647 0030 2068     		ldr	r0, [r4]
 4648 0032 FFF7FEFF 		bl	SDMMC_CmdSendCSD
 4649              	.LVL343:
2721:Drivers/STM32F4xx_HAL_Driver/Src/stm32f4xx_hal_sd.c ****     {
 4650              		.loc 1 2721 5 is_stmt 1 view .LVU1742
2721:Drivers/STM32F4xx_HAL_Driver/Src/stm32f4xx_hal_sd.c ****     {
 4651              		.loc 1 2721 7 is_stmt 0 view .LVU1743
 4652 0036 0546     		mov	r5, r0
 4653 0038 0028     		cmp	r0, #0
 4654 003a 5BD1     		bne	.L256
2728:Drivers/STM32F4xx_HAL_Driver/Src/stm32f4xx_hal_sd.c ****       hsd->CSD[1U] = SDIO_GetResponse(hsd->Instance, SDIO_RESP2);
 4655              		.loc 1 2728 7 is_stmt 1 view .LVU1744
2728:Drivers/STM32F4xx_HAL_Driver/Src/stm32f4xx_hal_sd.c ****       hsd->CSD[1U] = SDIO_GetResponse(hsd->Instance, SDIO_RESP2);
 4656              		.loc 1 2728 22 is_stmt 0 view .LVU1745
 4657 003c 0021     		movs	r1, #0
 4658 003e 2068     		ldr	r0, [r4]
 4659              	.LVL344:
2728:Drivers/STM32F4xx_HAL_Driver/Src/stm32f4xx_hal_sd.c ****       hsd->CSD[1U] = SDIO_GetResponse(hsd->Instance, SDIO_RESP2);
 4660              		.loc 1 2728 22 view .LVU1746
 4661 0040 FFF7FEFF 		bl	SDIO_GetResponse
 4662              	.LVL345:
2728:Drivers/STM32F4xx_HAL_Driver/Src/stm32f4xx_hal_sd.c ****       hsd->CSD[1U] = SDIO_GetResponse(hsd->Instance, SDIO_RESP2);
 4663              		.loc 1 2728 20 discriminator 1 view .LVU1747
 4664 0044 6066     		str	r0, [r4, #100]
2729:Drivers/STM32F4xx_HAL_Driver/Src/stm32f4xx_hal_sd.c ****       hsd->CSD[2U] = SDIO_GetResponse(hsd->Instance, SDIO_RESP3);
ARM GAS  C:\Users\40918\AppData\Local\Temp\cc5Xi7iV.s 			page 169


 4665              		.loc 1 2729 7 is_stmt 1 view .LVU1748
2729:Drivers/STM32F4xx_HAL_Driver/Src/stm32f4xx_hal_sd.c ****       hsd->CSD[2U] = SDIO_GetResponse(hsd->Instance, SDIO_RESP3);
 4666              		.loc 1 2729 22 is_stmt 0 view .LVU1749
 4667 0046 0421     		movs	r1, #4
 4668 0048 2068     		ldr	r0, [r4]
 4669 004a FFF7FEFF 		bl	SDIO_GetResponse
 4670              	.LVL346:
2729:Drivers/STM32F4xx_HAL_Driver/Src/stm32f4xx_hal_sd.c ****       hsd->CSD[2U] = SDIO_GetResponse(hsd->Instance, SDIO_RESP3);
 4671              		.loc 1 2729 20 discriminator 1 view .LVU1750
 4672 004e A066     		str	r0, [r4, #104]
2730:Drivers/STM32F4xx_HAL_Driver/Src/stm32f4xx_hal_sd.c ****       hsd->CSD[3U] = SDIO_GetResponse(hsd->Instance, SDIO_RESP4);
 4673              		.loc 1 2730 7 is_stmt 1 view .LVU1751
2730:Drivers/STM32F4xx_HAL_Driver/Src/stm32f4xx_hal_sd.c ****       hsd->CSD[3U] = SDIO_GetResponse(hsd->Instance, SDIO_RESP4);
 4674              		.loc 1 2730 22 is_stmt 0 view .LVU1752
 4675 0050 0821     		movs	r1, #8
 4676 0052 2068     		ldr	r0, [r4]
 4677 0054 FFF7FEFF 		bl	SDIO_GetResponse
 4678              	.LVL347:
2730:Drivers/STM32F4xx_HAL_Driver/Src/stm32f4xx_hal_sd.c ****       hsd->CSD[3U] = SDIO_GetResponse(hsd->Instance, SDIO_RESP4);
 4679              		.loc 1 2730 20 discriminator 1 view .LVU1753
 4680 0058 E066     		str	r0, [r4, #108]
2731:Drivers/STM32F4xx_HAL_Driver/Src/stm32f4xx_hal_sd.c ****     }
 4681              		.loc 1 2731 7 is_stmt 1 view .LVU1754
2731:Drivers/STM32F4xx_HAL_Driver/Src/stm32f4xx_hal_sd.c ****     }
 4682              		.loc 1 2731 22 is_stmt 0 view .LVU1755
 4683 005a 0C21     		movs	r1, #12
 4684 005c 2068     		ldr	r0, [r4]
 4685 005e FFF7FEFF 		bl	SDIO_GetResponse
 4686              	.LVL348:
2731:Drivers/STM32F4xx_HAL_Driver/Src/stm32f4xx_hal_sd.c ****     }
 4687              		.loc 1 2731 20 discriminator 1 view .LVU1756
 4688 0062 2067     		str	r0, [r4, #112]
 4689              	.LVL349:
 4690              	.L260:
2736:Drivers/STM32F4xx_HAL_Driver/Src/stm32f4xx_hal_sd.c **** 
 4691              		.loc 1 2736 3 is_stmt 1 view .LVU1757
2736:Drivers/STM32F4xx_HAL_Driver/Src/stm32f4xx_hal_sd.c **** 
 4692              		.loc 1 2736 24 is_stmt 0 view .LVU1758
 4693 0064 0421     		movs	r1, #4
 4694 0066 2068     		ldr	r0, [r4]
 4695 0068 FFF7FEFF 		bl	SDIO_GetResponse
 4696              	.LVL350:
2736:Drivers/STM32F4xx_HAL_Driver/Src/stm32f4xx_hal_sd.c **** 
 4697              		.loc 1 2736 68 discriminator 1 view .LVU1759
 4698 006c 000D     		lsrs	r0, r0, #20
2736:Drivers/STM32F4xx_HAL_Driver/Src/stm32f4xx_hal_sd.c **** 
 4699              		.loc 1 2736 21 discriminator 1 view .LVU1760
 4700 006e E064     		str	r0, [r4, #76]
2739:Drivers/STM32F4xx_HAL_Driver/Src/stm32f4xx_hal_sd.c ****   {
 4701              		.loc 1 2739 3 is_stmt 1 view .LVU1761
2739:Drivers/STM32F4xx_HAL_Driver/Src/stm32f4xx_hal_sd.c ****   {
 4702              		.loc 1 2739 7 is_stmt 0 view .LVU1762
 4703 0070 05A9     		add	r1, sp, #20
 4704 0072 2046     		mov	r0, r4
 4705 0074 FFF7FEFF 		bl	HAL_SD_GetCardCSD
 4706              	.LVL351:
2739:Drivers/STM32F4xx_HAL_Driver/Src/stm32f4xx_hal_sd.c ****   {
ARM GAS  C:\Users\40918\AppData\Local\Temp\cc5Xi7iV.s 			page 170


 4707              		.loc 1 2739 6 discriminator 1 view .LVU1763
 4708 0078 0028     		cmp	r0, #0
 4709 007a 3ED1     		bne	.L262
2745:Drivers/STM32F4xx_HAL_Driver/Src/stm32f4xx_hal_sd.c ****   if(errorstate != HAL_SD_ERROR_NONE)
 4710              		.loc 1 2745 3 is_stmt 1 view .LVU1764
2745:Drivers/STM32F4xx_HAL_Driver/Src/stm32f4xx_hal_sd.c ****   if(errorstate != HAL_SD_ERROR_NONE)
 4711              		.loc 1 2745 82 is_stmt 0 view .LVU1765
 4712 007c 226D     		ldr	r2, [r4, #80]
2745:Drivers/STM32F4xx_HAL_Driver/Src/stm32f4xx_hal_sd.c ****   if(errorstate != HAL_SD_ERROR_NONE)
 4713              		.loc 1 2745 16 view .LVU1766
 4714 007e 1204     		lsls	r2, r2, #16
 4715 0080 0023     		movs	r3, #0
 4716 0082 2068     		ldr	r0, [r4]
 4717 0084 FFF7FEFF 		bl	SDMMC_CmdSelDesel
 4718              	.LVL352:
2746:Drivers/STM32F4xx_HAL_Driver/Src/stm32f4xx_hal_sd.c ****   {
 4719              		.loc 1 2746 3 is_stmt 1 view .LVU1767
2746:Drivers/STM32F4xx_HAL_Driver/Src/stm32f4xx_hal_sd.c ****   {
 4720              		.loc 1 2746 5 is_stmt 0 view .LVU1768
 4721 0088 0546     		mov	r5, r0
 4722 008a 98BB     		cbnz	r0, .L256
2752:Drivers/STM32F4xx_HAL_Driver/Src/stm32f4xx_hal_sd.c **** 
 4723              		.loc 1 2752 3 is_stmt 1 view .LVU1769
2752:Drivers/STM32F4xx_HAL_Driver/Src/stm32f4xx_hal_sd.c **** 
 4724              		.loc 1 2752 9 is_stmt 0 view .LVU1770
 4725 008c 2346     		mov	r3, r4
 4726 008e 53F8106B 		ldr	r6, [r3], #16
 4727 0092 93E80700 		ldm	r3, {r0, r1, r2}
 4728              	.LVL353:
2752:Drivers/STM32F4xx_HAL_Driver/Src/stm32f4xx_hal_sd.c **** 
 4729              		.loc 1 2752 9 view .LVU1771
 4730 0096 8DE80700 		stm	sp, {r0, r1, r2}
 4731 009a 0434     		adds	r4, r4, #4
 4732              	.LVL354:
2752:Drivers/STM32F4xx_HAL_Driver/Src/stm32f4xx_hal_sd.c **** 
 4733              		.loc 1 2752 9 view .LVU1772
 4734 009c 94E80E00 		ldm	r4, {r1, r2, r3}
 4735 00a0 3046     		mov	r0, r6
 4736 00a2 FFF7FEFF 		bl	SDIO_Init
 4737              	.LVL355:
2755:Drivers/STM32F4xx_HAL_Driver/Src/stm32f4xx_hal_sd.c **** }
 4738              		.loc 1 2755 3 is_stmt 1 view .LVU1773
2755:Drivers/STM32F4xx_HAL_Driver/Src/stm32f4xx_hal_sd.c **** }
 4739              		.loc 1 2755 10 is_stmt 0 view .LVU1774
 4740 00a6 25E0     		b	.L256
 4741              	.LVL356:
 4742              	.L264:
2689:Drivers/STM32F4xx_HAL_Driver/Src/stm32f4xx_hal_sd.c ****     if(errorstate != HAL_SD_ERROR_NONE)
 4743              		.loc 1 2689 5 is_stmt 1 view .LVU1775
2689:Drivers/STM32F4xx_HAL_Driver/Src/stm32f4xx_hal_sd.c ****     if(errorstate != HAL_SD_ERROR_NONE)
 4744              		.loc 1 2689 18 is_stmt 0 view .LVU1776
 4745 00a8 2068     		ldr	r0, [r4]
 4746 00aa FFF7FEFF 		bl	SDMMC_CmdSendCID
 4747              	.LVL357:
2690:Drivers/STM32F4xx_HAL_Driver/Src/stm32f4xx_hal_sd.c ****     {
 4748              		.loc 1 2690 5 is_stmt 1 view .LVU1777
2690:Drivers/STM32F4xx_HAL_Driver/Src/stm32f4xx_hal_sd.c ****     {
ARM GAS  C:\Users\40918\AppData\Local\Temp\cc5Xi7iV.s 			page 171


 4749              		.loc 1 2690 7 is_stmt 0 view .LVU1778
 4750 00ae 0546     		mov	r5, r0
 4751 00b0 00BB     		cbnz	r0, .L256
2697:Drivers/STM32F4xx_HAL_Driver/Src/stm32f4xx_hal_sd.c ****       hsd->CID[1U] = SDIO_GetResponse(hsd->Instance, SDIO_RESP2);
 4752              		.loc 1 2697 7 is_stmt 1 view .LVU1779
2697:Drivers/STM32F4xx_HAL_Driver/Src/stm32f4xx_hal_sd.c ****       hsd->CID[1U] = SDIO_GetResponse(hsd->Instance, SDIO_RESP2);
 4753              		.loc 1 2697 22 is_stmt 0 view .LVU1780
 4754 00b2 0021     		movs	r1, #0
 4755 00b4 2068     		ldr	r0, [r4]
 4756              	.LVL358:
2697:Drivers/STM32F4xx_HAL_Driver/Src/stm32f4xx_hal_sd.c ****       hsd->CID[1U] = SDIO_GetResponse(hsd->Instance, SDIO_RESP2);
 4757              		.loc 1 2697 22 view .LVU1781
 4758 00b6 FFF7FEFF 		bl	SDIO_GetResponse
 4759              	.LVL359:
2697:Drivers/STM32F4xx_HAL_Driver/Src/stm32f4xx_hal_sd.c ****       hsd->CID[1U] = SDIO_GetResponse(hsd->Instance, SDIO_RESP2);
 4760              		.loc 1 2697 20 discriminator 1 view .LVU1782
 4761 00ba 6067     		str	r0, [r4, #116]
2698:Drivers/STM32F4xx_HAL_Driver/Src/stm32f4xx_hal_sd.c ****       hsd->CID[2U] = SDIO_GetResponse(hsd->Instance, SDIO_RESP3);
 4762              		.loc 1 2698 7 is_stmt 1 view .LVU1783
2698:Drivers/STM32F4xx_HAL_Driver/Src/stm32f4xx_hal_sd.c ****       hsd->CID[2U] = SDIO_GetResponse(hsd->Instance, SDIO_RESP3);
 4763              		.loc 1 2698 22 is_stmt 0 view .LVU1784
 4764 00bc 0421     		movs	r1, #4
 4765 00be 2068     		ldr	r0, [r4]
 4766 00c0 FFF7FEFF 		bl	SDIO_GetResponse
 4767              	.LVL360:
2698:Drivers/STM32F4xx_HAL_Driver/Src/stm32f4xx_hal_sd.c ****       hsd->CID[2U] = SDIO_GetResponse(hsd->Instance, SDIO_RESP3);
 4768              		.loc 1 2698 20 discriminator 1 view .LVU1785
 4769 00c4 A067     		str	r0, [r4, #120]
2699:Drivers/STM32F4xx_HAL_Driver/Src/stm32f4xx_hal_sd.c ****       hsd->CID[3U] = SDIO_GetResponse(hsd->Instance, SDIO_RESP4);
 4770              		.loc 1 2699 7 is_stmt 1 view .LVU1786
2699:Drivers/STM32F4xx_HAL_Driver/Src/stm32f4xx_hal_sd.c ****       hsd->CID[3U] = SDIO_GetResponse(hsd->Instance, SDIO_RESP4);
 4771              		.loc 1 2699 22 is_stmt 0 view .LVU1787
 4772 00c6 0821     		movs	r1, #8
 4773 00c8 2068     		ldr	r0, [r4]
 4774 00ca FFF7FEFF 		bl	SDIO_GetResponse
 4775              	.LVL361:
2699:Drivers/STM32F4xx_HAL_Driver/Src/stm32f4xx_hal_sd.c ****       hsd->CID[3U] = SDIO_GetResponse(hsd->Instance, SDIO_RESP4);
 4776              		.loc 1 2699 20 discriminator 1 view .LVU1788
 4777 00ce E067     		str	r0, [r4, #124]
2700:Drivers/STM32F4xx_HAL_Driver/Src/stm32f4xx_hal_sd.c ****     }
 4778              		.loc 1 2700 7 is_stmt 1 view .LVU1789
2700:Drivers/STM32F4xx_HAL_Driver/Src/stm32f4xx_hal_sd.c ****     }
 4779              		.loc 1 2700 22 is_stmt 0 view .LVU1790
 4780 00d0 0C21     		movs	r1, #12
 4781 00d2 2068     		ldr	r0, [r4]
 4782 00d4 FFF7FEFF 		bl	SDIO_GetResponse
 4783              	.LVL362:
2700:Drivers/STM32F4xx_HAL_Driver/Src/stm32f4xx_hal_sd.c ****     }
 4784              		.loc 1 2700 20 discriminator 1 view .LVU1791
 4785 00d8 C4F88000 		str	r0, [r4, #128]
 4786 00dc 9EE7     		b	.L258
 4787              	.LVL363:
 4788              	.L265:
2708:Drivers/STM32F4xx_HAL_Driver/Src/stm32f4xx_hal_sd.c ****     if(errorstate != HAL_SD_ERROR_NONE)
 4789              		.loc 1 2708 5 is_stmt 1 view .LVU1792
2708:Drivers/STM32F4xx_HAL_Driver/Src/stm32f4xx_hal_sd.c ****     if(errorstate != HAL_SD_ERROR_NONE)
 4790              		.loc 1 2708 18 is_stmt 0 view .LVU1793
ARM GAS  C:\Users\40918\AppData\Local\Temp\cc5Xi7iV.s 			page 172


 4791 00de 0DF11201 		add	r1, sp, #18
 4792 00e2 2068     		ldr	r0, [r4]
 4793 00e4 FFF7FEFF 		bl	SDMMC_CmdSetRelAdd
 4794              	.LVL364:
2709:Drivers/STM32F4xx_HAL_Driver/Src/stm32f4xx_hal_sd.c ****     {
 4795              		.loc 1 2709 5 is_stmt 1 view .LVU1794
2709:Drivers/STM32F4xx_HAL_Driver/Src/stm32f4xx_hal_sd.c ****     {
 4796              		.loc 1 2709 7 is_stmt 0 view .LVU1795
 4797 00e8 0546     		mov	r5, r0
 4798 00ea 0028     		cmp	r0, #0
 4799 00ec 99D0     		beq	.L259
 4800 00ee 01E0     		b	.L256
 4801              	.LVL365:
 4802              	.L261:
2683:Drivers/STM32F4xx_HAL_Driver/Src/stm32f4xx_hal_sd.c ****   }
 4803              		.loc 1 2683 12 view .LVU1796
 4804 00f0 4FF08065 		mov	r5, #67108864
 4805              	.LVL366:
 4806              	.L256:
2756:Drivers/STM32F4xx_HAL_Driver/Src/stm32f4xx_hal_sd.c **** 
 4807              		.loc 1 2756 1 view .LVU1797
 4808 00f4 2846     		mov	r0, r5
 4809 00f6 10B0     		add	sp, sp, #64
 4810              	.LCFI53:
 4811              		.cfi_remember_state
 4812              		.cfi_def_cfa_offset 16
 4813              		@ sp needed
 4814 00f8 70BD     		pop	{r4, r5, r6, pc}
 4815              	.LVL367:
 4816              	.L262:
 4817              	.LCFI54:
 4818              		.cfi_restore_state
2741:Drivers/STM32F4xx_HAL_Driver/Src/stm32f4xx_hal_sd.c ****   }
 4819              		.loc 1 2741 12 view .LVU1798
 4820 00fa 4FF08055 		mov	r5, #268435456
 4821 00fe F9E7     		b	.L256
 4822              		.cfi_endproc
 4823              	.LFE271:
 4825              		.section	.text.HAL_SD_InitCard,"ax",%progbits
 4826              		.align	1
 4827              		.global	HAL_SD_InitCard
 4828              		.syntax unified
 4829              		.thumb
 4830              		.thumb_func
 4832              	HAL_SD_InitCard:
 4833              	.LVL368:
 4834              	.LFB240:
 404:Drivers/STM32F4xx_HAL_Driver/Src/stm32f4xx_hal_sd.c ****   uint32_t errorstate;
 4835              		.loc 1 404 1 is_stmt 1 view -0
 4836              		.cfi_startproc
 4837              		@ args = 0, pretend = 0, frame = 24
 4838              		@ frame_needed = 0, uses_anonymous_args = 0
 404:Drivers/STM32F4xx_HAL_Driver/Src/stm32f4xx_hal_sd.c ****   uint32_t errorstate;
 4839              		.loc 1 404 1 is_stmt 0 view .LVU1800
 4840 0000 70B5     		push	{r4, r5, r6, lr}
 4841              	.LCFI55:
 4842              		.cfi_def_cfa_offset 16
ARM GAS  C:\Users\40918\AppData\Local\Temp\cc5Xi7iV.s 			page 173


 4843              		.cfi_offset 4, -16
 4844              		.cfi_offset 5, -12
 4845              		.cfi_offset 6, -8
 4846              		.cfi_offset 14, -4
 4847 0002 8AB0     		sub	sp, sp, #40
 4848              	.LCFI56:
 4849              		.cfi_def_cfa_offset 56
 4850 0004 0446     		mov	r4, r0
 405:Drivers/STM32F4xx_HAL_Driver/Src/stm32f4xx_hal_sd.c ****   SD_InitTypeDef Init;
 4851              		.loc 1 405 3 is_stmt 1 view .LVU1801
 406:Drivers/STM32F4xx_HAL_Driver/Src/stm32f4xx_hal_sd.c ****   
 4852              		.loc 1 406 3 view .LVU1802
 409:Drivers/STM32F4xx_HAL_Driver/Src/stm32f4xx_hal_sd.c ****   Init.ClockBypass         = SDIO_CLOCK_BYPASS_DISABLE;
 4853              		.loc 1 409 3 view .LVU1803
 409:Drivers/STM32F4xx_HAL_Driver/Src/stm32f4xx_hal_sd.c ****   Init.ClockBypass         = SDIO_CLOCK_BYPASS_DISABLE;
 4854              		.loc 1 409 28 is_stmt 0 view .LVU1804
 4855 0006 0025     		movs	r5, #0
 4856 0008 0495     		str	r5, [sp, #16]
 410:Drivers/STM32F4xx_HAL_Driver/Src/stm32f4xx_hal_sd.c ****   Init.ClockPowerSave      = SDIO_CLOCK_POWER_SAVE_DISABLE;
 4857              		.loc 1 410 3 is_stmt 1 view .LVU1805
 410:Drivers/STM32F4xx_HAL_Driver/Src/stm32f4xx_hal_sd.c ****   Init.ClockPowerSave      = SDIO_CLOCK_POWER_SAVE_DISABLE;
 4858              		.loc 1 410 28 is_stmt 0 view .LVU1806
 4859 000a 0595     		str	r5, [sp, #20]
 411:Drivers/STM32F4xx_HAL_Driver/Src/stm32f4xx_hal_sd.c ****   Init.BusWide             = SDIO_BUS_WIDE_1B;
 4860              		.loc 1 411 3 is_stmt 1 view .LVU1807
 411:Drivers/STM32F4xx_HAL_Driver/Src/stm32f4xx_hal_sd.c ****   Init.BusWide             = SDIO_BUS_WIDE_1B;
 4861              		.loc 1 411 28 is_stmt 0 view .LVU1808
 4862 000c 0695     		str	r5, [sp, #24]
 412:Drivers/STM32F4xx_HAL_Driver/Src/stm32f4xx_hal_sd.c ****   Init.HardwareFlowControl = SDIO_HARDWARE_FLOW_CONTROL_DISABLE;
 4863              		.loc 1 412 3 is_stmt 1 view .LVU1809
 412:Drivers/STM32F4xx_HAL_Driver/Src/stm32f4xx_hal_sd.c ****   Init.HardwareFlowControl = SDIO_HARDWARE_FLOW_CONTROL_DISABLE;
 4864              		.loc 1 412 28 is_stmt 0 view .LVU1810
 4865 000e 0795     		str	r5, [sp, #28]
 413:Drivers/STM32F4xx_HAL_Driver/Src/stm32f4xx_hal_sd.c ****   Init.ClockDiv            = SDIO_INIT_CLK_DIV;
 4866              		.loc 1 413 3 is_stmt 1 view .LVU1811
 413:Drivers/STM32F4xx_HAL_Driver/Src/stm32f4xx_hal_sd.c ****   Init.ClockDiv            = SDIO_INIT_CLK_DIV;
 4867              		.loc 1 413 28 is_stmt 0 view .LVU1812
 4868 0010 0895     		str	r5, [sp, #32]
 414:Drivers/STM32F4xx_HAL_Driver/Src/stm32f4xx_hal_sd.c **** 
 4869              		.loc 1 414 3 is_stmt 1 view .LVU1813
 414:Drivers/STM32F4xx_HAL_Driver/Src/stm32f4xx_hal_sd.c **** 
 4870              		.loc 1 414 28 is_stmt 0 view .LVU1814
 4871 0012 7623     		movs	r3, #118
 4872 0014 0993     		str	r3, [sp, #36]
 417:Drivers/STM32F4xx_HAL_Driver/Src/stm32f4xx_hal_sd.c **** 
 4873              		.loc 1 417 3 is_stmt 1 view .LVU1815
 4874 0016 0AAB     		add	r3, sp, #40
 4875 0018 13E90700 		ldmdb	r3, {r0, r1, r2}
 4876              	.LVL369:
 417:Drivers/STM32F4xx_HAL_Driver/Src/stm32f4xx_hal_sd.c **** 
 4877              		.loc 1 417 3 is_stmt 0 view .LVU1816
 4878 001c 8DE80700 		stm	sp, {r0, r1, r2}
 4879 0020 04AB     		add	r3, sp, #16
 4880 0022 0ECB     		ldm	r3, {r1, r2, r3}
 4881 0024 2068     		ldr	r0, [r4]
 4882 0026 FFF7FEFF 		bl	SDIO_Init
 4883              	.LVL370:
ARM GAS  C:\Users\40918\AppData\Local\Temp\cc5Xi7iV.s 			page 174


 420:Drivers/STM32F4xx_HAL_Driver/Src/stm32f4xx_hal_sd.c **** 
 4884              		.loc 1 420 3 is_stmt 1 view .LVU1817
 4885 002a 1B4E     		ldr	r6, .L273
 4886 002c C6F8A050 		str	r5, [r6, #160]
 423:Drivers/STM32F4xx_HAL_Driver/Src/stm32f4xx_hal_sd.c **** 
 4887              		.loc 1 423 3 view .LVU1818
 423:Drivers/STM32F4xx_HAL_Driver/Src/stm32f4xx_hal_sd.c **** 
 4888              		.loc 1 423 9 is_stmt 0 view .LVU1819
 4889 0030 2068     		ldr	r0, [r4]
 4890 0032 FFF7FEFF 		bl	SDIO_PowerState_ON
 4891              	.LVL371:
 426:Drivers/STM32F4xx_HAL_Driver/Src/stm32f4xx_hal_sd.c **** 
 4892              		.loc 1 426 3 is_stmt 1 view .LVU1820
 4893 0036 0123     		movs	r3, #1
 4894 0038 C6F8A030 		str	r3, [r6, #160]
 429:Drivers/STM32F4xx_HAL_Driver/Src/stm32f4xx_hal_sd.c **** 
 4895              		.loc 1 429 3 view .LVU1821
 4896 003c 0220     		movs	r0, #2
 4897 003e FFF7FEFF 		bl	HAL_Delay
 4898              	.LVL372:
 432:Drivers/STM32F4xx_HAL_Driver/Src/stm32f4xx_hal_sd.c ****   if(errorstate != HAL_SD_ERROR_NONE)
 4899              		.loc 1 432 3 view .LVU1822
 432:Drivers/STM32F4xx_HAL_Driver/Src/stm32f4xx_hal_sd.c ****   if(errorstate != HAL_SD_ERROR_NONE)
 4900              		.loc 1 432 16 is_stmt 0 view .LVU1823
 4901 0042 2046     		mov	r0, r4
 4902 0044 FFF7FEFF 		bl	SD_PowerON
 4903              	.LVL373:
 433:Drivers/STM32F4xx_HAL_Driver/Src/stm32f4xx_hal_sd.c ****   {
 4904              		.loc 1 433 3 is_stmt 1 view .LVU1824
 433:Drivers/STM32F4xx_HAL_Driver/Src/stm32f4xx_hal_sd.c ****   {
 4905              		.loc 1 433 5 is_stmt 0 view .LVU1825
 4906 0048 40B1     		cbz	r0, .L267
 4907 004a 0246     		mov	r2, r0
 435:Drivers/STM32F4xx_HAL_Driver/Src/stm32f4xx_hal_sd.c ****     hsd->ErrorCode |= errorstate;
 4908              		.loc 1 435 5 is_stmt 1 view .LVU1826
 435:Drivers/STM32F4xx_HAL_Driver/Src/stm32f4xx_hal_sd.c ****     hsd->ErrorCode |= errorstate;
 4909              		.loc 1 435 16 is_stmt 0 view .LVU1827
 4910 004c 0120     		movs	r0, #1
 4911              	.LVL374:
 435:Drivers/STM32F4xx_HAL_Driver/Src/stm32f4xx_hal_sd.c ****     hsd->ErrorCode |= errorstate;
 4912              		.loc 1 435 16 view .LVU1828
 4913 004e 84F83400 		strb	r0, [r4, #52]
 436:Drivers/STM32F4xx_HAL_Driver/Src/stm32f4xx_hal_sd.c ****     return HAL_ERROR;
 4914              		.loc 1 436 5 is_stmt 1 view .LVU1829
 436:Drivers/STM32F4xx_HAL_Driver/Src/stm32f4xx_hal_sd.c ****     return HAL_ERROR;
 4915              		.loc 1 436 8 is_stmt 0 view .LVU1830
 4916 0052 A36B     		ldr	r3, [r4, #56]
 436:Drivers/STM32F4xx_HAL_Driver/Src/stm32f4xx_hal_sd.c ****     return HAL_ERROR;
 4917              		.loc 1 436 20 view .LVU1831
 4918 0054 1343     		orrs	r3, r3, r2
 4919 0056 A363     		str	r3, [r4, #56]
 437:Drivers/STM32F4xx_HAL_Driver/Src/stm32f4xx_hal_sd.c ****   }
 4920              		.loc 1 437 5 is_stmt 1 view .LVU1832
 4921              	.LVL375:
 4922              	.L268:
 461:Drivers/STM32F4xx_HAL_Driver/Src/stm32f4xx_hal_sd.c **** 
 4923              		.loc 1 461 1 is_stmt 0 view .LVU1833
ARM GAS  C:\Users\40918\AppData\Local\Temp\cc5Xi7iV.s 			page 175


 4924 0058 0AB0     		add	sp, sp, #40
 4925              	.LCFI57:
 4926              		.cfi_remember_state
 4927              		.cfi_def_cfa_offset 16
 4928              		@ sp needed
 4929 005a 70BD     		pop	{r4, r5, r6, pc}
 4930              	.LVL376:
 4931              	.L267:
 4932              	.LCFI58:
 4933              		.cfi_restore_state
 441:Drivers/STM32F4xx_HAL_Driver/Src/stm32f4xx_hal_sd.c ****   if(errorstate != HAL_SD_ERROR_NONE)
 4934              		.loc 1 441 3 is_stmt 1 view .LVU1834
 441:Drivers/STM32F4xx_HAL_Driver/Src/stm32f4xx_hal_sd.c ****   if(errorstate != HAL_SD_ERROR_NONE)
 4935              		.loc 1 441 16 is_stmt 0 view .LVU1835
 4936 005c 2046     		mov	r0, r4
 4937              	.LVL377:
 441:Drivers/STM32F4xx_HAL_Driver/Src/stm32f4xx_hal_sd.c ****   if(errorstate != HAL_SD_ERROR_NONE)
 4938              		.loc 1 441 16 view .LVU1836
 4939 005e FFF7FEFF 		bl	SD_InitCard
 4940              	.LVL378:
 442:Drivers/STM32F4xx_HAL_Driver/Src/stm32f4xx_hal_sd.c ****   {
 4941              		.loc 1 442 3 is_stmt 1 view .LVU1837
 442:Drivers/STM32F4xx_HAL_Driver/Src/stm32f4xx_hal_sd.c ****   {
 4942              		.loc 1 442 5 is_stmt 0 view .LVU1838
 4943 0062 0246     		mov	r2, r0
 4944 0064 30B1     		cbz	r0, .L269
 444:Drivers/STM32F4xx_HAL_Driver/Src/stm32f4xx_hal_sd.c ****     hsd->ErrorCode |= errorstate;
 4945              		.loc 1 444 5 is_stmt 1 view .LVU1839
 444:Drivers/STM32F4xx_HAL_Driver/Src/stm32f4xx_hal_sd.c ****     hsd->ErrorCode |= errorstate;
 4946              		.loc 1 444 16 is_stmt 0 view .LVU1840
 4947 0066 0120     		movs	r0, #1
 4948              	.LVL379:
 444:Drivers/STM32F4xx_HAL_Driver/Src/stm32f4xx_hal_sd.c ****     hsd->ErrorCode |= errorstate;
 4949              		.loc 1 444 16 view .LVU1841
 4950 0068 84F83400 		strb	r0, [r4, #52]
 445:Drivers/STM32F4xx_HAL_Driver/Src/stm32f4xx_hal_sd.c ****     return HAL_ERROR;
 4951              		.loc 1 445 5 is_stmt 1 view .LVU1842
 445:Drivers/STM32F4xx_HAL_Driver/Src/stm32f4xx_hal_sd.c ****     return HAL_ERROR;
 4952              		.loc 1 445 8 is_stmt 0 view .LVU1843
 4953 006c A36B     		ldr	r3, [r4, #56]
 445:Drivers/STM32F4xx_HAL_Driver/Src/stm32f4xx_hal_sd.c ****     return HAL_ERROR;
 4954              		.loc 1 445 20 view .LVU1844
 4955 006e 1343     		orrs	r3, r3, r2
 4956 0070 A363     		str	r3, [r4, #56]
 446:Drivers/STM32F4xx_HAL_Driver/Src/stm32f4xx_hal_sd.c ****   }
 4957              		.loc 1 446 5 is_stmt 1 view .LVU1845
 446:Drivers/STM32F4xx_HAL_Driver/Src/stm32f4xx_hal_sd.c ****   }
 4958              		.loc 1 446 12 is_stmt 0 view .LVU1846
 4959 0072 F1E7     		b	.L268
 4960              	.LVL380:
 4961              	.L269:
 450:Drivers/STM32F4xx_HAL_Driver/Src/stm32f4xx_hal_sd.c ****   if(errorstate != HAL_SD_ERROR_NONE)
 4962              		.loc 1 450 3 is_stmt 1 view .LVU1847
 450:Drivers/STM32F4xx_HAL_Driver/Src/stm32f4xx_hal_sd.c ****   if(errorstate != HAL_SD_ERROR_NONE)
 4963              		.loc 1 450 16 is_stmt 0 view .LVU1848
 4964 0074 4FF40071 		mov	r1, #512
 4965 0078 2068     		ldr	r0, [r4]
ARM GAS  C:\Users\40918\AppData\Local\Temp\cc5Xi7iV.s 			page 176


 4966              	.LVL381:
 450:Drivers/STM32F4xx_HAL_Driver/Src/stm32f4xx_hal_sd.c ****   if(errorstate != HAL_SD_ERROR_NONE)
 4967              		.loc 1 450 16 view .LVU1849
 4968 007a FFF7FEFF 		bl	SDMMC_CmdBlockLength
 4969              	.LVL382:
 451:Drivers/STM32F4xx_HAL_Driver/Src/stm32f4xx_hal_sd.c ****   {
 4970              		.loc 1 451 3 is_stmt 1 view .LVU1850
 451:Drivers/STM32F4xx_HAL_Driver/Src/stm32f4xx_hal_sd.c ****   {
 4971              		.loc 1 451 5 is_stmt 0 view .LVU1851
 4972 007e 08B9     		cbnz	r0, .L272
 460:Drivers/STM32F4xx_HAL_Driver/Src/stm32f4xx_hal_sd.c **** }
 4973              		.loc 1 460 10 view .LVU1852
 4974 0080 0020     		movs	r0, #0
 4975              	.LVL383:
 460:Drivers/STM32F4xx_HAL_Driver/Src/stm32f4xx_hal_sd.c **** }
 4976              		.loc 1 460 10 view .LVU1853
 4977 0082 E9E7     		b	.L268
 4978              	.LVL384:
 4979              	.L272:
 454:Drivers/STM32F4xx_HAL_Driver/Src/stm32f4xx_hal_sd.c ****     hsd->ErrorCode |= errorstate;
 4980              		.loc 1 454 5 is_stmt 1 view .LVU1854
 4981 0084 2368     		ldr	r3, [r4]
 4982 0086 0549     		ldr	r1, .L273+4
 4983 0088 9963     		str	r1, [r3, #56]
 455:Drivers/STM32F4xx_HAL_Driver/Src/stm32f4xx_hal_sd.c ****     hsd->State = HAL_SD_STATE_READY;
 4984              		.loc 1 455 5 view .LVU1855
 455:Drivers/STM32F4xx_HAL_Driver/Src/stm32f4xx_hal_sd.c ****     hsd->State = HAL_SD_STATE_READY;
 4985              		.loc 1 455 8 is_stmt 0 view .LVU1856
 4986 008a A36B     		ldr	r3, [r4, #56]
 455:Drivers/STM32F4xx_HAL_Driver/Src/stm32f4xx_hal_sd.c ****     hsd->State = HAL_SD_STATE_READY;
 4987              		.loc 1 455 20 view .LVU1857
 4988 008c 0343     		orrs	r3, r3, r0
 4989 008e A363     		str	r3, [r4, #56]
 456:Drivers/STM32F4xx_HAL_Driver/Src/stm32f4xx_hal_sd.c ****     return HAL_ERROR;
 4990              		.loc 1 456 5 is_stmt 1 view .LVU1858
 456:Drivers/STM32F4xx_HAL_Driver/Src/stm32f4xx_hal_sd.c ****     return HAL_ERROR;
 4991              		.loc 1 456 16 is_stmt 0 view .LVU1859
 4992 0090 0120     		movs	r0, #1
 4993              	.LVL385:
 456:Drivers/STM32F4xx_HAL_Driver/Src/stm32f4xx_hal_sd.c ****     return HAL_ERROR;
 4994              		.loc 1 456 16 view .LVU1860
 4995 0092 84F83400 		strb	r0, [r4, #52]
 457:Drivers/STM32F4xx_HAL_Driver/Src/stm32f4xx_hal_sd.c ****   }
 4996              		.loc 1 457 5 is_stmt 1 view .LVU1861
 457:Drivers/STM32F4xx_HAL_Driver/Src/stm32f4xx_hal_sd.c ****   }
 4997              		.loc 1 457 12 is_stmt 0 view .LVU1862
 4998 0096 DFE7     		b	.L268
 4999              	.L274:
 5000              		.align	2
 5001              	.L273:
 5002 0098 00802542 		.word	1109753856
 5003 009c FF054000 		.word	4195839
 5004              		.cfi_endproc
 5005              	.LFE240:
 5007              		.section	.text.HAL_SD_Init,"ax",%progbits
 5008              		.align	1
 5009              		.global	HAL_SD_Init
ARM GAS  C:\Users\40918\AppData\Local\Temp\cc5Xi7iV.s 			page 177


 5010              		.syntax unified
 5011              		.thumb
 5012              		.thumb_func
 5014              	HAL_SD_Init:
 5015              	.LVL386:
 5016              	.LFB239:
 336:Drivers/STM32F4xx_HAL_Driver/Src/stm32f4xx_hal_sd.c ****   /* Check the SD handle allocation */
 5017              		.loc 1 336 1 is_stmt 1 view -0
 5018              		.cfi_startproc
 5019              		@ args = 0, pretend = 0, frame = 0
 5020              		@ frame_needed = 0, uses_anonymous_args = 0
 338:Drivers/STM32F4xx_HAL_Driver/Src/stm32f4xx_hal_sd.c ****   {
 5021              		.loc 1 338 3 view .LVU1864
 338:Drivers/STM32F4xx_HAL_Driver/Src/stm32f4xx_hal_sd.c ****   {
 5022              		.loc 1 338 5 is_stmt 0 view .LVU1865
 5023 0000 A8B1     		cbz	r0, .L278
 336:Drivers/STM32F4xx_HAL_Driver/Src/stm32f4xx_hal_sd.c ****   /* Check the SD handle allocation */
 5024              		.loc 1 336 1 view .LVU1866
 5025 0002 10B5     		push	{r4, lr}
 5026              	.LCFI59:
 5027              		.cfi_def_cfa_offset 8
 5028              		.cfi_offset 4, -8
 5029              		.cfi_offset 14, -4
 5030 0004 0446     		mov	r4, r0
 344:Drivers/STM32F4xx_HAL_Driver/Src/stm32f4xx_hal_sd.c ****   assert_param(IS_SDIO_CLOCK_EDGE(hsd->Init.ClockEdge));
 5031              		.loc 1 344 3 is_stmt 1 view .LVU1867
 345:Drivers/STM32F4xx_HAL_Driver/Src/stm32f4xx_hal_sd.c ****   assert_param(IS_SDIO_CLOCK_BYPASS(hsd->Init.ClockBypass));
 5032              		.loc 1 345 3 view .LVU1868
 346:Drivers/STM32F4xx_HAL_Driver/Src/stm32f4xx_hal_sd.c ****   assert_param(IS_SDIO_CLOCK_POWER_SAVE(hsd->Init.ClockPowerSave));
 5033              		.loc 1 346 3 view .LVU1869
 347:Drivers/STM32F4xx_HAL_Driver/Src/stm32f4xx_hal_sd.c ****   assert_param(IS_SDIO_BUS_WIDE(hsd->Init.BusWide));
 5034              		.loc 1 347 3 view .LVU1870
 348:Drivers/STM32F4xx_HAL_Driver/Src/stm32f4xx_hal_sd.c ****   assert_param(IS_SDIO_HARDWARE_FLOW_CONTROL(hsd->Init.HardwareFlowControl));
 5035              		.loc 1 348 3 view .LVU1871
 349:Drivers/STM32F4xx_HAL_Driver/Src/stm32f4xx_hal_sd.c ****   assert_param(IS_SDIO_CLKDIV(hsd->Init.ClockDiv));
 5036              		.loc 1 349 3 view .LVU1872
 350:Drivers/STM32F4xx_HAL_Driver/Src/stm32f4xx_hal_sd.c **** 
 5037              		.loc 1 350 3 view .LVU1873
 352:Drivers/STM32F4xx_HAL_Driver/Src/stm32f4xx_hal_sd.c ****   {
 5038              		.loc 1 352 3 view .LVU1874
 352:Drivers/STM32F4xx_HAL_Driver/Src/stm32f4xx_hal_sd.c ****   {
 5039              		.loc 1 352 9 is_stmt 0 view .LVU1875
 5040 0006 90F83430 		ldrb	r3, [r0, #52]	@ zero_extendqisi2
 352:Drivers/STM32F4xx_HAL_Driver/Src/stm32f4xx_hal_sd.c ****   {
 5041              		.loc 1 352 5 view .LVU1876
 5042 000a 63B1     		cbz	r3, .L284
 5043              	.LVL387:
 5044              	.L277:
 376:Drivers/STM32F4xx_HAL_Driver/Src/stm32f4xx_hal_sd.c **** 
 5045              		.loc 1 376 3 is_stmt 1 view .LVU1877
 376:Drivers/STM32F4xx_HAL_Driver/Src/stm32f4xx_hal_sd.c **** 
 5046              		.loc 1 376 14 is_stmt 0 view .LVU1878
 5047 000c 0323     		movs	r3, #3
 5048 000e 84F83430 		strb	r3, [r4, #52]
 379:Drivers/STM32F4xx_HAL_Driver/Src/stm32f4xx_hal_sd.c ****   {
 5049              		.loc 1 379 3 is_stmt 1 view .LVU1879
 379:Drivers/STM32F4xx_HAL_Driver/Src/stm32f4xx_hal_sd.c ****   {
ARM GAS  C:\Users\40918\AppData\Local\Temp\cc5Xi7iV.s 			page 178


 5050              		.loc 1 379 7 is_stmt 0 view .LVU1880
 5051 0012 2046     		mov	r0, r4
 5052 0014 FFF7FEFF 		bl	HAL_SD_InitCard
 5053              	.LVL388:
 379:Drivers/STM32F4xx_HAL_Driver/Src/stm32f4xx_hal_sd.c ****   {
 5054              		.loc 1 379 6 discriminator 1 view .LVU1881
 5055 0018 58B9     		cbnz	r0, .L279
 385:Drivers/STM32F4xx_HAL_Driver/Src/stm32f4xx_hal_sd.c **** 
 5056              		.loc 1 385 3 is_stmt 1 view .LVU1882
 385:Drivers/STM32F4xx_HAL_Driver/Src/stm32f4xx_hal_sd.c **** 
 5057              		.loc 1 385 18 is_stmt 0 view .LVU1883
 5058 001a A063     		str	r0, [r4, #56]
 388:Drivers/STM32F4xx_HAL_Driver/Src/stm32f4xx_hal_sd.c **** 
 5059              		.loc 1 388 3 is_stmt 1 view .LVU1884
 388:Drivers/STM32F4xx_HAL_Driver/Src/stm32f4xx_hal_sd.c **** 
 5060              		.loc 1 388 16 is_stmt 0 view .LVU1885
 5061 001c 2063     		str	r0, [r4, #48]
 391:Drivers/STM32F4xx_HAL_Driver/Src/stm32f4xx_hal_sd.c **** 
 5062              		.loc 1 391 3 is_stmt 1 view .LVU1886
 391:Drivers/STM32F4xx_HAL_Driver/Src/stm32f4xx_hal_sd.c **** 
 5063              		.loc 1 391 14 is_stmt 0 view .LVU1887
 5064 001e 0123     		movs	r3, #1
 5065 0020 84F83430 		strb	r3, [r4, #52]
 393:Drivers/STM32F4xx_HAL_Driver/Src/stm32f4xx_hal_sd.c **** }
 5066              		.loc 1 393 3 is_stmt 1 view .LVU1888
 5067              	.L276:
 394:Drivers/STM32F4xx_HAL_Driver/Src/stm32f4xx_hal_sd.c **** 
 5068              		.loc 1 394 1 is_stmt 0 view .LVU1889
 5069 0024 10BD     		pop	{r4, pc}
 5070              	.LVL389:
 5071              	.L284:
 355:Drivers/STM32F4xx_HAL_Driver/Src/stm32f4xx_hal_sd.c **** #if defined (USE_HAL_SD_REGISTER_CALLBACKS) && (USE_HAL_SD_REGISTER_CALLBACKS == 1U)
 5072              		.loc 1 355 5 is_stmt 1 view .LVU1890
 355:Drivers/STM32F4xx_HAL_Driver/Src/stm32f4xx_hal_sd.c **** #if defined (USE_HAL_SD_REGISTER_CALLBACKS) && (USE_HAL_SD_REGISTER_CALLBACKS == 1U)
 5073              		.loc 1 355 15 is_stmt 0 view .LVU1891
 5074 0026 0377     		strb	r3, [r0, #28]
 372:Drivers/STM32F4xx_HAL_Driver/Src/stm32f4xx_hal_sd.c **** #endif /* USE_HAL_SD_REGISTER_CALLBACKS */
 5075              		.loc 1 372 5 is_stmt 1 view .LVU1892
 5076 0028 FFF7FEFF 		bl	HAL_SD_MspInit
 5077              	.LVL390:
 372:Drivers/STM32F4xx_HAL_Driver/Src/stm32f4xx_hal_sd.c **** #endif /* USE_HAL_SD_REGISTER_CALLBACKS */
 5078              		.loc 1 372 5 is_stmt 0 view .LVU1893
 5079 002c EEE7     		b	.L277
 5080              	.LVL391:
 5081              	.L278:
 5082              	.LCFI60:
 5083              		.cfi_def_cfa_offset 0
 5084              		.cfi_restore 4
 5085              		.cfi_restore 14
 340:Drivers/STM32F4xx_HAL_Driver/Src/stm32f4xx_hal_sd.c ****   }
 5086              		.loc 1 340 12 view .LVU1894
 5087 002e 0120     		movs	r0, #1
 5088              	.LVL392:
 394:Drivers/STM32F4xx_HAL_Driver/Src/stm32f4xx_hal_sd.c **** 
 5089              		.loc 1 394 1 view .LVU1895
 5090 0030 7047     		bx	lr
 5091              	.LVL393:
ARM GAS  C:\Users\40918\AppData\Local\Temp\cc5Xi7iV.s 			page 179


 5092              	.L279:
 5093              	.LCFI61:
 5094              		.cfi_def_cfa_offset 8
 5095              		.cfi_offset 4, -8
 5096              		.cfi_offset 14, -4
 381:Drivers/STM32F4xx_HAL_Driver/Src/stm32f4xx_hal_sd.c ****   }
 5097              		.loc 1 381 12 view .LVU1896
 5098 0032 0120     		movs	r0, #1
 5099 0034 F6E7     		b	.L276
 5100              		.cfi_endproc
 5101              	.LFE239:
 5103              		.section	.text.HAL_SD_GetCardStatus,"ax",%progbits
 5104              		.align	1
 5105              		.global	HAL_SD_GetCardStatus
 5106              		.syntax unified
 5107              		.thumb
 5108              		.thumb_func
 5110              	HAL_SD_GetCardStatus:
 5111              	.LVL394:
 5112              	.LFB260:
2156:Drivers/STM32F4xx_HAL_Driver/Src/stm32f4xx_hal_sd.c ****   uint32_t sd_status[16];
 5113              		.loc 1 2156 1 is_stmt 1 view -0
 5114              		.cfi_startproc
 5115              		@ args = 0, pretend = 0, frame = 64
 5116              		@ frame_needed = 0, uses_anonymous_args = 0
2156:Drivers/STM32F4xx_HAL_Driver/Src/stm32f4xx_hal_sd.c ****   uint32_t sd_status[16];
 5117              		.loc 1 2156 1 is_stmt 0 view .LVU1898
 5118 0000 30B5     		push	{r4, r5, lr}
 5119              	.LCFI62:
 5120              		.cfi_def_cfa_offset 12
 5121              		.cfi_offset 4, -12
 5122              		.cfi_offset 5, -8
 5123              		.cfi_offset 14, -4
 5124 0002 91B0     		sub	sp, sp, #68
 5125              	.LCFI63:
 5126              		.cfi_def_cfa_offset 80
 5127 0004 0546     		mov	r5, r0
 5128 0006 0C46     		mov	r4, r1
2157:Drivers/STM32F4xx_HAL_Driver/Src/stm32f4xx_hal_sd.c ****   uint32_t errorstate;
 5129              		.loc 1 2157 3 is_stmt 1 view .LVU1899
2158:Drivers/STM32F4xx_HAL_Driver/Src/stm32f4xx_hal_sd.c ****   HAL_StatusTypeDef status = HAL_OK;
 5130              		.loc 1 2158 3 view .LVU1900
2159:Drivers/STM32F4xx_HAL_Driver/Src/stm32f4xx_hal_sd.c **** 
 5131              		.loc 1 2159 3 view .LVU1901
 5132              	.LVL395:
2161:Drivers/STM32F4xx_HAL_Driver/Src/stm32f4xx_hal_sd.c ****   if(errorstate != HAL_SD_ERROR_NONE)
 5133              		.loc 1 2161 3 view .LVU1902
2161:Drivers/STM32F4xx_HAL_Driver/Src/stm32f4xx_hal_sd.c ****   if(errorstate != HAL_SD_ERROR_NONE)
 5134              		.loc 1 2161 16 is_stmt 0 view .LVU1903
 5135 0008 6946     		mov	r1, sp
 5136              	.LVL396:
2161:Drivers/STM32F4xx_HAL_Driver/Src/stm32f4xx_hal_sd.c ****   if(errorstate != HAL_SD_ERROR_NONE)
 5137              		.loc 1 2161 16 view .LVU1904
 5138 000a FFF7FEFF 		bl	SD_SendSDStatus
 5139              	.LVL397:
2162:Drivers/STM32F4xx_HAL_Driver/Src/stm32f4xx_hal_sd.c ****   {
 5140              		.loc 1 2162 3 is_stmt 1 view .LVU1905
ARM GAS  C:\Users\40918\AppData\Local\Temp\cc5Xi7iV.s 			page 180


2162:Drivers/STM32F4xx_HAL_Driver/Src/stm32f4xx_hal_sd.c ****   {
 5141              		.loc 1 2162 5 is_stmt 0 view .LVU1906
 5142 000e C0B1     		cbz	r0, .L286
2165:Drivers/STM32F4xx_HAL_Driver/Src/stm32f4xx_hal_sd.c ****     hsd->ErrorCode |= errorstate;
 5143              		.loc 1 2165 5 is_stmt 1 view .LVU1907
 5144 0010 2B68     		ldr	r3, [r5]
 5145 0012 2549     		ldr	r1, .L290
 5146 0014 9963     		str	r1, [r3, #56]
2166:Drivers/STM32F4xx_HAL_Driver/Src/stm32f4xx_hal_sd.c ****     hsd->State = HAL_SD_STATE_READY;
 5147              		.loc 1 2166 5 view .LVU1908
2166:Drivers/STM32F4xx_HAL_Driver/Src/stm32f4xx_hal_sd.c ****     hsd->State = HAL_SD_STATE_READY;
 5148              		.loc 1 2166 8 is_stmt 0 view .LVU1909
 5149 0016 AB6B     		ldr	r3, [r5, #56]
2166:Drivers/STM32F4xx_HAL_Driver/Src/stm32f4xx_hal_sd.c ****     hsd->State = HAL_SD_STATE_READY;
 5150              		.loc 1 2166 20 view .LVU1910
 5151 0018 0343     		orrs	r3, r3, r0
 5152 001a AB63     		str	r3, [r5, #56]
2167:Drivers/STM32F4xx_HAL_Driver/Src/stm32f4xx_hal_sd.c ****     status = HAL_ERROR;
 5153              		.loc 1 2167 5 is_stmt 1 view .LVU1911
2167:Drivers/STM32F4xx_HAL_Driver/Src/stm32f4xx_hal_sd.c ****     status = HAL_ERROR;
 5154              		.loc 1 2167 16 is_stmt 0 view .LVU1912
 5155 001c 0124     		movs	r4, #1
 5156              	.LVL398:
2167:Drivers/STM32F4xx_HAL_Driver/Src/stm32f4xx_hal_sd.c ****     status = HAL_ERROR;
 5157              		.loc 1 2167 16 view .LVU1913
 5158 001e 85F83440 		strb	r4, [r5, #52]
2168:Drivers/STM32F4xx_HAL_Driver/Src/stm32f4xx_hal_sd.c ****   }
 5159              		.loc 1 2168 5 is_stmt 1 view .LVU1914
 5160              	.LVL399:
 5161              	.L287:
2195:Drivers/STM32F4xx_HAL_Driver/Src/stm32f4xx_hal_sd.c ****   if(errorstate != HAL_SD_ERROR_NONE)
 5162              		.loc 1 2195 3 view .LVU1915
2195:Drivers/STM32F4xx_HAL_Driver/Src/stm32f4xx_hal_sd.c ****   if(errorstate != HAL_SD_ERROR_NONE)
 5163              		.loc 1 2195 16 is_stmt 0 view .LVU1916
 5164 0022 4FF40071 		mov	r1, #512
 5165 0026 2868     		ldr	r0, [r5]
 5166              	.LVL400:
2195:Drivers/STM32F4xx_HAL_Driver/Src/stm32f4xx_hal_sd.c ****   if(errorstate != HAL_SD_ERROR_NONE)
 5167              		.loc 1 2195 16 view .LVU1917
 5168 0028 FFF7FEFF 		bl	SDMMC_CmdBlockLength
 5169              	.LVL401:
2196:Drivers/STM32F4xx_HAL_Driver/Src/stm32f4xx_hal_sd.c ****   {
 5170              		.loc 1 2196 3 is_stmt 1 view .LVU1918
2196:Drivers/STM32F4xx_HAL_Driver/Src/stm32f4xx_hal_sd.c ****   {
 5171              		.loc 1 2196 5 is_stmt 0 view .LVU1919
 5172 002c 30B1     		cbz	r0, .L288
2199:Drivers/STM32F4xx_HAL_Driver/Src/stm32f4xx_hal_sd.c ****     hsd->ErrorCode = errorstate;
 5173              		.loc 1 2199 5 is_stmt 1 view .LVU1920
 5174 002e 2A68     		ldr	r2, [r5]
 5175 0030 1D49     		ldr	r1, .L290
 5176 0032 9163     		str	r1, [r2, #56]
2200:Drivers/STM32F4xx_HAL_Driver/Src/stm32f4xx_hal_sd.c ****     hsd->State = HAL_SD_STATE_READY;
 5177              		.loc 1 2200 5 view .LVU1921
2200:Drivers/STM32F4xx_HAL_Driver/Src/stm32f4xx_hal_sd.c ****     hsd->State = HAL_SD_STATE_READY;
 5178              		.loc 1 2200 20 is_stmt 0 view .LVU1922
 5179 0034 A863     		str	r0, [r5, #56]
2201:Drivers/STM32F4xx_HAL_Driver/Src/stm32f4xx_hal_sd.c ****     status = HAL_ERROR;
ARM GAS  C:\Users\40918\AppData\Local\Temp\cc5Xi7iV.s 			page 181


 5180              		.loc 1 2201 5 is_stmt 1 view .LVU1923
2201:Drivers/STM32F4xx_HAL_Driver/Src/stm32f4xx_hal_sd.c ****     status = HAL_ERROR;
 5181              		.loc 1 2201 16 is_stmt 0 view .LVU1924
 5182 0036 0124     		movs	r4, #1
 5183              	.LVL402:
2201:Drivers/STM32F4xx_HAL_Driver/Src/stm32f4xx_hal_sd.c ****     status = HAL_ERROR;
 5184              		.loc 1 2201 16 view .LVU1925
 5185 0038 85F83440 		strb	r4, [r5, #52]
2202:Drivers/STM32F4xx_HAL_Driver/Src/stm32f4xx_hal_sd.c ****   }
 5186              		.loc 1 2202 5 is_stmt 1 view .LVU1926
 5187              	.LVL403:
 5188              	.L288:
2205:Drivers/STM32F4xx_HAL_Driver/Src/stm32f4xx_hal_sd.c **** }
 5189              		.loc 1 2205 3 view .LVU1927
2206:Drivers/STM32F4xx_HAL_Driver/Src/stm32f4xx_hal_sd.c **** 
 5190              		.loc 1 2206 1 is_stmt 0 view .LVU1928
 5191 003c 2046     		mov	r0, r4
 5192              	.LVL404:
2206:Drivers/STM32F4xx_HAL_Driver/Src/stm32f4xx_hal_sd.c **** 
 5193              		.loc 1 2206 1 view .LVU1929
 5194 003e 11B0     		add	sp, sp, #68
 5195              	.LCFI64:
 5196              		.cfi_remember_state
 5197              		.cfi_def_cfa_offset 12
 5198              		@ sp needed
 5199 0040 30BD     		pop	{r4, r5, pc}
 5200              	.LVL405:
 5201              	.L286:
 5202              	.LCFI65:
 5203              		.cfi_restore_state
2172:Drivers/STM32F4xx_HAL_Driver/Src/stm32f4xx_hal_sd.c **** 
 5204              		.loc 1 2172 5 is_stmt 1 view .LVU1930
2172:Drivers/STM32F4xx_HAL_Driver/Src/stm32f4xx_hal_sd.c **** 
 5205              		.loc 1 2172 49 is_stmt 0 view .LVU1931
 5206 0042 009A     		ldr	r2, [sp]
2172:Drivers/STM32F4xx_HAL_Driver/Src/stm32f4xx_hal_sd.c **** 
 5207              		.loc 1 2172 29 view .LVU1932
 5208 0044 C2F38113 		ubfx	r3, r2, #6, #2
2172:Drivers/STM32F4xx_HAL_Driver/Src/stm32f4xx_hal_sd.c **** 
 5209              		.loc 1 2172 27 view .LVU1933
 5210 0048 2370     		strb	r3, [r4]
2174:Drivers/STM32F4xx_HAL_Driver/Src/stm32f4xx_hal_sd.c **** 
 5211              		.loc 1 2174 5 is_stmt 1 view .LVU1934
2174:Drivers/STM32F4xx_HAL_Driver/Src/stm32f4xx_hal_sd.c **** 
 5212              		.loc 1 2174 28 is_stmt 0 view .LVU1935
 5213 004a C2F34013 		ubfx	r3, r2, #5, #1
2174:Drivers/STM32F4xx_HAL_Driver/Src/stm32f4xx_hal_sd.c **** 
 5214              		.loc 1 2174 26 view .LVU1936
 5215 004e 6370     		strb	r3, [r4, #1]
2176:Drivers/STM32F4xx_HAL_Driver/Src/stm32f4xx_hal_sd.c **** 
 5216              		.loc 1 2176 5 is_stmt 1 view .LVU1937
2176:Drivers/STM32F4xx_HAL_Driver/Src/stm32f4xx_hal_sd.c **** 
 5217              		.loc 1 2176 66 is_stmt 0 view .LVU1938
 5218 0050 130A     		lsrs	r3, r2, #8
2176:Drivers/STM32F4xx_HAL_Driver/Src/stm32f4xx_hal_sd.c **** 
 5219              		.loc 1 2176 25 view .LVU1939
 5220 0052 23F0FF03 		bic	r3, r3, #255
ARM GAS  C:\Users\40918\AppData\Local\Temp\cc5Xi7iV.s 			page 182


 5221 0056 43EA1263 		orr	r3, r3, r2, lsr #24
 5222 005a 9BB2     		uxth	r3, r3
2176:Drivers/STM32F4xx_HAL_Driver/Src/stm32f4xx_hal_sd.c **** 
 5223              		.loc 1 2176 23 view .LVU1940
 5224 005c 6380     		strh	r3, [r4, #2]	@ movhi
2178:Drivers/STM32F4xx_HAL_Driver/Src/stm32f4xx_hal_sd.c ****                                   ((sd_status[1] & 0xFF0000U) >> 8U) | ((sd_status[1] & 0xFF000000U
 5225              		.loc 1 2178 5 is_stmt 1 view .LVU1941
2178:Drivers/STM32F4xx_HAL_Driver/Src/stm32f4xx_hal_sd.c ****                                   ((sd_status[1] & 0xFF0000U) >> 8U) | ((sd_status[1] & 0xFF000000U
 5226              		.loc 1 2178 46 is_stmt 0 view .LVU1942
 5227 005e 019A     		ldr	r2, [sp, #4]
2178:Drivers/STM32F4xx_HAL_Driver/Src/stm32f4xx_hal_sd.c ****                                   ((sd_status[1] & 0xFF0000U) >> 8U) | ((sd_status[1] & 0xFF000000U
 5228              		.loc 1 2178 98 view .LVU1943
 5229 0060 1302     		lsls	r3, r2, #8
 5230 0062 03F47F03 		and	r3, r3, #16711680
2178:Drivers/STM32F4xx_HAL_Driver/Src/stm32f4xx_hal_sd.c ****                                   ((sd_status[1] & 0xFF0000U) >> 8U) | ((sd_status[1] & 0xFF000000U
 5231              		.loc 1 2178 70 view .LVU1944
 5232 0066 43EA0263 		orr	r3, r3, r2, lsl #24
2179:Drivers/STM32F4xx_HAL_Driver/Src/stm32f4xx_hal_sd.c **** 
 5233              		.loc 1 2179 63 view .LVU1945
 5234 006a 110A     		lsrs	r1, r2, #8
 5235 006c 01F47F41 		and	r1, r1, #65280
2178:Drivers/STM32F4xx_HAL_Driver/Src/stm32f4xx_hal_sd.c ****                                   ((sd_status[1] & 0xFF0000U) >> 8U) | ((sd_status[1] & 0xFF000000U
 5236              		.loc 1 2178 105 view .LVU1946
 5237 0070 0B43     		orrs	r3, r3, r1
2179:Drivers/STM32F4xx_HAL_Driver/Src/stm32f4xx_hal_sd.c **** 
 5238              		.loc 1 2179 70 view .LVU1947
 5239 0072 43EA1263 		orr	r3, r3, r2, lsr #24
2178:Drivers/STM32F4xx_HAL_Driver/Src/stm32f4xx_hal_sd.c ****                                   ((sd_status[1] & 0xFF0000U) >> 8U) | ((sd_status[1] & 0xFF000000U
 5240              		.loc 1 2178 32 view .LVU1948
 5241 0076 6360     		str	r3, [r4, #4]
2181:Drivers/STM32F4xx_HAL_Driver/Src/stm32f4xx_hal_sd.c **** 
 5242              		.loc 1 2181 5 is_stmt 1 view .LVU1949
2181:Drivers/STM32F4xx_HAL_Driver/Src/stm32f4xx_hal_sd.c **** 
 5243              		.loc 1 2181 46 is_stmt 0 view .LVU1950
 5244 0078 029B     		ldr	r3, [sp, #8]
2181:Drivers/STM32F4xx_HAL_Driver/Src/stm32f4xx_hal_sd.c **** 
 5245              		.loc 1 2181 27 view .LVU1951
 5246 007a DAB2     		uxtb	r2, r3
2181:Drivers/STM32F4xx_HAL_Driver/Src/stm32f4xx_hal_sd.c **** 
 5247              		.loc 1 2181 25 view .LVU1952
 5248 007c 2272     		strb	r2, [r4, #8]
2183:Drivers/STM32F4xx_HAL_Driver/Src/stm32f4xx_hal_sd.c **** 
 5249              		.loc 1 2183 5 is_stmt 1 view .LVU1953
2183:Drivers/STM32F4xx_HAL_Driver/Src/stm32f4xx_hal_sd.c **** 
 5250              		.loc 1 2183 32 is_stmt 0 view .LVU1954
 5251 007e C3F30722 		ubfx	r2, r3, #8, #8
2183:Drivers/STM32F4xx_HAL_Driver/Src/stm32f4xx_hal_sd.c **** 
 5252              		.loc 1 2183 30 view .LVU1955
 5253 0082 6272     		strb	r2, [r4, #9]
2185:Drivers/STM32F4xx_HAL_Driver/Src/stm32f4xx_hal_sd.c **** 
 5254              		.loc 1 2185 5 is_stmt 1 view .LVU1956
2185:Drivers/STM32F4xx_HAL_Driver/Src/stm32f4xx_hal_sd.c **** 
 5255              		.loc 1 2185 35 is_stmt 0 view .LVU1957
 5256 0084 C3F30352 		ubfx	r2, r3, #20, #4
2185:Drivers/STM32F4xx_HAL_Driver/Src/stm32f4xx_hal_sd.c **** 
 5257              		.loc 1 2185 33 view .LVU1958
 5258 0088 A272     		strb	r2, [r4, #10]
ARM GAS  C:\Users\40918\AppData\Local\Temp\cc5Xi7iV.s 			page 183


2187:Drivers/STM32F4xx_HAL_Driver/Src/stm32f4xx_hal_sd.c **** 
 5259              		.loc 1 2187 5 is_stmt 1 view .LVU1959
2187:Drivers/STM32F4xx_HAL_Driver/Src/stm32f4xx_hal_sd.c **** 
 5260              		.loc 1 2187 67 is_stmt 0 view .LVU1960
 5261 008a 1B0C     		lsrs	r3, r3, #16
2187:Drivers/STM32F4xx_HAL_Driver/Src/stm32f4xx_hal_sd.c **** 
 5262              		.loc 1 2187 87 view .LVU1961
 5263 008c 039A     		ldr	r2, [sp, #12]
2187:Drivers/STM32F4xx_HAL_Driver/Src/stm32f4xx_hal_sd.c **** 
 5264              		.loc 1 2187 91 view .LVU1962
 5265 008e D1B2     		uxtb	r1, r2
2187:Drivers/STM32F4xx_HAL_Driver/Src/stm32f4xx_hal_sd.c **** 
 5266              		.loc 1 2187 26 view .LVU1963
 5267 0090 23F0FF03 		bic	r3, r3, #255
 5268 0094 0B43     		orrs	r3, r3, r1
2187:Drivers/STM32F4xx_HAL_Driver/Src/stm32f4xx_hal_sd.c **** 
 5269              		.loc 1 2187 24 view .LVU1964
 5270 0096 A381     		strh	r3, [r4, #12]	@ movhi
2189:Drivers/STM32F4xx_HAL_Driver/Src/stm32f4xx_hal_sd.c **** 
 5271              		.loc 1 2189 5 is_stmt 1 view .LVU1965
2189:Drivers/STM32F4xx_HAL_Driver/Src/stm32f4xx_hal_sd.c **** 
 5272              		.loc 1 2189 29 is_stmt 0 view .LVU1966
 5273 0098 C2F38523 		ubfx	r3, r2, #10, #6
2189:Drivers/STM32F4xx_HAL_Driver/Src/stm32f4xx_hal_sd.c **** 
 5274              		.loc 1 2189 27 view .LVU1967
 5275 009c A373     		strb	r3, [r4, #14]
2191:Drivers/STM32F4xx_HAL_Driver/Src/stm32f4xx_hal_sd.c ****   }
 5276              		.loc 1 2191 5 is_stmt 1 view .LVU1968
2191:Drivers/STM32F4xx_HAL_Driver/Src/stm32f4xx_hal_sd.c ****   }
 5277              		.loc 1 2191 28 is_stmt 0 view .LVU1969
 5278 009e C2F30122 		ubfx	r2, r2, #8, #2
2191:Drivers/STM32F4xx_HAL_Driver/Src/stm32f4xx_hal_sd.c ****   }
 5279              		.loc 1 2191 26 view .LVU1970
 5280 00a2 E273     		strb	r2, [r4, #15]
2159:Drivers/STM32F4xx_HAL_Driver/Src/stm32f4xx_hal_sd.c **** 
 5281              		.loc 1 2159 21 view .LVU1971
 5282 00a4 0024     		movs	r4, #0
 5283              	.LVL406:
2159:Drivers/STM32F4xx_HAL_Driver/Src/stm32f4xx_hal_sd.c **** 
 5284              		.loc 1 2159 21 view .LVU1972
 5285 00a6 BCE7     		b	.L287
 5286              	.L291:
 5287              		.align	2
 5288              	.L290:
 5289 00a8 FF054000 		.word	4195839
 5290              		.cfi_endproc
 5291              	.LFE260:
 5293              		.section	.text.HAL_SD_GetCardInfo,"ax",%progbits
 5294              		.align	1
 5295              		.global	HAL_SD_GetCardInfo
 5296              		.syntax unified
 5297              		.thumb
 5298              		.thumb_func
 5300              	HAL_SD_GetCardInfo:
 5301              	.LVL407:
 5302              	.LFB261:
2216:Drivers/STM32F4xx_HAL_Driver/Src/stm32f4xx_hal_sd.c ****   pCardInfo->CardType     = (uint32_t)(hsd->SdCard.CardType);
ARM GAS  C:\Users\40918\AppData\Local\Temp\cc5Xi7iV.s 			page 184


 5303              		.loc 1 2216 1 is_stmt 1 view -0
 5304              		.cfi_startproc
 5305              		@ args = 0, pretend = 0, frame = 0
 5306              		@ frame_needed = 0, uses_anonymous_args = 0
 5307              		@ link register save eliminated.
2217:Drivers/STM32F4xx_HAL_Driver/Src/stm32f4xx_hal_sd.c ****   pCardInfo->CardVersion  = (uint32_t)(hsd->SdCard.CardVersion);
 5308              		.loc 1 2217 3 view .LVU1974
2217:Drivers/STM32F4xx_HAL_Driver/Src/stm32f4xx_hal_sd.c ****   pCardInfo->CardVersion  = (uint32_t)(hsd->SdCard.CardVersion);
 5309              		.loc 1 2217 51 is_stmt 0 view .LVU1975
 5310 0000 436C     		ldr	r3, [r0, #68]
2217:Drivers/STM32F4xx_HAL_Driver/Src/stm32f4xx_hal_sd.c ****   pCardInfo->CardVersion  = (uint32_t)(hsd->SdCard.CardVersion);
 5311              		.loc 1 2217 27 view .LVU1976
 5312 0002 0B60     		str	r3, [r1]
2218:Drivers/STM32F4xx_HAL_Driver/Src/stm32f4xx_hal_sd.c ****   pCardInfo->Class        = (uint32_t)(hsd->SdCard.Class);
 5313              		.loc 1 2218 3 is_stmt 1 view .LVU1977
2218:Drivers/STM32F4xx_HAL_Driver/Src/stm32f4xx_hal_sd.c ****   pCardInfo->Class        = (uint32_t)(hsd->SdCard.Class);
 5314              		.loc 1 2218 51 is_stmt 0 view .LVU1978
 5315 0004 836C     		ldr	r3, [r0, #72]
2218:Drivers/STM32F4xx_HAL_Driver/Src/stm32f4xx_hal_sd.c ****   pCardInfo->Class        = (uint32_t)(hsd->SdCard.Class);
 5316              		.loc 1 2218 27 view .LVU1979
 5317 0006 4B60     		str	r3, [r1, #4]
2219:Drivers/STM32F4xx_HAL_Driver/Src/stm32f4xx_hal_sd.c ****   pCardInfo->RelCardAdd   = (uint32_t)(hsd->SdCard.RelCardAdd);
 5318              		.loc 1 2219 3 is_stmt 1 view .LVU1980
2219:Drivers/STM32F4xx_HAL_Driver/Src/stm32f4xx_hal_sd.c ****   pCardInfo->RelCardAdd   = (uint32_t)(hsd->SdCard.RelCardAdd);
 5319              		.loc 1 2219 51 is_stmt 0 view .LVU1981
 5320 0008 C36C     		ldr	r3, [r0, #76]
2219:Drivers/STM32F4xx_HAL_Driver/Src/stm32f4xx_hal_sd.c ****   pCardInfo->RelCardAdd   = (uint32_t)(hsd->SdCard.RelCardAdd);
 5321              		.loc 1 2219 27 view .LVU1982
 5322 000a 8B60     		str	r3, [r1, #8]
2220:Drivers/STM32F4xx_HAL_Driver/Src/stm32f4xx_hal_sd.c ****   pCardInfo->BlockNbr     = (uint32_t)(hsd->SdCard.BlockNbr);
 5323              		.loc 1 2220 3 is_stmt 1 view .LVU1983
2220:Drivers/STM32F4xx_HAL_Driver/Src/stm32f4xx_hal_sd.c ****   pCardInfo->BlockNbr     = (uint32_t)(hsd->SdCard.BlockNbr);
 5324              		.loc 1 2220 51 is_stmt 0 view .LVU1984
 5325 000c 036D     		ldr	r3, [r0, #80]
2220:Drivers/STM32F4xx_HAL_Driver/Src/stm32f4xx_hal_sd.c ****   pCardInfo->BlockNbr     = (uint32_t)(hsd->SdCard.BlockNbr);
 5326              		.loc 1 2220 27 view .LVU1985
 5327 000e CB60     		str	r3, [r1, #12]
2221:Drivers/STM32F4xx_HAL_Driver/Src/stm32f4xx_hal_sd.c ****   pCardInfo->BlockSize    = (uint32_t)(hsd->SdCard.BlockSize);
 5328              		.loc 1 2221 3 is_stmt 1 view .LVU1986
2221:Drivers/STM32F4xx_HAL_Driver/Src/stm32f4xx_hal_sd.c ****   pCardInfo->BlockSize    = (uint32_t)(hsd->SdCard.BlockSize);
 5329              		.loc 1 2221 51 is_stmt 0 view .LVU1987
 5330 0010 436D     		ldr	r3, [r0, #84]
2221:Drivers/STM32F4xx_HAL_Driver/Src/stm32f4xx_hal_sd.c ****   pCardInfo->BlockSize    = (uint32_t)(hsd->SdCard.BlockSize);
 5331              		.loc 1 2221 27 view .LVU1988
 5332 0012 0B61     		str	r3, [r1, #16]
2222:Drivers/STM32F4xx_HAL_Driver/Src/stm32f4xx_hal_sd.c ****   pCardInfo->LogBlockNbr  = (uint32_t)(hsd->SdCard.LogBlockNbr);
 5333              		.loc 1 2222 3 is_stmt 1 view .LVU1989
2222:Drivers/STM32F4xx_HAL_Driver/Src/stm32f4xx_hal_sd.c ****   pCardInfo->LogBlockNbr  = (uint32_t)(hsd->SdCard.LogBlockNbr);
 5334              		.loc 1 2222 51 is_stmt 0 view .LVU1990
 5335 0014 836D     		ldr	r3, [r0, #88]
2222:Drivers/STM32F4xx_HAL_Driver/Src/stm32f4xx_hal_sd.c ****   pCardInfo->LogBlockNbr  = (uint32_t)(hsd->SdCard.LogBlockNbr);
 5336              		.loc 1 2222 27 view .LVU1991
 5337 0016 4B61     		str	r3, [r1, #20]
2223:Drivers/STM32F4xx_HAL_Driver/Src/stm32f4xx_hal_sd.c ****   pCardInfo->LogBlockSize = (uint32_t)(hsd->SdCard.LogBlockSize);
 5338              		.loc 1 2223 3 is_stmt 1 view .LVU1992
2223:Drivers/STM32F4xx_HAL_Driver/Src/stm32f4xx_hal_sd.c ****   pCardInfo->LogBlockSize = (uint32_t)(hsd->SdCard.LogBlockSize);
 5339              		.loc 1 2223 51 is_stmt 0 view .LVU1993
ARM GAS  C:\Users\40918\AppData\Local\Temp\cc5Xi7iV.s 			page 185


 5340 0018 C36D     		ldr	r3, [r0, #92]
2223:Drivers/STM32F4xx_HAL_Driver/Src/stm32f4xx_hal_sd.c ****   pCardInfo->LogBlockSize = (uint32_t)(hsd->SdCard.LogBlockSize);
 5341              		.loc 1 2223 27 view .LVU1994
 5342 001a 8B61     		str	r3, [r1, #24]
2224:Drivers/STM32F4xx_HAL_Driver/Src/stm32f4xx_hal_sd.c **** 
 5343              		.loc 1 2224 3 is_stmt 1 view .LVU1995
2224:Drivers/STM32F4xx_HAL_Driver/Src/stm32f4xx_hal_sd.c **** 
 5344              		.loc 1 2224 51 is_stmt 0 view .LVU1996
 5345 001c 036E     		ldr	r3, [r0, #96]
2224:Drivers/STM32F4xx_HAL_Driver/Src/stm32f4xx_hal_sd.c **** 
 5346              		.loc 1 2224 27 view .LVU1997
 5347 001e CB61     		str	r3, [r1, #28]
2226:Drivers/STM32F4xx_HAL_Driver/Src/stm32f4xx_hal_sd.c **** }
 5348              		.loc 1 2226 3 is_stmt 1 view .LVU1998
2227:Drivers/STM32F4xx_HAL_Driver/Src/stm32f4xx_hal_sd.c **** 
 5349              		.loc 1 2227 1 is_stmt 0 view .LVU1999
 5350 0020 0020     		movs	r0, #0
 5351              	.LVL408:
2227:Drivers/STM32F4xx_HAL_Driver/Src/stm32f4xx_hal_sd.c **** 
 5352              		.loc 1 2227 1 view .LVU2000
 5353 0022 7047     		bx	lr
 5354              		.cfi_endproc
 5355              	.LFE261:
 5357              		.section	.text.HAL_SD_ConfigWideBusOperation,"ax",%progbits
 5358              		.align	1
 5359              		.global	HAL_SD_ConfigWideBusOperation
 5360              		.syntax unified
 5361              		.thumb
 5362              		.thumb_func
 5364              	HAL_SD_ConfigWideBusOperation:
 5365              	.LVL409:
 5366              	.LFB262:
2241:Drivers/STM32F4xx_HAL_Driver/Src/stm32f4xx_hal_sd.c ****   SDIO_InitTypeDef Init;
 5367              		.loc 1 2241 1 is_stmt 1 view -0
 5368              		.cfi_startproc
 5369              		@ args = 0, pretend = 0, frame = 24
 5370              		@ frame_needed = 0, uses_anonymous_args = 0
2241:Drivers/STM32F4xx_HAL_Driver/Src/stm32f4xx_hal_sd.c ****   SDIO_InitTypeDef Init;
 5371              		.loc 1 2241 1 is_stmt 0 view .LVU2002
 5372 0000 30B5     		push	{r4, r5, lr}
 5373              	.LCFI66:
 5374              		.cfi_def_cfa_offset 12
 5375              		.cfi_offset 4, -12
 5376              		.cfi_offset 5, -8
 5377              		.cfi_offset 14, -4
 5378 0002 8BB0     		sub	sp, sp, #44
 5379              	.LCFI67:
 5380              		.cfi_def_cfa_offset 56
 5381 0004 0446     		mov	r4, r0
 5382 0006 0D46     		mov	r5, r1
2242:Drivers/STM32F4xx_HAL_Driver/Src/stm32f4xx_hal_sd.c ****   uint32_t errorstate;
 5383              		.loc 1 2242 3 is_stmt 1 view .LVU2003
2243:Drivers/STM32F4xx_HAL_Driver/Src/stm32f4xx_hal_sd.c ****   HAL_StatusTypeDef status = HAL_OK;
 5384              		.loc 1 2243 3 view .LVU2004
2244:Drivers/STM32F4xx_HAL_Driver/Src/stm32f4xx_hal_sd.c **** 
 5385              		.loc 1 2244 3 view .LVU2005
 5386              	.LVL410:
ARM GAS  C:\Users\40918\AppData\Local\Temp\cc5Xi7iV.s 			page 186


2247:Drivers/STM32F4xx_HAL_Driver/Src/stm32f4xx_hal_sd.c **** 
 5387              		.loc 1 2247 3 view .LVU2006
2250:Drivers/STM32F4xx_HAL_Driver/Src/stm32f4xx_hal_sd.c **** 
 5388              		.loc 1 2250 3 view .LVU2007
2250:Drivers/STM32F4xx_HAL_Driver/Src/stm32f4xx_hal_sd.c **** 
 5389              		.loc 1 2250 14 is_stmt 0 view .LVU2008
 5390 0008 0323     		movs	r3, #3
 5391 000a 80F83430 		strb	r3, [r0, #52]
2252:Drivers/STM32F4xx_HAL_Driver/Src/stm32f4xx_hal_sd.c ****   {
 5392              		.loc 1 2252 3 is_stmt 1 view .LVU2009
2252:Drivers/STM32F4xx_HAL_Driver/Src/stm32f4xx_hal_sd.c ****   {
 5393              		.loc 1 2252 17 is_stmt 0 view .LVU2010
 5394 000e 436C     		ldr	r3, [r0, #68]
2252:Drivers/STM32F4xx_HAL_Driver/Src/stm32f4xx_hal_sd.c ****   {
 5395              		.loc 1 2252 5 view .LVU2011
 5396 0010 032B     		cmp	r3, #3
 5397 0012 1CD0     		beq	.L294
2254:Drivers/STM32F4xx_HAL_Driver/Src/stm32f4xx_hal_sd.c ****     {
 5398              		.loc 1 2254 5 is_stmt 1 view .LVU2012
2254:Drivers/STM32F4xx_HAL_Driver/Src/stm32f4xx_hal_sd.c ****     {
 5399              		.loc 1 2254 7 is_stmt 0 view .LVU2013
 5400 0014 B1F5805F 		cmp	r1, #4096
 5401 0018 08D0     		beq	.L303
2258:Drivers/STM32F4xx_HAL_Driver/Src/stm32f4xx_hal_sd.c ****     {
 5402              		.loc 1 2258 10 is_stmt 1 view .LVU2014
2258:Drivers/STM32F4xx_HAL_Driver/Src/stm32f4xx_hal_sd.c ****     {
 5403              		.loc 1 2258 12 is_stmt 0 view .LVU2015
 5404 001a B1F5006F 		cmp	r1, #2048
 5405 001e 0AD0     		beq	.L304
2264:Drivers/STM32F4xx_HAL_Driver/Src/stm32f4xx_hal_sd.c ****     {
 5406              		.loc 1 2264 10 is_stmt 1 view .LVU2016
2264:Drivers/STM32F4xx_HAL_Driver/Src/stm32f4xx_hal_sd.c ****     {
 5407              		.loc 1 2264 12 is_stmt 0 view .LVU2017
 5408 0020 79B1     		cbz	r1, .L305
2273:Drivers/STM32F4xx_HAL_Driver/Src/stm32f4xx_hal_sd.c ****     }
 5409              		.loc 1 2273 7 is_stmt 1 view .LVU2018
2273:Drivers/STM32F4xx_HAL_Driver/Src/stm32f4xx_hal_sd.c ****     }
 5410              		.loc 1 2273 10 is_stmt 0 view .LVU2019
 5411 0022 836B     		ldr	r3, [r0, #56]
2273:Drivers/STM32F4xx_HAL_Driver/Src/stm32f4xx_hal_sd.c ****     }
 5412              		.loc 1 2273 22 view .LVU2020
 5413 0024 43F00063 		orr	r3, r3, #134217728
 5414 0028 8363     		str	r3, [r0, #56]
 5415 002a 14E0     		b	.L296
 5416              	.L303:
2256:Drivers/STM32F4xx_HAL_Driver/Src/stm32f4xx_hal_sd.c ****     }
 5417              		.loc 1 2256 7 is_stmt 1 view .LVU2021
2256:Drivers/STM32F4xx_HAL_Driver/Src/stm32f4xx_hal_sd.c ****     }
 5418              		.loc 1 2256 10 is_stmt 0 view .LVU2022
 5419 002c 836B     		ldr	r3, [r0, #56]
2256:Drivers/STM32F4xx_HAL_Driver/Src/stm32f4xx_hal_sd.c ****     }
 5420              		.loc 1 2256 22 view .LVU2023
 5421 002e 43F08053 		orr	r3, r3, #268435456
 5422 0032 8363     		str	r3, [r0, #56]
 5423 0034 0FE0     		b	.L296
 5424              	.L304:
2260:Drivers/STM32F4xx_HAL_Driver/Src/stm32f4xx_hal_sd.c **** 
ARM GAS  C:\Users\40918\AppData\Local\Temp\cc5Xi7iV.s 			page 187


 5425              		.loc 1 2260 7 is_stmt 1 view .LVU2024
2260:Drivers/STM32F4xx_HAL_Driver/Src/stm32f4xx_hal_sd.c **** 
 5426              		.loc 1 2260 20 is_stmt 0 view .LVU2025
 5427 0036 FFF7FEFF 		bl	SD_WideBus_Enable
 5428              	.LVL411:
2262:Drivers/STM32F4xx_HAL_Driver/Src/stm32f4xx_hal_sd.c ****     }
 5429              		.loc 1 2262 7 is_stmt 1 view .LVU2026
2262:Drivers/STM32F4xx_HAL_Driver/Src/stm32f4xx_hal_sd.c ****     }
 5430              		.loc 1 2262 10 is_stmt 0 view .LVU2027
 5431 003a A36B     		ldr	r3, [r4, #56]
2262:Drivers/STM32F4xx_HAL_Driver/Src/stm32f4xx_hal_sd.c ****     }
 5432              		.loc 1 2262 22 view .LVU2028
 5433 003c 0343     		orrs	r3, r3, r0
 5434 003e A363     		str	r3, [r4, #56]
 5435 0040 09E0     		b	.L296
 5436              	.LVL412:
 5437              	.L305:
2266:Drivers/STM32F4xx_HAL_Driver/Src/stm32f4xx_hal_sd.c **** 
 5438              		.loc 1 2266 7 is_stmt 1 view .LVU2029
2266:Drivers/STM32F4xx_HAL_Driver/Src/stm32f4xx_hal_sd.c **** 
 5439              		.loc 1 2266 20 is_stmt 0 view .LVU2030
 5440 0042 FFF7FEFF 		bl	SD_WideBus_Disable
 5441              	.LVL413:
2268:Drivers/STM32F4xx_HAL_Driver/Src/stm32f4xx_hal_sd.c ****     }
 5442              		.loc 1 2268 7 is_stmt 1 view .LVU2031
2268:Drivers/STM32F4xx_HAL_Driver/Src/stm32f4xx_hal_sd.c ****     }
 5443              		.loc 1 2268 10 is_stmt 0 view .LVU2032
 5444 0046 A36B     		ldr	r3, [r4, #56]
2268:Drivers/STM32F4xx_HAL_Driver/Src/stm32f4xx_hal_sd.c ****     }
 5445              		.loc 1 2268 22 view .LVU2033
 5446 0048 0343     		orrs	r3, r3, r0
 5447 004a A363     		str	r3, [r4, #56]
 5448 004c 03E0     		b	.L296
 5449              	.LVL414:
 5450              	.L294:
2279:Drivers/STM32F4xx_HAL_Driver/Src/stm32f4xx_hal_sd.c ****   }
 5451              		.loc 1 2279 5 is_stmt 1 view .LVU2034
2279:Drivers/STM32F4xx_HAL_Driver/Src/stm32f4xx_hal_sd.c ****   }
 5452              		.loc 1 2279 8 is_stmt 0 view .LVU2035
 5453 004e 836B     		ldr	r3, [r0, #56]
2279:Drivers/STM32F4xx_HAL_Driver/Src/stm32f4xx_hal_sd.c ****   }
 5454              		.loc 1 2279 20 view .LVU2036
 5455 0050 43F08053 		orr	r3, r3, #268435456
 5456 0054 8363     		str	r3, [r0, #56]
 5457              	.LVL415:
 5458              	.L296:
2282:Drivers/STM32F4xx_HAL_Driver/Src/stm32f4xx_hal_sd.c ****   {
 5459              		.loc 1 2282 3 is_stmt 1 view .LVU2037
2282:Drivers/STM32F4xx_HAL_Driver/Src/stm32f4xx_hal_sd.c ****   {
 5460              		.loc 1 2282 9 is_stmt 0 view .LVU2038
 5461 0056 A36B     		ldr	r3, [r4, #56]
2282:Drivers/STM32F4xx_HAL_Driver/Src/stm32f4xx_hal_sd.c ****   {
 5462              		.loc 1 2282 5 view .LVU2039
 5463 0058 C3B1     		cbz	r3, .L299
2285:Drivers/STM32F4xx_HAL_Driver/Src/stm32f4xx_hal_sd.c ****     hsd->State = HAL_SD_STATE_READY;
 5464              		.loc 1 2285 5 is_stmt 1 view .LVU2040
 5465 005a 2368     		ldr	r3, [r4]
ARM GAS  C:\Users\40918\AppData\Local\Temp\cc5Xi7iV.s 			page 188


 5466 005c 174A     		ldr	r2, .L306
 5467 005e 9A63     		str	r2, [r3, #56]
2286:Drivers/STM32F4xx_HAL_Driver/Src/stm32f4xx_hal_sd.c ****     status = HAL_ERROR;
 5468              		.loc 1 2286 5 view .LVU2041
2286:Drivers/STM32F4xx_HAL_Driver/Src/stm32f4xx_hal_sd.c ****     status = HAL_ERROR;
 5469              		.loc 1 2286 16 is_stmt 0 view .LVU2042
 5470 0060 0125     		movs	r5, #1
 5471              	.LVL416:
2286:Drivers/STM32F4xx_HAL_Driver/Src/stm32f4xx_hal_sd.c ****     status = HAL_ERROR;
 5472              		.loc 1 2286 16 view .LVU2043
 5473 0062 84F83450 		strb	r5, [r4, #52]
2287:Drivers/STM32F4xx_HAL_Driver/Src/stm32f4xx_hal_sd.c ****   }
 5474              		.loc 1 2287 5 is_stmt 1 view .LVU2044
 5475              	.LVL417:
 5476              	.L300:
2302:Drivers/STM32F4xx_HAL_Driver/Src/stm32f4xx_hal_sd.c ****   if(errorstate != HAL_SD_ERROR_NONE)
 5477              		.loc 1 2302 3 view .LVU2045
2302:Drivers/STM32F4xx_HAL_Driver/Src/stm32f4xx_hal_sd.c ****   if(errorstate != HAL_SD_ERROR_NONE)
 5478              		.loc 1 2302 16 is_stmt 0 view .LVU2046
 5479 0066 4FF40071 		mov	r1, #512
 5480 006a 2068     		ldr	r0, [r4]
 5481 006c FFF7FEFF 		bl	SDMMC_CmdBlockLength
 5482              	.LVL418:
2303:Drivers/STM32F4xx_HAL_Driver/Src/stm32f4xx_hal_sd.c ****   {
 5483              		.loc 1 2303 3 is_stmt 1 view .LVU2047
2303:Drivers/STM32F4xx_HAL_Driver/Src/stm32f4xx_hal_sd.c ****   {
 5484              		.loc 1 2303 5 is_stmt 0 view .LVU2048
 5485 0070 30B1     		cbz	r0, .L301
2306:Drivers/STM32F4xx_HAL_Driver/Src/stm32f4xx_hal_sd.c ****     hsd->ErrorCode |= errorstate;
 5486              		.loc 1 2306 5 is_stmt 1 view .LVU2049
 5487 0072 2368     		ldr	r3, [r4]
 5488 0074 1149     		ldr	r1, .L306
 5489 0076 9963     		str	r1, [r3, #56]
2307:Drivers/STM32F4xx_HAL_Driver/Src/stm32f4xx_hal_sd.c ****     status = HAL_ERROR;
 5490              		.loc 1 2307 5 view .LVU2050
2307:Drivers/STM32F4xx_HAL_Driver/Src/stm32f4xx_hal_sd.c ****     status = HAL_ERROR;
 5491              		.loc 1 2307 8 is_stmt 0 view .LVU2051
 5492 0078 A36B     		ldr	r3, [r4, #56]
2307:Drivers/STM32F4xx_HAL_Driver/Src/stm32f4xx_hal_sd.c ****     status = HAL_ERROR;
 5493              		.loc 1 2307 20 view .LVU2052
 5494 007a 0343     		orrs	r3, r3, r0
 5495 007c A363     		str	r3, [r4, #56]
2308:Drivers/STM32F4xx_HAL_Driver/Src/stm32f4xx_hal_sd.c ****   }
 5496              		.loc 1 2308 5 is_stmt 1 view .LVU2053
 5497              	.LVL419:
2308:Drivers/STM32F4xx_HAL_Driver/Src/stm32f4xx_hal_sd.c ****   }
 5498              		.loc 1 2308 12 is_stmt 0 view .LVU2054
 5499 007e 0125     		movs	r5, #1
 5500              	.LVL420:
 5501              	.L301:
2312:Drivers/STM32F4xx_HAL_Driver/Src/stm32f4xx_hal_sd.c **** 
 5502              		.loc 1 2312 3 is_stmt 1 view .LVU2055
2312:Drivers/STM32F4xx_HAL_Driver/Src/stm32f4xx_hal_sd.c **** 
 5503              		.loc 1 2312 14 is_stmt 0 view .LVU2056
 5504 0080 0123     		movs	r3, #1
 5505 0082 84F83430 		strb	r3, [r4, #52]
2314:Drivers/STM32F4xx_HAL_Driver/Src/stm32f4xx_hal_sd.c **** }
ARM GAS  C:\Users\40918\AppData\Local\Temp\cc5Xi7iV.s 			page 189


 5506              		.loc 1 2314 3 is_stmt 1 view .LVU2057
2315:Drivers/STM32F4xx_HAL_Driver/Src/stm32f4xx_hal_sd.c **** 
 5507              		.loc 1 2315 1 is_stmt 0 view .LVU2058
 5508 0086 2846     		mov	r0, r5
 5509              	.LVL421:
2315:Drivers/STM32F4xx_HAL_Driver/Src/stm32f4xx_hal_sd.c **** 
 5510              		.loc 1 2315 1 view .LVU2059
 5511 0088 0BB0     		add	sp, sp, #44
 5512              	.LCFI68:
 5513              		.cfi_remember_state
 5514              		.cfi_def_cfa_offset 12
 5515              		@ sp needed
 5516 008a 30BD     		pop	{r4, r5, pc}
 5517              	.LVL422:
 5518              	.L299:
 5519              	.LCFI69:
 5520              		.cfi_restore_state
2292:Drivers/STM32F4xx_HAL_Driver/Src/stm32f4xx_hal_sd.c ****     Init.ClockBypass         = hsd->Init.ClockBypass;
 5521              		.loc 1 2292 5 is_stmt 1 view .LVU2060
2292:Drivers/STM32F4xx_HAL_Driver/Src/stm32f4xx_hal_sd.c ****     Init.ClockBypass         = hsd->Init.ClockBypass;
 5522              		.loc 1 2292 41 is_stmt 0 view .LVU2061
 5523 008c 6368     		ldr	r3, [r4, #4]
2292:Drivers/STM32F4xx_HAL_Driver/Src/stm32f4xx_hal_sd.c ****     Init.ClockBypass         = hsd->Init.ClockBypass;
 5524              		.loc 1 2292 30 view .LVU2062
 5525 008e 0493     		str	r3, [sp, #16]
2293:Drivers/STM32F4xx_HAL_Driver/Src/stm32f4xx_hal_sd.c ****     Init.ClockPowerSave      = hsd->Init.ClockPowerSave;
 5526              		.loc 1 2293 5 is_stmt 1 view .LVU2063
2293:Drivers/STM32F4xx_HAL_Driver/Src/stm32f4xx_hal_sd.c ****     Init.ClockPowerSave      = hsd->Init.ClockPowerSave;
 5527              		.loc 1 2293 41 is_stmt 0 view .LVU2064
 5528 0090 A368     		ldr	r3, [r4, #8]
2293:Drivers/STM32F4xx_HAL_Driver/Src/stm32f4xx_hal_sd.c ****     Init.ClockPowerSave      = hsd->Init.ClockPowerSave;
 5529              		.loc 1 2293 30 view .LVU2065
 5530 0092 0593     		str	r3, [sp, #20]
2294:Drivers/STM32F4xx_HAL_Driver/Src/stm32f4xx_hal_sd.c ****     Init.BusWide             = WideMode;
 5531              		.loc 1 2294 5 is_stmt 1 view .LVU2066
2294:Drivers/STM32F4xx_HAL_Driver/Src/stm32f4xx_hal_sd.c ****     Init.BusWide             = WideMode;
 5532              		.loc 1 2294 41 is_stmt 0 view .LVU2067
 5533 0094 E368     		ldr	r3, [r4, #12]
2294:Drivers/STM32F4xx_HAL_Driver/Src/stm32f4xx_hal_sd.c ****     Init.BusWide             = WideMode;
 5534              		.loc 1 2294 30 view .LVU2068
 5535 0096 0693     		str	r3, [sp, #24]
2295:Drivers/STM32F4xx_HAL_Driver/Src/stm32f4xx_hal_sd.c ****     Init.HardwareFlowControl = hsd->Init.HardwareFlowControl;
 5536              		.loc 1 2295 5 is_stmt 1 view .LVU2069
2295:Drivers/STM32F4xx_HAL_Driver/Src/stm32f4xx_hal_sd.c ****     Init.HardwareFlowControl = hsd->Init.HardwareFlowControl;
 5537              		.loc 1 2295 30 is_stmt 0 view .LVU2070
 5538 0098 0795     		str	r5, [sp, #28]
2296:Drivers/STM32F4xx_HAL_Driver/Src/stm32f4xx_hal_sd.c ****     Init.ClockDiv            = hsd->Init.ClockDiv;
 5539              		.loc 1 2296 5 is_stmt 1 view .LVU2071
2296:Drivers/STM32F4xx_HAL_Driver/Src/stm32f4xx_hal_sd.c ****     Init.ClockDiv            = hsd->Init.ClockDiv;
 5540              		.loc 1 2296 41 is_stmt 0 view .LVU2072
 5541 009a 6369     		ldr	r3, [r4, #20]
2296:Drivers/STM32F4xx_HAL_Driver/Src/stm32f4xx_hal_sd.c ****     Init.ClockDiv            = hsd->Init.ClockDiv;
 5542              		.loc 1 2296 30 view .LVU2073
 5543 009c 0893     		str	r3, [sp, #32]
2297:Drivers/STM32F4xx_HAL_Driver/Src/stm32f4xx_hal_sd.c ****     (void)SDIO_Init(hsd->Instance, Init);
 5544              		.loc 1 2297 5 is_stmt 1 view .LVU2074
2297:Drivers/STM32F4xx_HAL_Driver/Src/stm32f4xx_hal_sd.c ****     (void)SDIO_Init(hsd->Instance, Init);
ARM GAS  C:\Users\40918\AppData\Local\Temp\cc5Xi7iV.s 			page 190


 5545              		.loc 1 2297 41 is_stmt 0 view .LVU2075
 5546 009e A369     		ldr	r3, [r4, #24]
2297:Drivers/STM32F4xx_HAL_Driver/Src/stm32f4xx_hal_sd.c ****     (void)SDIO_Init(hsd->Instance, Init);
 5547              		.loc 1 2297 30 view .LVU2076
 5548 00a0 0993     		str	r3, [sp, #36]
2298:Drivers/STM32F4xx_HAL_Driver/Src/stm32f4xx_hal_sd.c ****   }
 5549              		.loc 1 2298 5 is_stmt 1 view .LVU2077
2298:Drivers/STM32F4xx_HAL_Driver/Src/stm32f4xx_hal_sd.c ****   }
 5550              		.loc 1 2298 11 is_stmt 0 view .LVU2078
 5551 00a2 0AAB     		add	r3, sp, #40
 5552 00a4 13E90700 		ldmdb	r3, {r0, r1, r2}
 5553 00a8 8DE80700 		stm	sp, {r0, r1, r2}
 5554 00ac 04AB     		add	r3, sp, #16
 5555 00ae 0ECB     		ldm	r3, {r1, r2, r3}
 5556 00b0 2068     		ldr	r0, [r4]
 5557 00b2 FFF7FEFF 		bl	SDIO_Init
 5558              	.LVL423:
2244:Drivers/STM32F4xx_HAL_Driver/Src/stm32f4xx_hal_sd.c **** 
 5559              		.loc 1 2244 21 view .LVU2079
 5560 00b6 0025     		movs	r5, #0
 5561              	.LVL424:
2244:Drivers/STM32F4xx_HAL_Driver/Src/stm32f4xx_hal_sd.c **** 
 5562              		.loc 1 2244 21 view .LVU2080
 5563 00b8 D5E7     		b	.L300
 5564              	.L307:
 5565 00ba 00BF     		.align	2
 5566              	.L306:
 5567 00bc FF054000 		.word	4195839
 5568              		.cfi_endproc
 5569              	.LFE262:
 5571              		.section	.text.HAL_SD_GetCardState,"ax",%progbits
 5572              		.align	1
 5573              		.global	HAL_SD_GetCardState
 5574              		.syntax unified
 5575              		.thumb
 5576              		.thumb_func
 5578              	HAL_SD_GetCardState:
 5579              	.LVL425:
 5580              	.LFB263:
2323:Drivers/STM32F4xx_HAL_Driver/Src/stm32f4xx_hal_sd.c ****   uint32_t cardstate;
 5581              		.loc 1 2323 1 is_stmt 1 view -0
 5582              		.cfi_startproc
 5583              		@ args = 0, pretend = 0, frame = 8
 5584              		@ frame_needed = 0, uses_anonymous_args = 0
2323:Drivers/STM32F4xx_HAL_Driver/Src/stm32f4xx_hal_sd.c ****   uint32_t cardstate;
 5585              		.loc 1 2323 1 is_stmt 0 view .LVU2082
 5586 0000 10B5     		push	{r4, lr}
 5587              	.LCFI70:
 5588              		.cfi_def_cfa_offset 8
 5589              		.cfi_offset 4, -8
 5590              		.cfi_offset 14, -4
 5591 0002 82B0     		sub	sp, sp, #8
 5592              	.LCFI71:
 5593              		.cfi_def_cfa_offset 16
 5594 0004 0446     		mov	r4, r0
2324:Drivers/STM32F4xx_HAL_Driver/Src/stm32f4xx_hal_sd.c ****   uint32_t errorstate;
 5595              		.loc 1 2324 3 is_stmt 1 view .LVU2083
ARM GAS  C:\Users\40918\AppData\Local\Temp\cc5Xi7iV.s 			page 191


2325:Drivers/STM32F4xx_HAL_Driver/Src/stm32f4xx_hal_sd.c ****   uint32_t resp1 = 0;
 5596              		.loc 1 2325 3 view .LVU2084
2326:Drivers/STM32F4xx_HAL_Driver/Src/stm32f4xx_hal_sd.c **** 
 5597              		.loc 1 2326 3 view .LVU2085
2326:Drivers/STM32F4xx_HAL_Driver/Src/stm32f4xx_hal_sd.c **** 
 5598              		.loc 1 2326 12 is_stmt 0 view .LVU2086
 5599 0006 0023     		movs	r3, #0
 5600 0008 0193     		str	r3, [sp, #4]
2328:Drivers/STM32F4xx_HAL_Driver/Src/stm32f4xx_hal_sd.c ****   if(errorstate != HAL_SD_ERROR_NONE)
 5601              		.loc 1 2328 3 is_stmt 1 view .LVU2087
2328:Drivers/STM32F4xx_HAL_Driver/Src/stm32f4xx_hal_sd.c ****   if(errorstate != HAL_SD_ERROR_NONE)
 5602              		.loc 1 2328 16 is_stmt 0 view .LVU2088
 5603 000a 01A9     		add	r1, sp, #4
 5604 000c FFF7FEFF 		bl	SD_SendStatus
 5605              	.LVL426:
2329:Drivers/STM32F4xx_HAL_Driver/Src/stm32f4xx_hal_sd.c ****   {
 5606              		.loc 1 2329 3 is_stmt 1 view .LVU2089
2329:Drivers/STM32F4xx_HAL_Driver/Src/stm32f4xx_hal_sd.c ****   {
 5607              		.loc 1 2329 5 is_stmt 0 view .LVU2090
 5608 0010 10B1     		cbz	r0, .L309
2331:Drivers/STM32F4xx_HAL_Driver/Src/stm32f4xx_hal_sd.c ****   }
 5609              		.loc 1 2331 5 is_stmt 1 view .LVU2091
2331:Drivers/STM32F4xx_HAL_Driver/Src/stm32f4xx_hal_sd.c ****   }
 5610              		.loc 1 2331 8 is_stmt 0 view .LVU2092
 5611 0012 A36B     		ldr	r3, [r4, #56]
2331:Drivers/STM32F4xx_HAL_Driver/Src/stm32f4xx_hal_sd.c ****   }
 5612              		.loc 1 2331 20 view .LVU2093
 5613 0014 0343     		orrs	r3, r3, r0
 5614 0016 A363     		str	r3, [r4, #56]
 5615              	.L309:
2334:Drivers/STM32F4xx_HAL_Driver/Src/stm32f4xx_hal_sd.c **** 
 5616              		.loc 1 2334 3 is_stmt 1 view .LVU2094
 5617              	.LVL427:
2336:Drivers/STM32F4xx_HAL_Driver/Src/stm32f4xx_hal_sd.c **** }
 5618              		.loc 1 2336 3 view .LVU2095
2337:Drivers/STM32F4xx_HAL_Driver/Src/stm32f4xx_hal_sd.c **** 
 5619              		.loc 1 2337 1 is_stmt 0 view .LVU2096
 5620 0018 0198     		ldr	r0, [sp, #4]
 5621              	.LVL428:
2337:Drivers/STM32F4xx_HAL_Driver/Src/stm32f4xx_hal_sd.c **** 
 5622              		.loc 1 2337 1 view .LVU2097
 5623 001a C0F34320 		ubfx	r0, r0, #9, #4
 5624              	.LVL429:
2337:Drivers/STM32F4xx_HAL_Driver/Src/stm32f4xx_hal_sd.c **** 
 5625              		.loc 1 2337 1 view .LVU2098
 5626 001e 02B0     		add	sp, sp, #8
 5627              	.LCFI72:
 5628              		.cfi_def_cfa_offset 8
 5629              		@ sp needed
 5630 0020 10BD     		pop	{r4, pc}
2337:Drivers/STM32F4xx_HAL_Driver/Src/stm32f4xx_hal_sd.c **** 
 5631              		.loc 1 2337 1 view .LVU2099
 5632              		.cfi_endproc
 5633              	.LFE263:
 5635              		.section	.text.SD_DMAError,"ax",%progbits
 5636              		.align	1
 5637              		.syntax unified
ARM GAS  C:\Users\40918\AppData\Local\Temp\cc5Xi7iV.s 			page 192


 5638              		.thumb
 5639              		.thumb_func
 5641              	SD_DMAError:
 5642              	.LVL430:
 5643              	.LFB268:
2552:Drivers/STM32F4xx_HAL_Driver/Src/stm32f4xx_hal_sd.c ****   SD_HandleTypeDef* hsd = (SD_HandleTypeDef* )(hdma->Parent);
 5644              		.loc 1 2552 1 is_stmt 1 view -0
 5645              		.cfi_startproc
 5646              		@ args = 0, pretend = 0, frame = 0
 5647              		@ frame_needed = 0, uses_anonymous_args = 0
2552:Drivers/STM32F4xx_HAL_Driver/Src/stm32f4xx_hal_sd.c ****   SD_HandleTypeDef* hsd = (SD_HandleTypeDef* )(hdma->Parent);
 5648              		.loc 1 2552 1 is_stmt 0 view .LVU2101
 5649 0000 10B5     		push	{r4, lr}
 5650              	.LCFI73:
 5651              		.cfi_def_cfa_offset 8
 5652              		.cfi_offset 4, -8
 5653              		.cfi_offset 14, -4
2553:Drivers/STM32F4xx_HAL_Driver/Src/stm32f4xx_hal_sd.c ****   HAL_SD_CardStateTypeDef CardState;
 5654              		.loc 1 2553 3 is_stmt 1 view .LVU2102
2553:Drivers/STM32F4xx_HAL_Driver/Src/stm32f4xx_hal_sd.c ****   HAL_SD_CardStateTypeDef CardState;
 5655              		.loc 1 2553 21 is_stmt 0 view .LVU2103
 5656 0002 846B     		ldr	r4, [r0, #56]
 5657              	.LVL431:
2554:Drivers/STM32F4xx_HAL_Driver/Src/stm32f4xx_hal_sd.c ****   uint32_t RxErrorCode, TxErrorCode;
 5658              		.loc 1 2554 3 is_stmt 1 view .LVU2104
2555:Drivers/STM32F4xx_HAL_Driver/Src/stm32f4xx_hal_sd.c **** 
 5659              		.loc 1 2555 3 view .LVU2105
2558:Drivers/STM32F4xx_HAL_Driver/Src/stm32f4xx_hal_sd.c ****   {
 5660              		.loc 1 2558 3 view .LVU2106
2558:Drivers/STM32F4xx_HAL_Driver/Src/stm32f4xx_hal_sd.c ****   {
 5661              		.loc 1 2558 6 is_stmt 0 view .LVU2107
 5662 0004 FFF7FEFF 		bl	HAL_DMA_GetError
 5663              	.LVL432:
2558:Drivers/STM32F4xx_HAL_Driver/Src/stm32f4xx_hal_sd.c ****   {
 5664              		.loc 1 2558 5 discriminator 1 view .LVU2108
 5665 0008 0228     		cmp	r0, #2
 5666 000a 0AD0     		beq	.L311
2560:Drivers/STM32F4xx_HAL_Driver/Src/stm32f4xx_hal_sd.c ****     TxErrorCode = hsd->hdmatx->ErrorCode;  
 5667              		.loc 1 2560 5 is_stmt 1 view .LVU2109
2560:Drivers/STM32F4xx_HAL_Driver/Src/stm32f4xx_hal_sd.c ****     TxErrorCode = hsd->hdmatx->ErrorCode;  
 5668              		.loc 1 2560 22 is_stmt 0 view .LVU2110
 5669 000c 236C     		ldr	r3, [r4, #64]
2560:Drivers/STM32F4xx_HAL_Driver/Src/stm32f4xx_hal_sd.c ****     TxErrorCode = hsd->hdmatx->ErrorCode;  
 5670              		.loc 1 2560 17 view .LVU2111
 5671 000e 5B6D     		ldr	r3, [r3, #84]
 5672              	.LVL433:
2561:Drivers/STM32F4xx_HAL_Driver/Src/stm32f4xx_hal_sd.c ****     if((RxErrorCode == HAL_DMA_ERROR_TE) || (TxErrorCode == HAL_DMA_ERROR_TE))
 5673              		.loc 1 2561 5 is_stmt 1 view .LVU2112
2561:Drivers/STM32F4xx_HAL_Driver/Src/stm32f4xx_hal_sd.c ****     if((RxErrorCode == HAL_DMA_ERROR_TE) || (TxErrorCode == HAL_DMA_ERROR_TE))
 5674              		.loc 1 2561 22 is_stmt 0 view .LVU2113
 5675 0010 E26B     		ldr	r2, [r4, #60]
2561:Drivers/STM32F4xx_HAL_Driver/Src/stm32f4xx_hal_sd.c ****     if((RxErrorCode == HAL_DMA_ERROR_TE) || (TxErrorCode == HAL_DMA_ERROR_TE))
 5676              		.loc 1 2561 17 view .LVU2114
 5677 0012 526D     		ldr	r2, [r2, #84]
 5678              	.LVL434:
2562:Drivers/STM32F4xx_HAL_Driver/Src/stm32f4xx_hal_sd.c ****     {
 5679              		.loc 1 2562 5 is_stmt 1 view .LVU2115
ARM GAS  C:\Users\40918\AppData\Local\Temp\cc5Xi7iV.s 			page 193


2562:Drivers/STM32F4xx_HAL_Driver/Src/stm32f4xx_hal_sd.c ****     {
 5680              		.loc 1 2562 7 is_stmt 0 view .LVU2116
 5681 0014 012B     		cmp	r3, #1
 5682 0016 05D0     		beq	.L313
2562:Drivers/STM32F4xx_HAL_Driver/Src/stm32f4xx_hal_sd.c ****     {
 5683              		.loc 1 2562 42 discriminator 1 view .LVU2117
 5684 0018 012A     		cmp	r2, #1
 5685 001a 03D0     		beq	.L313
 5686              	.LVL435:
 5687              	.L314:
2585:Drivers/STM32F4xx_HAL_Driver/Src/stm32f4xx_hal_sd.c **** #endif
 5688              		.loc 1 2585 5 is_stmt 1 view .LVU2118
 5689 001c 2046     		mov	r0, r4
 5690 001e FFF7FEFF 		bl	HAL_SD_ErrorCallback
 5691              	.LVL436:
 5692              	.L311:
2588:Drivers/STM32F4xx_HAL_Driver/Src/stm32f4xx_hal_sd.c **** 
 5693              		.loc 1 2588 1 is_stmt 0 view .LVU2119
 5694 0022 10BD     		pop	{r4, pc}
 5695              	.LVL437:
 5696              	.L313:
2565:Drivers/STM32F4xx_HAL_Driver/Src/stm32f4xx_hal_sd.c **** 
 5697              		.loc 1 2565 7 is_stmt 1 view .LVU2120
 5698 0024 2368     		ldr	r3, [r4]
 5699              	.LVL438:
2565:Drivers/STM32F4xx_HAL_Driver/Src/stm32f4xx_hal_sd.c **** 
 5700              		.loc 1 2565 7 is_stmt 0 view .LVU2121
 5701 0026 0F4A     		ldr	r2, .L318
 5702              	.LVL439:
2565:Drivers/STM32F4xx_HAL_Driver/Src/stm32f4xx_hal_sd.c **** 
 5703              		.loc 1 2565 7 view .LVU2122
 5704 0028 9A63     		str	r2, [r3, #56]
2568:Drivers/STM32F4xx_HAL_Driver/Src/stm32f4xx_hal_sd.c ****         SDIO_IT_TXUNDERR| SDIO_IT_RXOVERR);
 5705              		.loc 1 2568 7 is_stmt 1 view .LVU2123
 5706 002a 2268     		ldr	r2, [r4]
 5707 002c D36B     		ldr	r3, [r2, #60]
 5708 002e 23F49D73 		bic	r3, r3, #314
 5709 0032 D363     		str	r3, [r2, #60]
2571:Drivers/STM32F4xx_HAL_Driver/Src/stm32f4xx_hal_sd.c ****       CardState = HAL_SD_GetCardState(hsd);
 5710              		.loc 1 2571 7 view .LVU2124
2571:Drivers/STM32F4xx_HAL_Driver/Src/stm32f4xx_hal_sd.c ****       CardState = HAL_SD_GetCardState(hsd);
 5711              		.loc 1 2571 10 is_stmt 0 view .LVU2125
 5712 0034 A36B     		ldr	r3, [r4, #56]
2571:Drivers/STM32F4xx_HAL_Driver/Src/stm32f4xx_hal_sd.c ****       CardState = HAL_SD_GetCardState(hsd);
 5713              		.loc 1 2571 22 view .LVU2126
 5714 0036 43F08043 		orr	r3, r3, #1073741824
 5715 003a A363     		str	r3, [r4, #56]
2572:Drivers/STM32F4xx_HAL_Driver/Src/stm32f4xx_hal_sd.c ****       if((CardState == HAL_SD_CARD_RECEIVING) || (CardState == HAL_SD_CARD_SENDING))
 5716              		.loc 1 2572 7 is_stmt 1 view .LVU2127
2572:Drivers/STM32F4xx_HAL_Driver/Src/stm32f4xx_hal_sd.c ****       if((CardState == HAL_SD_CARD_RECEIVING) || (CardState == HAL_SD_CARD_SENDING))
 5717              		.loc 1 2572 19 is_stmt 0 view .LVU2128
 5718 003c 2046     		mov	r0, r4
 5719 003e FFF7FEFF 		bl	HAL_SD_GetCardState
 5720              	.LVL440:
2573:Drivers/STM32F4xx_HAL_Driver/Src/stm32f4xx_hal_sd.c ****       {
 5721              		.loc 1 2573 7 is_stmt 1 view .LVU2129
2573:Drivers/STM32F4xx_HAL_Driver/Src/stm32f4xx_hal_sd.c ****       {
ARM GAS  C:\Users\40918\AppData\Local\Temp\cc5Xi7iV.s 			page 194


 5722              		.loc 1 2573 47 is_stmt 0 view .LVU2130
 5723 0042 0538     		subs	r0, r0, #5
 5724              	.LVL441:
2573:Drivers/STM32F4xx_HAL_Driver/Src/stm32f4xx_hal_sd.c ****       {
 5725              		.loc 1 2573 9 view .LVU2131
 5726 0044 0128     		cmp	r0, #1
 5727 0046 05D9     		bls	.L317
 5728              	.LVL442:
 5729              	.L315:
2578:Drivers/STM32F4xx_HAL_Driver/Src/stm32f4xx_hal_sd.c ****       hsd->Context = SD_CONTEXT_NONE;
 5730              		.loc 1 2578 7 is_stmt 1 view .LVU2132
2578:Drivers/STM32F4xx_HAL_Driver/Src/stm32f4xx_hal_sd.c ****       hsd->Context = SD_CONTEXT_NONE;
 5731              		.loc 1 2578 17 is_stmt 0 view .LVU2133
 5732 0048 0123     		movs	r3, #1
 5733 004a 84F83430 		strb	r3, [r4, #52]
2579:Drivers/STM32F4xx_HAL_Driver/Src/stm32f4xx_hal_sd.c ****     }
 5734              		.loc 1 2579 7 is_stmt 1 view .LVU2134
2579:Drivers/STM32F4xx_HAL_Driver/Src/stm32f4xx_hal_sd.c ****     }
 5735              		.loc 1 2579 20 is_stmt 0 view .LVU2135
 5736 004e 0023     		movs	r3, #0
 5737 0050 2363     		str	r3, [r4, #48]
 5738 0052 E3E7     		b	.L314
 5739              	.LVL443:
 5740              	.L317:
2575:Drivers/STM32F4xx_HAL_Driver/Src/stm32f4xx_hal_sd.c ****       }
 5741              		.loc 1 2575 9 is_stmt 1 view .LVU2136
2575:Drivers/STM32F4xx_HAL_Driver/Src/stm32f4xx_hal_sd.c ****       }
 5742              		.loc 1 2575 27 is_stmt 0 view .LVU2137
 5743 0054 2068     		ldr	r0, [r4]
 5744              	.LVL444:
2575:Drivers/STM32F4xx_HAL_Driver/Src/stm32f4xx_hal_sd.c ****       }
 5745              		.loc 1 2575 27 view .LVU2138
 5746 0056 FFF7FEFF 		bl	SDMMC_CmdStopTransfer
 5747              	.LVL445:
2575:Drivers/STM32F4xx_HAL_Driver/Src/stm32f4xx_hal_sd.c ****       }
 5748              		.loc 1 2575 12 discriminator 1 view .LVU2139
 5749 005a A36B     		ldr	r3, [r4, #56]
2575:Drivers/STM32F4xx_HAL_Driver/Src/stm32f4xx_hal_sd.c ****       }
 5750              		.loc 1 2575 24 discriminator 1 view .LVU2140
 5751 005c 0343     		orrs	r3, r3, r0
 5752 005e A363     		str	r3, [r4, #56]
 5753 0060 F2E7     		b	.L315
 5754              	.L319:
 5755 0062 00BF     		.align	2
 5756              	.L318:
 5757 0064 FF054000 		.word	4195839
 5758              		.cfi_endproc
 5759              	.LFE268:
 5761              		.section	.text.SD_DMATxAbort,"ax",%progbits
 5762              		.align	1
 5763              		.syntax unified
 5764              		.thumb
 5765              		.thumb_func
 5767              	SD_DMATxAbort:
 5768              	.LVL446:
 5769              	.LFB269:
2596:Drivers/STM32F4xx_HAL_Driver/Src/stm32f4xx_hal_sd.c ****   SD_HandleTypeDef* hsd = (SD_HandleTypeDef* )(hdma->Parent);
ARM GAS  C:\Users\40918\AppData\Local\Temp\cc5Xi7iV.s 			page 195


 5770              		.loc 1 2596 1 is_stmt 1 view -0
 5771              		.cfi_startproc
 5772              		@ args = 0, pretend = 0, frame = 0
 5773              		@ frame_needed = 0, uses_anonymous_args = 0
2596:Drivers/STM32F4xx_HAL_Driver/Src/stm32f4xx_hal_sd.c ****   SD_HandleTypeDef* hsd = (SD_HandleTypeDef* )(hdma->Parent);
 5774              		.loc 1 2596 1 is_stmt 0 view .LVU2142
 5775 0000 10B5     		push	{r4, lr}
 5776              	.LCFI74:
 5777              		.cfi_def_cfa_offset 8
 5778              		.cfi_offset 4, -8
 5779              		.cfi_offset 14, -4
2597:Drivers/STM32F4xx_HAL_Driver/Src/stm32f4xx_hal_sd.c ****   HAL_SD_CardStateTypeDef CardState;
 5780              		.loc 1 2597 3 is_stmt 1 view .LVU2143
2597:Drivers/STM32F4xx_HAL_Driver/Src/stm32f4xx_hal_sd.c ****   HAL_SD_CardStateTypeDef CardState;
 5781              		.loc 1 2597 21 is_stmt 0 view .LVU2144
 5782 0002 846B     		ldr	r4, [r0, #56]
 5783              	.LVL447:
2598:Drivers/STM32F4xx_HAL_Driver/Src/stm32f4xx_hal_sd.c **** 
 5784              		.loc 1 2598 3 is_stmt 1 view .LVU2145
2601:Drivers/STM32F4xx_HAL_Driver/Src/stm32f4xx_hal_sd.c **** 
 5785              		.loc 1 2601 3 view .LVU2146
 5786 0004 2368     		ldr	r3, [r4]
 5787 0006 40F23A52 		movw	r2, #1338
 5788 000a 9A63     		str	r2, [r3, #56]
2603:Drivers/STM32F4xx_HAL_Driver/Src/stm32f4xx_hal_sd.c ****   hsd->State = HAL_SD_STATE_READY;
 5789              		.loc 1 2603 3 view .LVU2147
2603:Drivers/STM32F4xx_HAL_Driver/Src/stm32f4xx_hal_sd.c ****   hsd->State = HAL_SD_STATE_READY;
 5790              		.loc 1 2603 15 is_stmt 0 view .LVU2148
 5791 000c 2046     		mov	r0, r4
 5792              	.LVL448:
2603:Drivers/STM32F4xx_HAL_Driver/Src/stm32f4xx_hal_sd.c ****   hsd->State = HAL_SD_STATE_READY;
 5793              		.loc 1 2603 15 view .LVU2149
 5794 000e FFF7FEFF 		bl	HAL_SD_GetCardState
 5795              	.LVL449:
2604:Drivers/STM32F4xx_HAL_Driver/Src/stm32f4xx_hal_sd.c ****   hsd->Context = SD_CONTEXT_NONE;
 5796              		.loc 1 2604 3 is_stmt 1 view .LVU2150
2604:Drivers/STM32F4xx_HAL_Driver/Src/stm32f4xx_hal_sd.c ****   hsd->Context = SD_CONTEXT_NONE;
 5797              		.loc 1 2604 14 is_stmt 0 view .LVU2151
 5798 0012 0123     		movs	r3, #1
 5799 0014 84F83430 		strb	r3, [r4, #52]
2605:Drivers/STM32F4xx_HAL_Driver/Src/stm32f4xx_hal_sd.c ****   if((CardState == HAL_SD_CARD_RECEIVING) || (CardState == HAL_SD_CARD_SENDING))
 5800              		.loc 1 2605 3 is_stmt 1 view .LVU2152
2605:Drivers/STM32F4xx_HAL_Driver/Src/stm32f4xx_hal_sd.c ****   if((CardState == HAL_SD_CARD_RECEIVING) || (CardState == HAL_SD_CARD_SENDING))
 5801              		.loc 1 2605 16 is_stmt 0 view .LVU2153
 5802 0018 0023     		movs	r3, #0
 5803 001a 2363     		str	r3, [r4, #48]
2606:Drivers/STM32F4xx_HAL_Driver/Src/stm32f4xx_hal_sd.c ****   {
 5804              		.loc 1 2606 3 is_stmt 1 view .LVU2154
2606:Drivers/STM32F4xx_HAL_Driver/Src/stm32f4xx_hal_sd.c ****   {
 5805              		.loc 1 2606 43 is_stmt 0 view .LVU2155
 5806 001c 0538     		subs	r0, r0, #5
 5807              	.LVL450:
2606:Drivers/STM32F4xx_HAL_Driver/Src/stm32f4xx_hal_sd.c ****   {
 5808              		.loc 1 2606 5 view .LVU2156
 5809 001e 0128     		cmp	r0, #1
 5810 0020 05D9     		bls	.L325
 5811              	.LVL451:
ARM GAS  C:\Users\40918\AppData\Local\Temp\cc5Xi7iV.s 			page 196


 5812              	.L321:
2611:Drivers/STM32F4xx_HAL_Driver/Src/stm32f4xx_hal_sd.c ****   {
 5813              		.loc 1 2611 3 is_stmt 1 view .LVU2157
2611:Drivers/STM32F4xx_HAL_Driver/Src/stm32f4xx_hal_sd.c ****   {
 5814              		.loc 1 2611 9 is_stmt 0 view .LVU2158
 5815 0022 A36B     		ldr	r3, [r4, #56]
2611:Drivers/STM32F4xx_HAL_Driver/Src/stm32f4xx_hal_sd.c ****   {
 5816              		.loc 1 2611 5 view .LVU2159
 5817 0024 53B9     		cbnz	r3, .L322
2616:Drivers/STM32F4xx_HAL_Driver/Src/stm32f4xx_hal_sd.c **** #endif
 5818              		.loc 1 2616 5 is_stmt 1 view .LVU2160
 5819 0026 2046     		mov	r0, r4
 5820 0028 FFF7FEFF 		bl	HAL_SD_AbortCallback
 5821              	.LVL452:
 5822              	.L320:
2627:Drivers/STM32F4xx_HAL_Driver/Src/stm32f4xx_hal_sd.c **** 
 5823              		.loc 1 2627 1 is_stmt 0 view .LVU2161
 5824 002c 10BD     		pop	{r4, pc}
 5825              	.LVL453:
 5826              	.L325:
2608:Drivers/STM32F4xx_HAL_Driver/Src/stm32f4xx_hal_sd.c ****   }
 5827              		.loc 1 2608 5 is_stmt 1 view .LVU2162
2608:Drivers/STM32F4xx_HAL_Driver/Src/stm32f4xx_hal_sd.c ****   }
 5828              		.loc 1 2608 23 is_stmt 0 view .LVU2163
 5829 002e 2068     		ldr	r0, [r4]
 5830              	.LVL454:
2608:Drivers/STM32F4xx_HAL_Driver/Src/stm32f4xx_hal_sd.c ****   }
 5831              		.loc 1 2608 23 view .LVU2164
 5832 0030 FFF7FEFF 		bl	SDMMC_CmdStopTransfer
 5833              	.LVL455:
2608:Drivers/STM32F4xx_HAL_Driver/Src/stm32f4xx_hal_sd.c ****   }
 5834              		.loc 1 2608 8 discriminator 1 view .LVU2165
 5835 0034 A36B     		ldr	r3, [r4, #56]
2608:Drivers/STM32F4xx_HAL_Driver/Src/stm32f4xx_hal_sd.c ****   }
 5836              		.loc 1 2608 20 discriminator 1 view .LVU2166
 5837 0036 0343     		orrs	r3, r3, r0
 5838 0038 A363     		str	r3, [r4, #56]
 5839 003a F2E7     		b	.L321
 5840              	.L322:
2624:Drivers/STM32F4xx_HAL_Driver/Src/stm32f4xx_hal_sd.c **** #endif
 5841              		.loc 1 2624 5 is_stmt 1 view .LVU2167
 5842 003c 2046     		mov	r0, r4
 5843 003e FFF7FEFF 		bl	HAL_SD_ErrorCallback
 5844              	.LVL456:
2627:Drivers/STM32F4xx_HAL_Driver/Src/stm32f4xx_hal_sd.c **** 
 5845              		.loc 1 2627 1 is_stmt 0 view .LVU2168
 5846 0042 F3E7     		b	.L320
 5847              		.cfi_endproc
 5848              	.LFE269:
 5850              		.section	.text.SD_DMARxAbort,"ax",%progbits
 5851              		.align	1
 5852              		.syntax unified
 5853              		.thumb
 5854              		.thumb_func
 5856              	SD_DMARxAbort:
 5857              	.LVL457:
 5858              	.LFB270:
ARM GAS  C:\Users\40918\AppData\Local\Temp\cc5Xi7iV.s 			page 197


2635:Drivers/STM32F4xx_HAL_Driver/Src/stm32f4xx_hal_sd.c ****   SD_HandleTypeDef* hsd = (SD_HandleTypeDef* )(hdma->Parent);
 5859              		.loc 1 2635 1 is_stmt 1 view -0
 5860              		.cfi_startproc
 5861              		@ args = 0, pretend = 0, frame = 0
 5862              		@ frame_needed = 0, uses_anonymous_args = 0
2635:Drivers/STM32F4xx_HAL_Driver/Src/stm32f4xx_hal_sd.c ****   SD_HandleTypeDef* hsd = (SD_HandleTypeDef* )(hdma->Parent);
 5863              		.loc 1 2635 1 is_stmt 0 view .LVU2170
 5864 0000 10B5     		push	{r4, lr}
 5865              	.LCFI75:
 5866              		.cfi_def_cfa_offset 8
 5867              		.cfi_offset 4, -8
 5868              		.cfi_offset 14, -4
2636:Drivers/STM32F4xx_HAL_Driver/Src/stm32f4xx_hal_sd.c ****   HAL_SD_CardStateTypeDef CardState;
 5869              		.loc 1 2636 3 is_stmt 1 view .LVU2171
2636:Drivers/STM32F4xx_HAL_Driver/Src/stm32f4xx_hal_sd.c ****   HAL_SD_CardStateTypeDef CardState;
 5870              		.loc 1 2636 21 is_stmt 0 view .LVU2172
 5871 0002 846B     		ldr	r4, [r0, #56]
 5872              	.LVL458:
2637:Drivers/STM32F4xx_HAL_Driver/Src/stm32f4xx_hal_sd.c **** 
 5873              		.loc 1 2637 3 is_stmt 1 view .LVU2173
2640:Drivers/STM32F4xx_HAL_Driver/Src/stm32f4xx_hal_sd.c **** 
 5874              		.loc 1 2640 3 view .LVU2174
 5875 0004 2368     		ldr	r3, [r4]
 5876 0006 40F23A52 		movw	r2, #1338
 5877 000a 9A63     		str	r2, [r3, #56]
2642:Drivers/STM32F4xx_HAL_Driver/Src/stm32f4xx_hal_sd.c ****   hsd->State = HAL_SD_STATE_READY;
 5878              		.loc 1 2642 3 view .LVU2175
2642:Drivers/STM32F4xx_HAL_Driver/Src/stm32f4xx_hal_sd.c ****   hsd->State = HAL_SD_STATE_READY;
 5879              		.loc 1 2642 15 is_stmt 0 view .LVU2176
 5880 000c 2046     		mov	r0, r4
 5881              	.LVL459:
2642:Drivers/STM32F4xx_HAL_Driver/Src/stm32f4xx_hal_sd.c ****   hsd->State = HAL_SD_STATE_READY;
 5882              		.loc 1 2642 15 view .LVU2177
 5883 000e FFF7FEFF 		bl	HAL_SD_GetCardState
 5884              	.LVL460:
2643:Drivers/STM32F4xx_HAL_Driver/Src/stm32f4xx_hal_sd.c ****   hsd->Context = SD_CONTEXT_NONE;
 5885              		.loc 1 2643 3 is_stmt 1 view .LVU2178
2643:Drivers/STM32F4xx_HAL_Driver/Src/stm32f4xx_hal_sd.c ****   hsd->Context = SD_CONTEXT_NONE;
 5886              		.loc 1 2643 14 is_stmt 0 view .LVU2179
 5887 0012 0123     		movs	r3, #1
 5888 0014 84F83430 		strb	r3, [r4, #52]
2644:Drivers/STM32F4xx_HAL_Driver/Src/stm32f4xx_hal_sd.c ****   if((CardState == HAL_SD_CARD_RECEIVING) || (CardState == HAL_SD_CARD_SENDING))
 5889              		.loc 1 2644 3 is_stmt 1 view .LVU2180
2644:Drivers/STM32F4xx_HAL_Driver/Src/stm32f4xx_hal_sd.c ****   if((CardState == HAL_SD_CARD_RECEIVING) || (CardState == HAL_SD_CARD_SENDING))
 5890              		.loc 1 2644 16 is_stmt 0 view .LVU2181
 5891 0018 0023     		movs	r3, #0
 5892 001a 2363     		str	r3, [r4, #48]
2645:Drivers/STM32F4xx_HAL_Driver/Src/stm32f4xx_hal_sd.c ****   {
 5893              		.loc 1 2645 3 is_stmt 1 view .LVU2182
2645:Drivers/STM32F4xx_HAL_Driver/Src/stm32f4xx_hal_sd.c ****   {
 5894              		.loc 1 2645 43 is_stmt 0 view .LVU2183
 5895 001c 0538     		subs	r0, r0, #5
 5896              	.LVL461:
2645:Drivers/STM32F4xx_HAL_Driver/Src/stm32f4xx_hal_sd.c ****   {
 5897              		.loc 1 2645 5 view .LVU2184
 5898 001e 0128     		cmp	r0, #1
 5899 0020 05D9     		bls	.L331
ARM GAS  C:\Users\40918\AppData\Local\Temp\cc5Xi7iV.s 			page 198


 5900              	.LVL462:
 5901              	.L327:
2650:Drivers/STM32F4xx_HAL_Driver/Src/stm32f4xx_hal_sd.c ****   {
 5902              		.loc 1 2650 3 is_stmt 1 view .LVU2185
2650:Drivers/STM32F4xx_HAL_Driver/Src/stm32f4xx_hal_sd.c ****   {
 5903              		.loc 1 2650 9 is_stmt 0 view .LVU2186
 5904 0022 A36B     		ldr	r3, [r4, #56]
2650:Drivers/STM32F4xx_HAL_Driver/Src/stm32f4xx_hal_sd.c ****   {
 5905              		.loc 1 2650 5 view .LVU2187
 5906 0024 53B9     		cbnz	r3, .L328
2655:Drivers/STM32F4xx_HAL_Driver/Src/stm32f4xx_hal_sd.c **** #endif
 5907              		.loc 1 2655 5 is_stmt 1 view .LVU2188
 5908 0026 2046     		mov	r0, r4
 5909 0028 FFF7FEFF 		bl	HAL_SD_AbortCallback
 5910              	.LVL463:
 5911              	.L326:
2666:Drivers/STM32F4xx_HAL_Driver/Src/stm32f4xx_hal_sd.c **** 
 5912              		.loc 1 2666 1 is_stmt 0 view .LVU2189
 5913 002c 10BD     		pop	{r4, pc}
 5914              	.LVL464:
 5915              	.L331:
2647:Drivers/STM32F4xx_HAL_Driver/Src/stm32f4xx_hal_sd.c ****   }
 5916              		.loc 1 2647 5 is_stmt 1 view .LVU2190
2647:Drivers/STM32F4xx_HAL_Driver/Src/stm32f4xx_hal_sd.c ****   }
 5917              		.loc 1 2647 23 is_stmt 0 view .LVU2191
 5918 002e 2068     		ldr	r0, [r4]
 5919              	.LVL465:
2647:Drivers/STM32F4xx_HAL_Driver/Src/stm32f4xx_hal_sd.c ****   }
 5920              		.loc 1 2647 23 view .LVU2192
 5921 0030 FFF7FEFF 		bl	SDMMC_CmdStopTransfer
 5922              	.LVL466:
2647:Drivers/STM32F4xx_HAL_Driver/Src/stm32f4xx_hal_sd.c ****   }
 5923              		.loc 1 2647 8 discriminator 1 view .LVU2193
 5924 0034 A36B     		ldr	r3, [r4, #56]
2647:Drivers/STM32F4xx_HAL_Driver/Src/stm32f4xx_hal_sd.c ****   }
 5925              		.loc 1 2647 20 discriminator 1 view .LVU2194
 5926 0036 0343     		orrs	r3, r3, r0
 5927 0038 A363     		str	r3, [r4, #56]
 5928 003a F2E7     		b	.L327
 5929              	.L328:
2663:Drivers/STM32F4xx_HAL_Driver/Src/stm32f4xx_hal_sd.c **** #endif
 5930              		.loc 1 2663 5 is_stmt 1 view .LVU2195
 5931 003c 2046     		mov	r0, r4
 5932 003e FFF7FEFF 		bl	HAL_SD_ErrorCallback
 5933              	.LVL467:
2666:Drivers/STM32F4xx_HAL_Driver/Src/stm32f4xx_hal_sd.c **** 
 5934              		.loc 1 2666 1 is_stmt 0 view .LVU2196
 5935 0042 F3E7     		b	.L326
 5936              		.cfi_endproc
 5937              	.LFE270:
 5939              		.section	.text.HAL_SD_IRQHandler,"ax",%progbits
 5940              		.align	1
 5941              		.global	HAL_SD_IRQHandler
 5942              		.syntax unified
 5943              		.thumb
 5944              		.thumb_func
 5946              	HAL_SD_IRQHandler:
ARM GAS  C:\Users\40918\AppData\Local\Temp\cc5Xi7iV.s 			page 199


 5947              	.LVL468:
 5948              	.LFB251:
1516:Drivers/STM32F4xx_HAL_Driver/Src/stm32f4xx_hal_sd.c ****   uint32_t errorstate;
 5949              		.loc 1 1516 1 is_stmt 1 view -0
 5950              		.cfi_startproc
 5951              		@ args = 0, pretend = 0, frame = 0
 5952              		@ frame_needed = 0, uses_anonymous_args = 0
1516:Drivers/STM32F4xx_HAL_Driver/Src/stm32f4xx_hal_sd.c ****   uint32_t errorstate;
 5953              		.loc 1 1516 1 is_stmt 0 view .LVU2198
 5954 0000 38B5     		push	{r3, r4, r5, lr}
 5955              	.LCFI76:
 5956              		.cfi_def_cfa_offset 16
 5957              		.cfi_offset 3, -16
 5958              		.cfi_offset 4, -12
 5959              		.cfi_offset 5, -8
 5960              		.cfi_offset 14, -4
 5961 0002 0446     		mov	r4, r0
1517:Drivers/STM32F4xx_HAL_Driver/Src/stm32f4xx_hal_sd.c ****   uint32_t context = hsd->Context;
 5962              		.loc 1 1517 3 is_stmt 1 view .LVU2199
1518:Drivers/STM32F4xx_HAL_Driver/Src/stm32f4xx_hal_sd.c **** 
 5963              		.loc 1 1518 3 view .LVU2200
1518:Drivers/STM32F4xx_HAL_Driver/Src/stm32f4xx_hal_sd.c **** 
 5964              		.loc 1 1518 12 is_stmt 0 view .LVU2201
 5965 0004 056B     		ldr	r5, [r0, #48]
 5966              	.LVL469:
1521:Drivers/STM32F4xx_HAL_Driver/Src/stm32f4xx_hal_sd.c ****   {
 5967              		.loc 1 1521 3 is_stmt 1 view .LVU2202
1521:Drivers/STM32F4xx_HAL_Driver/Src/stm32f4xx_hal_sd.c ****   {
 5968              		.loc 1 1521 7 is_stmt 0 view .LVU2203
 5969 0006 0368     		ldr	r3, [r0]
 5970 0008 5A6B     		ldr	r2, [r3, #52]
1521:Drivers/STM32F4xx_HAL_Driver/Src/stm32f4xx_hal_sd.c ****   {
 5971              		.loc 1 1521 5 view .LVU2204
 5972 000a 12F4004F 		tst	r2, #32768
 5973 000e 02D0     		beq	.L333
1521:Drivers/STM32F4xx_HAL_Driver/Src/stm32f4xx_hal_sd.c ****   {
 5974              		.loc 1 1521 60 discriminator 1 view .LVU2205
 5975 0010 15F0080F 		tst	r5, #8
 5976 0014 28D1     		bne	.L350
 5977              	.L333:
1526:Drivers/STM32F4xx_HAL_Driver/Src/stm32f4xx_hal_sd.c ****   {
 5978              		.loc 1 1526 8 is_stmt 1 view .LVU2206
1526:Drivers/STM32F4xx_HAL_Driver/Src/stm32f4xx_hal_sd.c ****   {
 5979              		.loc 1 1526 11 is_stmt 0 view .LVU2207
 5980 0016 5A6B     		ldr	r2, [r3, #52]
1526:Drivers/STM32F4xx_HAL_Driver/Src/stm32f4xx_hal_sd.c ****   {
 5981              		.loc 1 1526 10 view .LVU2208
 5982 0018 12F4807F 		tst	r2, #256
 5983 001c 5AD0     		beq	.L335
1528:Drivers/STM32F4xx_HAL_Driver/Src/stm32f4xx_hal_sd.c **** 
 5984              		.loc 1 1528 5 is_stmt 1 view .LVU2209
 5985 001e 4FF48072 		mov	r2, #256
 5986 0022 9A63     		str	r2, [r3, #56]
1531:Drivers/STM32F4xx_HAL_Driver/Src/stm32f4xx_hal_sd.c ****                              SDIO_IT_TXUNDERR | SDIO_IT_RXOVERR  | SDIO_IT_TXFIFOHE |\
 5987              		.loc 1 1531 5 view .LVU2210
 5988 0024 2268     		ldr	r2, [r4]
 5989 0026 D36B     		ldr	r3, [r2, #60]
ARM GAS  C:\Users\40918\AppData\Local\Temp\cc5Xi7iV.s 			page 200


 5990 0028 23F44343 		bic	r3, r3, #49920
 5991 002c 23F03A03 		bic	r3, r3, #58
 5992 0030 D363     		str	r3, [r2, #60]
1540:Drivers/STM32F4xx_HAL_Driver/Src/stm32f4xx_hal_sd.c ****     
 5993              		.loc 1 1540 5 view .LVU2211
1540:Drivers/STM32F4xx_HAL_Driver/Src/stm32f4xx_hal_sd.c ****     
 5994              		.loc 1 1540 8 is_stmt 0 view .LVU2212
 5995 0032 2268     		ldr	r2, [r4]
1540:Drivers/STM32F4xx_HAL_Driver/Src/stm32f4xx_hal_sd.c ****     
 5996              		.loc 1 1540 18 view .LVU2213
 5997 0034 D36A     		ldr	r3, [r2, #44]
1540:Drivers/STM32F4xx_HAL_Driver/Src/stm32f4xx_hal_sd.c ****     
 5998              		.loc 1 1540 26 view .LVU2214
 5999 0036 23F00103 		bic	r3, r3, #1
 6000 003a D362     		str	r3, [r2, #44]
1542:Drivers/STM32F4xx_HAL_Driver/Src/stm32f4xx_hal_sd.c ****     {
 6001              		.loc 1 1542 5 is_stmt 1 view .LVU2215
1542:Drivers/STM32F4xx_HAL_Driver/Src/stm32f4xx_hal_sd.c ****     {
 6002              		.loc 1 1542 7 is_stmt 0 view .LVU2216
 6003 003c 15F0080F 		tst	r5, #8
 6004 0040 26D0     		beq	.L336
1544:Drivers/STM32F4xx_HAL_Driver/Src/stm32f4xx_hal_sd.c ****       {
 6005              		.loc 1 1544 7 is_stmt 1 view .LVU2217
1544:Drivers/STM32F4xx_HAL_Driver/Src/stm32f4xx_hal_sd.c ****       {
 6006              		.loc 1 1544 9 is_stmt 0 view .LVU2218
 6007 0042 15F0220F 		tst	r5, #34
 6008 0046 12D1     		bne	.L351
 6009              	.LVL470:
 6010              	.L337:
1559:Drivers/STM32F4xx_HAL_Driver/Src/stm32f4xx_hal_sd.c **** 
 6011              		.loc 1 1559 7 is_stmt 1 view .LVU2219
 6012 0048 2368     		ldr	r3, [r4]
 6013 004a 40F23A52 		movw	r2, #1338
 6014 004e 9A63     		str	r2, [r3, #56]
1561:Drivers/STM32F4xx_HAL_Driver/Src/stm32f4xx_hal_sd.c ****       hsd->Context = SD_CONTEXT_NONE;
 6015              		.loc 1 1561 7 view .LVU2220
1561:Drivers/STM32F4xx_HAL_Driver/Src/stm32f4xx_hal_sd.c ****       hsd->Context = SD_CONTEXT_NONE;
 6016              		.loc 1 1561 18 is_stmt 0 view .LVU2221
 6017 0050 0123     		movs	r3, #1
 6018 0052 84F83430 		strb	r3, [r4, #52]
1562:Drivers/STM32F4xx_HAL_Driver/Src/stm32f4xx_hal_sd.c ****       if(((context & SD_CONTEXT_READ_SINGLE_BLOCK) != 0U) || ((context & SD_CONTEXT_READ_MULTIPLE_B
 6019              		.loc 1 1562 7 is_stmt 1 view .LVU2222
1562:Drivers/STM32F4xx_HAL_Driver/Src/stm32f4xx_hal_sd.c ****       if(((context & SD_CONTEXT_READ_SINGLE_BLOCK) != 0U) || ((context & SD_CONTEXT_READ_MULTIPLE_B
 6020              		.loc 1 1562 20 is_stmt 0 view .LVU2223
 6021 0056 0023     		movs	r3, #0
 6022 0058 2363     		str	r3, [r4, #48]
1563:Drivers/STM32F4xx_HAL_Driver/Src/stm32f4xx_hal_sd.c ****       {
 6023              		.loc 1 1563 7 is_stmt 1 view .LVU2224
1563:Drivers/STM32F4xx_HAL_Driver/Src/stm32f4xx_hal_sd.c ****       {
 6024              		.loc 1 1563 9 is_stmt 0 view .LVU2225
 6025 005a 15F0030F 		tst	r5, #3
 6026 005e 13D0     		beq	.L338
1568:Drivers/STM32F4xx_HAL_Driver/Src/stm32f4xx_hal_sd.c **** #endif /* USE_HAL_SD_REGISTER_CALLBACKS */
 6027              		.loc 1 1568 9 is_stmt 1 view .LVU2226
 6028 0060 2046     		mov	r0, r4
 6029 0062 FFF7FEFF 		bl	HAL_SD_RxCpltCallback
 6030              	.LVL471:
ARM GAS  C:\Users\40918\AppData\Local\Temp\cc5Xi7iV.s 			page 201


 6031 0066 01E0     		b	.L332
 6032              	.LVL472:
 6033              	.L350:
1523:Drivers/STM32F4xx_HAL_Driver/Src/stm32f4xx_hal_sd.c ****   }
 6034              		.loc 1 1523 5 view .LVU2227
 6035 0068 FFF7FEFF 		bl	SD_Read_IT
 6036              	.LVL473:
 6037              	.L332:
1724:Drivers/STM32F4xx_HAL_Driver/Src/stm32f4xx_hal_sd.c **** 
 6038              		.loc 1 1724 1 is_stmt 0 view .LVU2228
 6039 006c 38BD     		pop	{r3, r4, r5, pc}
 6040              	.LVL474:
 6041              	.L351:
1546:Drivers/STM32F4xx_HAL_Driver/Src/stm32f4xx_hal_sd.c ****         if(errorstate != HAL_SD_ERROR_NONE)
 6042              		.loc 1 1546 9 is_stmt 1 view .LVU2229
1546:Drivers/STM32F4xx_HAL_Driver/Src/stm32f4xx_hal_sd.c ****         if(errorstate != HAL_SD_ERROR_NONE)
 6043              		.loc 1 1546 22 is_stmt 0 view .LVU2230
 6044 006e 2068     		ldr	r0, [r4]
 6045              	.LVL475:
1546:Drivers/STM32F4xx_HAL_Driver/Src/stm32f4xx_hal_sd.c ****         if(errorstate != HAL_SD_ERROR_NONE)
 6046              		.loc 1 1546 22 view .LVU2231
 6047 0070 FFF7FEFF 		bl	SDMMC_CmdStopTransfer
 6048              	.LVL476:
1547:Drivers/STM32F4xx_HAL_Driver/Src/stm32f4xx_hal_sd.c ****         {
 6049              		.loc 1 1547 9 is_stmt 1 view .LVU2232
1547:Drivers/STM32F4xx_HAL_Driver/Src/stm32f4xx_hal_sd.c ****         {
 6050              		.loc 1 1547 11 is_stmt 0 view .LVU2233
 6051 0074 0346     		mov	r3, r0
 6052 0076 0028     		cmp	r0, #0
 6053 0078 E6D0     		beq	.L337
1549:Drivers/STM32F4xx_HAL_Driver/Src/stm32f4xx_hal_sd.c **** #if defined (USE_HAL_SD_REGISTER_CALLBACKS) && (USE_HAL_SD_REGISTER_CALLBACKS == 1U)
 6054              		.loc 1 1549 11 is_stmt 1 view .LVU2234
1549:Drivers/STM32F4xx_HAL_Driver/Src/stm32f4xx_hal_sd.c **** #if defined (USE_HAL_SD_REGISTER_CALLBACKS) && (USE_HAL_SD_REGISTER_CALLBACKS == 1U)
 6055              		.loc 1 1549 14 is_stmt 0 view .LVU2235
 6056 007a A26B     		ldr	r2, [r4, #56]
1549:Drivers/STM32F4xx_HAL_Driver/Src/stm32f4xx_hal_sd.c **** #if defined (USE_HAL_SD_REGISTER_CALLBACKS) && (USE_HAL_SD_REGISTER_CALLBACKS == 1U)
 6057              		.loc 1 1549 26 view .LVU2236
 6058 007c 1343     		orrs	r3, r3, r2
 6059 007e A363     		str	r3, [r4, #56]
1553:Drivers/STM32F4xx_HAL_Driver/Src/stm32f4xx_hal_sd.c **** #endif /* USE_HAL_SD_REGISTER_CALLBACKS */
 6060              		.loc 1 1553 11 is_stmt 1 view .LVU2237
 6061 0080 2046     		mov	r0, r4
 6062              	.LVL477:
1553:Drivers/STM32F4xx_HAL_Driver/Src/stm32f4xx_hal_sd.c **** #endif /* USE_HAL_SD_REGISTER_CALLBACKS */
 6063              		.loc 1 1553 11 is_stmt 0 view .LVU2238
 6064 0082 FFF7FEFF 		bl	HAL_SD_ErrorCallback
 6065              	.LVL478:
 6066 0086 DFE7     		b	.L337
 6067              	.LVL479:
 6068              	.L338:
1576:Drivers/STM32F4xx_HAL_Driver/Src/stm32f4xx_hal_sd.c **** #endif /* USE_HAL_SD_REGISTER_CALLBACKS */
 6069              		.loc 1 1576 9 is_stmt 1 view .LVU2239
 6070 0088 2046     		mov	r0, r4
 6071 008a FFF7FEFF 		bl	HAL_SD_TxCpltCallback
 6072              	.LVL480:
 6073 008e EDE7     		b	.L332
 6074              	.LVL481:
ARM GAS  C:\Users\40918\AppData\Local\Temp\cc5Xi7iV.s 			page 202


 6075              	.L336:
1580:Drivers/STM32F4xx_HAL_Driver/Src/stm32f4xx_hal_sd.c ****     {
 6076              		.loc 1 1580 10 view .LVU2240
1580:Drivers/STM32F4xx_HAL_Driver/Src/stm32f4xx_hal_sd.c ****     {
 6077              		.loc 1 1580 12 is_stmt 0 view .LVU2241
 6078 0090 15F0800F 		tst	r5, #128
 6079 0094 EAD0     		beq	.L332
1582:Drivers/STM32F4xx_HAL_Driver/Src/stm32f4xx_hal_sd.c ****       {
 6080              		.loc 1 1582 7 is_stmt 1 view .LVU2242
1582:Drivers/STM32F4xx_HAL_Driver/Src/stm32f4xx_hal_sd.c ****       {
 6081              		.loc 1 1582 9 is_stmt 0 view .LVU2243
 6082 0096 15F0200F 		tst	r5, #32
 6083 009a 0ED1     		bne	.L352
 6084              	.LVL482:
 6085              	.L339:
1595:Drivers/STM32F4xx_HAL_Driver/Src/stm32f4xx_hal_sd.c ****       {
 6086              		.loc 1 1595 7 is_stmt 1 view .LVU2244
1595:Drivers/STM32F4xx_HAL_Driver/Src/stm32f4xx_hal_sd.c ****       {
 6087              		.loc 1 1595 9 is_stmt 0 view .LVU2245
 6088 009c 15F0030F 		tst	r5, #3
 6089 00a0 E4D1     		bne	.L332
1599:Drivers/STM32F4xx_HAL_Driver/Src/stm32f4xx_hal_sd.c **** 
 6090              		.loc 1 1599 9 is_stmt 1 view .LVU2246
1599:Drivers/STM32F4xx_HAL_Driver/Src/stm32f4xx_hal_sd.c **** 
 6091              		.loc 1 1599 12 is_stmt 0 view .LVU2247
 6092 00a2 2268     		ldr	r2, [r4]
1599:Drivers/STM32F4xx_HAL_Driver/Src/stm32f4xx_hal_sd.c **** 
 6093              		.loc 1 1599 22 view .LVU2248
 6094 00a4 D36A     		ldr	r3, [r2, #44]
1599:Drivers/STM32F4xx_HAL_Driver/Src/stm32f4xx_hal_sd.c **** 
 6095              		.loc 1 1599 30 view .LVU2249
 6096 00a6 23F00803 		bic	r3, r3, #8
 6097 00aa D362     		str	r3, [r2, #44]
1601:Drivers/STM32F4xx_HAL_Driver/Src/stm32f4xx_hal_sd.c **** 
 6098              		.loc 1 1601 9 is_stmt 1 view .LVU2250
1601:Drivers/STM32F4xx_HAL_Driver/Src/stm32f4xx_hal_sd.c **** 
 6099              		.loc 1 1601 20 is_stmt 0 view .LVU2251
 6100 00ac 0123     		movs	r3, #1
 6101 00ae 84F83430 		strb	r3, [r4, #52]
1606:Drivers/STM32F4xx_HAL_Driver/Src/stm32f4xx_hal_sd.c **** #endif /* USE_HAL_SD_REGISTER_CALLBACKS */
 6102              		.loc 1 1606 9 is_stmt 1 view .LVU2252
 6103 00b2 2046     		mov	r0, r4
 6104 00b4 FFF7FEFF 		bl	HAL_SD_TxCpltCallback
 6105              	.LVL483:
 6106 00b8 D8E7     		b	.L332
 6107              	.LVL484:
 6108              	.L352:
1584:Drivers/STM32F4xx_HAL_Driver/Src/stm32f4xx_hal_sd.c ****         if(errorstate != HAL_SD_ERROR_NONE)
 6109              		.loc 1 1584 9 view .LVU2253
1584:Drivers/STM32F4xx_HAL_Driver/Src/stm32f4xx_hal_sd.c ****         if(errorstate != HAL_SD_ERROR_NONE)
 6110              		.loc 1 1584 22 is_stmt 0 view .LVU2254
 6111 00ba 2068     		ldr	r0, [r4]
 6112              	.LVL485:
1584:Drivers/STM32F4xx_HAL_Driver/Src/stm32f4xx_hal_sd.c ****         if(errorstate != HAL_SD_ERROR_NONE)
 6113              		.loc 1 1584 22 view .LVU2255
 6114 00bc FFF7FEFF 		bl	SDMMC_CmdStopTransfer
 6115              	.LVL486:
ARM GAS  C:\Users\40918\AppData\Local\Temp\cc5Xi7iV.s 			page 203


1585:Drivers/STM32F4xx_HAL_Driver/Src/stm32f4xx_hal_sd.c ****         {
 6116              		.loc 1 1585 9 is_stmt 1 view .LVU2256
1585:Drivers/STM32F4xx_HAL_Driver/Src/stm32f4xx_hal_sd.c ****         {
 6117              		.loc 1 1585 11 is_stmt 0 view .LVU2257
 6118 00c0 0346     		mov	r3, r0
 6119 00c2 0028     		cmp	r0, #0
 6120 00c4 EAD0     		beq	.L339
1587:Drivers/STM32F4xx_HAL_Driver/Src/stm32f4xx_hal_sd.c **** #if defined (USE_HAL_SD_REGISTER_CALLBACKS) && (USE_HAL_SD_REGISTER_CALLBACKS == 1U)
 6121              		.loc 1 1587 11 is_stmt 1 view .LVU2258
1587:Drivers/STM32F4xx_HAL_Driver/Src/stm32f4xx_hal_sd.c **** #if defined (USE_HAL_SD_REGISTER_CALLBACKS) && (USE_HAL_SD_REGISTER_CALLBACKS == 1U)
 6122              		.loc 1 1587 14 is_stmt 0 view .LVU2259
 6123 00c6 A26B     		ldr	r2, [r4, #56]
1587:Drivers/STM32F4xx_HAL_Driver/Src/stm32f4xx_hal_sd.c **** #if defined (USE_HAL_SD_REGISTER_CALLBACKS) && (USE_HAL_SD_REGISTER_CALLBACKS == 1U)
 6124              		.loc 1 1587 26 view .LVU2260
 6125 00c8 1343     		orrs	r3, r3, r2
 6126 00ca A363     		str	r3, [r4, #56]
1591:Drivers/STM32F4xx_HAL_Driver/Src/stm32f4xx_hal_sd.c **** #endif /* USE_HAL_SD_REGISTER_CALLBACKS */
 6127              		.loc 1 1591 11 is_stmt 1 view .LVU2261
 6128 00cc 2046     		mov	r0, r4
 6129              	.LVL487:
1591:Drivers/STM32F4xx_HAL_Driver/Src/stm32f4xx_hal_sd.c **** #endif /* USE_HAL_SD_REGISTER_CALLBACKS */
 6130              		.loc 1 1591 11 is_stmt 0 view .LVU2262
 6131 00ce FFF7FEFF 		bl	HAL_SD_ErrorCallback
 6132              	.LVL488:
 6133 00d2 E3E7     		b	.L339
 6134              	.LVL489:
 6135              	.L335:
1616:Drivers/STM32F4xx_HAL_Driver/Src/stm32f4xx_hal_sd.c ****   {
 6136              		.loc 1 1616 8 is_stmt 1 view .LVU2263
1616:Drivers/STM32F4xx_HAL_Driver/Src/stm32f4xx_hal_sd.c ****   {
 6137              		.loc 1 1616 12 is_stmt 0 view .LVU2264
 6138 00d4 5A6B     		ldr	r2, [r3, #52]
1616:Drivers/STM32F4xx_HAL_Driver/Src/stm32f4xx_hal_sd.c ****   {
 6139              		.loc 1 1616 10 view .LVU2265
 6140 00d6 12F4804F 		tst	r2, #16384
 6141 00da 02D0     		beq	.L340
1616:Drivers/STM32F4xx_HAL_Driver/Src/stm32f4xx_hal_sd.c ****   {
 6142              		.loc 1 1616 65 discriminator 1 view .LVU2266
 6143 00dc 15F0080F 		tst	r5, #8
 6144 00e0 55D1     		bne	.L353
 6145              	.L340:
1622:Drivers/STM32F4xx_HAL_Driver/Src/stm32f4xx_hal_sd.c **** #else /* SDIO_STA_STBITERR not defined */
 6146              		.loc 1 1622 8 is_stmt 1 view .LVU2267
1622:Drivers/STM32F4xx_HAL_Driver/Src/stm32f4xx_hal_sd.c **** #else /* SDIO_STA_STBITERR not defined */
 6147              		.loc 1 1622 11 is_stmt 0 view .LVU2268
 6148 00e2 596B     		ldr	r1, [r3, #52]
1622:Drivers/STM32F4xx_HAL_Driver/Src/stm32f4xx_hal_sd.c **** #else /* SDIO_STA_STBITERR not defined */
 6149              		.loc 1 1622 10 view .LVU2269
 6150 00e4 40F23A22 		movw	r2, #570
 6151 00e8 1142     		tst	r1, r2
 6152 00ea BFD0     		beq	.L332
1628:Drivers/STM32F4xx_HAL_Driver/Src/stm32f4xx_hal_sd.c ****     {
 6153              		.loc 1 1628 5 is_stmt 1 view .LVU2270
1628:Drivers/STM32F4xx_HAL_Driver/Src/stm32f4xx_hal_sd.c ****     {
 6154              		.loc 1 1628 8 is_stmt 0 view .LVU2271
 6155 00ec 5A6B     		ldr	r2, [r3, #52]
1628:Drivers/STM32F4xx_HAL_Driver/Src/stm32f4xx_hal_sd.c ****     {
ARM GAS  C:\Users\40918\AppData\Local\Temp\cc5Xi7iV.s 			page 204


 6156              		.loc 1 1628 7 view .LVU2272
 6157 00ee 12F0020F 		tst	r2, #2
 6158 00f2 03D0     		beq	.L341
1630:Drivers/STM32F4xx_HAL_Driver/Src/stm32f4xx_hal_sd.c ****     }
 6159              		.loc 1 1630 7 is_stmt 1 view .LVU2273
1630:Drivers/STM32F4xx_HAL_Driver/Src/stm32f4xx_hal_sd.c ****     }
 6160              		.loc 1 1630 10 is_stmt 0 view .LVU2274
 6161 00f4 A26B     		ldr	r2, [r4, #56]
1630:Drivers/STM32F4xx_HAL_Driver/Src/stm32f4xx_hal_sd.c ****     }
 6162              		.loc 1 1630 22 view .LVU2275
 6163 00f6 42F00202 		orr	r2, r2, #2
 6164 00fa A263     		str	r2, [r4, #56]
 6165              	.L341:
1632:Drivers/STM32F4xx_HAL_Driver/Src/stm32f4xx_hal_sd.c ****     {
 6166              		.loc 1 1632 5 is_stmt 1 view .LVU2276
1632:Drivers/STM32F4xx_HAL_Driver/Src/stm32f4xx_hal_sd.c ****     {
 6167              		.loc 1 1632 8 is_stmt 0 view .LVU2277
 6168 00fc 5A6B     		ldr	r2, [r3, #52]
1632:Drivers/STM32F4xx_HAL_Driver/Src/stm32f4xx_hal_sd.c ****     {
 6169              		.loc 1 1632 7 view .LVU2278
 6170 00fe 12F0080F 		tst	r2, #8
 6171 0102 03D0     		beq	.L342
1634:Drivers/STM32F4xx_HAL_Driver/Src/stm32f4xx_hal_sd.c ****     }
 6172              		.loc 1 1634 7 is_stmt 1 view .LVU2279
1634:Drivers/STM32F4xx_HAL_Driver/Src/stm32f4xx_hal_sd.c ****     }
 6173              		.loc 1 1634 10 is_stmt 0 view .LVU2280
 6174 0104 A26B     		ldr	r2, [r4, #56]
1634:Drivers/STM32F4xx_HAL_Driver/Src/stm32f4xx_hal_sd.c ****     }
 6175              		.loc 1 1634 22 view .LVU2281
 6176 0106 42F00802 		orr	r2, r2, #8
 6177 010a A263     		str	r2, [r4, #56]
 6178              	.L342:
1636:Drivers/STM32F4xx_HAL_Driver/Src/stm32f4xx_hal_sd.c ****     {
 6179              		.loc 1 1636 5 is_stmt 1 view .LVU2282
1636:Drivers/STM32F4xx_HAL_Driver/Src/stm32f4xx_hal_sd.c ****     {
 6180              		.loc 1 1636 8 is_stmt 0 view .LVU2283
 6181 010c 5A6B     		ldr	r2, [r3, #52]
1636:Drivers/STM32F4xx_HAL_Driver/Src/stm32f4xx_hal_sd.c ****     {
 6182              		.loc 1 1636 7 view .LVU2284
 6183 010e 12F0200F 		tst	r2, #32
 6184 0112 03D0     		beq	.L343
1638:Drivers/STM32F4xx_HAL_Driver/Src/stm32f4xx_hal_sd.c ****     }
 6185              		.loc 1 1638 7 is_stmt 1 view .LVU2285
1638:Drivers/STM32F4xx_HAL_Driver/Src/stm32f4xx_hal_sd.c ****     }
 6186              		.loc 1 1638 10 is_stmt 0 view .LVU2286
 6187 0114 A26B     		ldr	r2, [r4, #56]
1638:Drivers/STM32F4xx_HAL_Driver/Src/stm32f4xx_hal_sd.c ****     }
 6188              		.loc 1 1638 22 view .LVU2287
 6189 0116 42F02002 		orr	r2, r2, #32
 6190 011a A263     		str	r2, [r4, #56]
 6191              	.L343:
1640:Drivers/STM32F4xx_HAL_Driver/Src/stm32f4xx_hal_sd.c ****     {
 6192              		.loc 1 1640 5 is_stmt 1 view .LVU2288
1640:Drivers/STM32F4xx_HAL_Driver/Src/stm32f4xx_hal_sd.c ****     {
 6193              		.loc 1 1640 8 is_stmt 0 view .LVU2289
 6194 011c 5A6B     		ldr	r2, [r3, #52]
1640:Drivers/STM32F4xx_HAL_Driver/Src/stm32f4xx_hal_sd.c ****     {
ARM GAS  C:\Users\40918\AppData\Local\Temp\cc5Xi7iV.s 			page 205


 6195              		.loc 1 1640 7 view .LVU2290
 6196 011e 12F0100F 		tst	r2, #16
 6197 0122 03D0     		beq	.L344
1642:Drivers/STM32F4xx_HAL_Driver/Src/stm32f4xx_hal_sd.c ****     }
 6198              		.loc 1 1642 7 is_stmt 1 view .LVU2291
1642:Drivers/STM32F4xx_HAL_Driver/Src/stm32f4xx_hal_sd.c ****     }
 6199              		.loc 1 1642 10 is_stmt 0 view .LVU2292
 6200 0124 A26B     		ldr	r2, [r4, #56]
1642:Drivers/STM32F4xx_HAL_Driver/Src/stm32f4xx_hal_sd.c ****     }
 6201              		.loc 1 1642 22 view .LVU2293
 6202 0126 42F01002 		orr	r2, r2, #16
 6203 012a A263     		str	r2, [r4, #56]
 6204              	.L344:
1645:Drivers/STM32F4xx_HAL_Driver/Src/stm32f4xx_hal_sd.c ****     {
 6205              		.loc 1 1645 5 is_stmt 1 view .LVU2294
1645:Drivers/STM32F4xx_HAL_Driver/Src/stm32f4xx_hal_sd.c ****     {
 6206              		.loc 1 1645 8 is_stmt 0 view .LVU2295
 6207 012c 5A6B     		ldr	r2, [r3, #52]
1645:Drivers/STM32F4xx_HAL_Driver/Src/stm32f4xx_hal_sd.c ****     {
 6208              		.loc 1 1645 7 view .LVU2296
 6209 012e 12F4007F 		tst	r2, #512
 6210 0132 03D0     		beq	.L345
1647:Drivers/STM32F4xx_HAL_Driver/Src/stm32f4xx_hal_sd.c ****     }
 6211              		.loc 1 1647 7 is_stmt 1 view .LVU2297
1647:Drivers/STM32F4xx_HAL_Driver/Src/stm32f4xx_hal_sd.c ****     }
 6212              		.loc 1 1647 10 is_stmt 0 view .LVU2298
 6213 0134 A26B     		ldr	r2, [r4, #56]
1647:Drivers/STM32F4xx_HAL_Driver/Src/stm32f4xx_hal_sd.c ****     }
 6214              		.loc 1 1647 22 view .LVU2299
 6215 0136 42F00802 		orr	r2, r2, #8
 6216 013a A263     		str	r2, [r4, #56]
 6217              	.L345:
1653:Drivers/STM32F4xx_HAL_Driver/Src/stm32f4xx_hal_sd.c **** 
 6218              		.loc 1 1653 5 is_stmt 1 view .LVU2300
 6219 013c 40F23A72 		movw	r2, #1850
 6220 0140 9A63     		str	r2, [r3, #56]
1656:Drivers/STM32F4xx_HAL_Driver/Src/stm32f4xx_hal_sd.c ****                              SDIO_IT_TXUNDERR| SDIO_IT_RXOVERR | SDIO_IT_STBITERR);
 6221              		.loc 1 1656 5 view .LVU2301
 6222 0142 2268     		ldr	r2, [r4]
 6223 0144 D36B     		ldr	r3, [r2, #60]
 6224 0146 23F44E73 		bic	r3, r3, #824
 6225 014a 23F00203 		bic	r3, r3, #2
 6226 014e D363     		str	r3, [r2, #60]
1667:Drivers/STM32F4xx_HAL_Driver/Src/stm32f4xx_hal_sd.c **** 
 6227              		.loc 1 1667 5 view .LVU2302
1667:Drivers/STM32F4xx_HAL_Driver/Src/stm32f4xx_hal_sd.c **** 
 6228              		.loc 1 1667 23 is_stmt 0 view .LVU2303
 6229 0150 2068     		ldr	r0, [r4]
 6230              	.LVL490:
1667:Drivers/STM32F4xx_HAL_Driver/Src/stm32f4xx_hal_sd.c **** 
 6231              		.loc 1 1667 23 view .LVU2304
 6232 0152 FFF7FEFF 		bl	SDMMC_CmdStopTransfer
 6233              	.LVL491:
1667:Drivers/STM32F4xx_HAL_Driver/Src/stm32f4xx_hal_sd.c **** 
 6234              		.loc 1 1667 8 discriminator 1 view .LVU2305
 6235 0156 A36B     		ldr	r3, [r4, #56]
1667:Drivers/STM32F4xx_HAL_Driver/Src/stm32f4xx_hal_sd.c **** 
ARM GAS  C:\Users\40918\AppData\Local\Temp\cc5Xi7iV.s 			page 206


 6236              		.loc 1 1667 20 discriminator 1 view .LVU2306
 6237 0158 0343     		orrs	r3, r3, r0
 6238 015a A363     		str	r3, [r4, #56]
1669:Drivers/STM32F4xx_HAL_Driver/Src/stm32f4xx_hal_sd.c ****     {
 6239              		.loc 1 1669 5 is_stmt 1 view .LVU2307
1669:Drivers/STM32F4xx_HAL_Driver/Src/stm32f4xx_hal_sd.c ****     {
 6240              		.loc 1 1669 7 is_stmt 0 view .LVU2308
 6241 015c 15F0080F 		tst	r5, #8
 6242 0160 19D1     		bne	.L354
1680:Drivers/STM32F4xx_HAL_Driver/Src/stm32f4xx_hal_sd.c ****     {
 6243              		.loc 1 1680 10 is_stmt 1 view .LVU2309
1680:Drivers/STM32F4xx_HAL_Driver/Src/stm32f4xx_hal_sd.c ****     {
 6244              		.loc 1 1680 12 is_stmt 0 view .LVU2310
 6245 0162 15F0800F 		tst	r5, #128
 6246 0166 81D0     		beq	.L332
1683:Drivers/STM32F4xx_HAL_Driver/Src/stm32f4xx_hal_sd.c ****       {
 6247              		.loc 1 1683 7 is_stmt 1 view .LVU2311
1683:Drivers/STM32F4xx_HAL_Driver/Src/stm32f4xx_hal_sd.c ****       {
 6248              		.loc 1 1683 9 is_stmt 0 view .LVU2312
 6249 0168 15F0300F 		tst	r5, #48
 6250 016c 1CD1     		bne	.L355
1693:Drivers/STM32F4xx_HAL_Driver/Src/stm32f4xx_hal_sd.c ****       {
 6251              		.loc 1 1693 12 is_stmt 1 view .LVU2313
1693:Drivers/STM32F4xx_HAL_Driver/Src/stm32f4xx_hal_sd.c ****       {
 6252              		.loc 1 1693 14 is_stmt 0 view .LVU2314
 6253 016e 15F0030F 		tst	r5, #3
 6254 0172 26D0     		beq	.L348
1696:Drivers/STM32F4xx_HAL_Driver/Src/stm32f4xx_hal_sd.c ****         /* Abort DMA in IT mode */
 6255              		.loc 1 1696 9 is_stmt 1 view .LVU2315
1696:Drivers/STM32F4xx_HAL_Driver/Src/stm32f4xx_hal_sd.c ****         /* Abort DMA in IT mode */
 6256              		.loc 1 1696 12 is_stmt 0 view .LVU2316
 6257 0174 236C     		ldr	r3, [r4, #64]
1696:Drivers/STM32F4xx_HAL_Driver/Src/stm32f4xx_hal_sd.c ****         /* Abort DMA in IT mode */
 6258              		.loc 1 1696 40 view .LVU2317
 6259 0176 184A     		ldr	r2, .L356
 6260 0178 1A65     		str	r2, [r3, #80]
1698:Drivers/STM32F4xx_HAL_Driver/Src/stm32f4xx_hal_sd.c ****         {
 6261              		.loc 1 1698 9 is_stmt 1 view .LVU2318
1698:Drivers/STM32F4xx_HAL_Driver/Src/stm32f4xx_hal_sd.c ****         {
 6262              		.loc 1 1698 12 is_stmt 0 view .LVU2319
 6263 017a 206C     		ldr	r0, [r4, #64]
 6264 017c FFF7FEFF 		bl	HAL_DMA_Abort_IT
 6265              	.LVL492:
1698:Drivers/STM32F4xx_HAL_Driver/Src/stm32f4xx_hal_sd.c ****         {
 6266              		.loc 1 1698 11 discriminator 1 view .LVU2320
 6267 0180 0028     		cmp	r0, #0
 6268 0182 3FF473AF 		beq	.L332
1700:Drivers/STM32F4xx_HAL_Driver/Src/stm32f4xx_hal_sd.c ****         }
 6269              		.loc 1 1700 11 is_stmt 1 view .LVU2321
 6270 0186 206C     		ldr	r0, [r4, #64]
 6271 0188 FFF7FEFF 		bl	SD_DMARxAbort
 6272              	.LVL493:
 6273 018c 6EE7     		b	.L332
 6274              	.LVL494:
 6275              	.L353:
1618:Drivers/STM32F4xx_HAL_Driver/Src/stm32f4xx_hal_sd.c ****   }
 6276              		.loc 1 1618 5 view .LVU2322
ARM GAS  C:\Users\40918\AppData\Local\Temp\cc5Xi7iV.s 			page 207


 6277 018e 2046     		mov	r0, r4
 6278              	.LVL495:
1618:Drivers/STM32F4xx_HAL_Driver/Src/stm32f4xx_hal_sd.c ****   }
 6279              		.loc 1 1618 5 is_stmt 0 view .LVU2323
 6280 0190 FFF7FEFF 		bl	SD_Write_IT
 6281              	.LVL496:
 6282 0194 6AE7     		b	.L332
 6283              	.L354:
1672:Drivers/STM32F4xx_HAL_Driver/Src/stm32f4xx_hal_sd.c ****       hsd->Context = SD_CONTEXT_NONE;
 6284              		.loc 1 1672 7 is_stmt 1 view .LVU2324
1672:Drivers/STM32F4xx_HAL_Driver/Src/stm32f4xx_hal_sd.c ****       hsd->Context = SD_CONTEXT_NONE;
 6285              		.loc 1 1672 18 is_stmt 0 view .LVU2325
 6286 0196 0123     		movs	r3, #1
 6287 0198 84F83430 		strb	r3, [r4, #52]
1673:Drivers/STM32F4xx_HAL_Driver/Src/stm32f4xx_hal_sd.c **** #if defined (USE_HAL_SD_REGISTER_CALLBACKS) && (USE_HAL_SD_REGISTER_CALLBACKS == 1U)
 6288              		.loc 1 1673 7 is_stmt 1 view .LVU2326
1673:Drivers/STM32F4xx_HAL_Driver/Src/stm32f4xx_hal_sd.c **** #if defined (USE_HAL_SD_REGISTER_CALLBACKS) && (USE_HAL_SD_REGISTER_CALLBACKS == 1U)
 6289              		.loc 1 1673 20 is_stmt 0 view .LVU2327
 6290 019c 0023     		movs	r3, #0
 6291 019e 2363     		str	r3, [r4, #48]
1677:Drivers/STM32F4xx_HAL_Driver/Src/stm32f4xx_hal_sd.c **** #endif /* USE_HAL_SD_REGISTER_CALLBACKS */
 6292              		.loc 1 1677 7 is_stmt 1 view .LVU2328
 6293 01a0 2046     		mov	r0, r4
 6294 01a2 FFF7FEFF 		bl	HAL_SD_ErrorCallback
 6295              	.LVL497:
 6296 01a6 61E7     		b	.L332
 6297              	.L355:
1686:Drivers/STM32F4xx_HAL_Driver/Src/stm32f4xx_hal_sd.c ****         /* Abort DMA in IT mode */
 6298              		.loc 1 1686 9 view .LVU2329
1686:Drivers/STM32F4xx_HAL_Driver/Src/stm32f4xx_hal_sd.c ****         /* Abort DMA in IT mode */
 6299              		.loc 1 1686 12 is_stmt 0 view .LVU2330
 6300 01a8 E36B     		ldr	r3, [r4, #60]
1686:Drivers/STM32F4xx_HAL_Driver/Src/stm32f4xx_hal_sd.c ****         /* Abort DMA in IT mode */
 6301              		.loc 1 1686 40 view .LVU2331
 6302 01aa 0C4A     		ldr	r2, .L356+4
 6303 01ac 1A65     		str	r2, [r3, #80]
1688:Drivers/STM32F4xx_HAL_Driver/Src/stm32f4xx_hal_sd.c ****         {
 6304              		.loc 1 1688 9 is_stmt 1 view .LVU2332
1688:Drivers/STM32F4xx_HAL_Driver/Src/stm32f4xx_hal_sd.c ****         {
 6305              		.loc 1 1688 12 is_stmt 0 view .LVU2333
 6306 01ae E06B     		ldr	r0, [r4, #60]
 6307 01b0 FFF7FEFF 		bl	HAL_DMA_Abort_IT
 6308              	.LVL498:
1688:Drivers/STM32F4xx_HAL_Driver/Src/stm32f4xx_hal_sd.c ****         {
 6309              		.loc 1 1688 11 discriminator 1 view .LVU2334
 6310 01b4 0028     		cmp	r0, #0
 6311 01b6 3FF459AF 		beq	.L332
1690:Drivers/STM32F4xx_HAL_Driver/Src/stm32f4xx_hal_sd.c ****         }
 6312              		.loc 1 1690 11 is_stmt 1 view .LVU2335
 6313 01ba E06B     		ldr	r0, [r4, #60]
 6314 01bc FFF7FEFF 		bl	SD_DMATxAbort
 6315              	.LVL499:
 6316 01c0 54E7     		b	.L332
 6317              	.L348:
1705:Drivers/STM32F4xx_HAL_Driver/Src/stm32f4xx_hal_sd.c ****         hsd->State = HAL_SD_STATE_READY;
 6318              		.loc 1 1705 9 view .LVU2336
1705:Drivers/STM32F4xx_HAL_Driver/Src/stm32f4xx_hal_sd.c ****         hsd->State = HAL_SD_STATE_READY;
ARM GAS  C:\Users\40918\AppData\Local\Temp\cc5Xi7iV.s 			page 208


 6319              		.loc 1 1705 24 is_stmt 0 view .LVU2337
 6320 01c2 0023     		movs	r3, #0
 6321 01c4 A363     		str	r3, [r4, #56]
1706:Drivers/STM32F4xx_HAL_Driver/Src/stm32f4xx_hal_sd.c ****         hsd->Context = SD_CONTEXT_NONE;
 6322              		.loc 1 1706 9 is_stmt 1 view .LVU2338
1706:Drivers/STM32F4xx_HAL_Driver/Src/stm32f4xx_hal_sd.c ****         hsd->Context = SD_CONTEXT_NONE;
 6323              		.loc 1 1706 20 is_stmt 0 view .LVU2339
 6324 01c6 0122     		movs	r2, #1
 6325 01c8 84F83420 		strb	r2, [r4, #52]
1707:Drivers/STM32F4xx_HAL_Driver/Src/stm32f4xx_hal_sd.c **** #if defined (USE_HAL_SD_REGISTER_CALLBACKS) && (USE_HAL_SD_REGISTER_CALLBACKS == 1U)
 6326              		.loc 1 1707 9 is_stmt 1 view .LVU2340
1707:Drivers/STM32F4xx_HAL_Driver/Src/stm32f4xx_hal_sd.c **** #if defined (USE_HAL_SD_REGISTER_CALLBACKS) && (USE_HAL_SD_REGISTER_CALLBACKS == 1U)
 6327              		.loc 1 1707 22 is_stmt 0 view .LVU2341
 6328 01cc 2363     		str	r3, [r4, #48]
1711:Drivers/STM32F4xx_HAL_Driver/Src/stm32f4xx_hal_sd.c **** #endif /* USE_HAL_SD_REGISTER_CALLBACKS */
 6329              		.loc 1 1711 9 is_stmt 1 view .LVU2342
 6330 01ce 2046     		mov	r0, r4
 6331 01d0 FFF7FEFF 		bl	HAL_SD_AbortCallback
 6332              	.LVL500:
1723:Drivers/STM32F4xx_HAL_Driver/Src/stm32f4xx_hal_sd.c **** }
 6333              		.loc 1 1723 3 view .LVU2343
1724:Drivers/STM32F4xx_HAL_Driver/Src/stm32f4xx_hal_sd.c **** 
 6334              		.loc 1 1724 1 is_stmt 0 view .LVU2344
 6335 01d4 4AE7     		b	.L332
 6336              	.L357:
 6337 01d6 00BF     		.align	2
 6338              	.L356:
 6339 01d8 00000000 		.word	SD_DMARxAbort
 6340 01dc 00000000 		.word	SD_DMATxAbort
 6341              		.cfi_endproc
 6342              	.LFE251:
 6344              		.section	.text.HAL_SD_Abort,"ax",%progbits
 6345              		.align	1
 6346              		.global	HAL_SD_Abort
 6347              		.syntax unified
 6348              		.thumb
 6349              		.thumb_func
 6351              	HAL_SD_Abort:
 6352              	.LVL501:
 6353              	.LFB264:
2346:Drivers/STM32F4xx_HAL_Driver/Src/stm32f4xx_hal_sd.c ****   HAL_SD_CardStateTypeDef CardState;
 6354              		.loc 1 2346 1 is_stmt 1 view -0
 6355              		.cfi_startproc
 6356              		@ args = 0, pretend = 0, frame = 0
 6357              		@ frame_needed = 0, uses_anonymous_args = 0
2346:Drivers/STM32F4xx_HAL_Driver/Src/stm32f4xx_hal_sd.c ****   HAL_SD_CardStateTypeDef CardState;
 6358              		.loc 1 2346 1 is_stmt 0 view .LVU2346
 6359 0000 10B5     		push	{r4, lr}
 6360              	.LCFI77:
 6361              		.cfi_def_cfa_offset 8
 6362              		.cfi_offset 4, -8
 6363              		.cfi_offset 14, -4
 6364 0002 0446     		mov	r4, r0
2347:Drivers/STM32F4xx_HAL_Driver/Src/stm32f4xx_hal_sd.c ****   uint32_t context = hsd->Context;
 6365              		.loc 1 2347 3 is_stmt 1 view .LVU2347
2348:Drivers/STM32F4xx_HAL_Driver/Src/stm32f4xx_hal_sd.c **** 
 6366              		.loc 1 2348 3 view .LVU2348
ARM GAS  C:\Users\40918\AppData\Local\Temp\cc5Xi7iV.s 			page 209


2348:Drivers/STM32F4xx_HAL_Driver/Src/stm32f4xx_hal_sd.c **** 
 6367              		.loc 1 2348 12 is_stmt 0 view .LVU2349
 6368 0004 016B     		ldr	r1, [r0, #48]
 6369              	.LVL502:
2351:Drivers/STM32F4xx_HAL_Driver/Src/stm32f4xx_hal_sd.c ****                            SDIO_IT_TXUNDERR| SDIO_IT_RXOVERR);
 6370              		.loc 1 2351 3 is_stmt 1 view .LVU2350
 6371 0006 0268     		ldr	r2, [r0]
 6372 0008 D36B     		ldr	r3, [r2, #60]
 6373 000a 23F49D73 		bic	r3, r3, #314
 6374 000e D363     		str	r3, [r2, #60]
2355:Drivers/STM32F4xx_HAL_Driver/Src/stm32f4xx_hal_sd.c **** 
 6375              		.loc 1 2355 3 view .LVU2351
 6376 0010 0368     		ldr	r3, [r0]
 6377 0012 40F23A52 		movw	r2, #1338
 6378 0016 9A63     		str	r2, [r3, #56]
2357:Drivers/STM32F4xx_HAL_Driver/Src/stm32f4xx_hal_sd.c **** 
 6379              		.loc 1 2357 3 view .LVU2352
 6380 0018 0268     		ldr	r2, [r0]
 6381 001a D36A     		ldr	r3, [r2, #44]
 6382 001c 23F00103 		bic	r3, r3, #1
 6383 0020 D362     		str	r3, [r2, #44]
2359:Drivers/STM32F4xx_HAL_Driver/Src/stm32f4xx_hal_sd.c ****   {
 6384              		.loc 1 2359 3 view .LVU2353
2359:Drivers/STM32F4xx_HAL_Driver/Src/stm32f4xx_hal_sd.c ****   {
 6385              		.loc 1 2359 6 is_stmt 0 view .LVU2354
 6386 0022 11F0800F 		tst	r1, #128
 6387 0026 0AD0     		beq	.L359
2362:Drivers/STM32F4xx_HAL_Driver/Src/stm32f4xx_hal_sd.c **** 
 6388              		.loc 1 2362 5 is_stmt 1 view .LVU2355
2362:Drivers/STM32F4xx_HAL_Driver/Src/stm32f4xx_hal_sd.c **** 
 6389              		.loc 1 2362 8 is_stmt 0 view .LVU2356
 6390 0028 0268     		ldr	r2, [r0]
2362:Drivers/STM32F4xx_HAL_Driver/Src/stm32f4xx_hal_sd.c **** 
 6391              		.loc 1 2362 18 view .LVU2357
 6392 002a D36A     		ldr	r3, [r2, #44]
2362:Drivers/STM32F4xx_HAL_Driver/Src/stm32f4xx_hal_sd.c **** 
 6393              		.loc 1 2362 26 view .LVU2358
 6394 002c 23F00803 		bic	r3, r3, #8
 6395 0030 D362     		str	r3, [r2, #44]
2365:Drivers/STM32F4xx_HAL_Driver/Src/stm32f4xx_hal_sd.c ****     {
 6396              		.loc 1 2365 5 is_stmt 1 view .LVU2359
2365:Drivers/STM32F4xx_HAL_Driver/Src/stm32f4xx_hal_sd.c ****     {
 6397              		.loc 1 2365 8 is_stmt 0 view .LVU2360
 6398 0032 11F0300F 		tst	r1, #48
 6399 0036 11D1     		bne	.L365
2373:Drivers/STM32F4xx_HAL_Driver/Src/stm32f4xx_hal_sd.c ****     {
 6400              		.loc 1 2373 10 is_stmt 1 view .LVU2361
2373:Drivers/STM32F4xx_HAL_Driver/Src/stm32f4xx_hal_sd.c ****     {
 6401              		.loc 1 2373 13 is_stmt 0 view .LVU2362
 6402 0038 11F0030F 		tst	r1, #3
 6403 003c 18D1     		bne	.L366
 6404              	.LVL503:
 6405              	.L359:
2383:Drivers/STM32F4xx_HAL_Driver/Src/stm32f4xx_hal_sd.c ****   }
 6406              		.loc 1 2383 5 is_stmt 1 view .LVU2363
2386:Drivers/STM32F4xx_HAL_Driver/Src/stm32f4xx_hal_sd.c **** 
 6407              		.loc 1 2386 3 view .LVU2364
ARM GAS  C:\Users\40918\AppData\Local\Temp\cc5Xi7iV.s 			page 210


2386:Drivers/STM32F4xx_HAL_Driver/Src/stm32f4xx_hal_sd.c **** 
 6408              		.loc 1 2386 14 is_stmt 0 view .LVU2365
 6409 003e 0123     		movs	r3, #1
 6410 0040 84F83430 		strb	r3, [r4, #52]
2389:Drivers/STM32F4xx_HAL_Driver/Src/stm32f4xx_hal_sd.c **** 
 6411              		.loc 1 2389 3 is_stmt 1 view .LVU2366
2389:Drivers/STM32F4xx_HAL_Driver/Src/stm32f4xx_hal_sd.c **** 
 6412              		.loc 1 2389 16 is_stmt 0 view .LVU2367
 6413 0044 0023     		movs	r3, #0
 6414 0046 2363     		str	r3, [r4, #48]
2391:Drivers/STM32F4xx_HAL_Driver/Src/stm32f4xx_hal_sd.c ****   if((CardState == HAL_SD_CARD_RECEIVING) || (CardState == HAL_SD_CARD_SENDING))
 6415              		.loc 1 2391 3 is_stmt 1 view .LVU2368
2391:Drivers/STM32F4xx_HAL_Driver/Src/stm32f4xx_hal_sd.c ****   if((CardState == HAL_SD_CARD_RECEIVING) || (CardState == HAL_SD_CARD_SENDING))
 6416              		.loc 1 2391 15 is_stmt 0 view .LVU2369
 6417 0048 2046     		mov	r0, r4
 6418 004a FFF7FEFF 		bl	HAL_SD_GetCardState
 6419              	.LVL504:
2392:Drivers/STM32F4xx_HAL_Driver/Src/stm32f4xx_hal_sd.c ****   {
 6420              		.loc 1 2392 3 is_stmt 1 view .LVU2370
2392:Drivers/STM32F4xx_HAL_Driver/Src/stm32f4xx_hal_sd.c ****   {
 6421              		.loc 1 2392 43 is_stmt 0 view .LVU2371
 6422 004e 0538     		subs	r0, r0, #5
 6423              	.LVL505:
2392:Drivers/STM32F4xx_HAL_Driver/Src/stm32f4xx_hal_sd.c ****   {
 6424              		.loc 1 2392 5 view .LVU2372
 6425 0050 0128     		cmp	r0, #1
 6426 0052 17D9     		bls	.L367
 6427              	.LVL506:
 6428              	.L361:
2396:Drivers/STM32F4xx_HAL_Driver/Src/stm32f4xx_hal_sd.c ****   {
 6429              		.loc 1 2396 3 is_stmt 1 view .LVU2373
2396:Drivers/STM32F4xx_HAL_Driver/Src/stm32f4xx_hal_sd.c ****   {
 6430              		.loc 1 2396 9 is_stmt 0 view .LVU2374
 6431 0054 A36B     		ldr	r3, [r4, #56]
2396:Drivers/STM32F4xx_HAL_Driver/Src/stm32f4xx_hal_sd.c ****   {
 6432              		.loc 1 2396 5 view .LVU2375
 6433 0056 D3B9     		cbnz	r3, .L363
2400:Drivers/STM32F4xx_HAL_Driver/Src/stm32f4xx_hal_sd.c **** }
 6434              		.loc 1 2400 10 view .LVU2376
 6435 0058 0020     		movs	r0, #0
 6436              	.L362:
2401:Drivers/STM32F4xx_HAL_Driver/Src/stm32f4xx_hal_sd.c **** 
 6437              		.loc 1 2401 1 view .LVU2377
 6438 005a 10BD     		pop	{r4, pc}
 6439              	.LVL507:
 6440              	.L365:
2367:Drivers/STM32F4xx_HAL_Driver/Src/stm32f4xx_hal_sd.c ****       {
 6441              		.loc 1 2367 7 is_stmt 1 view .LVU2378
2367:Drivers/STM32F4xx_HAL_Driver/Src/stm32f4xx_hal_sd.c ****       {
 6442              		.loc 1 2367 10 is_stmt 0 view .LVU2379
 6443 005c C06B     		ldr	r0, [r0, #60]
 6444              	.LVL508:
2367:Drivers/STM32F4xx_HAL_Driver/Src/stm32f4xx_hal_sd.c ****       {
 6445              		.loc 1 2367 10 view .LVU2380
 6446 005e FFF7FEFF 		bl	HAL_DMA_Abort
 6447              	.LVL509:
2367:Drivers/STM32F4xx_HAL_Driver/Src/stm32f4xx_hal_sd.c ****       {
ARM GAS  C:\Users\40918\AppData\Local\Temp\cc5Xi7iV.s 			page 211


 6448              		.loc 1 2367 9 discriminator 1 view .LVU2381
 6449 0062 0028     		cmp	r0, #0
 6450 0064 EBD0     		beq	.L359
2369:Drivers/STM32F4xx_HAL_Driver/Src/stm32f4xx_hal_sd.c ****       }
 6451              		.loc 1 2369 9 is_stmt 1 view .LVU2382
2369:Drivers/STM32F4xx_HAL_Driver/Src/stm32f4xx_hal_sd.c ****       }
 6452              		.loc 1 2369 12 is_stmt 0 view .LVU2383
 6453 0066 A36B     		ldr	r3, [r4, #56]
2369:Drivers/STM32F4xx_HAL_Driver/Src/stm32f4xx_hal_sd.c ****       }
 6454              		.loc 1 2369 24 view .LVU2384
 6455 0068 43F08043 		orr	r3, r3, #1073741824
 6456 006c A363     		str	r3, [r4, #56]
 6457 006e E6E7     		b	.L359
 6458              	.LVL510:
 6459              	.L366:
2375:Drivers/STM32F4xx_HAL_Driver/Src/stm32f4xx_hal_sd.c ****       {
 6460              		.loc 1 2375 7 is_stmt 1 view .LVU2385
2375:Drivers/STM32F4xx_HAL_Driver/Src/stm32f4xx_hal_sd.c ****       {
 6461              		.loc 1 2375 10 is_stmt 0 view .LVU2386
 6462 0070 006C     		ldr	r0, [r0, #64]
 6463              	.LVL511:
2375:Drivers/STM32F4xx_HAL_Driver/Src/stm32f4xx_hal_sd.c ****       {
 6464              		.loc 1 2375 10 view .LVU2387
 6465 0072 FFF7FEFF 		bl	HAL_DMA_Abort
 6466              	.LVL512:
2375:Drivers/STM32F4xx_HAL_Driver/Src/stm32f4xx_hal_sd.c ****       {
 6467              		.loc 1 2375 9 discriminator 1 view .LVU2388
 6468 0076 0028     		cmp	r0, #0
 6469 0078 E1D0     		beq	.L359
2377:Drivers/STM32F4xx_HAL_Driver/Src/stm32f4xx_hal_sd.c ****       }
 6470              		.loc 1 2377 9 is_stmt 1 view .LVU2389
2377:Drivers/STM32F4xx_HAL_Driver/Src/stm32f4xx_hal_sd.c ****       }
 6471              		.loc 1 2377 12 is_stmt 0 view .LVU2390
 6472 007a A36B     		ldr	r3, [r4, #56]
2377:Drivers/STM32F4xx_HAL_Driver/Src/stm32f4xx_hal_sd.c ****       }
 6473              		.loc 1 2377 24 view .LVU2391
 6474 007c 43F08043 		orr	r3, r3, #1073741824
 6475 0080 A363     		str	r3, [r4, #56]
 6476 0082 DCE7     		b	.L359
 6477              	.LVL513:
 6478              	.L367:
2394:Drivers/STM32F4xx_HAL_Driver/Src/stm32f4xx_hal_sd.c ****   }
 6479              		.loc 1 2394 5 is_stmt 1 view .LVU2392
2394:Drivers/STM32F4xx_HAL_Driver/Src/stm32f4xx_hal_sd.c ****   }
 6480              		.loc 1 2394 22 is_stmt 0 view .LVU2393
 6481 0084 2068     		ldr	r0, [r4]
 6482              	.LVL514:
2394:Drivers/STM32F4xx_HAL_Driver/Src/stm32f4xx_hal_sd.c ****   }
 6483              		.loc 1 2394 22 view .LVU2394
 6484 0086 FFF7FEFF 		bl	SDMMC_CmdStopTransfer
 6485              	.LVL515:
2394:Drivers/STM32F4xx_HAL_Driver/Src/stm32f4xx_hal_sd.c ****   }
 6486              		.loc 1 2394 20 discriminator 1 view .LVU2395
 6487 008a A063     		str	r0, [r4, #56]
 6488 008c E2E7     		b	.L361
 6489              	.L363:
2398:Drivers/STM32F4xx_HAL_Driver/Src/stm32f4xx_hal_sd.c ****   }
ARM GAS  C:\Users\40918\AppData\Local\Temp\cc5Xi7iV.s 			page 212


 6490              		.loc 1 2398 12 view .LVU2396
 6491 008e 0120     		movs	r0, #1
 6492 0090 E3E7     		b	.L362
 6493              		.cfi_endproc
 6494              	.LFE264:
 6496              		.section	.text.HAL_SD_Abort_IT,"ax",%progbits
 6497              		.align	1
 6498              		.global	HAL_SD_Abort_IT
 6499              		.syntax unified
 6500              		.thumb
 6501              		.thumb_func
 6503              	HAL_SD_Abort_IT:
 6504              	.LVL516:
 6505              	.LFB265:
2410:Drivers/STM32F4xx_HAL_Driver/Src/stm32f4xx_hal_sd.c ****   HAL_SD_CardStateTypeDef CardState;
 6506              		.loc 1 2410 1 is_stmt 1 view -0
 6507              		.cfi_startproc
 6508              		@ args = 0, pretend = 0, frame = 0
 6509              		@ frame_needed = 0, uses_anonymous_args = 0
2410:Drivers/STM32F4xx_HAL_Driver/Src/stm32f4xx_hal_sd.c ****   HAL_SD_CardStateTypeDef CardState;
 6510              		.loc 1 2410 1 is_stmt 0 view .LVU2398
 6511 0000 10B5     		push	{r4, lr}
 6512              	.LCFI78:
 6513              		.cfi_def_cfa_offset 8
 6514              		.cfi_offset 4, -8
 6515              		.cfi_offset 14, -4
 6516 0002 0446     		mov	r4, r0
2411:Drivers/STM32F4xx_HAL_Driver/Src/stm32f4xx_hal_sd.c ****   uint32_t context = hsd->Context;
 6517              		.loc 1 2411 3 is_stmt 1 view .LVU2399
2412:Drivers/STM32F4xx_HAL_Driver/Src/stm32f4xx_hal_sd.c **** 
 6518              		.loc 1 2412 3 view .LVU2400
2412:Drivers/STM32F4xx_HAL_Driver/Src/stm32f4xx_hal_sd.c **** 
 6519              		.loc 1 2412 12 is_stmt 0 view .LVU2401
 6520 0004 026B     		ldr	r2, [r0, #48]
 6521              	.LVL517:
2415:Drivers/STM32F4xx_HAL_Driver/Src/stm32f4xx_hal_sd.c ****                            SDIO_IT_TXUNDERR| SDIO_IT_RXOVERR);
 6522              		.loc 1 2415 3 is_stmt 1 view .LVU2402
 6523 0006 0168     		ldr	r1, [r0]
 6524 0008 CB6B     		ldr	r3, [r1, #60]
 6525 000a 23F49D73 		bic	r3, r3, #314
 6526 000e CB63     		str	r3, [r1, #60]
2418:Drivers/STM32F4xx_HAL_Driver/Src/stm32f4xx_hal_sd.c **** 
 6527              		.loc 1 2418 3 view .LVU2403
 6528 0010 0168     		ldr	r1, [r0]
 6529 0012 CB6A     		ldr	r3, [r1, #44]
 6530 0014 23F00103 		bic	r3, r3, #1
 6531 0018 CB62     		str	r3, [r1, #44]
2420:Drivers/STM32F4xx_HAL_Driver/Src/stm32f4xx_hal_sd.c ****   {
 6532              		.loc 1 2420 3 view .LVU2404
2420:Drivers/STM32F4xx_HAL_Driver/Src/stm32f4xx_hal_sd.c ****   {
 6533              		.loc 1 2420 6 is_stmt 0 view .LVU2405
 6534 001a 12F0800F 		tst	r2, #128
 6535 001e 22D0     		beq	.L369
2423:Drivers/STM32F4xx_HAL_Driver/Src/stm32f4xx_hal_sd.c **** 
 6536              		.loc 1 2423 5 is_stmt 1 view .LVU2406
2423:Drivers/STM32F4xx_HAL_Driver/Src/stm32f4xx_hal_sd.c **** 
 6537              		.loc 1 2423 8 is_stmt 0 view .LVU2407
ARM GAS  C:\Users\40918\AppData\Local\Temp\cc5Xi7iV.s 			page 213


 6538 0020 0168     		ldr	r1, [r0]
2423:Drivers/STM32F4xx_HAL_Driver/Src/stm32f4xx_hal_sd.c **** 
 6539              		.loc 1 2423 18 view .LVU2408
 6540 0022 CB6A     		ldr	r3, [r1, #44]
2423:Drivers/STM32F4xx_HAL_Driver/Src/stm32f4xx_hal_sd.c **** 
 6541              		.loc 1 2423 26 view .LVU2409
 6542 0024 23F00803 		bic	r3, r3, #8
 6543 0028 CB62     		str	r3, [r1, #44]
2426:Drivers/STM32F4xx_HAL_Driver/Src/stm32f4xx_hal_sd.c ****     {
 6544              		.loc 1 2426 5 is_stmt 1 view .LVU2410
2426:Drivers/STM32F4xx_HAL_Driver/Src/stm32f4xx_hal_sd.c ****     {
 6545              		.loc 1 2426 8 is_stmt 0 view .LVU2411
 6546 002a 12F0300F 		tst	r2, #48
 6547 002e 04D1     		bne	.L376
2435:Drivers/STM32F4xx_HAL_Driver/Src/stm32f4xx_hal_sd.c ****     {
 6548              		.loc 1 2435 10 is_stmt 1 view .LVU2412
2435:Drivers/STM32F4xx_HAL_Driver/Src/stm32f4xx_hal_sd.c ****     {
 6549              		.loc 1 2435 13 is_stmt 0 view .LVU2413
 6550 0030 12F0030F 		tst	r2, #3
 6551 0034 0CD1     		bne	.L377
2475:Drivers/STM32F4xx_HAL_Driver/Src/stm32f4xx_hal_sd.c **** }
 6552              		.loc 1 2475 10 view .LVU2414
 6553 0036 0020     		movs	r0, #0
 6554              	.LVL518:
 6555              	.L371:
2476:Drivers/STM32F4xx_HAL_Driver/Src/stm32f4xx_hal_sd.c **** 
 6556              		.loc 1 2476 1 view .LVU2415
 6557 0038 10BD     		pop	{r4, pc}
 6558              	.LVL519:
 6559              	.L376:
2428:Drivers/STM32F4xx_HAL_Driver/Src/stm32f4xx_hal_sd.c ****       if(HAL_DMA_Abort_IT(hsd->hdmatx) != HAL_OK)
 6560              		.loc 1 2428 7 is_stmt 1 view .LVU2416
2428:Drivers/STM32F4xx_HAL_Driver/Src/stm32f4xx_hal_sd.c ****       if(HAL_DMA_Abort_IT(hsd->hdmatx) != HAL_OK)
 6561              		.loc 1 2428 10 is_stmt 0 view .LVU2417
 6562 003a C36B     		ldr	r3, [r0, #60]
2428:Drivers/STM32F4xx_HAL_Driver/Src/stm32f4xx_hal_sd.c ****       if(HAL_DMA_Abort_IT(hsd->hdmatx) != HAL_OK)
 6563              		.loc 1 2428 38 view .LVU2418
 6564 003c 184A     		ldr	r2, .L380
 6565              	.LVL520:
2428:Drivers/STM32F4xx_HAL_Driver/Src/stm32f4xx_hal_sd.c ****       if(HAL_DMA_Abort_IT(hsd->hdmatx) != HAL_OK)
 6566              		.loc 1 2428 38 view .LVU2419
 6567 003e 1A65     		str	r2, [r3, #80]
2429:Drivers/STM32F4xx_HAL_Driver/Src/stm32f4xx_hal_sd.c ****       {
 6568              		.loc 1 2429 7 is_stmt 1 view .LVU2420
2429:Drivers/STM32F4xx_HAL_Driver/Src/stm32f4xx_hal_sd.c ****       {
 6569              		.loc 1 2429 10 is_stmt 0 view .LVU2421
 6570 0040 C06B     		ldr	r0, [r0, #60]
 6571              	.LVL521:
2429:Drivers/STM32F4xx_HAL_Driver/Src/stm32f4xx_hal_sd.c ****       {
 6572              		.loc 1 2429 10 view .LVU2422
 6573 0042 FFF7FEFF 		bl	HAL_DMA_Abort_IT
 6574              	.LVL522:
2429:Drivers/STM32F4xx_HAL_Driver/Src/stm32f4xx_hal_sd.c ****       {
 6575              		.loc 1 2429 9 discriminator 1 view .LVU2423
 6576 0046 0028     		cmp	r0, #0
 6577 0048 F6D0     		beq	.L371
2431:Drivers/STM32F4xx_HAL_Driver/Src/stm32f4xx_hal_sd.c ****       }
ARM GAS  C:\Users\40918\AppData\Local\Temp\cc5Xi7iV.s 			page 214


 6578              		.loc 1 2431 9 is_stmt 1 view .LVU2424
2431:Drivers/STM32F4xx_HAL_Driver/Src/stm32f4xx_hal_sd.c ****       }
 6579              		.loc 1 2431 21 is_stmt 0 view .LVU2425
 6580 004a 0020     		movs	r0, #0
 6581 004c E063     		str	r0, [r4, #60]
 6582 004e F3E7     		b	.L371
 6583              	.LVL523:
 6584              	.L377:
2437:Drivers/STM32F4xx_HAL_Driver/Src/stm32f4xx_hal_sd.c ****       if(HAL_DMA_Abort_IT(hsd->hdmarx) != HAL_OK)
 6585              		.loc 1 2437 7 is_stmt 1 view .LVU2426
2437:Drivers/STM32F4xx_HAL_Driver/Src/stm32f4xx_hal_sd.c ****       if(HAL_DMA_Abort_IT(hsd->hdmarx) != HAL_OK)
 6586              		.loc 1 2437 10 is_stmt 0 view .LVU2427
 6587 0050 036C     		ldr	r3, [r0, #64]
2437:Drivers/STM32F4xx_HAL_Driver/Src/stm32f4xx_hal_sd.c ****       if(HAL_DMA_Abort_IT(hsd->hdmarx) != HAL_OK)
 6588              		.loc 1 2437 38 view .LVU2428
 6589 0052 144A     		ldr	r2, .L380+4
 6590              	.LVL524:
2437:Drivers/STM32F4xx_HAL_Driver/Src/stm32f4xx_hal_sd.c ****       if(HAL_DMA_Abort_IT(hsd->hdmarx) != HAL_OK)
 6591              		.loc 1 2437 38 view .LVU2429
 6592 0054 1A65     		str	r2, [r3, #80]
2438:Drivers/STM32F4xx_HAL_Driver/Src/stm32f4xx_hal_sd.c ****       {
 6593              		.loc 1 2438 7 is_stmt 1 view .LVU2430
2438:Drivers/STM32F4xx_HAL_Driver/Src/stm32f4xx_hal_sd.c ****       {
 6594              		.loc 1 2438 10 is_stmt 0 view .LVU2431
 6595 0056 006C     		ldr	r0, [r0, #64]
 6596              	.LVL525:
2438:Drivers/STM32F4xx_HAL_Driver/Src/stm32f4xx_hal_sd.c ****       {
 6597              		.loc 1 2438 10 view .LVU2432
 6598 0058 FFF7FEFF 		bl	HAL_DMA_Abort_IT
 6599              	.LVL526:
2438:Drivers/STM32F4xx_HAL_Driver/Src/stm32f4xx_hal_sd.c ****       {
 6600              		.loc 1 2438 9 discriminator 1 view .LVU2433
 6601 005c 0028     		cmp	r0, #0
 6602 005e EBD0     		beq	.L371
2440:Drivers/STM32F4xx_HAL_Driver/Src/stm32f4xx_hal_sd.c ****       }
 6603              		.loc 1 2440 9 is_stmt 1 view .LVU2434
2440:Drivers/STM32F4xx_HAL_Driver/Src/stm32f4xx_hal_sd.c ****       }
 6604              		.loc 1 2440 21 is_stmt 0 view .LVU2435
 6605 0060 0020     		movs	r0, #0
 6606 0062 2064     		str	r0, [r4, #64]
 6607 0064 E8E7     		b	.L371
 6608              	.LVL527:
 6609              	.L369:
2452:Drivers/STM32F4xx_HAL_Driver/Src/stm32f4xx_hal_sd.c **** 
 6610              		.loc 1 2452 5 is_stmt 1 view .LVU2436
 6611 0066 0368     		ldr	r3, [r0]
 6612 0068 40F23A52 		movw	r2, #1338
 6613              	.LVL528:
2452:Drivers/STM32F4xx_HAL_Driver/Src/stm32f4xx_hal_sd.c **** 
 6614              		.loc 1 2452 5 is_stmt 0 view .LVU2437
 6615 006c 9A63     		str	r2, [r3, #56]
2454:Drivers/STM32F4xx_HAL_Driver/Src/stm32f4xx_hal_sd.c ****     hsd->State = HAL_SD_STATE_READY;
 6616              		.loc 1 2454 5 is_stmt 1 view .LVU2438
2454:Drivers/STM32F4xx_HAL_Driver/Src/stm32f4xx_hal_sd.c ****     hsd->State = HAL_SD_STATE_READY;
 6617              		.loc 1 2454 17 is_stmt 0 view .LVU2439
 6618 006e FFF7FEFF 		bl	HAL_SD_GetCardState
 6619              	.LVL529:
ARM GAS  C:\Users\40918\AppData\Local\Temp\cc5Xi7iV.s 			page 215


2455:Drivers/STM32F4xx_HAL_Driver/Src/stm32f4xx_hal_sd.c ****     hsd->Context = SD_CONTEXT_NONE;
 6620              		.loc 1 2455 5 is_stmt 1 view .LVU2440
2455:Drivers/STM32F4xx_HAL_Driver/Src/stm32f4xx_hal_sd.c ****     hsd->Context = SD_CONTEXT_NONE;
 6621              		.loc 1 2455 16 is_stmt 0 view .LVU2441
 6622 0072 0123     		movs	r3, #1
 6623 0074 84F83430 		strb	r3, [r4, #52]
2456:Drivers/STM32F4xx_HAL_Driver/Src/stm32f4xx_hal_sd.c ****     if((CardState == HAL_SD_CARD_RECEIVING) || (CardState == HAL_SD_CARD_SENDING))
 6624              		.loc 1 2456 5 is_stmt 1 view .LVU2442
2456:Drivers/STM32F4xx_HAL_Driver/Src/stm32f4xx_hal_sd.c ****     if((CardState == HAL_SD_CARD_RECEIVING) || (CardState == HAL_SD_CARD_SENDING))
 6625              		.loc 1 2456 18 is_stmt 0 view .LVU2443
 6626 0078 0023     		movs	r3, #0
 6627 007a 2363     		str	r3, [r4, #48]
2457:Drivers/STM32F4xx_HAL_Driver/Src/stm32f4xx_hal_sd.c ****     {
 6628              		.loc 1 2457 5 is_stmt 1 view .LVU2444
2457:Drivers/STM32F4xx_HAL_Driver/Src/stm32f4xx_hal_sd.c ****     {
 6629              		.loc 1 2457 45 is_stmt 0 view .LVU2445
 6630 007c 0538     		subs	r0, r0, #5
 6631              	.LVL530:
2457:Drivers/STM32F4xx_HAL_Driver/Src/stm32f4xx_hal_sd.c ****     {
 6632              		.loc 1 2457 7 view .LVU2446
 6633 007e 0128     		cmp	r0, #1
 6634 0080 03D9     		bls	.L378
 6635              	.LVL531:
 6636              	.L372:
2461:Drivers/STM32F4xx_HAL_Driver/Src/stm32f4xx_hal_sd.c ****     {
 6637              		.loc 1 2461 5 is_stmt 1 view .LVU2447
2461:Drivers/STM32F4xx_HAL_Driver/Src/stm32f4xx_hal_sd.c ****     {
 6638              		.loc 1 2461 11 is_stmt 0 view .LVU2448
 6639 0082 A36B     		ldr	r3, [r4, #56]
2461:Drivers/STM32F4xx_HAL_Driver/Src/stm32f4xx_hal_sd.c ****     {
 6640              		.loc 1 2461 7 view .LVU2449
 6641 0084 33B1     		cbz	r3, .L379
2463:Drivers/STM32F4xx_HAL_Driver/Src/stm32f4xx_hal_sd.c ****     }
 6642              		.loc 1 2463 14 view .LVU2450
 6643 0086 0120     		movs	r0, #1
 6644 0088 D6E7     		b	.L371
 6645              	.LVL532:
 6646              	.L378:
2459:Drivers/STM32F4xx_HAL_Driver/Src/stm32f4xx_hal_sd.c ****     }
 6647              		.loc 1 2459 7 is_stmt 1 view .LVU2451
2459:Drivers/STM32F4xx_HAL_Driver/Src/stm32f4xx_hal_sd.c ****     }
 6648              		.loc 1 2459 24 is_stmt 0 view .LVU2452
 6649 008a 2068     		ldr	r0, [r4]
 6650              	.LVL533:
2459:Drivers/STM32F4xx_HAL_Driver/Src/stm32f4xx_hal_sd.c ****     }
 6651              		.loc 1 2459 24 view .LVU2453
 6652 008c FFF7FEFF 		bl	SDMMC_CmdStopTransfer
 6653              	.LVL534:
2459:Drivers/STM32F4xx_HAL_Driver/Src/stm32f4xx_hal_sd.c ****     }
 6654              		.loc 1 2459 22 discriminator 1 view .LVU2454
 6655 0090 A063     		str	r0, [r4, #56]
 6656 0092 F6E7     		b	.L372
 6657              	.L379:
2470:Drivers/STM32F4xx_HAL_Driver/Src/stm32f4xx_hal_sd.c **** #endif /* USE_HAL_SD_REGISTER_CALLBACKS */
 6658              		.loc 1 2470 7 is_stmt 1 view .LVU2455
 6659 0094 2046     		mov	r0, r4
 6660 0096 FFF7FEFF 		bl	HAL_SD_AbortCallback
ARM GAS  C:\Users\40918\AppData\Local\Temp\cc5Xi7iV.s 			page 216


 6661              	.LVL535:
2475:Drivers/STM32F4xx_HAL_Driver/Src/stm32f4xx_hal_sd.c **** }
 6662              		.loc 1 2475 10 is_stmt 0 view .LVU2456
 6663 009a 0020     		movs	r0, #0
 6664 009c CCE7     		b	.L371
 6665              	.L381:
 6666 009e 00BF     		.align	2
 6667              	.L380:
 6668 00a0 00000000 		.word	SD_DMATxAbort
 6669 00a4 00000000 		.word	SD_DMARxAbort
 6670              		.cfi_endproc
 6671              	.LFE265:
 6673              		.text
 6674              	.Letext0:
 6675              		.file 2 "D:/Tools/Arm GNU Toolchain arm-none-eabi/13.3 rel1/arm-none-eabi/include/machine/_default
 6676              		.file 3 "D:/Tools/Arm GNU Toolchain arm-none-eabi/13.3 rel1/arm-none-eabi/include/sys/_stdint.h"
 6677              		.file 4 "Drivers/CMSIS/Device/ST/STM32F4xx/Include/stm32f407xx.h"
 6678              		.file 5 "Drivers/CMSIS/Device/ST/STM32F4xx/Include/stm32f4xx.h"
 6679              		.file 6 "Drivers/STM32F4xx_HAL_Driver/Inc/stm32f4xx_hal_def.h"
 6680              		.file 7 "Drivers/STM32F4xx_HAL_Driver/Inc/stm32f4xx_hal_dma.h"
 6681              		.file 8 "Drivers/STM32F4xx_HAL_Driver/Inc/stm32f4xx_ll_sdmmc.h"
 6682              		.file 9 "Drivers/STM32F4xx_HAL_Driver/Inc/stm32f4xx_hal_sd.h"
 6683              		.file 10 "Drivers/STM32F4xx_HAL_Driver/Inc/stm32f4xx_hal.h"
ARM GAS  C:\Users\40918\AppData\Local\Temp\cc5Xi7iV.s 			page 217


DEFINED SYMBOLS
                            *ABS*:00000000 stm32f4xx_hal_sd.c
C:\Users\40918\AppData\Local\Temp\cc5Xi7iV.s:21     .text.SD_DMATransmitCplt:00000000 $t
C:\Users\40918\AppData\Local\Temp\cc5Xi7iV.s:26     .text.SD_DMATransmitCplt:00000000 SD_DMATransmitCplt
C:\Users\40918\AppData\Local\Temp\cc5Xi7iV.s:52     .text.SD_PowerON:00000000 $t
C:\Users\40918\AppData\Local\Temp\cc5Xi7iV.s:57     .text.SD_PowerON:00000000 SD_PowerON
C:\Users\40918\AppData\Local\Temp\cc5Xi7iV.s:276    .text.SD_PowerON:000000bc $d
C:\Users\40918\AppData\Local\Temp\cc5Xi7iV.s:281    .text.SD_PowerOFF:00000000 $t
C:\Users\40918\AppData\Local\Temp\cc5Xi7iV.s:286    .text.SD_PowerOFF:00000000 SD_PowerOFF
C:\Users\40918\AppData\Local\Temp\cc5Xi7iV.s:312    .text.SD_Read_IT:00000000 $t
C:\Users\40918\AppData\Local\Temp\cc5Xi7iV.s:317    .text.SD_Read_IT:00000000 SD_Read_IT
C:\Users\40918\AppData\Local\Temp\cc5Xi7iV.s:420    .text.SD_Write_IT:00000000 $t
C:\Users\40918\AppData\Local\Temp\cc5Xi7iV.s:425    .text.SD_Write_IT:00000000 SD_Write_IT
C:\Users\40918\AppData\Local\Temp\cc5Xi7iV.s:542    .text.SD_SendSDStatus:00000000 $t
C:\Users\40918\AppData\Local\Temp\cc5Xi7iV.s:547    .text.SD_SendSDStatus:00000000 SD_SendSDStatus
C:\Users\40918\AppData\Local\Temp\cc5Xi7iV.s:823    .text.SD_FindSCR:00000000 $t
C:\Users\40918\AppData\Local\Temp\cc5Xi7iV.s:828    .text.SD_FindSCR:00000000 SD_FindSCR
C:\Users\40918\AppData\Local\Temp\cc5Xi7iV.s:1097   .text.SD_WideBus_Enable:00000000 $t
C:\Users\40918\AppData\Local\Temp\cc5Xi7iV.s:1102   .text.SD_WideBus_Enable:00000000 SD_WideBus_Enable
C:\Users\40918\AppData\Local\Temp\cc5Xi7iV.s:1197   .text.SD_WideBus_Disable:00000000 $t
C:\Users\40918\AppData\Local\Temp\cc5Xi7iV.s:1202   .text.SD_WideBus_Disable:00000000 SD_WideBus_Disable
C:\Users\40918\AppData\Local\Temp\cc5Xi7iV.s:1297   .text.SD_SendStatus:00000000 $t
C:\Users\40918\AppData\Local\Temp\cc5Xi7iV.s:1302   .text.SD_SendStatus:00000000 SD_SendStatus
C:\Users\40918\AppData\Local\Temp\cc5Xi7iV.s:1367   .text.HAL_SD_MspInit:00000000 $t
C:\Users\40918\AppData\Local\Temp\cc5Xi7iV.s:1373   .text.HAL_SD_MspInit:00000000 HAL_SD_MspInit
C:\Users\40918\AppData\Local\Temp\cc5Xi7iV.s:1388   .text.HAL_SD_MspDeInit:00000000 $t
C:\Users\40918\AppData\Local\Temp\cc5Xi7iV.s:1394   .text.HAL_SD_MspDeInit:00000000 HAL_SD_MspDeInit
C:\Users\40918\AppData\Local\Temp\cc5Xi7iV.s:1409   .text.HAL_SD_DeInit:00000000 $t
C:\Users\40918\AppData\Local\Temp\cc5Xi7iV.s:1415   .text.HAL_SD_DeInit:00000000 HAL_SD_DeInit
C:\Users\40918\AppData\Local\Temp\cc5Xi7iV.s:1469   .text.HAL_SD_ReadBlocks:00000000 $t
C:\Users\40918\AppData\Local\Temp\cc5Xi7iV.s:1475   .text.HAL_SD_ReadBlocks:00000000 HAL_SD_ReadBlocks
C:\Users\40918\AppData\Local\Temp\cc5Xi7iV.s:2039   .text.HAL_SD_ReadBlocks:0000024c $d
C:\Users\40918\AppData\Local\Temp\cc5Xi7iV.s:2044   .text.HAL_SD_WriteBlocks:00000000 $t
C:\Users\40918\AppData\Local\Temp\cc5Xi7iV.s:2050   .text.HAL_SD_WriteBlocks:00000000 HAL_SD_WriteBlocks
C:\Users\40918\AppData\Local\Temp\cc5Xi7iV.s:2543   .text.HAL_SD_WriteBlocks:00000208 $d
C:\Users\40918\AppData\Local\Temp\cc5Xi7iV.s:2548   .text.HAL_SD_ReadBlocks_IT:00000000 $t
C:\Users\40918\AppData\Local\Temp\cc5Xi7iV.s:2554   .text.HAL_SD_ReadBlocks_IT:00000000 HAL_SD_ReadBlocks_IT
C:\Users\40918\AppData\Local\Temp\cc5Xi7iV.s:2777   .text.HAL_SD_ReadBlocks_IT:000000c8 $d
C:\Users\40918\AppData\Local\Temp\cc5Xi7iV.s:2782   .text.HAL_SD_WriteBlocks_IT:00000000 $t
C:\Users\40918\AppData\Local\Temp\cc5Xi7iV.s:2788   .text.HAL_SD_WriteBlocks_IT:00000000 HAL_SD_WriteBlocks_IT
C:\Users\40918\AppData\Local\Temp\cc5Xi7iV.s:3010   .text.HAL_SD_WriteBlocks_IT:000000c0 $d
C:\Users\40918\AppData\Local\Temp\cc5Xi7iV.s:3015   .text.HAL_SD_ReadBlocks_DMA:00000000 $t
C:\Users\40918\AppData\Local\Temp\cc5Xi7iV.s:3021   .text.HAL_SD_ReadBlocks_DMA:00000000 HAL_SD_ReadBlocks_DMA
C:\Users\40918\AppData\Local\Temp\cc5Xi7iV.s:3307   .text.HAL_SD_ReadBlocks_DMA:00000128 $d
C:\Users\40918\AppData\Local\Temp\cc5Xi7iV.s:4000   .text.SD_DMAReceiveCplt:00000000 SD_DMAReceiveCplt
C:\Users\40918\AppData\Local\Temp\cc5Xi7iV.s:5641   .text.SD_DMAError:00000000 SD_DMAError
C:\Users\40918\AppData\Local\Temp\cc5Xi7iV.s:3315   .text.HAL_SD_WriteBlocks_DMA:00000000 $t
C:\Users\40918\AppData\Local\Temp\cc5Xi7iV.s:3321   .text.HAL_SD_WriteBlocks_DMA:00000000 HAL_SD_WriteBlocks_DMA
C:\Users\40918\AppData\Local\Temp\cc5Xi7iV.s:3613   .text.HAL_SD_WriteBlocks_DMA:0000012c $d
C:\Users\40918\AppData\Local\Temp\cc5Xi7iV.s:3621   .text.HAL_SD_Erase:00000000 $t
C:\Users\40918\AppData\Local\Temp\cc5Xi7iV.s:3627   .text.HAL_SD_Erase:00000000 HAL_SD_Erase
C:\Users\40918\AppData\Local\Temp\cc5Xi7iV.s:3879   .text.HAL_SD_Erase:000000f4 $d
C:\Users\40918\AppData\Local\Temp\cc5Xi7iV.s:3884   .text.HAL_SD_GetState:00000000 $t
C:\Users\40918\AppData\Local\Temp\cc5Xi7iV.s:3890   .text.HAL_SD_GetState:00000000 HAL_SD_GetState
C:\Users\40918\AppData\Local\Temp\cc5Xi7iV.s:3908   .text.HAL_SD_GetError:00000000 $t
C:\Users\40918\AppData\Local\Temp\cc5Xi7iV.s:3914   .text.HAL_SD_GetError:00000000 HAL_SD_GetError
C:\Users\40918\AppData\Local\Temp\cc5Xi7iV.s:3932   .text.HAL_SD_TxCpltCallback:00000000 $t
ARM GAS  C:\Users\40918\AppData\Local\Temp\cc5Xi7iV.s 			page 218


C:\Users\40918\AppData\Local\Temp\cc5Xi7iV.s:3938   .text.HAL_SD_TxCpltCallback:00000000 HAL_SD_TxCpltCallback
C:\Users\40918\AppData\Local\Temp\cc5Xi7iV.s:3953   .text.HAL_SD_RxCpltCallback:00000000 $t
C:\Users\40918\AppData\Local\Temp\cc5Xi7iV.s:3959   .text.HAL_SD_RxCpltCallback:00000000 HAL_SD_RxCpltCallback
C:\Users\40918\AppData\Local\Temp\cc5Xi7iV.s:3974   .text.HAL_SD_ErrorCallback:00000000 $t
C:\Users\40918\AppData\Local\Temp\cc5Xi7iV.s:3980   .text.HAL_SD_ErrorCallback:00000000 HAL_SD_ErrorCallback
C:\Users\40918\AppData\Local\Temp\cc5Xi7iV.s:3995   .text.SD_DMAReceiveCplt:00000000 $t
C:\Users\40918\AppData\Local\Temp\cc5Xi7iV.s:4083   .text.HAL_SD_AbortCallback:00000000 $t
C:\Users\40918\AppData\Local\Temp\cc5Xi7iV.s:4089   .text.HAL_SD_AbortCallback:00000000 HAL_SD_AbortCallback
C:\Users\40918\AppData\Local\Temp\cc5Xi7iV.s:4104   .text.HAL_SD_GetCardCID:00000000 $t
C:\Users\40918\AppData\Local\Temp\cc5Xi7iV.s:4110   .text.HAL_SD_GetCardCID:00000000 HAL_SD_GetCardCID
C:\Users\40918\AppData\Local\Temp\cc5Xi7iV.s:4195   .text.HAL_SD_GetCardCSD:00000000 $t
C:\Users\40918\AppData\Local\Temp\cc5Xi7iV.s:4201   .text.HAL_SD_GetCardCSD:00000000 HAL_SD_GetCardCSD
C:\Users\40918\AppData\Local\Temp\cc5Xi7iV.s:4575   .text.HAL_SD_GetCardCSD:000001b4 $d
C:\Users\40918\AppData\Local\Temp\cc5Xi7iV.s:4580   .text.SD_InitCard:00000000 $t
C:\Users\40918\AppData\Local\Temp\cc5Xi7iV.s:4585   .text.SD_InitCard:00000000 SD_InitCard
C:\Users\40918\AppData\Local\Temp\cc5Xi7iV.s:4826   .text.HAL_SD_InitCard:00000000 $t
C:\Users\40918\AppData\Local\Temp\cc5Xi7iV.s:4832   .text.HAL_SD_InitCard:00000000 HAL_SD_InitCard
C:\Users\40918\AppData\Local\Temp\cc5Xi7iV.s:5002   .text.HAL_SD_InitCard:00000098 $d
C:\Users\40918\AppData\Local\Temp\cc5Xi7iV.s:5008   .text.HAL_SD_Init:00000000 $t
C:\Users\40918\AppData\Local\Temp\cc5Xi7iV.s:5014   .text.HAL_SD_Init:00000000 HAL_SD_Init
C:\Users\40918\AppData\Local\Temp\cc5Xi7iV.s:5104   .text.HAL_SD_GetCardStatus:00000000 $t
C:\Users\40918\AppData\Local\Temp\cc5Xi7iV.s:5110   .text.HAL_SD_GetCardStatus:00000000 HAL_SD_GetCardStatus
C:\Users\40918\AppData\Local\Temp\cc5Xi7iV.s:5289   .text.HAL_SD_GetCardStatus:000000a8 $d
C:\Users\40918\AppData\Local\Temp\cc5Xi7iV.s:5294   .text.HAL_SD_GetCardInfo:00000000 $t
C:\Users\40918\AppData\Local\Temp\cc5Xi7iV.s:5300   .text.HAL_SD_GetCardInfo:00000000 HAL_SD_GetCardInfo
C:\Users\40918\AppData\Local\Temp\cc5Xi7iV.s:5358   .text.HAL_SD_ConfigWideBusOperation:00000000 $t
C:\Users\40918\AppData\Local\Temp\cc5Xi7iV.s:5364   .text.HAL_SD_ConfigWideBusOperation:00000000 HAL_SD_ConfigWideBusOperation
C:\Users\40918\AppData\Local\Temp\cc5Xi7iV.s:5567   .text.HAL_SD_ConfigWideBusOperation:000000bc $d
C:\Users\40918\AppData\Local\Temp\cc5Xi7iV.s:5572   .text.HAL_SD_GetCardState:00000000 $t
C:\Users\40918\AppData\Local\Temp\cc5Xi7iV.s:5578   .text.HAL_SD_GetCardState:00000000 HAL_SD_GetCardState
C:\Users\40918\AppData\Local\Temp\cc5Xi7iV.s:5636   .text.SD_DMAError:00000000 $t
C:\Users\40918\AppData\Local\Temp\cc5Xi7iV.s:5757   .text.SD_DMAError:00000064 $d
C:\Users\40918\AppData\Local\Temp\cc5Xi7iV.s:5762   .text.SD_DMATxAbort:00000000 $t
C:\Users\40918\AppData\Local\Temp\cc5Xi7iV.s:5767   .text.SD_DMATxAbort:00000000 SD_DMATxAbort
C:\Users\40918\AppData\Local\Temp\cc5Xi7iV.s:5851   .text.SD_DMARxAbort:00000000 $t
C:\Users\40918\AppData\Local\Temp\cc5Xi7iV.s:5856   .text.SD_DMARxAbort:00000000 SD_DMARxAbort
C:\Users\40918\AppData\Local\Temp\cc5Xi7iV.s:5940   .text.HAL_SD_IRQHandler:00000000 $t
C:\Users\40918\AppData\Local\Temp\cc5Xi7iV.s:5946   .text.HAL_SD_IRQHandler:00000000 HAL_SD_IRQHandler
C:\Users\40918\AppData\Local\Temp\cc5Xi7iV.s:6339   .text.HAL_SD_IRQHandler:000001d8 $d
C:\Users\40918\AppData\Local\Temp\cc5Xi7iV.s:6345   .text.HAL_SD_Abort:00000000 $t
C:\Users\40918\AppData\Local\Temp\cc5Xi7iV.s:6351   .text.HAL_SD_Abort:00000000 HAL_SD_Abort
C:\Users\40918\AppData\Local\Temp\cc5Xi7iV.s:6497   .text.HAL_SD_Abort_IT:00000000 $t
C:\Users\40918\AppData\Local\Temp\cc5Xi7iV.s:6503   .text.HAL_SD_Abort_IT:00000000 HAL_SD_Abort_IT
C:\Users\40918\AppData\Local\Temp\cc5Xi7iV.s:6668   .text.HAL_SD_Abort_IT:000000a0 $d

UNDEFINED SYMBOLS
SDMMC_CmdGoIdleState
SDMMC_CmdOperCond
SDMMC_CmdAppCommand
SDMMC_CmdAppOperCommand
SDIO_GetResponse
SDIO_PowerState_OFF
SDIO_ReadFIFO
SDIO_WriteFIFO
HAL_GetTick
SDMMC_CmdBlockLength
SDIO_ConfigData
ARM GAS  C:\Users\40918\AppData\Local\Temp\cc5Xi7iV.s 			page 219


SDMMC_CmdStatusRegister
SDMMC_CmdSendSCR
SDMMC_CmdBusWidth
SDMMC_CmdSendStatus
SDMMC_CmdReadMultiBlock
SDMMC_CmdReadSingleBlock
SDMMC_CmdStopTransfer
SDMMC_CmdWriteMultiBlock
SDMMC_CmdWriteSingleBlock
HAL_DMA_Start_IT
SDMMC_CmdSDEraseStartAdd
SDMMC_CmdSDEraseEndAdd
SDMMC_CmdErase
SDIO_GetPowerState
SDMMC_CmdSendCSD
SDMMC_CmdSelDesel
SDIO_Init
SDMMC_CmdSendCID
SDMMC_CmdSetRelAdd
SDIO_PowerState_ON
HAL_Delay
HAL_DMA_GetError
HAL_DMA_Abort_IT
HAL_DMA_Abort
