ARM GAS  C:\Users\40918\AppData\Local\Temp\ccwnWUKb.s 			page 1


   1              		.cpu cortex-m4
   2              		.arch armv7e-m
   3              		.fpu fpv4-sp-d16
   4              		.eabi_attribute 27, 1
   5              		.eabi_attribute 28, 1
   6              		.eabi_attribute 20, 1
   7              		.eabi_attribute 21, 1
   8              		.eabi_attribute 23, 3
   9              		.eabi_attribute 24, 1
  10              		.eabi_attribute 25, 1
  11              		.eabi_attribute 26, 1
  12              		.eabi_attribute 30, 1
  13              		.eabi_attribute 34, 1
  14              		.eabi_attribute 18, 4
  15              		.file	"stm32f4xx_hal_msp.c"
  16              		.text
  17              	.Ltext0:
  18              		.cfi_sections	.debug_frame
  19              		.file 1 "Core/Src/stm32f4xx_hal_msp.c"
  20              		.section	.text.HAL_MspInit,"ax",%progbits
  21              		.align	1
  22              		.global	HAL_MspInit
  23              		.syntax unified
  24              		.thumb
  25              		.thumb_func
  27              	HAL_MspInit:
  28              	.LFB239:
   1:Core/Src/stm32f4xx_hal_msp.c **** /* USER CODE BEGIN Header */
   2:Core/Src/stm32f4xx_hal_msp.c **** /**
   3:Core/Src/stm32f4xx_hal_msp.c ****   ******************************************************************************
   4:Core/Src/stm32f4xx_hal_msp.c ****   * @file         stm32f4xx_hal_msp.c
   5:Core/Src/stm32f4xx_hal_msp.c ****   * @brief        This file provides code for the MSP Initialization
   6:Core/Src/stm32f4xx_hal_msp.c ****   *               and de-Initialization codes.
   7:Core/Src/stm32f4xx_hal_msp.c ****   ******************************************************************************
   8:Core/Src/stm32f4xx_hal_msp.c ****   * @attention
   9:Core/Src/stm32f4xx_hal_msp.c ****   *
  10:Core/Src/stm32f4xx_hal_msp.c ****   * Copyright (c) 2026 STMicroelectronics.
  11:Core/Src/stm32f4xx_hal_msp.c ****   * All rights reserved.
  12:Core/Src/stm32f4xx_hal_msp.c ****   *
  13:Core/Src/stm32f4xx_hal_msp.c ****   * This software is licensed under terms that can be found in the LICENSE file
  14:Core/Src/stm32f4xx_hal_msp.c ****   * in the root directory of this software component.
  15:Core/Src/stm32f4xx_hal_msp.c ****   * If no LICENSE file comes with this software, it is provided AS-IS.
  16:Core/Src/stm32f4xx_hal_msp.c ****   *
  17:Core/Src/stm32f4xx_hal_msp.c ****   ******************************************************************************
  18:Core/Src/stm32f4xx_hal_msp.c ****   */
  19:Core/Src/stm32f4xx_hal_msp.c **** /* USER CODE END Header */
  20:Core/Src/stm32f4xx_hal_msp.c **** /* Includes ------------------------------------------------------------------*/
  21:Core/Src/stm32f4xx_hal_msp.c **** #include "main.h"
  22:Core/Src/stm32f4xx_hal_msp.c **** /* USER CODE BEGIN Includes */
  23:Core/Src/stm32f4xx_hal_msp.c **** 
  24:Core/Src/stm32f4xx_hal_msp.c **** /* USER CODE END Includes */
  25:Core/Src/stm32f4xx_hal_msp.c **** extern DMA_HandleTypeDef hdma_sdio_rx;
  26:Core/Src/stm32f4xx_hal_msp.c **** 
  27:Core/Src/stm32f4xx_hal_msp.c **** extern DMA_HandleTypeDef hdma_sdio_tx;
  28:Core/Src/stm32f4xx_hal_msp.c **** 
  29:Core/Src/stm32f4xx_hal_msp.c **** extern DMA_HandleTypeDef hdma_usart1_rx;
  30:Core/Src/stm32f4xx_hal_msp.c **** 
ARM GAS  C:\Users\40918\AppData\Local\Temp\ccwnWUKb.s 			page 2


  31:Core/Src/stm32f4xx_hal_msp.c **** extern DMA_HandleTypeDef hdma_usart1_tx;
  32:Core/Src/stm32f4xx_hal_msp.c **** 
  33:Core/Src/stm32f4xx_hal_msp.c **** extern DMA_HandleTypeDef hdma_usart2_rx;
  34:Core/Src/stm32f4xx_hal_msp.c **** 
  35:Core/Src/stm32f4xx_hal_msp.c **** extern DMA_HandleTypeDef hdma_usart2_tx;
  36:Core/Src/stm32f4xx_hal_msp.c **** 
  37:Core/Src/stm32f4xx_hal_msp.c **** extern DMA_HandleTypeDef hdma_usart3_rx;
  38:Core/Src/stm32f4xx_hal_msp.c **** 
  39:Core/Src/stm32f4xx_hal_msp.c **** extern DMA_HandleTypeDef hdma_usart3_tx;
  40:Core/Src/stm32f4xx_hal_msp.c **** 
  41:Core/Src/stm32f4xx_hal_msp.c **** extern DMA_HandleTypeDef hdma_adc1;
  42:Core/Src/stm32f4xx_hal_msp.c **** 
  43:Core/Src/stm32f4xx_hal_msp.c **** /* Private typedef -----------------------------------------------------------*/
  44:Core/Src/stm32f4xx_hal_msp.c **** /* USER CODE BEGIN TD */
  45:Core/Src/stm32f4xx_hal_msp.c **** 
  46:Core/Src/stm32f4xx_hal_msp.c **** /* USER CODE END TD */
  47:Core/Src/stm32f4xx_hal_msp.c **** 
  48:Core/Src/stm32f4xx_hal_msp.c **** /* Private define ------------------------------------------------------------*/
  49:Core/Src/stm32f4xx_hal_msp.c **** /* USER CODE BEGIN Define */
  50:Core/Src/stm32f4xx_hal_msp.c **** 
  51:Core/Src/stm32f4xx_hal_msp.c **** /* USER CODE END Define */
  52:Core/Src/stm32f4xx_hal_msp.c **** 
  53:Core/Src/stm32f4xx_hal_msp.c **** /* Private macro -------------------------------------------------------------*/
  54:Core/Src/stm32f4xx_hal_msp.c **** /* USER CODE BEGIN Macro */
  55:Core/Src/stm32f4xx_hal_msp.c **** 
  56:Core/Src/stm32f4xx_hal_msp.c **** /* USER CODE END Macro */
  57:Core/Src/stm32f4xx_hal_msp.c **** 
  58:Core/Src/stm32f4xx_hal_msp.c **** /* Private variables ---------------------------------------------------------*/
  59:Core/Src/stm32f4xx_hal_msp.c **** /* USER CODE BEGIN PV */
  60:Core/Src/stm32f4xx_hal_msp.c **** 
  61:Core/Src/stm32f4xx_hal_msp.c **** /* USER CODE END PV */
  62:Core/Src/stm32f4xx_hal_msp.c **** 
  63:Core/Src/stm32f4xx_hal_msp.c **** /* Private function prototypes -----------------------------------------------*/
  64:Core/Src/stm32f4xx_hal_msp.c **** /* USER CODE BEGIN PFP */
  65:Core/Src/stm32f4xx_hal_msp.c **** 
  66:Core/Src/stm32f4xx_hal_msp.c **** /* USER CODE END PFP */
  67:Core/Src/stm32f4xx_hal_msp.c **** 
  68:Core/Src/stm32f4xx_hal_msp.c **** /* External functions --------------------------------------------------------*/
  69:Core/Src/stm32f4xx_hal_msp.c **** /* USER CODE BEGIN ExternalFunctions */
  70:Core/Src/stm32f4xx_hal_msp.c **** 
  71:Core/Src/stm32f4xx_hal_msp.c **** /* USER CODE END ExternalFunctions */
  72:Core/Src/stm32f4xx_hal_msp.c **** 
  73:Core/Src/stm32f4xx_hal_msp.c **** /* USER CODE BEGIN 0 */
  74:Core/Src/stm32f4xx_hal_msp.c **** 
  75:Core/Src/stm32f4xx_hal_msp.c **** /* USER CODE END 0 */
  76:Core/Src/stm32f4xx_hal_msp.c **** /**
  77:Core/Src/stm32f4xx_hal_msp.c ****   * Initializes the Global MSP.
  78:Core/Src/stm32f4xx_hal_msp.c ****   */
  79:Core/Src/stm32f4xx_hal_msp.c **** void HAL_MspInit(void)
  80:Core/Src/stm32f4xx_hal_msp.c **** {
  29              		.loc 1 80 1 view -0
  30              		.cfi_startproc
  31              		@ args = 0, pretend = 0, frame = 8
  32              		@ frame_needed = 0, uses_anonymous_args = 0
  33 0000 00B5     		push	{lr}
  34              	.LCFI0:
  35              		.cfi_def_cfa_offset 4
ARM GAS  C:\Users\40918\AppData\Local\Temp\ccwnWUKb.s 			page 3


  36              		.cfi_offset 14, -4
  37 0002 83B0     		sub	sp, sp, #12
  38              	.LCFI1:
  39              		.cfi_def_cfa_offset 16
  81:Core/Src/stm32f4xx_hal_msp.c **** 
  82:Core/Src/stm32f4xx_hal_msp.c ****   /* USER CODE BEGIN MspInit 0 */
  83:Core/Src/stm32f4xx_hal_msp.c **** 
  84:Core/Src/stm32f4xx_hal_msp.c ****   /* USER CODE END MspInit 0 */
  85:Core/Src/stm32f4xx_hal_msp.c **** 
  86:Core/Src/stm32f4xx_hal_msp.c ****   __HAL_RCC_SYSCFG_CLK_ENABLE();
  40              		.loc 1 86 3 view .LVU1
  41              	.LBB2:
  42              		.loc 1 86 3 view .LVU2
  43 0004 0022     		movs	r2, #0
  44 0006 0092     		str	r2, [sp]
  45              		.loc 1 86 3 view .LVU3
  46 0008 0D4B     		ldr	r3, .L3
  47 000a 596C     		ldr	r1, [r3, #68]
  48 000c 41F48041 		orr	r1, r1, #16384
  49 0010 5964     		str	r1, [r3, #68]
  50              		.loc 1 86 3 view .LVU4
  51 0012 596C     		ldr	r1, [r3, #68]
  52 0014 01F48041 		and	r1, r1, #16384
  53 0018 0091     		str	r1, [sp]
  54              		.loc 1 86 3 view .LVU5
  55 001a 0099     		ldr	r1, [sp]
  56              	.LBE2:
  57              		.loc 1 86 3 view .LVU6
  87:Core/Src/stm32f4xx_hal_msp.c ****   __HAL_RCC_PWR_CLK_ENABLE();
  58              		.loc 1 87 3 view .LVU7
  59              	.LBB3:
  60              		.loc 1 87 3 view .LVU8
  61 001c 0192     		str	r2, [sp, #4]
  62              		.loc 1 87 3 view .LVU9
  63 001e 196C     		ldr	r1, [r3, #64]
  64 0020 41F08051 		orr	r1, r1, #268435456
  65 0024 1964     		str	r1, [r3, #64]
  66              		.loc 1 87 3 view .LVU10
  67 0026 1B6C     		ldr	r3, [r3, #64]
  68 0028 03F08053 		and	r3, r3, #268435456
  69 002c 0193     		str	r3, [sp, #4]
  70              		.loc 1 87 3 view .LVU11
  71 002e 019B     		ldr	r3, [sp, #4]
  72              	.LBE3:
  73              		.loc 1 87 3 view .LVU12
  88:Core/Src/stm32f4xx_hal_msp.c **** 
  89:Core/Src/stm32f4xx_hal_msp.c ****   /* System interrupt init*/
  90:Core/Src/stm32f4xx_hal_msp.c ****   /* PendSV_IRQn interrupt configuration */
  91:Core/Src/stm32f4xx_hal_msp.c ****   HAL_NVIC_SetPriority(PendSV_IRQn, 15, 0);
  74              		.loc 1 91 3 view .LVU13
  75 0030 0F21     		movs	r1, #15
  76 0032 6FF00100 		mvn	r0, #1
  77 0036 FFF7FEFF 		bl	HAL_NVIC_SetPriority
  78              	.LVL0:
  92:Core/Src/stm32f4xx_hal_msp.c **** 
  93:Core/Src/stm32f4xx_hal_msp.c ****   /* USER CODE BEGIN MspInit 1 */
  94:Core/Src/stm32f4xx_hal_msp.c **** 
ARM GAS  C:\Users\40918\AppData\Local\Temp\ccwnWUKb.s 			page 4


  95:Core/Src/stm32f4xx_hal_msp.c ****   /* USER CODE END MspInit 1 */
  96:Core/Src/stm32f4xx_hal_msp.c **** }
  79              		.loc 1 96 1 is_stmt 0 view .LVU14
  80 003a 03B0     		add	sp, sp, #12
  81              	.LCFI2:
  82              		.cfi_def_cfa_offset 4
  83              		@ sp needed
  84 003c 5DF804FB 		ldr	pc, [sp], #4
  85              	.L4:
  86              		.align	2
  87              	.L3:
  88 0040 00380240 		.word	1073887232
  89              		.cfi_endproc
  90              	.LFE239:
  92              		.section	.text.HAL_ADC_MspInit,"ax",%progbits
  93              		.align	1
  94              		.global	HAL_ADC_MspInit
  95              		.syntax unified
  96              		.thumb
  97              		.thumb_func
  99              	HAL_ADC_MspInit:
 100              	.LVL1:
 101              	.LFB240:
  97:Core/Src/stm32f4xx_hal_msp.c **** 
  98:Core/Src/stm32f4xx_hal_msp.c **** /**
  99:Core/Src/stm32f4xx_hal_msp.c ****   * @brief ADC MSP Initialization
 100:Core/Src/stm32f4xx_hal_msp.c ****   * This function configures the hardware resources used in this example
 101:Core/Src/stm32f4xx_hal_msp.c ****   * @param hadc: ADC handle pointer
 102:Core/Src/stm32f4xx_hal_msp.c ****   * @retval None
 103:Core/Src/stm32f4xx_hal_msp.c ****   */
 104:Core/Src/stm32f4xx_hal_msp.c **** void HAL_ADC_MspInit(ADC_HandleTypeDef* hadc)
 105:Core/Src/stm32f4xx_hal_msp.c **** {
 102              		.loc 1 105 1 is_stmt 1 view -0
 103              		.cfi_startproc
 104              		@ args = 0, pretend = 0, frame = 32
 105              		@ frame_needed = 0, uses_anonymous_args = 0
 106              		.loc 1 105 1 is_stmt 0 view .LVU16
 107 0000 30B5     		push	{r4, r5, lr}
 108              	.LCFI3:
 109              		.cfi_def_cfa_offset 12
 110              		.cfi_offset 4, -12
 111              		.cfi_offset 5, -8
 112              		.cfi_offset 14, -4
 113 0002 89B0     		sub	sp, sp, #36
 114              	.LCFI4:
 115              		.cfi_def_cfa_offset 48
 106:Core/Src/stm32f4xx_hal_msp.c ****   GPIO_InitTypeDef GPIO_InitStruct = {0};
 116              		.loc 1 106 3 is_stmt 1 view .LVU17
 117              		.loc 1 106 20 is_stmt 0 view .LVU18
 118 0004 0023     		movs	r3, #0
 119 0006 0393     		str	r3, [sp, #12]
 120 0008 0493     		str	r3, [sp, #16]
 121 000a 0593     		str	r3, [sp, #20]
 122 000c 0693     		str	r3, [sp, #24]
 123 000e 0793     		str	r3, [sp, #28]
 107:Core/Src/stm32f4xx_hal_msp.c ****   if(hadc->Instance==ADC1)
 124              		.loc 1 107 3 is_stmt 1 view .LVU19
ARM GAS  C:\Users\40918\AppData\Local\Temp\ccwnWUKb.s 			page 5


 125              		.loc 1 107 10 is_stmt 0 view .LVU20
 126 0010 0268     		ldr	r2, [r0]
 127              		.loc 1 107 5 view .LVU21
 128 0012 03F18043 		add	r3, r3, #1073741824
 129 0016 03F59033 		add	r3, r3, #73728
 130 001a 9A42     		cmp	r2, r3
 131 001c 01D0     		beq	.L9
 132              	.LVL2:
 133              	.L5:
 108:Core/Src/stm32f4xx_hal_msp.c ****   {
 109:Core/Src/stm32f4xx_hal_msp.c ****     /* Peripheral clock enable */
 110:Core/Src/stm32f4xx_hal_msp.c ****     __HAL_RCC_ADC1_CLK_ENABLE();
 111:Core/Src/stm32f4xx_hal_msp.c **** 
 112:Core/Src/stm32f4xx_hal_msp.c ****     __HAL_RCC_GPIOC_CLK_ENABLE();
 113:Core/Src/stm32f4xx_hal_msp.c ****     /**ADC1 GPIO Configuration
 114:Core/Src/stm32f4xx_hal_msp.c ****     PC2     ------> ADC1_IN12
 115:Core/Src/stm32f4xx_hal_msp.c ****     */
 116:Core/Src/stm32f4xx_hal_msp.c ****     GPIO_InitStruct.Pin = GPIO_PIN_2;
 117:Core/Src/stm32f4xx_hal_msp.c ****     GPIO_InitStruct.Mode = GPIO_MODE_ANALOG;
 118:Core/Src/stm32f4xx_hal_msp.c ****     GPIO_InitStruct.Pull = GPIO_NOPULL;
 119:Core/Src/stm32f4xx_hal_msp.c ****     HAL_GPIO_Init(GPIOC, &GPIO_InitStruct);
 120:Core/Src/stm32f4xx_hal_msp.c **** 
 121:Core/Src/stm32f4xx_hal_msp.c ****     /* ADC1 DMA Init */
 122:Core/Src/stm32f4xx_hal_msp.c ****     hdma_adc1.Instance = DMA2_Stream0;
 123:Core/Src/stm32f4xx_hal_msp.c ****     hdma_adc1.Init.Channel = DMA_CHANNEL_0;
 124:Core/Src/stm32f4xx_hal_msp.c ****     hdma_adc1.Init.Direction = DMA_PERIPH_TO_MEMORY;
 125:Core/Src/stm32f4xx_hal_msp.c ****     hdma_adc1.Init.PeriphInc = DMA_PINC_DISABLE;
 126:Core/Src/stm32f4xx_hal_msp.c ****     hdma_adc1.Init.MemInc = DMA_MINC_DISABLE;
 127:Core/Src/stm32f4xx_hal_msp.c ****     hdma_adc1.Init.PeriphDataAlignment = DMA_PDATAALIGN_WORD;
 128:Core/Src/stm32f4xx_hal_msp.c ****     hdma_adc1.Init.MemDataAlignment = DMA_MDATAALIGN_WORD;
 129:Core/Src/stm32f4xx_hal_msp.c ****     hdma_adc1.Init.Mode = DMA_CIRCULAR;
 130:Core/Src/stm32f4xx_hal_msp.c ****     hdma_adc1.Init.Priority = DMA_PRIORITY_LOW;
 131:Core/Src/stm32f4xx_hal_msp.c ****     hdma_adc1.Init.FIFOMode = DMA_FIFOMODE_DISABLE;
 132:Core/Src/stm32f4xx_hal_msp.c ****     if (HAL_DMA_Init(&hdma_adc1) != HAL_OK)
 133:Core/Src/stm32f4xx_hal_msp.c ****     {
 134:Core/Src/stm32f4xx_hal_msp.c ****       Error_Handler();
 135:Core/Src/stm32f4xx_hal_msp.c ****     }
 136:Core/Src/stm32f4xx_hal_msp.c **** 
 137:Core/Src/stm32f4xx_hal_msp.c ****     __HAL_LINKDMA(hadc,DMA_Handle,hdma_adc1);
 138:Core/Src/stm32f4xx_hal_msp.c ****   }
 139:Core/Src/stm32f4xx_hal_msp.c **** }
 134              		.loc 1 139 1 view .LVU22
 135 001e 09B0     		add	sp, sp, #36
 136              	.LCFI5:
 137              		.cfi_remember_state
 138              		.cfi_def_cfa_offset 12
 139              		@ sp needed
 140 0020 30BD     		pop	{r4, r5, pc}
 141              	.LVL3:
 142              	.L9:
 143              	.LCFI6:
 144              		.cfi_restore_state
 145              		.loc 1 139 1 view .LVU23
 146 0022 0446     		mov	r4, r0
 110:Core/Src/stm32f4xx_hal_msp.c **** 
 147              		.loc 1 110 5 is_stmt 1 view .LVU24
 148              	.LBB4:
ARM GAS  C:\Users\40918\AppData\Local\Temp\ccwnWUKb.s 			page 6


 110:Core/Src/stm32f4xx_hal_msp.c **** 
 149              		.loc 1 110 5 view .LVU25
 150 0024 0025     		movs	r5, #0
 151 0026 0195     		str	r5, [sp, #4]
 110:Core/Src/stm32f4xx_hal_msp.c **** 
 152              		.loc 1 110 5 view .LVU26
 153 0028 03F58C33 		add	r3, r3, #71680
 154 002c 5A6C     		ldr	r2, [r3, #68]
 155 002e 42F48072 		orr	r2, r2, #256
 156 0032 5A64     		str	r2, [r3, #68]
 110:Core/Src/stm32f4xx_hal_msp.c **** 
 157              		.loc 1 110 5 view .LVU27
 158 0034 5A6C     		ldr	r2, [r3, #68]
 159 0036 02F48072 		and	r2, r2, #256
 160 003a 0192     		str	r2, [sp, #4]
 110:Core/Src/stm32f4xx_hal_msp.c **** 
 161              		.loc 1 110 5 view .LVU28
 162 003c 019A     		ldr	r2, [sp, #4]
 163              	.LBE4:
 110:Core/Src/stm32f4xx_hal_msp.c **** 
 164              		.loc 1 110 5 view .LVU29
 112:Core/Src/stm32f4xx_hal_msp.c ****     /**ADC1 GPIO Configuration
 165              		.loc 1 112 5 view .LVU30
 166              	.LBB5:
 112:Core/Src/stm32f4xx_hal_msp.c ****     /**ADC1 GPIO Configuration
 167              		.loc 1 112 5 view .LVU31
 168 003e 0295     		str	r5, [sp, #8]
 112:Core/Src/stm32f4xx_hal_msp.c ****     /**ADC1 GPIO Configuration
 169              		.loc 1 112 5 view .LVU32
 170 0040 1A6B     		ldr	r2, [r3, #48]
 171 0042 42F00402 		orr	r2, r2, #4
 172 0046 1A63     		str	r2, [r3, #48]
 112:Core/Src/stm32f4xx_hal_msp.c ****     /**ADC1 GPIO Configuration
 173              		.loc 1 112 5 view .LVU33
 174 0048 1B6B     		ldr	r3, [r3, #48]
 175 004a 03F00403 		and	r3, r3, #4
 176 004e 0293     		str	r3, [sp, #8]
 112:Core/Src/stm32f4xx_hal_msp.c ****     /**ADC1 GPIO Configuration
 177              		.loc 1 112 5 view .LVU34
 178 0050 029B     		ldr	r3, [sp, #8]
 179              	.LBE5:
 112:Core/Src/stm32f4xx_hal_msp.c ****     /**ADC1 GPIO Configuration
 180              		.loc 1 112 5 view .LVU35
 116:Core/Src/stm32f4xx_hal_msp.c ****     GPIO_InitStruct.Mode = GPIO_MODE_ANALOG;
 181              		.loc 1 116 5 view .LVU36
 116:Core/Src/stm32f4xx_hal_msp.c ****     GPIO_InitStruct.Mode = GPIO_MODE_ANALOG;
 182              		.loc 1 116 25 is_stmt 0 view .LVU37
 183 0052 0423     		movs	r3, #4
 184 0054 0393     		str	r3, [sp, #12]
 117:Core/Src/stm32f4xx_hal_msp.c ****     GPIO_InitStruct.Pull = GPIO_NOPULL;
 185              		.loc 1 117 5 is_stmt 1 view .LVU38
 117:Core/Src/stm32f4xx_hal_msp.c ****     GPIO_InitStruct.Pull = GPIO_NOPULL;
 186              		.loc 1 117 26 is_stmt 0 view .LVU39
 187 0056 0323     		movs	r3, #3
 188 0058 0493     		str	r3, [sp, #16]
 118:Core/Src/stm32f4xx_hal_msp.c ****     HAL_GPIO_Init(GPIOC, &GPIO_InitStruct);
 189              		.loc 1 118 5 is_stmt 1 view .LVU40
ARM GAS  C:\Users\40918\AppData\Local\Temp\ccwnWUKb.s 			page 7


 119:Core/Src/stm32f4xx_hal_msp.c **** 
 190              		.loc 1 119 5 view .LVU41
 191 005a 03A9     		add	r1, sp, #12
 192 005c 0F48     		ldr	r0, .L11
 193              	.LVL4:
 119:Core/Src/stm32f4xx_hal_msp.c **** 
 194              		.loc 1 119 5 is_stmt 0 view .LVU42
 195 005e FFF7FEFF 		bl	HAL_GPIO_Init
 196              	.LVL5:
 122:Core/Src/stm32f4xx_hal_msp.c ****     hdma_adc1.Init.Channel = DMA_CHANNEL_0;
 197              		.loc 1 122 5 is_stmt 1 view .LVU43
 122:Core/Src/stm32f4xx_hal_msp.c ****     hdma_adc1.Init.Channel = DMA_CHANNEL_0;
 198              		.loc 1 122 24 is_stmt 0 view .LVU44
 199 0062 0F48     		ldr	r0, .L11+4
 200 0064 0F4B     		ldr	r3, .L11+8
 201 0066 0360     		str	r3, [r0]
 123:Core/Src/stm32f4xx_hal_msp.c ****     hdma_adc1.Init.Direction = DMA_PERIPH_TO_MEMORY;
 202              		.loc 1 123 5 is_stmt 1 view .LVU45
 123:Core/Src/stm32f4xx_hal_msp.c ****     hdma_adc1.Init.Direction = DMA_PERIPH_TO_MEMORY;
 203              		.loc 1 123 28 is_stmt 0 view .LVU46
 204 0068 4560     		str	r5, [r0, #4]
 124:Core/Src/stm32f4xx_hal_msp.c ****     hdma_adc1.Init.PeriphInc = DMA_PINC_DISABLE;
 205              		.loc 1 124 5 is_stmt 1 view .LVU47
 124:Core/Src/stm32f4xx_hal_msp.c ****     hdma_adc1.Init.PeriphInc = DMA_PINC_DISABLE;
 206              		.loc 1 124 30 is_stmt 0 view .LVU48
 207 006a 8560     		str	r5, [r0, #8]
 125:Core/Src/stm32f4xx_hal_msp.c ****     hdma_adc1.Init.MemInc = DMA_MINC_DISABLE;
 208              		.loc 1 125 5 is_stmt 1 view .LVU49
 125:Core/Src/stm32f4xx_hal_msp.c ****     hdma_adc1.Init.MemInc = DMA_MINC_DISABLE;
 209              		.loc 1 125 30 is_stmt 0 view .LVU50
 210 006c C560     		str	r5, [r0, #12]
 126:Core/Src/stm32f4xx_hal_msp.c ****     hdma_adc1.Init.PeriphDataAlignment = DMA_PDATAALIGN_WORD;
 211              		.loc 1 126 5 is_stmt 1 view .LVU51
 126:Core/Src/stm32f4xx_hal_msp.c ****     hdma_adc1.Init.PeriphDataAlignment = DMA_PDATAALIGN_WORD;
 212              		.loc 1 126 27 is_stmt 0 view .LVU52
 213 006e 0561     		str	r5, [r0, #16]
 127:Core/Src/stm32f4xx_hal_msp.c ****     hdma_adc1.Init.MemDataAlignment = DMA_MDATAALIGN_WORD;
 214              		.loc 1 127 5 is_stmt 1 view .LVU53
 127:Core/Src/stm32f4xx_hal_msp.c ****     hdma_adc1.Init.MemDataAlignment = DMA_MDATAALIGN_WORD;
 215              		.loc 1 127 40 is_stmt 0 view .LVU54
 216 0070 4FF48053 		mov	r3, #4096
 217 0074 4361     		str	r3, [r0, #20]
 128:Core/Src/stm32f4xx_hal_msp.c ****     hdma_adc1.Init.Mode = DMA_CIRCULAR;
 218              		.loc 1 128 5 is_stmt 1 view .LVU55
 128:Core/Src/stm32f4xx_hal_msp.c ****     hdma_adc1.Init.Mode = DMA_CIRCULAR;
 219              		.loc 1 128 37 is_stmt 0 view .LVU56
 220 0076 4FF48043 		mov	r3, #16384
 221 007a 8361     		str	r3, [r0, #24]
 129:Core/Src/stm32f4xx_hal_msp.c ****     hdma_adc1.Init.Priority = DMA_PRIORITY_LOW;
 222              		.loc 1 129 5 is_stmt 1 view .LVU57
 129:Core/Src/stm32f4xx_hal_msp.c ****     hdma_adc1.Init.Priority = DMA_PRIORITY_LOW;
 223              		.loc 1 129 25 is_stmt 0 view .LVU58
 224 007c 4FF48073 		mov	r3, #256
 225 0080 C361     		str	r3, [r0, #28]
 130:Core/Src/stm32f4xx_hal_msp.c ****     hdma_adc1.Init.FIFOMode = DMA_FIFOMODE_DISABLE;
 226              		.loc 1 130 5 is_stmt 1 view .LVU59
 130:Core/Src/stm32f4xx_hal_msp.c ****     hdma_adc1.Init.FIFOMode = DMA_FIFOMODE_DISABLE;
ARM GAS  C:\Users\40918\AppData\Local\Temp\ccwnWUKb.s 			page 8


 227              		.loc 1 130 29 is_stmt 0 view .LVU60
 228 0082 0562     		str	r5, [r0, #32]
 131:Core/Src/stm32f4xx_hal_msp.c ****     if (HAL_DMA_Init(&hdma_adc1) != HAL_OK)
 229              		.loc 1 131 5 is_stmt 1 view .LVU61
 131:Core/Src/stm32f4xx_hal_msp.c ****     if (HAL_DMA_Init(&hdma_adc1) != HAL_OK)
 230              		.loc 1 131 29 is_stmt 0 view .LVU62
 231 0084 4562     		str	r5, [r0, #36]
 132:Core/Src/stm32f4xx_hal_msp.c ****     {
 232              		.loc 1 132 5 is_stmt 1 view .LVU63
 132:Core/Src/stm32f4xx_hal_msp.c ****     {
 233              		.loc 1 132 9 is_stmt 0 view .LVU64
 234 0086 FFF7FEFF 		bl	HAL_DMA_Init
 235              	.LVL6:
 132:Core/Src/stm32f4xx_hal_msp.c ****     {
 236              		.loc 1 132 8 discriminator 1 view .LVU65
 237 008a 18B9     		cbnz	r0, .L10
 238              	.L7:
 137:Core/Src/stm32f4xx_hal_msp.c ****   }
 239              		.loc 1 137 5 is_stmt 1 view .LVU66
 137:Core/Src/stm32f4xx_hal_msp.c ****   }
 240              		.loc 1 137 5 view .LVU67
 241 008c 044B     		ldr	r3, .L11+4
 242 008e A363     		str	r3, [r4, #56]
 137:Core/Src/stm32f4xx_hal_msp.c ****   }
 243              		.loc 1 137 5 view .LVU68
 244 0090 9C63     		str	r4, [r3, #56]
 137:Core/Src/stm32f4xx_hal_msp.c ****   }
 245              		.loc 1 137 5 discriminator 1 view .LVU69
 246              		.loc 1 139 1 is_stmt 0 view .LVU70
 247 0092 C4E7     		b	.L5
 248              	.L10:
 134:Core/Src/stm32f4xx_hal_msp.c ****     }
 249              		.loc 1 134 7 is_stmt 1 view .LVU71
 250 0094 FFF7FEFF 		bl	Error_Handler
 251              	.LVL7:
 252 0098 F8E7     		b	.L7
 253              	.L12:
 254 009a 00BF     		.align	2
 255              	.L11:
 256 009c 00080240 		.word	1073874944
 257 00a0 00000000 		.word	hdma_adc1
 258 00a4 10640240 		.word	1073898512
 259              		.cfi_endproc
 260              	.LFE240:
 262              		.section	.text.HAL_ADC_MspDeInit,"ax",%progbits
 263              		.align	1
 264              		.global	HAL_ADC_MspDeInit
 265              		.syntax unified
 266              		.thumb
 267              		.thumb_func
 269              	HAL_ADC_MspDeInit:
 270              	.LVL8:
 271              	.LFB241:
 140:Core/Src/stm32f4xx_hal_msp.c **** 
 141:Core/Src/stm32f4xx_hal_msp.c **** /**
 142:Core/Src/stm32f4xx_hal_msp.c ****   * @brief ADC MSP De-Initialization
 143:Core/Src/stm32f4xx_hal_msp.c ****   * This function freeze the hardware resources used in this example
ARM GAS  C:\Users\40918\AppData\Local\Temp\ccwnWUKb.s 			page 9


 144:Core/Src/stm32f4xx_hal_msp.c ****   * @param hadc: ADC handle pointer
 145:Core/Src/stm32f4xx_hal_msp.c ****   * @retval None
 146:Core/Src/stm32f4xx_hal_msp.c ****   */
 147:Core/Src/stm32f4xx_hal_msp.c **** void HAL_ADC_MspDeInit(ADC_HandleTypeDef* hadc)
 148:Core/Src/stm32f4xx_hal_msp.c **** {
 272              		.loc 1 148 1 view -0
 273              		.cfi_startproc
 274              		@ args = 0, pretend = 0, frame = 0
 275              		@ frame_needed = 0, uses_anonymous_args = 0
 149:Core/Src/stm32f4xx_hal_msp.c ****   if(hadc->Instance==ADC1)
 276              		.loc 1 149 3 view .LVU73
 277              		.loc 1 149 10 is_stmt 0 view .LVU74
 278 0000 0268     		ldr	r2, [r0]
 279              		.loc 1 149 5 view .LVU75
 280 0002 094B     		ldr	r3, .L20
 281 0004 9A42     		cmp	r2, r3
 282 0006 00D0     		beq	.L19
 283 0008 7047     		bx	lr
 284              	.L19:
 148:Core/Src/stm32f4xx_hal_msp.c ****   if(hadc->Instance==ADC1)
 285              		.loc 1 148 1 view .LVU76
 286 000a 10B5     		push	{r4, lr}
 287              	.LCFI7:
 288              		.cfi_def_cfa_offset 8
 289              		.cfi_offset 4, -8
 290              		.cfi_offset 14, -4
 291 000c 0446     		mov	r4, r0
 150:Core/Src/stm32f4xx_hal_msp.c ****   {
 151:Core/Src/stm32f4xx_hal_msp.c ****     /* Peripheral clock disable */
 152:Core/Src/stm32f4xx_hal_msp.c ****     __HAL_RCC_ADC1_CLK_DISABLE();
 292              		.loc 1 152 5 is_stmt 1 view .LVU77
 293 000e 074A     		ldr	r2, .L20+4
 294 0010 536C     		ldr	r3, [r2, #68]
 295 0012 23F48073 		bic	r3, r3, #256
 296 0016 5364     		str	r3, [r2, #68]
 153:Core/Src/stm32f4xx_hal_msp.c **** 
 154:Core/Src/stm32f4xx_hal_msp.c ****     /**ADC1 GPIO Configuration
 155:Core/Src/stm32f4xx_hal_msp.c ****     PC2     ------> ADC1_IN12
 156:Core/Src/stm32f4xx_hal_msp.c ****     */
 157:Core/Src/stm32f4xx_hal_msp.c ****     HAL_GPIO_DeInit(GPIOC, GPIO_PIN_2);
 297              		.loc 1 157 5 view .LVU78
 298 0018 0421     		movs	r1, #4
 299 001a 0548     		ldr	r0, .L20+8
 300              	.LVL9:
 301              		.loc 1 157 5 is_stmt 0 view .LVU79
 302 001c FFF7FEFF 		bl	HAL_GPIO_DeInit
 303              	.LVL10:
 158:Core/Src/stm32f4xx_hal_msp.c **** 
 159:Core/Src/stm32f4xx_hal_msp.c ****     HAL_DMA_DeInit(hadc->DMA_Handle);
 304              		.loc 1 159 5 is_stmt 1 view .LVU80
 305 0020 A06B     		ldr	r0, [r4, #56]
 306 0022 FFF7FEFF 		bl	HAL_DMA_DeInit
 307              	.LVL11:
 160:Core/Src/stm32f4xx_hal_msp.c ****   }
 161:Core/Src/stm32f4xx_hal_msp.c **** }
 308              		.loc 1 161 1 is_stmt 0 view .LVU81
 309 0026 10BD     		pop	{r4, pc}
ARM GAS  C:\Users\40918\AppData\Local\Temp\ccwnWUKb.s 			page 10


 310              	.LVL12:
 311              	.L21:
 312              		.loc 1 161 1 view .LVU82
 313              		.align	2
 314              	.L20:
 315 0028 00200140 		.word	1073815552
 316 002c 00380240 		.word	1073887232
 317 0030 00080240 		.word	1073874944
 318              		.cfi_endproc
 319              	.LFE241:
 321              		.section	.text.HAL_SD_MspInit,"ax",%progbits
 322              		.align	1
 323              		.global	HAL_SD_MspInit
 324              		.syntax unified
 325              		.thumb
 326              		.thumb_func
 328              	HAL_SD_MspInit:
 329              	.LVL13:
 330              	.LFB242:
 162:Core/Src/stm32f4xx_hal_msp.c **** 
 163:Core/Src/stm32f4xx_hal_msp.c **** /**
 164:Core/Src/stm32f4xx_hal_msp.c ****   * @brief SD MSP Initialization
 165:Core/Src/stm32f4xx_hal_msp.c ****   * This function configures the hardware resources used in this example
 166:Core/Src/stm32f4xx_hal_msp.c ****   * @param hsd: SD handle pointer
 167:Core/Src/stm32f4xx_hal_msp.c ****   * @retval None
 168:Core/Src/stm32f4xx_hal_msp.c ****   */
 169:Core/Src/stm32f4xx_hal_msp.c **** void HAL_SD_MspInit(SD_HandleTypeDef* hsd)
 170:Core/Src/stm32f4xx_hal_msp.c **** {
 331              		.loc 1 170 1 is_stmt 1 view -0
 332              		.cfi_startproc
 333              		@ args = 0, pretend = 0, frame = 32
 334              		@ frame_needed = 0, uses_anonymous_args = 0
 335              		.loc 1 170 1 is_stmt 0 view .LVU84
 336 0000 2DE9F043 		push	{r4, r5, r6, r7, r8, r9, lr}
 337              	.LCFI8:
 338              		.cfi_def_cfa_offset 28
 339              		.cfi_offset 4, -28
 340              		.cfi_offset 5, -24
 341              		.cfi_offset 6, -20
 342              		.cfi_offset 7, -16
 343              		.cfi_offset 8, -12
 344              		.cfi_offset 9, -8
 345              		.cfi_offset 14, -4
 346 0004 89B0     		sub	sp, sp, #36
 347              	.LCFI9:
 348              		.cfi_def_cfa_offset 64
 171:Core/Src/stm32f4xx_hal_msp.c ****   GPIO_InitTypeDef GPIO_InitStruct = {0};
 349              		.loc 1 171 3 is_stmt 1 view .LVU85
 350              		.loc 1 171 20 is_stmt 0 view .LVU86
 351 0006 0023     		movs	r3, #0
 352 0008 0393     		str	r3, [sp, #12]
 353 000a 0493     		str	r3, [sp, #16]
 354 000c 0593     		str	r3, [sp, #20]
 355 000e 0693     		str	r3, [sp, #24]
 356 0010 0793     		str	r3, [sp, #28]
 172:Core/Src/stm32f4xx_hal_msp.c ****   if(hsd->Instance==SDIO)
 357              		.loc 1 172 3 is_stmt 1 view .LVU87
ARM GAS  C:\Users\40918\AppData\Local\Temp\ccwnWUKb.s 			page 11


 358              		.loc 1 172 9 is_stmt 0 view .LVU88
 359 0012 0268     		ldr	r2, [r0]
 360              		.loc 1 172 5 view .LVU89
 361 0014 4A4B     		ldr	r3, .L30
 362 0016 9A42     		cmp	r2, r3
 363 0018 02D0     		beq	.L27
 364              	.LVL14:
 365              	.L22:
 173:Core/Src/stm32f4xx_hal_msp.c ****   {
 174:Core/Src/stm32f4xx_hal_msp.c ****     /* USER CODE BEGIN SDIO_MspInit 0 */
 175:Core/Src/stm32f4xx_hal_msp.c **** 
 176:Core/Src/stm32f4xx_hal_msp.c ****     /* USER CODE END SDIO_MspInit 0 */
 177:Core/Src/stm32f4xx_hal_msp.c ****     /* Peripheral clock enable */
 178:Core/Src/stm32f4xx_hal_msp.c ****     __HAL_RCC_SDIO_CLK_ENABLE();
 179:Core/Src/stm32f4xx_hal_msp.c **** 
 180:Core/Src/stm32f4xx_hal_msp.c ****     __HAL_RCC_GPIOC_CLK_ENABLE();
 181:Core/Src/stm32f4xx_hal_msp.c ****     __HAL_RCC_GPIOD_CLK_ENABLE();
 182:Core/Src/stm32f4xx_hal_msp.c ****     /**SDIO GPIO Configuration
 183:Core/Src/stm32f4xx_hal_msp.c ****     PC8     ------> SDIO_D0
 184:Core/Src/stm32f4xx_hal_msp.c ****     PC9     ------> SDIO_D1
 185:Core/Src/stm32f4xx_hal_msp.c ****     PC10     ------> SDIO_D2
 186:Core/Src/stm32f4xx_hal_msp.c ****     PC11     ------> SDIO_D3
 187:Core/Src/stm32f4xx_hal_msp.c ****     PC12     ------> SDIO_CK
 188:Core/Src/stm32f4xx_hal_msp.c ****     PD2     ------> SDIO_CMD
 189:Core/Src/stm32f4xx_hal_msp.c ****     */
 190:Core/Src/stm32f4xx_hal_msp.c ****     GPIO_InitStruct.Pin = GPIO_PIN_8|GPIO_PIN_9|GPIO_PIN_10|GPIO_PIN_11
 191:Core/Src/stm32f4xx_hal_msp.c ****                           |GPIO_PIN_12;
 192:Core/Src/stm32f4xx_hal_msp.c ****     GPIO_InitStruct.Mode = GPIO_MODE_AF_PP;
 193:Core/Src/stm32f4xx_hal_msp.c ****     GPIO_InitStruct.Pull = GPIO_NOPULL;
 194:Core/Src/stm32f4xx_hal_msp.c ****     GPIO_InitStruct.Speed = GPIO_SPEED_FREQ_VERY_HIGH;
 195:Core/Src/stm32f4xx_hal_msp.c ****     GPIO_InitStruct.Alternate = GPIO_AF12_SDIO;
 196:Core/Src/stm32f4xx_hal_msp.c ****     HAL_GPIO_Init(GPIOC, &GPIO_InitStruct);
 197:Core/Src/stm32f4xx_hal_msp.c **** 
 198:Core/Src/stm32f4xx_hal_msp.c ****     GPIO_InitStruct.Pin = GPIO_PIN_2;
 199:Core/Src/stm32f4xx_hal_msp.c ****     GPIO_InitStruct.Mode = GPIO_MODE_AF_PP;
 200:Core/Src/stm32f4xx_hal_msp.c ****     GPIO_InitStruct.Pull = GPIO_NOPULL;
 201:Core/Src/stm32f4xx_hal_msp.c ****     GPIO_InitStruct.Speed = GPIO_SPEED_FREQ_VERY_HIGH;
 202:Core/Src/stm32f4xx_hal_msp.c ****     GPIO_InitStruct.Alternate = GPIO_AF12_SDIO;
 203:Core/Src/stm32f4xx_hal_msp.c ****     HAL_GPIO_Init(GPIOD, &GPIO_InitStruct);
 204:Core/Src/stm32f4xx_hal_msp.c **** 
 205:Core/Src/stm32f4xx_hal_msp.c ****     /* SDIO DMA Init */
 206:Core/Src/stm32f4xx_hal_msp.c ****     /* SDIO_RX Init */
 207:Core/Src/stm32f4xx_hal_msp.c ****     hdma_sdio_rx.Instance = DMA2_Stream3;
 208:Core/Src/stm32f4xx_hal_msp.c ****     hdma_sdio_rx.Init.Channel = DMA_CHANNEL_4;
 209:Core/Src/stm32f4xx_hal_msp.c ****     hdma_sdio_rx.Init.Direction = DMA_PERIPH_TO_MEMORY;
 210:Core/Src/stm32f4xx_hal_msp.c ****     hdma_sdio_rx.Init.PeriphInc = DMA_PINC_DISABLE;
 211:Core/Src/stm32f4xx_hal_msp.c ****     hdma_sdio_rx.Init.MemInc = DMA_MINC_ENABLE;
 212:Core/Src/stm32f4xx_hal_msp.c ****     hdma_sdio_rx.Init.PeriphDataAlignment = DMA_PDATAALIGN_WORD;
 213:Core/Src/stm32f4xx_hal_msp.c ****     hdma_sdio_rx.Init.MemDataAlignment = DMA_MDATAALIGN_WORD;
 214:Core/Src/stm32f4xx_hal_msp.c ****     hdma_sdio_rx.Init.Mode = DMA_PFCTRL;
 215:Core/Src/stm32f4xx_hal_msp.c ****     hdma_sdio_rx.Init.Priority = DMA_PRIORITY_LOW;
 216:Core/Src/stm32f4xx_hal_msp.c ****     hdma_sdio_rx.Init.FIFOMode = DMA_FIFOMODE_ENABLE;
 217:Core/Src/stm32f4xx_hal_msp.c ****     hdma_sdio_rx.Init.FIFOThreshold = DMA_FIFO_THRESHOLD_FULL;
 218:Core/Src/stm32f4xx_hal_msp.c ****     hdma_sdio_rx.Init.MemBurst = DMA_MBURST_INC4;
 219:Core/Src/stm32f4xx_hal_msp.c ****     hdma_sdio_rx.Init.PeriphBurst = DMA_PBURST_INC4;
 220:Core/Src/stm32f4xx_hal_msp.c ****     if (HAL_DMA_Init(&hdma_sdio_rx) != HAL_OK)
 221:Core/Src/stm32f4xx_hal_msp.c ****     {
ARM GAS  C:\Users\40918\AppData\Local\Temp\ccwnWUKb.s 			page 12


 222:Core/Src/stm32f4xx_hal_msp.c ****       Error_Handler();
 223:Core/Src/stm32f4xx_hal_msp.c ****     }
 224:Core/Src/stm32f4xx_hal_msp.c **** 
 225:Core/Src/stm32f4xx_hal_msp.c ****     __HAL_LINKDMA(hsd,hdmarx,hdma_sdio_rx);
 226:Core/Src/stm32f4xx_hal_msp.c **** 
 227:Core/Src/stm32f4xx_hal_msp.c ****     /* SDIO_TX Init */
 228:Core/Src/stm32f4xx_hal_msp.c ****     hdma_sdio_tx.Instance = DMA2_Stream6;
 229:Core/Src/stm32f4xx_hal_msp.c ****     hdma_sdio_tx.Init.Channel = DMA_CHANNEL_4;
 230:Core/Src/stm32f4xx_hal_msp.c ****     hdma_sdio_tx.Init.Direction = DMA_MEMORY_TO_PERIPH;
 231:Core/Src/stm32f4xx_hal_msp.c ****     hdma_sdio_tx.Init.PeriphInc = DMA_PINC_DISABLE;
 232:Core/Src/stm32f4xx_hal_msp.c ****     hdma_sdio_tx.Init.MemInc = DMA_MINC_ENABLE;
 233:Core/Src/stm32f4xx_hal_msp.c ****     hdma_sdio_tx.Init.PeriphDataAlignment = DMA_PDATAALIGN_WORD;
 234:Core/Src/stm32f4xx_hal_msp.c ****     hdma_sdio_tx.Init.MemDataAlignment = DMA_MDATAALIGN_WORD;
 235:Core/Src/stm32f4xx_hal_msp.c ****     hdma_sdio_tx.Init.Mode = DMA_PFCTRL;
 236:Core/Src/stm32f4xx_hal_msp.c ****     hdma_sdio_tx.Init.Priority = DMA_PRIORITY_LOW;
 237:Core/Src/stm32f4xx_hal_msp.c ****     hdma_sdio_tx.Init.FIFOMode = DMA_FIFOMODE_ENABLE;
 238:Core/Src/stm32f4xx_hal_msp.c ****     hdma_sdio_tx.Init.FIFOThreshold = DMA_FIFO_THRESHOLD_FULL;
 239:Core/Src/stm32f4xx_hal_msp.c ****     hdma_sdio_tx.Init.MemBurst = DMA_MBURST_INC4;
 240:Core/Src/stm32f4xx_hal_msp.c ****     hdma_sdio_tx.Init.PeriphBurst = DMA_PBURST_INC4;
 241:Core/Src/stm32f4xx_hal_msp.c ****     if (HAL_DMA_Init(&hdma_sdio_tx) != HAL_OK)
 242:Core/Src/stm32f4xx_hal_msp.c ****     {
 243:Core/Src/stm32f4xx_hal_msp.c ****       Error_Handler();
 244:Core/Src/stm32f4xx_hal_msp.c ****     }
 245:Core/Src/stm32f4xx_hal_msp.c **** 
 246:Core/Src/stm32f4xx_hal_msp.c ****     __HAL_LINKDMA(hsd,hdmatx,hdma_sdio_tx);
 247:Core/Src/stm32f4xx_hal_msp.c **** 
 248:Core/Src/stm32f4xx_hal_msp.c ****     /* USER CODE BEGIN SDIO_MspInit 1 */
 249:Core/Src/stm32f4xx_hal_msp.c **** 
 250:Core/Src/stm32f4xx_hal_msp.c ****     /* USER CODE END SDIO_MspInit 1 */
 251:Core/Src/stm32f4xx_hal_msp.c **** 
 252:Core/Src/stm32f4xx_hal_msp.c ****   }
 253:Core/Src/stm32f4xx_hal_msp.c **** 
 254:Core/Src/stm32f4xx_hal_msp.c **** }
 366              		.loc 1 254 1 view .LVU90
 367 001a 09B0     		add	sp, sp, #36
 368              	.LCFI10:
 369              		.cfi_remember_state
 370              		.cfi_def_cfa_offset 28
 371              		@ sp needed
 372 001c BDE8F083 		pop	{r4, r5, r6, r7, r8, r9, pc}
 373              	.LVL15:
 374              	.L27:
 375              	.LCFI11:
 376              		.cfi_restore_state
 377              		.loc 1 254 1 view .LVU91
 378 0020 0446     		mov	r4, r0
 178:Core/Src/stm32f4xx_hal_msp.c **** 
 379              		.loc 1 178 5 is_stmt 1 view .LVU92
 380              	.LBB6:
 178:Core/Src/stm32f4xx_hal_msp.c **** 
 381              		.loc 1 178 5 view .LVU93
 382 0022 0025     		movs	r5, #0
 383 0024 0095     		str	r5, [sp]
 178:Core/Src/stm32f4xx_hal_msp.c **** 
 384              		.loc 1 178 5 view .LVU94
 385 0026 03F58633 		add	r3, r3, #68608
 386 002a 5A6C     		ldr	r2, [r3, #68]
ARM GAS  C:\Users\40918\AppData\Local\Temp\ccwnWUKb.s 			page 13


 387 002c 42F40062 		orr	r2, r2, #2048
 388 0030 5A64     		str	r2, [r3, #68]
 178:Core/Src/stm32f4xx_hal_msp.c **** 
 389              		.loc 1 178 5 view .LVU95
 390 0032 5A6C     		ldr	r2, [r3, #68]
 391 0034 02F40062 		and	r2, r2, #2048
 392 0038 0092     		str	r2, [sp]
 178:Core/Src/stm32f4xx_hal_msp.c **** 
 393              		.loc 1 178 5 view .LVU96
 394 003a 009A     		ldr	r2, [sp]
 395              	.LBE6:
 178:Core/Src/stm32f4xx_hal_msp.c **** 
 396              		.loc 1 178 5 view .LVU97
 180:Core/Src/stm32f4xx_hal_msp.c ****     __HAL_RCC_GPIOD_CLK_ENABLE();
 397              		.loc 1 180 5 view .LVU98
 398              	.LBB7:
 180:Core/Src/stm32f4xx_hal_msp.c ****     __HAL_RCC_GPIOD_CLK_ENABLE();
 399              		.loc 1 180 5 view .LVU99
 400 003c 0195     		str	r5, [sp, #4]
 180:Core/Src/stm32f4xx_hal_msp.c ****     __HAL_RCC_GPIOD_CLK_ENABLE();
 401              		.loc 1 180 5 view .LVU100
 402 003e 1A6B     		ldr	r2, [r3, #48]
 403 0040 42F00402 		orr	r2, r2, #4
 404 0044 1A63     		str	r2, [r3, #48]
 180:Core/Src/stm32f4xx_hal_msp.c ****     __HAL_RCC_GPIOD_CLK_ENABLE();
 405              		.loc 1 180 5 view .LVU101
 406 0046 1A6B     		ldr	r2, [r3, #48]
 407 0048 02F00402 		and	r2, r2, #4
 408 004c 0192     		str	r2, [sp, #4]
 180:Core/Src/stm32f4xx_hal_msp.c ****     __HAL_RCC_GPIOD_CLK_ENABLE();
 409              		.loc 1 180 5 view .LVU102
 410 004e 019A     		ldr	r2, [sp, #4]
 411              	.LBE7:
 180:Core/Src/stm32f4xx_hal_msp.c ****     __HAL_RCC_GPIOD_CLK_ENABLE();
 412              		.loc 1 180 5 view .LVU103
 181:Core/Src/stm32f4xx_hal_msp.c ****     /**SDIO GPIO Configuration
 413              		.loc 1 181 5 view .LVU104
 414              	.LBB8:
 181:Core/Src/stm32f4xx_hal_msp.c ****     /**SDIO GPIO Configuration
 415              		.loc 1 181 5 view .LVU105
 416 0050 0295     		str	r5, [sp, #8]
 181:Core/Src/stm32f4xx_hal_msp.c ****     /**SDIO GPIO Configuration
 417              		.loc 1 181 5 view .LVU106
 418 0052 1A6B     		ldr	r2, [r3, #48]
 419 0054 42F00802 		orr	r2, r2, #8
 420 0058 1A63     		str	r2, [r3, #48]
 181:Core/Src/stm32f4xx_hal_msp.c ****     /**SDIO GPIO Configuration
 421              		.loc 1 181 5 view .LVU107
 422 005a 1B6B     		ldr	r3, [r3, #48]
 423 005c 03F00803 		and	r3, r3, #8
 424 0060 0293     		str	r3, [sp, #8]
 181:Core/Src/stm32f4xx_hal_msp.c ****     /**SDIO GPIO Configuration
 425              		.loc 1 181 5 view .LVU108
 426 0062 029B     		ldr	r3, [sp, #8]
 427              	.LBE8:
 181:Core/Src/stm32f4xx_hal_msp.c ****     /**SDIO GPIO Configuration
 428              		.loc 1 181 5 view .LVU109
ARM GAS  C:\Users\40918\AppData\Local\Temp\ccwnWUKb.s 			page 14


 190:Core/Src/stm32f4xx_hal_msp.c ****                           |GPIO_PIN_12;
 429              		.loc 1 190 5 view .LVU110
 190:Core/Src/stm32f4xx_hal_msp.c ****                           |GPIO_PIN_12;
 430              		.loc 1 190 25 is_stmt 0 view .LVU111
 431 0064 4FF4F853 		mov	r3, #7936
 432 0068 0393     		str	r3, [sp, #12]
 192:Core/Src/stm32f4xx_hal_msp.c ****     GPIO_InitStruct.Pull = GPIO_NOPULL;
 433              		.loc 1 192 5 is_stmt 1 view .LVU112
 192:Core/Src/stm32f4xx_hal_msp.c ****     GPIO_InitStruct.Pull = GPIO_NOPULL;
 434              		.loc 1 192 26 is_stmt 0 view .LVU113
 435 006a 4FF00209 		mov	r9, #2
 436 006e CDF81090 		str	r9, [sp, #16]
 193:Core/Src/stm32f4xx_hal_msp.c ****     GPIO_InitStruct.Speed = GPIO_SPEED_FREQ_VERY_HIGH;
 437              		.loc 1 193 5 is_stmt 1 view .LVU114
 194:Core/Src/stm32f4xx_hal_msp.c ****     GPIO_InitStruct.Alternate = GPIO_AF12_SDIO;
 438              		.loc 1 194 5 view .LVU115
 194:Core/Src/stm32f4xx_hal_msp.c ****     GPIO_InitStruct.Alternate = GPIO_AF12_SDIO;
 439              		.loc 1 194 27 is_stmt 0 view .LVU116
 440 0072 0326     		movs	r6, #3
 441 0074 0696     		str	r6, [sp, #24]
 195:Core/Src/stm32f4xx_hal_msp.c ****     HAL_GPIO_Init(GPIOC, &GPIO_InitStruct);
 442              		.loc 1 195 5 is_stmt 1 view .LVU117
 195:Core/Src/stm32f4xx_hal_msp.c ****     HAL_GPIO_Init(GPIOC, &GPIO_InitStruct);
 443              		.loc 1 195 31 is_stmt 0 view .LVU118
 444 0076 4FF00C08 		mov	r8, #12
 445 007a CDF81C80 		str	r8, [sp, #28]
 196:Core/Src/stm32f4xx_hal_msp.c **** 
 446              		.loc 1 196 5 is_stmt 1 view .LVU119
 447 007e 0DEB0801 		add	r1, sp, r8
 448 0082 3048     		ldr	r0, .L30+4
 449              	.LVL16:
 196:Core/Src/stm32f4xx_hal_msp.c **** 
 450              		.loc 1 196 5 is_stmt 0 view .LVU120
 451 0084 FFF7FEFF 		bl	HAL_GPIO_Init
 452              	.LVL17:
 198:Core/Src/stm32f4xx_hal_msp.c ****     GPIO_InitStruct.Mode = GPIO_MODE_AF_PP;
 453              		.loc 1 198 5 is_stmt 1 view .LVU121
 198:Core/Src/stm32f4xx_hal_msp.c ****     GPIO_InitStruct.Mode = GPIO_MODE_AF_PP;
 454              		.loc 1 198 25 is_stmt 0 view .LVU122
 455 0088 0427     		movs	r7, #4
 456 008a 0397     		str	r7, [sp, #12]
 199:Core/Src/stm32f4xx_hal_msp.c ****     GPIO_InitStruct.Pull = GPIO_NOPULL;
 457              		.loc 1 199 5 is_stmt 1 view .LVU123
 199:Core/Src/stm32f4xx_hal_msp.c ****     GPIO_InitStruct.Pull = GPIO_NOPULL;
 458              		.loc 1 199 26 is_stmt 0 view .LVU124
 459 008c CDF81090 		str	r9, [sp, #16]
 200:Core/Src/stm32f4xx_hal_msp.c ****     GPIO_InitStruct.Speed = GPIO_SPEED_FREQ_VERY_HIGH;
 460              		.loc 1 200 5 is_stmt 1 view .LVU125
 200:Core/Src/stm32f4xx_hal_msp.c ****     GPIO_InitStruct.Speed = GPIO_SPEED_FREQ_VERY_HIGH;
 461              		.loc 1 200 26 is_stmt 0 view .LVU126
 462 0090 0595     		str	r5, [sp, #20]
 201:Core/Src/stm32f4xx_hal_msp.c ****     GPIO_InitStruct.Alternate = GPIO_AF12_SDIO;
 463              		.loc 1 201 5 is_stmt 1 view .LVU127
 201:Core/Src/stm32f4xx_hal_msp.c ****     GPIO_InitStruct.Alternate = GPIO_AF12_SDIO;
 464              		.loc 1 201 27 is_stmt 0 view .LVU128
 465 0092 0696     		str	r6, [sp, #24]
 202:Core/Src/stm32f4xx_hal_msp.c ****     HAL_GPIO_Init(GPIOD, &GPIO_InitStruct);
ARM GAS  C:\Users\40918\AppData\Local\Temp\ccwnWUKb.s 			page 15


 466              		.loc 1 202 5 is_stmt 1 view .LVU129
 202:Core/Src/stm32f4xx_hal_msp.c ****     HAL_GPIO_Init(GPIOD, &GPIO_InitStruct);
 467              		.loc 1 202 31 is_stmt 0 view .LVU130
 468 0094 CDF81C80 		str	r8, [sp, #28]
 203:Core/Src/stm32f4xx_hal_msp.c **** 
 469              		.loc 1 203 5 is_stmt 1 view .LVU131
 470 0098 0DEB0801 		add	r1, sp, r8
 471 009c 2A48     		ldr	r0, .L30+8
 472 009e FFF7FEFF 		bl	HAL_GPIO_Init
 473              	.LVL18:
 207:Core/Src/stm32f4xx_hal_msp.c ****     hdma_sdio_rx.Init.Channel = DMA_CHANNEL_4;
 474              		.loc 1 207 5 view .LVU132
 207:Core/Src/stm32f4xx_hal_msp.c ****     hdma_sdio_rx.Init.Channel = DMA_CHANNEL_4;
 475              		.loc 1 207 27 is_stmt 0 view .LVU133
 476 00a2 2A48     		ldr	r0, .L30+12
 477 00a4 2A4B     		ldr	r3, .L30+16
 478 00a6 0360     		str	r3, [r0]
 208:Core/Src/stm32f4xx_hal_msp.c ****     hdma_sdio_rx.Init.Direction = DMA_PERIPH_TO_MEMORY;
 479              		.loc 1 208 5 is_stmt 1 view .LVU134
 208:Core/Src/stm32f4xx_hal_msp.c ****     hdma_sdio_rx.Init.Direction = DMA_PERIPH_TO_MEMORY;
 480              		.loc 1 208 31 is_stmt 0 view .LVU135
 481 00a8 4FF00063 		mov	r3, #134217728
 482 00ac 4360     		str	r3, [r0, #4]
 209:Core/Src/stm32f4xx_hal_msp.c ****     hdma_sdio_rx.Init.PeriphInc = DMA_PINC_DISABLE;
 483              		.loc 1 209 5 is_stmt 1 view .LVU136
 209:Core/Src/stm32f4xx_hal_msp.c ****     hdma_sdio_rx.Init.PeriphInc = DMA_PINC_DISABLE;
 484              		.loc 1 209 33 is_stmt 0 view .LVU137
 485 00ae 8560     		str	r5, [r0, #8]
 210:Core/Src/stm32f4xx_hal_msp.c ****     hdma_sdio_rx.Init.MemInc = DMA_MINC_ENABLE;
 486              		.loc 1 210 5 is_stmt 1 view .LVU138
 210:Core/Src/stm32f4xx_hal_msp.c ****     hdma_sdio_rx.Init.MemInc = DMA_MINC_ENABLE;
 487              		.loc 1 210 33 is_stmt 0 view .LVU139
 488 00b0 C560     		str	r5, [r0, #12]
 211:Core/Src/stm32f4xx_hal_msp.c ****     hdma_sdio_rx.Init.PeriphDataAlignment = DMA_PDATAALIGN_WORD;
 489              		.loc 1 211 5 is_stmt 1 view .LVU140
 211:Core/Src/stm32f4xx_hal_msp.c ****     hdma_sdio_rx.Init.PeriphDataAlignment = DMA_PDATAALIGN_WORD;
 490              		.loc 1 211 30 is_stmt 0 view .LVU141
 491 00b2 4FF48063 		mov	r3, #1024
 492 00b6 0361     		str	r3, [r0, #16]
 212:Core/Src/stm32f4xx_hal_msp.c ****     hdma_sdio_rx.Init.MemDataAlignment = DMA_MDATAALIGN_WORD;
 493              		.loc 1 212 5 is_stmt 1 view .LVU142
 212:Core/Src/stm32f4xx_hal_msp.c ****     hdma_sdio_rx.Init.MemDataAlignment = DMA_MDATAALIGN_WORD;
 494              		.loc 1 212 43 is_stmt 0 view .LVU143
 495 00b8 4FF48053 		mov	r3, #4096
 496 00bc 4361     		str	r3, [r0, #20]
 213:Core/Src/stm32f4xx_hal_msp.c ****     hdma_sdio_rx.Init.Mode = DMA_PFCTRL;
 497              		.loc 1 213 5 is_stmt 1 view .LVU144
 213:Core/Src/stm32f4xx_hal_msp.c ****     hdma_sdio_rx.Init.Mode = DMA_PFCTRL;
 498              		.loc 1 213 40 is_stmt 0 view .LVU145
 499 00be 4FF48043 		mov	r3, #16384
 500 00c2 8361     		str	r3, [r0, #24]
 214:Core/Src/stm32f4xx_hal_msp.c ****     hdma_sdio_rx.Init.Priority = DMA_PRIORITY_LOW;
 501              		.loc 1 214 5 is_stmt 1 view .LVU146
 214:Core/Src/stm32f4xx_hal_msp.c ****     hdma_sdio_rx.Init.Priority = DMA_PRIORITY_LOW;
 502              		.loc 1 214 28 is_stmt 0 view .LVU147
 503 00c4 2023     		movs	r3, #32
 504 00c6 C361     		str	r3, [r0, #28]
ARM GAS  C:\Users\40918\AppData\Local\Temp\ccwnWUKb.s 			page 16


 215:Core/Src/stm32f4xx_hal_msp.c ****     hdma_sdio_rx.Init.FIFOMode = DMA_FIFOMODE_ENABLE;
 505              		.loc 1 215 5 is_stmt 1 view .LVU148
 215:Core/Src/stm32f4xx_hal_msp.c ****     hdma_sdio_rx.Init.FIFOMode = DMA_FIFOMODE_ENABLE;
 506              		.loc 1 215 32 is_stmt 0 view .LVU149
 507 00c8 0562     		str	r5, [r0, #32]
 216:Core/Src/stm32f4xx_hal_msp.c ****     hdma_sdio_rx.Init.FIFOThreshold = DMA_FIFO_THRESHOLD_FULL;
 508              		.loc 1 216 5 is_stmt 1 view .LVU150
 216:Core/Src/stm32f4xx_hal_msp.c ****     hdma_sdio_rx.Init.FIFOThreshold = DMA_FIFO_THRESHOLD_FULL;
 509              		.loc 1 216 32 is_stmt 0 view .LVU151
 510 00ca 4762     		str	r7, [r0, #36]
 217:Core/Src/stm32f4xx_hal_msp.c ****     hdma_sdio_rx.Init.MemBurst = DMA_MBURST_INC4;
 511              		.loc 1 217 5 is_stmt 1 view .LVU152
 217:Core/Src/stm32f4xx_hal_msp.c ****     hdma_sdio_rx.Init.MemBurst = DMA_MBURST_INC4;
 512              		.loc 1 217 37 is_stmt 0 view .LVU153
 513 00cc 8662     		str	r6, [r0, #40]
 218:Core/Src/stm32f4xx_hal_msp.c ****     hdma_sdio_rx.Init.PeriphBurst = DMA_PBURST_INC4;
 514              		.loc 1 218 5 is_stmt 1 view .LVU154
 218:Core/Src/stm32f4xx_hal_msp.c ****     hdma_sdio_rx.Init.PeriphBurst = DMA_PBURST_INC4;
 515              		.loc 1 218 32 is_stmt 0 view .LVU155
 516 00ce 4FF40003 		mov	r3, #8388608
 517 00d2 C362     		str	r3, [r0, #44]
 219:Core/Src/stm32f4xx_hal_msp.c ****     if (HAL_DMA_Init(&hdma_sdio_rx) != HAL_OK)
 518              		.loc 1 219 5 is_stmt 1 view .LVU156
 219:Core/Src/stm32f4xx_hal_msp.c ****     if (HAL_DMA_Init(&hdma_sdio_rx) != HAL_OK)
 519              		.loc 1 219 35 is_stmt 0 view .LVU157
 520 00d4 4FF40013 		mov	r3, #2097152
 521 00d8 0363     		str	r3, [r0, #48]
 220:Core/Src/stm32f4xx_hal_msp.c ****     {
 522              		.loc 1 220 5 is_stmt 1 view .LVU158
 220:Core/Src/stm32f4xx_hal_msp.c ****     {
 523              		.loc 1 220 9 is_stmt 0 view .LVU159
 524 00da FFF7FEFF 		bl	HAL_DMA_Init
 525              	.LVL19:
 220:Core/Src/stm32f4xx_hal_msp.c ****     {
 526              		.loc 1 220 8 discriminator 1 view .LVU160
 527 00de 48BB     		cbnz	r0, .L28
 528              	.L24:
 225:Core/Src/stm32f4xx_hal_msp.c **** 
 529              		.loc 1 225 5 is_stmt 1 view .LVU161
 225:Core/Src/stm32f4xx_hal_msp.c **** 
 530              		.loc 1 225 5 view .LVU162
 531 00e0 1A4B     		ldr	r3, .L30+12
 532 00e2 2364     		str	r3, [r4, #64]
 225:Core/Src/stm32f4xx_hal_msp.c **** 
 533              		.loc 1 225 5 view .LVU163
 534 00e4 9C63     		str	r4, [r3, #56]
 225:Core/Src/stm32f4xx_hal_msp.c **** 
 535              		.loc 1 225 5 view .LVU164
 228:Core/Src/stm32f4xx_hal_msp.c ****     hdma_sdio_tx.Init.Channel = DMA_CHANNEL_4;
 536              		.loc 1 228 5 view .LVU165
 228:Core/Src/stm32f4xx_hal_msp.c ****     hdma_sdio_tx.Init.Channel = DMA_CHANNEL_4;
 537              		.loc 1 228 27 is_stmt 0 view .LVU166
 538 00e6 1B48     		ldr	r0, .L30+20
 539 00e8 1B4B     		ldr	r3, .L30+24
 540 00ea 0360     		str	r3, [r0]
 229:Core/Src/stm32f4xx_hal_msp.c ****     hdma_sdio_tx.Init.Direction = DMA_MEMORY_TO_PERIPH;
 541              		.loc 1 229 5 is_stmt 1 view .LVU167
ARM GAS  C:\Users\40918\AppData\Local\Temp\ccwnWUKb.s 			page 17


 229:Core/Src/stm32f4xx_hal_msp.c ****     hdma_sdio_tx.Init.Direction = DMA_MEMORY_TO_PERIPH;
 542              		.loc 1 229 31 is_stmt 0 view .LVU168
 543 00ec 4FF00063 		mov	r3, #134217728
 544 00f0 4360     		str	r3, [r0, #4]
 230:Core/Src/stm32f4xx_hal_msp.c ****     hdma_sdio_tx.Init.PeriphInc = DMA_PINC_DISABLE;
 545              		.loc 1 230 5 is_stmt 1 view .LVU169
 230:Core/Src/stm32f4xx_hal_msp.c ****     hdma_sdio_tx.Init.PeriphInc = DMA_PINC_DISABLE;
 546              		.loc 1 230 33 is_stmt 0 view .LVU170
 547 00f2 4023     		movs	r3, #64
 548 00f4 8360     		str	r3, [r0, #8]
 231:Core/Src/stm32f4xx_hal_msp.c ****     hdma_sdio_tx.Init.MemInc = DMA_MINC_ENABLE;
 549              		.loc 1 231 5 is_stmt 1 view .LVU171
 231:Core/Src/stm32f4xx_hal_msp.c ****     hdma_sdio_tx.Init.MemInc = DMA_MINC_ENABLE;
 550              		.loc 1 231 33 is_stmt 0 view .LVU172
 551 00f6 0023     		movs	r3, #0
 552 00f8 C360     		str	r3, [r0, #12]
 232:Core/Src/stm32f4xx_hal_msp.c ****     hdma_sdio_tx.Init.PeriphDataAlignment = DMA_PDATAALIGN_WORD;
 553              		.loc 1 232 5 is_stmt 1 view .LVU173
 232:Core/Src/stm32f4xx_hal_msp.c ****     hdma_sdio_tx.Init.PeriphDataAlignment = DMA_PDATAALIGN_WORD;
 554              		.loc 1 232 30 is_stmt 0 view .LVU174
 555 00fa 4FF48062 		mov	r2, #1024
 556 00fe 0261     		str	r2, [r0, #16]
 233:Core/Src/stm32f4xx_hal_msp.c ****     hdma_sdio_tx.Init.MemDataAlignment = DMA_MDATAALIGN_WORD;
 557              		.loc 1 233 5 is_stmt 1 view .LVU175
 233:Core/Src/stm32f4xx_hal_msp.c ****     hdma_sdio_tx.Init.MemDataAlignment = DMA_MDATAALIGN_WORD;
 558              		.loc 1 233 43 is_stmt 0 view .LVU176
 559 0100 4FF48052 		mov	r2, #4096
 560 0104 4261     		str	r2, [r0, #20]
 234:Core/Src/stm32f4xx_hal_msp.c ****     hdma_sdio_tx.Init.Mode = DMA_PFCTRL;
 561              		.loc 1 234 5 is_stmt 1 view .LVU177
 234:Core/Src/stm32f4xx_hal_msp.c ****     hdma_sdio_tx.Init.Mode = DMA_PFCTRL;
 562              		.loc 1 234 40 is_stmt 0 view .LVU178
 563 0106 4FF48042 		mov	r2, #16384
 564 010a 8261     		str	r2, [r0, #24]
 235:Core/Src/stm32f4xx_hal_msp.c ****     hdma_sdio_tx.Init.Priority = DMA_PRIORITY_LOW;
 565              		.loc 1 235 5 is_stmt 1 view .LVU179
 235:Core/Src/stm32f4xx_hal_msp.c ****     hdma_sdio_tx.Init.Priority = DMA_PRIORITY_LOW;
 566              		.loc 1 235 28 is_stmt 0 view .LVU180
 567 010c 2022     		movs	r2, #32
 568 010e C261     		str	r2, [r0, #28]
 236:Core/Src/stm32f4xx_hal_msp.c ****     hdma_sdio_tx.Init.FIFOMode = DMA_FIFOMODE_ENABLE;
 569              		.loc 1 236 5 is_stmt 1 view .LVU181
 236:Core/Src/stm32f4xx_hal_msp.c ****     hdma_sdio_tx.Init.FIFOMode = DMA_FIFOMODE_ENABLE;
 570              		.loc 1 236 32 is_stmt 0 view .LVU182
 571 0110 0362     		str	r3, [r0, #32]
 237:Core/Src/stm32f4xx_hal_msp.c ****     hdma_sdio_tx.Init.FIFOThreshold = DMA_FIFO_THRESHOLD_FULL;
 572              		.loc 1 237 5 is_stmt 1 view .LVU183
 237:Core/Src/stm32f4xx_hal_msp.c ****     hdma_sdio_tx.Init.FIFOThreshold = DMA_FIFO_THRESHOLD_FULL;
 573              		.loc 1 237 32 is_stmt 0 view .LVU184
 574 0112 0423     		movs	r3, #4
 575 0114 4362     		str	r3, [r0, #36]
 238:Core/Src/stm32f4xx_hal_msp.c ****     hdma_sdio_tx.Init.MemBurst = DMA_MBURST_INC4;
 576              		.loc 1 238 5 is_stmt 1 view .LVU185
 238:Core/Src/stm32f4xx_hal_msp.c ****     hdma_sdio_tx.Init.MemBurst = DMA_MBURST_INC4;
 577              		.loc 1 238 37 is_stmt 0 view .LVU186
 578 0116 0323     		movs	r3, #3
 579 0118 8362     		str	r3, [r0, #40]
ARM GAS  C:\Users\40918\AppData\Local\Temp\ccwnWUKb.s 			page 18


 239:Core/Src/stm32f4xx_hal_msp.c ****     hdma_sdio_tx.Init.PeriphBurst = DMA_PBURST_INC4;
 580              		.loc 1 239 5 is_stmt 1 view .LVU187
 239:Core/Src/stm32f4xx_hal_msp.c ****     hdma_sdio_tx.Init.PeriphBurst = DMA_PBURST_INC4;
 581              		.loc 1 239 32 is_stmt 0 view .LVU188
 582 011a 4FF40003 		mov	r3, #8388608
 583 011e C362     		str	r3, [r0, #44]
 240:Core/Src/stm32f4xx_hal_msp.c ****     if (HAL_DMA_Init(&hdma_sdio_tx) != HAL_OK)
 584              		.loc 1 240 5 is_stmt 1 view .LVU189
 240:Core/Src/stm32f4xx_hal_msp.c ****     if (HAL_DMA_Init(&hdma_sdio_tx) != HAL_OK)
 585              		.loc 1 240 35 is_stmt 0 view .LVU190
 586 0120 4FF40013 		mov	r3, #2097152
 587 0124 0363     		str	r3, [r0, #48]
 241:Core/Src/stm32f4xx_hal_msp.c ****     {
 588              		.loc 1 241 5 is_stmt 1 view .LVU191
 241:Core/Src/stm32f4xx_hal_msp.c ****     {
 589              		.loc 1 241 9 is_stmt 0 view .LVU192
 590 0126 FFF7FEFF 		bl	HAL_DMA_Init
 591              	.LVL20:
 241:Core/Src/stm32f4xx_hal_msp.c ****     {
 592              		.loc 1 241 8 discriminator 1 view .LVU193
 593 012a 30B9     		cbnz	r0, .L29
 594              	.L25:
 246:Core/Src/stm32f4xx_hal_msp.c **** 
 595              		.loc 1 246 5 is_stmt 1 view .LVU194
 246:Core/Src/stm32f4xx_hal_msp.c **** 
 596              		.loc 1 246 5 view .LVU195
 597 012c 094B     		ldr	r3, .L30+20
 598 012e E363     		str	r3, [r4, #60]
 246:Core/Src/stm32f4xx_hal_msp.c **** 
 599              		.loc 1 246 5 view .LVU196
 600 0130 9C63     		str	r4, [r3, #56]
 246:Core/Src/stm32f4xx_hal_msp.c **** 
 601              		.loc 1 246 5 discriminator 1 view .LVU197
 602              		.loc 1 254 1 is_stmt 0 view .LVU198
 603 0132 72E7     		b	.L22
 604              	.L28:
 222:Core/Src/stm32f4xx_hal_msp.c ****     }
 605              		.loc 1 222 7 is_stmt 1 view .LVU199
 606 0134 FFF7FEFF 		bl	Error_Handler
 607              	.LVL21:
 608 0138 D2E7     		b	.L24
 609              	.L29:
 243:Core/Src/stm32f4xx_hal_msp.c ****     }
 610              		.loc 1 243 7 view .LVU200
 611 013a FFF7FEFF 		bl	Error_Handler
 612              	.LVL22:
 613 013e F5E7     		b	.L25
 614              	.L31:
 615              		.align	2
 616              	.L30:
 617 0140 002C0140 		.word	1073818624
 618 0144 00080240 		.word	1073874944
 619 0148 000C0240 		.word	1073875968
 620 014c 00000000 		.word	hdma_sdio_rx
 621 0150 58640240 		.word	1073898584
 622 0154 00000000 		.word	hdma_sdio_tx
 623 0158 A0640240 		.word	1073898656
ARM GAS  C:\Users\40918\AppData\Local\Temp\ccwnWUKb.s 			page 19


 624              		.cfi_endproc
 625              	.LFE242:
 627              		.section	.text.HAL_SD_MspDeInit,"ax",%progbits
 628              		.align	1
 629              		.global	HAL_SD_MspDeInit
 630              		.syntax unified
 631              		.thumb
 632              		.thumb_func
 634              	HAL_SD_MspDeInit:
 635              	.LVL23:
 636              	.LFB243:
 255:Core/Src/stm32f4xx_hal_msp.c **** 
 256:Core/Src/stm32f4xx_hal_msp.c **** /**
 257:Core/Src/stm32f4xx_hal_msp.c ****   * @brief SD MSP De-Initialization
 258:Core/Src/stm32f4xx_hal_msp.c ****   * This function freeze the hardware resources used in this example
 259:Core/Src/stm32f4xx_hal_msp.c ****   * @param hsd: SD handle pointer
 260:Core/Src/stm32f4xx_hal_msp.c ****   * @retval None
 261:Core/Src/stm32f4xx_hal_msp.c ****   */
 262:Core/Src/stm32f4xx_hal_msp.c **** void HAL_SD_MspDeInit(SD_HandleTypeDef* hsd)
 263:Core/Src/stm32f4xx_hal_msp.c **** {
 637              		.loc 1 263 1 view -0
 638              		.cfi_startproc
 639              		@ args = 0, pretend = 0, frame = 0
 640              		@ frame_needed = 0, uses_anonymous_args = 0
 264:Core/Src/stm32f4xx_hal_msp.c ****   if(hsd->Instance==SDIO)
 641              		.loc 1 264 3 view .LVU202
 642              		.loc 1 264 9 is_stmt 0 view .LVU203
 643 0000 0268     		ldr	r2, [r0]
 644              		.loc 1 264 5 view .LVU204
 645 0002 0D4B     		ldr	r3, .L39
 646 0004 9A42     		cmp	r2, r3
 647 0006 00D0     		beq	.L38
 648 0008 7047     		bx	lr
 649              	.L38:
 263:Core/Src/stm32f4xx_hal_msp.c ****   if(hsd->Instance==SDIO)
 650              		.loc 1 263 1 view .LVU205
 651 000a 10B5     		push	{r4, lr}
 652              	.LCFI12:
 653              		.cfi_def_cfa_offset 8
 654              		.cfi_offset 4, -8
 655              		.cfi_offset 14, -4
 656 000c 0446     		mov	r4, r0
 265:Core/Src/stm32f4xx_hal_msp.c ****   {
 266:Core/Src/stm32f4xx_hal_msp.c ****     /* USER CODE BEGIN SDIO_MspDeInit 0 */
 267:Core/Src/stm32f4xx_hal_msp.c **** 
 268:Core/Src/stm32f4xx_hal_msp.c ****     /* USER CODE END SDIO_MspDeInit 0 */
 269:Core/Src/stm32f4xx_hal_msp.c ****     /* Peripheral clock disable */
 270:Core/Src/stm32f4xx_hal_msp.c ****     __HAL_RCC_SDIO_CLK_DISABLE();
 657              		.loc 1 270 5 is_stmt 1 view .LVU206
 658 000e 0B4A     		ldr	r2, .L39+4
 659 0010 536C     		ldr	r3, [r2, #68]
 660 0012 23F40063 		bic	r3, r3, #2048
 661 0016 5364     		str	r3, [r2, #68]
 271:Core/Src/stm32f4xx_hal_msp.c **** 
 272:Core/Src/stm32f4xx_hal_msp.c ****     /**SDIO GPIO Configuration
 273:Core/Src/stm32f4xx_hal_msp.c ****     PC8     ------> SDIO_D0
 274:Core/Src/stm32f4xx_hal_msp.c ****     PC9     ------> SDIO_D1
ARM GAS  C:\Users\40918\AppData\Local\Temp\ccwnWUKb.s 			page 20


 275:Core/Src/stm32f4xx_hal_msp.c ****     PC10     ------> SDIO_D2
 276:Core/Src/stm32f4xx_hal_msp.c ****     PC11     ------> SDIO_D3
 277:Core/Src/stm32f4xx_hal_msp.c ****     PC12     ------> SDIO_CK
 278:Core/Src/stm32f4xx_hal_msp.c ****     PD2     ------> SDIO_CMD
 279:Core/Src/stm32f4xx_hal_msp.c ****     */
 280:Core/Src/stm32f4xx_hal_msp.c ****     HAL_GPIO_DeInit(GPIOC, GPIO_PIN_8|GPIO_PIN_9|GPIO_PIN_10|GPIO_PIN_11
 662              		.loc 1 280 5 view .LVU207
 663 0018 4FF4F851 		mov	r1, #7936
 664 001c 0848     		ldr	r0, .L39+8
 665              	.LVL24:
 666              		.loc 1 280 5 is_stmt 0 view .LVU208
 667 001e FFF7FEFF 		bl	HAL_GPIO_DeInit
 668              	.LVL25:
 281:Core/Src/stm32f4xx_hal_msp.c ****                           |GPIO_PIN_12);
 282:Core/Src/stm32f4xx_hal_msp.c **** 
 283:Core/Src/stm32f4xx_hal_msp.c ****     HAL_GPIO_DeInit(GPIOD, GPIO_PIN_2);
 669              		.loc 1 283 5 is_stmt 1 view .LVU209
 670 0022 0421     		movs	r1, #4
 671 0024 0748     		ldr	r0, .L39+12
 672 0026 FFF7FEFF 		bl	HAL_GPIO_DeInit
 673              	.LVL26:
 284:Core/Src/stm32f4xx_hal_msp.c **** 
 285:Core/Src/stm32f4xx_hal_msp.c ****     /* SDIO DMA DeInit */
 286:Core/Src/stm32f4xx_hal_msp.c ****     HAL_DMA_DeInit(hsd->hdmarx);
 674              		.loc 1 286 5 view .LVU210
 675 002a 206C     		ldr	r0, [r4, #64]
 676 002c FFF7FEFF 		bl	HAL_DMA_DeInit
 677              	.LVL27:
 287:Core/Src/stm32f4xx_hal_msp.c ****     HAL_DMA_DeInit(hsd->hdmatx);
 678              		.loc 1 287 5 view .LVU211
 679 0030 E06B     		ldr	r0, [r4, #60]
 680 0032 FFF7FEFF 		bl	HAL_DMA_DeInit
 681              	.LVL28:
 288:Core/Src/stm32f4xx_hal_msp.c ****     /* USER CODE BEGIN SDIO_MspDeInit 1 */
 289:Core/Src/stm32f4xx_hal_msp.c **** 
 290:Core/Src/stm32f4xx_hal_msp.c ****     /* USER CODE END SDIO_MspDeInit 1 */
 291:Core/Src/stm32f4xx_hal_msp.c ****   }
 292:Core/Src/stm32f4xx_hal_msp.c **** 
 293:Core/Src/stm32f4xx_hal_msp.c **** }
 682              		.loc 1 293 1 is_stmt 0 view .LVU212
 683 0036 10BD     		pop	{r4, pc}
 684              	.LVL29:
 685              	.L40:
 686              		.loc 1 293 1 view .LVU213
 687              		.align	2
 688              	.L39:
 689 0038 002C0140 		.word	1073818624
 690 003c 00380240 		.word	1073887232
 691 0040 00080240 		.word	1073874944
 692 0044 000C0240 		.word	1073875968
 693              		.cfi_endproc
 694              	.LFE243:
 696              		.section	.text.HAL_TIM_Base_MspInit,"ax",%progbits
 697              		.align	1
 698              		.global	HAL_TIM_Base_MspInit
 699              		.syntax unified
 700              		.thumb
ARM GAS  C:\Users\40918\AppData\Local\Temp\ccwnWUKb.s 			page 21


 701              		.thumb_func
 703              	HAL_TIM_Base_MspInit:
 704              	.LVL30:
 705              	.LFB244:
 294:Core/Src/stm32f4xx_hal_msp.c **** 
 295:Core/Src/stm32f4xx_hal_msp.c **** /**
 296:Core/Src/stm32f4xx_hal_msp.c ****   * @brief TIM_Base MSP Initialization
 297:Core/Src/stm32f4xx_hal_msp.c ****   * This function configures the hardware resources used in this example
 298:Core/Src/stm32f4xx_hal_msp.c ****   * @param htim_base: TIM_Base handle pointer
 299:Core/Src/stm32f4xx_hal_msp.c ****   * @retval None
 300:Core/Src/stm32f4xx_hal_msp.c ****   */
 301:Core/Src/stm32f4xx_hal_msp.c **** void HAL_TIM_Base_MspInit(TIM_HandleTypeDef* htim_base)
 302:Core/Src/stm32f4xx_hal_msp.c **** {
 706              		.loc 1 302 1 is_stmt 1 view -0
 707              		.cfi_startproc
 708              		@ args = 0, pretend = 0, frame = 32
 709              		@ frame_needed = 0, uses_anonymous_args = 0
 710              		.loc 1 302 1 is_stmt 0 view .LVU215
 711 0000 00B5     		push	{lr}
 712              	.LCFI13:
 713              		.cfi_def_cfa_offset 4
 714              		.cfi_offset 14, -4
 715 0002 89B0     		sub	sp, sp, #36
 716              	.LCFI14:
 717              		.cfi_def_cfa_offset 40
 303:Core/Src/stm32f4xx_hal_msp.c ****   GPIO_InitTypeDef GPIO_InitStruct = {0};
 718              		.loc 1 303 3 is_stmt 1 view .LVU216
 719              		.loc 1 303 20 is_stmt 0 view .LVU217
 720 0004 0023     		movs	r3, #0
 721 0006 0393     		str	r3, [sp, #12]
 722 0008 0493     		str	r3, [sp, #16]
 723 000a 0593     		str	r3, [sp, #20]
 724 000c 0693     		str	r3, [sp, #24]
 725 000e 0793     		str	r3, [sp, #28]
 304:Core/Src/stm32f4xx_hal_msp.c ****   if(htim_base->Instance==TIM5)
 726              		.loc 1 304 3 is_stmt 1 view .LVU218
 727              		.loc 1 304 15 is_stmt 0 view .LVU219
 728 0010 0268     		ldr	r2, [r0]
 729              		.loc 1 304 5 view .LVU220
 730 0012 134B     		ldr	r3, .L45
 731 0014 9A42     		cmp	r2, r3
 732 0016 02D0     		beq	.L44
 733              	.LVL31:
 734              	.L41:
 305:Core/Src/stm32f4xx_hal_msp.c ****   {
 306:Core/Src/stm32f4xx_hal_msp.c ****     /* USER CODE BEGIN TIM5_MspInit 0 */
 307:Core/Src/stm32f4xx_hal_msp.c **** 
 308:Core/Src/stm32f4xx_hal_msp.c ****     /* USER CODE END TIM5_MspInit 0 */
 309:Core/Src/stm32f4xx_hal_msp.c ****     /* Peripheral clock enable */
 310:Core/Src/stm32f4xx_hal_msp.c ****     __HAL_RCC_TIM5_CLK_ENABLE();
 311:Core/Src/stm32f4xx_hal_msp.c **** 
 312:Core/Src/stm32f4xx_hal_msp.c ****     __HAL_RCC_GPIOA_CLK_ENABLE();
 313:Core/Src/stm32f4xx_hal_msp.c ****     /**TIM5 GPIO Configuration
 314:Core/Src/stm32f4xx_hal_msp.c ****     PA0-WKUP     ------> TIM5_CH1
 315:Core/Src/stm32f4xx_hal_msp.c ****     */
 316:Core/Src/stm32f4xx_hal_msp.c ****     GPIO_InitStruct.Pin = GPIO_PIN_0;
 317:Core/Src/stm32f4xx_hal_msp.c ****     GPIO_InitStruct.Mode = GPIO_MODE_AF_PP;
ARM GAS  C:\Users\40918\AppData\Local\Temp\ccwnWUKb.s 			page 22


 318:Core/Src/stm32f4xx_hal_msp.c ****     GPIO_InitStruct.Pull = GPIO_NOPULL;
 319:Core/Src/stm32f4xx_hal_msp.c ****     GPIO_InitStruct.Speed = GPIO_SPEED_FREQ_LOW;
 320:Core/Src/stm32f4xx_hal_msp.c ****     GPIO_InitStruct.Alternate = GPIO_AF2_TIM5;
 321:Core/Src/stm32f4xx_hal_msp.c ****     HAL_GPIO_Init(GPIOA, &GPIO_InitStruct);
 322:Core/Src/stm32f4xx_hal_msp.c **** 
 323:Core/Src/stm32f4xx_hal_msp.c ****     /* USER CODE BEGIN TIM5_MspInit 1 */
 324:Core/Src/stm32f4xx_hal_msp.c **** 
 325:Core/Src/stm32f4xx_hal_msp.c ****     /* USER CODE END TIM5_MspInit 1 */
 326:Core/Src/stm32f4xx_hal_msp.c **** 
 327:Core/Src/stm32f4xx_hal_msp.c ****   }
 328:Core/Src/stm32f4xx_hal_msp.c **** 
 329:Core/Src/stm32f4xx_hal_msp.c **** }
 735              		.loc 1 329 1 view .LVU221
 736 0018 09B0     		add	sp, sp, #36
 737              	.LCFI15:
 738              		.cfi_remember_state
 739              		.cfi_def_cfa_offset 4
 740              		@ sp needed
 741 001a 5DF804FB 		ldr	pc, [sp], #4
 742              	.LVL32:
 743              	.L44:
 744              	.LCFI16:
 745              		.cfi_restore_state
 310:Core/Src/stm32f4xx_hal_msp.c **** 
 746              		.loc 1 310 5 is_stmt 1 view .LVU222
 747              	.LBB9:
 310:Core/Src/stm32f4xx_hal_msp.c **** 
 748              		.loc 1 310 5 view .LVU223
 749 001e 0021     		movs	r1, #0
 750 0020 0191     		str	r1, [sp, #4]
 310:Core/Src/stm32f4xx_hal_msp.c **** 
 751              		.loc 1 310 5 view .LVU224
 752 0022 03F50B33 		add	r3, r3, #142336
 753 0026 1A6C     		ldr	r2, [r3, #64]
 754 0028 42F00802 		orr	r2, r2, #8
 755 002c 1A64     		str	r2, [r3, #64]
 310:Core/Src/stm32f4xx_hal_msp.c **** 
 756              		.loc 1 310 5 view .LVU225
 757 002e 1A6C     		ldr	r2, [r3, #64]
 758 0030 02F00802 		and	r2, r2, #8
 759 0034 0192     		str	r2, [sp, #4]
 310:Core/Src/stm32f4xx_hal_msp.c **** 
 760              		.loc 1 310 5 view .LVU226
 761 0036 019A     		ldr	r2, [sp, #4]
 762              	.LBE9:
 310:Core/Src/stm32f4xx_hal_msp.c **** 
 763              		.loc 1 310 5 view .LVU227
 312:Core/Src/stm32f4xx_hal_msp.c ****     /**TIM5 GPIO Configuration
 764              		.loc 1 312 5 view .LVU228
 765              	.LBB10:
 312:Core/Src/stm32f4xx_hal_msp.c ****     /**TIM5 GPIO Configuration
 766              		.loc 1 312 5 view .LVU229
 767 0038 0291     		str	r1, [sp, #8]
 312:Core/Src/stm32f4xx_hal_msp.c ****     /**TIM5 GPIO Configuration
 768              		.loc 1 312 5 view .LVU230
 769 003a 1A6B     		ldr	r2, [r3, #48]
 770 003c 42F00102 		orr	r2, r2, #1
ARM GAS  C:\Users\40918\AppData\Local\Temp\ccwnWUKb.s 			page 23


 771 0040 1A63     		str	r2, [r3, #48]
 312:Core/Src/stm32f4xx_hal_msp.c ****     /**TIM5 GPIO Configuration
 772              		.loc 1 312 5 view .LVU231
 773 0042 1B6B     		ldr	r3, [r3, #48]
 774 0044 03F00103 		and	r3, r3, #1
 775 0048 0293     		str	r3, [sp, #8]
 312:Core/Src/stm32f4xx_hal_msp.c ****     /**TIM5 GPIO Configuration
 776              		.loc 1 312 5 view .LVU232
 777 004a 029B     		ldr	r3, [sp, #8]
 778              	.LBE10:
 312:Core/Src/stm32f4xx_hal_msp.c ****     /**TIM5 GPIO Configuration
 779              		.loc 1 312 5 view .LVU233
 316:Core/Src/stm32f4xx_hal_msp.c ****     GPIO_InitStruct.Mode = GPIO_MODE_AF_PP;
 780              		.loc 1 316 5 view .LVU234
 316:Core/Src/stm32f4xx_hal_msp.c ****     GPIO_InitStruct.Mode = GPIO_MODE_AF_PP;
 781              		.loc 1 316 25 is_stmt 0 view .LVU235
 782 004c 0123     		movs	r3, #1
 783 004e 0393     		str	r3, [sp, #12]
 317:Core/Src/stm32f4xx_hal_msp.c ****     GPIO_InitStruct.Pull = GPIO_NOPULL;
 784              		.loc 1 317 5 is_stmt 1 view .LVU236
 317:Core/Src/stm32f4xx_hal_msp.c ****     GPIO_InitStruct.Pull = GPIO_NOPULL;
 785              		.loc 1 317 26 is_stmt 0 view .LVU237
 786 0050 0223     		movs	r3, #2
 787 0052 0493     		str	r3, [sp, #16]
 318:Core/Src/stm32f4xx_hal_msp.c ****     GPIO_InitStruct.Speed = GPIO_SPEED_FREQ_LOW;
 788              		.loc 1 318 5 is_stmt 1 view .LVU238
 319:Core/Src/stm32f4xx_hal_msp.c ****     GPIO_InitStruct.Alternate = GPIO_AF2_TIM5;
 789              		.loc 1 319 5 view .LVU239
 320:Core/Src/stm32f4xx_hal_msp.c ****     HAL_GPIO_Init(GPIOA, &GPIO_InitStruct);
 790              		.loc 1 320 5 view .LVU240
 320:Core/Src/stm32f4xx_hal_msp.c ****     HAL_GPIO_Init(GPIOA, &GPIO_InitStruct);
 791              		.loc 1 320 31 is_stmt 0 view .LVU241
 792 0054 0793     		str	r3, [sp, #28]
 321:Core/Src/stm32f4xx_hal_msp.c **** 
 793              		.loc 1 321 5 is_stmt 1 view .LVU242
 794 0056 03A9     		add	r1, sp, #12
 795 0058 0248     		ldr	r0, .L45+4
 796              	.LVL33:
 321:Core/Src/stm32f4xx_hal_msp.c **** 
 797              		.loc 1 321 5 is_stmt 0 view .LVU243
 798 005a FFF7FEFF 		bl	HAL_GPIO_Init
 799              	.LVL34:
 800              		.loc 1 329 1 view .LVU244
 801 005e DBE7     		b	.L41
 802              	.L46:
 803              		.align	2
 804              	.L45:
 805 0060 000C0040 		.word	1073744896
 806 0064 00000240 		.word	1073872896
 807              		.cfi_endproc
 808              	.LFE244:
 810              		.section	.text.HAL_TIM_Base_MspDeInit,"ax",%progbits
 811              		.align	1
 812              		.global	HAL_TIM_Base_MspDeInit
 813              		.syntax unified
 814              		.thumb
 815              		.thumb_func
ARM GAS  C:\Users\40918\AppData\Local\Temp\ccwnWUKb.s 			page 24


 817              	HAL_TIM_Base_MspDeInit:
 818              	.LVL35:
 819              	.LFB245:
 330:Core/Src/stm32f4xx_hal_msp.c **** 
 331:Core/Src/stm32f4xx_hal_msp.c **** /**
 332:Core/Src/stm32f4xx_hal_msp.c ****   * @brief TIM_Base MSP De-Initialization
 333:Core/Src/stm32f4xx_hal_msp.c ****   * This function freeze the hardware resources used in this example
 334:Core/Src/stm32f4xx_hal_msp.c ****   * @param htim_base: TIM_Base handle pointer
 335:Core/Src/stm32f4xx_hal_msp.c ****   * @retval None
 336:Core/Src/stm32f4xx_hal_msp.c ****   */
 337:Core/Src/stm32f4xx_hal_msp.c **** void HAL_TIM_Base_MspDeInit(TIM_HandleTypeDef* htim_base)
 338:Core/Src/stm32f4xx_hal_msp.c **** {
 820              		.loc 1 338 1 is_stmt 1 view -0
 821              		.cfi_startproc
 822              		@ args = 0, pretend = 0, frame = 0
 823              		@ frame_needed = 0, uses_anonymous_args = 0
 824              		.loc 1 338 1 is_stmt 0 view .LVU246
 825 0000 08B5     		push	{r3, lr}
 826              	.LCFI17:
 827              		.cfi_def_cfa_offset 8
 828              		.cfi_offset 3, -8
 829              		.cfi_offset 14, -4
 339:Core/Src/stm32f4xx_hal_msp.c ****   if(htim_base->Instance==TIM5)
 830              		.loc 1 339 3 is_stmt 1 view .LVU247
 831              		.loc 1 339 15 is_stmt 0 view .LVU248
 832 0002 0268     		ldr	r2, [r0]
 833              		.loc 1 339 5 view .LVU249
 834 0004 064B     		ldr	r3, .L51
 835 0006 9A42     		cmp	r2, r3
 836 0008 00D0     		beq	.L50
 837              	.LVL36:
 838              	.L47:
 340:Core/Src/stm32f4xx_hal_msp.c ****   {
 341:Core/Src/stm32f4xx_hal_msp.c ****     /* USER CODE BEGIN TIM5_MspDeInit 0 */
 342:Core/Src/stm32f4xx_hal_msp.c **** 
 343:Core/Src/stm32f4xx_hal_msp.c ****     /* USER CODE END TIM5_MspDeInit 0 */
 344:Core/Src/stm32f4xx_hal_msp.c ****     /* Peripheral clock disable */
 345:Core/Src/stm32f4xx_hal_msp.c ****     __HAL_RCC_TIM5_CLK_DISABLE();
 346:Core/Src/stm32f4xx_hal_msp.c **** 
 347:Core/Src/stm32f4xx_hal_msp.c ****     /**TIM5 GPIO Configuration
 348:Core/Src/stm32f4xx_hal_msp.c ****     PA0-WKUP     ------> TIM5_CH1
 349:Core/Src/stm32f4xx_hal_msp.c ****     */
 350:Core/Src/stm32f4xx_hal_msp.c ****     HAL_GPIO_DeInit(GPIOA, GPIO_PIN_0);
 351:Core/Src/stm32f4xx_hal_msp.c **** 
 352:Core/Src/stm32f4xx_hal_msp.c ****     /* USER CODE BEGIN TIM5_MspDeInit 1 */
 353:Core/Src/stm32f4xx_hal_msp.c **** 
 354:Core/Src/stm32f4xx_hal_msp.c ****     /* USER CODE END TIM5_MspDeInit 1 */
 355:Core/Src/stm32f4xx_hal_msp.c ****   }
 356:Core/Src/stm32f4xx_hal_msp.c **** 
 357:Core/Src/stm32f4xx_hal_msp.c **** }
 839              		.loc 1 357 1 view .LVU250
 840 000a 08BD     		pop	{r3, pc}
 841              	.LVL37:
 842              	.L50:
 345:Core/Src/stm32f4xx_hal_msp.c **** 
 843              		.loc 1 345 5 is_stmt 1 view .LVU251
 844 000c 054A     		ldr	r2, .L51+4
ARM GAS  C:\Users\40918\AppData\Local\Temp\ccwnWUKb.s 			page 25


 845 000e 136C     		ldr	r3, [r2, #64]
 846 0010 23F00803 		bic	r3, r3, #8
 847 0014 1364     		str	r3, [r2, #64]
 350:Core/Src/stm32f4xx_hal_msp.c **** 
 848              		.loc 1 350 5 view .LVU252
 849 0016 0121     		movs	r1, #1
 850 0018 0348     		ldr	r0, .L51+8
 851              	.LVL38:
 350:Core/Src/stm32f4xx_hal_msp.c **** 
 852              		.loc 1 350 5 is_stmt 0 view .LVU253
 853 001a FFF7FEFF 		bl	HAL_GPIO_DeInit
 854              	.LVL39:
 855              		.loc 1 357 1 view .LVU254
 856 001e F4E7     		b	.L47
 857              	.L52:
 858              		.align	2
 859              	.L51:
 860 0020 000C0040 		.word	1073744896
 861 0024 00380240 		.word	1073887232
 862 0028 00000240 		.word	1073872896
 863              		.cfi_endproc
 864              	.LFE245:
 866              		.section	.text.HAL_RTC_MspInit,"ax",%progbits
 867              		.align	1
 868              		.global	HAL_RTC_MspInit
 869              		.syntax unified
 870              		.thumb
 871              		.thumb_func
 873              	HAL_RTC_MspInit:
 874              	.LVL40:
 875              	.LFB246:
 358:Core/Src/stm32f4xx_hal_msp.c **** 
 359:Core/Src/stm32f4xx_hal_msp.c **** void HAL_RTC_MspInit(RTC_HandleTypeDef* hrtc)
 360:Core/Src/stm32f4xx_hal_msp.c **** {
 876              		.loc 1 360 1 is_stmt 1 view -0
 877              		.cfi_startproc
 878              		@ args = 0, pretend = 0, frame = 16
 879              		@ frame_needed = 0, uses_anonymous_args = 0
 880              		.loc 1 360 1 is_stmt 0 view .LVU256
 881 0000 00B5     		push	{lr}
 882              	.LCFI18:
 883              		.cfi_def_cfa_offset 4
 884              		.cfi_offset 14, -4
 885 0002 85B0     		sub	sp, sp, #20
 886              	.LCFI19:
 887              		.cfi_def_cfa_offset 24
 361:Core/Src/stm32f4xx_hal_msp.c ****   RCC_PeriphCLKInitTypeDef PeriphClkInitStruct = {0};
 888              		.loc 1 361 3 is_stmt 1 view .LVU257
 889              		.loc 1 361 28 is_stmt 0 view .LVU258
 890 0004 0023     		movs	r3, #0
 891 0006 0093     		str	r3, [sp]
 892 0008 0193     		str	r3, [sp, #4]
 893 000a 0293     		str	r3, [sp, #8]
 894 000c 0393     		str	r3, [sp, #12]
 362:Core/Src/stm32f4xx_hal_msp.c ****   if (hrtc->Instance == RTC)
 895              		.loc 1 362 3 is_stmt 1 view .LVU259
 896              		.loc 1 362 11 is_stmt 0 view .LVU260
ARM GAS  C:\Users\40918\AppData\Local\Temp\ccwnWUKb.s 			page 26


 897 000e 0268     		ldr	r2, [r0]
 898              		.loc 1 362 6 view .LVU261
 899 0010 0B4B     		ldr	r3, .L59
 900 0012 9A42     		cmp	r2, r3
 901 0014 02D0     		beq	.L57
 902              	.LVL41:
 903              	.L53:
 363:Core/Src/stm32f4xx_hal_msp.c ****   {
 364:Core/Src/stm32f4xx_hal_msp.c ****     PeriphClkInitStruct.PeriphClockSelection = RCC_PERIPHCLK_RTC;
 365:Core/Src/stm32f4xx_hal_msp.c ****     PeriphClkInitStruct.RTCClockSelection = RCC_RTCCLKSOURCE_LSI;
 366:Core/Src/stm32f4xx_hal_msp.c ****     if (HAL_RCCEx_PeriphCLKConfig(&PeriphClkInitStruct) != HAL_OK)
 367:Core/Src/stm32f4xx_hal_msp.c ****     {
 368:Core/Src/stm32f4xx_hal_msp.c ****       Error_Handler();
 369:Core/Src/stm32f4xx_hal_msp.c ****     }
 370:Core/Src/stm32f4xx_hal_msp.c **** 
 371:Core/Src/stm32f4xx_hal_msp.c ****     __HAL_RCC_RTC_ENABLE();
 372:Core/Src/stm32f4xx_hal_msp.c ****   }
 373:Core/Src/stm32f4xx_hal_msp.c **** }
 904              		.loc 1 373 1 view .LVU262
 905 0016 05B0     		add	sp, sp, #20
 906              	.LCFI20:
 907              		.cfi_remember_state
 908              		.cfi_def_cfa_offset 4
 909              		@ sp needed
 910 0018 5DF804FB 		ldr	pc, [sp], #4
 911              	.LVL42:
 912              	.L57:
 913              	.LCFI21:
 914              		.cfi_restore_state
 364:Core/Src/stm32f4xx_hal_msp.c ****     PeriphClkInitStruct.RTCClockSelection = RCC_RTCCLKSOURCE_LSI;
 915              		.loc 1 364 5 is_stmt 1 view .LVU263
 364:Core/Src/stm32f4xx_hal_msp.c ****     PeriphClkInitStruct.RTCClockSelection = RCC_RTCCLKSOURCE_LSI;
 916              		.loc 1 364 46 is_stmt 0 view .LVU264
 917 001c 0223     		movs	r3, #2
 918 001e 0093     		str	r3, [sp]
 365:Core/Src/stm32f4xx_hal_msp.c ****     if (HAL_RCCEx_PeriphCLKConfig(&PeriphClkInitStruct) != HAL_OK)
 919              		.loc 1 365 5 is_stmt 1 view .LVU265
 365:Core/Src/stm32f4xx_hal_msp.c ****     if (HAL_RCCEx_PeriphCLKConfig(&PeriphClkInitStruct) != HAL_OK)
 920              		.loc 1 365 43 is_stmt 0 view .LVU266
 921 0020 4FF40073 		mov	r3, #512
 922 0024 0393     		str	r3, [sp, #12]
 366:Core/Src/stm32f4xx_hal_msp.c ****     {
 923              		.loc 1 366 5 is_stmt 1 view .LVU267
 366:Core/Src/stm32f4xx_hal_msp.c ****     {
 924              		.loc 1 366 9 is_stmt 0 view .LVU268
 925 0026 6846     		mov	r0, sp
 926              	.LVL43:
 366:Core/Src/stm32f4xx_hal_msp.c ****     {
 927              		.loc 1 366 9 view .LVU269
 928 0028 FFF7FEFF 		bl	HAL_RCCEx_PeriphCLKConfig
 929              	.LVL44:
 366:Core/Src/stm32f4xx_hal_msp.c ****     {
 930              		.loc 1 366 8 discriminator 1 view .LVU270
 931 002c 20B9     		cbnz	r0, .L58
 932              	.L55:
 371:Core/Src/stm32f4xx_hal_msp.c ****   }
 933              		.loc 1 371 5 is_stmt 1 view .LVU271
ARM GAS  C:\Users\40918\AppData\Local\Temp\ccwnWUKb.s 			page 27


 934 002e 054B     		ldr	r3, .L59+4
 935 0030 0122     		movs	r2, #1
 936 0032 C3F83C2E 		str	r2, [r3, #3644]
 937              		.loc 1 373 1 is_stmt 0 view .LVU272
 938 0036 EEE7     		b	.L53
 939              	.L58:
 368:Core/Src/stm32f4xx_hal_msp.c ****     }
 940              		.loc 1 368 7 is_stmt 1 view .LVU273
 941 0038 FFF7FEFF 		bl	Error_Handler
 942              	.LVL45:
 943 003c F7E7     		b	.L55
 944              	.L60:
 945 003e 00BF     		.align	2
 946              	.L59:
 947 0040 00280040 		.word	1073752064
 948 0044 00004742 		.word	1111949312
 949              		.cfi_endproc
 950              	.LFE246:
 952              		.section	.text.HAL_RTC_MspDeInit,"ax",%progbits
 953              		.align	1
 954              		.global	HAL_RTC_MspDeInit
 955              		.syntax unified
 956              		.thumb
 957              		.thumb_func
 959              	HAL_RTC_MspDeInit:
 960              	.LVL46:
 961              	.LFB247:
 374:Core/Src/stm32f4xx_hal_msp.c **** 
 375:Core/Src/stm32f4xx_hal_msp.c **** void HAL_RTC_MspDeInit(RTC_HandleTypeDef* hrtc)
 376:Core/Src/stm32f4xx_hal_msp.c **** {
 962              		.loc 1 376 1 view -0
 963              		.cfi_startproc
 964              		@ args = 0, pretend = 0, frame = 0
 965              		@ frame_needed = 0, uses_anonymous_args = 0
 966              		@ link register save eliminated.
 377:Core/Src/stm32f4xx_hal_msp.c ****   if (hrtc->Instance == RTC)
 967              		.loc 1 377 3 view .LVU275
 968              		.loc 1 377 11 is_stmt 0 view .LVU276
 969 0000 0268     		ldr	r2, [r0]
 970              		.loc 1 377 6 view .LVU277
 971 0002 044B     		ldr	r3, .L64
 972 0004 9A42     		cmp	r2, r3
 973 0006 00D0     		beq	.L63
 974              	.L61:
 378:Core/Src/stm32f4xx_hal_msp.c ****   {
 379:Core/Src/stm32f4xx_hal_msp.c ****     __HAL_RCC_RTC_DISABLE();
 380:Core/Src/stm32f4xx_hal_msp.c ****   }
 381:Core/Src/stm32f4xx_hal_msp.c **** }
 975              		.loc 1 381 1 view .LVU278
 976 0008 7047     		bx	lr
 977              	.L63:
 379:Core/Src/stm32f4xx_hal_msp.c ****   }
 978              		.loc 1 379 5 is_stmt 1 view .LVU279
 979 000a 034B     		ldr	r3, .L64+4
 980 000c 0022     		movs	r2, #0
 981 000e C3F83C2E 		str	r2, [r3, #3644]
 982              		.loc 1 381 1 is_stmt 0 view .LVU280
ARM GAS  C:\Users\40918\AppData\Local\Temp\ccwnWUKb.s 			page 28


 983 0012 F9E7     		b	.L61
 984              	.L65:
 985              		.align	2
 986              	.L64:
 987 0014 00280040 		.word	1073752064
 988 0018 00004742 		.word	1111949312
 989              		.cfi_endproc
 990              	.LFE247:
 992              		.section	.text.HAL_UART_MspInit,"ax",%progbits
 993              		.align	1
 994              		.global	HAL_UART_MspInit
 995              		.syntax unified
 996              		.thumb
 997              		.thumb_func
 999              	HAL_UART_MspInit:
 1000              	.LVL47:
 1001              	.LFB248:
 382:Core/Src/stm32f4xx_hal_msp.c **** 
 383:Core/Src/stm32f4xx_hal_msp.c **** /**
 384:Core/Src/stm32f4xx_hal_msp.c ****   * @brief UART MSP Initialization
 385:Core/Src/stm32f4xx_hal_msp.c ****   * This function configures the hardware resources used in this example
 386:Core/Src/stm32f4xx_hal_msp.c ****   * @param huart: UART handle pointer
 387:Core/Src/stm32f4xx_hal_msp.c ****   * @retval None
 388:Core/Src/stm32f4xx_hal_msp.c ****   */
 389:Core/Src/stm32f4xx_hal_msp.c **** void HAL_UART_MspInit(UART_HandleTypeDef* huart)
 390:Core/Src/stm32f4xx_hal_msp.c **** {
 1002              		.loc 1 390 1 is_stmt 1 view -0
 1003              		.cfi_startproc
 1004              		@ args = 0, pretend = 0, frame = 56
 1005              		@ frame_needed = 0, uses_anonymous_args = 0
 1006              		.loc 1 390 1 is_stmt 0 view .LVU282
 1007 0000 30B5     		push	{r4, r5, lr}
 1008              	.LCFI22:
 1009              		.cfi_def_cfa_offset 12
 1010              		.cfi_offset 4, -12
 1011              		.cfi_offset 5, -8
 1012              		.cfi_offset 14, -4
 1013 0002 8FB0     		sub	sp, sp, #60
 1014              	.LCFI23:
 1015              		.cfi_def_cfa_offset 72
 1016 0004 0446     		mov	r4, r0
 391:Core/Src/stm32f4xx_hal_msp.c ****   GPIO_InitTypeDef GPIO_InitStruct = {0};
 1017              		.loc 1 391 3 is_stmt 1 view .LVU283
 1018              		.loc 1 391 20 is_stmt 0 view .LVU284
 1019 0006 0023     		movs	r3, #0
 1020 0008 0993     		str	r3, [sp, #36]
 1021 000a 0A93     		str	r3, [sp, #40]
 1022 000c 0B93     		str	r3, [sp, #44]
 1023 000e 0C93     		str	r3, [sp, #48]
 1024 0010 0D93     		str	r3, [sp, #52]
 392:Core/Src/stm32f4xx_hal_msp.c ****   if(huart->Instance==USART1)
 1025              		.loc 1 392 3 is_stmt 1 view .LVU285
 1026              		.loc 1 392 11 is_stmt 0 view .LVU286
 1027 0012 0368     		ldr	r3, [r0]
 1028              		.loc 1 392 5 view .LVU287
 1029 0014 9A4A     		ldr	r2, .L88
 1030 0016 9342     		cmp	r3, r2
ARM GAS  C:\Users\40918\AppData\Local\Temp\ccwnWUKb.s 			page 29


 1031 0018 0CD0     		beq	.L78
 393:Core/Src/stm32f4xx_hal_msp.c ****   {
 394:Core/Src/stm32f4xx_hal_msp.c ****     /* USER CODE BEGIN USART1_MspInit 0 */
 395:Core/Src/stm32f4xx_hal_msp.c **** 
 396:Core/Src/stm32f4xx_hal_msp.c ****     /* USER CODE END USART1_MspInit 0 */
 397:Core/Src/stm32f4xx_hal_msp.c ****     /* Peripheral clock enable */
 398:Core/Src/stm32f4xx_hal_msp.c ****     __HAL_RCC_USART1_CLK_ENABLE();
 399:Core/Src/stm32f4xx_hal_msp.c **** 
 400:Core/Src/stm32f4xx_hal_msp.c ****     __HAL_RCC_GPIOA_CLK_ENABLE();
 401:Core/Src/stm32f4xx_hal_msp.c ****     /**USART1 GPIO Configuration
 402:Core/Src/stm32f4xx_hal_msp.c ****     PA9     ------> USART1_TX
 403:Core/Src/stm32f4xx_hal_msp.c ****     PA10     ------> USART1_RX
 404:Core/Src/stm32f4xx_hal_msp.c ****     */
 405:Core/Src/stm32f4xx_hal_msp.c ****     GPIO_InitStruct.Pin = GPIO_PIN_9|GPIO_PIN_10;
 406:Core/Src/stm32f4xx_hal_msp.c ****     GPIO_InitStruct.Mode = GPIO_MODE_AF_PP;
 407:Core/Src/stm32f4xx_hal_msp.c ****     GPIO_InitStruct.Pull = GPIO_NOPULL;
 408:Core/Src/stm32f4xx_hal_msp.c ****     GPIO_InitStruct.Speed = GPIO_SPEED_FREQ_VERY_HIGH;
 409:Core/Src/stm32f4xx_hal_msp.c ****     GPIO_InitStruct.Alternate = GPIO_AF7_USART1;
 410:Core/Src/stm32f4xx_hal_msp.c ****     HAL_GPIO_Init(GPIOA, &GPIO_InitStruct);
 411:Core/Src/stm32f4xx_hal_msp.c **** 
 412:Core/Src/stm32f4xx_hal_msp.c ****     /* USART1 DMA Init */
 413:Core/Src/stm32f4xx_hal_msp.c ****     /* USART1_RX Init */
 414:Core/Src/stm32f4xx_hal_msp.c ****     hdma_usart1_rx.Instance = DMA2_Stream2;
 415:Core/Src/stm32f4xx_hal_msp.c ****     hdma_usart1_rx.Init.Channel = DMA_CHANNEL_4;
 416:Core/Src/stm32f4xx_hal_msp.c ****     hdma_usart1_rx.Init.Direction = DMA_PERIPH_TO_MEMORY;
 417:Core/Src/stm32f4xx_hal_msp.c ****     hdma_usart1_rx.Init.PeriphInc = DMA_PINC_DISABLE;
 418:Core/Src/stm32f4xx_hal_msp.c ****     hdma_usart1_rx.Init.MemInc = DMA_MINC_ENABLE;
 419:Core/Src/stm32f4xx_hal_msp.c ****     hdma_usart1_rx.Init.PeriphDataAlignment = DMA_PDATAALIGN_BYTE;
 420:Core/Src/stm32f4xx_hal_msp.c ****     hdma_usart1_rx.Init.MemDataAlignment = DMA_MDATAALIGN_BYTE;
 421:Core/Src/stm32f4xx_hal_msp.c ****     hdma_usart1_rx.Init.Mode = DMA_CIRCULAR;
 422:Core/Src/stm32f4xx_hal_msp.c ****     hdma_usart1_rx.Init.Priority = DMA_PRIORITY_LOW;
 423:Core/Src/stm32f4xx_hal_msp.c ****     hdma_usart1_rx.Init.FIFOMode = DMA_FIFOMODE_DISABLE;
 424:Core/Src/stm32f4xx_hal_msp.c ****     if (HAL_DMA_Init(&hdma_usart1_rx) != HAL_OK)
 425:Core/Src/stm32f4xx_hal_msp.c ****     {
 426:Core/Src/stm32f4xx_hal_msp.c ****       Error_Handler();
 427:Core/Src/stm32f4xx_hal_msp.c ****     }
 428:Core/Src/stm32f4xx_hal_msp.c **** 
 429:Core/Src/stm32f4xx_hal_msp.c ****     __HAL_LINKDMA(huart,hdmarx,hdma_usart1_rx);
 430:Core/Src/stm32f4xx_hal_msp.c **** 
 431:Core/Src/stm32f4xx_hal_msp.c ****     /* USART1_TX Init */
 432:Core/Src/stm32f4xx_hal_msp.c ****     hdma_usart1_tx.Instance = DMA2_Stream7;
 433:Core/Src/stm32f4xx_hal_msp.c ****     hdma_usart1_tx.Init.Channel = DMA_CHANNEL_4;
 434:Core/Src/stm32f4xx_hal_msp.c ****     hdma_usart1_tx.Init.Direction = DMA_MEMORY_TO_PERIPH;
 435:Core/Src/stm32f4xx_hal_msp.c ****     hdma_usart1_tx.Init.PeriphInc = DMA_PINC_DISABLE;
 436:Core/Src/stm32f4xx_hal_msp.c ****     hdma_usart1_tx.Init.MemInc = DMA_MINC_ENABLE;
 437:Core/Src/stm32f4xx_hal_msp.c ****     hdma_usart1_tx.Init.PeriphDataAlignment = DMA_PDATAALIGN_BYTE;
 438:Core/Src/stm32f4xx_hal_msp.c ****     hdma_usart1_tx.Init.MemDataAlignment = DMA_MDATAALIGN_BYTE;
 439:Core/Src/stm32f4xx_hal_msp.c ****     hdma_usart1_tx.Init.Mode = DMA_NORMAL;
 440:Core/Src/stm32f4xx_hal_msp.c ****     hdma_usart1_tx.Init.Priority = DMA_PRIORITY_LOW;
 441:Core/Src/stm32f4xx_hal_msp.c ****     hdma_usart1_tx.Init.FIFOMode = DMA_FIFOMODE_DISABLE;
 442:Core/Src/stm32f4xx_hal_msp.c ****     if (HAL_DMA_Init(&hdma_usart1_tx) != HAL_OK)
 443:Core/Src/stm32f4xx_hal_msp.c ****     {
 444:Core/Src/stm32f4xx_hal_msp.c ****       Error_Handler();
 445:Core/Src/stm32f4xx_hal_msp.c ****     }
 446:Core/Src/stm32f4xx_hal_msp.c **** 
 447:Core/Src/stm32f4xx_hal_msp.c ****     __HAL_LINKDMA(huart,hdmatx,hdma_usart1_tx);
 448:Core/Src/stm32f4xx_hal_msp.c **** 
ARM GAS  C:\Users\40918\AppData\Local\Temp\ccwnWUKb.s 			page 30


 449:Core/Src/stm32f4xx_hal_msp.c ****     /* USART1 interrupt Init */
 450:Core/Src/stm32f4xx_hal_msp.c ****     HAL_NVIC_SetPriority(USART1_IRQn, 5, 0);
 451:Core/Src/stm32f4xx_hal_msp.c ****     HAL_NVIC_EnableIRQ(USART1_IRQn);
 452:Core/Src/stm32f4xx_hal_msp.c ****     /* USER CODE BEGIN USART1_MspInit 1 */
 453:Core/Src/stm32f4xx_hal_msp.c **** 
 454:Core/Src/stm32f4xx_hal_msp.c ****     /* USER CODE END USART1_MspInit 1 */
 455:Core/Src/stm32f4xx_hal_msp.c ****   }
 456:Core/Src/stm32f4xx_hal_msp.c ****   else if(huart->Instance==USART2)
 1032              		.loc 1 456 8 is_stmt 1 view .LVU288
 1033              		.loc 1 456 10 is_stmt 0 view .LVU289
 1034 001a 9A4A     		ldr	r2, .L88+4
 1035 001c 9342     		cmp	r3, r2
 1036 001e 6BD0     		beq	.L79
 457:Core/Src/stm32f4xx_hal_msp.c ****   {
 458:Core/Src/stm32f4xx_hal_msp.c ****     /* USER CODE BEGIN USART2_MspInit 0 */
 459:Core/Src/stm32f4xx_hal_msp.c **** 
 460:Core/Src/stm32f4xx_hal_msp.c ****     /* USER CODE END USART2_MspInit 0 */
 461:Core/Src/stm32f4xx_hal_msp.c ****     /* Peripheral clock enable */
 462:Core/Src/stm32f4xx_hal_msp.c ****     __HAL_RCC_USART2_CLK_ENABLE();
 463:Core/Src/stm32f4xx_hal_msp.c **** 
 464:Core/Src/stm32f4xx_hal_msp.c ****     __HAL_RCC_GPIOA_CLK_ENABLE();
 465:Core/Src/stm32f4xx_hal_msp.c ****     /**USART2 GPIO Configuration
 466:Core/Src/stm32f4xx_hal_msp.c ****     PA2     ------> USART2_TX
 467:Core/Src/stm32f4xx_hal_msp.c ****     PA3     ------> USART2_RX
 468:Core/Src/stm32f4xx_hal_msp.c ****     */
 469:Core/Src/stm32f4xx_hal_msp.c ****     GPIO_InitStruct.Pin = GPIO_PIN_2|GPIO_PIN_3;
 470:Core/Src/stm32f4xx_hal_msp.c ****     GPIO_InitStruct.Mode = GPIO_MODE_AF_PP;
 471:Core/Src/stm32f4xx_hal_msp.c ****     GPIO_InitStruct.Pull = GPIO_NOPULL;
 472:Core/Src/stm32f4xx_hal_msp.c ****     GPIO_InitStruct.Speed = GPIO_SPEED_FREQ_VERY_HIGH;
 473:Core/Src/stm32f4xx_hal_msp.c ****     GPIO_InitStruct.Alternate = GPIO_AF7_USART2;
 474:Core/Src/stm32f4xx_hal_msp.c ****     HAL_GPIO_Init(GPIOA, &GPIO_InitStruct);
 475:Core/Src/stm32f4xx_hal_msp.c **** 
 476:Core/Src/stm32f4xx_hal_msp.c ****     /* USART2 DMA Init */
 477:Core/Src/stm32f4xx_hal_msp.c ****     /* USART2_RX Init */
 478:Core/Src/stm32f4xx_hal_msp.c ****     hdma_usart2_rx.Instance = DMA1_Stream5;
 479:Core/Src/stm32f4xx_hal_msp.c ****     hdma_usart2_rx.Init.Channel = DMA_CHANNEL_4;
 480:Core/Src/stm32f4xx_hal_msp.c ****     hdma_usart2_rx.Init.Direction = DMA_PERIPH_TO_MEMORY;
 481:Core/Src/stm32f4xx_hal_msp.c ****     hdma_usart2_rx.Init.PeriphInc = DMA_PINC_DISABLE;
 482:Core/Src/stm32f4xx_hal_msp.c ****     hdma_usart2_rx.Init.MemInc = DMA_MINC_ENABLE;
 483:Core/Src/stm32f4xx_hal_msp.c ****     hdma_usart2_rx.Init.PeriphDataAlignment = DMA_PDATAALIGN_BYTE;
 484:Core/Src/stm32f4xx_hal_msp.c ****     hdma_usart2_rx.Init.MemDataAlignment = DMA_MDATAALIGN_BYTE;
 485:Core/Src/stm32f4xx_hal_msp.c ****     hdma_usart2_rx.Init.Mode = DMA_CIRCULAR;
 486:Core/Src/stm32f4xx_hal_msp.c ****     hdma_usart2_rx.Init.Priority = DMA_PRIORITY_LOW;
 487:Core/Src/stm32f4xx_hal_msp.c ****     hdma_usart2_rx.Init.FIFOMode = DMA_FIFOMODE_DISABLE;
 488:Core/Src/stm32f4xx_hal_msp.c ****     if (HAL_DMA_Init(&hdma_usart2_rx) != HAL_OK)
 489:Core/Src/stm32f4xx_hal_msp.c ****     {
 490:Core/Src/stm32f4xx_hal_msp.c ****       Error_Handler();
 491:Core/Src/stm32f4xx_hal_msp.c ****     }
 492:Core/Src/stm32f4xx_hal_msp.c **** 
 493:Core/Src/stm32f4xx_hal_msp.c ****     __HAL_LINKDMA(huart,hdmarx,hdma_usart2_rx);
 494:Core/Src/stm32f4xx_hal_msp.c **** 
 495:Core/Src/stm32f4xx_hal_msp.c ****     /* USART2_TX Init */
 496:Core/Src/stm32f4xx_hal_msp.c ****     hdma_usart2_tx.Instance = DMA1_Stream6;
 497:Core/Src/stm32f4xx_hal_msp.c ****     hdma_usart2_tx.Init.Channel = DMA_CHANNEL_4;
 498:Core/Src/stm32f4xx_hal_msp.c ****     hdma_usart2_tx.Init.Direction = DMA_MEMORY_TO_PERIPH;
 499:Core/Src/stm32f4xx_hal_msp.c ****     hdma_usart2_tx.Init.PeriphInc = DMA_PINC_DISABLE;
 500:Core/Src/stm32f4xx_hal_msp.c ****     hdma_usart2_tx.Init.MemInc = DMA_MINC_ENABLE;
ARM GAS  C:\Users\40918\AppData\Local\Temp\ccwnWUKb.s 			page 31


 501:Core/Src/stm32f4xx_hal_msp.c ****     hdma_usart2_tx.Init.PeriphDataAlignment = DMA_PDATAALIGN_BYTE;
 502:Core/Src/stm32f4xx_hal_msp.c ****     hdma_usart2_tx.Init.MemDataAlignment = DMA_MDATAALIGN_BYTE;
 503:Core/Src/stm32f4xx_hal_msp.c ****     hdma_usart2_tx.Init.Mode = DMA_NORMAL;
 504:Core/Src/stm32f4xx_hal_msp.c ****     hdma_usart2_tx.Init.Priority = DMA_PRIORITY_LOW;
 505:Core/Src/stm32f4xx_hal_msp.c ****     hdma_usart2_tx.Init.FIFOMode = DMA_FIFOMODE_DISABLE;
 506:Core/Src/stm32f4xx_hal_msp.c ****     if (HAL_DMA_Init(&hdma_usart2_tx) != HAL_OK)
 507:Core/Src/stm32f4xx_hal_msp.c ****     {
 508:Core/Src/stm32f4xx_hal_msp.c ****       Error_Handler();
 509:Core/Src/stm32f4xx_hal_msp.c ****     }
 510:Core/Src/stm32f4xx_hal_msp.c **** 
 511:Core/Src/stm32f4xx_hal_msp.c ****     __HAL_LINKDMA(huart,hdmatx,hdma_usart2_tx);
 512:Core/Src/stm32f4xx_hal_msp.c **** 
 513:Core/Src/stm32f4xx_hal_msp.c ****     /* USART2 interrupt Init */
 514:Core/Src/stm32f4xx_hal_msp.c ****     HAL_NVIC_SetPriority(USART2_IRQn, 5, 0);
 515:Core/Src/stm32f4xx_hal_msp.c ****     HAL_NVIC_EnableIRQ(USART2_IRQn);
 516:Core/Src/stm32f4xx_hal_msp.c ****     /* USER CODE BEGIN USART2_MspInit 1 */
 517:Core/Src/stm32f4xx_hal_msp.c **** 
 518:Core/Src/stm32f4xx_hal_msp.c ****     /* USER CODE END USART2_MspInit 1 */
 519:Core/Src/stm32f4xx_hal_msp.c ****   }
 520:Core/Src/stm32f4xx_hal_msp.c ****   else if(huart->Instance==USART3)
 1037              		.loc 1 520 8 is_stmt 1 view .LVU290
 1038              		.loc 1 520 10 is_stmt 0 view .LVU291
 1039 0020 994A     		ldr	r2, .L88+8
 1040 0022 9342     		cmp	r3, r2
 1041 0024 00F0C980 		beq	.L80
 521:Core/Src/stm32f4xx_hal_msp.c ****   {
 522:Core/Src/stm32f4xx_hal_msp.c ****     /* USER CODE BEGIN USART3_MspInit 0 */
 523:Core/Src/stm32f4xx_hal_msp.c **** 
 524:Core/Src/stm32f4xx_hal_msp.c ****     /* USER CODE END USART3_MspInit 0 */
 525:Core/Src/stm32f4xx_hal_msp.c ****     /* Peripheral clock enable */
 526:Core/Src/stm32f4xx_hal_msp.c ****     __HAL_RCC_USART3_CLK_ENABLE();
 527:Core/Src/stm32f4xx_hal_msp.c **** 
 528:Core/Src/stm32f4xx_hal_msp.c ****     __HAL_RCC_GPIOB_CLK_ENABLE();
 529:Core/Src/stm32f4xx_hal_msp.c ****     /**USART3 GPIO Configuration
 530:Core/Src/stm32f4xx_hal_msp.c ****     PB10     ------> USART3_TX
 531:Core/Src/stm32f4xx_hal_msp.c ****     PB11     ------> USART3_RX
 532:Core/Src/stm32f4xx_hal_msp.c ****     */
 533:Core/Src/stm32f4xx_hal_msp.c ****     GPIO_InitStruct.Pin = GPIO_PIN_10|GPIO_PIN_11;
 534:Core/Src/stm32f4xx_hal_msp.c ****     GPIO_InitStruct.Mode = GPIO_MODE_AF_PP;
 535:Core/Src/stm32f4xx_hal_msp.c ****     GPIO_InitStruct.Pull = GPIO_NOPULL;
 536:Core/Src/stm32f4xx_hal_msp.c ****     GPIO_InitStruct.Speed = GPIO_SPEED_FREQ_VERY_HIGH;
 537:Core/Src/stm32f4xx_hal_msp.c ****     GPIO_InitStruct.Alternate = GPIO_AF7_USART3;
 538:Core/Src/stm32f4xx_hal_msp.c ****     HAL_GPIO_Init(GPIOB, &GPIO_InitStruct);
 539:Core/Src/stm32f4xx_hal_msp.c **** 
 540:Core/Src/stm32f4xx_hal_msp.c ****     /* USART3 DMA Init */
 541:Core/Src/stm32f4xx_hal_msp.c ****     /* USART3_RX Init */
 542:Core/Src/stm32f4xx_hal_msp.c ****     hdma_usart3_rx.Instance = DMA1_Stream1;
 543:Core/Src/stm32f4xx_hal_msp.c ****     hdma_usart3_rx.Init.Channel = DMA_CHANNEL_4;
 544:Core/Src/stm32f4xx_hal_msp.c ****     hdma_usart3_rx.Init.Direction = DMA_PERIPH_TO_MEMORY;
 545:Core/Src/stm32f4xx_hal_msp.c ****     hdma_usart3_rx.Init.PeriphInc = DMA_PINC_DISABLE;
 546:Core/Src/stm32f4xx_hal_msp.c ****     hdma_usart3_rx.Init.MemInc = DMA_MINC_ENABLE;
 547:Core/Src/stm32f4xx_hal_msp.c ****     hdma_usart3_rx.Init.PeriphDataAlignment = DMA_PDATAALIGN_BYTE;
 548:Core/Src/stm32f4xx_hal_msp.c ****     hdma_usart3_rx.Init.MemDataAlignment = DMA_MDATAALIGN_BYTE;
 549:Core/Src/stm32f4xx_hal_msp.c ****     hdma_usart3_rx.Init.Mode = DMA_CIRCULAR;
 550:Core/Src/stm32f4xx_hal_msp.c ****     hdma_usart3_rx.Init.Priority = DMA_PRIORITY_LOW;
 551:Core/Src/stm32f4xx_hal_msp.c ****     hdma_usart3_rx.Init.FIFOMode = DMA_FIFOMODE_DISABLE;
 552:Core/Src/stm32f4xx_hal_msp.c ****     if (HAL_DMA_Init(&hdma_usart3_rx) != HAL_OK)
ARM GAS  C:\Users\40918\AppData\Local\Temp\ccwnWUKb.s 			page 32


 553:Core/Src/stm32f4xx_hal_msp.c ****     {
 554:Core/Src/stm32f4xx_hal_msp.c ****       Error_Handler();
 555:Core/Src/stm32f4xx_hal_msp.c ****     }
 556:Core/Src/stm32f4xx_hal_msp.c **** 
 557:Core/Src/stm32f4xx_hal_msp.c ****     __HAL_LINKDMA(huart,hdmarx,hdma_usart3_rx);
 558:Core/Src/stm32f4xx_hal_msp.c **** 
 559:Core/Src/stm32f4xx_hal_msp.c ****     /* USART3_TX Init */
 560:Core/Src/stm32f4xx_hal_msp.c ****     hdma_usart3_tx.Instance = DMA1_Stream3;
 561:Core/Src/stm32f4xx_hal_msp.c ****     hdma_usart3_tx.Init.Channel = DMA_CHANNEL_4;
 562:Core/Src/stm32f4xx_hal_msp.c ****     hdma_usart3_tx.Init.Direction = DMA_MEMORY_TO_PERIPH;
 563:Core/Src/stm32f4xx_hal_msp.c ****     hdma_usart3_tx.Init.PeriphInc = DMA_PINC_DISABLE;
 564:Core/Src/stm32f4xx_hal_msp.c ****     hdma_usart3_tx.Init.MemInc = DMA_MINC_ENABLE;
 565:Core/Src/stm32f4xx_hal_msp.c ****     hdma_usart3_tx.Init.PeriphDataAlignment = DMA_PDATAALIGN_BYTE;
 566:Core/Src/stm32f4xx_hal_msp.c ****     hdma_usart3_tx.Init.MemDataAlignment = DMA_MDATAALIGN_BYTE;
 567:Core/Src/stm32f4xx_hal_msp.c ****     hdma_usart3_tx.Init.Mode = DMA_NORMAL;
 568:Core/Src/stm32f4xx_hal_msp.c ****     hdma_usart3_tx.Init.Priority = DMA_PRIORITY_LOW;
 569:Core/Src/stm32f4xx_hal_msp.c ****     hdma_usart3_tx.Init.FIFOMode = DMA_FIFOMODE_DISABLE;
 570:Core/Src/stm32f4xx_hal_msp.c ****     if (HAL_DMA_Init(&hdma_usart3_tx) != HAL_OK)
 571:Core/Src/stm32f4xx_hal_msp.c ****     {
 572:Core/Src/stm32f4xx_hal_msp.c ****       Error_Handler();
 573:Core/Src/stm32f4xx_hal_msp.c ****     }
 574:Core/Src/stm32f4xx_hal_msp.c **** 
 575:Core/Src/stm32f4xx_hal_msp.c ****     __HAL_LINKDMA(huart,hdmatx,hdma_usart3_tx);
 576:Core/Src/stm32f4xx_hal_msp.c **** 
 577:Core/Src/stm32f4xx_hal_msp.c ****     /* USART3 interrupt Init */
 578:Core/Src/stm32f4xx_hal_msp.c ****     HAL_NVIC_SetPriority(USART3_IRQn, 5, 0);
 579:Core/Src/stm32f4xx_hal_msp.c ****     HAL_NVIC_EnableIRQ(USART3_IRQn);
 580:Core/Src/stm32f4xx_hal_msp.c ****     /* USER CODE BEGIN USART3_MspInit 1 */
 581:Core/Src/stm32f4xx_hal_msp.c **** 
 582:Core/Src/stm32f4xx_hal_msp.c ****     /* USER CODE END USART3_MspInit 1 */
 583:Core/Src/stm32f4xx_hal_msp.c ****   }
 584:Core/Src/stm32f4xx_hal_msp.c ****   else if(huart->Instance==USART6)
 1042              		.loc 1 584 8 is_stmt 1 view .LVU292
 1043              		.loc 1 584 10 is_stmt 0 view .LVU293
 1044 0028 984A     		ldr	r2, .L88+12
 1045 002a 9342     		cmp	r3, r2
 1046 002c 00F04E81 		beq	.L81
 1047              	.LVL48:
 1048              	.L66:
 585:Core/Src/stm32f4xx_hal_msp.c ****   {
 586:Core/Src/stm32f4xx_hal_msp.c ****     /* USER CODE BEGIN USART6_MspInit 0 */
 587:Core/Src/stm32f4xx_hal_msp.c **** 
 588:Core/Src/stm32f4xx_hal_msp.c ****     /* USER CODE END USART6_MspInit 0 */
 589:Core/Src/stm32f4xx_hal_msp.c ****     /* Peripheral clock enable */
 590:Core/Src/stm32f4xx_hal_msp.c ****     __HAL_RCC_USART6_CLK_ENABLE();
 591:Core/Src/stm32f4xx_hal_msp.c **** 
 592:Core/Src/stm32f4xx_hal_msp.c ****     __HAL_RCC_GPIOC_CLK_ENABLE();
 593:Core/Src/stm32f4xx_hal_msp.c ****     /**USART6 GPIO Configuration
 594:Core/Src/stm32f4xx_hal_msp.c ****     PC6     ------> USART6_TX
 595:Core/Src/stm32f4xx_hal_msp.c ****     PC7     ------> USART6_RX
 596:Core/Src/stm32f4xx_hal_msp.c ****     */
 597:Core/Src/stm32f4xx_hal_msp.c ****     GPIO_InitStruct.Pin = GPIO_PIN_6|GPIO_PIN_7;
 598:Core/Src/stm32f4xx_hal_msp.c ****     GPIO_InitStruct.Mode = GPIO_MODE_AF_PP;
 599:Core/Src/stm32f4xx_hal_msp.c ****     GPIO_InitStruct.Pull = GPIO_NOPULL;
 600:Core/Src/stm32f4xx_hal_msp.c ****     GPIO_InitStruct.Speed = GPIO_SPEED_FREQ_VERY_HIGH;
 601:Core/Src/stm32f4xx_hal_msp.c ****     GPIO_InitStruct.Alternate = GPIO_AF8_USART6;
 602:Core/Src/stm32f4xx_hal_msp.c ****     HAL_GPIO_Init(GPIOC, &GPIO_InitStruct);
ARM GAS  C:\Users\40918\AppData\Local\Temp\ccwnWUKb.s 			page 33


 603:Core/Src/stm32f4xx_hal_msp.c **** 
 604:Core/Src/stm32f4xx_hal_msp.c ****     /* USART6 interrupt Init */
 605:Core/Src/stm32f4xx_hal_msp.c ****     HAL_NVIC_SetPriority(USART6_IRQn, 5, 0);
 606:Core/Src/stm32f4xx_hal_msp.c ****     HAL_NVIC_EnableIRQ(USART6_IRQn);
 607:Core/Src/stm32f4xx_hal_msp.c ****     /* USER CODE BEGIN USART6_MspInit 1 */
 608:Core/Src/stm32f4xx_hal_msp.c **** 
 609:Core/Src/stm32f4xx_hal_msp.c ****     /* USER CODE END USART6_MspInit 1 */
 610:Core/Src/stm32f4xx_hal_msp.c ****   }
 611:Core/Src/stm32f4xx_hal_msp.c **** 
 612:Core/Src/stm32f4xx_hal_msp.c **** }
 1049              		.loc 1 612 1 view .LVU294
 1050 0030 0FB0     		add	sp, sp, #60
 1051              	.LCFI24:
 1052              		.cfi_remember_state
 1053              		.cfi_def_cfa_offset 12
 1054              		@ sp needed
 1055 0032 30BD     		pop	{r4, r5, pc}
 1056              	.LVL49:
 1057              	.L78:
 1058              	.LCFI25:
 1059              		.cfi_restore_state
 398:Core/Src/stm32f4xx_hal_msp.c **** 
 1060              		.loc 1 398 5 is_stmt 1 view .LVU295
 1061              	.LBB11:
 398:Core/Src/stm32f4xx_hal_msp.c **** 
 1062              		.loc 1 398 5 view .LVU296
 1063 0034 0025     		movs	r5, #0
 1064 0036 0195     		str	r5, [sp, #4]
 398:Core/Src/stm32f4xx_hal_msp.c **** 
 1065              		.loc 1 398 5 view .LVU297
 1066 0038 954B     		ldr	r3, .L88+16
 1067 003a 5A6C     		ldr	r2, [r3, #68]
 1068 003c 42F01002 		orr	r2, r2, #16
 1069 0040 5A64     		str	r2, [r3, #68]
 398:Core/Src/stm32f4xx_hal_msp.c **** 
 1070              		.loc 1 398 5 view .LVU298
 1071 0042 5A6C     		ldr	r2, [r3, #68]
 1072 0044 02F01002 		and	r2, r2, #16
 1073 0048 0192     		str	r2, [sp, #4]
 398:Core/Src/stm32f4xx_hal_msp.c **** 
 1074              		.loc 1 398 5 view .LVU299
 1075 004a 019A     		ldr	r2, [sp, #4]
 1076              	.LBE11:
 398:Core/Src/stm32f4xx_hal_msp.c **** 
 1077              		.loc 1 398 5 view .LVU300
 400:Core/Src/stm32f4xx_hal_msp.c ****     /**USART1 GPIO Configuration
 1078              		.loc 1 400 5 view .LVU301
 1079              	.LBB12:
 400:Core/Src/stm32f4xx_hal_msp.c ****     /**USART1 GPIO Configuration
 1080              		.loc 1 400 5 view .LVU302
 1081 004c 0295     		str	r5, [sp, #8]
 400:Core/Src/stm32f4xx_hal_msp.c ****     /**USART1 GPIO Configuration
 1082              		.loc 1 400 5 view .LVU303
 1083 004e 1A6B     		ldr	r2, [r3, #48]
 1084 0050 42F00102 		orr	r2, r2, #1
 1085 0054 1A63     		str	r2, [r3, #48]
 400:Core/Src/stm32f4xx_hal_msp.c ****     /**USART1 GPIO Configuration
ARM GAS  C:\Users\40918\AppData\Local\Temp\ccwnWUKb.s 			page 34


 1086              		.loc 1 400 5 view .LVU304
 1087 0056 1B6B     		ldr	r3, [r3, #48]
 1088 0058 03F00103 		and	r3, r3, #1
 1089 005c 0293     		str	r3, [sp, #8]
 400:Core/Src/stm32f4xx_hal_msp.c ****     /**USART1 GPIO Configuration
 1090              		.loc 1 400 5 view .LVU305
 1091 005e 029B     		ldr	r3, [sp, #8]
 1092              	.LBE12:
 400:Core/Src/stm32f4xx_hal_msp.c ****     /**USART1 GPIO Configuration
 1093              		.loc 1 400 5 view .LVU306
 405:Core/Src/stm32f4xx_hal_msp.c ****     GPIO_InitStruct.Mode = GPIO_MODE_AF_PP;
 1094              		.loc 1 405 5 view .LVU307
 405:Core/Src/stm32f4xx_hal_msp.c ****     GPIO_InitStruct.Mode = GPIO_MODE_AF_PP;
 1095              		.loc 1 405 25 is_stmt 0 view .LVU308
 1096 0060 4FF4C063 		mov	r3, #1536
 1097 0064 0993     		str	r3, [sp, #36]
 406:Core/Src/stm32f4xx_hal_msp.c ****     GPIO_InitStruct.Pull = GPIO_NOPULL;
 1098              		.loc 1 406 5 is_stmt 1 view .LVU309
 406:Core/Src/stm32f4xx_hal_msp.c ****     GPIO_InitStruct.Pull = GPIO_NOPULL;
 1099              		.loc 1 406 26 is_stmt 0 view .LVU310
 1100 0066 0223     		movs	r3, #2
 1101 0068 0A93     		str	r3, [sp, #40]
 407:Core/Src/stm32f4xx_hal_msp.c ****     GPIO_InitStruct.Speed = GPIO_SPEED_FREQ_VERY_HIGH;
 1102              		.loc 1 407 5 is_stmt 1 view .LVU311
 408:Core/Src/stm32f4xx_hal_msp.c ****     GPIO_InitStruct.Alternate = GPIO_AF7_USART1;
 1103              		.loc 1 408 5 view .LVU312
 408:Core/Src/stm32f4xx_hal_msp.c ****     GPIO_InitStruct.Alternate = GPIO_AF7_USART1;
 1104              		.loc 1 408 27 is_stmt 0 view .LVU313
 1105 006a 0323     		movs	r3, #3
 1106 006c 0C93     		str	r3, [sp, #48]
 409:Core/Src/stm32f4xx_hal_msp.c ****     HAL_GPIO_Init(GPIOA, &GPIO_InitStruct);
 1107              		.loc 1 409 5 is_stmt 1 view .LVU314
 409:Core/Src/stm32f4xx_hal_msp.c ****     HAL_GPIO_Init(GPIOA, &GPIO_InitStruct);
 1108              		.loc 1 409 31 is_stmt 0 view .LVU315
 1109 006e 0723     		movs	r3, #7
 1110 0070 0D93     		str	r3, [sp, #52]
 410:Core/Src/stm32f4xx_hal_msp.c **** 
 1111              		.loc 1 410 5 is_stmt 1 view .LVU316
 1112 0072 09A9     		add	r1, sp, #36
 1113 0074 8748     		ldr	r0, .L88+20
 1114              	.LVL50:
 410:Core/Src/stm32f4xx_hal_msp.c **** 
 1115              		.loc 1 410 5 is_stmt 0 view .LVU317
 1116 0076 FFF7FEFF 		bl	HAL_GPIO_Init
 1117              	.LVL51:
 414:Core/Src/stm32f4xx_hal_msp.c ****     hdma_usart1_rx.Init.Channel = DMA_CHANNEL_4;
 1118              		.loc 1 414 5 is_stmt 1 view .LVU318
 414:Core/Src/stm32f4xx_hal_msp.c ****     hdma_usart1_rx.Init.Channel = DMA_CHANNEL_4;
 1119              		.loc 1 414 29 is_stmt 0 view .LVU319
 1120 007a 8748     		ldr	r0, .L88+24
 1121 007c 874B     		ldr	r3, .L88+28
 1122 007e 0360     		str	r3, [r0]
 415:Core/Src/stm32f4xx_hal_msp.c ****     hdma_usart1_rx.Init.Direction = DMA_PERIPH_TO_MEMORY;
 1123              		.loc 1 415 5 is_stmt 1 view .LVU320
 415:Core/Src/stm32f4xx_hal_msp.c ****     hdma_usart1_rx.Init.Direction = DMA_PERIPH_TO_MEMORY;
 1124              		.loc 1 415 33 is_stmt 0 view .LVU321
 1125 0080 4FF00063 		mov	r3, #134217728
ARM GAS  C:\Users\40918\AppData\Local\Temp\ccwnWUKb.s 			page 35


 1126 0084 4360     		str	r3, [r0, #4]
 416:Core/Src/stm32f4xx_hal_msp.c ****     hdma_usart1_rx.Init.PeriphInc = DMA_PINC_DISABLE;
 1127              		.loc 1 416 5 is_stmt 1 view .LVU322
 416:Core/Src/stm32f4xx_hal_msp.c ****     hdma_usart1_rx.Init.PeriphInc = DMA_PINC_DISABLE;
 1128              		.loc 1 416 35 is_stmt 0 view .LVU323
 1129 0086 8560     		str	r5, [r0, #8]
 417:Core/Src/stm32f4xx_hal_msp.c ****     hdma_usart1_rx.Init.MemInc = DMA_MINC_ENABLE;
 1130              		.loc 1 417 5 is_stmt 1 view .LVU324
 417:Core/Src/stm32f4xx_hal_msp.c ****     hdma_usart1_rx.Init.MemInc = DMA_MINC_ENABLE;
 1131              		.loc 1 417 35 is_stmt 0 view .LVU325
 1132 0088 C560     		str	r5, [r0, #12]
 418:Core/Src/stm32f4xx_hal_msp.c ****     hdma_usart1_rx.Init.PeriphDataAlignment = DMA_PDATAALIGN_BYTE;
 1133              		.loc 1 418 5 is_stmt 1 view .LVU326
 418:Core/Src/stm32f4xx_hal_msp.c ****     hdma_usart1_rx.Init.PeriphDataAlignment = DMA_PDATAALIGN_BYTE;
 1134              		.loc 1 418 32 is_stmt 0 view .LVU327
 1135 008a 4FF48063 		mov	r3, #1024
 1136 008e 0361     		str	r3, [r0, #16]
 419:Core/Src/stm32f4xx_hal_msp.c ****     hdma_usart1_rx.Init.MemDataAlignment = DMA_MDATAALIGN_BYTE;
 1137              		.loc 1 419 5 is_stmt 1 view .LVU328
 419:Core/Src/stm32f4xx_hal_msp.c ****     hdma_usart1_rx.Init.MemDataAlignment = DMA_MDATAALIGN_BYTE;
 1138              		.loc 1 419 45 is_stmt 0 view .LVU329
 1139 0090 4561     		str	r5, [r0, #20]
 420:Core/Src/stm32f4xx_hal_msp.c ****     hdma_usart1_rx.Init.Mode = DMA_CIRCULAR;
 1140              		.loc 1 420 5 is_stmt 1 view .LVU330
 420:Core/Src/stm32f4xx_hal_msp.c ****     hdma_usart1_rx.Init.Mode = DMA_CIRCULAR;
 1141              		.loc 1 420 42 is_stmt 0 view .LVU331
 1142 0092 8561     		str	r5, [r0, #24]
 421:Core/Src/stm32f4xx_hal_msp.c ****     hdma_usart1_rx.Init.Priority = DMA_PRIORITY_LOW;
 1143              		.loc 1 421 5 is_stmt 1 view .LVU332
 421:Core/Src/stm32f4xx_hal_msp.c ****     hdma_usart1_rx.Init.Priority = DMA_PRIORITY_LOW;
 1144              		.loc 1 421 30 is_stmt 0 view .LVU333
 1145 0094 4FF48073 		mov	r3, #256
 1146 0098 C361     		str	r3, [r0, #28]
 422:Core/Src/stm32f4xx_hal_msp.c ****     hdma_usart1_rx.Init.FIFOMode = DMA_FIFOMODE_DISABLE;
 1147              		.loc 1 422 5 is_stmt 1 view .LVU334
 422:Core/Src/stm32f4xx_hal_msp.c ****     hdma_usart1_rx.Init.FIFOMode = DMA_FIFOMODE_DISABLE;
 1148              		.loc 1 422 34 is_stmt 0 view .LVU335
 1149 009a 0562     		str	r5, [r0, #32]
 423:Core/Src/stm32f4xx_hal_msp.c ****     if (HAL_DMA_Init(&hdma_usart1_rx) != HAL_OK)
 1150              		.loc 1 423 5 is_stmt 1 view .LVU336
 423:Core/Src/stm32f4xx_hal_msp.c ****     if (HAL_DMA_Init(&hdma_usart1_rx) != HAL_OK)
 1151              		.loc 1 423 34 is_stmt 0 view .LVU337
 1152 009c 4562     		str	r5, [r0, #36]
 424:Core/Src/stm32f4xx_hal_msp.c ****     {
 1153              		.loc 1 424 5 is_stmt 1 view .LVU338
 424:Core/Src/stm32f4xx_hal_msp.c ****     {
 1154              		.loc 1 424 9 is_stmt 0 view .LVU339
 1155 009e FFF7FEFF 		bl	HAL_DMA_Init
 1156              	.LVL52:
 424:Core/Src/stm32f4xx_hal_msp.c ****     {
 1157              		.loc 1 424 8 discriminator 1 view .LVU340
 1158 00a2 18BB     		cbnz	r0, .L82
 1159              	.L68:
 429:Core/Src/stm32f4xx_hal_msp.c **** 
 1160              		.loc 1 429 5 is_stmt 1 view .LVU341
 429:Core/Src/stm32f4xx_hal_msp.c **** 
 1161              		.loc 1 429 5 view .LVU342
ARM GAS  C:\Users\40918\AppData\Local\Temp\ccwnWUKb.s 			page 36


 1162 00a4 7C4B     		ldr	r3, .L88+24
 1163 00a6 E363     		str	r3, [r4, #60]
 429:Core/Src/stm32f4xx_hal_msp.c **** 
 1164              		.loc 1 429 5 view .LVU343
 1165 00a8 9C63     		str	r4, [r3, #56]
 429:Core/Src/stm32f4xx_hal_msp.c **** 
 1166              		.loc 1 429 5 view .LVU344
 432:Core/Src/stm32f4xx_hal_msp.c ****     hdma_usart1_tx.Init.Channel = DMA_CHANNEL_4;
 1167              		.loc 1 432 5 view .LVU345
 432:Core/Src/stm32f4xx_hal_msp.c ****     hdma_usart1_tx.Init.Channel = DMA_CHANNEL_4;
 1168              		.loc 1 432 29 is_stmt 0 view .LVU346
 1169 00aa 7D48     		ldr	r0, .L88+32
 1170 00ac 7D4B     		ldr	r3, .L88+36
 1171 00ae 0360     		str	r3, [r0]
 433:Core/Src/stm32f4xx_hal_msp.c ****     hdma_usart1_tx.Init.Direction = DMA_MEMORY_TO_PERIPH;
 1172              		.loc 1 433 5 is_stmt 1 view .LVU347
 433:Core/Src/stm32f4xx_hal_msp.c ****     hdma_usart1_tx.Init.Direction = DMA_MEMORY_TO_PERIPH;
 1173              		.loc 1 433 33 is_stmt 0 view .LVU348
 1174 00b0 4FF00063 		mov	r3, #134217728
 1175 00b4 4360     		str	r3, [r0, #4]
 434:Core/Src/stm32f4xx_hal_msp.c ****     hdma_usart1_tx.Init.PeriphInc = DMA_PINC_DISABLE;
 1176              		.loc 1 434 5 is_stmt 1 view .LVU349
 434:Core/Src/stm32f4xx_hal_msp.c ****     hdma_usart1_tx.Init.PeriphInc = DMA_PINC_DISABLE;
 1177              		.loc 1 434 35 is_stmt 0 view .LVU350
 1178 00b6 4023     		movs	r3, #64
 1179 00b8 8360     		str	r3, [r0, #8]
 435:Core/Src/stm32f4xx_hal_msp.c ****     hdma_usart1_tx.Init.MemInc = DMA_MINC_ENABLE;
 1180              		.loc 1 435 5 is_stmt 1 view .LVU351
 435:Core/Src/stm32f4xx_hal_msp.c ****     hdma_usart1_tx.Init.MemInc = DMA_MINC_ENABLE;
 1181              		.loc 1 435 35 is_stmt 0 view .LVU352
 1182 00ba 0023     		movs	r3, #0
 1183 00bc C360     		str	r3, [r0, #12]
 436:Core/Src/stm32f4xx_hal_msp.c ****     hdma_usart1_tx.Init.PeriphDataAlignment = DMA_PDATAALIGN_BYTE;
 1184              		.loc 1 436 5 is_stmt 1 view .LVU353
 436:Core/Src/stm32f4xx_hal_msp.c ****     hdma_usart1_tx.Init.PeriphDataAlignment = DMA_PDATAALIGN_BYTE;
 1185              		.loc 1 436 32 is_stmt 0 view .LVU354
 1186 00be 4FF48062 		mov	r2, #1024
 1187 00c2 0261     		str	r2, [r0, #16]
 437:Core/Src/stm32f4xx_hal_msp.c ****     hdma_usart1_tx.Init.MemDataAlignment = DMA_MDATAALIGN_BYTE;
 1188              		.loc 1 437 5 is_stmt 1 view .LVU355
 437:Core/Src/stm32f4xx_hal_msp.c ****     hdma_usart1_tx.Init.MemDataAlignment = DMA_MDATAALIGN_BYTE;
 1189              		.loc 1 437 45 is_stmt 0 view .LVU356
 1190 00c4 4361     		str	r3, [r0, #20]
 438:Core/Src/stm32f4xx_hal_msp.c ****     hdma_usart1_tx.Init.Mode = DMA_NORMAL;
 1191              		.loc 1 438 5 is_stmt 1 view .LVU357
 438:Core/Src/stm32f4xx_hal_msp.c ****     hdma_usart1_tx.Init.Mode = DMA_NORMAL;
 1192              		.loc 1 438 42 is_stmt 0 view .LVU358
 1193 00c6 8361     		str	r3, [r0, #24]
 439:Core/Src/stm32f4xx_hal_msp.c ****     hdma_usart1_tx.Init.Priority = DMA_PRIORITY_LOW;
 1194              		.loc 1 439 5 is_stmt 1 view .LVU359
 439:Core/Src/stm32f4xx_hal_msp.c ****     hdma_usart1_tx.Init.Priority = DMA_PRIORITY_LOW;
 1195              		.loc 1 439 30 is_stmt 0 view .LVU360
 1196 00c8 C361     		str	r3, [r0, #28]
 440:Core/Src/stm32f4xx_hal_msp.c ****     hdma_usart1_tx.Init.FIFOMode = DMA_FIFOMODE_DISABLE;
 1197              		.loc 1 440 5 is_stmt 1 view .LVU361
 440:Core/Src/stm32f4xx_hal_msp.c ****     hdma_usart1_tx.Init.FIFOMode = DMA_FIFOMODE_DISABLE;
 1198              		.loc 1 440 34 is_stmt 0 view .LVU362
ARM GAS  C:\Users\40918\AppData\Local\Temp\ccwnWUKb.s 			page 37


 1199 00ca 0362     		str	r3, [r0, #32]
 441:Core/Src/stm32f4xx_hal_msp.c ****     if (HAL_DMA_Init(&hdma_usart1_tx) != HAL_OK)
 1200              		.loc 1 441 5 is_stmt 1 view .LVU363
 441:Core/Src/stm32f4xx_hal_msp.c ****     if (HAL_DMA_Init(&hdma_usart1_tx) != HAL_OK)
 1201              		.loc 1 441 34 is_stmt 0 view .LVU364
 1202 00cc 4362     		str	r3, [r0, #36]
 442:Core/Src/stm32f4xx_hal_msp.c ****     {
 1203              		.loc 1 442 5 is_stmt 1 view .LVU365
 442:Core/Src/stm32f4xx_hal_msp.c ****     {
 1204              		.loc 1 442 9 is_stmt 0 view .LVU366
 1205 00ce FFF7FEFF 		bl	HAL_DMA_Init
 1206              	.LVL53:
 442:Core/Src/stm32f4xx_hal_msp.c ****     {
 1207              		.loc 1 442 8 discriminator 1 view .LVU367
 1208 00d2 70B9     		cbnz	r0, .L83
 1209              	.L69:
 447:Core/Src/stm32f4xx_hal_msp.c **** 
 1210              		.loc 1 447 5 is_stmt 1 view .LVU368
 447:Core/Src/stm32f4xx_hal_msp.c **** 
 1211              		.loc 1 447 5 view .LVU369
 1212 00d4 724B     		ldr	r3, .L88+32
 1213 00d6 A363     		str	r3, [r4, #56]
 447:Core/Src/stm32f4xx_hal_msp.c **** 
 1214              		.loc 1 447 5 view .LVU370
 1215 00d8 9C63     		str	r4, [r3, #56]
 447:Core/Src/stm32f4xx_hal_msp.c **** 
 1216              		.loc 1 447 5 view .LVU371
 450:Core/Src/stm32f4xx_hal_msp.c ****     HAL_NVIC_EnableIRQ(USART1_IRQn);
 1217              		.loc 1 450 5 view .LVU372
 1218 00da 0022     		movs	r2, #0
 1219 00dc 0521     		movs	r1, #5
 1220 00de 2520     		movs	r0, #37
 1221 00e0 FFF7FEFF 		bl	HAL_NVIC_SetPriority
 1222              	.LVL54:
 451:Core/Src/stm32f4xx_hal_msp.c ****     /* USER CODE BEGIN USART1_MspInit 1 */
 1223              		.loc 1 451 5 view .LVU373
 1224 00e4 2520     		movs	r0, #37
 1225 00e6 FFF7FEFF 		bl	HAL_NVIC_EnableIRQ
 1226              	.LVL55:
 1227 00ea A1E7     		b	.L66
 1228              	.L82:
 426:Core/Src/stm32f4xx_hal_msp.c ****     }
 1229              		.loc 1 426 7 view .LVU374
 1230 00ec FFF7FEFF 		bl	Error_Handler
 1231              	.LVL56:
 1232 00f0 D8E7     		b	.L68
 1233              	.L83:
 444:Core/Src/stm32f4xx_hal_msp.c ****     }
 1234              		.loc 1 444 7 view .LVU375
 1235 00f2 FFF7FEFF 		bl	Error_Handler
 1236              	.LVL57:
 1237 00f6 EDE7     		b	.L69
 1238              	.LVL58:
 1239              	.L79:
 462:Core/Src/stm32f4xx_hal_msp.c **** 
 1240              		.loc 1 462 5 view .LVU376
 1241              	.LBB13:
ARM GAS  C:\Users\40918\AppData\Local\Temp\ccwnWUKb.s 			page 38


 462:Core/Src/stm32f4xx_hal_msp.c **** 
 1242              		.loc 1 462 5 view .LVU377
 1243 00f8 0025     		movs	r5, #0
 1244 00fa 0395     		str	r5, [sp, #12]
 462:Core/Src/stm32f4xx_hal_msp.c **** 
 1245              		.loc 1 462 5 view .LVU378
 1246 00fc 644B     		ldr	r3, .L88+16
 1247 00fe 1A6C     		ldr	r2, [r3, #64]
 1248 0100 42F40032 		orr	r2, r2, #131072
 1249 0104 1A64     		str	r2, [r3, #64]
 462:Core/Src/stm32f4xx_hal_msp.c **** 
 1250              		.loc 1 462 5 view .LVU379
 1251 0106 1A6C     		ldr	r2, [r3, #64]
 1252 0108 02F40032 		and	r2, r2, #131072
 1253 010c 0392     		str	r2, [sp, #12]
 462:Core/Src/stm32f4xx_hal_msp.c **** 
 1254              		.loc 1 462 5 view .LVU380
 1255 010e 039A     		ldr	r2, [sp, #12]
 1256              	.LBE13:
 462:Core/Src/stm32f4xx_hal_msp.c **** 
 1257              		.loc 1 462 5 view .LVU381
 464:Core/Src/stm32f4xx_hal_msp.c ****     /**USART2 GPIO Configuration
 1258              		.loc 1 464 5 view .LVU382
 1259              	.LBB14:
 464:Core/Src/stm32f4xx_hal_msp.c ****     /**USART2 GPIO Configuration
 1260              		.loc 1 464 5 view .LVU383
 1261 0110 0495     		str	r5, [sp, #16]
 464:Core/Src/stm32f4xx_hal_msp.c ****     /**USART2 GPIO Configuration
 1262              		.loc 1 464 5 view .LVU384
 1263 0112 1A6B     		ldr	r2, [r3, #48]
 1264 0114 42F00102 		orr	r2, r2, #1
 1265 0118 1A63     		str	r2, [r3, #48]
 464:Core/Src/stm32f4xx_hal_msp.c ****     /**USART2 GPIO Configuration
 1266              		.loc 1 464 5 view .LVU385
 1267 011a 1B6B     		ldr	r3, [r3, #48]
 1268 011c 03F00103 		and	r3, r3, #1
 1269 0120 0493     		str	r3, [sp, #16]
 464:Core/Src/stm32f4xx_hal_msp.c ****     /**USART2 GPIO Configuration
 1270              		.loc 1 464 5 view .LVU386
 1271 0122 049B     		ldr	r3, [sp, #16]
 1272              	.LBE14:
 464:Core/Src/stm32f4xx_hal_msp.c ****     /**USART2 GPIO Configuration
 1273              		.loc 1 464 5 view .LVU387
 469:Core/Src/stm32f4xx_hal_msp.c ****     GPIO_InitStruct.Mode = GPIO_MODE_AF_PP;
 1274              		.loc 1 469 5 view .LVU388
 469:Core/Src/stm32f4xx_hal_msp.c ****     GPIO_InitStruct.Mode = GPIO_MODE_AF_PP;
 1275              		.loc 1 469 25 is_stmt 0 view .LVU389
 1276 0124 0C23     		movs	r3, #12
 1277 0126 0993     		str	r3, [sp, #36]
 470:Core/Src/stm32f4xx_hal_msp.c ****     GPIO_InitStruct.Pull = GPIO_NOPULL;
 1278              		.loc 1 470 5 is_stmt 1 view .LVU390
 470:Core/Src/stm32f4xx_hal_msp.c ****     GPIO_InitStruct.Pull = GPIO_NOPULL;
 1279              		.loc 1 470 26 is_stmt 0 view .LVU391
 1280 0128 0223     		movs	r3, #2
 1281 012a 0A93     		str	r3, [sp, #40]
 471:Core/Src/stm32f4xx_hal_msp.c ****     GPIO_InitStruct.Speed = GPIO_SPEED_FREQ_VERY_HIGH;
 1282              		.loc 1 471 5 is_stmt 1 view .LVU392
ARM GAS  C:\Users\40918\AppData\Local\Temp\ccwnWUKb.s 			page 39


 472:Core/Src/stm32f4xx_hal_msp.c ****     GPIO_InitStruct.Alternate = GPIO_AF7_USART2;
 1283              		.loc 1 472 5 view .LVU393
 472:Core/Src/stm32f4xx_hal_msp.c ****     GPIO_InitStruct.Alternate = GPIO_AF7_USART2;
 1284              		.loc 1 472 27 is_stmt 0 view .LVU394
 1285 012c 0323     		movs	r3, #3
 1286 012e 0C93     		str	r3, [sp, #48]
 473:Core/Src/stm32f4xx_hal_msp.c ****     HAL_GPIO_Init(GPIOA, &GPIO_InitStruct);
 1287              		.loc 1 473 5 is_stmt 1 view .LVU395
 473:Core/Src/stm32f4xx_hal_msp.c ****     HAL_GPIO_Init(GPIOA, &GPIO_InitStruct);
 1288              		.loc 1 473 31 is_stmt 0 view .LVU396
 1289 0130 0723     		movs	r3, #7
 1290 0132 0D93     		str	r3, [sp, #52]
 474:Core/Src/stm32f4xx_hal_msp.c **** 
 1291              		.loc 1 474 5 is_stmt 1 view .LVU397
 1292 0134 09A9     		add	r1, sp, #36
 1293 0136 5748     		ldr	r0, .L88+20
 1294              	.LVL59:
 474:Core/Src/stm32f4xx_hal_msp.c **** 
 1295              		.loc 1 474 5 is_stmt 0 view .LVU398
 1296 0138 FFF7FEFF 		bl	HAL_GPIO_Init
 1297              	.LVL60:
 478:Core/Src/stm32f4xx_hal_msp.c ****     hdma_usart2_rx.Init.Channel = DMA_CHANNEL_4;
 1298              		.loc 1 478 5 is_stmt 1 view .LVU399
 478:Core/Src/stm32f4xx_hal_msp.c ****     hdma_usart2_rx.Init.Channel = DMA_CHANNEL_4;
 1299              		.loc 1 478 29 is_stmt 0 view .LVU400
 1300 013c 5A48     		ldr	r0, .L88+40
 1301 013e 5B4B     		ldr	r3, .L88+44
 1302 0140 0360     		str	r3, [r0]
 479:Core/Src/stm32f4xx_hal_msp.c ****     hdma_usart2_rx.Init.Direction = DMA_PERIPH_TO_MEMORY;
 1303              		.loc 1 479 5 is_stmt 1 view .LVU401
 479:Core/Src/stm32f4xx_hal_msp.c ****     hdma_usart2_rx.Init.Direction = DMA_PERIPH_TO_MEMORY;
 1304              		.loc 1 479 33 is_stmt 0 view .LVU402
 1305 0142 4FF00063 		mov	r3, #134217728
 1306 0146 4360     		str	r3, [r0, #4]
 480:Core/Src/stm32f4xx_hal_msp.c ****     hdma_usart2_rx.Init.PeriphInc = DMA_PINC_DISABLE;
 1307              		.loc 1 480 5 is_stmt 1 view .LVU403
 480:Core/Src/stm32f4xx_hal_msp.c ****     hdma_usart2_rx.Init.PeriphInc = DMA_PINC_DISABLE;
 1308              		.loc 1 480 35 is_stmt 0 view .LVU404
 1309 0148 8560     		str	r5, [r0, #8]
 481:Core/Src/stm32f4xx_hal_msp.c ****     hdma_usart2_rx.Init.MemInc = DMA_MINC_ENABLE;
 1310              		.loc 1 481 5 is_stmt 1 view .LVU405
 481:Core/Src/stm32f4xx_hal_msp.c ****     hdma_usart2_rx.Init.MemInc = DMA_MINC_ENABLE;
 1311              		.loc 1 481 35 is_stmt 0 view .LVU406
 1312 014a C560     		str	r5, [r0, #12]
 482:Core/Src/stm32f4xx_hal_msp.c ****     hdma_usart2_rx.Init.PeriphDataAlignment = DMA_PDATAALIGN_BYTE;
 1313              		.loc 1 482 5 is_stmt 1 view .LVU407
 482:Core/Src/stm32f4xx_hal_msp.c ****     hdma_usart2_rx.Init.PeriphDataAlignment = DMA_PDATAALIGN_BYTE;
 1314              		.loc 1 482 32 is_stmt 0 view .LVU408
 1315 014c 4FF48063 		mov	r3, #1024
 1316 0150 0361     		str	r3, [r0, #16]
 483:Core/Src/stm32f4xx_hal_msp.c ****     hdma_usart2_rx.Init.MemDataAlignment = DMA_MDATAALIGN_BYTE;
 1317              		.loc 1 483 5 is_stmt 1 view .LVU409
 483:Core/Src/stm32f4xx_hal_msp.c ****     hdma_usart2_rx.Init.MemDataAlignment = DMA_MDATAALIGN_BYTE;
 1318              		.loc 1 483 45 is_stmt 0 view .LVU410
 1319 0152 4561     		str	r5, [r0, #20]
 484:Core/Src/stm32f4xx_hal_msp.c ****     hdma_usart2_rx.Init.Mode = DMA_CIRCULAR;
 1320              		.loc 1 484 5 is_stmt 1 view .LVU411
ARM GAS  C:\Users\40918\AppData\Local\Temp\ccwnWUKb.s 			page 40


 484:Core/Src/stm32f4xx_hal_msp.c ****     hdma_usart2_rx.Init.Mode = DMA_CIRCULAR;
 1321              		.loc 1 484 42 is_stmt 0 view .LVU412
 1322 0154 8561     		str	r5, [r0, #24]
 485:Core/Src/stm32f4xx_hal_msp.c ****     hdma_usart2_rx.Init.Priority = DMA_PRIORITY_LOW;
 1323              		.loc 1 485 5 is_stmt 1 view .LVU413
 485:Core/Src/stm32f4xx_hal_msp.c ****     hdma_usart2_rx.Init.Priority = DMA_PRIORITY_LOW;
 1324              		.loc 1 485 30 is_stmt 0 view .LVU414
 1325 0156 4FF48073 		mov	r3, #256
 1326 015a C361     		str	r3, [r0, #28]
 486:Core/Src/stm32f4xx_hal_msp.c ****     hdma_usart2_rx.Init.FIFOMode = DMA_FIFOMODE_DISABLE;
 1327              		.loc 1 486 5 is_stmt 1 view .LVU415
 486:Core/Src/stm32f4xx_hal_msp.c ****     hdma_usart2_rx.Init.FIFOMode = DMA_FIFOMODE_DISABLE;
 1328              		.loc 1 486 34 is_stmt 0 view .LVU416
 1329 015c 0562     		str	r5, [r0, #32]
 487:Core/Src/stm32f4xx_hal_msp.c ****     if (HAL_DMA_Init(&hdma_usart2_rx) != HAL_OK)
 1330              		.loc 1 487 5 is_stmt 1 view .LVU417
 487:Core/Src/stm32f4xx_hal_msp.c ****     if (HAL_DMA_Init(&hdma_usart2_rx) != HAL_OK)
 1331              		.loc 1 487 34 is_stmt 0 view .LVU418
 1332 015e 4562     		str	r5, [r0, #36]
 488:Core/Src/stm32f4xx_hal_msp.c ****     {
 1333              		.loc 1 488 5 is_stmt 1 view .LVU419
 488:Core/Src/stm32f4xx_hal_msp.c ****     {
 1334              		.loc 1 488 9 is_stmt 0 view .LVU420
 1335 0160 FFF7FEFF 		bl	HAL_DMA_Init
 1336              	.LVL61:
 488:Core/Src/stm32f4xx_hal_msp.c ****     {
 1337              		.loc 1 488 8 discriminator 1 view .LVU421
 1338 0164 18BB     		cbnz	r0, .L84
 1339              	.L72:
 493:Core/Src/stm32f4xx_hal_msp.c **** 
 1340              		.loc 1 493 5 is_stmt 1 view .LVU422
 493:Core/Src/stm32f4xx_hal_msp.c **** 
 1341              		.loc 1 493 5 view .LVU423
 1342 0166 504B     		ldr	r3, .L88+40
 1343 0168 E363     		str	r3, [r4, #60]
 493:Core/Src/stm32f4xx_hal_msp.c **** 
 1344              		.loc 1 493 5 view .LVU424
 1345 016a 9C63     		str	r4, [r3, #56]
 493:Core/Src/stm32f4xx_hal_msp.c **** 
 1346              		.loc 1 493 5 view .LVU425
 496:Core/Src/stm32f4xx_hal_msp.c ****     hdma_usart2_tx.Init.Channel = DMA_CHANNEL_4;
 1347              		.loc 1 496 5 view .LVU426
 496:Core/Src/stm32f4xx_hal_msp.c ****     hdma_usart2_tx.Init.Channel = DMA_CHANNEL_4;
 1348              		.loc 1 496 29 is_stmt 0 view .LVU427
 1349 016c 5048     		ldr	r0, .L88+48
 1350 016e 514B     		ldr	r3, .L88+52
 1351 0170 0360     		str	r3, [r0]
 497:Core/Src/stm32f4xx_hal_msp.c ****     hdma_usart2_tx.Init.Direction = DMA_MEMORY_TO_PERIPH;
 1352              		.loc 1 497 5 is_stmt 1 view .LVU428
 497:Core/Src/stm32f4xx_hal_msp.c ****     hdma_usart2_tx.Init.Direction = DMA_MEMORY_TO_PERIPH;
 1353              		.loc 1 497 33 is_stmt 0 view .LVU429
 1354 0172 4FF00063 		mov	r3, #134217728
 1355 0176 4360     		str	r3, [r0, #4]
 498:Core/Src/stm32f4xx_hal_msp.c ****     hdma_usart2_tx.Init.PeriphInc = DMA_PINC_DISABLE;
 1356              		.loc 1 498 5 is_stmt 1 view .LVU430
 498:Core/Src/stm32f4xx_hal_msp.c ****     hdma_usart2_tx.Init.PeriphInc = DMA_PINC_DISABLE;
 1357              		.loc 1 498 35 is_stmt 0 view .LVU431
ARM GAS  C:\Users\40918\AppData\Local\Temp\ccwnWUKb.s 			page 41


 1358 0178 4023     		movs	r3, #64
 1359 017a 8360     		str	r3, [r0, #8]
 499:Core/Src/stm32f4xx_hal_msp.c ****     hdma_usart2_tx.Init.MemInc = DMA_MINC_ENABLE;
 1360              		.loc 1 499 5 is_stmt 1 view .LVU432
 499:Core/Src/stm32f4xx_hal_msp.c ****     hdma_usart2_tx.Init.MemInc = DMA_MINC_ENABLE;
 1361              		.loc 1 499 35 is_stmt 0 view .LVU433
 1362 017c 0023     		movs	r3, #0
 1363 017e C360     		str	r3, [r0, #12]
 500:Core/Src/stm32f4xx_hal_msp.c ****     hdma_usart2_tx.Init.PeriphDataAlignment = DMA_PDATAALIGN_BYTE;
 1364              		.loc 1 500 5 is_stmt 1 view .LVU434
 500:Core/Src/stm32f4xx_hal_msp.c ****     hdma_usart2_tx.Init.PeriphDataAlignment = DMA_PDATAALIGN_BYTE;
 1365              		.loc 1 500 32 is_stmt 0 view .LVU435
 1366 0180 4FF48062 		mov	r2, #1024
 1367 0184 0261     		str	r2, [r0, #16]
 501:Core/Src/stm32f4xx_hal_msp.c ****     hdma_usart2_tx.Init.MemDataAlignment = DMA_MDATAALIGN_BYTE;
 1368              		.loc 1 501 5 is_stmt 1 view .LVU436
 501:Core/Src/stm32f4xx_hal_msp.c ****     hdma_usart2_tx.Init.MemDataAlignment = DMA_MDATAALIGN_BYTE;
 1369              		.loc 1 501 45 is_stmt 0 view .LVU437
 1370 0186 4361     		str	r3, [r0, #20]
 502:Core/Src/stm32f4xx_hal_msp.c ****     hdma_usart2_tx.Init.Mode = DMA_NORMAL;
 1371              		.loc 1 502 5 is_stmt 1 view .LVU438
 502:Core/Src/stm32f4xx_hal_msp.c ****     hdma_usart2_tx.Init.Mode = DMA_NORMAL;
 1372              		.loc 1 502 42 is_stmt 0 view .LVU439
 1373 0188 8361     		str	r3, [r0, #24]
 503:Core/Src/stm32f4xx_hal_msp.c ****     hdma_usart2_tx.Init.Priority = DMA_PRIORITY_LOW;
 1374              		.loc 1 503 5 is_stmt 1 view .LVU440
 503:Core/Src/stm32f4xx_hal_msp.c ****     hdma_usart2_tx.Init.Priority = DMA_PRIORITY_LOW;
 1375              		.loc 1 503 30 is_stmt 0 view .LVU441
 1376 018a C361     		str	r3, [r0, #28]
 504:Core/Src/stm32f4xx_hal_msp.c ****     hdma_usart2_tx.Init.FIFOMode = DMA_FIFOMODE_DISABLE;
 1377              		.loc 1 504 5 is_stmt 1 view .LVU442
 504:Core/Src/stm32f4xx_hal_msp.c ****     hdma_usart2_tx.Init.FIFOMode = DMA_FIFOMODE_DISABLE;
 1378              		.loc 1 504 34 is_stmt 0 view .LVU443
 1379 018c 0362     		str	r3, [r0, #32]
 505:Core/Src/stm32f4xx_hal_msp.c ****     if (HAL_DMA_Init(&hdma_usart2_tx) != HAL_OK)
 1380              		.loc 1 505 5 is_stmt 1 view .LVU444
 505:Core/Src/stm32f4xx_hal_msp.c ****     if (HAL_DMA_Init(&hdma_usart2_tx) != HAL_OK)
 1381              		.loc 1 505 34 is_stmt 0 view .LVU445
 1382 018e 4362     		str	r3, [r0, #36]
 506:Core/Src/stm32f4xx_hal_msp.c ****     {
 1383              		.loc 1 506 5 is_stmt 1 view .LVU446
 506:Core/Src/stm32f4xx_hal_msp.c ****     {
 1384              		.loc 1 506 9 is_stmt 0 view .LVU447
 1385 0190 FFF7FEFF 		bl	HAL_DMA_Init
 1386              	.LVL62:
 506:Core/Src/stm32f4xx_hal_msp.c ****     {
 1387              		.loc 1 506 8 discriminator 1 view .LVU448
 1388 0194 70B9     		cbnz	r0, .L85
 1389              	.L73:
 511:Core/Src/stm32f4xx_hal_msp.c **** 
 1390              		.loc 1 511 5 is_stmt 1 view .LVU449
 511:Core/Src/stm32f4xx_hal_msp.c **** 
 1391              		.loc 1 511 5 view .LVU450
 1392 0196 464B     		ldr	r3, .L88+48
 1393 0198 A363     		str	r3, [r4, #56]
 511:Core/Src/stm32f4xx_hal_msp.c **** 
 1394              		.loc 1 511 5 view .LVU451
ARM GAS  C:\Users\40918\AppData\Local\Temp\ccwnWUKb.s 			page 42


 1395 019a 9C63     		str	r4, [r3, #56]
 511:Core/Src/stm32f4xx_hal_msp.c **** 
 1396              		.loc 1 511 5 view .LVU452
 514:Core/Src/stm32f4xx_hal_msp.c ****     HAL_NVIC_EnableIRQ(USART2_IRQn);
 1397              		.loc 1 514 5 view .LVU453
 1398 019c 0022     		movs	r2, #0
 1399 019e 0521     		movs	r1, #5
 1400 01a0 2620     		movs	r0, #38
 1401 01a2 FFF7FEFF 		bl	HAL_NVIC_SetPriority
 1402              	.LVL63:
 515:Core/Src/stm32f4xx_hal_msp.c ****     /* USER CODE BEGIN USART2_MspInit 1 */
 1403              		.loc 1 515 5 view .LVU454
 1404 01a6 2620     		movs	r0, #38
 1405 01a8 FFF7FEFF 		bl	HAL_NVIC_EnableIRQ
 1406              	.LVL64:
 1407 01ac 40E7     		b	.L66
 1408              	.L84:
 490:Core/Src/stm32f4xx_hal_msp.c ****     }
 1409              		.loc 1 490 7 view .LVU455
 1410 01ae FFF7FEFF 		bl	Error_Handler
 1411              	.LVL65:
 1412 01b2 D8E7     		b	.L72
 1413              	.L85:
 508:Core/Src/stm32f4xx_hal_msp.c ****     }
 1414              		.loc 1 508 7 view .LVU456
 1415 01b4 FFF7FEFF 		bl	Error_Handler
 1416              	.LVL66:
 1417 01b8 EDE7     		b	.L73
 1418              	.LVL67:
 1419              	.L80:
 526:Core/Src/stm32f4xx_hal_msp.c **** 
 1420              		.loc 1 526 5 view .LVU457
 1421              	.LBB15:
 526:Core/Src/stm32f4xx_hal_msp.c **** 
 1422              		.loc 1 526 5 view .LVU458
 1423 01ba 0025     		movs	r5, #0
 1424 01bc 0595     		str	r5, [sp, #20]
 526:Core/Src/stm32f4xx_hal_msp.c **** 
 1425              		.loc 1 526 5 view .LVU459
 1426 01be 344B     		ldr	r3, .L88+16
 1427 01c0 1A6C     		ldr	r2, [r3, #64]
 1428 01c2 42F48022 		orr	r2, r2, #262144
 1429 01c6 1A64     		str	r2, [r3, #64]
 526:Core/Src/stm32f4xx_hal_msp.c **** 
 1430              		.loc 1 526 5 view .LVU460
 1431 01c8 1A6C     		ldr	r2, [r3, #64]
 1432 01ca 02F48022 		and	r2, r2, #262144
 1433 01ce 0592     		str	r2, [sp, #20]
 526:Core/Src/stm32f4xx_hal_msp.c **** 
 1434              		.loc 1 526 5 view .LVU461
 1435 01d0 059A     		ldr	r2, [sp, #20]
 1436              	.LBE15:
 526:Core/Src/stm32f4xx_hal_msp.c **** 
 1437              		.loc 1 526 5 view .LVU462
 528:Core/Src/stm32f4xx_hal_msp.c ****     /**USART3 GPIO Configuration
 1438              		.loc 1 528 5 view .LVU463
 1439              	.LBB16:
ARM GAS  C:\Users\40918\AppData\Local\Temp\ccwnWUKb.s 			page 43


 528:Core/Src/stm32f4xx_hal_msp.c ****     /**USART3 GPIO Configuration
 1440              		.loc 1 528 5 view .LVU464
 1441 01d2 0695     		str	r5, [sp, #24]
 528:Core/Src/stm32f4xx_hal_msp.c ****     /**USART3 GPIO Configuration
 1442              		.loc 1 528 5 view .LVU465
 1443 01d4 1A6B     		ldr	r2, [r3, #48]
 1444 01d6 42F00202 		orr	r2, r2, #2
 1445 01da 1A63     		str	r2, [r3, #48]
 528:Core/Src/stm32f4xx_hal_msp.c ****     /**USART3 GPIO Configuration
 1446              		.loc 1 528 5 view .LVU466
 1447 01dc 1B6B     		ldr	r3, [r3, #48]
 1448 01de 03F00203 		and	r3, r3, #2
 1449 01e2 0693     		str	r3, [sp, #24]
 528:Core/Src/stm32f4xx_hal_msp.c ****     /**USART3 GPIO Configuration
 1450              		.loc 1 528 5 view .LVU467
 1451 01e4 069B     		ldr	r3, [sp, #24]
 1452              	.LBE16:
 528:Core/Src/stm32f4xx_hal_msp.c ****     /**USART3 GPIO Configuration
 1453              		.loc 1 528 5 view .LVU468
 533:Core/Src/stm32f4xx_hal_msp.c ****     GPIO_InitStruct.Mode = GPIO_MODE_AF_PP;
 1454              		.loc 1 533 5 view .LVU469
 533:Core/Src/stm32f4xx_hal_msp.c ****     GPIO_InitStruct.Mode = GPIO_MODE_AF_PP;
 1455              		.loc 1 533 25 is_stmt 0 view .LVU470
 1456 01e6 4FF44063 		mov	r3, #3072
 1457 01ea 0993     		str	r3, [sp, #36]
 534:Core/Src/stm32f4xx_hal_msp.c ****     GPIO_InitStruct.Pull = GPIO_NOPULL;
 1458              		.loc 1 534 5 is_stmt 1 view .LVU471
 534:Core/Src/stm32f4xx_hal_msp.c ****     GPIO_InitStruct.Pull = GPIO_NOPULL;
 1459              		.loc 1 534 26 is_stmt 0 view .LVU472
 1460 01ec 0223     		movs	r3, #2
 1461 01ee 0A93     		str	r3, [sp, #40]
 535:Core/Src/stm32f4xx_hal_msp.c ****     GPIO_InitStruct.Speed = GPIO_SPEED_FREQ_VERY_HIGH;
 1462              		.loc 1 535 5 is_stmt 1 view .LVU473
 536:Core/Src/stm32f4xx_hal_msp.c ****     GPIO_InitStruct.Alternate = GPIO_AF7_USART3;
 1463              		.loc 1 536 5 view .LVU474
 536:Core/Src/stm32f4xx_hal_msp.c ****     GPIO_InitStruct.Alternate = GPIO_AF7_USART3;
 1464              		.loc 1 536 27 is_stmt 0 view .LVU475
 1465 01f0 0323     		movs	r3, #3
 1466 01f2 0C93     		str	r3, [sp, #48]
 537:Core/Src/stm32f4xx_hal_msp.c ****     HAL_GPIO_Init(GPIOB, &GPIO_InitStruct);
 1467              		.loc 1 537 5 is_stmt 1 view .LVU476
 537:Core/Src/stm32f4xx_hal_msp.c ****     HAL_GPIO_Init(GPIOB, &GPIO_InitStruct);
 1468              		.loc 1 537 31 is_stmt 0 view .LVU477
 1469 01f4 0723     		movs	r3, #7
 1470 01f6 0D93     		str	r3, [sp, #52]
 538:Core/Src/stm32f4xx_hal_msp.c **** 
 1471              		.loc 1 538 5 is_stmt 1 view .LVU478
 1472 01f8 09A9     		add	r1, sp, #36
 1473 01fa 2F48     		ldr	r0, .L88+56
 1474              	.LVL68:
 538:Core/Src/stm32f4xx_hal_msp.c **** 
 1475              		.loc 1 538 5 is_stmt 0 view .LVU479
 1476 01fc FFF7FEFF 		bl	HAL_GPIO_Init
 1477              	.LVL69:
 542:Core/Src/stm32f4xx_hal_msp.c ****     hdma_usart3_rx.Init.Channel = DMA_CHANNEL_4;
 1478              		.loc 1 542 5 is_stmt 1 view .LVU480
 542:Core/Src/stm32f4xx_hal_msp.c ****     hdma_usart3_rx.Init.Channel = DMA_CHANNEL_4;
ARM GAS  C:\Users\40918\AppData\Local\Temp\ccwnWUKb.s 			page 44


 1479              		.loc 1 542 29 is_stmt 0 view .LVU481
 1480 0200 2E48     		ldr	r0, .L88+60
 1481 0202 2F4B     		ldr	r3, .L88+64
 1482 0204 0360     		str	r3, [r0]
 543:Core/Src/stm32f4xx_hal_msp.c ****     hdma_usart3_rx.Init.Direction = DMA_PERIPH_TO_MEMORY;
 1483              		.loc 1 543 5 is_stmt 1 view .LVU482
 543:Core/Src/stm32f4xx_hal_msp.c ****     hdma_usart3_rx.Init.Direction = DMA_PERIPH_TO_MEMORY;
 1484              		.loc 1 543 33 is_stmt 0 view .LVU483
 1485 0206 4FF00063 		mov	r3, #134217728
 1486 020a 4360     		str	r3, [r0, #4]
 544:Core/Src/stm32f4xx_hal_msp.c ****     hdma_usart3_rx.Init.PeriphInc = DMA_PINC_DISABLE;
 1487              		.loc 1 544 5 is_stmt 1 view .LVU484
 544:Core/Src/stm32f4xx_hal_msp.c ****     hdma_usart3_rx.Init.PeriphInc = DMA_PINC_DISABLE;
 1488              		.loc 1 544 35 is_stmt 0 view .LVU485
 1489 020c 8560     		str	r5, [r0, #8]
 545:Core/Src/stm32f4xx_hal_msp.c ****     hdma_usart3_rx.Init.MemInc = DMA_MINC_ENABLE;
 1490              		.loc 1 545 5 is_stmt 1 view .LVU486
 545:Core/Src/stm32f4xx_hal_msp.c ****     hdma_usart3_rx.Init.MemInc = DMA_MINC_ENABLE;
 1491              		.loc 1 545 35 is_stmt 0 view .LVU487
 1492 020e C560     		str	r5, [r0, #12]
 546:Core/Src/stm32f4xx_hal_msp.c ****     hdma_usart3_rx.Init.PeriphDataAlignment = DMA_PDATAALIGN_BYTE;
 1493              		.loc 1 546 5 is_stmt 1 view .LVU488
 546:Core/Src/stm32f4xx_hal_msp.c ****     hdma_usart3_rx.Init.PeriphDataAlignment = DMA_PDATAALIGN_BYTE;
 1494              		.loc 1 546 32 is_stmt 0 view .LVU489
 1495 0210 4FF48063 		mov	r3, #1024
 1496 0214 0361     		str	r3, [r0, #16]
 547:Core/Src/stm32f4xx_hal_msp.c ****     hdma_usart3_rx.Init.MemDataAlignment = DMA_MDATAALIGN_BYTE;
 1497              		.loc 1 547 5 is_stmt 1 view .LVU490
 547:Core/Src/stm32f4xx_hal_msp.c ****     hdma_usart3_rx.Init.MemDataAlignment = DMA_MDATAALIGN_BYTE;
 1498              		.loc 1 547 45 is_stmt 0 view .LVU491
 1499 0216 4561     		str	r5, [r0, #20]
 548:Core/Src/stm32f4xx_hal_msp.c ****     hdma_usart3_rx.Init.Mode = DMA_CIRCULAR;
 1500              		.loc 1 548 5 is_stmt 1 view .LVU492
 548:Core/Src/stm32f4xx_hal_msp.c ****     hdma_usart3_rx.Init.Mode = DMA_CIRCULAR;
 1501              		.loc 1 548 42 is_stmt 0 view .LVU493
 1502 0218 8561     		str	r5, [r0, #24]
 549:Core/Src/stm32f4xx_hal_msp.c ****     hdma_usart3_rx.Init.Priority = DMA_PRIORITY_LOW;
 1503              		.loc 1 549 5 is_stmt 1 view .LVU494
 549:Core/Src/stm32f4xx_hal_msp.c ****     hdma_usart3_rx.Init.Priority = DMA_PRIORITY_LOW;
 1504              		.loc 1 549 30 is_stmt 0 view .LVU495
 1505 021a 4FF48073 		mov	r3, #256
 1506 021e C361     		str	r3, [r0, #28]
 550:Core/Src/stm32f4xx_hal_msp.c ****     hdma_usart3_rx.Init.FIFOMode = DMA_FIFOMODE_DISABLE;
 1507              		.loc 1 550 5 is_stmt 1 view .LVU496
 550:Core/Src/stm32f4xx_hal_msp.c ****     hdma_usart3_rx.Init.FIFOMode = DMA_FIFOMODE_DISABLE;
 1508              		.loc 1 550 34 is_stmt 0 view .LVU497
 1509 0220 0562     		str	r5, [r0, #32]
 551:Core/Src/stm32f4xx_hal_msp.c ****     if (HAL_DMA_Init(&hdma_usart3_rx) != HAL_OK)
 1510              		.loc 1 551 5 is_stmt 1 view .LVU498
 551:Core/Src/stm32f4xx_hal_msp.c ****     if (HAL_DMA_Init(&hdma_usart3_rx) != HAL_OK)
 1511              		.loc 1 551 34 is_stmt 0 view .LVU499
 1512 0222 4562     		str	r5, [r0, #36]
 552:Core/Src/stm32f4xx_hal_msp.c ****     {
 1513              		.loc 1 552 5 is_stmt 1 view .LVU500
 552:Core/Src/stm32f4xx_hal_msp.c ****     {
 1514              		.loc 1 552 9 is_stmt 0 view .LVU501
 1515 0224 FFF7FEFF 		bl	HAL_DMA_Init
ARM GAS  C:\Users\40918\AppData\Local\Temp\ccwnWUKb.s 			page 45


 1516              	.LVL70:
 552:Core/Src/stm32f4xx_hal_msp.c ****     {
 1517              		.loc 1 552 8 discriminator 1 view .LVU502
 1518 0228 18BB     		cbnz	r0, .L86
 1519              	.L75:
 557:Core/Src/stm32f4xx_hal_msp.c **** 
 1520              		.loc 1 557 5 is_stmt 1 view .LVU503
 557:Core/Src/stm32f4xx_hal_msp.c **** 
 1521              		.loc 1 557 5 view .LVU504
 1522 022a 244B     		ldr	r3, .L88+60
 1523 022c E363     		str	r3, [r4, #60]
 557:Core/Src/stm32f4xx_hal_msp.c **** 
 1524              		.loc 1 557 5 view .LVU505
 1525 022e 9C63     		str	r4, [r3, #56]
 557:Core/Src/stm32f4xx_hal_msp.c **** 
 1526              		.loc 1 557 5 view .LVU506
 560:Core/Src/stm32f4xx_hal_msp.c ****     hdma_usart3_tx.Init.Channel = DMA_CHANNEL_4;
 1527              		.loc 1 560 5 view .LVU507
 560:Core/Src/stm32f4xx_hal_msp.c ****     hdma_usart3_tx.Init.Channel = DMA_CHANNEL_4;
 1528              		.loc 1 560 29 is_stmt 0 view .LVU508
 1529 0230 2448     		ldr	r0, .L88+68
 1530 0232 254B     		ldr	r3, .L88+72
 1531 0234 0360     		str	r3, [r0]
 561:Core/Src/stm32f4xx_hal_msp.c ****     hdma_usart3_tx.Init.Direction = DMA_MEMORY_TO_PERIPH;
 1532              		.loc 1 561 5 is_stmt 1 view .LVU509
 561:Core/Src/stm32f4xx_hal_msp.c ****     hdma_usart3_tx.Init.Direction = DMA_MEMORY_TO_PERIPH;
 1533              		.loc 1 561 33 is_stmt 0 view .LVU510
 1534 0236 4FF00063 		mov	r3, #134217728
 1535 023a 4360     		str	r3, [r0, #4]
 562:Core/Src/stm32f4xx_hal_msp.c ****     hdma_usart3_tx.Init.PeriphInc = DMA_PINC_DISABLE;
 1536              		.loc 1 562 5 is_stmt 1 view .LVU511
 562:Core/Src/stm32f4xx_hal_msp.c ****     hdma_usart3_tx.Init.PeriphInc = DMA_PINC_DISABLE;
 1537              		.loc 1 562 35 is_stmt 0 view .LVU512
 1538 023c 4023     		movs	r3, #64
 1539 023e 8360     		str	r3, [r0, #8]
 563:Core/Src/stm32f4xx_hal_msp.c ****     hdma_usart3_tx.Init.MemInc = DMA_MINC_ENABLE;
 1540              		.loc 1 563 5 is_stmt 1 view .LVU513
 563:Core/Src/stm32f4xx_hal_msp.c ****     hdma_usart3_tx.Init.MemInc = DMA_MINC_ENABLE;
 1541              		.loc 1 563 35 is_stmt 0 view .LVU514
 1542 0240 0023     		movs	r3, #0
 1543 0242 C360     		str	r3, [r0, #12]
 564:Core/Src/stm32f4xx_hal_msp.c ****     hdma_usart3_tx.Init.PeriphDataAlignment = DMA_PDATAALIGN_BYTE;
 1544              		.loc 1 564 5 is_stmt 1 view .LVU515
 564:Core/Src/stm32f4xx_hal_msp.c ****     hdma_usart3_tx.Init.PeriphDataAlignment = DMA_PDATAALIGN_BYTE;
 1545              		.loc 1 564 32 is_stmt 0 view .LVU516
 1546 0244 4FF48062 		mov	r2, #1024
 1547 0248 0261     		str	r2, [r0, #16]
 565:Core/Src/stm32f4xx_hal_msp.c ****     hdma_usart3_tx.Init.MemDataAlignment = DMA_MDATAALIGN_BYTE;
 1548              		.loc 1 565 5 is_stmt 1 view .LVU517
 565:Core/Src/stm32f4xx_hal_msp.c ****     hdma_usart3_tx.Init.MemDataAlignment = DMA_MDATAALIGN_BYTE;
 1549              		.loc 1 565 45 is_stmt 0 view .LVU518
 1550 024a 4361     		str	r3, [r0, #20]
 566:Core/Src/stm32f4xx_hal_msp.c ****     hdma_usart3_tx.Init.Mode = DMA_NORMAL;
 1551              		.loc 1 566 5 is_stmt 1 view .LVU519
 566:Core/Src/stm32f4xx_hal_msp.c ****     hdma_usart3_tx.Init.Mode = DMA_NORMAL;
 1552              		.loc 1 566 42 is_stmt 0 view .LVU520
 1553 024c 8361     		str	r3, [r0, #24]
ARM GAS  C:\Users\40918\AppData\Local\Temp\ccwnWUKb.s 			page 46


 567:Core/Src/stm32f4xx_hal_msp.c ****     hdma_usart3_tx.Init.Priority = DMA_PRIORITY_LOW;
 1554              		.loc 1 567 5 is_stmt 1 view .LVU521
 567:Core/Src/stm32f4xx_hal_msp.c ****     hdma_usart3_tx.Init.Priority = DMA_PRIORITY_LOW;
 1555              		.loc 1 567 30 is_stmt 0 view .LVU522
 1556 024e C361     		str	r3, [r0, #28]
 568:Core/Src/stm32f4xx_hal_msp.c ****     hdma_usart3_tx.Init.FIFOMode = DMA_FIFOMODE_DISABLE;
 1557              		.loc 1 568 5 is_stmt 1 view .LVU523
 568:Core/Src/stm32f4xx_hal_msp.c ****     hdma_usart3_tx.Init.FIFOMode = DMA_FIFOMODE_DISABLE;
 1558              		.loc 1 568 34 is_stmt 0 view .LVU524
 1559 0250 0362     		str	r3, [r0, #32]
 569:Core/Src/stm32f4xx_hal_msp.c ****     if (HAL_DMA_Init(&hdma_usart3_tx) != HAL_OK)
 1560              		.loc 1 569 5 is_stmt 1 view .LVU525
 569:Core/Src/stm32f4xx_hal_msp.c ****     if (HAL_DMA_Init(&hdma_usart3_tx) != HAL_OK)
 1561              		.loc 1 569 34 is_stmt 0 view .LVU526
 1562 0252 4362     		str	r3, [r0, #36]
 570:Core/Src/stm32f4xx_hal_msp.c ****     {
 1563              		.loc 1 570 5 is_stmt 1 view .LVU527
 570:Core/Src/stm32f4xx_hal_msp.c ****     {
 1564              		.loc 1 570 9 is_stmt 0 view .LVU528
 1565 0254 FFF7FEFF 		bl	HAL_DMA_Init
 1566              	.LVL71:
 570:Core/Src/stm32f4xx_hal_msp.c ****     {
 1567              		.loc 1 570 8 discriminator 1 view .LVU529
 1568 0258 70B9     		cbnz	r0, .L87
 1569              	.L76:
 575:Core/Src/stm32f4xx_hal_msp.c **** 
 1570              		.loc 1 575 5 is_stmt 1 view .LVU530
 575:Core/Src/stm32f4xx_hal_msp.c **** 
 1571              		.loc 1 575 5 view .LVU531
 1572 025a 1A4B     		ldr	r3, .L88+68
 1573 025c A363     		str	r3, [r4, #56]
 575:Core/Src/stm32f4xx_hal_msp.c **** 
 1574              		.loc 1 575 5 view .LVU532
 1575 025e 9C63     		str	r4, [r3, #56]
 575:Core/Src/stm32f4xx_hal_msp.c **** 
 1576              		.loc 1 575 5 view .LVU533
 578:Core/Src/stm32f4xx_hal_msp.c ****     HAL_NVIC_EnableIRQ(USART3_IRQn);
 1577              		.loc 1 578 5 view .LVU534
 1578 0260 0022     		movs	r2, #0
 1579 0262 0521     		movs	r1, #5
 1580 0264 2720     		movs	r0, #39
 1581 0266 FFF7FEFF 		bl	HAL_NVIC_SetPriority
 1582              	.LVL72:
 579:Core/Src/stm32f4xx_hal_msp.c ****     /* USER CODE BEGIN USART3_MspInit 1 */
 1583              		.loc 1 579 5 view .LVU535
 1584 026a 2720     		movs	r0, #39
 1585 026c FFF7FEFF 		bl	HAL_NVIC_EnableIRQ
 1586              	.LVL73:
 1587 0270 DEE6     		b	.L66
 1588              	.L86:
 554:Core/Src/stm32f4xx_hal_msp.c ****     }
 1589              		.loc 1 554 7 view .LVU536
 1590 0272 FFF7FEFF 		bl	Error_Handler
 1591              	.LVL74:
 1592 0276 D8E7     		b	.L75
 1593              	.L87:
 572:Core/Src/stm32f4xx_hal_msp.c ****     }
ARM GAS  C:\Users\40918\AppData\Local\Temp\ccwnWUKb.s 			page 47


 1594              		.loc 1 572 7 view .LVU537
 1595 0278 FFF7FEFF 		bl	Error_Handler
 1596              	.LVL75:
 1597 027c EDE7     		b	.L76
 1598              	.L89:
 1599 027e 00BF     		.align	2
 1600              	.L88:
 1601 0280 00100140 		.word	1073811456
 1602 0284 00440040 		.word	1073759232
 1603 0288 00480040 		.word	1073760256
 1604 028c 00140140 		.word	1073812480
 1605 0290 00380240 		.word	1073887232
 1606 0294 00000240 		.word	1073872896
 1607 0298 00000000 		.word	hdma_usart1_rx
 1608 029c 40640240 		.word	1073898560
 1609 02a0 00000000 		.word	hdma_usart1_tx
 1610 02a4 B8640240 		.word	1073898680
 1611 02a8 00000000 		.word	hdma_usart2_rx
 1612 02ac 88600240 		.word	1073897608
 1613 02b0 00000000 		.word	hdma_usart2_tx
 1614 02b4 A0600240 		.word	1073897632
 1615 02b8 00040240 		.word	1073873920
 1616 02bc 00000000 		.word	hdma_usart3_rx
 1617 02c0 28600240 		.word	1073897512
 1618 02c4 00000000 		.word	hdma_usart3_tx
 1619 02c8 58600240 		.word	1073897560
 1620              	.LVL76:
 1621              	.L81:
 590:Core/Src/stm32f4xx_hal_msp.c **** 
 1622              		.loc 1 590 5 view .LVU538
 1623              	.LBB17:
 590:Core/Src/stm32f4xx_hal_msp.c **** 
 1624              		.loc 1 590 5 view .LVU539
 1625 02cc 0024     		movs	r4, #0
 1626 02ce 0794     		str	r4, [sp, #28]
 590:Core/Src/stm32f4xx_hal_msp.c **** 
 1627              		.loc 1 590 5 view .LVU540
 1628 02d0 144B     		ldr	r3, .L90
 1629 02d2 5A6C     		ldr	r2, [r3, #68]
 1630 02d4 42F02002 		orr	r2, r2, #32
 1631 02d8 5A64     		str	r2, [r3, #68]
 590:Core/Src/stm32f4xx_hal_msp.c **** 
 1632              		.loc 1 590 5 view .LVU541
 1633 02da 5A6C     		ldr	r2, [r3, #68]
 1634 02dc 02F02002 		and	r2, r2, #32
 1635 02e0 0792     		str	r2, [sp, #28]
 590:Core/Src/stm32f4xx_hal_msp.c **** 
 1636              		.loc 1 590 5 view .LVU542
 1637 02e2 079A     		ldr	r2, [sp, #28]
 1638              	.LBE17:
 590:Core/Src/stm32f4xx_hal_msp.c **** 
 1639              		.loc 1 590 5 view .LVU543
 592:Core/Src/stm32f4xx_hal_msp.c ****     /**USART6 GPIO Configuration
 1640              		.loc 1 592 5 view .LVU544
 1641              	.LBB18:
 592:Core/Src/stm32f4xx_hal_msp.c ****     /**USART6 GPIO Configuration
 1642              		.loc 1 592 5 view .LVU545
ARM GAS  C:\Users\40918\AppData\Local\Temp\ccwnWUKb.s 			page 48


 1643 02e4 0894     		str	r4, [sp, #32]
 592:Core/Src/stm32f4xx_hal_msp.c ****     /**USART6 GPIO Configuration
 1644              		.loc 1 592 5 view .LVU546
 1645 02e6 1A6B     		ldr	r2, [r3, #48]
 1646 02e8 42F00402 		orr	r2, r2, #4
 1647 02ec 1A63     		str	r2, [r3, #48]
 592:Core/Src/stm32f4xx_hal_msp.c ****     /**USART6 GPIO Configuration
 1648              		.loc 1 592 5 view .LVU547
 1649 02ee 1B6B     		ldr	r3, [r3, #48]
 1650 02f0 03F00403 		and	r3, r3, #4
 1651 02f4 0893     		str	r3, [sp, #32]
 592:Core/Src/stm32f4xx_hal_msp.c ****     /**USART6 GPIO Configuration
 1652              		.loc 1 592 5 view .LVU548
 1653 02f6 089B     		ldr	r3, [sp, #32]
 1654              	.LBE18:
 592:Core/Src/stm32f4xx_hal_msp.c ****     /**USART6 GPIO Configuration
 1655              		.loc 1 592 5 view .LVU549
 597:Core/Src/stm32f4xx_hal_msp.c ****     GPIO_InitStruct.Mode = GPIO_MODE_AF_PP;
 1656              		.loc 1 597 5 view .LVU550
 597:Core/Src/stm32f4xx_hal_msp.c ****     GPIO_InitStruct.Mode = GPIO_MODE_AF_PP;
 1657              		.loc 1 597 25 is_stmt 0 view .LVU551
 1658 02f8 C023     		movs	r3, #192
 1659 02fa 0993     		str	r3, [sp, #36]
 598:Core/Src/stm32f4xx_hal_msp.c ****     GPIO_InitStruct.Pull = GPIO_NOPULL;
 1660              		.loc 1 598 5 is_stmt 1 view .LVU552
 598:Core/Src/stm32f4xx_hal_msp.c ****     GPIO_InitStruct.Pull = GPIO_NOPULL;
 1661              		.loc 1 598 26 is_stmt 0 view .LVU553
 1662 02fc 0223     		movs	r3, #2
 1663 02fe 0A93     		str	r3, [sp, #40]
 599:Core/Src/stm32f4xx_hal_msp.c ****     GPIO_InitStruct.Speed = GPIO_SPEED_FREQ_VERY_HIGH;
 1664              		.loc 1 599 5 is_stmt 1 view .LVU554
 600:Core/Src/stm32f4xx_hal_msp.c ****     GPIO_InitStruct.Alternate = GPIO_AF8_USART6;
 1665              		.loc 1 600 5 view .LVU555
 600:Core/Src/stm32f4xx_hal_msp.c ****     GPIO_InitStruct.Alternate = GPIO_AF8_USART6;
 1666              		.loc 1 600 27 is_stmt 0 view .LVU556
 1667 0300 0323     		movs	r3, #3
 1668 0302 0C93     		str	r3, [sp, #48]
 601:Core/Src/stm32f4xx_hal_msp.c ****     HAL_GPIO_Init(GPIOC, &GPIO_InitStruct);
 1669              		.loc 1 601 5 is_stmt 1 view .LVU557
 601:Core/Src/stm32f4xx_hal_msp.c ****     HAL_GPIO_Init(GPIOC, &GPIO_InitStruct);
 1670              		.loc 1 601 31 is_stmt 0 view .LVU558
 1671 0304 0823     		movs	r3, #8
 1672 0306 0D93     		str	r3, [sp, #52]
 602:Core/Src/stm32f4xx_hal_msp.c **** 
 1673              		.loc 1 602 5 is_stmt 1 view .LVU559
 1674 0308 09A9     		add	r1, sp, #36
 1675 030a 0748     		ldr	r0, .L90+4
 1676              	.LVL77:
 602:Core/Src/stm32f4xx_hal_msp.c **** 
 1677              		.loc 1 602 5 is_stmt 0 view .LVU560
 1678 030c FFF7FEFF 		bl	HAL_GPIO_Init
 1679              	.LVL78:
 605:Core/Src/stm32f4xx_hal_msp.c ****     HAL_NVIC_EnableIRQ(USART6_IRQn);
 1680              		.loc 1 605 5 is_stmt 1 view .LVU561
 1681 0310 2246     		mov	r2, r4
 1682 0312 0521     		movs	r1, #5
 1683 0314 4720     		movs	r0, #71
ARM GAS  C:\Users\40918\AppData\Local\Temp\ccwnWUKb.s 			page 49


 1684 0316 FFF7FEFF 		bl	HAL_NVIC_SetPriority
 1685              	.LVL79:
 606:Core/Src/stm32f4xx_hal_msp.c ****     /* USER CODE BEGIN USART6_MspInit 1 */
 1686              		.loc 1 606 5 view .LVU562
 1687 031a 4720     		movs	r0, #71
 1688 031c FFF7FEFF 		bl	HAL_NVIC_EnableIRQ
 1689              	.LVL80:
 1690              		.loc 1 612 1 is_stmt 0 view .LVU563
 1691 0320 86E6     		b	.L66
 1692              	.L91:
 1693 0322 00BF     		.align	2
 1694              	.L90:
 1695 0324 00380240 		.word	1073887232
 1696 0328 00080240 		.word	1073874944
 1697              		.cfi_endproc
 1698              	.LFE248:
 1700              		.section	.text.HAL_UART_MspDeInit,"ax",%progbits
 1701              		.align	1
 1702              		.global	HAL_UART_MspDeInit
 1703              		.syntax unified
 1704              		.thumb
 1705              		.thumb_func
 1707              	HAL_UART_MspDeInit:
 1708              	.LVL81:
 1709              	.LFB249:
 613:Core/Src/stm32f4xx_hal_msp.c **** 
 614:Core/Src/stm32f4xx_hal_msp.c **** /**
 615:Core/Src/stm32f4xx_hal_msp.c ****   * @brief UART MSP De-Initialization
 616:Core/Src/stm32f4xx_hal_msp.c ****   * This function freeze the hardware resources used in this example
 617:Core/Src/stm32f4xx_hal_msp.c ****   * @param huart: UART handle pointer
 618:Core/Src/stm32f4xx_hal_msp.c ****   * @retval None
 619:Core/Src/stm32f4xx_hal_msp.c ****   */
 620:Core/Src/stm32f4xx_hal_msp.c **** void HAL_UART_MspDeInit(UART_HandleTypeDef* huart)
 621:Core/Src/stm32f4xx_hal_msp.c **** {
 1710              		.loc 1 621 1 is_stmt 1 view -0
 1711              		.cfi_startproc
 1712              		@ args = 0, pretend = 0, frame = 0
 1713              		@ frame_needed = 0, uses_anonymous_args = 0
 1714              		.loc 1 621 1 is_stmt 0 view .LVU565
 1715 0000 10B5     		push	{r4, lr}
 1716              	.LCFI26:
 1717              		.cfi_def_cfa_offset 8
 1718              		.cfi_offset 4, -8
 1719              		.cfi_offset 14, -4
 1720 0002 0446     		mov	r4, r0
 622:Core/Src/stm32f4xx_hal_msp.c ****   if(huart->Instance==USART1)
 1721              		.loc 1 622 3 is_stmt 1 view .LVU566
 1722              		.loc 1 622 11 is_stmt 0 view .LVU567
 1723 0004 0368     		ldr	r3, [r0]
 1724              		.loc 1 622 5 view .LVU568
 1725 0006 2C4A     		ldr	r2, .L102
 1726 0008 9342     		cmp	r3, r2
 1727 000a 09D0     		beq	.L98
 623:Core/Src/stm32f4xx_hal_msp.c ****   {
 624:Core/Src/stm32f4xx_hal_msp.c ****     /* USER CODE BEGIN USART1_MspDeInit 0 */
 625:Core/Src/stm32f4xx_hal_msp.c **** 
 626:Core/Src/stm32f4xx_hal_msp.c ****     /* USER CODE END USART1_MspDeInit 0 */
ARM GAS  C:\Users\40918\AppData\Local\Temp\ccwnWUKb.s 			page 50


 627:Core/Src/stm32f4xx_hal_msp.c ****     /* Peripheral clock disable */
 628:Core/Src/stm32f4xx_hal_msp.c ****     __HAL_RCC_USART1_CLK_DISABLE();
 629:Core/Src/stm32f4xx_hal_msp.c **** 
 630:Core/Src/stm32f4xx_hal_msp.c ****     /**USART1 GPIO Configuration
 631:Core/Src/stm32f4xx_hal_msp.c ****     PA9     ------> USART1_TX
 632:Core/Src/stm32f4xx_hal_msp.c ****     PA10     ------> USART1_RX
 633:Core/Src/stm32f4xx_hal_msp.c ****     */
 634:Core/Src/stm32f4xx_hal_msp.c ****     HAL_GPIO_DeInit(GPIOA, GPIO_PIN_9|GPIO_PIN_10);
 635:Core/Src/stm32f4xx_hal_msp.c **** 
 636:Core/Src/stm32f4xx_hal_msp.c ****     /* USART1 DMA DeInit */
 637:Core/Src/stm32f4xx_hal_msp.c ****     HAL_DMA_DeInit(huart->hdmarx);
 638:Core/Src/stm32f4xx_hal_msp.c ****     HAL_DMA_DeInit(huart->hdmatx);
 639:Core/Src/stm32f4xx_hal_msp.c **** 
 640:Core/Src/stm32f4xx_hal_msp.c ****     /* USART1 interrupt DeInit */
 641:Core/Src/stm32f4xx_hal_msp.c ****     HAL_NVIC_DisableIRQ(USART1_IRQn);
 642:Core/Src/stm32f4xx_hal_msp.c ****     /* USER CODE BEGIN USART1_MspDeInit 1 */
 643:Core/Src/stm32f4xx_hal_msp.c **** 
 644:Core/Src/stm32f4xx_hal_msp.c ****     /* USER CODE END USART1_MspDeInit 1 */
 645:Core/Src/stm32f4xx_hal_msp.c ****   }
 646:Core/Src/stm32f4xx_hal_msp.c ****   else if(huart->Instance==USART2)
 1728              		.loc 1 646 8 is_stmt 1 view .LVU569
 1729              		.loc 1 646 10 is_stmt 0 view .LVU570
 1730 000c 2B4A     		ldr	r2, .L102+4
 1731 000e 9342     		cmp	r3, r2
 1732 0010 1BD0     		beq	.L99
 647:Core/Src/stm32f4xx_hal_msp.c ****   {
 648:Core/Src/stm32f4xx_hal_msp.c ****     /* USER CODE BEGIN USART2_MspDeInit 0 */
 649:Core/Src/stm32f4xx_hal_msp.c **** 
 650:Core/Src/stm32f4xx_hal_msp.c ****     /* USER CODE END USART2_MspDeInit 0 */
 651:Core/Src/stm32f4xx_hal_msp.c ****     /* Peripheral clock disable */
 652:Core/Src/stm32f4xx_hal_msp.c ****     __HAL_RCC_USART2_CLK_DISABLE();
 653:Core/Src/stm32f4xx_hal_msp.c **** 
 654:Core/Src/stm32f4xx_hal_msp.c ****     /**USART2 GPIO Configuration
 655:Core/Src/stm32f4xx_hal_msp.c ****     PA2     ------> USART2_TX
 656:Core/Src/stm32f4xx_hal_msp.c ****     PA3     ------> USART2_RX
 657:Core/Src/stm32f4xx_hal_msp.c ****     */
 658:Core/Src/stm32f4xx_hal_msp.c ****     HAL_GPIO_DeInit(GPIOA, GPIO_PIN_2|GPIO_PIN_3);
 659:Core/Src/stm32f4xx_hal_msp.c **** 
 660:Core/Src/stm32f4xx_hal_msp.c ****     /* USART2 DMA DeInit */
 661:Core/Src/stm32f4xx_hal_msp.c ****     HAL_DMA_DeInit(huart->hdmarx);
 662:Core/Src/stm32f4xx_hal_msp.c ****     HAL_DMA_DeInit(huart->hdmatx);
 663:Core/Src/stm32f4xx_hal_msp.c **** 
 664:Core/Src/stm32f4xx_hal_msp.c ****     /* USART2 interrupt DeInit */
 665:Core/Src/stm32f4xx_hal_msp.c ****     HAL_NVIC_DisableIRQ(USART2_IRQn);
 666:Core/Src/stm32f4xx_hal_msp.c ****     /* USER CODE BEGIN USART2_MspDeInit 1 */
 667:Core/Src/stm32f4xx_hal_msp.c **** 
 668:Core/Src/stm32f4xx_hal_msp.c ****     /* USER CODE END USART2_MspDeInit 1 */
 669:Core/Src/stm32f4xx_hal_msp.c ****   }
 670:Core/Src/stm32f4xx_hal_msp.c ****   else if(huart->Instance==USART3)
 1733              		.loc 1 670 8 is_stmt 1 view .LVU571
 1734              		.loc 1 670 10 is_stmt 0 view .LVU572
 1735 0012 2B4A     		ldr	r2, .L102+8
 1736 0014 9342     		cmp	r3, r2
 1737 0016 2CD0     		beq	.L100
 671:Core/Src/stm32f4xx_hal_msp.c ****   {
 672:Core/Src/stm32f4xx_hal_msp.c ****     /* USER CODE BEGIN USART3_MspDeInit 0 */
 673:Core/Src/stm32f4xx_hal_msp.c **** 
ARM GAS  C:\Users\40918\AppData\Local\Temp\ccwnWUKb.s 			page 51


 674:Core/Src/stm32f4xx_hal_msp.c ****     /* USER CODE END USART3_MspDeInit 0 */
 675:Core/Src/stm32f4xx_hal_msp.c ****     /* Peripheral clock disable */
 676:Core/Src/stm32f4xx_hal_msp.c ****     __HAL_RCC_USART3_CLK_DISABLE();
 677:Core/Src/stm32f4xx_hal_msp.c **** 
 678:Core/Src/stm32f4xx_hal_msp.c ****     /**USART3 GPIO Configuration
 679:Core/Src/stm32f4xx_hal_msp.c ****     PB10     ------> USART3_TX
 680:Core/Src/stm32f4xx_hal_msp.c ****     PB11     ------> USART3_RX
 681:Core/Src/stm32f4xx_hal_msp.c ****     */
 682:Core/Src/stm32f4xx_hal_msp.c ****     HAL_GPIO_DeInit(GPIOB, GPIO_PIN_10|GPIO_PIN_11);
 683:Core/Src/stm32f4xx_hal_msp.c **** 
 684:Core/Src/stm32f4xx_hal_msp.c ****     /* USART3 DMA DeInit */
 685:Core/Src/stm32f4xx_hal_msp.c ****     HAL_DMA_DeInit(huart->hdmarx);
 686:Core/Src/stm32f4xx_hal_msp.c ****     HAL_DMA_DeInit(huart->hdmatx);
 687:Core/Src/stm32f4xx_hal_msp.c **** 
 688:Core/Src/stm32f4xx_hal_msp.c ****     /* USART3 interrupt DeInit */
 689:Core/Src/stm32f4xx_hal_msp.c ****     HAL_NVIC_DisableIRQ(USART3_IRQn);
 690:Core/Src/stm32f4xx_hal_msp.c ****     /* USER CODE BEGIN USART3_MspDeInit 1 */
 691:Core/Src/stm32f4xx_hal_msp.c **** 
 692:Core/Src/stm32f4xx_hal_msp.c ****     /* USER CODE END USART3_MspDeInit 1 */
 693:Core/Src/stm32f4xx_hal_msp.c ****   }
 694:Core/Src/stm32f4xx_hal_msp.c ****   else if(huart->Instance==USART6)
 1738              		.loc 1 694 8 is_stmt 1 view .LVU573
 1739              		.loc 1 694 10 is_stmt 0 view .LVU574
 1740 0018 2A4A     		ldr	r2, .L102+12
 1741 001a 9342     		cmp	r3, r2
 1742 001c 3ED0     		beq	.L101
 1743              	.LVL82:
 1744              	.L92:
 695:Core/Src/stm32f4xx_hal_msp.c ****   {
 696:Core/Src/stm32f4xx_hal_msp.c ****     /* USER CODE BEGIN USART6_MspDeInit 0 */
 697:Core/Src/stm32f4xx_hal_msp.c **** 
 698:Core/Src/stm32f4xx_hal_msp.c ****     /* USER CODE END USART6_MspDeInit 0 */
 699:Core/Src/stm32f4xx_hal_msp.c ****     /* Peripheral clock disable */
 700:Core/Src/stm32f4xx_hal_msp.c ****     __HAL_RCC_USART6_CLK_DISABLE();
 701:Core/Src/stm32f4xx_hal_msp.c **** 
 702:Core/Src/stm32f4xx_hal_msp.c ****     /**USART6 GPIO Configuration
 703:Core/Src/stm32f4xx_hal_msp.c ****     PC6     ------> USART6_TX
 704:Core/Src/stm32f4xx_hal_msp.c ****     PC7     ------> USART6_RX
 705:Core/Src/stm32f4xx_hal_msp.c ****     */
 706:Core/Src/stm32f4xx_hal_msp.c ****     HAL_GPIO_DeInit(GPIOC, GPIO_PIN_6|GPIO_PIN_7);
 707:Core/Src/stm32f4xx_hal_msp.c **** 
 708:Core/Src/stm32f4xx_hal_msp.c ****     /* USART6 interrupt DeInit */
 709:Core/Src/stm32f4xx_hal_msp.c ****     HAL_NVIC_DisableIRQ(USART6_IRQn);
 710:Core/Src/stm32f4xx_hal_msp.c ****     /* USER CODE BEGIN USART6_MspDeInit 1 */
 711:Core/Src/stm32f4xx_hal_msp.c **** 
 712:Core/Src/stm32f4xx_hal_msp.c ****     /* USER CODE END USART6_MspDeInit 1 */
 713:Core/Src/stm32f4xx_hal_msp.c ****   }
 714:Core/Src/stm32f4xx_hal_msp.c **** 
 715:Core/Src/stm32f4xx_hal_msp.c **** }
 1745              		.loc 1 715 1 view .LVU575
 1746 001e 10BD     		pop	{r4, pc}
 1747              	.LVL83:
 1748              	.L98:
 628:Core/Src/stm32f4xx_hal_msp.c **** 
 1749              		.loc 1 628 5 is_stmt 1 view .LVU576
 1750 0020 02F59432 		add	r2, r2, #75776
 1751 0024 536C     		ldr	r3, [r2, #68]
ARM GAS  C:\Users\40918\AppData\Local\Temp\ccwnWUKb.s 			page 52


 1752 0026 23F01003 		bic	r3, r3, #16
 1753 002a 5364     		str	r3, [r2, #68]
 634:Core/Src/stm32f4xx_hal_msp.c **** 
 1754              		.loc 1 634 5 view .LVU577
 1755 002c 4FF4C061 		mov	r1, #1536
 1756 0030 2548     		ldr	r0, .L102+16
 1757              	.LVL84:
 634:Core/Src/stm32f4xx_hal_msp.c **** 
 1758              		.loc 1 634 5 is_stmt 0 view .LVU578
 1759 0032 FFF7FEFF 		bl	HAL_GPIO_DeInit
 1760              	.LVL85:
 637:Core/Src/stm32f4xx_hal_msp.c ****     HAL_DMA_DeInit(huart->hdmatx);
 1761              		.loc 1 637 5 is_stmt 1 view .LVU579
 1762 0036 E06B     		ldr	r0, [r4, #60]
 1763 0038 FFF7FEFF 		bl	HAL_DMA_DeInit
 1764              	.LVL86:
 638:Core/Src/stm32f4xx_hal_msp.c **** 
 1765              		.loc 1 638 5 view .LVU580
 1766 003c A06B     		ldr	r0, [r4, #56]
 1767 003e FFF7FEFF 		bl	HAL_DMA_DeInit
 1768              	.LVL87:
 641:Core/Src/stm32f4xx_hal_msp.c ****     /* USER CODE BEGIN USART1_MspDeInit 1 */
 1769              		.loc 1 641 5 view .LVU581
 1770 0042 2520     		movs	r0, #37
 1771 0044 FFF7FEFF 		bl	HAL_NVIC_DisableIRQ
 1772              	.LVL88:
 1773 0048 E9E7     		b	.L92
 1774              	.LVL89:
 1775              	.L99:
 652:Core/Src/stm32f4xx_hal_msp.c **** 
 1776              		.loc 1 652 5 view .LVU582
 1777 004a 02F5FA32 		add	r2, r2, #128000
 1778 004e 136C     		ldr	r3, [r2, #64]
 1779 0050 23F40033 		bic	r3, r3, #131072
 1780 0054 1364     		str	r3, [r2, #64]
 658:Core/Src/stm32f4xx_hal_msp.c **** 
 1781              		.loc 1 658 5 view .LVU583
 1782 0056 0C21     		movs	r1, #12
 1783 0058 1B48     		ldr	r0, .L102+16
 1784              	.LVL90:
 658:Core/Src/stm32f4xx_hal_msp.c **** 
 1785              		.loc 1 658 5 is_stmt 0 view .LVU584
 1786 005a FFF7FEFF 		bl	HAL_GPIO_DeInit
 1787              	.LVL91:
 661:Core/Src/stm32f4xx_hal_msp.c ****     HAL_DMA_DeInit(huart->hdmatx);
 1788              		.loc 1 661 5 is_stmt 1 view .LVU585
 1789 005e E06B     		ldr	r0, [r4, #60]
 1790 0060 FFF7FEFF 		bl	HAL_DMA_DeInit
 1791              	.LVL92:
 662:Core/Src/stm32f4xx_hal_msp.c **** 
 1792              		.loc 1 662 5 view .LVU586
 1793 0064 A06B     		ldr	r0, [r4, #56]
 1794 0066 FFF7FEFF 		bl	HAL_DMA_DeInit
 1795              	.LVL93:
 665:Core/Src/stm32f4xx_hal_msp.c ****     /* USER CODE BEGIN USART2_MspDeInit 1 */
 1796              		.loc 1 665 5 view .LVU587
 1797 006a 2620     		movs	r0, #38
ARM GAS  C:\Users\40918\AppData\Local\Temp\ccwnWUKb.s 			page 53


 1798 006c FFF7FEFF 		bl	HAL_NVIC_DisableIRQ
 1799              	.LVL94:
 1800 0070 D5E7     		b	.L92
 1801              	.LVL95:
 1802              	.L100:
 676:Core/Src/stm32f4xx_hal_msp.c **** 
 1803              		.loc 1 676 5 view .LVU588
 1804 0072 02F5F832 		add	r2, r2, #126976
 1805 0076 136C     		ldr	r3, [r2, #64]
 1806 0078 23F48023 		bic	r3, r3, #262144
 1807 007c 1364     		str	r3, [r2, #64]
 682:Core/Src/stm32f4xx_hal_msp.c **** 
 1808              		.loc 1 682 5 view .LVU589
 1809 007e 4FF44061 		mov	r1, #3072
 1810 0082 1248     		ldr	r0, .L102+20
 1811              	.LVL96:
 682:Core/Src/stm32f4xx_hal_msp.c **** 
 1812              		.loc 1 682 5 is_stmt 0 view .LVU590
 1813 0084 FFF7FEFF 		bl	HAL_GPIO_DeInit
 1814              	.LVL97:
 685:Core/Src/stm32f4xx_hal_msp.c ****     HAL_DMA_DeInit(huart->hdmatx);
 1815              		.loc 1 685 5 is_stmt 1 view .LVU591
 1816 0088 E06B     		ldr	r0, [r4, #60]
 1817 008a FFF7FEFF 		bl	HAL_DMA_DeInit
 1818              	.LVL98:
 686:Core/Src/stm32f4xx_hal_msp.c **** 
 1819              		.loc 1 686 5 view .LVU592
 1820 008e A06B     		ldr	r0, [r4, #56]
 1821 0090 FFF7FEFF 		bl	HAL_DMA_DeInit
 1822              	.LVL99:
 689:Core/Src/stm32f4xx_hal_msp.c ****     /* USER CODE BEGIN USART3_MspDeInit 1 */
 1823              		.loc 1 689 5 view .LVU593
 1824 0094 2720     		movs	r0, #39
 1825 0096 FFF7FEFF 		bl	HAL_NVIC_DisableIRQ
 1826              	.LVL100:
 1827 009a C0E7     		b	.L92
 1828              	.LVL101:
 1829              	.L101:
 700:Core/Src/stm32f4xx_hal_msp.c **** 
 1830              		.loc 1 700 5 view .LVU594
 1831 009c 02F59232 		add	r2, r2, #74752
 1832 00a0 536C     		ldr	r3, [r2, #68]
 1833 00a2 23F02003 		bic	r3, r3, #32
 1834 00a6 5364     		str	r3, [r2, #68]
 706:Core/Src/stm32f4xx_hal_msp.c **** 
 1835              		.loc 1 706 5 view .LVU595
 1836 00a8 C021     		movs	r1, #192
 1837 00aa 0948     		ldr	r0, .L102+24
 1838              	.LVL102:
 706:Core/Src/stm32f4xx_hal_msp.c **** 
 1839              		.loc 1 706 5 is_stmt 0 view .LVU596
 1840 00ac FFF7FEFF 		bl	HAL_GPIO_DeInit
 1841              	.LVL103:
 709:Core/Src/stm32f4xx_hal_msp.c ****     /* USER CODE BEGIN USART6_MspDeInit 1 */
 1842              		.loc 1 709 5 is_stmt 1 view .LVU597
 1843 00b0 4720     		movs	r0, #71
 1844 00b2 FFF7FEFF 		bl	HAL_NVIC_DisableIRQ
ARM GAS  C:\Users\40918\AppData\Local\Temp\ccwnWUKb.s 			page 54


 1845              	.LVL104:
 1846              		.loc 1 715 1 is_stmt 0 view .LVU598
 1847 00b6 B2E7     		b	.L92
 1848              	.L103:
 1849              		.align	2
 1850              	.L102:
 1851 00b8 00100140 		.word	1073811456
 1852 00bc 00440040 		.word	1073759232
 1853 00c0 00480040 		.word	1073760256
 1854 00c4 00140140 		.word	1073812480
 1855 00c8 00000240 		.word	1073872896
 1856 00cc 00040240 		.word	1073873920
 1857 00d0 00080240 		.word	1073874944
 1858              		.cfi_endproc
 1859              	.LFE249:
 1861              		.text
 1862              	.Letext0:
 1863              		.file 2 "Drivers/CMSIS/Device/ST/STM32F4xx/Include/stm32f407xx.h"
 1864              		.file 3 "D:/Tools/Arm GNU Toolchain arm-none-eabi/13.3 rel1/arm-none-eabi/include/machine/_default
 1865              		.file 4 "D:/Tools/Arm GNU Toolchain arm-none-eabi/13.3 rel1/arm-none-eabi/include/sys/_stdint.h"
 1866              		.file 5 "Drivers/CMSIS/Device/ST/STM32F4xx/Include/stm32f4xx.h"
 1867              		.file 6 "Drivers/STM32F4xx_HAL_Driver/Inc/stm32f4xx_hal_def.h"
 1868              		.file 7 "Drivers/STM32F4xx_HAL_Driver/Inc/stm32f4xx_hal_rcc_ex.h"
 1869              		.file 8 "Drivers/STM32F4xx_HAL_Driver/Inc/stm32f4xx_hal_gpio.h"
 1870              		.file 9 "Drivers/STM32F4xx_HAL_Driver/Inc/stm32f4xx_hal_dma.h"
 1871              		.file 10 "Drivers/STM32F4xx_HAL_Driver/Inc/stm32f4xx_hal_adc.h"
 1872              		.file 11 "Drivers/STM32F4xx_HAL_Driver/Inc/stm32f4xx_hal_rtc.h"
 1873              		.file 12 "Drivers/STM32F4xx_HAL_Driver/Inc/stm32f4xx_ll_sdmmc.h"
 1874              		.file 13 "Drivers/STM32F4xx_HAL_Driver/Inc/stm32f4xx_hal_sd.h"
 1875              		.file 14 "Drivers/STM32F4xx_HAL_Driver/Inc/stm32f4xx_hal_tim.h"
 1876              		.file 15 "Drivers/STM32F4xx_HAL_Driver/Inc/stm32f4xx_hal_uart.h"
 1877              		.file 16 "Drivers/STM32F4xx_HAL_Driver/Inc/stm32f4xx_hal_cortex.h"
 1878              		.file 17 "Core/Inc/main.h"
ARM GAS  C:\Users\40918\AppData\Local\Temp\ccwnWUKb.s 			page 55


DEFINED SYMBOLS
                            *ABS*:00000000 stm32f4xx_hal_msp.c
C:\Users\40918\AppData\Local\Temp\ccwnWUKb.s:21     .text.HAL_MspInit:00000000 $t
C:\Users\40918\AppData\Local\Temp\ccwnWUKb.s:27     .text.HAL_MspInit:00000000 HAL_MspInit
C:\Users\40918\AppData\Local\Temp\ccwnWUKb.s:88     .text.HAL_MspInit:00000040 $d
C:\Users\40918\AppData\Local\Temp\ccwnWUKb.s:93     .text.HAL_ADC_MspInit:00000000 $t
C:\Users\40918\AppData\Local\Temp\ccwnWUKb.s:99     .text.HAL_ADC_MspInit:00000000 HAL_ADC_MspInit
C:\Users\40918\AppData\Local\Temp\ccwnWUKb.s:256    .text.HAL_ADC_MspInit:0000009c $d
C:\Users\40918\AppData\Local\Temp\ccwnWUKb.s:263    .text.HAL_ADC_MspDeInit:00000000 $t
C:\Users\40918\AppData\Local\Temp\ccwnWUKb.s:269    .text.HAL_ADC_MspDeInit:00000000 HAL_ADC_MspDeInit
C:\Users\40918\AppData\Local\Temp\ccwnWUKb.s:315    .text.HAL_ADC_MspDeInit:00000028 $d
C:\Users\40918\AppData\Local\Temp\ccwnWUKb.s:322    .text.HAL_SD_MspInit:00000000 $t
C:\Users\40918\AppData\Local\Temp\ccwnWUKb.s:328    .text.HAL_SD_MspInit:00000000 HAL_SD_MspInit
C:\Users\40918\AppData\Local\Temp\ccwnWUKb.s:617    .text.HAL_SD_MspInit:00000140 $d
C:\Users\40918\AppData\Local\Temp\ccwnWUKb.s:628    .text.HAL_SD_MspDeInit:00000000 $t
C:\Users\40918\AppData\Local\Temp\ccwnWUKb.s:634    .text.HAL_SD_MspDeInit:00000000 HAL_SD_MspDeInit
C:\Users\40918\AppData\Local\Temp\ccwnWUKb.s:689    .text.HAL_SD_MspDeInit:00000038 $d
C:\Users\40918\AppData\Local\Temp\ccwnWUKb.s:697    .text.HAL_TIM_Base_MspInit:00000000 $t
C:\Users\40918\AppData\Local\Temp\ccwnWUKb.s:703    .text.HAL_TIM_Base_MspInit:00000000 HAL_TIM_Base_MspInit
C:\Users\40918\AppData\Local\Temp\ccwnWUKb.s:805    .text.HAL_TIM_Base_MspInit:00000060 $d
C:\Users\40918\AppData\Local\Temp\ccwnWUKb.s:811    .text.HAL_TIM_Base_MspDeInit:00000000 $t
C:\Users\40918\AppData\Local\Temp\ccwnWUKb.s:817    .text.HAL_TIM_Base_MspDeInit:00000000 HAL_TIM_Base_MspDeInit
C:\Users\40918\AppData\Local\Temp\ccwnWUKb.s:860    .text.HAL_TIM_Base_MspDeInit:00000020 $d
C:\Users\40918\AppData\Local\Temp\ccwnWUKb.s:867    .text.HAL_RTC_MspInit:00000000 $t
C:\Users\40918\AppData\Local\Temp\ccwnWUKb.s:873    .text.HAL_RTC_MspInit:00000000 HAL_RTC_MspInit
C:\Users\40918\AppData\Local\Temp\ccwnWUKb.s:947    .text.HAL_RTC_MspInit:00000040 $d
C:\Users\40918\AppData\Local\Temp\ccwnWUKb.s:953    .text.HAL_RTC_MspDeInit:00000000 $t
C:\Users\40918\AppData\Local\Temp\ccwnWUKb.s:959    .text.HAL_RTC_MspDeInit:00000000 HAL_RTC_MspDeInit
C:\Users\40918\AppData\Local\Temp\ccwnWUKb.s:987    .text.HAL_RTC_MspDeInit:00000014 $d
C:\Users\40918\AppData\Local\Temp\ccwnWUKb.s:993    .text.HAL_UART_MspInit:00000000 $t
C:\Users\40918\AppData\Local\Temp\ccwnWUKb.s:999    .text.HAL_UART_MspInit:00000000 HAL_UART_MspInit
C:\Users\40918\AppData\Local\Temp\ccwnWUKb.s:1601   .text.HAL_UART_MspInit:00000280 $d
C:\Users\40918\AppData\Local\Temp\ccwnWUKb.s:1625   .text.HAL_UART_MspInit:000002cc $t
C:\Users\40918\AppData\Local\Temp\ccwnWUKb.s:1695   .text.HAL_UART_MspInit:00000324 $d
C:\Users\40918\AppData\Local\Temp\ccwnWUKb.s:1701   .text.HAL_UART_MspDeInit:00000000 $t
C:\Users\40918\AppData\Local\Temp\ccwnWUKb.s:1707   .text.HAL_UART_MspDeInit:00000000 HAL_UART_MspDeInit
C:\Users\40918\AppData\Local\Temp\ccwnWUKb.s:1851   .text.HAL_UART_MspDeInit:000000b8 $d

UNDEFINED SYMBOLS
HAL_NVIC_SetPriority
HAL_GPIO_Init
HAL_DMA_Init
Error_Handler
hdma_adc1
HAL_GPIO_DeInit
HAL_DMA_DeInit
hdma_sdio_rx
hdma_sdio_tx
HAL_RCCEx_PeriphCLKConfig
HAL_NVIC_EnableIRQ
hdma_usart1_rx
hdma_usart1_tx
hdma_usart2_rx
hdma_usart2_tx
hdma_usart3_rx
hdma_usart3_tx
HAL_NVIC_DisableIRQ
ARM GAS  C:\Users\40918\AppData\Local\Temp\ccwnWUKb.s 			page 56


